"conversation_id_str","created_at","favorite_count","full_text","id_str","image_url","in_reply_to_screen_name","lang","location","quote_count","reply_count","retweet_count","tweet_url","user_id_str","username"
"1674443013362454531","Thu Jun 29 15:41:38 +0000 2023","0","Mutu Pendidikan Batam Menurut Anggota Dewan menurun: https://t.co/fvfXioYa49 -&amp;nbsp;Kebijakan dengan menambah jumlah siswa di kelas diambil Pemerintah Kota (Pemnko) Batam&amp;nbsp;Hal ini guna menampung siswa yang gagal saat penerimaan peserta didik baru https://t.co/CpJHEykBPJ https://t.co/Z9IKXw4S6h","1674443013362454531","https://pbs.twimg.com/media/FzzRDAOaAAAyDzG.jpg","","in","","0","0","0","https://twitter.com/Riau1Official/status/1674443013362454531","984647597699751937","Riau1Official"
"1674252200464334855","Thu Jun 29 03:03:25 +0000 2023","6","GOOD GOVERNANCE VS MENTALITAS KRONI Berkali kali saya membuat tagline #JauhiOrmasIslam setelah melihat usaha ormas moderat untuk menguasai dan mendekte kebijakan pemerintah dlm masalah pendidikan kesehatan dan keagamaan. Ormas bukanlah negara! Jgn sampai Ormas menguasai negara!","1674252200464334855","","","in","Tangerang","0","1","2","https://twitter.com/ilhampurnama887/status/1674252200464334855","1541720145327964162","ilhampurnama887"
"1674140173540655104","Wed Jun 28 19:38:16 +0000 2023","3","Mendorong Pemda mengembangkan skema pembiayaan Dana Abadi Daerah untuk mendukung pendanaan lingkungan hidup pendidikan kesehatan pariwisata sesuai prioritas daerah. Berikut gambaran ringkas kebijakan DAD dan proses pembentukannya. #danaabadidaerah #pembiayaanberkelanjutan https://t.co/2opXPTfGpU","1674140173540655104","https://pbs.twimg.com/media/Fzu8KcAagAIeU5w.png","","in","Indonesia","0","1","1","https://twitter.com/roysalam/status/1674140173540655104","80254922","roysalam"
"1673832956622950400","Tue Jun 27 23:17:29 +0000 2023","0","Pembangunan fisik satuan pendidikan tak lepas dari prestasi yang telah diraih. Sistem zonasi yang terbukti telah melahirkan satuan pendidikan berprestasi disambut baik dan selaras dengan diberlakukannya kebijakan pemerintah dalam memberikan Reward (hadiah). https://t.co/GXG1LBixB7","1673832956622950400","https://pbs.twimg.com/media/FzqmMxFaUAIxiJ2.jpg","","in","Kabupaten Jombang, Jawa Timur","0","0","0","https://twitter.com/spmedia_jbg/status/1673832956622950400","770727666","spmedia_jbg"
"1673709336991006720","Tue Jun 27 15:06:16 +0000 2023","0","Kenapa harus pak Ganjar ya? Maksudku kebijakan kongkrit apa nantinya? pengen tau POV dia tentang korupsi kekerasan pada anak dan perempuan akses pendidikan pemerataan ekonomi krisis ekologi dan hal-hal lainnya. Jujur blm liat (karena blm coba cari sih) hehe","1673709336991006720","","","in","Jogjakarta","0","1","0","https://twitter.com/hellmahardika/status/1673709336991006720","596557155","hellmahardika"
"1673700030212112388","Tue Jun 27 14:29:17 +0000 2023","20","Pendidikan dan kesehatan itu bekal krusial masa depan anak-anak. Perkaranya pertambangan timah di Bangka Belitung berdampak negatif pada keduanya. Apa pengambil kebijakan aware akan masalah ini? Ya mereka aware. Tapi sebatas aware aja. Hm.","1673700030212112388","","","in","","0","0","5","https://twitter.com/lemonialv/status/1673700030212112388","2185821176","lemonialv"
"1673598699551997952","Tue Jun 27 07:46:38 +0000 2023","2","Pemerintah Kota (Pemkot) Tangerang melalui Dinas Pendidikan (Disdik) Kota Tangerang telah mengambil kebijakan inovatif dalam proses pembelajaran di sekolah-sekolah yang ada di Kota Tangerang.","1673598699551997952","","","in","","0","1","0","https://twitter.com/Kota_Tangerang/status/1673598699551997952","484490033","Kota_Tangerang"
"1673543229265035264","Tue Jun 27 04:06:13 +0000 2023","6","Pak @GWirjawan sepertinya Indonesia butuh wadah think tank agar adanya peningkatan investasi pendidikan dalam STEM dan pada akhirnya mampu diwujudkan sebagai kebijakan. Menurut bapak bagaimana?","1673543229265035264","","","in","Indonesia","0","1","0","https://twitter.com/rubiagatra/status/1673543229265035264","50632538","rubiagatra"
"1673515493901365249","Tue Jun 27 02:16:00 +0000 2023","2","Kalo skor 537 masuk kebijakan pendidikan uny ga ya nder ? Mending nilai rapot rata 82 Atau skor utbk 537 ya Saran jurusan yg bakal masuk di skor segitu dong","1673515493901365249","","","in","","0","0","0","https://twitter.com/rranayaxx/status/1673515493901365249","1443971284472197120","rranayaxx"
"1673372522052722690","Mon Jun 26 16:47:53 +0000 2023","0","kira-kira kalo ada presiden yang buat kebijakan ngasih 30% APBN buat sektor pendidikan &amp; kesehatan apakah Indonesia bakal maju di masa depan?","1673372522052722690","","","in","Yogyakarta, Indonesia","0","1","0","https://twitter.com/Strongestcurses/status/1673372522052722690","1587307461207158786","Strongestcurses"
"1673270474862899200","Mon Jun 26 10:02:23 +0000 2023","0","Tadi dateng event launching reportnya World Bank lalu ada sesi diskusi panel tentang learning loss sbg efek dari pandemi Covid dan gimana strategi recovery pemerintah. Seru juga dateng forum yg ngebahas kebijakan pendidikan lagi.","1673270474862899200","","","in","Jakarta Capital Region","0","0","0","https://twitter.com/patrasio/status/1673270474862899200","35233260","patrasio"
"1673216642984321025","Mon Jun 26 06:28:29 +0000 2023","17","Guru merupakan ujung tombak pendidikan sebab guru secara langsung mempengaruhi proses pembelajaran Anak agar menjadi lebih cerdas dan kelak muncul Profesor Profesor baru. Untuk meningkatkan kualitas pendidikan tsb PAN ingin kebijakan guru lebih diperhatikan https://t.co/AiWIphNPyY","1673216642984321025","https://pbs.twimg.com/media/Fzh1qk7akAA6Xg7.jpg","","in","Kerajaan, Indonesia","1","7","10","https://twitter.com/KangManto123/status/1673216642984321025","947632364003368961","KangManto123"
"1672924863944859648","Sun Jun 25 11:09:03 +0000 2023","0","Kebijakan-kebijakan Pak Ganjar dalam meningkatkan akses pendidikan telah membuka pintu kesempatan bagi banyak anak muda di Jawa Tengah. | PositifAjaBarengGanjar https://t.co/q4gNHQWYbt","1672924863944859648","https://pbs.twimg.com/media/FzdsS07agAMw_wp.jpg","","in","Banjar, Indonesia","0","0","0","https://twitter.com/ngothibinh/status/1672924863944859648","612468792","ngothibinh"
"1672922012732489729","Sun Jun 25 10:57:43 +0000 2023","0","Kebijakan pembangunan bidang pendidikan yang berperspektif masa depan perlu disusun dalam suatu perencanaan yang komprehensif berorientasi ke depan #headline https://t.co/P6PAU3OAqO","1672922012732489729","","","in","Indonesia","0","0","0","https://twitter.com/kompasiana/status/1672922012732489729","23786106","kompasiana"
"1672912530967269376","Sun Jun 25 10:20:03 +0000 2023","0","Pak Ganjar memiliki kebijakan yang progresif dan inovatif dalam memajukan sektor pendidikan di Jawa Tengah. | PositifAjaBarengGanjar https://t.co/GaDCVQhOVf","1672912530967269376","https://pbs.twimg.com/media/FzdhFCPaEAAGBNj.jpg","","in","Banjar, Indonesia","0","0","0","https://twitter.com/ngothibinh/status/1672912530967269376","612468792","ngothibinh"
"1672853387594072065","Sun Jun 25 06:25:02 +0000 2023","3","Megawati; Untuk menghapuskan kemiskinan ekstrem bukan hanya sekedar ukuran pendapatan per hari. Namun rasa bahagia terlindungi keadilan pekerjaan yg layak akses terhadap pendidikan sarana kesehatan kebijakan sosial negara - Ngomong opo kui nek?","1672853387594072065","","","in","","0","0","1","https://twitter.com/HidayatNatari/status/1672853387594072065","1507910874627178500","HidayatNatari"
"1672810860237185024","Sun Jun 25 03:36:03 +0000 2023","0","Kebijakan-kebijakan Pak Ganjar dalam meningkatkan akses pendidikan telah membuka pintu kesempatan bagi banyak anak muda di Jawa Tengah. | #Greyman https://t.co/LejpyDKirJ","1672810860237185024","https://pbs.twimg.com/media/FzcEnAfaQAEsLUY.jpg","","in","Banjar, Indonesia","1","0","0","https://twitter.com/ngothibinh/status/1672810860237185024","612468792","ngothibinh"
"1672810714376052741","Sun Jun 25 03:35:28 +0000 2023","4","Ngeliat alumni skhole bbrp ada yg kerja neliti kebijakan pendidikan dan lanjut s2 di bidang tersbeut hmmmm","1672810714376052741","","","in","he/him/mas/bang/om","0","1","0","https://twitter.com/ilhamabelhakim/status/1672810714376052741","1010486987004866560","ilhamabelhakim"
"1672798533353869313","Sun Jun 25 02:47:04 +0000 2023","0","Pak Ganjar memiliki kebijakan yang progresif dan inovatif dalam memajukan sektor pendidikan di Jawa Tengah. | #Greyman https://t.co/NyhryOtt69","1672798533353869313","https://pbs.twimg.com/media/Fzb5ZNzaMAEMGOP.jpg","","in","Banjar, Indonesia","0","0","0","https://twitter.com/ngothibinh/status/1672798533353869313","612468792","ngothibinh"
"1672593195757338624","Sat Jun 24 13:11:07 +0000 2023","0","Kebijakan gaje emg kedok pemerataan pendidikan aslinya utk nutupin misi pembodohan massal generasi penerus","1672593195757338624","","","in","Alam ambisiku • ITS Physics²³","0","0","0","https://twitter.com/bravelysucceed/status/1672593195757338624","1485487198216818689","bravelysucceed"
"1672427873515503617","Sat Jun 24 02:14:11 +0000 2023","1","Index kebahagiaan hidup masyarakat indonesia jauh dari ekspetasi. Pendidikan harapan hidup infrastruktur pendapatan per kapita tidak berhasil akibat kebijakan yg tidak pro rakyat. https://t.co/tcAmwUbMHx","1672427873515503617","","","in","Indonesia ","0","0","1","https://twitter.com/daeng_embang/status/1672427873515503617","1450771917393170434","daeng_embang"
"1672408985507594240","Sat Jun 24 00:59:08 +0000 2023","0","Bila luhut anggap SDM kita tidak berkualitas Menteri Pendidikan juga kebijakan pendidikan kita yang dipenuhi Nepotisme tentu menghilangkan kesemptan anak cerdas para jelata.","1672408985507594240","","","in","Indonesia","0","0","0","https://twitter.com/partaimurba/status/1672408985507594240","276330740","partaimurba"
"1672352422772211712","Fri Jun 23 21:14:23 +0000 2023","16","Perbedaan nilai pada jamanku dan jaman sekarang yang masuk ke ITB. Jamanku yg nilainya di atas 800 ada sebanyak ratusan. Jaman sekarang cuma ada 4 siswa. Semoga Pak Menteri ga salah dalam mengambil kebijakan thd pendidikan di Indonesia. https://t.co/KcjCNJOXoW","1672352422772211712","https://pbs.twimg.com/media/FzVjqYiaYAE21uj.jpg","","in","Serang, Indonesia","0","0","1","https://twitter.com/wangsitomjero/status/1672352422772211712","1016630506195042305","wangsitomjero"
"1672198696719773698","Fri Jun 23 11:03:31 +0000 2023","1","Dulu semua aktifis politikus pengamat tokoh masyarakat oposisi selalu awasi n kritik kebijakan pemerintah berkaitan dgn: - Utang Negara - Harga BBM - TDL - Subsidi Pupuk - Anggaran pendidikan kesehatan dll. hari ini smua kritik itu dibungkam oleh Buzzer pemerintah!","1672198696719773698","","","in","dumay","0","0","0","https://twitter.com/SandiSenderan/status/1672198696719773698","1618827632153608194","SandiSenderan"
"1672170664059617280","Fri Jun 23 09:12:08 +0000 2023","176","POV saya yg menempuh pendidikan bisnis dan keuangan Sbenernya usulan kebijakan money follow program itu nama lain dari efisiensi anggaran Jelas dikarenakan anggaran terbatas hehe Saya lebh percaya yg mengatakan soal ini adalah dokter yg memiliki kemampuan manajerial ","1672170664059617280","","","in","Yogyakarta, Indonesia","1","4","40","https://twitter.com/tirta_cipeng/status/1672170664059617280","116632682","tirta_cipeng"
"1672113285095882752","Fri Jun 23 05:24:08 +0000 2023","0","Hai #SobATRBPN Hari ini PPSDM Kementerian ATR/BPN bekerjasama dengan Pusat Pendidikan dan Pelatihan Pengadaan Barang/Jasa Lembaga Kebijakan Pengadaan Barang/Jasa Pemerintah (LKPP) mengadakan Ujian Sertifikasi Pengadaan Barang/Jasa Tingkat Dasar Level 1 Angkatan I Tahun 2023. https://t.co/SzV2U6pZpn","1672113285095882752","https://pbs.twimg.com/media/FzSKKqKagAIbpP2.jpg","","in","Indonesia","0","0","0","https://twitter.com/KantahKabBM/status/1672113285095882752","1066979845744189440","KantahKabBM"
"1672062749546004481","Fri Jun 23 02:03:19 +0000 2023","1","Kebijakan Anies di bidang pendidikan terbukti bisa meningkatkan kualitas pendidikan di Jakarta","1672062749546004481","","","in","","0","10","2","https://twitter.com/KarmanJamali/status/1672062749546004481","1499298985340993544","KarmanJamali"
"1672061915064070144","Fri Jun 23 02:00:00 +0000 2023","0","Dari 137 kebijakan dinas pendidikan hanya 23 daerah yang memiliki kebijakan untuk meningkatkan hasil pembelajaran siswa (RISE 2017-2018). https://t.co/lc2tC4TEED","1672061915064070144","","","in","Bandung, Indonesia","0","0","0","https://twitter.com/prajnamu/status/1672061915064070144","43258431","prajnamu"
"1671993913018839041","Thu Jun 22 21:29:47 +0000 2023","4","Bonus demografi menjadi peluang besar bagi bangsa ini. Dibutuhkan 'political will' yang kuat untuk menjalankan kebijakan yang mendorong sumber daya manusia berkualitas. Mari bersama hadapi tantangan ini menuju masa depan pendidikan yang maju! #BonusDemografi #PendidikanMaju https://t.co/ONlDJdfzlF","1671993913018839041","https://pbs.twimg.com/media/FzQdmOTakAAm8dT.png","","in","Semarang Tengah, Indonesia","0","0","1","https://twitter.com/pgrijateng/status/1671993913018839041","875229486513405952","pgrijateng"
"1671966147506475008","Thu Jun 22 19:39:27 +0000 2023","0","nanti kalau bikin kebijakan diriset study banding dinegara yg berhasil di pendidikannya lalu di backtesting setelahnya.. pendidikan dikita itu akan jd formulitas ajah tanpa melahirkan SDM berkualitas. udah kurikulumnya gak jelas status guru honorer kacau ditambah ini pula.","1671966147506475008","","","in","","0","0","0","https://twitter.com/BaroqahHusni/status/1671966147506475008","1340725868465799169","BaroqahHusni"
"1671911569184411649","Thu Jun 22 16:02:35 +0000 2023","1","Gw liat2 kebijakan dlm pendidikan sekarang kok kayak mematikan nilai kompetisi pd anak ya? Terutama bagian ppdb zonasi. Kuota zonasi buset sebanyak itu dibandingkan sama yg make jalur prestasi. Pdhl sekolah2 di Indo juga blm semerata itu :(","1671911569184411649","","","in","","0","0","0","https://twitter.com/kyvngminlee/status/1671911569184411649","1614852692912009217","kyvngminlee"
"1671815006831415297","Thu Jun 22 09:38:53 +0000 2023","2","Hai #SobATRBPN Hari ini PPSDM Kementerian ATR/BPN bekerjasama dengan Pusat Pendidikan dan Pelatihan Pengadaan Barang/Jasa Lembaga Kebijakan Pengadaan Barang/Jasa Pemerintah (LKPP) mengadakan Ujian Sertifikasi Pengadaan Barang/Jasa Tingkat Dasar Level 1 Angkatan I Tahun 2023 ","1671815006831415297","","","in","Jl Akses Tol Cimanggis, Cikeas","0","1","1","https://twitter.com/PPSDM_ATRBPN/status/1671815006831415297","2905550185","PPSDM_ATRBPN"
"1671734151010197504","Thu Jun 22 04:17:35 +0000 2023","2","Selain belum meratanya kualitas sekolah dan guru di Indonesia diskontinuitas kebijakan masih menjadi permasalahan utama di dunia pendidikan kita. https://t.co/DsS5sBJr9m","1671734151010197504","","","in","Yogyakarta","0","0","0","https://twitter.com/majalahSM/status/1671734151010197504","836611718","majalahSM"
"1671720550450999296","Thu Jun 22 03:23:32 +0000 2023","0","Kebijakan Pembangunan Pendidikan Berbasis Sains dan Teknologi https://t.co/ogRq9TF7Lg","1671720550450999296","","","in","Indonesia","0","0","0","https://twitter.com/kompasiana/status/1671720550450999296","23786106","kompasiana"
"1671677139811459073","Thu Jun 22 00:31:03 +0000 2023","0","Indonesia perlu menentukan arah dan kebijakan yang berkaitan dengan kecerdasan buatan (AI) melalui beberapa pendekatan yang penting menurut Kepala Ekosistem Pendidikan Telkom Indonesia Sri Savitri. Yang pertama dan utama adalah membangun kesadaran dan https://t.co/5ODQT6wtrw","1671677139811459073","","","in","","0","0","0","https://twitter.com/inilahdotcom/status/1671677139811459073","46693036","inilahdotcom"
"1671599871634313217","Wed Jun 21 19:24:00 +0000 2023","0","Jika esensi pendidikan adalah memanusiakan manusia maka seharusnya pendidik dimanusiakan dulu. Tujuannya harusnya tidak terbatas pada kurikulum yang lebih baik atau murid yang jenius. Lebih dari itu idealnya Negara harus mampu membuat kebijakan yang melahirkan guru jenius.","1671599871634313217","","","in","Jakarta Pusat, DKI Jakarta","0","1","0","https://twitter.com/aj7entj/status/1671599871634313217","194538620","aj7entj"
"1671548443612053504","Wed Jun 21 15:59:39 +0000 2023","1","Resah dengan kebijakan kampus sejumlah mahasiswa Unhas membentangkan spanduk bertuliskan Semua Orang Berhak Mendapatkan Pendidikan! di depan danau kampus Unhas pada Kamis (6/8/2023). https://t.co/OwApknTgqW","1671548443612053504","https://pbs.twimg.com/media/FzKIceFaYAAEOzI.jpg","","in","Makassar","0","1","0","https://twitter.com/catatankaki_UH/status/1671548443612053504","632048376","catatankaki_UH"
"1671542760917307393","Wed Jun 21 15:37:04 +0000 2023","0","Setuju. Pemerintah kebiasaan selalu membuat kebijakan tanpa kajian matang dulu. Tujuannya sih untuk pemerataan tapi masalahnya infrastruktur pendidikan di Indonesia belum merata. Ga adil bagi yang bener-bener layak buat merasakan fasilitas bagus di sekolah favorit--","1671542760917307393","","","in","Kota Tishri, Klan Bulan","0","1","0","https://twitter.com/RayyiyyaR_/status/1671542760917307393","1515818823223754755","RayyiyyaR_"
"1671517175805276161","Wed Jun 21 13:55:24 +0000 2023","0","Menurut Rerie upaya membumikan sejumlah kebijakan pencegahan kekerasan terhadap anak di lingkungan pendidikan harus konsisten dilakukan dengan melibatkan para pemangku kebijakan pengelola tenaga pengajar hingga masyarakat #ItsTimeRestorasiIndonesia #NasdemNo5 #AniesPresidenku https://t.co/dZhMfcSQ54","1671517175805276161","https://pbs.twimg.com/media/FzJsAwGWIAUHEH3.jpg","","in","Pasar Minggu, Indonesia","0","0","0","https://twitter.com/Farida_nur12/status/1671517175805276161","1607082229913776128","Farida_nur12"
"1671516604272881664","Wed Jun 21 13:53:08 +0000 2023","0","Menurut wakil ketua MPR RI Lestari Moerdijat perlu konsistensi kebijakan cegah kekerasan di lingkungan pendidikan. #ItsTimeRestorasiIndonesia #NasdemNo5 #AniesPresidenku https://t.co/m2MsXxeGQ5","1671516604272881664","https://pbs.twimg.com/media/FzJrfhvWIAIPNu6.jpg","","in","Cibitung, Indonesia","0","0","0","https://twitter.com/dania_naisa/status/1671516604272881664","1607081599627321345","dania_naisa"
"1671488393778446336","Wed Jun 21 12:01:02 +0000 2023","0","Perlu adanya konsistensi kebijakan dalam mencegah kekerasan dilingkungan pendidikan #ItsTimeRestorasiIndonesia #NasdemNo5 #AniesPresidenku https://t.co/rYicl0rfzr","1671488393778446336","https://pbs.twimg.com/media/FzJR1dKaYAAlOuS.jpg","","in","","0","0","0","https://twitter.com/husnazenn/status/1671488393778446336","1599982326166876160","husnazenn"
"1671485850335711233","Wed Jun 21 11:50:56 +0000 2023","0","Perlu adanya konsistensi kebijakan untuk mencegah kekerasan di lingkungan pendidikan #ItsTimeRestorasiIndonesia #NasdemNo5 #AniesPresidenku https://t.co/j0OLVghfKv","1671485850335711233","https://pbs.twimg.com/media/FzJPhZ4aIAEx6LK.jpg","","in","","0","0","0","https://twitter.com/sitimarwahh1/status/1671485850335711233","1599807270799302658","sitimarwahh1"
"1671485284628959232","Wed Jun 21 11:48:41 +0000 2023","0","Pencegahan kekerasan terhadap anak di lingkungan pendidikan harus konsisten dilakukan dengan melibatkan para pemangku kebijakan #ItsTimeRestorasiIndonesia #NasdemNo5 #AniesPresidenku https://t.co/8O6NCC7WWR","1671485284628959232","https://pbs.twimg.com/media/FzJPAf6aIAISIba.jpg","","in","","0","0","0","https://twitter.com/symsudiinz/status/1671485284628959232","1599970540478877697","symsudiinz"
"1671479162941616131","Wed Jun 21 11:24:21 +0000 2023","0","Upaya membumikan sejumlah kebijakan pencegahan kekerasan terhadap anak di lingkungan pendidikan harus konsisten dilakukan #ItsTimeRestorasiIndonesia #NasdemNo5 #AniesPresidenku https://t.co/HOwuG55PSn","1671479162941616131","https://pbs.twimg.com/media/FzJJb87akAAXn-A.jpg","","in","","0","0","0","https://twitter.com/DinniNurfitria/status/1671479162941616131","1912047906","DinniNurfitria"
"1671419528889380867","Wed Jun 21 07:27:23 +0000 2023","0","Para kepala kantor perwakilan DAAD di luar negeri mendapat kehormatan untuk menghadiri sebuah sesi penting di Bundestag Jerman dalam sub-komite untuk ACBP (kebijakan budaya dan pendidikan luar negeri). pada pertemuan tersebut para kepala kantor perwakilan https://t.co/VeYirNa6NX","1671419528889380867","","","in","Indonesia","0","0","0","https://twitter.com/DAAD_Indonesia/status/1671419528889380867","950967018","DAAD_Indonesia"
"1671390783839309824","Wed Jun 21 05:33:10 +0000 2023","0","Koordinator Nasional Jaringan Pendidikan Pemilih untuk Rakyat (JPPR) Nurlia Dian Paramita menegaskan kebijakan MenpanRB soal penghapusan tenaga honorer di ligkungan penyelenggara pemilu yaitu KPU dan Bawaslu perlu ditinjau ulang dengan memperhatikan https://t.co/Zk0bJcKSOJ","1671390783839309824","","","in","","0","0","0","https://twitter.com/inilahdotcom/status/1671390783839309824","46693036","inilahdotcom"
"1671371824167538688","Wed Jun 21 04:17:50 +0000 2023","0","semoga banyak pengelola pendidikan yang menyadari hal tersebut sehingga sejumlah kebijakan pencegahan kekerasan di lingkungan pendidikan dapat direalisasikan. #ItsTimeRestorasiIndonesia #NasdemNo5 #AniesPresidenku https://t.co/L4OmtvxGRe","1671371824167538688","https://pbs.twimg.com/media/FzHnz6uaAAAL_0e.jpg","","in","","0","0","0","https://twitter.com/iwansamuel6/status/1671371824167538688","1620784777803567120","iwansamuel6"
"1671323845444382720","Wed Jun 21 01:07:11 +0000 2023","5","Kebijakan Pemerintah Kota (Pemkot) Tangerang yang perdana membebaskan biaya pendidikan atau sekolah gratis di seluruh sekolah negeri dan 146 sekolah swasta baik di tingkat SD dan SMP mendapat apresiasi dari berbagai pihak. Info selengkapnya: https://t.co/NTv8EtwQeI","1671323845444382720","","","in","","0","2","2","https://twitter.com/Kota_Tangerang/status/1671323845444382720","484490033","Kota_Tangerang"
"1671323234632110080","Wed Jun 21 01:04:45 +0000 2023","0","Semua kebijakan ada +/- Semoga pendidikan bisa membantu merubah nasib yang nilainya jelek yang duitnya pas²an tetap dapat pendidikan yang baik Semua bisa sekolah dengan cara yang adil dan semoga semua beruntung Suka gak suka semua akan balik ke takdir dan keberuntungan ","1671323234632110080","","","in","indonesia","0","0","0","https://twitter.com/Ljw01109/status/1671323234632110080","562849198","Ljw01109"
"1671154849738797058","Tue Jun 20 13:55:39 +0000 2023","0","Gatel mulut pgn suara knpa rangorang ngomong bgini. Simplenya... byk oknum yg mrasa dirugikan gabisa terima titipan krna kebijakan zonasi ini. Pdhl kalau mau dikritisasi sistem ini yg harus jdi perhatian khusus adlh marginal pendidikan yg justru punya dampak sma pembelajaran","1671154849738797058","","","in","","0","0","0","https://twitter.com/skysswag/status/1671154849738797058","541515167","skysswag"
"1671153749874851844","Tue Jun 20 13:51:17 +0000 2023","45","Deretan Kebijakan Ngaco Nadiem Makarim Mulai dari Jan Ethes pengguna #GoCarAja mahasiswa Undip dan FK UI Adel sampai pekerja yg ambil cuti ingin pendidikan di Indonesia maju. Tapi ini semua sudah dirusak oleh Nadiem Makarim dengan kebijakan2nya yang ngawur dan ngaco. https://t.co/c8PhYJzo7W","1671153749874851844","https://pbs.twimg.com/media/FzEhd81agAgFysb.jpg","","in","Nusantara","11","15","28","https://twitter.com/cocor_bangor/status/1671153749874851844","1577941111196516352","cocor_bangor"
"1671143710527209472","Tue Jun 20 13:11:23 +0000 2023","0","Kemarin jd dosen tamu di kls S2 Kebijakan Pendidikan di suatu kampus swasta kita diskusi: kekurangan daya tampung sekolah negeri adl fakta yg sudah begitu lama terjadi di INA tp knp baru tahun 2019 an pada ribut2? Krn dulu yg ngga kebagian ya dianggap layak untuk kalah ","1671143710527209472","","","in","Indonesia","0","0","0","https://twitter.com/nisafaridz/status/1671143710527209472","59621626","nisafaridz"
"1671098433451728897","Tue Jun 20 10:11:28 +0000 2023","0","Sosialisasi Empat Pilar Kebangsaan Peran pemuda dalam membangun negara sangat penting dan beragam. Yang pertama adalah kuasai pendidikan. Pemuda dapat menjadi relawan di lembaga pendidikan serta berperan dalam memperjuangkan kebijakan pendidikan yang lebih baik. https://t.co/d0IfFSnKRx","1671098433451728897","https://pbs.twimg.com/media/FzDvKnOakAUMX-a.jpg","","in","","0","1","0","https://twitter.com/Jefry_Romdonny/status/1671098433451728897","1603021785913360384","Jefry_Romdonny"
"1671089784977227776","Tue Jun 20 09:37:06 +0000 2023","4","Kebijakan zonasi sekolah memang belum sempurna &amp; terkesan tidak adil untuk anak pintar yang berlokasi rumah tidak dekat dengan sekolah. Akan tetapi zonasi sangat membantu anak dari keluarga ekonomi menengah bawah untuk mendapatkan akses pendidikan murah agar tidak putus sekolah.","1671089784977227776","","","in","Yunmeng City 🪷","0","2","0","https://twitter.com/kocom/status/1671089784977227776","59358448","kocom"
"1671070199678914561","Tue Jun 20 08:19:17 +0000 2023","15","Ada yang menarik nih #TuandanPuan! Sejumlah mahasiswa Program Doktor S3 Fakultas Hukum UNTAG Semarang Jawa Tengah datang ke Gedung Bina Graha Jakarta pada Senin (19/6) untuk melakukan studi banding terkait pengelolaan kebijakan &amp; perundang-undangan di KSP. #Pendidikan #KSP https://t.co/Z9lyBDqEU5","1671070199678914561","https://pbs.twimg.com/ext_tw_video_thumb/1671069865694859264/pu/img/r2S1qJPISySr-pQv.jpg","","in","Republik Indonesia","0","2","3","https://twitter.com/KSPgoid/status/1671070199678914561","772689620576395264","KSPgoid"
"1671051398392446978","Tue Jun 20 07:04:34 +0000 2023","975","Polri memutuskan kebijakan baru untuk pembuatan surat izin mengemudi (SIM) yakni harus melampirkan sertifikat pendidikan dan pelatihan mengemudi. https://t.co/MygTpDJjlI","1671051398392446978","https://pbs.twimg.com/media/FzDEOgwaYAA5oZ1.png","","in","Jakarta Capital Region","242","337","131","https://twitter.com/asumsico/status/1671051398392446978","829366551446818816","asumsico"
"1671027647386898434","Tue Jun 20 05:30:11 +0000 2023","0","Benahi dulu kualitas sekolahnya. Pemerintah tuh suka gitu implementasi kebijakan tapi tutup mata sama ketimpangan yang ada. Sistem zonasi efektif diterapkan kalau kualitas seluruh sekolah sama. Yang mau dikejar sebenernya apa? Pemerataan pendidikan kan?","1671027647386898434","","","in","moon","1","1","0","https://twitter.com/yourprivatemoon/status/1671027647386898434","1053313276182843392","yourprivatemoon"
"1671009297957027842","Tue Jun 20 04:17:17 +0000 2023","0","Kebijakan Anies untuk menggratiskan biaya pendidikan di sekolah negeri adalah tindakan cerdas dalam mengurangi kesenjangan akses pendidikan","1671009297957027842","","","in","","0","0","0","https://twitter.com/avoslkin/status/1671009297957027842","892446025746595840","avoslkin"
"1670997769480294401","Tue Jun 20 03:31:28 +0000 2023","1","Membumikan Kebijakan Pencegahan Kekerasan di Lingkungan Pendidikan Harus Jadi Kepedulian Bersama #MPRRI #MPRRumahKebangsaan #EmpatPilarMPRRI https://t.co/4I4IGT3fxE","1670997769480294401","","","in","Jl. Gatot Subroto No.6 Jakarta","0","0","0","https://twitter.com/mprgoid/status/1670997769480294401","1266013471","mprgoid"
"1670987392122261504","Tue Jun 20 02:50:14 +0000 2023","0","Melalui kebijakan sekolah inklusi Pak Anies Baswedan menunjukkan kecerdasannya dalam memberikan kesempatan pendidikan yang setara bagi semua siswa","1670987392122261504","","","in","","0","0","0","https://twitter.com/brusdsel/status/1670987392122261504","870331953991438337","brusdsel"
"1670986868220116993","Tue Jun 20 02:48:09 +0000 2023","0","Kebijakan pendidikan yang diimplementasikan oleh Anies Baswedan menunjukkan kecerdasannya dalam upaya meningkatkan mutu dan aksesibilitas pendidikan di Indonesia","1670986868220116993","","","in","","0","0","0","https://twitter.com/boumdary/status/1670986868220116993","893625514258120705","boumdary"
"1670959008877019137","Tue Jun 20 00:57:27 +0000 2023","0","1. Zonasi Kebijakan ini bertujuan mulia untuk menghapuskan kesenjangan siswa namun perlu usaha lebih untuk memastikan sarana dan prasarana yang mumpuni di seluruh satuan pendidikan termasuk sumber daya yang ada di dalamnya. Orang tua akan keberatan jika...","1670959008877019137","","","in","Indonesia","0","1","2","https://twitter.com/wahyusetiawan_/status/1670959008877019137","65790193","wahyusetiawan_"
"1670902703076306945","Mon Jun 19 21:13:42 +0000 2023","31","https://t.co/p4LVvbuTnc via @mediaindonesia Dikdasmen PP Muhammadiyah Desak Kemendikbudristek tuntaskan PPPK Hindari Kebijakan Gimik yang Rugikan Guru WAKIL Ketua Majelis Pendidikan Dasar dan Menengah dan Pendidikan Non Formal (Dikdasmen PNF) @dikdasmenpusat Pimpinan Pusat ","1670902703076306945","","","in","Indonesia 🇮🇩","0","1","6","https://twitter.com/AlphaARachman/status/1670902703076306945","118469158","AlphaARachman"
"1670774701155844096","Mon Jun 19 12:45:04 +0000 2023","0","Wakil Ketua MPR RI Lestari Moerdijat mengatakan upaya membumikan kebijakan pencegahan kekerasan fisik dan seksual di lingkungan pendidikan memang harus secara konsisten dilakukan https://t.co/l4ONYbnYam","1670774701155844096","","","in","Jakarta - Indonesia","0","0","0","https://twitter.com/mediaindonesia/status/1670774701155844096","68930552","mediaindonesia"
"1670767199311790081","Mon Jun 19 12:15:16 +0000 2023","0","Ganjar telah mengimplementasikan kebijakan untuk meningkatkan kualitas pendidikan di daerahnya termasuk peningkatan fasilitas dan pengembangan kurikulum yang relevan. https://t.co/tNTcS0XwM3","1670767199311790081","https://pbs.twimg.com/media/Fy_B6N1akAAkCjK.jpg","","in","","0","0","0","https://twitter.com/Carolin19429239/status/1670767199311790081","1568443426915643395","Carolin19429239"
"1670717454727913472","Mon Jun 19 08:57:36 +0000 2023","2","#WargiCadisdik4 Kepala Cabang Dinas Pendidikan Wilayah IV Budi Hermawan didampingi oleh Analis Kebijakan Ahli Muda Santy Kurnia Dewi mengikuti Upacara Bendera rutin bersama Kepala Kejaksaan Negeri Kabupaten Purwakarta yang juga sebagai Inspektur Upacara Senin (19/06/2023). https://t.co/ymP9gb4Fk2","1670717454727913472","https://pbs.twimg.com/media/Fy-Tzq-aUAAAewK.jpg","","in","Purwakarta, Indonesia","0","1","0","https://twitter.com/cadisdikwil4/status/1670717454727913472","1572396100530868224","cadisdikwil4"
"1670714299730530304","Mon Jun 19 08:45:04 +0000 2023","0","Upaya membumikan sejumlah kebijakan pencegahan kekerasan terhadap anak di lingkungan pendidikan harus konsisten dilakukan dengan melibatkan para pemangku kebijakan. https://t.co/umqVvPhrhP","1670714299730530304","","","in","Jakarta - Indonesia","0","0","0","https://twitter.com/mediaindonesia/status/1670714299730530304","68930552","mediaindonesia"
"1670714031940984832","Mon Jun 19 08:44:00 +0000 2023","1","#BeritaUNESA FIP Helat FGD Soroti Kebijakan Pendidikan Nasional hingga Daerah selengkapnya di https://t.co/KeUm6nwyXh #UNESA #UniversitasNegeriSurabaya","1670714031940984832","","","in","Surabaya, Jawa Timur ","0","0","0","https://twitter.com/Official_UNESA/status/1670714031940984832","842034586632650752","Official_UNESA"
"1670651533518864384","Mon Jun 19 04:35:39 +0000 2023","14","Agar kwalitas pendidikan di Jawa tengah menjadi lebih baik Ganjar Pranowo memperbaiki gaji para guru honorer dan kebijakan ini di sambut baik oleh para guru honorer...🇮🇩 Ganjar Pranowo https://t.co/uDHRzSqDVj","1670651533518864384","https://pbs.twimg.com/media/Fy9YtypaIAAN1rL.jpg","","in","Bekasi-Jawa Barat-Indonesia","0","0","9","https://twitter.com/LaingenLisa/status/1670651533518864384","1978790995","LaingenLisa"
"1670650362414661632","Mon Jun 19 04:31:00 +0000 2023","1","pendidikan kita perlu dievaluasi di sektor kebijakan. khususnya pemberian gaji honorer yang sering tersendak. kemenag loteng perlu sedikit evaluasi dr pusat","1670650362414661632","","","in","Malang, Jawa Timur","0","0","0","https://twitter.com/Nur_Alim_MA/status/1670650362414661632","850022487471476736","Nur_Alim_MA"
"1670648600546926593","Mon Jun 19 04:24:00 +0000 2023","3","pendidikan kita perlu dievaluasi di sektor kebijakan. khususnya pemberian gaji honorer yang sering tersendak. kemenag loteng","1670648600546926593","","","in","Malang, Jawa Timur","0","1","0","https://twitter.com/Nur_Alim_MA/status/1670648600546926593","850022487471476736","Nur_Alim_MA"
"1670597423004274689","Mon Jun 19 01:00:38 +0000 2023","2","Sebagai pendukung pendidikan vokasi mau endorse info ini (katanya beda daerah beda kebijakan tapi tetep masih relatif jauh lebih murah dari bootcamp apa pun)","1670597423004274689","","","in","","0","0","0","https://twitter.com/sagitaninta/status/1670597423004274689","1029892256","sagitaninta"
"1670596550438064129","Mon Jun 19 00:57:10 +0000 2023","0","Kritik Prof Karlina Supelli terhadap kebijakan pendidikan kita #shorts https://t.co/AaK9bAZsZc via @YouTube","1670596550438064129","","","in","Indonesia raya","0","0","0","https://twitter.com/nurhidayatsardi/status/1670596550438064129","240551313","nurhidayatsardi"
"1670570384238985216","Sun Jun 18 23:13:11 +0000 2023","6","Ini bukan dongeng Ganjar Pranowo perbaiki Gaji Honorer di Jawa Tengah dengan kebijakan Gaji yg sesuai dengan UMK. Banyak Guru yg terbantu. Kebijakan yg di lakukan Ganjar Pranowo dengan pernah Gaji Honorer sama saja dengan memperbaiki kualitas pendidikan jadi lebih baik https://t.co/3H4YopJDdH","1670570384238985216","https://pbs.twimg.com/media/Fy8O6UIaIAIHlHl.jpg","","in","Indonesia","0","0","5","https://twitter.com/catatankaqihati/status/1670570384238985216","1057158238779539456","catatankaqihati"
"1670401483861532672","Sun Jun 18 12:02:02 +0000 2023","6","[RILIS KAJIAN BIAYA PENDIDIKAN] Halo Gadjah Mada! Setelah adanya survei uji coba sistem IKE dan berbagai audiensi yang telah dihadiri. Kini saat nya untuk mempublish hasil dari riset Forum Advokasi mengenai kebijakan baru dalam sistem UKT Universitas Gadjah Mada. https://t.co/snNsOdmW89","1670401483861532672","https://pbs.twimg.com/media/Fy51SkMaIAI_aXU.jpg","","in","Yogyakarta, Indonesia","1","1","5","https://twitter.com/formad_ugm/status/1670401483861532672","3189505243","formad_ugm"
"1670288622816489472","Sun Jun 18 04:33:34 +0000 2023","30","Para insan pendidikan yang kami hormati mari kita ikuti bersama acara NGOPI SEKSI (Ngobrol Pintar Seputar Kebijakan Edukasi) dengan topik MARKETPLACE GURU: IDE BRILIAN ATAU DISORIENTASI KEBIJAKAN? https://t.co/YKZYtZVy0a","1670288622816489472","https://pbs.twimg.com/media/Fy4OLn9acAEi7he.jpg","","in","Indonesia 🇮🇩","1","1","8","https://twitter.com/AlphaARachman/status/1670288622816489472","118469158","AlphaARachman"
"1670013280973389824","Sat Jun 17 10:19:28 +0000 2023","0","Kalo mau pendidikan &amp; kesehatan gratis naikin pajak ke 25%-50% income atau naikin cukai rokok 100%. Tiap kebijakan harus ada konsekuensi","1670013280973389824","","","in","Madiun, Jawa Timur","0","0","0","https://twitter.com/agungwahydi34/status/1670013280973389824","949991737","agungwahydi34"
"1670003200731250688","Sat Jun 17 09:39:24 +0000 2023","0","Setuju sama kebijakan ini. Generasi lama banyak yang simnya nembak gada pendidikan berlalu lintas gatau etika berkendara bikin emosi aja di jalan ","1670003200731250688","","","in","Sembilu yang dulu","0","1","0","https://twitter.com/finger0fdeath/status/1670003200731250688","70350532","finger0fdeath"
"1669986572895404032","Sat Jun 17 08:33:20 +0000 2023","0","Aplikasi Penelitian Evaluasi Implementasi Kebijakan Mutu Pendidikan. Oleh; Donna M. Sampaleng M. Th. M. Pd. K Tahun 2016 191 Halaman Harga 35.000 Minat? Order: DM or Klik link WA https://t.co/KHH9496apg https://t.co/mGT0vjP9sq","1669986572895404032","https://pbs.twimg.com/media/Fyz77GNaYAEvkER.jpg","","in","Jagakarsa, Indonesia","0","0","0","https://twitter.com/WarungSejarahRI/status/1669986572895404032","2362274258","WarungSejarahRI"
"1669839721177178114","Fri Jun 16 22:49:48 +0000 2023","10","Kebijakan Otsus Papua telah memberi manfaat luar biasa bagi masyarakat asli Papua baik dalam proses pembangunan fisik maupun dlm pembangunan SDM. Kebijakan dana otsus telah menghasilkan peningkatan standar pendidikan masyarakat asli Papua. #KSTeroris_PelanggarHAM Messi whatsapp https://t.co/nSqyif3szv","1669839721177178114","https://pbs.twimg.com/media/Fyx2X4DacAAh0Ul.jpg","","in","Jawa Timur, Indonesia","1","9","12","https://twitter.com/Hansunriko/status/1669839721177178114","1349266626844061696","Hansunriko"
"1669625984566562818","Fri Jun 16 08:40:29 +0000 2023","0","Ganjar Pranowo telah menciptakan lingkungan pendidikan yg inklusif&amp;merata melalui kebijakan menggratiskan SMK Negeri menjadikan Jawa Tengah sebagai contoh dalam pemerataan akses pendidikan di Indonesia. #GanjarPilihanRakyat #ganjaruntukindonesia #ganjarpresiden2024 https://t.co/dVjZrXQmRr","1669625984566562818","https://pbs.twimg.com/ext_tw_video_thumb/1669625834486009856/pu/img/1S_4r4mcqfDmU0ot.jpg","","in","","0","0","0","https://twitter.com/SahlaBaby/status/1669625984566562818","1656497454026735621","SahlaBaby"
"1669625233719046144","Fri Jun 16 08:37:30 +0000 2023","0","Kebijakan ini juga mengurangi beban finansial bagi orang tua dan keluarga yang ingin memasukkan anak2nya ke sekolah negeri ternama sehingga mendorong partisipasi masyarakat dalam pendidikan. #GanjarPilihanRakyat #ganjaruntukindonesia #ganjarpresiden2024 https://t.co/6uPgCX1CEN","1669625233719046144","https://pbs.twimg.com/ext_tw_video_thumb/1669625065519087617/pu/img/Bl_7a61ORiCBXB6Q.jpg","","in","","0","0","0","https://twitter.com/jintan_nida/status/1669625233719046144","1636716956136144897","jintan_nida"
"1669624074811887622","Fri Jun 16 08:32:54 +0000 2023","0","Kebijakan tersebut juga mendorong peningkatan daya saing SMK Negeri di Jateng karena semakin banyak siswa yg dapat mengakses pendidikan disekolah2 tersebut sehingga meningkatkn reputasi&amp;kualitas pendidikn ditingkat regional.#JumatBerkah #GanjarPilihanRakyat #ganjarpresiden2024 https://t.co/yyCusecl9U","1669624074811887622","https://pbs.twimg.com/ext_tw_video_thumb/1669623685341405185/pu/img/4fpEP-Y-jNY5igZY.jpg","","in","","0","0","0","https://twitter.com/AndaraGober/status/1669624074811887622","1656499311121952769","AndaraGober"
"1669623524087181313","Fri Jun 16 08:30:42 +0000 2023","0","Dengan kebijakan menggratiskan SMK Negeri Ganjar Pranowo telah memberikan peluang yg lebih besar bagi anak2 dari keluarga kurang mampu untuk mendapatkan pendidikan berkualitas&amp;meningkatkan prospek masa depan mereka. #GanjarPilihanRakyat #ganjaruntukindonesia #ganjarpresiden2024 https://t.co/OeicP4z7YL","1669623524087181313","https://pbs.twimg.com/ext_tw_video_thumb/1669623284047155200/pu/img/FlbTmMlrCb3lW1jg.jpg","","in","","0","0","0","https://twitter.com/mona_ngiss/status/1669623524087181313","1636719543350603776","mona_ngiss"
"1669622340555259907","Fri Jun 16 08:26:00 +0000 2023","0","Prestasi luar biasa Ganjar Pranowo dgn kebijakan menggratiskan SMK Negeri diJateng telah memberikan akses pendidikan yg lebih terjangkau terutama bagi mereka yg kurang mampu secara finansial. #JumatBerkah / Hujan / Mandalika #GanjarPilihanRakyat #ganjarpresiden2024 https://t.co/xyugiOYpft","1669622340555259907","https://pbs.twimg.com/ext_tw_video_thumb/1669621867274186752/pu/img/Uga-KbsWnlE2fO0y.jpg","","in","","0","0","0","https://twitter.com/AmbaraRatu/status/1669622340555259907","1656502217153863680","AmbaraRatu"
"1669612284665298944","Fri Jun 16 07:46:03 +0000 2023","0","Patut diapresiasi dan didukung implementasi kurikulum merdeka yang menjadi kebijakan kementerian pendidikan #ItsTimeRestorasiIndonesia #NasdemNo5 #AniesPresidenku https://t.co/z8n2e6tniM","1669612284665298944","https://pbs.twimg.com/media/FyunhMLaEAEIeyI.jpg","","in","","0","0","0","https://twitter.com/zsdarsono/status/1669612284665298944","1600062617090854912","zsdarsono"
"1669556912583499776","Fri Jun 16 04:06:01 +0000 2023","19","Jika anda orang Indonesia pasti rasanya terbakar dengan judul ini. Wajar. Tapi jika anda juga bagian dari pengambil kebijakan pendidikan seharusnya anda lebih marah lagi. Stop dulu marahnya. Apa yang bisa dilakukan jika anda penentu kebijakan pendidikan nasional?","1669556912583499776","","","in","","1","5","9","https://twitter.com/iaridlo/status/1669556912583499776","42561847","iaridlo"
"1669542045734797313","Fri Jun 16 03:06:56 +0000 2023","10","Setelah reformasi 1998 kebijakan politik yang lebih demokratis diharapkan turut mempercepat pembangunan pendidikan. #KoranTempo https://t.co/LBDpOxwu5d","1669542045734797313","","","in","Indonesia","0","1","1","https://twitter.com/korantempo/status/1669542045734797313","20963426","korantempo"
"1669539706470817792","Fri Jun 16 02:57:39 +0000 2023","2","Birokrasi pemerintahan sering dianggap sukar menghasilkan inovasi perbaikan kebijakan &amp; layanan. Padahal di era otonomi daerah pemerintah kabupaten/kota memiliki kewenangan utk mengelola SD &amp; SMP Adakah inovasi bidang pendidikan yg telah dilakukan pemerintah daerah? https://t.co/UTKECe7b5S","1669539706470817792","https://pbs.twimg.com/media/FytkiKUaAAAVmhi.jpg","","in","Indonesia","0","1","0","https://twitter.com/FKP_Indonesia/status/1669539706470817792","950721219459862529","FKP_Indonesia"
"1669383948814921728","Thu Jun 15 16:38:43 +0000 2023","1","Pak menteri pendidikan nadiem susah amat yaa pak untuk anak saya masuk SMA Negeri akibat kebijakan yg bapak buat untk pendidikan d indonesia ini berdasarkan zonasi yg mengatur jarak antara sekolah Dan rumah kami dlm lingkup SMA yaa tlng ya pak tlng ank saya masukin SMA negeri","1669383948814921728","","","in","","0","1","0","https://twitter.com/Endra1423/status/1669383948814921728","1662266487296626689","Endra1423"
"1669342312890253319","Thu Jun 15 13:53:16 +0000 2023","0","apresiasi peran yang luar biasa dari Pak Ganjar Pranowo dalam membawa perubahan positif untuk semua kalangan. Dengan kebijakan inklusifnya beliau telah memperjuangkan kesetaraan pendidikan berkualitas dan peluang ekonomi yang adil. #MerawatJiwaNusantara #GanjarUntukSemua","1669342312890253319","","","in","","0","0","0","https://twitter.com/DeviYul03345073/status/1669342312890253319","1637712615278546944","DeviYul03345073"
"1669338362778644481","Thu Jun 15 13:37:35 +0000 2023","0","Miris tempat pendidikan dijadikan ladang mencari cuan. Kebijakan komersialisasi kampus-kampus negeri yang notabene adalah kampus rakyat adalah sebuah kemunduruan","1669338362778644481","","","in","State of Riau Islands","0","0","0","https://twitter.com/caknorriz/status/1669338362778644481","1096347793856200704","caknorriz"
"1669306366362804225","Thu Jun 15 11:30:26 +0000 2023","13","#SahabatDikbud Kemendikbudristek terus berkomitmen untuk mewujudkan pendidikan berkualitas untuk semua salah satunya melalui evaluasi pendidikan. Guna mendorong transformasi kebijakan praktik pembelajaran dan evaluasi pendidikan tahun 2023 Kemendikbudristek menyelenggarakan https://t.co/xEzZHo6uyz","1669306366362804225","https://pbs.twimg.com/media/FyqRSvKaYAE5LQx.jpg","","in","Jakarta Capital Region, Indonesia","0","3","2","https://twitter.com/litbangdikbud/status/1669306366362804225","3315015127","litbangdikbud"
"1669277342450204673","Thu Jun 15 09:35:06 +0000 2023","0","Generasi muda papua sepakat mengawal kebijakan pemekaran wilayah papua demi kemajuan bersama terutama di bidang pendidikan #dobpapua #papua #papuaindonesia #pemekaranpapua https://t.co/72cR1wPMa1","1669277342450204673","https://pbs.twimg.com/media/Fyp24qeaAAAgOSG.jpg","","in","","0","0","0","https://twitter.com/DJ_ATALIACHAN/status/1669277342450204673","1510579150779666436","DJ_ATALIACHAN"
"1669260522561368065","Thu Jun 15 08:28:16 +0000 2023","11","Pada era otonomi daerah ini pemerintah kabupaten/kota memiliki kewenangan untuk mengelola layanan pendidikan pada jenjang SD dan SMP. Seperti apa inovasi kebijakan pendidikan yang telah dilakukan pemerintah daerah untuk memperbaiki kualitas pendidikan di era desentralisasi? https://t.co/ernbmjGLZW","1669260522561368065","https://pbs.twimg.com/media/FypneDDaAAUSsbE.jpg","","in","Jakarta Pusat, DKI Jakarta","1","1","7","https://twitter.com/SMERUInstitute/status/1669260522561368065","942851575","SMERUInstitute"
"1669237905662042112","Thu Jun 15 06:58:24 +0000 2023","1","Kepala BNNP Sulawesi Selatan Brigjen Pol.Drs.Ghiri Prawijaya M. Th. membuka kegiatan sekaligus menjadi narasumber dengan materi Kebijakan P4GN. Peserta berasal dari Penggiat P4GN lingkungan Pendidikan di Kota makassar. https://t.co/EXhWfkwJdZ","1669237905662042112","https://pbs.twimg.com/media/FypSthLaEAAHO_w.jpg","","in","Jl. Manunggal 22, Kel. Maccini","0","0","0","https://twitter.com/humasBNNPsulsel/status/1669237905662042112","1174501816907620353","humasBNNPsulsel"
"1669227304223150080","Thu Jun 15 06:16:16 +0000 2023","2","Kalo serius benahi ini... Pemerintah mesti keluarkan kebijakan selanjutnya bikin badan penyuluhan. Kerjasama dg lembaga pendidikan negeri atau swasta kumpulkan siswa/siswi yg tercemar kesitu boarding school selama 6 bln GRATIS hingga kembali lagi fitrahnya...","1669227304223150080","","","in","Jakarta, Indonesia","0","0","2","https://twitter.com/faizalparinduri/status/1669227304223150080","214657192","faizalparinduri"
"1669197987506192384","Thu Jun 15 04:19:47 +0000 2023","0","Lebih heran lagi sama kebijakan nanem beton dimana-mana padahal angka kemiskinan tinggi masalah stunting masalah pendidikan. Pak orang miskin ga makan beton pak","1669197987506192384","","","in","","0","0","0","https://twitter.com/NS_Sania/status/1669197987506192384","3306970236","NS_Sania"
"1669170402776735744","Thu Jun 15 02:30:10 +0000 2023","0","Kebijakan Merdeka Belajar memiliki 5 indikator terjadinya transformasi satuan pendidikan 1.Satuan pendidikan menjalin kemitraan dengan orangtua/wali 2.Satuan pendidikan berpihak kepada tumbuh kembang murid #pendidikan #webinar #asesmen","1669170402776735744","","","in","Kota Malang, East Java","0","1","0","https://twitter.com/RBA_ID/status/1669170402776735744","4351153520","RBA_ID"
"1669169904837341184","Thu Jun 15 02:28:11 +0000 2023","0","Kemendikbud memiliki 1 kebijakan yaitu Merdeka Belajar untuk transformasi pendidikan dalam rangka peningkatan mutu pembelajaran #webinar #pendidikan #asesmen","1669169904837341184","","","in","Kota Malang, East Java","0","0","0","https://twitter.com/RBA_ID/status/1669169904837341184","4351153520","RBA_ID"
"1669168757946880000","Thu Jun 15 02:23:38 +0000 2023","0","Advokasi: salah satu bentuk komunikasi persuasif untuk mempengaruhi pemangku kepentingan dalam pengambilan kebijakan atau keputusan (perencanaan pelaksanaan evaluasi monitoring) #webinar #pendidikan #asesmen","1669168757946880000","","","in","Kota Malang, East Java","0","0","0","https://twitter.com/RBA_ID/status/1669168757946880000","4351153520","RBA_ID"
"1669165392261177344","Thu Jun 15 02:10:15 +0000 2023","0","Penyampaian materi Arah Kebijakan Pengembangan Literasi dan Numerasi untuk Siswa oleh Bapak Dr. Budi Winasis MM. dari BBPMP Jawa Timur #webinar #pendidikan #asesmen","1669165392261177344","","","in","Kota Malang, East Java","0","0","0","https://twitter.com/RBA_ID/status/1669165392261177344","4351153520","RBA_ID"
"1669142271705624576","Thu Jun 15 00:38:23 +0000 2023","9","Manjadi narasumber untuk merancang pendidikan Indonesia 2045. Kebijakan keguruan menjadi salah satu tema yg saya angkat. @PBPGRI_OFFICIAL https://t.co/yKvX83BNFi","1669142271705624576","https://pbs.twimg.com/media/Fyn8C29aYAABx9t.jpg","","in","Jakarta","0","1","1","https://twitter.com/pijarguru/status/1669142271705624576","2483096305","pijarguru"
"1669048515161653250","Wed Jun 14 18:25:50 +0000 2023","0","Kalau produk pendidikan nasional udah bener harusnya anak pejabat yg bikin kebijakan sekolahnya di negeri semua ","1669048515161653250","","","in","Bangkok, Thailand","0","0","0","https://twitter.com/13tylr/status/1669048515161653250","1591492173790605312","13tylr"
"1669012292615417856","Wed Jun 14 16:01:53 +0000 2023","0","Knp kualitas pendidikan kita dalam 10 tahun ini makin merosot bkn nya makin bagus. Ada yg bisa jawab. Ni efek dr kebijakan ngedrumal kalau kata bg RR cc @RamliRizal","1669012292615417856","","","in","Medan - indonesia","0","0","0","https://twitter.com/VanDeam27/status/1669012292615417856","1562742692","VanDeam27"
"1668934035564027904","Wed Jun 14 10:50:56 +0000 2023","1","Dalam Rangka Pra Hani 2023 BNN Kabupaten Pidie Jaya Melalui Sie P2M Melaksanakan Kegiatan Konsolidasi Kebijakan Kota Tanggap Ancaman Narkoba Pada Lingkungan Pendidikan. #warondrugs #speedup #neverletup #indonesiabersinar #acehbersinar https://t.co/D1K97AuO2a","1668934035564027904","","","in","Kabupaten Pidie Jaya ","0","0","0","https://twitter.com/BNNK_Pidie_Jaya/status/1668934035564027904","1348544347004751873","BNNK_Pidie_Jaya"
"1668914963543642112","Wed Jun 14 09:35:08 +0000 2023","1","[cm] kebijakan pendidikan di indo yang seru buat dibahas di tugas akhir apa ya? any suggestion?","1668914963543642112","","","in","","0","0","0","https://twitter.com/collegemenfess/status/1668914963543642112","1046084008742801408","collegemenfess"
"1668900062104264704","Wed Jun 14 08:35:56 +0000 2023","0","Ini betul sekali. Tp negara kita sudah mengambil kebijakan strategis unt pendidikan belum ya","1668900062104264704","","","in","Lampung, Indonesia","0","0","0","https://twitter.com/riyadimip/status/1668900062104264704","1155940519","riyadimip"
"1668837596498386945","Wed Jun 14 04:27:43 +0000 2023","1","Inilah 5 cara agar penggunaan ICT semakin efektif untuk peningkatan kualitas dunia pendidikan: ~sebuah utas 1. Melakukan pendekatan yang holistik terhadap pengembangan kurikulum berbasis teknologi dalam rencana dan kebijakan pendidikan. #ADBIndonesia https://t.co/qjXhvkr7dy","1668837596498386945","https://pbs.twimg.com/media/Fyjm8bSaQAE7aRG.jpg","","in","ADB Indonesia Resident Mission","0","1","0","https://twitter.com/ADBIndonesia/status/1668837596498386945","1118397098","ADBIndonesia"
"1668662203497730048","Tue Jun 13 16:50:46 +0000 2023","0","Yak betul. Kalo jd guru wajib full ikhlas. Digaji 400rb 700rb ataupun 2jt/bulan dgn kerjaan yg edan jg musti ikhlas Mau ikut sertifikasi jg musti ikhlas dgn kebijakan bbrp lulusan non FKIP yg bisa daftar untuk sertifikasi guru engga seperti pendidikan profesi lainnya ","1668662203497730048","","","in","Indonesia","0","0","0","https://twitter.com/indririzkii/status/1668662203497730048","69255653","indririzkii"
"1668660946657755137","Tue Jun 13 16:45:46 +0000 2023","1","Saat ini kultur sekolah yang paling besar potensinya untuk diarahkan ke pembelajaran kritis. Persoalan sekolah itu unik kebijakan struktural model gimana aja kadang gak sampai pada tingkat unit sekolah. Apa artinya zonasi misalnya kalau tidak diikuti pendidikan konteks.","1668660946657755137","","","in","","0","0","1","https://twitter.com/thesmslng/status/1668660946657755137","1565798842217271296","thesmslng"
"1668592824537989120","Tue Jun 13 12:15:04 +0000 2023","0","Mirza Fathir Kritisi Kebijakan Pendidikan Tak Lupa Target Juara https://t.co/gTWBHkVY5S","1668592824537989120","","","in","Jawa Timur, Indonesia","0","0","1","https://twitter.com/IDNTimesJatim/status/1668592824537989120","1318893514336264193","IDNTimesJatim"
"1668592550918356995","Tue Jun 13 12:13:59 +0000 2023","10","ABOUT MSIB! Merdeka Belajar - Kampus Merdeka (MBKM) adalah sebuah inovasi yang dibuat oleh Kemendikbudristek dan diluncurkan sebuah kebijakan untuk mentransformasi sistem Pendidikan tinggi di Indonesia untuk menghasilkan lulusan yang lebih relevan. https://t.co/hcuZlnbis2","1668592550918356995","https://pbs.twimg.com/media/FygIFQ3akAABopU.jpg","","in","","0","1","0","https://twitter.com/produktifkuy/status/1668592550918356995","1423638220537880585","produktifkuy"
"1668576791181787136","Tue Jun 13 11:11:22 +0000 2023","2","Sebab banyak guru dosen dan banyak pendidikan/pengajar memperlakukan para muridnya sebagai ternak yang harus membeo tak boleh ada diskusi apalagi kritik. Para murid yang kritis terutama pada kebijakan sekolah atau universitas akan diintimidasi.","1668576791181787136","","","in","Yogyakarta - Samarinda","0","0","4","https://twitter.com/suhairi4hmad/status/1668576791181787136","417063822","suhairi4hmad"
"1668513737089904641","Tue Jun 13 07:00:49 +0000 2023","0","Melalui kebijakan yg berorientasi pada peningkatan kualitas hidup akses pendidikan&amp;kesehatan yg merata serta pemberdayaan ekonomi ia berhasil menciptakan dampak positif yg dirasakan oleh seluruh masyarakat Jawa Tengah. #bersamaganjar #ganjaruntukindonesia #ganjarpresiden2024 https://t.co/PJCPToqAxs","1668513737089904641","https://pbs.twimg.com/media/Fye_0ypaMAA59Ll.jpg","","in","","0","0","0","https://twitter.com/AmbaraRatu/status/1668513737089904641","1656502217153863680","AmbaraRatu"
"1668505870353973249","Tue Jun 13 06:29:33 +0000 2023","0","butuh joki uas analisis kebijakan pendidikan drop fee yaa #zonauang #jokitugasmurah https://t.co/3k8DGcwOP5","1668505870353973249","https://pbs.twimg.com/media/Fye5PxlaQAAJabo.jpg","","in","","1","20","0","https://twitter.com/srhgwlahh/status/1668505870353973249","1640562912237617153","srhgwlahh"
"1668464374963654657","Tue Jun 13 03:44:40 +0000 2023","0","by @literaksidotcom Irrelevansi Kebijakan Pemerintah Provinsi NTT Terkait Jam Belajar siswa SMA/SMK Dan Prioritas #Pendidikan https://t.co/uETsR1fSSv - Kebijakan Gubernur NTT Viktor B. Laiskodat pada siswa SMA/SMK tentang https://t.co/3t7Kg0w30l","1668464374963654657","","","in","Magelang, Jawa Tengah","0","0","0","https://twitter.com/literaksidotcom/status/1668464374963654657","1614266478341259267","literaksidotcom"
"1668423426829357056","Tue Jun 13 01:01:57 +0000 2023","24","Masalah Kemiskinan dan Cara Mengatasinya Permudah akses terhadap pendidikan kesehatan dan peluang kerja / Ekonomi 1. Bupati @achmadfauzi_wy Berani Membuat Kebijakan adanya pelibatan warga dlm aktivitas ekonomi Contoh memasukan program partisipasi UMKM di lokasi wisata https://t.co/TLUOKwtMX4","1668423426829357056","https://pbs.twimg.com/media/FyduQw5aQAILzZL.jpg","","in","Indonesia","0","1","62","https://twitter.com/Heraloebss/status/1668423426829357056","1251824880967774208","Heraloebss"
"1668189599531933696","Mon Jun 12 09:32:48 +0000 2023","1","info joki tugas kebijakan pendidikan dongg #zonauang","1668189599531933696","","","in","","4","57","0","https://twitter.com/renjaemhae/status/1668189599531933696","1519495130343899136","renjaemhae"
"1667736444155338752","Sun Jun 11 03:32:07 +0000 2023","17","Cuma di Jateng yang berani ngasih kurikulum PENDIDIKAN ANTI KORUPSI Memang @ganjarpranowo satu - satunya pemimpin yang smart berani punya nyali dan mampu menginisiasi berbagai kebijakan baik buat rakyat. Jateng Pionir Pendidikan Anti Korupsi https://t.co/58G6bZNJkk","1667736444155338752","https://pbs.twimg.com/media/FyT9dCracAACGEK.jpg","","in","","0","0","12","https://twitter.com/SalimCipok/status/1667736444155338752","1478190519213694976","SalimCipok"
"1667497976980447232","Sat Jun 10 11:44:32 +0000 2023","0","Bapak Anies Baswedan telah sukses menerapkan kebijakan yang telah membantu meningkatkan kualitas pendidikan dan kesehatan bagi anak-anak di Jakarta","1667497976980447232","","","in","y       ","0","0","0","https://twitter.com/blraver/status/1667497976980447232","840752275148554241","blraver"
"1666762580860477442","Thu Jun 08 11:02:20 +0000 2023","0","Pada tanggal 8 Juni 1972 di #Soweto sebuah township di #Afrika Selatan terjadi pembantaian yang memicu perlawanan dan perjuangan anti-#apartheid yang meluas. Pasukan keamanan apartheid menembaki para #demonstran siswa yang protes melawan kebijakan pendidikan segregasi rasial. https://t.co/BO8HkVIRJO","1666762580860477442","https://pbs.twimg.com/media/FyGHp3vacAAgOPH.jpg","","in","","0","0","1","https://twitter.com/KilasMasa/status/1666762580860477442","1642178761297915905","KilasMasa"
"1666728367247466496","Thu Jun 08 08:46:23 +0000 2023","35","Marketplace Guru...? Sedangkan masih banyak Guru yang butuh perhatian Alangkah baiknya kalo Pak Menteri @nadiemmakarim lebih fokus kepada guru honorer yang belum mendapatkan SK. Kebijakan terhadap guru akan menentukan kualitas pendidikan kita. Kalau kesejahteraan Guru-guru https://t.co/WzHqRfPOTj","1666728367247466496","https://pbs.twimg.com/ext_tw_video_thumb/1666728248687075328/pu/img/6IK-weekqgwg0My2.jpg","","in","Central Java, Indonesia","5","9","27","https://twitter.com/Aryprasetyo85/status/1666728367247466496","435004096","Aryprasetyo85"
"1666716440605360129","Thu Jun 08 07:59:00 +0000 2023","10","Hetifah: Masalah Pendidikan RI Bisa Selesai Jika Ada Kebijakan Komprehensif #airlanggahartarto #airlanggapemersatu #airlanggauntukindonesia #partaigolkar #golkarpedia #golkarsolid #AirlanggaPresiden https://t.co/CZeLXVKoya","1666716440605360129","","","in","Jakarta Capital Region","0","0","21","https://twitter.com/golkarpedia/status/1666716440605360129","721898354502930433","golkarpedia"
"1666662820405211138","Thu Jun 08 04:25:56 +0000 2023","5","https://t.co/AVItRcSgED Dialog membahas kebijakan pendidikan bersama Prof. Bambang Brodjonegoro dan Ketum Partai Gelora hostnya Miing Bagito. https://t.co/1IFFsF1STF","1666662820405211138","https://pbs.twimg.com/media/FyEs_98aAAI2ITC.jpg","","in","Jakarta - Indonesia","0","0","1","https://twitter.com/icharis/status/1666662820405211138","69492528","icharis"
"1666631342149480448","Thu Jun 08 02:20:51 +0000 2023","1","Tinggal urusan pendidikan nih belum ada yg maju garis keras.... Buruh stabil kontrol kebijakan ️( walau eee si Mbus2 lolos juga ) skrg urusan kesehatan para Nakes....lumayan ngga sik jd ngga cuma 1 yg 'berisikin' terus ","1666631342149480448","","","in","Di hati mu...","0","0","0","https://twitter.com/Jemimaways/status/1666631342149480448","946374600996282369","Jemimaways"
"1666612750829879298","Thu Jun 08 01:06:58 +0000 2023","0","Bangsa 🇮🇩 banyak warga berprestasi di luar negeri n negara sendiri.. setiap menit nya Terlalu sering ditonton perilaku Maling pejabatnya dan tidak negarawan calon pemimpinnya. Menjadi hilangnya rasa optimisme warganya Perlu diviralkan Lewat kebijakan negara ke dinas pendidikan.","1666612750829879298","","","in","indonesia","0","0","0","https://twitter.com/Amankan/status/1666612750829879298","83629058","Amankan"
"1666479808392609792","Wed Jun 07 16:18:42 +0000 2023","0","pendidikan indonesia dri dulu makin lama emg makin nurun kualitasnya. dri segi sistem sampe guru²nya. gurunya udh oke tapi sistem internal dalemnya itu lho. knapa sampe ada kebijakan a b c d yg sbnernya emg inovasi tpi malah nyusahin murid sama guru????????","1666479808392609792","","","in","","0","0","0","https://twitter.com/daiijoobu/status/1666479808392609792","1525011980079157249","daiijoobu"
"1666470158112804866","Wed Jun 07 15:40:21 +0000 2023","0","Kami butuh berkesinambungan bukan setiap ganti rezim ganti pula kebijakan kami bukan anak sekolahan yg jadi kelinci percobaan berubah²nya sistem pendidikan.","1666470158112804866","","","in","","0","0","0","https://twitter.com/MKrenthil/status/1666470158112804866","1157142701495578625","MKrenthil"
"1666451079607861256","Wed Jun 07 14:24:33 +0000 2023","0","nah setuju soal ini. soalnya ganti pimpinan itu otomatis ganti kebijakan. lah tiap ada kebijakan baru pendidikan aja di lapangan suka lgsg kelabakan. jadi baiknya yg urusan kek gini jangan dikit2 ganti terus.","1666451079607861256","","","in","","0","0","0","https://twitter.com/saphiredarl/status/1666451079607861256","1111966692777680898","saphiredarl"
"1666399500947308544","Wed Jun 07 10:59:35 +0000 2023","0","tidack heran bola bali ganti kurikulum dan kebijakan pendidikan tu gk jauh dari tujuan politik/pribadi pejabat2 di atas sana xixixi","1666399500947308544","","","in","","0","0","0","https://twitter.com/l_llovegood/status/1666399500947308544","1011072925867257856","l_llovegood"
"1666354947708039169","Wed Jun 07 08:02:33 +0000 2023","0","Kebijakan Pak Anies tentang pendidikan inklusif militan banget","1666354947708039169","","","in","","0","0","0","https://twitter.com/your_cupofcone/status/1666354947708039169","1596741893903114241","your_cupofcone"
"1666297556023001089","Wed Jun 07 04:14:30 +0000 2023","0","Kurikulum &amp; kebijakan gonta ganti mulu asw memang. Nyusahin semua pihak dari yg kuliah pendidikan profesi sampai ibu RT yg ngajarin anaknya.","1666297556023001089","","","in","Nam Joo Hyuk & CHANYEOL","0","1","0","https://twitter.com/regalgulaaren/status/1666297556023001089","1310270285212299264","regalgulaaren"
"1666263305877323778","Wed Jun 07 01:58:24 +0000 2023","124","Inilah contoh untuk percayakan pada ahlinya. Yang sudah ada di dalam dan paham sistem pendidikan punya data punya laporan realita lapangan punya power konkret utk melobi ke pembuat kebijakan. Bukan dari desperado demi bisa masuk ke sistem. Niatannya beda.","1666263305877323778","","","in","Indonesia","1","6","26","https://twitter.com/dokterparu/status/1666263305877323778","1335980312","dokterparu"
"1666235853415546880","Wed Jun 07 00:09:19 +0000 2023","0","Topik Diskusi Pagi ini; Polemik Marketplace atau Lokapasar Guru: Apa baik-buruknya? Dan Seberapa Mampu untuk Mengatasi Problem Guru Honorer?. Berikut Guru Besar UPI Bandung/pengamat kebijakan pendidikan; Prof Cecep Darmawan #Now #LIVE #TOPIK #pendidikan #guru #lokapasar","1666235853415546880","","","in","Semarang, Jawa Tengah","0","0","0","https://twitter.com/RadioIdolaSMG/status/1666235853415546880","385894867","RadioIdolaSMG"
"1666046015118663682","Tue Jun 06 11:34:58 +0000 2023","2","Politisi Partai Golkar @hetifah1 Himbau Kebijakan Sistem Pendidikan di Indonesia https://t.co/rit4GNyqdF lewat @kabargolkarcom","1666046015118663682","","","in","DKI Jakarta","0","0","0","https://twitter.com/kabargolkarnews/status/1666046015118663682","1243399928111452161","kabargolkarnews"
"1665938898562998272","Tue Jun 06 04:29:19 +0000 2023","0","Jika dimasa depan sudah menjadi pembuat kebijakan. Ingatlah tidak semua orang memiliki kemudahan untuk berkembang dan meraih pendidikan yang lebih tinggi. Jadi berilah kesempatan kepada orang lain yang butuh berjuang untuk hidupnya","1665938898562998272","","","in","","0","0","0","https://twitter.com/RekamSunyi/status/1665938898562998272","1263141712089608197","RekamSunyi"
"1665904292199559168","Tue Jun 06 02:11:48 +0000 2023","31","Arah kebijakan fiskal 2024: Mempercepat transformasi ekonomi yang inklusif dan berkelanjutan. Artinya kerja keras dari sisi SDM harapan hidup pengangguran stunting pendidikan kesehatan industri manufaktur dan apapun yang mendukung Indonesia maju harus dilakukan.🇮🇩 https://t.co/dsD7JTYpVS","1665904292199559168","https://pbs.twimg.com/media/Fx563KraYAAq8MK.jpg","","in","Indonesia","2","2","34","https://twitter.com/KemenkeuRI/status/1665904292199559168","600673907","KemenkeuRI"
"1665873612941787136","Tue Jun 06 00:09:54 +0000 2023","0","Sudut Pandang Menyoal Marketplace Guru - Bersama Prof. Dr. H. Cecep Darmawan https://t.co/F3FFqtnxLn (Pengamat Kebijakan Pendidikan UPI) https://t.co/uIMGbTZrP5","1665873612941787136","","","in","Bandung","0","0","0","https://twitter.com/mqfmbandung/status/1665873612941787136","135549655","mqfmbandung"
"1665739870877413379","Mon Jun 05 15:18:27 +0000 2023","0","Kebijakan Ngawur Nadiem Saya baru tahu kalo Nadiem ini banyak masalah. Nadiem memperlakukan kementerian ini dengan seenak jidat. Nadiem dengan kewenangannya membawa orang2 yg tidak paham sama sekali soal pendidikan dan tidak tanggung2 hampir 400 orang yang dibawa. https://t.co/sekHwx8Xnk","1665739870877413379","https://pbs.twimg.com/media/Fx3ljrLaMAAtaqd.jpg","","in","Ciputat, Indonesia","0","1","0","https://twitter.com/Sudut_Pandang45/status/1665739870877413379","1631745967845421056","Sudut_Pandang45"
"1664801619287085057","Sat Jun 03 01:10:11 +0000 2023","0","*Testimoni Iptu Daniel Ganjar Kristanto S.Sos. S.I.K. Penerima Beasiswa Magister Administrasi dan Kebijakan Pengembangan SDM sektor Publik di Universitas Indonesia. Program Kerja Sama Pendidikan antara SSDM Polri dengan Universitas Indonesia https://t.co/hK4sMZw1NS","1664801619287085057","https://pbs.twimg.com/ext_tw_video_thumb/1664801561288253440/pu/img/u-xE4v_PMI_Ap_JB.jpg","","in","South Borneo, Indonesia","0","0","0","https://twitter.com/zebrabatola/status/1664801619287085057","1247151928468889600","zebrabatola"
"1664789675653906432","Sat Jun 03 00:22:43 +0000 2023","0","*Testimoni Iptu Daniel Ganjar Kristanto S.Sos. S.I.K. Penerima Beasiswa Magister Administrasi dan Kebijakan Pengembangan SDM sektor Publik di Universitas Indonesia. Program Kerja Sama Pendidikan antara SSDM Polri dengan Universitas Indonesia dalam rangka peningkatan kualitas https://t.co/h3hWbpY0tg","1664789675653906432","https://pbs.twimg.com/ext_tw_video_thumb/1664789618515152896/pu/img/cBEPbpQXrUSRbdPg.jpg","","in","","0","0","0","https://twitter.com/polsekanpas/status/1664789675653906432","1646724815259316224","polsekanpas"
"1664759359581167624","Fri Jun 02 22:22:15 +0000 2023","0","*Testimoni Iptu Daniel Ganjar Kristanto S.Sos. S.I.K. Penerima Beasiswa Magister Administrasi dan Kebijakan Pengembangan SDM sektor Publik di Universitas Indonesia. Program Kerja Sama Pendidikan antara SSDM Polri dengan Universitas Indonesia https://t.co/sInzPt9Pcq","1664759359581167624","","","in","","0","0","0","https://twitter.com/CakraBahalap/status/1664759359581167624","1651713118853279744","CakraBahalap"
"1664757420751568896","Fri Jun 02 22:14:33 +0000 2023","0","*Testimoni Iptu Daniel Ganjar Kristanto S.Sos. S.I.K. Penerima Beasiswa Magister Administrasi dan Kebijakan Pengembangan SDM sektor Publik di Universitas Indonesia. Program Kerja Sama Pendidikan antara SSDM Polri dengan Universitas Indonesia dalam rangka peningkatan kualitas https://t.co/yCdhT5IsHf","1664757420751568896","https://pbs.twimg.com/ext_tw_video_thumb/1664757372068442112/pu/img/ZgvxjAFRv7Bh2BDx.jpg","","in","Polres Barito Kuala","0","0","0","https://twitter.com/sikeu_batola/status/1664757420751568896","1599651194129248256","sikeu_batola"
"1664682029269807104","Fri Jun 02 17:14:58 +0000 2023","0","*Testimoni Iptu Daniel Ganjar Kristanto S.Sos. S.I.K. Penerima Beasiswa Magister Administrasi dan Kebijakan Pengembangan SDM sektor Publik di Universitas Indonesia. Program Kerja Sama Pendidikan antara SSDM Polri dengan Universitas Indonesia dalam rangka peningkatan kualitas https://t.co/3UVb3ExnAF","1664682029269807104","https://pbs.twimg.com/ext_tw_video_thumb/1664681060905684992/pu/img/jeGZJT1FU7az4XNb.jpg","","in","South Borneo, Indonesia","0","0","0","https://twitter.com/sektambancity/status/1664682029269807104","1646834850270420993","sektambancity"
"1664607554796924935","Fri Jun 02 12:19:02 +0000 2023","0","*Testimoni Iptu Daniel Ganjar Kristanto S.Sos. S.I.K. Penerima Beasiswa Magister Administrasi dan Kebijakan Pengembangan SDM sektor Publik di Universitas Indonesia. Program Kerja Sama Pendidikan antara SSDM Polri dengan Universitas Indonesia dalam rangka peningkatan kualih https://t.co/BSdz7xR7vf","1664607554796924935","https://pbs.twimg.com/ext_tw_video_thumb/1664607272771915778/pu/img/MNdeIOTbayM4yBhA.jpg","","in","","0","0","0","https://twitter.com/MuaraAnjir/status/1664607554796924935","1247004187218468865","MuaraAnjir"
"1664527785568919553","Fri Jun 02 07:02:04 +0000 2023","0","Kurikulum aja masih belum bagus. Ini udah ada kebijakan baru lagi. Duh mas mentri kok dunia pendidikan kita malah makin :(","1664527785568919553","","","in","Indonesia","0","0","1","https://twitter.com/historyfilesx/status/1664527785568919553","490057162","historyfilesx"
"1664243310930841600","Thu Jun 01 12:11:40 +0000 2023","1","Amburadul. Pembuat kebijakan pemerintah koq coba2. Terkesan asal beda biar dikira inovatif. Coba survai di SULAWESI NTT NTB PAPUA... 1 sekolah SD hanya 3 guru. Padahal data lulusan sarjana pendidikan jutaan... Tinggal seleksi. Menteri koq makin aneh.","1664243310930841600","","","in","dibawah langit","0","0","0","https://twitter.com/Sapuran6/status/1664243310930841600","1336806020861988864","Sapuran6"
"1664213526230220801","Thu Jun 01 10:13:18 +0000 2023","0","Selamat Siang #WargiCadisdik4 Kepala Cabang Dinas Pendidikan Wilayah IV Budi Hermawan didampingi Kepala Sub Bagian Tata Usaha dan Analis Kebijakan Ahli Muda menghadiri Rapat Koordinasi dan Penguatan Pengawas di Aula SMAN 1 Purwakarta Rabu (31/05/2023) kemarin. https://t.co/DtxLDIhl2E","1664213526230220801","https://pbs.twimg.com/media/Fxh5YcTacAEIhDx.jpg","","in","Purwakarta, Indonesia","0","1","0","https://twitter.com/cadisdikwil4/status/1664213526230220801","1572396100530868224","cadisdikwil4"
"1664205002733408263","Thu Jun 01 09:39:26 +0000 2023","1","kuliah jurusan pendidikan raso sio2 be men kebijakan baru ttg guru nih lah nambah lagi ini itu ini itu. bukan nambah mensejahterakan guru malah menjadi memelaratkan nasib guru. harusny yg jd menteri pendidikan tu emang dri lulusan pendidikan sih jgn dri owner g","1664205002733408263","","","in","","0","1","0","https://twitter.com/txtfrmcaae/status/1664205002733408263","1577611393993703430","txtfrmcaae"
"1664182548115918850","Thu Jun 01 08:10:13 +0000 2023","0","sebagai sosok yang pro-iisma. tp kalo mas revin mau panelis lain saya ada kontak pengamat pendidikan politik &amp; kebijakan publik yg bisa kalian ajak diskusi","1664182548115918850","","","in","","0","1","0","https://twitter.com/varshyy55/status/1664182548115918850","1590058339513544704","varshyy55"
"1664155710236803072","Thu Jun 01 06:23:34 +0000 2023","0",". @ssdm_polri Testimoni Iptu Daniel Ganjar Kristanto S.Sos. S.I.K. Penerima Beasiswa Magister Administrasi dan Kebijakan Pengembangan SDM sektor Publik di UI. Progrm Kerja Sama Pendidikan antara SSDM Polri dgn Universitas Indonesia dlm rangka pningkatan kualitas personel. https://t.co/pHc0U3TXhF","1664155710236803072","https://pbs.twimg.com/ext_tw_video_thumb/1664155674971095041/pu/img/_ytxuaxrSDAZR3Vs.jpg","","in","","0","0","0","https://twitter.com/sdmpoldajambi/status/1664155710236803072","1644710159074340867","sdmpoldajambi"
"1664126719098486785","Thu Jun 01 04:28:22 +0000 2023","0","sistem pendidikan terus diperbaharui tapi ngga ada kebijakan buat mengatasi bully di sekolah.","1664126719098486785","","","in","","0","0","0","https://twitter.com/yellowwween/status/1664126719098486785","830639353","yellowwween"
"1664120850281553920","Thu Jun 01 04:05:03 +0000 2023","0","Audiensi dengan Dinas Pendidikan Riau Guru Honorer Tuntut Perhatian Lebih dan Kebijakan Nyata https://t.co/YsXE3wkOxv","1664120850281553920","","","in","Pekanbaru Riau","0","0","1","https://twitter.com/GoRiauCom/status/1664120850281553920","1632918924","GoRiauCom"
"1664068854107217920","Thu Jun 01 00:38:26 +0000 2023","1","Melalui kebijakan progresifnya Ganjar mendorong inovasi memperkuat sektor pariwisata mengembangkan pendidikan yang berkualitas serta memberdayakan potensi daerah untuk menciptakan pertumbuhan yang berkelanjutan dan merata bagi seluruh warga Jawa Tengah. https://t.co/Tsiufi57Kr","1664068854107217920","https://pbs.twimg.com/media/Fxf1zZ8agAEU14C.jpg","","in","East Nusa Tenggara, Indonesia","0","0","0","https://twitter.com/deren_andika/status/1664068854107217920","1618592637224878083","deren_andika"
