"conversation_id_str","created_at","favorite_count","full_text","id_str","image_url","in_reply_to_screen_name","lang","location","quote_count","reply_count","retweet_count","tweet_url","user_id_str","username"
"1465206794326708224","Mon Nov 29 06:31:36 +0000 2021","20","Ini baruu Kereenn..! Harapan besar Menteri BUMN Erick Thohir meminta CSR BUMN fokus ke sektor Pendidikan Lingkungan dan UMKM. Kebijakan yang sangat merakyat dan akan menjadikan BUMN begitu dekat dengan rakyat tanpa sekat. #BUMNTerusKerja @erickthohir https://t.co/VrXkffUWdl","1465206794326708224","","","in","DKI Jakarta, Indonesia","0","1","18","https://twitter.com/KutaReal_X/status/1465206794326708224","4200088157","KutaReal_X"
"1465165710468870147","Mon Nov 29 03:48:21 +0000 2021","0","wouw wow kebijakan dari kebijaksanaan yang keren negeri demokrasi import dan dan barat sebagai penggagas demokrasi sekaligus paling munafik berdemokrasi kita sangat cukup memahami sistem pendidikan &amp; sains &amp; teknologi yg sangat maju hingga kebablasan","1465165710468870147","","","in","banyak jalan menuju Allah SWT ","0","1","0","https://twitter.com/TomybuddyB/status/1465165710468870147","790157909837479936","TomybuddyB"
"1465108248428625920","Mon Nov 29 00:00:01 +0000 2021","0","Kebijakan yang tepat pemerintah pusat dalam membangun Papua dengan memberikan kewenangan penuh Otsus Majukan Pendidikan #PapuaIndonesia https://t.co/90Dg5aEaNf","1465108248428625920","https://pbs.twimg.com/media/FFUT_bPUcAIQ47v.jpg","","in","","0","0","0","https://twitter.com/Febrian40728473/status/1465108248428625920","1388737982769754123","Febrian40728473"
"1465108248009142273","Mon Nov 29 00:00:01 +0000 2021","0","Kebijakan yang dilakukan oleh pemerintah kembali memperpanjang pelaksanaan Otonomi Khusus (Otsus) Papua yang selama ini terbukti mampu menyejahterakan rakyat. Otsus Majukan Pendidikan #PapuaIndonesia https://t.co/N112yBSaod","1465108248009142273","https://pbs.twimg.com/media/FFUULzXVIAA6kis.jpg","","in","","0","0","0","https://twitter.com/Mukhlas74679335/status/1465108248009142273","1387611671519105029","Mukhlas74679335"
"1464954971216957441","Sun Nov 28 13:50:57 +0000 2021","467","Sejarah Mencatat diera Kepemimpinan SBY yg didukung penuh Partai Demokrat telah mengeluarkan Kebijakan yg berpihak kepada Guru dan Pendidikan. #HarapanRakyatPerjuanganDemokrat https://t.co/paDfoTD9oZ","1464954971216957441","https://pbs.twimg.com/media/FFSQyEIVkAE9Xln.jpg","","in","Jakarta Pusat, DKI Jakarta","5","12","85","https://twitter.com/RicKY_KCh/status/1464954971216957441","140727872","RicKY_KCh"
"1464944945995739140","Sun Nov 28 13:11:07 +0000 2021","8","7 kebijakan bapak SBY mengenai Guru dan Pendidikan.. Dan kebijakannya sangat terasa sekali membantu. Ini salah satu bukti pak SBY perhatian terhadap pendidikan anak bangsa https://t.co/mXDAeTmvDf","1464944945995739140","https://pbs.twimg.com/media/FFSHqcLVUAIwv6b.jpg","","in","jalan demokrat","0","0","4","https://twitter.com/DemokratIsMe14/status/1464944945995739140","1093547911273623553","DemokratIsMe14"
"1464770953968185344","Sun Nov 28 01:39:44 +0000 2021","1","Hii guys mau tanya gimana sih tanggapan kalian tentang kondisi pendidikan di indonesia saat ini dan bagaimana menurut kalian kebijakan dari meredeka belajar? Bantu jawab ya menurut kalian aja ini tugas soalnya terimakasih :)","1464770953968185344","","","in","Kalimantan Selatan, Indonesia","0","0","0","https://twitter.com/ameliaaflah/status/1464770953968185344","1315276806602190850","ameliaaflah"
"1464202866298548231","Fri Nov 26 12:02:21 +0000 2021","3","BNNK SINTANG 25 November 2021. BNN Kabupaten Sintang melalui Seksi P2M melaksanakan Kegiatan Konsolidasi Kebijakan Kota Tanggap Ancaman Narkoba Sektor Kelembagaan (Pendidikan). https://t.co/373UTIh5Ss","1464202866298548231","","","in","West Borneo, Indonesia","0","0","2","https://twitter.com/BnnSintang/status/1464202866298548231","1353513693170962432","BnnSintang"
"1464184870406475777","Fri Nov 26 10:50:51 +0000 2021","60","Kebijakan pendidikan dan metode mengajar seperti apa yang tepat bagi guru di Indonesia untuk mengembangkan kemampuan literasi numerasi dan sains? https://t.co/u3RAompfCK","1464184870406475777","https://pbs.twimg.com/media/FFHRfwQVEAMWj28.png","","in","Jakarta Capital Region","0","3","17","https://twitter.com/ConversationIDN/status/1464184870406475777","892211698030989312","ConversationIDN"
"1464089028974845960","Fri Nov 26 04:30:00 +0000 2021","1","Seiring dengan melandainya kasus Covid-19 di Ibu Kota Dinas Pendidikan DKI Jakarta menambah durasi pembelajaran tatap muka di sekolah-sekolah selama 1 hingga 2 jam. Kebijakan tersebut mulai diterapkan 14 November lalu. https://t.co/ns6OyEQkD6 https://t.co/J7njHIPKPD","1464089028974845960","https://pbs.twimg.com/amplify_video_thumb/1464053097584463872/img/AaASBL3p1HNlPeaI.jpg","","in","Indonesia","0","0","0","https://twitter.com/CNNIDdaily/status/1464089028974845960","3306771829","CNNIDdaily"
"1464021325668777985","Fri Nov 26 00:00:58 +0000 2021","1","Pelajaran agama ditepikan dg alesan takut anak2 terpapar radikalisme giliran e sports digaung2kan utk masuk kurikulum. Terjun kelapangan brp persen yg manfaat brp persen yg merugikan dr e-sport slm ini. Jgn asal bikin kebijakan yg menyangkut pendidikan generasi muda.","1464021325668777985","","","in","Kota Kinabalu, Sabah","0","0","1","https://twitter.com/wahyu_djanti88/status/1464021325668777985","894085686470483968","wahyu_djanti88"
"1463875204866711553","Thu Nov 25 14:20:20 +0000 2021","0","Dikutip situs Kementerian Pendidikan dan Kebudayaan pemerintah yang menganut kedaulatan rakyat dalam melaksanakan kebijakan harus berdasarkan keinginan rakyat. Dalam membuat Undang-Undang (UU) pemerintah yang ada di badan legislatif harus sesuai dengan aspirasi rakyat.","1463875204866711553","","","in","Kota Bandung, Jawa Barat","0","0","0","https://twitter.com/jose_asep/status/1463875204866711553","1266008773472088064","jose_asep"
"1463755004074815488","Thu Nov 25 06:22:42 +0000 2021","29","#HariGuruNasional Titip Pesan untuk Pak Mendikbudristek @nadiemmakarim.. Fokus pada tujuan utama pendidikan mencerdaskan kehidupan bangsa. Hindari kebijakan/terobosan yang kontroversial dan meresahkan.","1463755004074815488","","","in","TB. Simatupang No. 82, Jakarta","0","0","12","https://twitter.com/PKSejahtera/status/1463755004074815488","22365191","PKSejahtera"
"1463746949455101953","Thu Nov 25 05:50:42 +0000 2021","0","Selamat Hari Guru Nasional Semoga hanya tidak sekedar menjadi acara ceremonial belaka semoga ada perubahan kebijakan tentang nasib para guru. Jangan menuntut pendidikan maju kalo gurunya saja kehidupane susah","1463746949455101953","","","in","","0","0","0","https://twitter.com/his_ever/status/1463746949455101953","1318985592697335808","his_ever"
"1463730317945016327","Thu Nov 25 04:44:37 +0000 2021","3","Guru melaksakanakan segala kebijakan pemerintah dalam bidang pendidikan. #TerimaKasihGuru #selamathariguru","1463730317945016327","","","in","East Java, Indonesia","0","0","1","https://twitter.com/NurazizaShima/status/1463730317945016327","1172059682568990720","NurazizaShima"
"1463718734091145216","Thu Nov 25 03:58:35 +0000 2021","0","RT majalahSM Haedar Nashir mengajak seluruh pemangku kebijakan untuk merefleksikan Hari Guru Nasional 2021 sebagai wahana meneguhkan komitmen seluruh guru Indonesia. Guru merupakan bagian penting dari aktor pemajuan dunia pendidikan Indonesia. https://t.co/wFTeXLQfxN ","1463718734091145216","","","in","","0","0","0","https://twitter.com/netizenmu/status/1463718734091145216","846924902019977216","netizenmu"
"1463711687534469120","Thu Nov 25 03:30:35 +0000 2021","25","Haedar Nashir mengajak seluruh pemangku kebijakan untuk merefleksikan Hari Guru Nasional 2021 sebagai wahana meneguhkan komitmen seluruh guru Indonesia. Guru merupakan bagian penting dari aktor pemajuan dunia pendidikan Indonesia. https://t.co/nH8A1a74cI","1463711687534469120","","","in","Yogyakarta","0","1","4","https://twitter.com/majalahSM/status/1463711687534469120","836611718","majalahSM"
"1463709090903855104","Thu Nov 25 03:20:16 +0000 2021","0","Selamat hari guru untuk semua guru hebat. Semoga kualitas pendidikan di Indonesia semakin baik dan merata. Pemerintah jangan hanya memberikan ucapan terus benahi kebijakan-kebijakan strategis untuk pendidikan di Indonesia termasuk jaminan kesejahteraan untuk guru.","1463709090903855104","","","in","Eks-Karesidenan Banyumas","0","0","0","https://twitter.com/Dwi_nfBella/status/1463709090903855104","979991149","Dwi_nfBella"
"1463698310867259401","Thu Nov 25 02:37:26 +0000 2021","0","Selamat Hari Guru Nasional 2021 Bergerak dengan hati Pulihkan pendidikan. Semoga kesejahteraan para Guru di Indonesia menjadi prioritas pemangku kebijakan. #selamathariguru #SelamatHariGuruNasional https://t.co/G0sMGINPQk","1463698310867259401","https://pbs.twimg.com/media/FFAZ2mIVIAMeZdZ.jpg","","in","sidoarjo","0","0","0","https://twitter.com/ayah_nisaaa/status/1463698310867259401","396397944","ayah_nisaaa"
"1463669981686558721","Thu Nov 25 00:44:51 +0000 2021","2","BNN Kabupaten Pidie Jaya Melaksanakan Kegiatan Konsolidasi Kebijakan Kota Tanggap Narkoba Pada Lingkungan Pendidikan. https://t.co/RLCJaBXwIB","1463669981686558721","https://pbs.twimg.com/media/FFAAFAUVEAYcrmm.jpg","","in","Kabupaten Pidie Jaya ","0","0","1","https://twitter.com/BNNK_Pidie_Jaya/status/1463669981686558721","1348544347004751873","BNNK_Pidie_Jaya"
"1463664932029751297","Thu Nov 25 00:24:48 +0000 2021","34","Seolah warga kelas dua dilingkungan kerja pendidikan. Nasib guru honorer masih saja terkatung-katung dgn kebijakan yg dibuat penguasa di sistem kapitalis. Padahal GURU adalah TULANG PUNGGUNG PENDIDIKAN NASIONAL yg akan menentukan nasib bangsa di masa depan. #BagaimanaNasibGuru","1463664932029751297","","","in","Türkiye 007 - X³c","0","3","13","https://twitter.com/L3g10N_B4ttLe07/status/1463664932029751297","709425345888329729","L3g10N_B4ttLe07"
"1463652634666045442","Wed Nov 24 23:35:56 +0000 2021","1","Kenapa gerakan lingkungan di Indonesia amat sangat sulit berkembang? IMHO slain kebijakan dr pemerintahnya yg pro korporasi n oligarki pendidikan jg sgt berpengaruh sbb pendidikan yg melahirkan pola pikir sampai perilaku masyarakat luas.","1463652634666045442","","","in","Jepara. Indonesia","0","0","0","https://twitter.com/miavita_store/status/1463652634666045442","1202075086909558784","miavita_store"
"1463441359256186880","Wed Nov 24 09:36:24 +0000 2021","0","Talkshow Sonora bersama Ditjen Bimas Katolik @kemenag_ri . 1. Bp. Dr. Aloma Sarumaha MA https://t.co/bDvZpw7Ai6 - Sekretaris Ditjen Bimas Katolik 2. Bp. Drs. Agustinus Tungga Gempa MM ( Kebijakan Teknis Direktorat Pendidikan Katolik) Kamis 25 Nov 2021 Pk. 09.00-10.00 https://t.co/4Y86qvGcyZ","1463441359256186880","https://pbs.twimg.com/media/FE8wKLwVkAQa0zW.jpg","","in","Yogyakarta","0","0","0","https://twitter.com/sonorafmjogja/status/1463441359256186880","189059637","sonorafmjogja"
"1463439384980574211","Wed Nov 24 09:28:33 +0000 2021","3","Ironis dengan Kebijakan Penguasa Pemerhati Pendidikan Ungkap Penyebab Indonesia Bukan Bangsa Maju https://t.co/nEJlxZEPuu","1463439384980574211","","","in","Indonesia","0","0","1","https://twitter.com/pikiran_rakyat/status/1463439384980574211","58880688","pikiran_rakyat"
"1463424035493060612","Wed Nov 24 08:27:33 +0000 2021","0","KSP: Pendidikan Kedinasan sebagai Kebijakan Afirmasi Dorong SDM Papua https://t.co/eE3dQcvH8h","1463424035493060612","","","in","Pekanbaru Riau","0","0","0","https://twitter.com/GoRiauCom/status/1463424035493060612","1632918924","GoRiauCom"
"1463401521400352780","Wed Nov 24 06:58:06 +0000 2021","0","KSP: Pendidikan Kedinasan sebagai Kebijakan Afirmasi Dorong SDM Papua https://t.co/eE3dQcvH8h","1463401521400352780","","","in","Pekanbaru Riau","0","0","1","https://twitter.com/GoRiauCom/status/1463401521400352780","1632918924","GoRiauCom"
"1463143915255578628","Tue Nov 23 13:54:27 +0000 2021","3","sch! Tanggapan kalian terhadap kondisi pendidikan saat ini gimana? Dan kebijakan merdeka belajar. ・・・ Trivia: Protista mirip hewan (protozoa) = uniseluler heterotrof hidup di perairan dan tanah.","1463143915255578628","","","in","Paid Promote/ Partnership 👇🏻","0","1","0","https://twitter.com/schfess/status/1463143915255578628","1201673806156161025","schfess"
"1462957193607610368","Tue Nov 23 01:32:30 +0000 2021","3","sch! Tanggapan kalian terhadap kondisi pendidikan saat ini gimana? Dan kebijakan merdeka belajar. ・・・ Trivia: rambut kita tumbuh sampai 12 5cm setiap tahunnya","1462957193607610368","","","in","Paid Promote/ Partnership 👇🏻","0","0","1","https://twitter.com/schfess/status/1462957193607610368","1201673806156161025","schfess"
"1462951946344562690","Tue Nov 23 01:11:38 +0000 2021","0","kebijakan pembangun pendidikan. terwujudnya Jawa Barat lahir batin dengan inovasi dan kolaborasi ","1462951946344562690","","","in","ÜT: -6.5667666,107.4283067","0","0","0","https://twitter.com/noraikaiueo/status/1462951946344562690","82840898","noraikaiueo"
"1462949941186207746","Tue Nov 23 01:03:40 +0000 2021","1","Istilah lockdown Istilah ppkm/psbb Dll Genosida atas nama virus Ekonomi mental pendidikan ibadah hancur lebur oleh kebijakan yang mentandatanani patennya gelombang si pairus oleh antek globalis","1462949941186207746","","","in","Surabaya, Indonesia ","1","0","0","https://twitter.com/alvinrio_1501/status/1462949941186207746","3249664333","alvinrio_1501"
"1462933784815308803","Mon Nov 22 23:59:28 +0000 2021","6","Gubernur @aniesbaswedan bersama Pemprov @DKIJakarta tetapkan UMP 2022 sebesar Rp 4.453.935 dan juga menerapkan kebijakan lainnya meningkatkan kesejahteraan dengan memberikan bantuan layanan transportasi penyediaan pangan harga murah dan biaya personal pendidikan. https://t.co/uQWzIDG1Ul","1462933784815308803","https://pbs.twimg.com/media/FE1ihOmVkAIXk5q.jpg","","in","","0","0","1","https://twitter.com/patriot016610/status/1462933784815308803","2558197662","patriot016610"
"1462782341026246656","Mon Nov 22 13:57:41 +0000 2021","2","Mau tanya ke @nadiemmakarim soal pendidikan. Apakah ada kebijakan untuk menaikkan kelas bagi anak didik saat pandemi tanpa evaluasi kemampuan anak didik?","1462782341026246656","","","in","Jakarta Timur, DKI Jakarta","0","0","0","https://twitter.com/Arifnaleraja/status/1462782341026246656","1203646855671738368","Arifnaleraja"
"1462738454798757889","Mon Nov 22 11:03:18 +0000 2021","0","Setulus niat? Benarkah? Bahkan pendidikan saja dikotori? Kebijakan? ","1462738454798757889","","","in","Jakarta Timur, DKI Jakarta","0","0","0","https://twitter.com/Thetanaya/status/1462738454798757889","249549071","Thetanaya"
"1462706080853549057","Mon Nov 22 08:54:40 +0000 2021","101","Saat menghadiri acara Pendidikan Kader Nasional PDI Perjuangan Angkatan I Tahun 2021 saya berpesan agar seluruh kader menjadikan Trisakti sebagai pedoman dalam strategi dan tujuan kebijakan program perjuangan dalam bidang politik ekonomi dan budaya. #pdiperjuangan #nawacita https://t.co/1l6JH49MNh","1462706080853549057","https://pbs.twimg.com/media/FEyTTfYVIAsM8NI.jpg","","in","","3","48","38","https://twitter.com/puanmaharani_ri/status/1462706080853549057","1410866743271051267","puanmaharani_ri"
"1462679020374347778","Mon Nov 22 07:07:08 +0000 2021","0","Bahkan lulusan pendidikan yang tinggi pun masih sering membuat kebijakan yang membingungkan banyak orang....","1462679020374347778","","","in","Jakarta Capital Region","0","0","0","https://twitter.com/KatinGryffindor/status/1462679020374347778","3165096044","KatinGryffindor"
"1462630864848830470","Mon Nov 22 03:55:47 +0000 2021","0","Kebijakan pendidikan ter7s bergerak terkini ada penghapusan UN penerapan AKM dan rencana Kurikulum baru. Bagaimana perubahan orientasi yang harus di kembangkan? https://t.co/BQ4HLsxcfw","1462630864848830470","","","in","","0","0","0","https://twitter.com/KhristiyonoPs/status/1462630864848830470","706687152520736768","KhristiyonoPs"
"1462201825302433800","Sat Nov 20 23:30:56 +0000 2021","18","Kebijakan afirmasi pemberian beasiswa kepada putra-putri OAP melalui Otsus bertujuan meningkatkan akses pendidikan bermutu dan berkualitas guna peningkatan mutu dan daya saing OtsusPapua WargaSejahtera https://t.co/59bXsVn4xa","1462201825302433800","https://pbs.twimg.com/media/FErItA8VUAMiRx5.jpg","","in","Jakarta Pusat, DKI Jakarta","5","4","9","https://twitter.com/karshowno92/status/1462201825302433800","1209891354072866816","karshowno92"
"1462150624477212673","Sat Nov 20 20:07:28 +0000 2021","0","Menag @gusyaqut Mengatakan: Kementerian Agama mendukung kebijakan Kementerian Pendidikan Kebudayaan Riset dan Teknologi (Kemendikbudristek) terkait Pencegahan dan Penanganan Kekerasan Seksual (PPKS) di Lingkungan Perguruan Tinggi. #dukungpermendikbudristek30 https://t.co/5vI9NEQk78","1462150624477212673","https://pbs.twimg.com/media/FEqaPSgVUAAmj0a.jpg","","in","","0","0","0","https://twitter.com/mamavanenbas/status/1462150624477212673","212506085","mamavanenbas"
"1462051174186553351","Sat Nov 20 13:32:18 +0000 2021","5","Pendidikan politik sepenting itu buat perkembangan demokrasi. Setidaknya mengajarkan bahwa sebagai warga negara kita berhak dan harus mengkritisi pemerintah kita. Kalau pengetahuan dasar soal itu aja gak pernah diajarkan kita bisa manut manut aja sama kebijakan sekonyol apapun.","1462051174186553351","","","in","Jakarta","0","1","0","https://twitter.com/nasisiramcumi/status/1462051174186553351","470855442","nasisiramcumi"
"1462015665691246598","Sat Nov 20 11:11:12 +0000 2021","0","Jurusan Manajemen Pendidikan ngambil analis kurikulum tp tesnya tentang analis kebijakan. Waktunya 2 mingguan dan kudu belajar dr nol.. Semoga otak ga konslet :(","1462015665691246598","","","in","Bintaro","0","2","0","https://twitter.com/ZulaehaGates/status/1462015665691246598","268127055","ZulaehaGates"
"1461997749663064071","Sat Nov 20 10:00:00 +0000 2021","3","Pandemi merupakan momentum untuk merefleksikan perubahan terhadap strategi dan kebijakan pendidikan yang lebih berpihak pada perkembangan anak. Selain itu juga memperlihatkan krusialnya peran aktif orang tua dalam proses pembelajaran siswa di rumah. https://t.co/8avksXy97j","1461997749663064071","","","in","Jakarta","0","0","0","https://twitter.com/magdaleneid/status/1461997749663064071","1521159020","magdaleneid"
"1461682539312005124","Fri Nov 19 13:07:28 +0000 2021","6","Dalam hal ini kebijakan ORBA terkait pendidikan dasar sudah tepat. Gak ada kewajiban TK apalagi sekolah anak masih dalam gendongan alias PAUD. Calistung mulai di SD bahasa Inggris mulai SMP. Kurikulum dan buku SD-SMA ga berubah karena tujuannya peletakkan fondasi..","1461682539312005124","","","in","Indonesia","0","1","3","https://twitter.com/IFnubia/status/1461682539312005124","62831377","IFnubia"
"1461620750599671809","Fri Nov 19 09:01:57 +0000 2021","3","2 hari lagi! Ikuti bincang-bincang bersama Latasha Safira Nadia Fairuza Azzahra dan Clarines Sadira dari @cips_id di @IdeafestID untuk membahas peran kebijakan dalam memberdayakan masyarakat khususnya di bidang pendidikan. Info: https://t.co/ealXkrBu0J https://t.co/1PLZ6P0k27","1461620750599671809","https://pbs.twimg.com/media/FEi4UwSVUAEIrbt.jpg","","in","Jakarta, Indonesia","1","0","0","https://twitter.com/cips_id/status/1461620750599671809","3146528560","cips_id"
"1461552314712412162","Fri Nov 19 04:30:00 +0000 2021","0","Yg perlu kita ketahui bahwa pemangku kebijakan bidang pendidikan juga mesti dilibatkan dalam pemberian materi antikorupsi #JokowiCareHumanRights https://t.co/abvAyA7dQF","1461552314712412162","https://pbs.twimg.com/media/FEh4_nJVUAE-MhW.jpg","","in","","0","0","0","https://twitter.com/Rike11669712/status/1461552314712412162","1415664361528446989","Rike11669712"
"1461552314003587075","Fri Nov 19 04:30:00 +0000 2021","0","Dan pemangku kebijakan bidang pendidikan juga mesti dilibatkan dalam pemberian materi antikorupsi #JokowiCareHumanRights https://t.co/1gbdoQryrK","1461552314003587075","https://pbs.twimg.com/media/FEh4meGVgAY-Ej7.jpg","","in","","0","0","0","https://twitter.com/Tendi79658467/status/1461552314003587075","1415319098121068551","Tendi79658467"
"1461552313374412802","Fri Nov 19 04:30:00 +0000 2021","0","pemangku kebijakan bidang pendidikan juga mesti dilibatkan dalam pemberian materi antikorupsi. Mari bersama bantas korupsi. #JokowiCareHumanRights https://t.co/GxWGtftKpO","1461552313374412802","https://pbs.twimg.com/media/FEh4ZL3UUAkMKkK.jpg","","in","","0","0","0","https://twitter.com/ca24terina/status/1461552313374412802","1426434248362184704","ca24terina"
"1461552312208424961","Fri Nov 19 04:30:00 +0000 2021","0","pemangku kebijakan bidang pendidikan juga mesti dilibatkan dalam pemberian materi antikorupsi #JokowiCareHumanRights https://t.co/dot4rTudwd","1461552312208424961","https://pbs.twimg.com/media/FEh3QarVcAQhWy8.jpg","","in","","0","0","0","https://twitter.com/Aricha86393318/status/1461552312208424961","1403712110442409990","Aricha86393318"
"1461552312187379720","Fri Nov 19 04:30:00 +0000 2021","0","Jadi pemangku kebijakan bidang pendidikan juga mesti dilibatkan dalam pemberian materi antikorupsi #JokowiCareHumanRights https://t.co/twzlacTBz8","1461552312187379720","https://pbs.twimg.com/media/FEh4frpVEAA5pfG.jpg","","in","","0","0","0","https://twitter.com/Wika29129269/status/1461552312187379720","1403733870218924036","Wika29129269"
"1461532894573174792","Fri Nov 19 03:12:50 +0000 2021","8","Kemenag dukung pencegahan kekerasan seksual. Kebijakan Permendikbud sangat baik untuk dunia pendidikan. Kita tidak boleh menutup mata dengan masalah kekerasan seksual di dunia pendidikan yang menyebabkan trauma pada korbannya. @jokowi Peduli Dunia Pendidikan https://t.co/o8x9TA53QI","1461532894573174792","https://pbs.twimg.com/media/FEhoa8HUUAQuqWT.jpg","","in","","0","0","5","https://twitter.com/RBonafida/status/1461532894573174792","1261496786440515586","RBonafida"
"1461528563228700678","Fri Nov 19 02:55:38 +0000 2021","2","Q&amp;A: Apa saja kebijakan &amp; program 5 tahun ke depan? Sektor utama yang akan digarap pendidikan kesehatan ekonomi politik &amp; kepemimpinan perempuan dengan memperbanyak pelatihan. Indonesia saat ini menjadi Ketua G20 Empower dimana sejalan dengan pencapaian SDG. -Lenny R. https://t.co/VPQG8KHFpw","1461528563228700678","https://pbs.twimg.com/media/FEhke5IUYA0Vimk.jpg","","in","Jakarta, Indonesia","0","0","1","https://twitter.com/JPAL_SEA/status/1461528563228700678","780290028379312128","JPAL_SEA"
"1461505744210063363","Fri Nov 19 01:24:57 +0000 2021","4","Kebijakan pendidikan tuh (pusat/daerah) jangan disusun pake rahasia-rahasiaan. Ajak masyarakat/stakeholder untuk ikutan berpendapat. Fasilitasi pihak yang ga ngerti. Kebijakan yang disusun dengan cara patronizing ga efektif di lapangan.","1461505744210063363","","","in","Jakarta, Indonesia","0","1","4","https://twitter.com/goldydharmawan/status/1461505744210063363","154494791","goldydharmawan"
"1461503555529887745","Fri Nov 19 01:16:15 +0000 2021","3","Pemerintah (pusat/daerah) tuh ga mau ngakuin gagal bikin kebijakan pendidikan. Minimal ngaku kekurangannya deh... Biar masyarakat juga tahu apa yang bisa diperbaiki. Kalau nyusun kebijakan pendidikan cuma karena itu tindakan mulia mah ga cukup.","1461503555529887745","","","in","Jakarta, Indonesia","0","1","1","https://twitter.com/goldydharmawan/status/1461503555529887745","154494791","goldydharmawan"
"1461492775375937537","Fri Nov 19 00:33:25 +0000 2021","26","20 tahun terakhir pendidikan mandek... Banyak kebijakan yang dibikin asal-asalan... Baru akhir-akhir ini kebijakannya mulai pakai riset dan belok arah yang bener...","1461492775375937537","","","in","Jakarta, Indonesia","0","0","3","https://twitter.com/goldydharmawan/status/1461492775375937537","154494791","goldydharmawan"
"1461248369393745928","Thu Nov 18 08:22:14 +0000 2021","0","Konsolidasi kebijakan Kota Tanggap ancaman Narkoba pada sektor Pendidikan https://t.co/SwBLtFRDPJ","1461248369393745928","https://pbs.twimg.com/media/FEdlnevVQAEq_72.jpg","","in","Cirebon, Jawa Barat","0","0","0","https://twitter.com/bnnkotacirebon/status/1461248369393745928","1345988942181453826","bnnkotacirebon"
"1461242774725042182","Thu Nov 18 08:00:00 +0000 2021","0","Akuntansi untuk ekonomi perawatan yang tidak dibayar dapat mendorong kebijakan progresif seperti cuti keluarga yang dibayar kredit jaminan sosial untuk penitipan anak dini kredit pajak dan pendidikan anak usia dini yang berkualitas. #StartupBUMN","1461242774725042182","","","in","Bekasi, Jawa Barat","0","0","0","https://twitter.com/marfuah_an/status/1461242774725042182","1254965483784171522","marfuah_an"
"1461231412833513476","Thu Nov 18 07:14:51 +0000 2021","5","BNNK Batang Hari melaksanakan Konsolidasi Kebijakan Kota/Kabupaten Tanggap Ancaman Narkoba Pada Lingkungan Pendidikan di Kabupaten Batang Hari (18/11/2021). https://t.co/OYcQGWBRGx #WarOnDrugs #IndonesiaBersinar https://t.co/kU9lGvLiLt","1461231412833513476","https://pbs.twimg.com/media/FEdWNh3UcAA9eJs.jpg","","in","Kab. Batang Hari, Jambi","0","0","1","https://twitter.com/Bnnk_btghari/status/1461231412833513476","1346668456721010688","Bnnk_btghari"
"1461151275114909698","Thu Nov 18 01:56:25 +0000 2021","1","masih ingat kah tidak lama ini @Kemdikbud_RI @nadiemmakarim melahirkan kebijakan yang mencegah terjadinya kekerasan seksual di dalam institusi pendidikan di Indonesia. #Aisyiyah #Muhammadiyah #Islamberkemajuan","1461151275114909698","","","in","Banda Aceh, Aceh, Indonesia","0","0","0","https://twitter.com/unmuha/status/1461151275114909698","122306013","unmuha"
"1461144641105924101","Thu Nov 18 01:30:03 +0000 2021","1","masih ingat kah tidak lama ini @Kemdikbud_RI @nadiemmakarim melahirkan kebijakan yang mencegah terjadinya kekerasan seksual di dalam institusi pendidikan di Indonesia. #Aisyiyah #Muhammadiyah #IslamBerkemajuan","1461144641105924101","","","in","Yogyakarta, Indonesia","0","0","0","https://twitter.com/rahmadotid_/status/1461144641105924101","1250797771352752131","rahmadotid_"
"1460998787414073346","Wed Nov 17 15:50:29 +0000 2021","2","masih ingat kah tidak lama ini @Kemdikbud_RI @nadiemmakarim melahirkan kebijakan yang mencegah terjadinya kekerasan seksual di dalam institusi pendidikan di Indonesia. #Aisyiyah #Muhammadiyah #Islamberkemajuan","1460998787414073346","","","in","Cempaka Putih, Indonesia","0","0","1","https://twitter.com/IMMFTUMJ/status/1460998787414073346","2803465692","IMMFTUMJ"
"1460898504222642183","Wed Nov 17 09:12:00 +0000 2021","0","Kebijakan tersebut tertuang dalam Peraturan Menteri Pendidikan Kebudayaan Riset Dan Teknologi Republik Indonesia Nomor 30 Tahun 2021","1460898504222642183","","","in","","0","0","3","https://twitter.com/ikbenmoeschat/status/1460898504222642183","1198636408757309446","ikbenmoeschat"
"1460895150322831364","Wed Nov 17 08:58:40 +0000 2021","0","masih ingat kah tidak lama ini @Kemdikbud_RI @nadiemmakarim melahirkan kebijakan yang mencegah terjadinya kekerasan seksual di dalam institusi pendidikan di Indonesia. #Aisyiyah #Muhammadiyah #Islamberkemajuan","1460895150322831364","","","in","Malang, Jawa Timur","0","0","0","https://twitter.com/AtikaMandasarii/status/1460895150322831364","1097480310587965440","AtikaMandasarii"
"1460828941925584899","Wed Nov 17 04:35:35 +0000 2021","0","KATEGORI REKRUTMEN PROAKTIF SDM POLRI PENERIMAAN BINTARA POLRI 2022 Kategori Affirmative Action Affirmative Action (tindakan penguatan) Adalah Suatu Kebijakan yang Diberikan Secara Khusus Kepada Kelompok/Golongan Tertentu Secara Proposional Dalam Rangka Rekrutmen Pendidikan https://t.co/EFHpfTafJf","1460828941925584899","https://pbs.twimg.com/media/FEXoGwMVgAMGtHh.jpg","","in","Lampung Tengah, Lampung","0","0","0","https://twitter.com/SeputihPolsek/status/1460828941925584899","1269158462396588037","SeputihPolsek"
"1460812806375100423","Wed Nov 17 03:31:28 +0000 2021","44","Pandawa Nusantara Mengucapkan Selamat Hari Pelajar Internasional 2021 yg jatuh pada 17 November 2021. #pandawanusnatara #aktivis #warganusantara #haripelajarinternasional #selamatharipelajar #indonesia #pelajar #masyarakat #kebijakan #pendidikan https://t.co/KDBqIhVfPo","1460812806375100423","https://pbs.twimg.com/media/FEXZgENUcAszrEy.jpg","","in","","0","42","1","https://twitter.com/PandawaNusa21/status/1460812806375100423","1430412451934208003","PandawaNusa21"
"1460636940269604870","Tue Nov 16 15:52:38 +0000 2021","0","Semoga kebijakan ini juga masuk ke ranah pendidikan ada banyak tenaga pendidik dan guru yang diupah jauh dari layak","1460636940269604870","","","in","","0","0","0","https://twitter.com/ifanemin/status/1460636940269604870","2919165798","ifanemin"
"1460515128420417536","Tue Nov 16 07:48:36 +0000 2021","10","Nadiem pny kebijakan yg oke terkait pencegahan kekerasan seksual di institusi pendidikan. Namun doi jg prlu segera perhatiin msalah magangmerdeka yg benefitnya tdk kunjung cair. Klo ada blocker pencairan dana better Nadiem kasih statement agar ga php ke anak magang @PNS_Ababil","1460515128420417536","","","in","Banda Neira, ID","0","0","6","https://twitter.com/prosespemula/status/1460515128420417536","1367898333012914180","prosespemula"
"1460462566598086657","Tue Nov 16 04:19:44 +0000 2021","0","Pki itu hari ini hidup dalam tubuh pdip ini bukan kata saya lho simak aja omongan kader pdip ini. Pantas aja kebijakan hari ini selalu nyeleneh gak kementerian agama sampai kementerian pendidikan.","1460462566598086657","","","in","Kota Kendari, Sulawesi Tenggar","0","0","1","https://twitter.com/toseonindonesia/status/1460462566598086657","1248738556538834944","toseonindonesia"
"1460450086631219206","Tue Nov 16 03:30:09 +0000 2021","2","Laporan baru kami yang didukung @dfat menyajikan rekomendasi kebijakan dalam mewujudkan pendidikan inklusif dan menggali potensi anak berkebutuhan khusus di Indonesia. Selengkapnya https://t.co/IS3aeNORkX https://t.co/QjN2LYSeY0","1460450086631219206","https://pbs.twimg.com/media/FESPnV0X0AA9j7Q.jpg","","in","","0","0","1","https://twitter.com/BankDunia/status/1460450086631219206","137894459","BankDunia"
"1460442004714713089","Tue Nov 16 02:58:02 +0000 2021","0","Menurut Isa Ansori selaku Dewan Pendidikan Jawa Timur dalam talkshow Ranah Publik Suara Muslim Kamis (11/11/21) kebijakan Permendikbudristek ini banyak bertentangan dengan standar nilai maupun moral di dalam KUHP. https://t.co/hs7VAjr5rg","1460442004714713089","","","in","Jl. Dinoyo 57 Surabaya","0","0","0","https://twitter.com/suaramuslimnet/status/1460442004714713089","1341631241573920768","suaramuslimnet"
"1460398016301387779","Tue Nov 16 00:03:14 +0000 2021","25","Di salah satu essay gue pernah gue bahas ttg gimana Pak Nadiem kalo bikin kebijakan kadang ga permisi sama organisasi pelopor pendidikan (yg happened to be org agama tertua di Indonesia). But in this case it is much needed to go radical and say bodo amat. Thank you Pak ️ https://t.co/2MN7KCXaK8","1460398016301387779","https://pbs.twimg.com/media/FERgQCwUcAY5Wty.jpg","","in","","0","1","15","https://twitter.com/tipaa/status/1460398016301387779","79931998","tipaa"
"1460190862072184837","Mon Nov 15 10:20:05 +0000 2021","0","Salah implementasi atau salah kebijakan atau lebih banyak kebijaksanaan? Atau emang kultur pendidikan nya? Mari beropini.... https://t.co/q9ntf22mzR","1460190862072184837","https://pbs.twimg.com/media/FEOj2XtVEAQ0nE8.jpg","","in","Indonesia","0","0","0","https://twitter.com/narasi_kuh/status/1460190862072184837","62989369","narasi_kuh"
"1460165950947282947","Mon Nov 15 08:41:05 +0000 2021","13","Ini kebijakan bagus. Semua pihak harus mendukungnya. Dengan kebijakan ini kita berharap para korban dapat bersuara dan kekerasan seksual di dunia pendidikan dapat dihentikan🇲🇨 https://t.co/xoHtdv0LIy","1460165950947282947","https://pbs.twimg.com/media/FEOM_XsVEAI4ocH.jpg","","in","","0","4","12","https://twitter.com/4ntiHo4x/status/1460165950947282947","1427074375342190593","4ntiHo4x"
"1460082856655351811","Mon Nov 15 03:10:54 +0000 2021","2","Partai Perindo bertekad meraih kursi legislatif sebanyak-banyaknya pada Pemilu 2024 agar bisa ambil bagian membuat kebijakan tepat sasaran yang mempercepat produktivitas dan pendidikan masyarakat sehingga Indonesia lebih cepat sejahtera. https://t.co/VBHX3emh5Z #PerindoUpdate","1460082856655351811","","","in","Jakarta, Indonesia","0","0","0","https://twitter.com/PartaiPerindo/status/1460082856655351811","1187620147","PartaiPerindo"
"1459917687245524997","Sun Nov 14 16:14:35 +0000 2021","0","Pendidikan tggi punya gelar tp otaknya tdk di pakai melihat segala masalah yg terjdi.Argumentasi secara akademik jago krn lulusan terbaik di sekolah ternama. Tp sy merka punya gelar tdk pernah sekolah kebijakan dlm dirinya biasa dr mereka itu Lupa diri Lupa asal usulnya sendiri.","1459917687245524997","","","in","Jakarta Capital Region","0","0","0","https://twitter.com/Pradabasus/status/1459917687245524997","809339742428901376","Pradabasus"
"1459908894575108109","Sun Nov 14 15:39:38 +0000 2021","1","Kegiatan Konsolidasi Kebijakan Kota Tanggap Ancaman Narkoba di Lingkungan Pendidikan. @INFOBNN #warondrugs #indonesiabersinar #jakartabersinar #bnnpdkijakarta #humasbnnpdkijakarta https://t.co/2DgyOeSsZe","1459908894575108109","https://pbs.twimg.com/media/FEKjYalVcAcD5su.jpg","","in","DKI Jakarta, Indonesia","0","0","0","https://twitter.com/bnn_prov_dki/status/1459908894575108109","724898498123030528","bnn_prov_dki"
"1459845504603283465","Sun Nov 14 11:27:45 +0000 2021","0","pak nadiem capek bgt ga si?? maksud gue ya dia jadi mentri pendidikan pas lagi pandemi gini kayak mau bikin kebijakan aja gt mesti mikir keras. WE LOVE PAK NADIEMM","1459845504603283465","","","in","","0","0","0","https://twitter.com/chingudewl/status/1459845504603283465","1283263677597016064","chingudewl"
"1459771320489500678","Sun Nov 14 06:32:58 +0000 2021","0","PERMENDIKBUDRISTEK 30 UNTUK PPKS PT EFEKTIFKAH? Oleh: Abu Arkan (Pemerhati Kebijakan Publik) Baru - baru ini pemerintah yang dalam hal ini adalah Kementerian Pendidikan Kebudayaan Riset dan Teknologi (Kemendikbudristek RI) mengeluarkan sebuah aturan yang mengatur ten https://t.co/kiyRCJsctZ","1459771320489500678","https://pbs.twimg.com/media/FEImR2_VQAE08pC.jpg","","in","Probolinggo, Jawa Timur","0","0","0","https://twitter.com/Samadi011070/status/1459771320489500678","1223936929005047810","Samadi011070"
"1459760013631651847","Sun Nov 14 05:48:02 +0000 2021","0","PERMENDIKBUDRISTEK 30 UNTUK PPKS PT EFEKTIFKAH?: Gambar - Universitas Medan Area Oleh: Abu Arkan(Pemerhati Kebijakan Publik) Baru - baru ini pemerintah yang dalam hal ini adalah Kementerian Pendidikan Kebudayaan Riset dan Teknologi https://t.co/TMWN2JmkGn","1459760013631651847","","","in","Rembang, Jawa Tengah","0","0","0","https://twitter.com/pojokinfomedia/status/1459760013631651847","1052159920827580417","pojokinfomedia"
"1459485246957580290","Sat Nov 13 11:36:13 +0000 2021","12","PSI Tangsel mendukung penuh kebijakan dari Mendikbudristek mengenai pencegahan kekerasan seksual di lingkungan pendidikan @psi_id https://t.co/VgM7i5GeQp","1459485246957580290","","","in","Ciputat, Indonesia","0","0","8","https://twitter.com/psi_tangsel/status/1459485246957580290","708796078968033281","psi_tangsel"
"1459450227329363968","Sat Nov 13 09:17:04 +0000 2021","1","Di masa pandemi Mas Menteri telah mengeluarkan berbagai kebijakan yang sebisa mungkin dapat mengatasi keterlambatan dan ketertinggalan pendidikan. #userstory https://t.co/qXL7fOhrGM","1459450227329363968","","","in","","0","0","0","https://twitter.com/kumparan/status/1459450227329363968","759692754985242625","kumparan"
"1459398909835366401","Sat Nov 13 05:53:09 +0000 2021","0","Dalam posisinya yg demikian penting dan strategis itu buku ini layak hadir dijadikan bahan bacaan dan rujukan bagi para pemerhati pengambil kebijakan pelaksana pendidikan dan masyarakat pada umumnya. (6) ISBN: 978-623-218-307-0 Harga: Rp 114.000 - https://t.co/sPJ6l8G9TG","1459398909835366401","","","in","Jl. Tambra Raya No. 23 Jaktim","0","0","0","https://twitter.com/Prenadamedia2/status/1459398909835366401","821897566442786818","Prenadamedia2"
"1459386634151989251","Sat Nov 13 05:04:22 +0000 2021","5","Menag Yaqut Cholil dukung kebijakan Menteri Nadiem Makarim untuk memberlakukan sanksi bagi pelaku kekerasan seksual di lingkungan pendidikan. #Jokowi https://t.co/ln6EKI0RRN","1459386634151989251","https://pbs.twimg.com/media/FEDIaM-UYAErKRu.jpg","","in","","0","0","0","https://twitter.com/IndonesiaRahayu/status/1459386634151989251","1305803188138721280","IndonesiaRahayu"
"1459385871451316227","Sat Nov 13 05:01:20 +0000 2021","0","Ulama mau menyelamatkan Ahlak ma moral eh lu ngonggongin kek anjing .. Ntar kalo lu dah jadi korban gara kebijakan si kang gojek yg nyambi jadi menteri pendidikan .. demi apapun lu jangan maen spill the tea .. Lu nikmatin aja .. Ga semua Kpopers tuh Goblok ya !!","1459385871451316227","","","in","","0","0","0","https://twitter.com/jibeomkimwhyfe/status/1459385871451316227","1253797476051501056","jibeomkimwhyfe"
"1459382121076695046","Sat Nov 13 04:46:26 +0000 2021","0","Sepakat Mendikbud dan tokoh Agama harusnya memikirkan pendidikan Moral anak bangsa sejak dini bukan kebijakan dan statmennya justru menimbulkan polemik di masyarakat. Edan...?!","1459382121076695046","","","in","DKI Jakarta, Indonesia","0","0","0","https://twitter.com/ekagumilars/status/1459382121076695046","2866791044","ekagumilars"
"1459175238734807044","Fri Nov 12 15:04:21 +0000 2021","0","sch! hi ada yang bisa bantu no 5 nggaa yang kebijakan daendels dalam bidang pendidikan? aku nyari di google ga nemu-nemu makasiii https://t.co/CKEK5KWasX","1459175238734807044","https://pbs.twimg.com/media/FEAIJW2VkAAhk-4.jpg","","in","RULES 👉","0","0","0","https://twitter.com/SchoolfessID/status/1459175238734807044","1244113314398875649","SchoolfessID"
"1459128433095548931","Fri Nov 12 11:58:22 +0000 2021","122","Mas @emerson_yuntho ada jg kebijakan Mas Menteri Nadiem yg sebelum ini dikritik olh PKS yaitu hilangnya frasa Agama dalam Peta Jalan Pendidikan Nasional 2020-2035. Tgl 9/3/2021 @FPKSDPRRI mengkritiknya tgl 10/3/2021 Mas Menteri merespons baik;kebijakan tidak tepat itu direvisi. https://t.co/Wx23Yc3lXG","1459128433095548931","https://pbs.twimg.com/media/FD_dkrDVkAARfFc.jpg","","in","Jakarta Capital Region","0","17","23","https://twitter.com/hnurwahid/status/1459128433095548931","86012022","hnurwahid"
"1459097107428634632","Fri Nov 12 09:53:53 +0000 2021","12","Kadang gw mikir kontradiksi itu sengaja diselipkan karena tau bakal rame. Rasanya sebuah kementerian apalagi bidang pendidikan ga mungkin seteledor ini. Tiap mikir gini selalu mampir akun setkab dan wapres ada kebijakan apa yang diam-diam dirilis. Dan ternyata me","1459097107428634632","","","in","Indonesia","0","1","4","https://twitter.com/ruliemaulana/status/1459097107428634632","185320244","ruliemaulana"
"1459058911177179137","Fri Nov 12 07:22:07 +0000 2021","1","Refleksi kebijakan pendidikan jarak jauh bagi daerah terisolir https://t.co/y0wd1aMnvq","1459058911177179137","","","in","","0","0","1","https://twitter.com/pgrmd_/status/1459058911177179137","306585421","pgrmd_"
"1459057452213702660","Fri Nov 12 07:16:19 +0000 2021","1","#live Dialog BPIP bersama Direktur Standardisasi dan Kurikulum Pendidikan dan Pelatihan Heri Hermawan terkait arah kebijakan BPIP dalam pembinaan ideologi pancasila melalui penyusunan standardisasi dan kurikulum pendidikan dan pelatihan. Selengkapnya di 88 8FM PRO 3 RRI. -AMD","1459057452213702660","","","in","Jakarta Capital Region","1","2","0","https://twitter.com/RRIPrograma3/status/1459057452213702660","1129936609","RRIPrograma3"
"1459015687171497984","Fri Nov 12 04:30:21 +0000 2021","1","Pada tanggal 11 November 2021 BNN Kota Samarinda melaksanakan kegiatan Konsolidasi Kebijakan Kota Tanggap Ancaman Narkoba pada Lingkungan Pendidikan https://t.co/QMZ2mqgtV9","1459015687171497984","https://pbs.twimg.com/media/FD93BrxVgAAdw25.jpg","","in","Samarinda, Kalimantan Timur","0","0","0","https://twitter.com/bnnk_samarinda/status/1459015687171497984","1349149064202317824","bnnk_samarinda"
"1459010937759801348","Fri Nov 12 04:11:29 +0000 2021","16","Jokowi peduli dunia pendidikan Kementerian Agama segera menerbitkan Surat Edaran untuk mendukung kebijakan Menteri Pendidikan Kebudayaan Riset dan Teknologi yang meneken Permendikbud 30/2021 tentang Pencegahan dan Penanganan Kekerasan Seksual di lingkungan perguruan tinggi. https://t.co/ZWBO5K5wfy","1459010937759801348","https://pbs.twimg.com/media/FD9ytbKVQAAMTFE.jpg","","in","In your Heart 💓","0","1","11","https://twitter.com/Dew0W1snu/status/1459010937759801348","1185093850534039552","Dew0W1snu"
"1458971845491712000","Fri Nov 12 01:36:09 +0000 2021","0","PKM asik sih tp lebih asik kalo udahan dah. Yuk jangan sok ide lagi yuk kebijakan nya pak menteri pendidikan skotlandia.","1458971845491712000","","","in","DKI Jakarta, Indonesia","0","0","0","https://twitter.com/shafarrraj/status/1458971845491712000","1253572469799059456","shafarrraj"
"1458951601951895553","Fri Nov 12 00:15:42 +0000 2021","9","Kemenag segera menerbitkan Surat Edaran utk mendukung kebijakan yg dikeluarkan Mas Menteri Nadiem Permendikbud 30/2021 tentang pencegahan dan penanganan kekerasan seksual dilingkungan perguruan tinggi Jokowi Peduli Dunia Pendidikan https://t.co/g9ZzYU3aEA","1458951601951895553","https://pbs.twimg.com/media/FD88vyzVcAA4fe-.jpg","","in","Kota Batam, Kepulauan Riau","0","0","8","https://twitter.com/yulitasaarii___/status/1458951601951895553","904978537127354369","yulitasaarii___"
"1458871949581438987","Thu Nov 11 18:59:11 +0000 2021","10","Kritik Atas Kebijakan dan Kurikulum Pendidikan Nasional https://t.co/E448cHs5jr","1458871949581438987","","","in","Tomage-Fakfak, Indonesia","0","1","3","https://twitter.com/Reiza_Patters/status/1458871949581438987","30766806","Reiza_Patters"
"1458792485870706690","Thu Nov 11 13:43:26 +0000 2021","3","Kelamnya dunia pendidikan di negara ruwetnesia smakin terpuruk sejak reformasi bergulir ditambah ada menteri dgn kebijakan amburadul termasuk para anggota dewan yg terhormat ( katanya ) #WakilRakyat_PengkhianatRakyat #WakilRakyat_PengkhianatRakyat https://t.co/28V2RdQ4OS","1458792485870706690","https://pbs.twimg.com/media/FD6sCNfUcAUydJp.jpg","","in","","0","0","3","https://twitter.com/h4ng5eur/status/1458792485870706690","1405808211945410561","h4ng5eur"
"1458740023235264516","Thu Nov 11 10:14:58 +0000 2021","0","Jelas mereka teriak menolak Permendikbudristek No. 30 karna ga bisa Ngentotin cewe d lingkup instansi pendidikan pdhl ini langkah maju di tengah tidak adanya pegangan kebijakan terkait kasus kekerasan seksual di lingkungan PT #permendikbud30","1458740023235264516","","","in","","0","0","0","https://twitter.com/diandra_sari03/status/1458740023235264516","1407584888480436227","diandra_sari03"
"1458731614008082434","Thu Nov 11 09:41:33 +0000 2021","1","Kebijakan yang wajib kita dukung ! seiring banyaknya kasus kekerasan seksual di lembaga pendidikan maka kebijakan Nadiem ini adalah jawaban !","1458731614008082434","","","in","","0","0","0","https://twitter.com/HambalangD/status/1458731614008082434","1450082194173558785","HambalangD"
"1458706561052909575","Thu Nov 11 08:02:00 +0000 2021","0","Akuntansi untuk ekonomi perawatan yang tidak dibayar dapat mendorong kebijakan progresif seperti cuti keluarga yang dibayar kredit jaminan sosial untuk penitipan anak dini kredit pajak dan pendidikan anak usia dini yang berkualitas. #GarudaEmirates","1458706561052909575","","","in","","0","0","0","https://twitter.com/asanofia_/status/1458706561052909575","1381886513743454213","asanofia_"
"1458680301824057345","Thu Nov 11 06:17:39 +0000 2021","1888","Kejahatan melalui pemaksaan jelas berbeda dgn tindak kesusilaan/keasusilaan. Permendikbud Penghapusan Kekerasan Seksual di Lingkungan Pendidikan mengatur soal tindak kejahatan. Unsur utamanya : pemaksaan. Makanya jahat. Kalau mau mengatur kesusilaan ya bukan di kebijakan ini.","1458680301824057345","","","in","...bersama yang lemah...","21","50","527","https://twitter.com/AlissaWahid/status/1458680301824057345","108375032","AlissaWahid"
"1458608780954910721","Thu Nov 11 01:33:27 +0000 2021","3","Harus dukung dgn kebijakan yang baik untuk pendidikan ini. Kita tdk boleh menutup mata bahwa kekerasan seksual banyak terjadi di lingkungan pendidikan. &amp; kita tidak ingin ini berlangsung terus menerus kata Menag JOKOWI PEDULI DUNIA PENDIDIKAN https://t.co/pmbByblAFt https://t.co/ZsgT01poYr","1458608780954910721","https://pbs.twimg.com/media/FD4E8fAVQAEswVS.jpg","","in"," NKRI 🇮🇩","0","0","1","https://twitter.com/NOVIR007/status/1458608780954910721","728253004919382017","NOVIR007"
"1458587306692988931","Thu Nov 11 00:08:07 +0000 2021","2","Mau di bawa kemana masa depan anak bangsa dan dunia pendidikan Indonesia....jika semuanya kebijakan mentrinya kaya gini....bisa hancur akhlak generasi bangsa ke depannya https://t.co/646OGo6mvk","1458587306692988931","https://pbs.twimg.com/media/FD3xZAkVIAEb01Q.jpg","","in","","0","0","0","https://twitter.com/SopanSo69645087/status/1458587306692988931","1450846624012328960","SopanSo69645087"
"1458586867897552899","Thu Nov 11 00:06:23 +0000 2021","0","Makin kesini makin runyam kebijakan didunia pendidikan. #NadiemOleng","1458586867897552899","","","in","Bandung, West Java","0","0","0","https://twitter.com/irfarif/status/1458586867897552899","77990605","irfarif"
"1458454377631404040","Wed Nov 10 15:19:55 +0000 2021","2","1/2 Fakultas Ilmu Komunikasi Universitas Islam Bandung berencana untuk meleburkan bidang kajian yang ada. Hal ini terjadi atas kebijakan berdasarkan Statuta (Undang-Undang Dasar Universitas) yang berdasar dari Dikti (Lembaga Pendidikan Tinggi). https://t.co/jBI07VlvH2","1458454377631404040","https://pbs.twimg.com/media/FD14gj1VEAUYfgp.jpg","","in","Bandung, Jawa Barat, Indonesia","0","1","0","https://twitter.com/tweetKMJ/status/1458454377631404040","255132473","tweetKMJ"
"1458425607314817027","Wed Nov 10 13:25:35 +0000 2021","1","Kebijakan pencegahan kekerasan seksual di lingkungan pendidikan yg dikeloarkan oleh Mendikbud Ristek Nadiem Makarim juga mendapat dukungan dari Menag Yaqut Cholil Qumas. https://t.co/RRUx9WJell","1458425607314817027","https://pbs.twimg.com/media/FD1eXDAVQAcAtmI.jpg","","in","","0","0","0","https://twitter.com/Deje_Vendra/status/1458425607314817027","1377474137807986695","Deje_Vendra"
"1458402812212113414","Wed Nov 10 11:55:00 +0000 2021","1","Kementerian Agama mendukung kebijakan yg telah dikeluarkan menteri pendidikan tentang pencegahan kekerasan seksual. #jokowi #indonesiamaju https://t.co/sgjprW5Ogy","1458402812212113414","https://pbs.twimg.com/media/FD1JoOHVUAE6AIi.jpg","","in","","0","0","0","https://twitter.com/mimi_chimmy/status/1458402812212113414","1305180746902953985","mimi_chimmy"
"1458383760685076485","Wed Nov 10 10:39:18 +0000 2021","1","Presiden @jokowi peduli dunia pendidikan Kemenag mendukung kebijakan yang telah dikeluarkan Mendikbudristek tentang pencegahan kekerasan seksual. https://t.co/Meup3F0BFw","1458383760685076485","https://pbs.twimg.com/media/FD04S6pVgAEdkB2.jpg","","in","Sleman, Yogyakarta","0","0","0","https://twitter.com/artyunie76/status/1458383760685076485","986831030190424064","artyunie76"
"1458380305581051913","Wed Nov 10 10:25:34 +0000 2021","1"," Ini kebijakan baik. Dengan kebijakan ini kita berharap para korban dapat bersuara dan kekerasan seksual di dunia pendidikan dapat dihentikan imbuhnya. https://t.co/mHlu3TNG0T","1458380305581051913","","","in","DKI Jakarta, Indonesia","0","0","0","https://twitter.com/voidotid/status/1458380305581051913","1186946650595418116","voidotid"
"1458375053293223936","Wed Nov 10 10:04:42 +0000 2021","0","Yuk mari kita dukung penuh kebijakan yang dibuat oleh Menteri Pendidikan mengenai PPKS yang terjadi di perguruan tinggi tindakan tidak terpuji #BerantasPredatorDiKampus https://t.co/mOlwn4tsH1","1458375053293223936","","","in","","0","0","0","https://twitter.com/nahwuimr/status/1458375053293223936","795113593393950721","nahwuimr"
"1458371584981291014","Wed Nov 10 09:50:55 +0000 2021","0","Kementerian Agama mendukung kebijakan menteri pendidikan mengenai pencegahan dan penanganan kasus seksual di lingkungan kampus ini merupakan tindakan yg tidak dibenarkan #BerantasPredatorDiKampus https://t.co/Czhr4ZqaqI","1458371584981291014","","","in","Surabaya Indonesia ","0","0","0","https://twitter.com/HaraYunanda/status/1458371584981291014","1375698148178333699","HaraYunanda"
"1458367645686779905","Wed Nov 10 09:35:16 +0000 2021","0","Kementerian Agama mendukung kebijakan menteri pendidikan mengenai pencegahan dan penanganan kasus seksual di lingkungan kampus kasihan korban mengalami trauma #BerantasPredatorDiKampus https://t.co/uP1KpsMSFW","1458367645686779905","https://pbs.twimg.com/media/FD0po68VEAYQmco.jpg","","in","","0","0","0","https://twitter.com/iamalviana/status/1458367645686779905","1372495113000128513","iamalviana"
"1458367476094226442","Wed Nov 10 09:34:36 +0000 2021","0","mari kita dukung penuh kebijakan yang dibuat oleh Menteri Pendidikan mengenai PPKS yang terjadi di perguruan tinggi berikan hukuman bagi pelaku #BerantasPredatorDiKampus https://t.co/JWBO1jc1ua","1458367476094226442","https://pbs.twimg.com/media/FD0pfY7UcAgOh_X.jpg","","in","","0","0","0","https://twitter.com/alvianaeaea/status/1458367476094226442","1372493562659532803","alvianaeaea"
"1458367370997604358","Wed Nov 10 09:34:11 +0000 2021","0","Kementerian Agama mendukung kebijakan menteri pendidikan mengenai pencegahan dan penanganan kasus seksual di lingkungan kampus pelaku harus jera #BerantasPredatorDiKampus https://t.co/ucgOhQjUtP","1458367370997604358","https://pbs.twimg.com/media/FD0pWW_VkAAJvQr.jpg","","in","","0","0","0","https://twitter.com/RitaMarita125/status/1458367370997604358","1299704584940658690","RitaMarita125"
"1458366430882119683","Wed Nov 10 09:30:26 +0000 2021","20","Menag mendukung kebijakan Mendikbudristek Nadiem Makarim tentang pencegahan kekerasan seksual dan Menag akan keluarkan Surat Edaran untuk mendukung Permendikbud @jokowi Peduli Dunia Pendidikan https://t.co/rWmBdWFmfO","1458366430882119683","https://pbs.twimg.com/media/FD0oiRHVcAEiPmM.jpg","","in","","0","0","8","https://twitter.com/_riverheaven/status/1458366430882119683","975389335775199232","_riverheaven"
"1458366053466075138","Wed Nov 10 09:28:56 +0000 2021","4","Jokowi Peduli Dunia Pendidikan Kemenag mendukung kebijakan Kemendikbudristek terkait Pencegahan dan Penanganan Kekerasan Seksual di Perguruan Tinggi. Hal ini disampaikan Menag Yaqut Cholil Qoumas saat bertemu Mendikbudristek Nadiem Makarim di Kantor Kemenag Jakarta. https://t.co/RLpdliohpO","1458366053466075138","https://pbs.twimg.com/media/FD0oMksVcAMVQOa.jpg","","in","Jember, Jawa Timur","0","0","0","https://twitter.com/RokhanaSti/status/1458366053466075138","1344992219652997121","RokhanaSti"
"1458365942354694148","Wed Nov 10 09:28:30 +0000 2021","0","Yuk mari kita dukung penuh kebijakan yang dibuat oleh Menteri Pendidikan mengenai PPKS yang terjadi di perguruan tinggi kejadian ini berdampak buruk bagi korban #BerantasPredatorDiKampus https://t.co/FBcVl73Czy","1458365942354694148","","","in","","0","0","0","https://twitter.com/benangkaput/status/1458365942354694148","1405108195173933060","benangkaput"
"1458365807801495557","Wed Nov 10 09:27:58 +0000 2021","0","Yuk mari kita dukung penuh kebijakan yang dibuat oleh Menteri Pendidikan mengenai PPKS yang terjadi di perguruan tinggi ini merupakan tindakan yg tidak dibenarkan #BerantasPredatorDiKampus https://t.co/iYfCqXCYaH","1458365807801495557","","","in","","0","0","0","https://twitter.com/beebeequeenbeee/status/1458365807801495557","1384773448258383873","beebeequeenbeee"
"1458365324370145288","Wed Nov 10 09:26:03 +0000 2021","0","Mantan Menteri Pertahanan Ryamizard Ryacudu mengaku kecewa dengan Menteri Pendidikan Kebudayaan Riset dan Teknologi. Tanpa menyebut nama menteri tersebut ia menilai kebijakan pendidikan anak kurang mengedepankan wawasan kebangsaan. https://t.co/IIV6IXKahj via @anteksiler","1458365324370145288","","","in","","0","0","0","https://twitter.com/IsuUtama/status/1458365324370145288","1349604385102282753","IsuUtama"
"1458364647174664194","Wed Nov 10 09:23:21 +0000 2021","0","Kementerian Agama mendukung kebijakan menteri pendidikan mengenai pencegahan dan penanganan kasus seksual di lingkungan kampus kampus seharusnya menjadi tempat aman dan nyaman #BerantasPredatorDiKampus https://t.co/X0JLOkPlQc","1458364647174664194","https://pbs.twimg.com/media/FD0m6eZVEAIRdsz.jpg","","in","","0","0","0","https://twitter.com/Lily5k1/status/1458364647174664194","1452258082466246661","Lily5k1"
"1458363975050031107","Wed Nov 10 09:20:41 +0000 2021","0","Yuk mari kita dukung penuh kebijakan yang dibuat oleh Menteri Pendidikan mengenai PPKS yang terjadi di perguruan tinggi agar kampus aman tentunya harus #BerantasPredatorDiKampus https://t.co/aLPYjBEt9n","1458363975050031107","https://pbs.twimg.com/media/FD0mTdaVcAApUHL.jpg","","in","Cipanas, Indonesia","0","0","0","https://twitter.com/jujur_lah17/status/1458363975050031107","1376886002082443266","jujur_lah17"
"1458363768929284103","Wed Nov 10 09:19:52 +0000 2021","0","Yuk mari kita dukung penuh kebijakan yang dibuat oleh Menteri Pendidikan mengenai PPKS yang terjadi di perguruan tinggi kasihan korban #BerantasPredatorDiKampus https://t.co/f1iJDMQz7S","1458363768929284103","https://pbs.twimg.com/media/FD0mHaDVkAYzSj9.jpg","","in","","0","0","0","https://twitter.com/kxelabu/status/1458363768929284103","2499491617","kxelabu"
"1458363644303970306","Wed Nov 10 09:19:22 +0000 2021","0","Yuk mari kita dukung penuh kebijakan yang dibuat oleh Menteri Pendidikan mengenai PPKS yang terjadi di perguruan tinggi memang harus di #BerantasPredatorDiKampus https://t.co/SRBbZdfra0","1458363644303970306","","","in","","0","0","0","https://twitter.com/jyerwe/status/1458363644303970306","1381559426625142786","jyerwe"
"1458363546685739010","Wed Nov 10 09:18:59 +0000 2021","0","Kementerian Agama mendukung kebijakan menteri pendidikan mengenai pencegahan dan penanganan kasus seksual di lingkungan kampus #BerantasPredatorDiKampus https://t.co/yYU1xgW7vD","1458363546685739010","https://pbs.twimg.com/media/FD0l6lPVgAUJCrT.jpg","","in","","0","0","0","https://twitter.com/igi_igiboyah/status/1458363546685739010","1399008854738800649","igi_igiboyah"
"1458363395900514313","Wed Nov 10 09:18:23 +0000 2021","0","Yuk mari kita dukung penuh kebijakan yang dibuat oleh Menteri Pendidikan mengenai PPKS yang terjadi di perguruan tinggi tolong untuk di #BerantasPredatorDiKampus https://t.co/TFX545S9ci","1458363395900514313","https://pbs.twimg.com/media/FD0lxxoUUAI_Jz0.jpg","","in","","0","0","0","https://twitter.com/Melishaahl/status/1458363395900514313","1377109900090691588","Melishaahl"
"1458351219865489412","Wed Nov 10 08:30:00 +0000 2021","8","Kemendikbudristek melakukan penyesuaian pada juklak Program KIP Kuliah. Kebijakan tersebut dalam rangka menjaga akuntabilitas dan efisiensi besaran biaya pendidikan pada program KIP Kuliah. https://t.co/RGzm2CIMpr","1458351219865489412","","","in","Indonesia","0","0","1","https://twitter.com/TirtoID/status/1458351219865489412","4187275698","TirtoID"
"1458349383921987586","Wed Nov 10 08:22:42 +0000 2021","0","Kementerian Agama (Kemenag) mendukung kebijakan Kementerian Pendidikan Kebudayaan Riset dan Teknologi (Kemendikbudristek) terkait Pencegahan dan Penanganan Kekerasan Seksual (PPKS) di Lingkungan Perguruan Tinggi. @jokowi #IndonesiaMaju https://t.co/tZ1ObziM2e","1458349383921987586","https://pbs.twimg.com/media/FD0ZCSkUcAMRVry.jpg","","in","Jakarta ","0","0","0","https://twitter.com/kakworo/status/1458349383921987586","1178148047567519750","kakworo"
"1458349360983404548","Wed Nov 10 08:22:37 +0000 2021","18","Kebijakan @jokowi yang berfokus pada pengembangan SDM telah dirangkum dalam program kerja yg meliputi jaminan kesehatan anak &amp; ibu pencegahan stunting hingga pendidikan anak melalui KIP. Program andalan Jokowi terkait BPJS telah membantu jutaan orang jaminan kesehatan diri. https://t.co/HgZxdKYj4Y","1458349360983404548","https://pbs.twimg.com/media/FD0ZA5WVkAUMbiB.jpg","","in","Indonesia","0","5","12","https://twitter.com/Saodah1234/status/1458349360983404548","1272953532535062529","Saodah1234"
"1458278813129842696","Wed Nov 10 03:42:17 +0000 2021","0","Kementerian Agama segera menerbitkan Surat Edaran untuk mendukung kebijakan Menteri Pendidikan Kebudayaan Riset dan Teknologi yang meneken Permendikbud 30/2021 tentang Pencegahan dan Penanganan Kekerasan Seksual di lingkungan perguruan tinggi. https://t.co/QfCUPyj6g3","1458278813129842696","https://pbs.twimg.com/media/FDzYnDXUcAYinbL.jpg","","in","Bogor, Jawa Barat","0","0","0","https://twitter.com/Ahmad_hendars/status/1458278813129842696","394090086","Ahmad_hendars"
"1458211135073751040","Tue Nov 09 23:13:21 +0000 2021","0","Selama gw dlu nempuh pendidikan di PTM sampe jadi bagian dari muhammadiyah skrg ga ada tuh kebijakan PTM atau bahkan aturan di Muhammadiyah yang maksain ke luar apalagi yang punya keyakinan beda.","1458211135073751040","","","in","Special Region","0","1","0","https://twitter.com/twentyfirstof3/status/1458211135073751040","958944903538462720","twentyfirstof3"
"1457999788905959427","Tue Nov 09 09:13:32 +0000 2021","5"," Kami mendukung kebijakan yang telah dikeluarkan Mas Menteri. Dengan kebijakan ini kita berharap para korban dapat bersuara dan kekerasan seksual di dunia pendidikan dapat dihentikan kata @YaqutCQoumas Selasa (9/11). https://t.co/ywBuvWRcPE","1457999788905959427","","","in","","0","0","0","https://twitter.com/MasMenteri/status/1457999788905959427","891564038781415424","MasMenteri"
"1457953038992232450","Tue Nov 09 06:07:46 +0000 2021","5","Kekerasan dan pelecehan seksual di lembaga pendidikan umum dan agama di Indonesia sudah sangat mengkhawatirkan. Suatu kebijakan kementerian harus didukung. Perlu melibatkan banyak pihak terkait tapi jangan terlambat.","1457953038992232450","","","in","Riverside, CA","0","1","4","https://twitter.com/muhali74/status/1457953038992232450","49406419","muhali74"
"1457951626010849283","Tue Nov 09 06:02:09 +0000 2021","5","Soal hubungan suka sama suka antara dosen dan mahasiswa misalnya di lembaga pendidikan tinggi tidak harus masuk Hukum positif atau Aturan pemerintah tapi masing-masing kampus silahkan mempunyai kebijakan code of conduct.","1457951626010849283","","","in","Riverside, CA","0","0","4","https://twitter.com/muhali74/status/1457951626010849283","49406419","muhali74"
"1457944047071293443","Tue Nov 09 05:32:02 +0000 2021","3","Kemendikbudristek diminta lebih akomodatif untuk publik termasuk untuk penyelenggara pendidikan tinggi dalam menyusun kebijakan dan regulasi. #kumparanNEWS https://t.co/A744JbMfdo","1457944047071293443","","","in","","0","0","0","https://twitter.com/kumparan/status/1457944047071293443","759692754985242625","kumparan"
"1457904802759725064","Tue Nov 09 02:56:06 +0000 2021","0","Perempuan msh menghadapi berbagai bentuk kekerasan spt pelecehan &amp; kekerasan seksual di lembaga pendidikan. Penting utk memastikan pencegahan &amp; penanganan kekerasan di kampus melalui kebijakan kelembagaan yg responsif gender &amp; berpusat pd penyintas. https://t.co/PRhckHxOYF https://t.co/PiXzhmqLw7","1457904802759725064","https://pbs.twimg.com/tweet_video_thumb/FDuEXrxVgAQ_uuB.jpg","","in","Indonesia","0","0","0","https://twitter.com/unwomenid/status/1457904802759725064","1178443867332513792","unwomenid"
"1455732637004283913","Wed Nov 03 03:04:41 +0000 2021","0","Buku etika pendidikan ini berguna bagi mahasiswa calon guru berguna bagi guru bagi kepala sekolah supervisor penentu utama kebijakan pendidikan pejabat birokrasi dalam urusan pendidikan ... https://t.co/sE9AeymqMQ","1455732637004283913","","","in","Jakarta, Indonesia","0","0","0","https://twitter.com/didienAZHAR/status/1455732637004283913","194590819","didienAZHAR"
"1455411851274031111","Tue Nov 02 05:50:00 +0000 2021","3","Presiden Jokowi Indonesia telah mengembangkn kebijakan yang meningkatkan adaptasi sektor pendidikan dan memberikan perlindungan sosial. Jokowi Ketua Presidensi G20 #KTTG20 @jokowi @PlateJohnny @kemkominfo https://t.co/Wp4OeCbF9f","1455411851274031111","https://pbs.twimg.com/media/FDHzRk6VIAU-fn7.jpg","","in","Yogyakarta, Indonesia","0","0","2","https://twitter.com/RizkiDikka/status/1455411851274031111","1022387521886375936","RizkiDikka"
"1455403043537571840","Tue Nov 02 05:15:00 +0000 2021","0","Indonesia telah mengembangkan kebijakan yang meningkatkan adaptasi sektor pendidikan dan memberikan perlindungan sosial bagi mereka yang paling rentan dan kehilangan pekerjaan. Jokowi Ketua Presidensi G20 #KTTG20 @jokowi @kemkominfo @PlateJohnny https://t.co/n11AZYY2t2","1455403043537571840","","","in","","0","0","0","https://twitter.com/Hikki_82/status/1455403043537571840","1407957252577796107","Hikki_82"
"1455402084224811011","Tue Nov 02 05:11:11 +0000 2021","0","Menurut Presiden Jokowi Indonesia telah mengembangkan kebijakan untuk meningkatkan adaptasi sektor pendidikan dan memberikan perlindungan sosial bagi mereka yang paling rentan dan kehilangan pekerjaan. Jokowi Ketua Presidensi G20 #KTTG20 https://t.co/VL5U9Lpux6","1455402084224811011","https://pbs.twimg.com/media/FDKgbYuVQAA0xXO.jpg","","in","Indonesia ","0","0","0","https://twitter.com/Erachwin/status/1455402084224811011","1307846123743137794","Erachwin"
"1455400182774861826","Tue Nov 02 05:03:38 +0000 2021","0","Menurut Presiden Jokowi Indonesia telah mengembangkan kebijakan yang meningkatkan adaptasi sektor pendidikan dan memberikan perlindungan sosial bagi mereka yang paling rentan dan kehilangan pekerjaan. Jokowi Ketua Presidensi G20 #KTTG20 https://t.co/jD5flhzjq8","1455400182774861826","https://pbs.twimg.com/media/FDKevA8VcAMzO0W.jpg","","in","","0","0","0","https://twitter.com/Hoirul74370987/status/1455400182774861826","1444262825090637827","Hoirul74370987"
"1455399273470873602","Tue Nov 02 05:00:01 +0000 2021","0","Menurut Presiden Jokowi Indonesia telah mengembangkan kebijakan yang meningkatkan adaptasi sektor pendidikan dan memberikan perlindungan sosial bagi mereka yang paling rentan dan kehilangan pekerjaan. Jokowi Ketua Presidensi G20 #KTTG20 https://t.co/W7Eruimeo6","1455399273470873602","https://pbs.twimg.com/media/FDKaswWUUAIjQQy.jpg","","in","","0","0","0","https://twitter.com/Lalapopoo_/status/1455399273470873602","1377657386639400969","Lalapopoo_"
"1455399272996769793","Tue Nov 02 05:00:01 +0000 2021","0","Menurut Presiden Jokowi Indonesia telah mengembangkan kebijakan yang meningkatkan adaptasi sektor pendidikan dan memberikan perlindungan sosial bagi mereka yang paling rentan dan kehilangan pekerjaan. Jokowi Ketua Presidensi G20 #KTTG20 https://t.co/1K1WsfdUHY","1455399272996769793","https://pbs.twimg.com/media/FDJ7DwrVQAEd-IW.jpg","","in","","0","0","0","https://twitter.com/Darda87445086/status/1455399272996769793","1335947299277565952","Darda87445086"
"1455399271465766917","Tue Nov 02 05:00:00 +0000 2021","0","Menurut Presiden Jokowi Indonesia telah mengembangkan kebijakan yang meningkatkan adaptasi sektor pendidikan dan memberikan perlindungan sosial bagi mereka yang paling rentan dan kehilangan pekerjaan. Jokowi Ketua Presidensi G20 #KTTG20 https://t.co/MnpcohaBSg","1455399271465766917","https://pbs.twimg.com/media/FDKDXopagAA9vFX.jpg","","in","","0","0","0","https://twitter.com/AhmadZahni/status/1455399271465766917","1445566451021058052","AhmadZahni"
"1455399270874451971","Tue Nov 02 05:00:00 +0000 2021","1","Menurut Presiden @jokowi Indonesia telah mengembangkan kebijakan yg meningkatkan adaptasi sektor pendidikan dan memberikan perlindungan sosial bagi mreka yg paling rentan dan kehilangan pekerjaan. Jokowi Ketua Presidensi G20 #KTTG20 https://t.co/UoqwG6DmnX","1455399270874451971","","","in","","0","0","0","https://twitter.com/Lah_akupiye/status/1455399270874451971","1375147071393603587","Lah_akupiye"
"1455399270874374146","Tue Nov 02 05:00:00 +0000 2021","0","Menurut Presiden Jokowi Indonesia telah mengembangkan kebijakan meningkatkan adaptasi sektor pendidikan dan memberikan perlindungan sosial bagi mereka yang paling rentan dan kehilangan pekerjaan. Jokowi Ketua Presidensi G20 #KTTG20 https://t.co/dxe9rK6bMB","1455399270874374146","","","in","Jakarta Capital Region","0","0","0","https://twitter.com/SandyAjiSuhada/status/1455399270874374146","1448032880","SandyAjiSuhada"
"1455399268798418948","Tue Nov 02 05:00:00 +0000 2021","0","Menurut Presiden Jokowi Indonesia telah mengembangkan kebijakan yang meningkatkan adaptasi sektor pendidikan dan memberikan perlindungan sosial bagi mereka yang paling rentan dan kehilangan pekerjaan. Jokowi Ketua Presidensi G20 #KTTG20 https://t.co/qRJ2KA2F7c","1455399268798418948","","","in","","0","0","0","https://twitter.com/1_bawang/status/1455399268798418948","1381068084614586369","1_bawang"
"1455399268769009671","Tue Nov 02 05:00:00 +0000 2021","0","Indonesia telah mengembangkan kebijakan yang meningkatkan adaptasi sektor pendidikan dan memberikan perlindungan sosial bagi mereka yang paling rentan dan kehilangan pekerjaan. Jokowi Ketua Presidensi G20 #KTTG20 https://t.co/Pu4Ex3J5s2","1455399268769009671","https://pbs.twimg.com/media/FDKSvaeVcAYvy46.jpg","","in","","0","0","0","https://twitter.com/Safirasaputri5/status/1455399268769009671","1410613786797502470","Safirasaputri5"
"1455399268689219588","Tue Nov 02 05:00:00 +0000 2021","0","Menurut Presiden Jokowi Indonesia telah mengembangkan kebijakan yang meningkatkan adaptasi sektor pendidikan dan memberikan perlindungan sosial bagi mereka yang paling rentan dan kehilangan pekerjaan. Jokowi Ketua Presidensi G20 #KTTG20 https://t.co/iXEIFoMySJ","1455399268689219588","https://pbs.twimg.com/media/FDKI-2RVQAoXes8.jpg","","in","","0","0","0","https://twitter.com/PratamaGading28/status/1455399268689219588","1419364325219737600","PratamaGading28"
"1455399268684943361","Tue Nov 02 05:00:00 +0000 2021","24","Menurut Presiden @jokowi Indonesia tlah mengembangkan kebijakan yg meningkatkan adaptasi sektor pendidikan dan memberikan perlindungan sosial bagi yg paling rentan dan kehilangan pekerjaan Jokowi Ketua Presidensi G20 #KTTG20 @PlateJohnny @kemkominfo https://t.co/GCaNImpQsT","1455399268684943361","","","in","","5","0","15","https://twitter.com/n1ckeff/status/1455399268684943361","137243400","n1ckeff"
"1455399268215259136","Tue Nov 02 05:00:00 +0000 2021","0","Menurut Presiden Jokowi Indonesia telah mengembangkan kebijakan yang meningkatkan adaptasi sektor pendidikan dan memberikan perlindungan sosial bagi mereka yang paling rentan dan kehilangan pekerjaan. Jokowi Ketua Presidensi G20 #KTTG20 https://t.co/9K2EPhVUad","1455399268215259136","https://pbs.twimg.com/media/FDKHW3HWYAA0DHg.jpg","","in","","0","0","0","https://twitter.com/ygimins2/status/1455399268215259136","1449530515682250753","ygimins2"
"1455378150851063810","Tue Nov 02 03:36:05 +0000 2021","6","Jangan Buat kebijakan yang membuat anak anak kita Dunia Pendidikan kita semakin mencekam... Ingat Gusti mboten Sare....","1455378150851063810","","","in","","0","0","2","https://twitter.com/Muhzen15/status/1455378150851063810","1137344184673681408","Muhzen15"
"1455334299138355204","Tue Nov 02 00:41:50 +0000 2021","0","Program belajar kampus merdeka merupakan kebijakan Menteri Pendidikan Kebudayaan Riset dan Teknologi yang bertujuan mendorong mahasiswa untuk menguasai berbagai keilmuan yang berguna dalam persiapan memasuki dunia kerja. https://t.co/bfjX7B8wsv","1455334299138355204","https://pbs.twimg.com/media/FDJi1O7VQAYM5wt.jpg","","in","Makassar, Indonesia","0","0","0","https://twitter.com/UCMakassar/status/1455334299138355204","1296340384180707330","UCMakassar"
"1455187427799171081","Mon Nov 01 14:58:13 +0000 2021","0","Mengulas Arah Kebijakan Pengembangan Pendidikan Islam Di Pesantren - https://t.co/WSvUvQlUpK","1455187427799171081","","","in","","0","0","0","https://twitter.com/kabarwarga/status/1455187427799171081","111836874","kabarwarga"
"1455068435197530112","Mon Nov 01 07:05:23 +0000 2021","0","Untuk kamu para pelajar Indonesia yang sedang menentukan jenjang pendidikan di perguruan tinggi pasti gak asing lagi kan dengan D3 S1.S2. dan S3? Tapi buat kamu yang ikut SBMPTN ada kebijakan yang memungkinkan untuk kamu calon mahasiswa memilih jenjang pendidikan Diploma 4 https://t.co/OiA0XSIoLJ","1455068435197530112","https://pbs.twimg.com/media/FDFxBzFVUAECLSe.jpg","","in","Jl Arteri 1 akses tol cibitung","0","0","0","https://twitter.com/p2kgicibekasi/status/1455068435197530112","1243798481870786561","p2kgicibekasi"
"1455018018518360067","Mon Nov 01 03:45:03 +0000 2021","26","Mengulas Arah Kebijakan Pengembangan Pendidikan Islam di Pesantren https://t.co/6hePcAYMcy","1455018018518360067","","","in","Indonesia","1","1","0","https://twitter.com/nu_online/status/1455018018518360067","214818815","nu_online"
