"conversation_id_str","created_at","favorite_count","full_text","id_str","image_url","in_reply_to_screen_name","lang","location","quote_count","reply_count","retweet_count","tweet_url","user_id_str","username"
"1696929720871616526","Wed Aug 30 16:55:47 +0000 2023","0","This is the worst opinion! Akses pendidikan terutama magister harusnya diberikan kepada seluruh warga negara dengan biaya yang dapat diakomodir negara tanpa diskriminasi. Alih2 menyoroti kebijakan yang scr struktural menekan malah menyalahkam individu krn gabisa bayar jurnal.","1696929720871616526","","","in","Malang, Jawa Timur","0","0","0","https://twitter.com/bintangwcksana/status/1696929720871616526","952565902460858369","bintangwcksana"
"1696912160759374229","Wed Aug 30 15:46:00 +0000 2023","0","Gaada yang lebih menderita dari yang lainnya guys. kurikulum dan kebijakan pendidikan Indonesia emang selalu begini","1696912160759374229","","","in","","0","1","0","https://twitter.com/zeliassss/status/1696912160759374229","1437323146399416321","zeliassss"
"1696879477161169369","Wed Aug 30 13:36:08 +0000 2023","5","Hari ini pak @jokowi sangat kagum kpd @ganjarpranowo krn hasil kerjanya dlm bidang pendidikan. Dan tanpa sungkan Pak Jokowi meniru kebijakan seorang Gub untuk di aplikasikan ke seluruh Propinsi. #GanjarPresidenku2024","1696879477161169369","","","in","Jakarta Capital Region","0","1","2","https://twitter.com/PasundanJunior/status/1696879477161169369","778113779955560448","PasundanJunior"
"1696877796218241139","Wed Aug 30 13:29:27 +0000 2023","0","hadehh kebijakan pemerintah tntg pendidikan ini berubah teruss aku pusinggg","1696877796218241139","","","in","","0","0","0","https://twitter.com/cireng5jt/status/1696877796218241139","1682959104137101312","cireng5jt"
"1696875136149053560","Wed Aug 30 13:18:53 +0000 2023","2","Barokallah Semua Punya hak untuk mendapatkan Pendidikan yang layak Upaya Pak #GanjarPranowo wajib ditiru oleh pemangku kebijakan dimanapun #SosokGanjarPranowo #satusuara #ganjaruntuksemua https://t.co/wZlyPHem93","1696875136149053560","https://pbs.twimg.com/ext_tw_video_thumb/1696874943277940736/pu/img/erkuvagqYR_-1r5o.jpg","","in","","0","0","1","https://twitter.com/makganjartgm/status/1696875136149053560","1578671578153652225","makganjartgm"
"1696851945586352450","Wed Aug 30 11:46:44 +0000 2023","0","Dasar Kebijakan Pendidikan Lingkungan Hidup https://t.co/EiHFyHHEMx","1696851945586352450","","","in","","0","0","0","https://twitter.com/RizkySa76629205/status/1696851945586352450","1635270077045174272","RizkySa76629205"
"1696851652056408364","Wed Aug 30 11:45:34 +0000 2023","0","Dasar Kebijakan Pendidikan Lingkungan Hidup https://t.co/k7TBWMczvZ","1696851652056408364","","","in","U","0","0","0","https://twitter.com/hanzmenz/status/1696851652056408364","859464642753470464","hanzmenz"
"1696851506954379405","Wed Aug 30 11:44:59 +0000 2023","0","Dasar Kebijakan Pendidikan Lingkungan Hidup https://t.co/hDNn5vcCTy","1696851506954379405","","","in","","0","0","0","https://twitter.com/sarahafina12/status/1696851506954379405","787130017151000576","sarahafina12"
"1696837221297553588","Wed Aug 30 10:48:13 +0000 2023","0","Mendikbudristek Nadiem Makarim meluncurkan kebijakan untuk transformasi di bidang pendidikan. Salah satunya kini mahasiswa S1 tidak lagi wajib menyusun skripsi sebagai syarat kelulusan. https://t.co/OgzBOutxLS","1696837221297553588","","","in","Senayan-Jakarta","0","0","0","https://twitter.com/tvrinewscom/status/1696837221297553588","3098610954","tvrinewscom"
"1696825564257202682","Wed Aug 30 10:01:54 +0000 2023","0","semoga di masa depan kebijakan dunia pendidikan berubah. amiin.","1696825564257202682","","","in","","0","0","0","https://twitter.com/reviewajeeeee/status/1696825564257202682","1476796681651769344","reviewajeeeee"
"1696821919797166578","Wed Aug 30 09:47:25 +0000 2023","0","Guru hanya jadi komoditas politik 5 tahunan. Faktanya tdk pernah ada pemimpin maupun pemangku kebijakan yg paham benar pendidikan dg segala permasalahannya. Asal ada yg msh mau jd guru tanggung sendiri resiko gaji kecilnya. Mungkin bgtu pemikirannya.","1696821919797166578","","","in","Yogyakarta","0","0","0","https://twitter.com/IksanPM/status/1696821919797166578","3308536982","IksanPM"
"1696813774546636933","Wed Aug 30 09:15:03 +0000 2023","0","Kemendikbudristek tidak lagi mewajibkan skripsi sebagai standar kelulusan mahasiswa jenjang S1 di perguruan tinggi seba Kebijakan ini merupakan salah satu bagian dari Merdeka Belajar Episode ke-26 tentang Transformasi Standar Nasional dan Akreditasi Pendidikan Tinggi. Mau komen? https://t.co/mfmD3VTnXO","1696813774546636933","https://pbs.twimg.com/media/F4xLIY-asAAW4M8.jpg","","in","DKI Jakarta, Indonesia","0","0","0","https://twitter.com/AbahRidwanRT/status/1696813774546636933","1271444046435631104","AbahRidwanRT"
"1696813583135584655","Wed Aug 30 09:14:18 +0000 2023","77","sch! bener banget akses pendidikan tinggi tuh gak merata. Sender maba 2023salah satu PTN dan iya mostly temen2 sender dari kota2 besar juga. Jarang bgt ygdari daerah timur: ) Sender ngerasa kayaknya harus ada kebijakan afirmasi/kuotakhusus buat daerah tertinggal dalam seleksi ","1696813583135584655","","","in","Paid Promote/ Partnership 👇🏻","4","10","4","https://twitter.com/schfess/status/1696813583135584655","1201673806156161025","schfess"
"1696790053740265499","Wed Aug 30 07:40:48 +0000 2023","0","Dengan menerapkan kebijakan yg strategis pak Anies yakin bahwa Jakarta akan menjadi pusat pendidikan dengan standar internasional #AniesYakin","1696790053740265499","","","in","","0","0","0","https://twitter.com/Nasyarazita12/status/1696790053740265499","1688245240501862400","Nasyarazita12"
"1696785686035407274","Wed Aug 30 07:23:26 +0000 2023","0","Dengan menerapkan kebijakan yg strategis pak Anies yakin bahwa Jakarta akan menjadi pusat pendidikan dengan standar internasional lanjut kan pak anies #AniesYakin","1696785686035407274","","","in","Indonesia","0","0","0","https://twitter.com/risma_yanda/status/1696785686035407274","1688248511975047168","risma_yanda"
"1696785314902323238","Wed Aug 30 07:21:58 +0000 2023","0","Dengan menerapkan kebijakan yg strategis pak Anies yakin bahwa Jakarta akan menjadi pusat pendidikan dengan standar internasional #AniesYakin","1696785314902323238","","","in","Indonesia","0","0","0","https://twitter.com/risma_yanda/status/1696785314902323238","1688248511975047168","risma_yanda"
"1696771555156754512","Wed Aug 30 06:27:17 +0000 2023","0","Kemendikbudristek tidak lagi mewajibkan skripsi sebagai standar kelulusan mahasiswa jenjang S1 di perguruan tinggi. Apakah kebijakan ini sudah tepat? Join #MedcomHariIni bersama Pengamat Pendidikan Indra Charismiadji di X Spaces kita! #skripsidihapus #skripsi #merdekabelajar https://t.co/gFQvdKkjqY","1696771555156754512","https://pbs.twimg.com/media/F4wkiq9akAA2ltk.jpg","","in","Jakarta Capital Region, Indone","0","0","0","https://twitter.com/medcom_id/status/1696771555156754512","902837643024539651","medcom_id"
"1696764059801309207","Wed Aug 30 05:57:30 +0000 2023","87","Kementerian Pendidikan Kebudayaan Riset dan Teknologi (@Kemdikbud_RI) tidak lagi mewajibkan skripsi sebagai standar kelulusan mahasiswa jenjang S1 di perguruan tinggi seba Kebijakan ini merupakan salah satu bagian dari Merdeka Belajar Episode ke-26 tentang Transformasi Standar https://t.co/2YXcspeHWP","1696764059801309207","https://pbs.twimg.com/media/F4wc2ioaYAAPrMa.jpg","","in","","6","42","17","https://twitter.com/Metro_TV/status/1696764059801309207","57261519","Metro_TV"
"1696763773233803528","Wed Aug 30 05:56:22 +0000 2023","0","kebijakan pak ganjar di dunia pendidikan memang membuat beliau itu bisa di katakan sbg pahlawan buat rakyat kecil. ssemoga sehat selalu Pak Ganjar #SmkNegeriJateng https://t.co/rH13V0SAgp","1696763773233803528","https://pbs.twimg.com/media/F4wdqECacAA4vdb.jpg","","in","Babakan Ciparay, Indonesia","0","0","0","https://twitter.com/danarazna/status/1696763773233803528","1642705199860187136","danarazna"
"1696749591214084518","Wed Aug 30 05:00:01 +0000 2023","1","Pendidikan di jawa tengah gak teruurus? jelas tidak mungkin di sini peran dari gubernur bekerja gagsan Ganjar tertuang lewat prgoram kebijakan yakni smk jateng#SmkNegeriJateng https://t.co/DYEXG84Zk8","1696749591214084518","https://pbs.twimg.com/media/F4wAmTeasAAkJ1z.jpg","","in","jakarta","0","0","0","https://twitter.com/ahmadbaidowi4/status/1696749591214084518","772892958","ahmadbaidowi4"
"1696749591000211589","Wed Aug 30 05:00:01 +0000 2023","0","#SmkNegeriJateng salah satu program kebijakan dari Ganjar pranowo senidiri untuk pemertaan pendidikan di jawa tengah https://t.co/7Ize66JHXT","1696749591000211589","https://pbs.twimg.com/media/F4v_jd5aQAASN0f.jpg","","in","jakarta","0","0","0","https://twitter.com/affray1do/status/1696749591000211589","772713403","affray1do"
"1696741650964582588","Wed Aug 30 04:28:28 +0000 2023","69","Menteri Pendidikan Kebudayaan Riset dan Teknologi (Mendikbudristek) Nadiem Makarim mengumumkan kebijakan baru bahwa skripsi tak lagi menjadi syarat kelulusan bagi mahasiswa S1. https://t.co/M5MZRJEfmA","1696741650964582588","https://pbs.twimg.com/media/F4wJJIfbwAEwE3E.jpg","","in","Jakarta Capital Region","26","7","14","https://twitter.com/asumsico/status/1696741650964582588","829366551446818816","asumsico"
"1696736755700117733","Wed Aug 30 04:09:01 +0000 2023","0","Mahasiswa Lulus Tanpa Bikin Skripsi Begini Penjelasan Nadiem Makarim Nadiem meluncurkan kebijakan untuk transformasi di bidang pendidikan. Mahasiswa S1 tidak lagi wajib menyusun skripsi sebagai syarat kelulusan #skripsi #morning #mendikbudristek https://t.co/wgvnWs1Ut7","1696736755700117733","","","in","","0","0","0","https://twitter.com/caperevisian/status/1696736755700117733","1688049758903177216","caperevisian"
"1696718917648179676","Wed Aug 30 02:58:08 +0000 2023","1","Menteri Pendidikan Kebudayaan Riset dan Teknologi (Mendikbudristek) Indonesia Nadiem Makarim telah meluncurkan kebijakan transformasi di bidang pendidikan salah satunya adalah penghapusan persyaratan menyusun skripsi bagi mahasiswa S1. https://t.co/1Ugeh34KrT","1696718917648179676","https://pbs.twimg.com/media/F4v0hOIbUAA7CNr.jpg","","in","Indonesia","0","1","0","https://twitter.com/Universitas_123/status/1696718917648179676","899308336989970432","Universitas_123"
"1696715456067846261","Wed Aug 30 02:44:22 +0000 2023","0","himakpuny [Seminar Nasional] HIMA Kebijakan Pendidikan FIPP UNY 2023 akan menyelenggarakan Seminar Nasional yang pastinya dibersamai dengan pembicara yang sangat menarik. Seminar Nasional dengan tema Peran Mahasiswa dalam Pemanfaatan Artificial Intelligence di Era Digital https://t.co/7DkbiiAZYX","1696715456067846261","https://pbs.twimg.com/media/F4vxttjWwAAaRgP.jpg","","in","FIPP UNY","0","1","0","https://twitter.com/himakpuny/status/1696715456067846261","2914840327","himakpuny"
"1696711743089823861","Wed Aug 30 02:29:37 +0000 2023","0"," The value of a college education is not the learning of many facts but the training of the mind to think. -A. Einstein ; Tapi eyang itu gk berlaku di negara +62 setiap ganti pemerintahan kebijakan pendidikan pasti berganti ~A.Mangambing","1696711743089823861","","","in","New Lbn Silintong, East Sumatera","0","0","0","https://twitter.com/elatifahr/status/1696711743089823861","997856158516838400","elatifahr"
"1696703570094272535","Wed Aug 30 01:57:08 +0000 2023","0","Katanya sih Mentri pendidikan tapi kebijakan buat pendidikan Indonesia tidak terlihat mendidik. Nadiem Nadiem gua heran kenapa Pak Jokowi milih lu jadi Menteri pendidikan","1696703570094272535","","","in","","0","0","0","https://twitter.com/kiokio878/status/1696703570094272535","1595730149575888896","kiokio878"
"1696599097036493121","Tue Aug 29 19:02:00 +0000 2023","3","Hnya di konoha saat ini masa transisi sebuah regime birokrasi mengeluarkan kebijakan baru. Di negara lain cara seperti ini dianggap tidak etis sebab akan mempengaruhi pemilu. Untung saja ini baru bidang pendidikan bgmn bila yg lain ikut an? https://t.co/zTD5Nn1nnH","1696599097036493121","","","in","Moscow, ID","0","0","0","https://twitter.com/CindyBexter/status/1696599097036493121","1035525622930395136","CindyBexter"
"1696573923146731812","Tue Aug 29 17:21:58 +0000 2023","0","Bagi saya banyak kebijakan @nadiemmakarim ini menurunkan kualitas pendidikan di Indonesia sekolah bukan lagi tempat mendidik dan mencari ilmu tp menjadi tempat bermain.@jokowi @DPR_RI @DPDRI","1696573923146731812","","","in","Indonesia","0","0","0","https://twitter.com/BustoniFikri4/status/1696573923146731812","1081271199341076481","BustoniFikri4"
"1696524554192265567","Tue Aug 29 14:05:48 +0000 2023","14","#SahabatDikbud dalam kebijakan #MerdekaBelajar ke-26: Transformasi Standar Nasional dan Akreditasi Pendidikan Tinggi yang baru saja diluncurkan Selasa (29/8) ada dua hal mendasar yang mempercepat transformasi pendidikan tinggi Indonesia #MB26 #TransformasiPendidikanTinggi https://t.co/WMuJqeqlNF","1696524554192265567","https://pbs.twimg.com/media/F4tEDJBaQAA_T7Y.jpg","","in","Jakarta","0","1","2","https://twitter.com/Kemdikbud_RI/status/1696524554192265567","631701837","Kemdikbud_RI"
"1696521429943230886","Tue Aug 29 13:53:23 +0000 2023","1","Memang anak muda kita ini pada kurang info kalo masalah pendidikan itu kebijakan lulus tanpa skripsi udah diterapkan sm bbrp kampus dari 10 tahun yg lalu.","1696521429943230886","","","in","","0","0","0","https://twitter.com/Winzeey/status/1696521429943230886","1919511079","Winzeey"
"1696517033909993758","Tue Aug 29 13:35:55 +0000 2023","1","Bikin kebijakan untuk membangun pendidikan dan SDM kok disamakan dengan buat kebijakan di industri startup.","1696517033909993758","","","in","","0","3","0","https://twitter.com/ari_arprim/status/1696517033909993758","371154203","ari_arprim"
"1696514722777223241","Tue Aug 29 13:26:44 +0000 2023","42","Menteri jika takut istri pasti akan membuat kebijakan yg membangsatkan.kebijakan yg mengajingkan.pasti itu bisa di cek ke personal tersebut.contoh menteri kesehatan&amp;menteri pendidikan.menteri agama serta msh banyak lagi.dear menteri pendidikan kebijakan mu yg baru pesanan Komunis","1696514722777223241","","","in","ᴅᴇᴛᴀꜱᴇᴍᴇɴ ᴅᴇᴛᴇᴋꜱɪ ","0","2","10","https://twitter.com/InfoLurah/status/1696514722777223241","1164662394942922752","InfoLurah"
"1696499527019286677","Tue Aug 29 12:26:21 +0000 2023","0","Ngaruh kak aplg kl kerja di bidang pendidikan aku ud ga keitung ditanya brp kali dan bidang kerjaku disesuaikan dg expertise di skripsi. Kalo hanya menambah beban kayanya jg ga mgkn krn pasti sdh dipikirkan matang2 ga mgkn asal ngambil kebijakan ","1696499527019286677","","","in","","0","0","0","https://twitter.com/salsabilabs/status/1696499527019286677","777754406","salsabilabs"
"1696450718138565086","Tue Aug 29 09:12:24 +0000 2023","21","UNY adalah kampus strategis dalam langgam pendidikan di Indonesia. Tak sedikit prasayarat kebijakan pendidikan harus melewati kampus ini. Namun di saat yg sama UNY menjadi agen &amp; diisi oleh aktor utama penyokong logika komoditifikasi pendidikan . Mari kita mulai diskusi disini https://t.co/dhsU7cNKbs","1696450718138565086","https://pbs.twimg.com/media/F4r_o3QbwAAr7zG.jpg","","in","Indonesia","0","0","6","https://twitter.com/mahasiswauenyeh/status/1696450718138565086","743497759","mahasiswauenyeh"
"1696434400261812353","Tue Aug 29 08:07:33 +0000 2023","0","Anies Baswedan Pantas dianggap sebagai pemimpin yang kompeten karena pengalamannya dalam bidang pendidikan dan kebijakan publik. Nasdem di mungkin salah pilih mencalonkan Anies Baswedan #AniesPantas https://t.co/j9CqD8V2PA","1696434400261812353","https://pbs.twimg.com/media/F4ryF_DbIAAd20K.jpg","","in","Aceh Selatan","0","0","0","https://twitter.com/RachmadHelmy/status/1696434400261812353","806134905516093440","RachmadHelmy"
"1696396374546538930","Tue Aug 29 05:36:27 +0000 2023","0","Kebijakan Kemendikbud Ristek tentang SN Dikti dan Akreditasi Perguruan Tinggi memberikan angin segar bagi dunia pendidikan tinggi","1696396374546538930","","","in","","0","0","0","https://twitter.com/Hidayatulloh_hd/status/1696396374546538930","1696312470670114816","Hidayatulloh_hd"
"1696368827150553497","Tue Aug 29 03:47:00 +0000 2023","1","Pak Anies Baswedan Pantas dianggap sebagai pemimpin yang kompeten karena pengalamannya dalam bidang pendidikan dan kebijakan publik. Sudah terlihat sejak dia jadi gubernur DKI jakarta lalu. #AniesPantas @heachanssi06","1696368827150553497","","","in","","0","0","0","https://twitter.com/manusiabia5/status/1696368827150553497","1688598494909726720","manusiabia5"
"1696368614507675971","Tue Aug 29 03:46:09 +0000 2023","0","Pak Anies Baswedan Pantas dianggap sebagai pemimpin yang kompeten karena pengalamannya dalam bidang pendidikan dan kebijakan publik. Sudah terlihat sejak dia jadi gubernur DKI jakarta lalu. #AniesPantas @heachanssi06","1696368614507675971","","","in","","0","0","0","https://twitter.com/Orang_dalam10/status/1696368614507675971","1688100146285043712","Orang_dalam10"
"1696368580944928946","Tue Aug 29 03:46:01 +0000 2023","1","Pak Anies Baswedan Pantas dianggap sebagai pemimpin yang kompeten karena pengalamannya dalam bidang pendidikan dan kebijakan publik. Sudah terlihat sejak dia jadi gubernur DKI jakarta lalu. #AniesPantas @heachanssi06","1696368580944928946","","","in","","0","0","0","https://twitter.com/PresidenWacana/status/1696368580944928946","1688096595412410370","PresidenWacana"
"1696353999505817661","Tue Aug 29 02:48:04 +0000 2023","1","Pemimpin seperti Anies juga pantas disebut sebagai pemimpin yg komponen karna pengalaman dan perjuangannya dlm bidang pendidikan dan dan kebijakan #AniesPantas","1696353999505817661","","","in","","0","0","0","https://twitter.com/Nauurrii/status/1696353999505817661","1689197728503582720","Nauurrii"
"1696346578427281818","Tue Aug 29 02:18:35 +0000 2023","1","Pak Anies Baswedan Pantas dianggap sebagai pemimpin yang kompeten karena pengalamannya dalam bidang pendidikan dan kebijakan publik. #AniesPantas","1696346578427281818","","","in","West Sumatra, Indonesia","1","0","0","https://twitter.com/pan_chaniago/status/1696346578427281818","1688092627852496902","pan_chaniago"
"1696335868427149747","Tue Aug 29 01:36:02 +0000 2023","0","Fakta kebijakan Gubernur Jateng @ganjarpranowo langsung dirasakan warganya utk mengangkat derajat lewat pendidikan. Semoga menjadi Presiden RI ke 8 utk membawa pendidikan generasi muda Indonesia yg lebih baik lg scr merata &amp; berkeadilan di slrh Indonesia. amin","1696335868427149747","","","in","","0","0","0","https://twitter.com/9irsan999/status/1696335868427149747","2827363130","9irsan999"
"1696331561984278682","Tue Aug 29 01:18:55 +0000 2023","0","Susahnya administrasi dalam bidang pendidikan ini mereka ini sbnernya ngerti gak sih alur proses bisnis atau kebijakan ditempat lain seakan akan gak mau tau ","1696331561984278682","","","in","Gresik, Indonesia","0","0","0","https://twitter.com/ainiqilba/status/1696331561984278682","779488454","ainiqilba"
"1696258626510536929","Mon Aug 28 20:29:06 +0000 2023","0","Mencermati Kebijakan Bahasa Pengantar Pendidikan di Hongaria https://t.co/JhTmPhHbty","1696258626510536929","","","in","Indonesia","0","0","0","https://twitter.com/kompasiana/status/1696258626510536929","23786106","kompasiana"
"1696001510126363127","Mon Aug 28 03:27:24 +0000 2023","0","Hallo #WargaDisdikKabBekasi !!! Tahu kah kamu bahwa Asesmen Nasional adalah Bentuk Evaluasi Pendidikan oleh Kemendikbudristek dan merupakan Produk kebijakan Merdeka Belajar. Asesmen Nasional sebentar lagi akan di mulai lhoo Yuk selengkapnya bisa simak infografis diatas ya https://t.co/358lT9PtHK","1696001510126363127","https://pbs.twimg.com/media/F4lmInSbMAAXpOo.jpg","","in","Kab. Bekasi","0","1","0","https://twitter.com/humasdisdikkab1/status/1696001510126363127","1384337783448248322","humasdisdikkab1"
"1695998861297500613","Mon Aug 28 03:16:53 +0000 2023","0","Capaian Kebijakan Kementerian Pendidikan Kebudayaan Riset dan Teknologi https://t.co/fRxgUA0MiS https://t.co/ujaQ06bLwM","1695998861297500613","https://pbs.twimg.com/media/F4ll-gYacAALVo3.jpg","","in","Jakarta - Indonesia","0","0","0","https://twitter.com/mediaindonesia/status/1695998861297500613","68930552","mediaindonesia"
"1695986599841128605","Mon Aug 28 02:28:09 +0000 2023","1","Capaian Kebijakan Kementerian Pendidikan Kebudayaan Riset dan Teknologi https://t.co/fRxgUA0MiS via @mediaindonesia","1695986599841128605","","","in","Jakarta - Indonesia","0","0","1","https://twitter.com/mediaindonesia/status/1695986599841128605","68930552","mediaindonesia"
"1695964433833775136","Mon Aug 28 01:00:05 +0000 2023","0","Capaian Kebijakan Kementerian Pendidikan Kebudayaan Riset dan Teknologi (Kemendikbudristek) https://t.co/fRxgUA0MiS","1695964433833775136","","","in","Jakarta - Indonesia","0","0","0","https://twitter.com/mediaindonesia/status/1695964433833775136","68930552","mediaindonesia"
"1695942274373583118","Sun Aug 27 23:32:01 +0000 2023","12","Pemerintah pusat serius membangun Papua dengan kebijakan Otsus dan DOB Papua. Perbaikan infrastruktur jalan pendidikan dan kesehatan merupakan program pemerintah yg berdampak positif bagi masyarakat Papua ___ #BabatHabis_KSTPapua Mantap Gus https://t.co/YhKT1s50jT","1695942274373583118","https://pbs.twimg.com/media/F4kygs6aIAASpEN.jpg","","in","","1","5","11","https://twitter.com/Torrez_20_06/status/1695942274373583118","1401752915803402240","Torrez_20_06"
"1695598469594202175","Sun Aug 27 00:45:52 +0000 2023","0","Berita Terkini: Pemkab Gunung Mas Targetkan Satu Rumah Satu Sarjana https://t.co/uBxQQpXANz #Berita #Featured #KalimantanTengah #Kebijakan #Pendidikan","1695598469594202175","","","in","","0","0","0","https://twitter.com/KAntanberita/status/1695598469594202175","1660656291331686400","KAntanberita"
"1695327554469806244","Sat Aug 26 06:49:21 +0000 2023","887","Penghambat kemajuan negara al : 1) pembuat utang meroket 2) penyerahan tambang ke Asing 3) pembikin BUMN bangkrut 4) pengimpor yg mematikan produksi rakyat 5) pembuat kebijakan pendidikan mahal 6) pimpinan daerah yg membiarkan rakyatnya miskin 7) dll Ayo kita seruduk","1695327554469806244","","","in","","19","203","330","https://twitter.com/msaid_didu/status/1695327554469806244","1117990249806721024","msaid_didu"
"1695268012889416144","Sat Aug 26 02:52:45 +0000 2023","0","tahun 2022 HEPI (Institut Kebijakan Pendidikan Tinggi) terbitkan 'Soft-Power Index' Inggris berada jauh di belakang AS selama 5 tahun berturut2- khususnya dalam hal jumlah pemimpin dunia yang dididik Inggris Soft power adalah cara tanpa kekerasan untuk menjajah negara lain.","1695268012889416144","","","in","","0","0","0","https://twitter.com/kabangkitankoe/status/1695268012889416144","1621467614735384576","kabangkitankoe"
"1695031387999600839","Fri Aug 25 11:12:29 +0000 2023","0","Dikirimin atau baca loker perusahaan big4 ina dan itu. Gimana ya cara bilangnya kalau saya ingin ada di pendidikan atau di ranah kebijakan publik?","1695031387999600839","","","in","","0","0","0","https://twitter.com/gabbbb______/status/1695031387999600839","1218709546543149057","gabbbb______"
"1695026753885139026","Fri Aug 25 10:54:04 +0000 2023","0","Tak Hanya Bisa Tolak LGBT Pengamat Pendidikan: Harus Ada Kebijakan Berbasis Ilmiah via @kedaipenacom https://t.co/EH7FJyX39w","1695026753885139026","","","in","Indonesia","0","0","0","https://twitter.com/KedaiPenaCom/status/1695026753885139026","793719410275983361","KedaiPenaCom"
"1695022674827981084","Fri Aug 25 10:37:52 +0000 2023","1","Masih ingat tentang kebijakan beasiswa pak Anies Baswedan berhasil mendukung masyarakat kurang mampu untuk berhasil meraih pendidikan tinggi di Jakarta. Nah ini nih the real pemimpin yang sebenarnya! Ngga cuman omong kosong doang.#AniesBerhasil","1695022674827981084","","","in","West Sumatra, Indonesia","1","0","0","https://twitter.com/pan_chaniago/status/1695022674827981084","1688092627852496902","pan_chaniago"
"1695019838601855412","Fri Aug 25 10:26:36 +0000 2023","0","Masih ingat gak? Saat kebijakan pembebasan biaya pendidikan Anies Baswedan berhasil memberikan akses pendidikan yang lebih merata bagi semua anak Jakarta. Fiks inimah taun depan harus jadi presiden! #AniesBerhasil","1695019838601855412","","","in","Sidikalang, Indonesia","0","0","0","https://twitter.com/ppk_koba24/status/1695019838601855412","1447481099295211525","ppk_koba24"
"1694995600671199484","Fri Aug 25 08:50:17 +0000 2023","0","Kebijakan yang mengandung kekerasan juga termasuk bentuk kekerasan. Hal ini tercantum dalam Permendikbudristek No 46 Tahun 2023 tentang Pencegahan dan Penanganan Kekerasan di Lingkungan Satuan Pendidikan (PPKSP). #kemendikbud Hospital Playlist Livin Siang Crazy Love 18.00 WIB https://t.co/eYMR6UjHKt","1694995600671199484","https://pbs.twimg.com/media/F4XUd_GaoAAQsAc.jpg","","in","","0","1","0","https://twitter.com/BalitaaSehat/status/1694995600671199484","1389109535671865347","BalitaaSehat"
"1694992298826965195","Fri Aug 25 08:37:10 +0000 2023","2","Dengan kebijakan beasiswa pak Anies Baswedan berhasil mendukung masyarakat kurang mampu untuk berhasil meraih pendidikan tinggi di Jakarta. Nah ini nih the real pemimpin yang sebenarnya! Ngga cuman omong kosong doang tapi bukti nyatanya udah ada. #AniesBerhasil @sikahar","1694992298826965195","","","in","","0","0","0","https://twitter.com/manusiabia5/status/1694992298826965195","1688598494909726720","manusiabia5"
"1694992240446448045","Fri Aug 25 08:36:56 +0000 2023","1","Dengan kebijakan beasiswa pak Anies Baswedan berhasil mendukung masyarakat kurang mampu untuk berhasil meraih pendidikan tinggi di Jakarta. Nah ini nih the real pemimpin yang sebenarnya! Ngga cuman omong kosong doang tapi bukti nyatanya udah ada. #AniesBerhasil @sikahar","1694992240446448045","","","in","","0","0","0","https://twitter.com/Orang_dalam10/status/1694992240446448045","1688100146285043712","Orang_dalam10"
"1694992190219710577","Fri Aug 25 08:36:44 +0000 2023","2","Dengan kebijakan beasiswa pak Anies Baswedan berhasil mendukung masyarakat kurang mampu untuk berhasil meraih pendidikan tinggi di Jakarta. Nah ini nih the real pemimpin yang sebenarnya! Ngga cuman omong kosong doang tapi bukti nyatanya udah ada. #AniesBerhasil @sikahar","1694992190219710577","","","in","","0","0","0","https://twitter.com/PresidenWacana/status/1694992190219710577","1688096595412410370","PresidenWacana"
"1694991463275536819","Fri Aug 25 08:33:50 +0000 2023","2","Dengan kebijakan pembebasan biaya pendidikan Pak Anies Baswedan berhasil memberikan akses pendidikan yang lebih merata bagi semua anak Jakarta. Sosok seperti inimah harus jadi presiden tahun depan ni! #AniesBerhasil @incutkarya","1694991463275536819","","","in","","0","0","0","https://twitter.com/PresidenWacana/status/1694991463275536819","1688096595412410370","PresidenWacana"
"1694991413006758321","Fri Aug 25 08:33:38 +0000 2023","1","Dengan kebijakan pembebasan biaya pendidikan Pak Anies Baswedan berhasil memberikan akses pendidikan yang lebih merata bagi semua anak Jakarta. Sosok seperti inimah harus jadi presiden tahun depan ni! #AniesBerhasil @incutkarya","1694991413006758321","","","in","","0","0","0","https://twitter.com/Orang_dalam10/status/1694991413006758321","1688100146285043712","Orang_dalam10"
"1694991368777826441","Fri Aug 25 08:33:28 +0000 2023","2","Dengan kebijakan pembebasan biaya pendidikan Pak Anies Baswedan berhasil memberikan akses pendidikan yang lebih merata bagi semua anak Jakarta. Sosok seperti inimah harus jadi presiden tahun depan ni! #AniesBerhasil @IncutKarya","1694991368777826441","","","in","","0","0","0","https://twitter.com/manusiabia5/status/1694991368777826441","1688598494909726720","manusiabia5"
"1694953189068689834","Fri Aug 25 06:01:45 +0000 2023","0","Dengan kebijakan pembebasan biaya pendidikan Anies Berhasil memberikan akses pendidikan yang lebih merata bagi semua anak Jakarta. Fiks inimah taun depan harus jadi presiden! #AniesBerhasil","1694953189068689834","","","in","","0","0","0","https://twitter.com/ootdwanitahijab/status/1694953189068689834","1355029286940413954","ootdwanitahijab"
"1694908707073896883","Fri Aug 25 03:05:00 +0000 2023","0","Anies Baswedan berhasil membuktikan komitmennya dalam bidang pendidikan dengan kebijakan pembebasan biaya pendidikan. Bagaimana tidak ia pantas disandingkan dengan #AniesBerhasil yang mewakili kesuksesannya. @Emmerilfariski https://t.co/fD36aQ06ib","1694908707073896883","https://pbs.twimg.com/ext_tw_video_thumb/1694874305648283648/pu/img/VLAUlg512npjIOCZ.jpg","","in","Tanah Abang, Indonesia","0","0","0","https://twitter.com/SiKahar/status/1694908707073896883","1688721549392744448","SiKahar"
"1694906190113997016","Fri Aug 25 02:55:00 +0000 2023","0","Terobosan Anies Baswedan Berhasil dengan kebijakan pembebasan biaya pendidikan berhasil menyeimbangkan akses pendidikan bagi anak Jakarta. Tak heran jika ia layak diapresiasi dengan #AniesBerhasil. https://t.co/n7T3SjoxMV","1694906190113997016","https://pbs.twimg.com/ext_tw_video_thumb/1694873868538875904/pu/img/Lttb5A9m367d0o7x.jpg","","in","Tanah Abang, Indonesia","0","0","0","https://twitter.com/SiKahar/status/1694906190113997016","1688721549392744448","SiKahar"
"1694896878855266533","Fri Aug 25 02:18:00 +0000 2023","1","Dibarengi dengan keinginan memajukan pendidikan di Jakarta Anies Baswedan telah berhasil mengeluarkan kebijakan beasiswa yang memberi jalan bagi masyarakat kurang mampu untuk mewujudkan impian mereka dan mendapatkan pendidikan tinggi #AniesBerhasil @PresidenWacana https://t.co/XcVnA8Qlpi","1694896878855266533","https://pbs.twimg.com/ext_tw_video_thumb/1694878078454165504/pu/img/tqBqNiPYlwBQriJ4.jpg","","in","Jakarta Capital Region","1","0","0","https://twitter.com/WiraAkira/status/1694896878855266533","1688045409586036736","WiraAkira"
"1694891671497150849","Fri Aug 25 01:57:18 +0000 2023","0","Waw keren kebijakan biaya pendidikan keren nich bapak Anies berhasil memberikan Akses pendidikan yang lebih merata bagi semua anak jakarta loh #AniesBerhasil","1694891671497150849","","","in","𝓐uthored by a fan_1998","0","0","0","https://twitter.com/LusiJamilah/status/1694891671497150849","65403434","LusiJamilah"
"1694864822142464470","Fri Aug 25 00:10:37 +0000 2023","3","Dengan kebijakan pembebasan biaya pendidikan Anies Baswedan berhasil memberikan akses pendidikan yang lebih merata bagi semua anak Jakarta. Fiks inimah taun depan harus jadi presiden! #AniesBerhasil","1694864822142464470","","","in","","0","0","0","https://twitter.com/anakamak_04/status/1694864822142464470","1689506971211407360","anakamak_04"
"1694741882033819999","Thu Aug 24 16:02:06 +0000 2023","0","Seandainya negara tdk berdagang dgn rakyatnya mungkin rakyat dpt memenuhi kebutuhan pokoknya &amp; mendapatkan fasilitas pendidikan jg kesehatan yang baik. Tapi kondisi kekinian malah kebijakan jd dagangan merampok pulak? ","1694741882033819999","","","in","Kemayoran, DKI Jakarta","0","0","2","https://twitter.com/Lanoko_/status/1694741882033819999","716413710","Lanoko_"
"1694740575449407854","Thu Aug 24 15:56:54 +0000 2023","0","Kolaborasi antara industri dan pendidikan vokasi memang sangat penting terutama bagi mahasiswa kami yang berperan sebagai pemerintah berharap dengan adanya kebijakan -kebijakan baru yang telah kami buat dapat mengurangi pengangguran yang ada di Indonesia setelah lulus dari dunia ","1694740575449407854","","","in","","0","1","0","https://twitter.com/ahalghifari_/status/1694740575449407854","1241544421889343489","ahalghifari_"
"1694704374004764933","Thu Aug 24 13:33:03 +0000 2023","0","Pemerintah sudah berusaha keras dan masih berusaha keras untuk memajukan pendidikan bangsa Indonesia untuk menghadapi 5.0 society. Berbagai cara dan kebijakan sudah diterapkan untuk memajukan pendidikan di Indonesia.","1694704374004764933","","","in","","0","1","0","https://twitter.com/IlhamMaril43998/status/1694704374004764933","1677793520973934592","IlhamMaril43998"
"1694694498075549920","Thu Aug 24 12:53:48 +0000 2023","0","Dinamika Lingkungan dan Peran Teknologi Pendidikan dalam Membentuk Kompetensi Menuju Dunia Kerja Era Society 5.0 Tinjauan Kebijakan Pemerintah Teknologi pendidikan di era Society 5.0 krusial untuk persiapan kerja individu.","1694694498075549920","","","in","","0","1","0","https://twitter.com/shafirarip15/status/1694694498075549920","1684075187363512320","shafirarip15"
"1694690721360707865","Thu Aug 24 12:38:48 +0000 2023","0","Dengan kebijakan ini porsi materi Pancasila dalam sistem pendidikan nasional akan diberikan tempat yang lebih strategis. Buku Teks Utama ini akan menjadi panduan utama bagi sekolah dasar dan menengah dalam implementasi Kurikulum Merdeka yang mulai diterapkan tahun ini. Langkah https://t.co/2GEJUvmF4g","1694690721360707865","https://pbs.twimg.com/ext_tw_video_thumb/1694690670169223168/pu/img/w5b93FzTBMMaT73a.jpg","","in","Indonesia","1","0","0","https://twitter.com/DPPBMI/status/1694690721360707865","2883691224","DPPBMI"
"1694547866931654671","Thu Aug 24 03:11:09 +0000 2023","6","https://t.co/N7FZV2Iu4T Pemerintah harus menata ulang kebijakan thd PTN dan PTS/ ambil 10 PTN papan atas untuk ditargetkan masuk ranking dunia. Sisanya bersama PTS focus membenahi kualitas pendidikan di PT agar menghasilkan alumni yang punya integritas profesional dan kompeten","1694547866931654671","","","in","Jakarta - Indonesia","0","1","0","https://twitter.com/marzukialie_MA/status/1694547866931654671","208784759","marzukialie_MA"
"1694523104041763120","Thu Aug 24 01:32:45 +0000 2023","4","Hai #SahabatBahari pada (23/8) PPN Prigi mengadakan Bulan Cinta Laut di Pantai Cengkrong bersama Forkopimcam dan instansi pendidikan. Dalam rangka melaksanakan salah satu dari 5 kebijakan KKP. #KKPThrive #KKPGOID #DJPTBersinergi #PRIGISOLUTIF #ZIWBK https://t.co/be0ykm0AUI","1694523104041763120","https://pbs.twimg.com/media/F4QnPdEaAAAvFZz.jpg","","in","Trenggalek, Indonesia","0","0","0","https://twitter.com/ppn_prigi/status/1694523104041763120","821037492463771648","ppn_prigi"
"1694503467933737331","Thu Aug 24 00:14:43 +0000 2023","2","Ganjar Pranowo gratiskan SPP kebijakan ini bertujuan untuk memperluas akses pendidikan https://t.co/qsvn5i2LWm","1694503467933737331","https://pbs.twimg.com/media/F4QV7FcbgAEqkcV.jpg","","in","Yogyakarta, Indonesia","0","0","1","https://twitter.com/bbahtiarr/status/1694503467933737331","2570087317","bbahtiarr"
"1694273274996232384","Wed Aug 23 09:00:01 +0000 2023","0","Desakan Evaluasi Implementasi PTN-BH Pendidikan Butuh Kebijakan Berkeadilan Sosial via @infosumbar https://t.co/a29TohWzTt","1694273274996232384","","","in","Kota Padang, Sumatera Barat","0","0","0","https://twitter.com/infoSumbar/status/1694273274996232384","162721676","infoSumbar"
"1694266339475750980","Wed Aug 23 08:32:27 +0000 2023","0","Mengapa harus melek politik dan berpartisipasi ? ya karena semua kebijakan seperti pendidikan kesehatan ekonomi sosial budaya lingkungan hidup ditentukan berdasarkan politik. Dan semua itu bakal mempengaruhi kita semua.","1694266339475750980","","","in","Pandaan, Pasuruan, Jawa Timur","0","0","0","https://twitter.com/MSubchanZen/status/1694266339475750980","1693862121199783936","MSubchanZen"
"1694222977620156449","Wed Aug 23 05:40:09 +0000 2023","3","Halo Sahabat PMI ! Kalian ada yang tau gak sih? Ternyata Pendidikan Kesehatan Seksual dan Reproduksi (PKRS) ada kebijakan hukumnya loh Yuk Simak di postingan berikut ini! #gaktabulagi #education #law #important https://t.co/V38Ao3q5Tt","1694222977620156449","https://pbs.twimg.com/media/F4MWsDLaYAAo3KX.jpg","","in","Surabaya Indonesia","0","1","0","https://twitter.com/PMI_Surabaya/status/1694222977620156449","124763946","PMI_Surabaya"
"1694215140865130749","Wed Aug 23 05:09:01 +0000 2023","0","Saya mengetahui bahwa untuk membuat suatu terobosan kebijakan pendidikan di Indonesia pastinya akan berdarah-darah dan harus putar otak untuk pengelolaan APBN (saya belum mengetahui waktu yang tepat).","1694215140865130749","","","in","Les Aix-d'Angillon","0","1","0","https://twitter.com/deedsryder/status/1694215140865130749","1393382938633375748","deedsryder"
"1694165393382981907","Wed Aug 23 01:51:20 +0000 2023","0","Jadi terlalu picik dan dungu kalau seorang petinggi dan penentu kebijakan terkait proses adaptasi spesialis menganggap tidak diperlukan lagi adaptasi bagi diaspora yang sudah dinyatakan lulus pendidikan spesialis https://t.co/RwoF3Z6awS","1694165393382981907","","","in","Jakarta - Indonesia","0","0","0","https://twitter.com/cnrtoday/status/1694165393382981907","1643890216988712961","cnrtoday"
"1694045165345006002","Tue Aug 22 17:53:35 +0000 2023","0","#Paripurna32 Suhardi @FPD_DPR #Sulbar : Pemerintah harus memastikan bahwa kebijakan sektor pendidikan kesehatan dan perlindungan sosial dapat dirasakan manfaatnya oleh masyarakat utamanya untuk mengurangi kemiskinan ekstrem dan prevalensi stunting.","1694045165345006002","","","in","","0","0","0","https://twitter.com/WikiDPR1/status/1694045165345006002","3550695012","WikiDPR1"
"1693994295471288462","Tue Aug 22 14:31:27 +0000 2023","0","Pemimpin Indonesia 2024 Mampu merumuskan kebijakan pendidikan yang relevan dengan tuntutan zaman. #pemimpinkami2024","1693994295471288462","","","in","Yogyakarta, Indonesia","1","0","0","https://twitter.com/winwins7420/status/1693994295471288462","1561151540173619200","winwins7420"
"1693989934888358273","Tue Aug 22 14:14:07 +0000 2023","1","Alasan knp aku pingin resign dari sekolah: selain krn ketidakcocokan dengan kebijakan sekolah yg ada aku merasa kalo aku ini gak niat ngajar dan gak punya kompetensi dan berpikir bahwa orang yg seperti aku sebaiknya keluar aja biar gak bikin pendidikan indonesia tambah bobrok ~","1693989934888358273","","","in","Tanjung Pinang Timur, Indonesi","0","1","0","https://twitter.com/deniarif_yoga/status/1693989934888358273","1398008864","deniarif_yoga"
"1693987955134910910","Tue Aug 22 14:06:15 +0000 2023","2","Kebijakan apapun berbanding lurus dengan solusi contoh zonasi Berbanding lurus dengan sarana prasarana di setiap jenjang pendidikan. #pemimpinkami2024","1693987955134910910","","","in","sumatera barat","0","0","0","https://twitter.com/Abrar45888297/status/1693987955134910910","1404158517854965760","Abrar45888297"
"1693985853448876169","Tue Aug 22 13:57:54 +0000 2023","0","Partisipasi dalam Evaluasi Kebijakan: Melibatkan guru dalam evaluasi kebijakan pendidikan yang ada. #pemimpinkami2024","1693985853448876169","","","in","","0","0","0","https://twitter.com/ayikudin/status/1693985853448876169","1297726448","ayikudin"
"1693985295195423137","Tue Aug 22 13:55:41 +0000 2023","0","Hak Partisipasi dalam Kebijakan Pendidikan: Mengikutsertakan guru dalam proses pengambilan keputusan terkait kebijakan pendidikan. #pemimpinkami2024","1693985295195423137","","","in","","0","0","0","https://twitter.com/ayikudin/status/1693985295195423137","1297726448","ayikudin"
"1693973774239207677","Tue Aug 22 13:09:54 +0000 2023","1","Pengembangan kebijakan pendidikan yang berfokus pada peningkatan kualitas dan aksesibilitas. #pemimpinkami2024","1693973774239207677","","","in","Sukabumi, Indonesia","0","0","0","https://twitter.com/wahyuhe6266/status/1693973774239207677","1639838170568359937","wahyuhe6266"
"1693969322799153561","Tue Aug 22 12:52:13 +0000 2023","0","Check it out! Podcast dadakan Suara Muda untuk 2024 bareng alumni AAI Youth Participation in Social Justice Issues . Kali ini bareng Wikan Astri Hana dan Kristi. Banyak isu kebijakan penting yang dibahas dari soal disabilitas pendidikan isu perempuan dan anak serta media. https://t.co/U74nY3DPhd","1693969322799153561","https://pbs.twimg.com/media/F4IwHl3bUAAcKam.jpg","","in","Rainbow Island","0","1","0","https://twitter.com/tenriangke/status/1693969322799153561","116396959","tenriangke"
"1693950421679931423","Tue Aug 22 11:37:07 +0000 2023","1","Bengep muka nangis gegara kebijakan negara yg ga ramah sama perempuan+ibu punya anak+usia tua+minim dana untuk ngejer pendidikan ","1693950421679931423","","","in","Indonesia","0","1","0","https://twitter.com/roel_by_roel/status/1693950421679931423","356611947","roel_by_roel"
"1693926855555031113","Tue Aug 22 10:03:28 +0000 2023","36","Melanjutkan kebaikan dan kebijakan negara mengambil alih sepenuhnya untuk pendidikan itu lebih baik. Harapan Mas @aniesbaswedan yang mengerjakan. Banyak Guru-guru yg siap mencerdaskan kehidupan bangsa dalam seluruhnya pelosok negeri https://t.co/PriQPgKbTJ","1693926855555031113","https://pbs.twimg.com/ext_tw_video_thumb/1693926675543920640/pu/img/ARYIlyLcCjOSxM8B.jpg","","in","","1","0","13","https://twitter.com/LANGKAHANIES/status/1693926855555031113","1493158746205614080","LANGKAHANIES"
"1693670060097929707","Mon Aug 21 17:03:03 +0000 2023","0","Perdirjen GTK Tentang Peran Pengawas Sekolah Dalam Implementasi Kebijakan Merdeka Belajar Pada Satuan Pendidikan https://t.co/1i8XkLFbrJ","1693670060097929707","","","in","Banten, Indonesia","0","0","0","https://twitter.com/aina_mulyana/status/1693670060097929707","1376131252101685251","aina_mulyana"
"1693662370202358010","Mon Aug 21 16:32:30 +0000 2023","1","Inilah kenapa harus ada kata *PERUBAHAN*. Perubahan u/ hal yang lebih baik lagi. Perubahan kebijakan yg sebelumnya merugikan rakyat. Perubahan dari sisi keadilan sosial . Perubahan ekonomi negara u/ lebih baik lagi. Perubahan sisi pendidikan semua jenjang.","1693662370202358010","","","in","Matraman, Indonesia","0","0","1","https://twitter.com/Udjie_rush/status/1693662370202358010","755430416803254273","Udjie_rush"
"1693607108762317303","Mon Aug 21 12:52:55 +0000 2023","1","Webinar Kebijakan Dana BOSP Kinerja Kemajuan Terbaik --- Dana BOSP Kinerja Kemajuan Terbaik merupakan salah satu bentuk apresiasi Pemerintah kepada satuan pendidikan yang mengalami peningkatan dalam hasil belajar. #Webinar #BOSP #InformasiPendidikan https://t.co/LU96cJPpei","1693607108762317303","https://pbs.twimg.com/media/F4Dmr7mb0AAGIZO.jpg","","in","","0","1","0","https://twitter.com/pendikinfo/status/1693607108762317303","1338721875069788160","pendikinfo"
"1693546373797531741","Mon Aug 21 08:51:34 +0000 2023","48","#SahabatDikbud Kemendikbudristek melalui kebijakan #MerdekaBelajar telah meluncurkan serangkaian platform teknologi untuk mendukung proses pembelajaran di satuan pendidikan. Platform-platform seperti Platform Merdeka Mengajar Rapor Pendidikan ARKAS dan SIPLah tidak hanya https://t.co/ydxCcWRago","1693546373797531741","https://pbs.twimg.com/media/F4CvcK1bcAAGIMy.jpg","","in","Jakarta","2","3","15","https://twitter.com/Kemdikbud_RI/status/1693546373797531741","631701837","Kemdikbud_RI"
"1693542708764393655","Mon Aug 21 08:37:00 +0000 2023","0","Negara sedang sakit. Metabolisme utk pertumbuhan tersumbat. Agen-agen perubahan murni diantaranya pusat pendidikan kampus-kamus terasa tersekap oleh kebijakan-kebijakan ganjil yg rapih tapi sangat mirip orba. Salah satu contoh kini rektor dipilih dan diberhentikan istana dll.","1693542708764393655","","","in","Tangerang Selatan, Banten","0","0","0","https://twitter.com/FaqihSyahrir/status/1693542708764393655","1691078304651259904","FaqihSyahrir"
"1693427187272311204","Mon Aug 21 00:57:58 +0000 2023","0","Upaya pemerintah dlm meningkatkan profesionalisme kerja guru ialah melalui Pendidikan Profesi Guru (PPG). Kebijakan tersebut selaras dengan UU Sistem Pendidikan Nasional No. 20 Tahun 2003 yang relevan juga pada peningkatan profesionalisme pendidik dan tenaga kependidikan https://t.co/oJ1AQzurA1","1693427187272311204","https://pbs.twimg.com/media/F4BDDIrbAAAjduS.jpg","","in","","0","0","0","https://twitter.com/Tezzandra/status/1693427187272311204","792702276","Tezzandra"
"1693262365561897004","Sun Aug 20 14:03:01 +0000 2023","0","Benarkah RSUP Adam Malik melakukan intervensi pendidikan dokter yang bukan bidang pekerjaannya ???? Bila terjadi ini kerancuan tugas dan fungsi RS akibat kesesatan kebijakan Kemenkes @KemenkesRI @PBIDI @Itjen_Kemdikbud https://t.co/k3icGYLK2B","1693262365561897004","","","in","Cikarang, Jawa Barat","0","0","0","https://twitter.com/mauldyas/status/1693262365561897004","282583979","mauldyas"
"1693170181047214273","Sun Aug 20 07:56:43 +0000 2023","0","saat menjadi gubernur Anies gigih dan berani membuat kebijakan di bidang pendidikan agar semua anak bisa sekolah #AniesGigih","1693170181047214273","","","in","","0","0","0","https://twitter.com/giclds/status/1693170181047214273","2756544629","giclds"
"1693160514820706396","Sun Aug 20 07:18:18 +0000 2023","27","Cara Ganjar Pranowo mengentaskan kemiskinan adlh salah satunya memajukan pendidikan. Tujuan terobosan ini agar tdk ada lagi yg putus sekolah. Semua urusan pendidikan menjadi tanggung jawab pemerintah Jateng. Kebijakan yg peduli dgn rakyatnya ! https://t.co/gtXv5HRudd","1693160514820706396","https://pbs.twimg.com/media/F39QgKkaIAAe9Hn.jpg","","in","Indonesia","1","0","26","https://twitter.com/GibranJos/status/1693160514820706396","1492136123749253123","GibranJos"
"1693113514897117387","Sun Aug 20 04:11:33 +0000 2023","2","Sekolah internasional ikut mendukung kebijakan pemerintah dalam hal pendidikan karakter salah satunya menerapkan program profil pelajar Pancasila. https://t.co/ZcxffJPsS1","1693113514897117387","","","in","Jakarta","1","0","2","https://twitter.com/kompascom/status/1693113514897117387","23343960","kompascom"
"1693046746480529803","Sat Aug 19 23:46:14 +0000 2023","11","Kemiskinan terstruktur mendorong Pemerintah utk merumuskan berbagai kebijakan bertujuan mengatasi kondisi ini dgn pendekatan yg masif. Berbagai Program di lakukan yg mengalokasikan bantuan keuangan bagi keluarga miskin untuk kebutuhan dasar sekaligus pendidikan Malming Budiman https://t.co/4e5h98Cz8j","1693046746480529803","https://pbs.twimg.com/media/F37pCxja0AAoddN.jpg","","in","","1","4","10","https://twitter.com/riegosee/status/1693046746480529803","988378254","riegosee"
"1692913045205667865","Sat Aug 19 14:54:57 +0000 2023","12","Kebijakan dan terobosan Ganjar Pranowo lahirlah SMKN Jateng bagi siswa yang berasal dari keluarga kurang mampu. Mereka yang tadinya pesimis pada pendidikan tak lagi gamang untuk melanjutkan sekolah begitu lulus jenjang pertama. https://t.co/PWBUdkNNnr","1692913045205667865","https://pbs.twimg.com/media/F35vbRhaIAE03sC.jpg","","in","Kota Pekalongan, Jawa Tengah","1","0","6","https://twitter.com/Marbot_Udien/status/1692913045205667865","3827798354","Marbot_Udien"
"1692455919618236685","Fri Aug 18 08:38:30 +0000 2023","0","Kebijakan soal kesehatan dan pendidikan menjadi yang utama di timur Indonesia. Saksikan #SuaraReboan - Mari Merdeka Bersama di Youtube Metrotvnews . Link: https://t.co/OSMGGD30yL #suarareboanmetrotv #suaraperubahan #aniesbaswedan https://t.co/qSdRpWlRM6","1692455919618236685","https://pbs.twimg.com/ext_tw_video_thumb/1692455704358166528/pu/img/IxE5AMDhtv5pC64t.jpg","","in","","0","0","0","https://twitter.com/Metro_TV/status/1692455919618236685","57261519","Metro_TV"
"1692419688486293553","Fri Aug 18 06:14:32 +0000 2023","362","Pak Anies Baswedan berbicara tentang Perubahan. perubahan ini bukan soal sosok. Akan tetapi kebijakan yang menyentuh kebutuhan-kebutuhan masyarakat. Misalnya kebutuhan pokok adanya lapangan pekerjaan pendidikan berkualitas hingga tuntas dan pelayanan kesehatan yang baik. https://t.co/jDrZbKgzNw","1692419688486293553","https://pbs.twimg.com/ext_tw_video_thumb/1692419633700311040/pu/img/Lcbvnkk0VlVbqxX1.jpg","","in","","8","18","149","https://twitter.com/MuhiqR/status/1692419688486293553","1266386436049289216","MuhiqR"
"1692413581541937262","Fri Aug 18 05:50:16 +0000 2023","0","Pemimpin bikin kebijakan. Harusnya rakyat ringan bukan malah mahal biaya hidup biaya pendidikan Dan kesehatan INI malah di bebani pajak tinggi Rezim brengsek . kalian enak enkan korupsi rakyat bayar pajak tinggi buat bayar hutang di kritik tidak mau # bajingan.","1692413581541937262","","","in","","0","0","0","https://twitter.com/irwansy62764720/status/1692413581541937262","1676542578353905665","irwansy62764720"
"1692337579218333740","Fri Aug 18 00:48:15 +0000 2023","1","Hasil pendidikan nasional. Murid Makin hilang adab. Ibu guru saja mereka bully karena tidak suka dengan kebijakan sekolah. Indonesia krisis dunia pendidikan","1692337579218333740","","","in","","0","0","1","https://twitter.com/JanuarIwan2023/status/1692337579218333740","1637658497394565122","JanuarIwan2023"
"1692336936747409690","Fri Aug 18 00:45:42 +0000 2023","2","#sanakBBPMP pada tanggal 15 Agustus 2023 melakukan Webinar Nasional Perspektif Kepala Daerah terkait Kebijakan Pengangkatan Kepala Sekolah dan Pengawas dari Guru Penggerak sebagai Upaya Akselerasi Peningkatan Mutu Pendidikan . https://t.co/rlU5eHlA0I","1692336936747409690","https://pbs.twimg.com/ext_tw_video_thumb/1692336846708396032/pu/img/kukTDXo8WshNEJxd.jpg","","in","Padang Utara, Indonesia","0","0","0","https://twitter.com/lpmp_sumbar/status/1692336936747409690","1085712552095494146","lpmp_sumbar"
"1692223898736312743","Thu Aug 17 17:16:32 +0000 2023","0","Akibat menteri pendidikan aku bisa hasilin uang dari program km3 dan konversi byk matkul tp sekarang minus nya susah cari kerja !! Karna praturan yg aneh itu terutama guru !! Smoga 2024 bisa ganti kebijakan baru yg menyejahterakan guru plis guru yo rekoso pak","1692223898736312743","","","in","Karanganyar, Indonesia","0","0","1","https://twitter.com/sambalmataahhhh/status/1692223898736312743","1454453510494326794","sambalmataahhhh"
"1692172760322339221","Thu Aug 17 13:53:19 +0000 2023","2","Konferensi Kerja Kabupaten PB PGRI Kabupaten Banjarnegara menyoroti peran kebijakan dalam meningkatkan mutu guru. Ketua Umum PB PGRI Prof Unifah Rosyidi menegaskan pentingnya interaksi antara tokoh PGRI dan pembuat kebijakan untuk mengokohkan pendidikan. https://t.co/T9TkrDSltO","1692172760322339221","https://pbs.twimg.com/media/F3vOHXUaMAAWo_4.jpg","","in","Semarang Tengah, Indonesia","0","0","1","https://twitter.com/pgrijateng/status/1692172760322339221","875229486513405952","pgrijateng"
"1692108858083442760","Thu Aug 17 09:39:24 +0000 2023","0","Masa sih diabaikan ? Alokasi anggaran utk pendidikan selalu 20% dari APBN.. sama sekali gak mencerminkan diabaikan . Kalau mau kritik kebijakan monggo... tp klaim diabaikan menurut saya tidak tepat.","1692108858083442760","","","in","Indonesia","1","0","0","https://twitter.com/edykrit22/status/1692108858083442760","2259716772","edykrit22"
"1692069698672988333","Thu Aug 17 07:03:47 +0000 2023","0","Soal informasi terbatas ini setuju banget. Waktu itu ada content creator (lupa namanya) kepeleset 2x waktu bahas warteg (omzet disebut cuan) dan kebijakan judi era Ali Sadikin (salah tafsir konteks). Ternyata latar pendidikan &amp; kerjaan masih junior banget.","1692069698672988333","","","in","Jakarta Capital Region","0","1","0","https://twitter.com/shallypristine/status/1692069698672988333","92804304","shallypristine"
"1692040442060431543","Thu Aug 17 05:07:32 +0000 2023","0","Kesalahan dasar pemikiran dalam kebijakan Merdeka Belajar Kemendikbud dapat menarik dunia pendidikan Indonesia kembali pada penguatan warisan kebudayaan kolonial. #userstory https://t.co/qWY6PDlbPO","1692040442060431543","","","in","","0","0","0","https://twitter.com/kumparan/status/1692040442060431543","759692754985242625","kumparan"
"1691993714410013174","Thu Aug 17 02:01:51 +0000 2023","2","Guru sekarang tuh harus bisa adaptasi dg perkembangan kondisi anak² jaman sekarang. Mereka kritis dan berani mengambil sikap ketika menyaksikan kebijakan dan aturan yg nggak sesuai dg mereka. Cara² saklek jaman mbiyen nggak semuanya bisa diterapkan di pendidikan masa kini.","1691993714410013174","","","in","Indonesia","0","1","0","https://twitter.com/FathumBrhn/status/1691993714410013174","1542155069931798528","FathumBrhn"
"1691842575416877342","Wed Aug 16 16:01:17 +0000 2023","0","Pemeintah indo kalau lg krisis entah itu masalah pendidikan kesehatan keadilan kerusuhan aksinya malah nyuruh warga begini begitu tp gaada solusi konkret. Ga mihak rakyat. Kalau sudah ngerjain ginian aja cepet. Klo gini doang gak perlu bijak sih buat jd pengambil kebijakan","1691842575416877342","","","in","Kalimantan Selatan, Indonesia","0","1","0","https://twitter.com/ndshm10969/status/1691842575416877342","1218744854592704512","ndshm10969"
"1691648475329606087","Wed Aug 16 03:10:00 +0000 2023","15","Kebijakan @ganjarpranowo memberikan gaji guru honorer datang setara UMK .. Karena bagi Ganjar guru adalah pahlawan pendidikan. #GanjarAdalahGanjar https://t.co/zHEHojM2Hg","1691648475329606087","https://pbs.twimg.com/media/F3nxUMxbAAE-G49.jpg","","in","Mojokerto, Jawa Timur","0","1","8","https://twitter.com/ahmad_bellamy/status/1691648475329606087","1081205704898179073","ahmad_bellamy"
"1691647514888503361","Wed Aug 16 03:06:11 +0000 2023","10","Kebijakan @ganjarpranowo judulnya pendidikan di Jawa Tengah mendapatkan apresiasi dari pemerintah Jawa Tengah menjadi provinsi terbaik dalam implementasi simpanan pelajar tingkat nasional. #GanjarAdalahGanjar https://t.co/C9Hvaak90g","1691647514888503361","https://pbs.twimg.com/media/F3nwcgbbwAAhaLK.jpg","","in","Mojokerto, Jawa Timur","0","2","7","https://twitter.com/ahmad_bellamy/status/1691647514888503361","1081205704898179073","ahmad_bellamy"
"1691611138277130493","Wed Aug 16 00:41:38 +0000 2023","0","Topik Diskusi Pagi ini; Refleksi 78 Tahun Kemerdekaan RI: Bidang Pendidikan. Berikut pandangan Guru Besar Universitas Pendidikan Indonesia (UPI) Bandung/pengamat kebijakan pendidikan; Prof Cecep Darmawan #NOW #LIVE #TOPIK #refleksi #HUTRI2023 #pendidikan cc: @upi_official","1691611138277130493","","","in","Semarang, Jawa Tengah","0","0","0","https://twitter.com/RadioIdolaSMG/status/1691611138277130493","385894867","RadioIdolaSMG"
"1691584621803368727","Tue Aug 15 22:56:16 +0000 2023","17","KEBIJAKAN Otsus Papua memberi manfaat luar biasa bagi masyarakat asli Papua baik proses pembangunan fisik maupun dalam pembangunan SDM. Berdasarkan kajian Puskappi kebijakan dana otsus menghasilkan peningkatan standar pendidikan OAP. #BasmiTuntas_KKBPapua Rachel Kedinginan https://t.co/8x6wZEzWoi","1691584621803368727","https://pbs.twimg.com/media/F3m3Psza4AEEOvc.jpg","","in","Indonesia","0","6","13","https://twitter.com/Ranisor/status/1691584621803368727","1143085007193329664","Ranisor"
"1691532711436120065","Tue Aug 15 19:30:00 +0000 2023","21","Indomaret punya sistem yang bisa banget ditiru oleh pemangku kebijakan pendidikan. Bayangkan jika sekolah di negeri ini juga memiliki standardisasi nasional seperti yang dipunya Indomaret. #TerminalMojok https://t.co/wmAJy9ONzt","1691532711436120065","","","in","redaksi@mojok.co","0","1","4","https://twitter.com/mojokdotco/status/1691532711436120065","2388795571","mojokdotco"
"1691471101254393856","Tue Aug 15 15:25:11 +0000 2023","0","Seorang Jenderal dengan latar belakang pendidikan yang matang memiliki pengetahuan ekonomi bisnis kebijakan publik dan pemerintahan sangat peduli terhadap pendidikan HAM kesetaraan dan kesejahteraan. #pemimpinmasadepan #pemilu2024 #IndonesiaMaju","1691471101254393856","","","in","Tegal, Indonesia","0","0","0","https://twitter.com/HeronArt/status/1691471101254393856","64667302","HeronArt"
"1691453276691333120","Tue Aug 15 14:14:21 +0000 2023","0","Kadang pendidikan dan kehebatan logika bukan hal yang penting dibanding dengan kebijakan dan kebajikan. Maybe you're great but that's not enough..","1691453276691333120","","","in","","0","0","0","https://twitter.com/GreenDTisback/status/1691453276691333120","1234308931972763648","GreenDTisback"
"1691379254658023424","Tue Aug 15 09:20:13 +0000 2023","0","Faktanyaaa korupsi pada bidang pendidikan luar biasaa gilanyaa. Pemainnya bukan hanya para pemilik sekolah dan yayasan tapi para pemangku kebijakan seperti pemerintahan daerah sekalipun ikut ambil dalam hal ini. Coba dong di tindak lanjut dengan jelas @Itjen_Kemdikbud","1691379254658023424","","","in","","0","0","0","https://twitter.com/MuhamadPerdian6/status/1691379254658023424","1616576354581123073","MuhamadPerdian6"
"1691099388796641280","Mon Aug 14 14:48:08 +0000 2023","0","baru aja ngepoint latar belakang pendidikan/profesi sebelumnya para menteri ternyata maritim dan investasi = TNI AD. ATR/BPN = TNI AU. kesehatan = S1nya fisika nuklir. KKP = S1nya teknik industri (s2 kebijakan publik). agama = SMA. kehutanan = anak kehutanan","1691099388796641280","","","in","Southern Water Tribe","0","1","0","https://twitter.com/aszara_/status/1691099388796641280","266352673","aszara_"
"1691089682262810624","Mon Aug 14 14:09:33 +0000 2023","0","Menghadapi hate speech penting untuk mempromosikan pendidikan dan kesadaran tentang dampak negatifnya. Platform online juga perlu menerapkan kebijakan yang tegas terhadap hate speech dan memberikan pengguna mekanisme melaporkan konten berbahaya.","1691089682262810624","","","in","","0","0","0","https://twitter.com/cahyad1_dwi/status/1691089682262810624","1605085332596461568","cahyad1_dwi"
"1691055294955347968","Mon Aug 14 11:52:55 +0000 2023","1","Penyebarluasan Peraturan Daerah Jawa Barat No. 8 tahun 2016 tentang Pedoman Pelayanan Kepemudaan. Indeks pembangunan pemuda hrs ditingjatkan dgn kebijakan politik anggaran pada sektor pendidikan kesehatan kesejahteraan lapangan &amp; kesempatan kerja partisipasi dan kepemimpinan https://t.co/7LSTpSwIte","1691055294955347968","https://pbs.twimg.com/ext_tw_video_thumb/1691055225820631040/pu/img/R1ARv8fJAyfyZqFD.jpg","","in","","0","0","0","https://twitter.com/AchmatRuyat/status/1691055294955347968","1304373194472652801","AchmatRuyat"
"1691014208979361793","Mon Aug 14 09:09:39 +0000 2023","0","Karya ini disarikan dari hasil penelitian sehingga para pembaca khususnya para akademisi dan pemegang kebijakan strategis di perguruan tinggi dan bidang pendidikan patut menjadikannya sebagai bahan referensi yang berkaitan dengan revitalisasi LPTK. (7)","1691014208979361793","","","in","Jl. Tambra Raya No. 23 Jaktim","0","0","0","https://twitter.com/Prenadamedia2/status/1691014208979361793","821897566442786818","Prenadamedia2"
"1690923664605351936","Mon Aug 14 03:09:52 +0000 2023","27","Dokter dalam Genggaman UU Kesehatan Agung Sapta Adi Dokter Spesialis Anestesi &amp; Terapi Intensif Presidium DIB (Dokter Indonesia Bersatu) Kebijakan Politik Etis Belanda di bidang pendidikan melahirkan kelompok elite baru berupa kaum terpelajar atau kaum intelektual. https://t.co/jbrD2K6YVS","1690923664605351936","https://pbs.twimg.com/media/F3ddkuFakAAaPIf.jpg","","in","Jakarta,Indonesia","1","3","14","https://twitter.com/EvaSriDiana_Dr/status/1690923664605351936","190661886","EvaSriDiana_Dr"
"1690886787839967232","Mon Aug 14 00:43:20 +0000 2023","0","Apel Senin pagi (14/08/2023) berlangsung di halaman kantor yang diikuti segenap ASN Kankemenag Kulon Progo sebagai wujud integritas dan komitmen bersama untuk menegakkan regulasi kebijakan pemerintah. Sebagai pembina Plt Kasi Pendidikan Madrasah M.Muh Dwi Putranto S.Pd. M.M. https://t.co/jLdF3i2kpc","1690886787839967232","https://pbs.twimg.com/media/F3c8khzbIAARmKq.jpg","","in","","0","0","0","https://twitter.com/Kemenag_KP/status/1690886787839967232","1443606525944078340","Kemenag_KP"
"1690738327677501440","Sun Aug 13 14:53:24 +0000 2023","0","Pendidikan di Indonesia tergolong rendah banyak siswa putus sekolah sebab terhambat oleh biaya. Maka pemerintah harus membuat kebijakan agar bisa menerapkan pendidikan gratis. #MAHESAMENGGUGAT #UKTMAHAL #KuliahGratis #ReformasiPendidikanTinggi #PendidikanGratis #PKKMBUNNES2023 https://t.co/vLdZ2D4zb8","1690738327677501440","https://pbs.twimg.com/media/F3a1i1qbgAEo0dk.jpg","","in","","0","0","0","https://twitter.com/bmen_n47042/status/1690738327677501440","1660430197055975425","bmen_n47042"
"1690655534737928192","Sun Aug 13 09:24:24 +0000 2023","0","MALANG - Bupati Malang Drs. H. M. Sanusi M.M. membuka kegiatan Workshop Pendidikan Arah Kebijakan Dana BOSP Tahun Anggaran 2023 yang berlangsung di Grand Mercure Malang Mirama Minggu (13/8) siang. https://t.co/b99T0556HH","1690655534737928192","","","in","Kepanjen, Indonesia","0","0","0","https://twitter.com/prokopimkabmlg/status/1690655534737928192","731081015314157568","prokopimkabmlg"
"1690630380502777856","Sun Aug 13 07:44:27 +0000 2023","0","Pada hari Kamis 10 Agustus 2023 Dinas Pendidikan Kabupaten Bekasi melalui Bidang PAUD dan PNF melaksanakan Kegiatan Sosialisasi dan advokasi kebijakan pencegahan Stunting dan Anak Usia Dini Holistik Integratif yang bertempat di Hotel Ayola Cikarang. https://t.co/L0EAMQatPh","1690630380502777856","https://pbs.twimg.com/media/F3ZTV4jboAAo1Xf.jpg","","in","Kab. Bekasi","0","1","0","https://twitter.com/humasdisdikkab1/status/1690630380502777856","1384337783448248322","humasdisdikkab1"
"1690555875386396672","Sun Aug 13 02:48:24 +0000 2023","0","sebagai mahasiswa administrasi pendidikan saya agak miris melihat kebijakan ptn bh sekarang dibuat kajian pun rezim terlalu kuat","1690555875386396672","","","in","","0","0","0","https://twitter.com/dhiazcream2_/status/1690555875386396672","1324188816647712768","dhiazcream2_"
"1690521541560446977","Sun Aug 13 00:31:58 +0000 2023","0","Ini memang problem. Harus ada kebijakan nyata mempermurah pendidikan","1690521541560446977","","","in","Jakarta Selatan, DKI Jakarta","0","0","0","https://twitter.com/Radja_Nusantara/status/1690521541560446977","61102244","Radja_Nusantara"
"1690328863040286720","Sat Aug 12 11:46:20 +0000 2023","1","Saat jadi anggota Komisi X DPR saya mendorong masuknya pendidikan tentang nilai-nilai Pancasila &amp; kewargaan ke dalam kurikulum. #ew #myesti #DPR #kebijakan #kebijakanpublik #alokasianggaran #APBN #diskriminasi #Pancasila #komitmen #inklusif #pendidikan #kurikulum #KomisiX","1690328863040286720","","","in","","0","0","0","https://twitter.com/my_esti203/status/1690328863040286720","1668556513970130944","my_esti203"
"1690269387041714176","Sat Aug 12 07:50:00 +0000 2023","0","Masa depan pendidikan dan pengembangan sumber daya manusia adalah hal penting. Dapatkah Pak Prabowo merumuskan kebijakan yang relevan dalam usia lanjut?","1690269387041714176","","","in","","0","0","0","https://twitter.com/arifaannz/status/1690269387041714176","1687575884809515008","arifaannz"
"1690259320733335552","Sat Aug 12 07:10:00 +0000 2023","0","Dalam usia yang lanjut kemampuan untuk memahami dan merumuskan kebijakan tentang pendidikan dan pengembangan sumber daya manusia bisa terpengaruh.","1690259320733335552","","","in","","0","0","0","https://twitter.com/arifaannz/status/1690259320733335552","1687575884809515008","arifaannz"
"1690184326497902592","Sat Aug 12 02:12:00 +0000 2023","3"," ...survei tim RISE pada 2017 2018 di 63 kabupaten dan kota menemukan ada 137 kebijakan yang diciptakan dinas pendidikan daerah. Dari jumlah itu hanya 23 daerah yang memiliki kebijakan yang bertujuan meningkatkan hasil pembelajaran siswa. https://t.co/SeoNeyCqou","1690184326497902592","","","in","Indonesia","0","1","2","https://twitter.com/FKP_Indonesia/status/1690184326497902592","950721219459862529","FKP_Indonesia"
"1690151535605587968","Sat Aug 12 00:01:42 +0000 2023","0","Kebijakan yang paling penting saat ini adalah subsidi biaya pendidikan agar kelas menangah kebawah bisa sekolah sampai perguruan tinggi","1690151535605587968","","","in","Jakarta Timur, DKI Jakarta","0","0","0","https://twitter.com/DaengKayo89/status/1690151535605587968","1192796191093706754","DaengKayo89"
"1689986334776279041","Fri Aug 11 13:05:15 +0000 2023","0","Adekku PD baru di SMAN. Sekolahnya nggak ngasih seragam tahun ini krn khawatir bkl ditindak Ganjar kyk kepsek di Rembang yg dicopot krn minta uang iuran ke siswanya waktu itu. Yg repot PDnya krn harus nyari ke alumni. Maksudku kebijakan pendidikan kok banyak ngawurnya gini ya?","1689986334776279041","","","in","","0","0","0","https://twitter.com/SiPalingSPd/status/1689986334776279041","1618587845886906369","SiPalingSPd"
"1689955447397396480","Fri Aug 11 11:02:31 +0000 2023","0","Agar dipahami oleh pemangku kebijakan bahwa keburutalan remaja saat ini karena di sekolah tidak ada lagi pendidikan.","1689955447397396480","","","in","Padang","0","0","0","https://twitter.com/SumegaNawawi/status/1689955447397396480","1376045184","SumegaNawawi"
"1689950911278596096","Fri Aug 11 10:44:29 +0000 2023","0","Daripada ribet ribut kebawa berita capres cawapres mending nunggu ditetapkan dulu. Fokus ama isu kebijakan publik yg lbh penting: pendidikan kesehatan pemberantasan korupsi lingkungan tpks dll. Elit mah dah ada skenario sendiri jgn mau kebawa baper. ","1689950911278596096","","","in","Rainbow Island","0","0","0","https://twitter.com/tenriangke/status/1689950911278596096","116396959","tenriangke"
"1689946480784834561","Fri Aug 11 10:26:53 +0000 2023","0","Kupas tuntas *sampai ke akar-akarnya kebijakan zonasi* bersama *Doni Koesoema A* pemerhati pendidikan. https://t.co/fVnqPZt5vr","1689946480784834561","","","in","Jakarta","0","0","0","https://twitter.com/pijarguru/status/1689946480784834561","2483096305","pijarguru"
"1689799945279426560","Fri Aug 11 00:44:36 +0000 2023","0","Kalau seluruh media dibebaskan memberitakan kebenaran InsyaAlloh ikut mencerdaskan kehidupan bangsa tak perlu anggaran besar untuk pendidikan. Bahkan akan terjadi over stock ahli strategi geo politik &amp; ahli kebijakan publik. Rakyat paham hak &amp; kewajibannya secerdas Rocky.","1689799945279426560","","","in","","0","0","0","https://twitter.com/SSukasim/status/1689799945279426560","1603637857654296576","SSukasim"
"1689774594994094080","Thu Aug 10 23:03:52 +0000 2023","0","Dinas Pendidikan Kabupaten Bekasi mengelar kegiatan Sosialisasi dan Advokasi Kebijakan Pencegahan Stunting dan PAUD Holistik Integratif kepada Kepala Sekolah dan Perwakilan guru Paud se-Kabupaten Bekasi yang dilaksanakan di Hotel Ayola Cikarang Selatan 9-10 Agustus 2023. https://t.co/gw8KjKUW4M","1689774594994094080","https://pbs.twimg.com/media/F3NJCavb0AQ2CwF.jpg","","in","Cikarang, Indonesia","0","1","0","https://twitter.com/bekasikab_/status/1689774594994094080","1152193230206726144","bekasikab_"
"1689657266335879168","Thu Aug 10 15:17:39 +0000 2023","0","PKS telah berusaha untuk mengembangkan kebijakan-kebijakan yang sejalan dengan prinsip-prinsip Islam seperti dalam bidang ekonomi pendidikan kesehatan dan lainnya. #8terdepan","1689657266335879168","","","in","","0","0","0","https://twitter.com/andriabdurrahm3/status/1689657266335879168","3289728794","andriabdurrahm3"
"1689653587180429312","Thu Aug 10 15:03:02 +0000 2023","1","PKS terlibat dalam mengadvokasi kebijakan-kebijakan yang mendukung akses pendidikan kesehatan dan pekerjaan bagi penyandang disabilitas. #8terdepan","1689653587180429312","","","in","","0","0","0","https://twitter.com/Allah_Ghayatuna/status/1689653587180429312","1453223921935953928","Allah_Ghayatuna"
"1689646103107661824","Thu Aug 10 14:33:17 +0000 2023","1","Harapannya kebijakan Presiden Anies 10 tahun baik untuk gadis kecilku yang akan merasakan kebijakannya di dunia pendidikan kesehatan terutamanya https://t.co/QatwFlzFwU","1689646103107661824","https://pbs.twimg.com/ext_tw_video_thumb/1689646051865788416/pu/img/s2UQLX1qKZ-wFFKl.jpg","","in","Pematang Siantar, Indonesia","0","0","0","https://twitter.com/Ifan161812/status/1689646103107661824","1428145120445042690","Ifan161812"
"1689641019531522048","Thu Aug 10 14:13:05 +0000 2023","0","PKS memiliki peran dalam proses legislatif dan telah berusaha untuk mengusulkan kebijakan yang mendukung keadilan sosial pendidikan dan lingkungan. #8terdepan","1689641019531522048","","","in","","0","0","0","https://twitter.com/andriabdurrahm3/status/1689641019531522048","3289728794","andriabdurrahm3"
"1689606134863392770","Thu Aug 10 11:54:28 +0000 2023","1","PENGAMAT kebijakan pendidikan Cecep Darmawan turut mendukung pernyataan dari Presiden Joko Widodo beberapa waktu lalu terkait pertimbangan menghapus sistem Penerimaan Peserta Didik Baru (PPDB). Sumber: https://t.co/SXiZ2OlhN9","1689606134863392770","","","in","Jakarta - Indonesia","0","0","1","https://twitter.com/mediaindonesia/status/1689606134863392770","68930552","mediaindonesia"
"1689588838598049793","Thu Aug 10 10:45:44 +0000 2023","0","Gerakan Indonesia Berani adalah sebuah gerakan yang diinisia oleh anak-anak muda yang fokus 8 isu Yakni : Kebijakan publik berbasis bukti Lingkungan Toleransi dan inklusivitas beragama Women Empowerment Pendidikan dan Entrepreneurship. https://t.co/bxIFi5rOhg","1689588838598049793","https://pbs.twimg.com/media/F3KgDYyacAAp0tn.jpg","","in","Indonesia","0","0","0","https://twitter.com/gen_gibran/status/1689588838598049793","1667919605116047362","gen_gibran"
"1689586950532157440","Thu Aug 10 10:38:14 +0000 2023","0","Biaya pendidikan selalu bertambah dari tahun ke tahun. Hal inilah yang menyebabkan tersendatnya pendidikan bagi anak-anak yang kurang mampu secara ekonomi namun berprestasi diluar sana. Oleh karena itu sebaiknya pemerintah menyelenggarakan kebijakan atau pendidikan gratis bagi https://t.co/Yp1lWnvKap","1689586950532157440","https://pbs.twimg.com/media/F3KeWdLa0AAbqAO.jpg","","in","","0","1","0","https://twitter.com/Nataniaaicaa_/status/1689586950532157440","1671398647945396225","Nataniaaicaa_"
"1689585572191547392","Thu Aug 10 10:32:46 +0000 2023","0","Gerakan Indonesia Berani Merupakan gerakan anak muda dengan fokus 8 isu Yakni Kebijakan publik berbasis bukti Lingkungan Toleransi dan inklusivitas beragama Women Empowerment Pendidikan Entrepreneurship https://t.co/8X9P7cZnoG","1689585572191547392","https://pbs.twimg.com/media/F3KdFxwasAAKikC.jpg","","in","","0","0","0","https://twitter.com/Bintangdev8/status/1689585572191547392","1667514061419069440","Bintangdev8"
"1689564761015623680","Thu Aug 10 09:10:04 +0000 2023","3","#SobatPAUD yuk saksikan rekap pelaksanaan Dialog Kebijakan PAUD di ASEAN atau forum SEA PD on ECCE yang dilaksanakan oleh Kementerian Pendidikan dan Kebudayaan RI dengan mengundang menteri pendidikan dari 10 negara di Asia Tenggara. https://t.co/g5AzuvQH5W #DialogPAUDdiASEAN","1689564761015623680","","","in","","0","0","0","https://twitter.com/paudpedia/status/1689564761015623680","1227029291398885376","paudpedia"
"1689542888680755200","Thu Aug 10 07:43:09 +0000 2023","1","[GERAKAN 10HUKT: 10 HARI UNTUK 10 TAHUN UKT] Hidup Pendidikan Indonesia! 2023 menjadi tahun yang spesial dimana di tahun ini kebijakan Uang Kuliah Tunggal (UKT) genap berusia 10 tahun sejak ditetapkan pada 2013 silam. https://t.co/kc64Sq6lZQ","1689542888680755200","https://pbs.twimg.com/media/F3J2AeDbYAAoY2A.jpg","","in","","0","1","1","https://twitter.com/pgsd_bumsil/status/1689542888680755200","360509501","pgsd_bumsil"
"1689482369143828480","Thu Aug 10 03:42:40 +0000 2023","27","Karena industri ini dampaknya gede bgt buat rakyat kecil di daerah. Ini tuh salah satu tempat mencari nafkah yang menerima pendidikan terbatas sebaiknya ya pemerintah ngasih perlindungan pekerjanya biar gak terancam gara2 setiap kebijakan baru. https://t.co/cZlivVLf8o","1689482369143828480","","","in","","0","41","31","https://twitter.com/kxrpett/status/1689482369143828480","2958332664","kxrpett"
"1689397025698361344","Wed Aug 09 22:03:33 +0000 2023","0","Dana pendidikan 20% dari APBN sudah dihapuskan. Sekarang fokusnya ke pembangunan infrastruktur. Beda pemerintahan beda kebijakan. Wajar ego sang penguasa.","1689397025698361344","","","in","Komdis PSSW","0","0","0","https://twitter.com/NandangEPrayogi/status/1689397025698361344","877469319721918464","NandangEPrayogi"
"1689327927891255296","Wed Aug 09 17:28:58 +0000 2023","0","Untuk meningkatkan mutu di sektor pendidikan Pemprov Riau memberikan perhatian besar kepada peserta didik. Sebut saja yang terbaru adalah kebijakan Pemprov membiayai uang sekolah peserta didik dari keluarga kurang mampu di SMA dan SMK swasta. https://t.co/gDgWChKtma","1689327927891255296","","","in","Riau, Indonesia","0","0","0","https://twitter.com/RiauCerdasNews/status/1689327927891255296","810123907323875329","RiauCerdasNews"
"1689231791650140160","Wed Aug 09 11:06:58 +0000 2023","0","Indonesia mungkin saja bisa menerapkan pendidikan gratis Salah satunya adalah pemerintah mungkin akan mengimplementasikan pajak tinggi dan kebijakan socio-democracy. #MAHESAMENGGUGAT #UKTMahal #KuliahGratis #ReformasPendidikanTinggi #PendidikanGratis #PKKMBUNNES2023 https://t.co/mYuk2Utlnw","1689231791650140160","https://pbs.twimg.com/media/F3FbW2KbMAAWR_z.jpg","","in","","0","0","0","https://twitter.com/Muhamma34916879/status/1689231791650140160","1600000716965261313","Muhamma34916879"
"1689229285759102976","Wed Aug 09 10:57:00 +0000 2023","1","Kualitas obrolan bisa jadi salah satu indikator penting kualitas hubungan. Obrolan = pendidikan = wawasan. Beda antara hubangan yg ngobrolin tas make up baju sama hubungan yg ngobrolin pendidikan kebijakan teknologi bisnis. Jauh berbeda.","1689229285759102976","","","in","MADRID SPAIN","0","1","0","https://twitter.com/arm_17/status/1689229285759102976","309393180","arm_17"
"1689222170671808512","Wed Aug 09 10:28:44 +0000 2023","1","[SOCIAL CAMPAIGN] Halo Mahesa! Perkenalkan aku Tegar Dwi Santoso dari jurusan Pendidikan Teknik Elektro Fakultas Teknik Universitas Negeri Semarang. Kaji ulang kebijakan! #MAHESAMENGGUGAT #UKTMahal #KuliahGratis #ReformasiPendidikanTinggi #PendidikanGratis #PKKMBUNNES2023 https://t.co/aDRo0oFvoz","1689222170671808512","https://pbs.twimg.com/media/F3FSlbUagAAw0Kr.jpg","","in","","0","0","0","https://twitter.com/TegarDwiSantoso/status/1689222170671808512","1555883298429480961","TegarDwiSantoso"
"1689216038448369665","Wed Aug 09 10:04:22 +0000 2023","0","Biaya Pendidikan yang mahal akhir akhir ini di perbincankan di tengah masyarakat padahal seharusnya pemerintah dapat memberikan kebijakan terkait hal tersebut. #MAHESAMENGGUGAT #UKTMahal #KuliahGratis #ReformasiPendidikanTinggi #PendidikanGratis #PKKMBUNNES2023 https://t.co/089pkV4IRV","1689216038448369665","https://pbs.twimg.com/media/F3FNBqua0AAFj4w.jpg","","in","","0","0","0","https://twitter.com/aisyahhh1048551/status/1689216038448369665","1688903688356810752","aisyahhh1048551"
"1689167933271093248","Wed Aug 09 06:53:13 +0000 2023","1","Pada akhirnya hanya orang kaya yang bisa mengenyam bangku perkuliahan sedangkan orang miskin hanya bisa berangan-angan. Pemerintah harus membuat kebijakan keadilan pendidikan!! #MAHESAMENGGUGAT #UKTMahal #KuliahGratis #ReformasiPendidikanTinggi #PendidikanGratis #PKKMBUNNES2023 https://t.co/EqQK2Gtgl1","1689167933271093248","https://pbs.twimg.com/media/F3EhRTQagAAzN8y.jpg","","in","","0","0","0","https://twitter.com/AkmalIkrom/status/1689167933271093248","1253472462479785984","AkmalIkrom"
"1689165511303860226","Wed Aug 09 06:43:35 +0000 2023","24","#SahabatDikbud Kemendikbudristek terus berkomitmen meningkatkan kualitas pembelajaran di Indonesia salah satunya melalui kebijakan Asesmen Nasional (AN). Bersama-sama kita berupaya mempersiapkan generasi unggul Indonesia yang tangguh melalui peningkatan kualitas pendidikan. https://t.co/UFdpTDVp4O","1689165511303860226","https://pbs.twimg.com/media/F3EemiobkAAf80R.jpg","","in","Jakarta","0","4","5","https://twitter.com/Kemdikbud_RI/status/1689165511303860226","631701837","Kemdikbud_RI"
"1689162174093209600","Wed Aug 09 06:30:20 +0000 2023","2","Mau jadi Indonesia emas atau cemas??? Alasan pendidikan gratis: 1. Pendidikan adalah hak masyarakat 2. implementasi kebijakan yang tidak sesuai ketentuan 3. Tingginya korupsi di Indonesia #UKTMahal #MahesaMenggugat #ReformasiPendidikanTinggi #PendidikanGratis #PKKMBUNNES2023 https://t.co/GiXZJQnc54","1689162174093209600","https://pbs.twimg.com/media/F3EcByBbYAA8R-1.jpg","","in","","0","0","0","https://twitter.com/zkseka/status/1689162174093209600","1529069627946725377","zkseka"
"1689160779025825792","Wed Aug 09 06:24:47 +0000 2023","0","Alasan dilaksanakan pendidikan gratis karena pemerintah mengeluarkan kebijakan dana BOS dan sekurang- kurangnya dua puluh persen APBD di alirkan untuk kebutuhan pendidikan #MAHESAMENGGUGAT #UKTMahal #KuliahGratis #ReformasiPendidikanTinggi #PendidikanGratis #PKKMBUNNES2023 https://t.co/NY5ZbpfS48","1689160779025825792","https://pbs.twimg.com/media/F3EaxryasAAJ4JW.jpg","","in","","0","0","0","https://twitter.com/Dialpradana/status/1689160779025825792","1658296719296319495","Dialpradana"
"1689160718938255360","Wed Aug 09 06:24:33 +0000 2023","1","Ayo dukung adanya kebijakan pendidikan gratis untuk memajukan anak bangsa menjadi SDM yang unggul dan dapat berkontribusi memajukan negeri! #MAHESAMENGGUGAT #UKTMahal #KuliahGratis #ReformasiPendidikanTinggi #PendidikanGratis #PKKMBUNNES2023 https://t.co/jWK2Uhksas","1689160718938255360","https://pbs.twimg.com/media/F3EatFjbgAAzQuQ.jpg","","in","","0","0","0","https://twitter.com/melodyworld17/status/1689160718938255360","1602182419699748869","melodyworld17"
"1689159781947432960","Wed Aug 09 06:20:49 +0000 2023","0","Aplikasi Penelitian Evaluasi Implementasi Kebijakan Mutu Pendidikan. Oleh; Donna M. Sampaleng M. Th. M. Pd. K Tahun 2016 191 Halaman Harga 35.000 Minat? Order: DM or Klik link WA https://t.co/KHH9496apg https://t.co/NanTjYeGFF","1689159781947432960","https://pbs.twimg.com/media/F3EZ2snbAAAqEgW.jpg","","in","Jagakarsa, Indonesia","0","0","0","https://twitter.com/WarungSejarahRI/status/1689159781947432960","2362274258","WarungSejarahRI"
"1689159674267086848","Wed Aug 09 06:20:24 +0000 2023","1","Biaya pendidikan semakin mahal? Tolak pendidikan mahal untuk anak bangsa Ayo perbaiki kebijakan terkait biaya pendidikan anak bangsa! #MAHESAMENGGUGAT #UKTMahal #KuliahGratis #ReformasiPendidikanTinggi #PendidikanGratis #PKKMBUNNES2023 https://t.co/SyqRFtnG8D","1689159674267086848","https://pbs.twimg.com/media/F3EZxX0bAAAUVqL.jpg","","in","","0","0","0","https://twitter.com/Meyshc/status/1689159674267086848","1687241277711286280","Meyshc"
"1689158590161149953","Wed Aug 09 06:16:05 +0000 2023","1","Sesungguhnya masyarakat berhak memproleh pendidikan gratis. Pungutan yang terjadi di sekolah menurutnya karena implementasi kebijakan yang tidak sesuai ketentuan. #MAHESAMENGGUGAT #UKTMahal #KuliahGratis #ReformasiPendidikanTinggi #PendidikanGratis #PKKMBUNNES2023 https://t.co/Rjw2unEZ4n","1689158590161149953","https://pbs.twimg.com/media/F3EYx15aQAMRpRo.jpg","","in","","0","0","0","https://twitter.com/MeindraRifky/status/1689158590161149953","1586523852791652352","MeindraRifky"
"1689157282029056000","Wed Aug 09 06:10:53 +0000 2023","1","Secara konseptual dan regulasi masyarakat berhak memperoleh pendidikan gratis. Pungutan yang terjadi di sekolah dikarenakan implementasi kebijakan yang tidak sesuai ketentuan. #MAHESAMENGGUGAT #UKTMahal #KuliahGratis #ReformasiPendidikanTinggi #PendidikanGratis #PKKMBUNNES2023 https://t.co/V4SET2fZLv","1689157282029056000","https://pbs.twimg.com/media/F3EXmIFbYAA2sPw.jpg","","in","Kebumen, Indonesia","0","0","0","https://twitter.com/tasya4497977109/status/1689157282029056000","1652637461464616960","tasya4497977109"
"1689156900288606208","Wed Aug 09 06:09:22 +0000 2023","0","Pendidikan gratis adalah langkah untuk mewujudkan cita² pembangunan berkelanjutan. Melalui kebijakan ini Indonesia memperlihatkan komitmennya dalam memberikan kesempatan yang adil bagi semua warga negara untuk mengakses pendidikan berkualitas tanpa terkendala oleh faktor biaya. https://t.co/FPtU86lUiK","1689156900288606208","https://pbs.twimg.com/media/F3EXP5vbgAAbcrM.jpg","","in","","0","1","0","https://twitter.com/17Nurwibowo/status/1689156900288606208","1689106485673144320","17Nurwibowo"
"1689156525343019008","Wed Aug 09 06:07:53 +0000 2023","1","Kebijakan pendidikan gratis ini dapat memberikan dampak positif yang luas bagi masyarakat dan tentunya dapat mencapai pemerataan yang sepadan bagi setiap masyarakat. #MAHESAMENGGUGAT #UKTMahal #Kuliahgratis #ReformasiPendidikanTinggi #PemdidikanGratis #PKKMBUNNES2023 https://t.co/ssfMeygkY5","1689156525343019008","https://pbs.twimg.com/media/F3EWm6QasAAMQ_4.jpg","","in","","0","1","1","https://twitter.com/anakintroped_/status/1689156525343019008","1576382431183396864","anakintroped_"
"1689155451265728514","Wed Aug 09 06:03:37 +0000 2023","2","Pada akhirnya hanya orang kaya yang bisa mengenyam bangku perkuliahan sedangkan orang miskin hanya bisa berangan-angan. Pemerintah harus membuat kebijakan keadilan pendidikan!! #MAHESAMENGGUGAT #UKTMahal #KuliahGratis #ReformasiPendidikanTinggi #PendidikanGratis #PKKMBUNNES2023 https://t.co/Te6l5KDIBS","1689155451265728514","https://pbs.twimg.com/media/F3EV6xsboAAVCRE.jpg","","in","","0","0","0","https://twitter.com/AkmalIkrom/status/1689155451265728514","1253472462479785984","AkmalIkrom"
"1689155023702478848","Wed Aug 09 06:01:55 +0000 2023","1","[SOSIAL CAMPAIGN] Alasan Indonesia dapat menyelenggarakan pendidikan gratis karena adanya kebijakan pemerintah sebagai upaya peningkatan pemerataan kualitas pendidikan dan apbn terkelola. https://t.co/ICOldy32mg","1689155023702478848","https://pbs.twimg.com/media/F3EViPga4AUUstE.jpg","","in","beringin","0","1","0","https://twitter.com/altaniams/status/1689155023702478848","1688007832904630272","altaniams"
"1689154921835466752","Wed Aug 09 06:01:31 +0000 2023","0","Gherriya Tsabita Zahra (FK) Pemerintah membuat kebijakan tidak hanya pendidikan yang gratis tetapi juga dapat tepat sasaran dan tidak terjadi pungutan biaya lain. #MAHESAMENGGUGAT #UKTMahal #KuliahGratis #ReformasiPendidikanTinggi #PendidikanGratis #PKKMBUNNES2023 https://t.co/govMWfA5ql","1689154921835466752","https://pbs.twimg.com/media/F3EVcxMaoAE4rA3.jpg","","in","","0","0","0","https://twitter.com/matchayy15/status/1689154921835466752","1583102000408891394","matchayy15"
"1689154612060917760","Wed Aug 09 06:00:17 +0000 2023","1","Halo Mahesa Kenapa sih biaya pendidikan itu mahal? Sebab dengan adanya kebijakan MBS dapat memengaruhi besarnya biaya pendidikan. Lebih lengkapnya: https://t.co/QiPkxVr61K #MAHESAMENGGUGAT #UKTMahal #KuliahGratis #ReformasiPendidikanTinggi #PendidikanGratis #PKKMBUNNES2023 https://t.co/18YkKiTB6u","1689154612060917760","https://pbs.twimg.com/media/F3EVJooaMAAerIV.jpg","","in","","0","0","1","https://twitter.com/aurfzawrgh/status/1689154612060917760","1270246426384035841","aurfzawrgh"
"1689154596621664256","Wed Aug 09 06:00:13 +0000 2023","55","tidak sedikit teman teman kita berhenti sekolah karena tingginya biaya pendidikan. saya berharap pemerintah memberlakukan kebijakan pendidikan gratis untuk Indonesia lebih baik #MAHESAMENGGUGAT #UKTMahal #KuliahGratis #ReformasiPendidikanTinggi #PendidikanGratis #PKKMBUNNES2023 https://t.co/obw77sZpcR","1689154596621664256","https://pbs.twimg.com/media/F3EVI-GaAAAJ3OJ.jpg","","in","she/her","1","2","3","https://twitter.com/gueszwh0/status/1689154596621664256","1375263548301963266","gueszwh0"
"1689154584726667264","Wed Aug 09 06:00:10 +0000 2023","0","Pendidikan gratis kemungkinan bisa diterapkan di Indonesia karna beberapa negara sudah terbukti bisa menyelenggarakan kebijakan tersebut. Alasan yang memungkinkan untuk indonesia bisa menyelenggarakan pendidikan gratis adalah adalah karena besaran anggaran yang di keluarkan https://t.co/H8KdW53cXW","1689154584726667264","https://pbs.twimg.com/media/F3EVIbaasAAPM-2.jpg","","in","","0","1","0","https://twitter.com/vsmtrouvez/status/1689154584726667264","1497234068655599618","vsmtrouvez"
"1689088496911499264","Wed Aug 09 01:37:34 +0000 2023","0","Kemendikbud baru banget ngeluarin kebijakan Permendikbudristek 46/2023 untuk pencegahan dan penanganan kekerasan di satuan pendidikan.","1689088496911499264","","","in","","0","1","0","https://twitter.com/faiqooh/status/1689088496911499264","93789877","faiqooh"
"1688960584702996480","Tue Aug 08 17:09:17 +0000 2023","0","Menteri Pendidikan pasti akan akan bilang pemukulan itu bukan kebijakan saya itu urusan pelaku jadi silahkan urus ke Mahkamah Agung ","1688960584702996480","","","in","","0","0","0","https://twitter.com/mat_pipa/status/1688960584702996480","1643408570158043136","mat_pipa"
"1688875267727736832","Tue Aug 08 11:30:16 +0000 2023","3","Kebijakan PPDB melalui sistem zonasi telah berjalan tujuh tahun sejak diterapkan di era Mendikbud Muhadjir Effendy. Namun sistem zonasi membuka beragam celah kecurangan dan melahirkan masalah anyar di dunia pendidikan. Sebuah utas. #Telaah https://t.co/aYOf6UwRJI https://t.co/zXXOKbWrvL","1688875267727736832","https://pbs.twimg.com/media/F3AU7aAasAAKSW6.jpg","","in","Jakarta","0","1","1","https://twitter.com/KATADATAcoid/status/1688875267727736832","552523769","KATADATAcoid"
"1688730245199982592","Tue Aug 08 01:54:00 +0000 2023","0","#PKSpembelaRakyat: PKS berkomitmen untuk memperkuat sektor pendidikan dengan kebijakan inklusif. Dengan mengutamakan kualitas pendidikan bagi semua anak Indonesia kita akan mewujudkan generasi yang tangguh dan berdaya saing. PKS MENANG RAKYAT SENANG","1688730245199982592","","","in","Lahat","0","0","0","https://twitter.com/RDzafinaa/status/1688730245199982592","1635890287208968192","RDzafinaa"
"1688728723338805248","Tue Aug 08 01:47:57 +0000 2023","0","Kadisdik Garut: Peran Komite Sekolah Sangat Penting dalam Mengawal Kebijakan Pendidikan https://t.co/E3498cEjjs","1688728723338805248","","","in","Garut, Jawa Barat","0","0","0","https://twitter.com/gosip_garut/status/1688728723338805248","916381379230703616","gosip_garut"
"1688726973655162880","Tue Aug 08 01:41:00 +0000 2023","0","#PKSpembelaRakyat hadir untuk mewujudkan kesejahteraan rakyat dengan kebijakan inklusif yang fokus pada pendidikan berkualitas bagi generasi mendatang. Sukses PKS adalah sukses anak bangsa! PKS MENANG RAKYAT SENANG","1688726973655162880","","","in","Ogan Ilir","0","0","0","https://twitter.com/nrml_maulidina/status/1688726973655162880","1635532877394739201","nrml_maulidina"
"1688684195152121858","Mon Aug 07 22:51:01 +0000 2023","14","Otsus Papua telah terbukti membantu Papua dlm beragam bidang seperti pendidikan dan insfrastruktur. Ribuan anak Papua juga sudah merasakan manfaat kebijakan Otsus mulai dari sekolah gratis Dalam dan Luar Negeri hingga kemudahan mencari pekerjaan #KSTPapuaMeresahkan RESPECT BTS https://t.co/B5J0NTEnIG","1688684195152121858","https://pbs.twimg.com/media/F29pUSZb0AMTB9U.jpg","","in","East Java, Indonesia","1","4","10","https://twitter.com/Hansunriko/status/1688684195152121858","1349266626844061696","Hansunriko"
"1688631430191222784","Mon Aug 07 19:21:20 +0000 2023","0"," Pendidikan yang membebaskan dan memerdekakan. Mungkin maksudnya membebaskan dan memerdekakan menteri gojekan untuk ngobrak-abrik kualitas pendidikan habis itu berakrobat lambe 'kita mencontoh negara ini' atau 'itu kebijakan menteri yang lalu'","1688631430191222784","","","in","","0","0","0","https://twitter.com/doelkamdi_46/status/1688631430191222784","1270000243354906624","doelkamdi_46"
"1688544656530067457","Mon Aug 07 13:36:32 +0000 2023","0","Sekolah nonformal termasuk PKBM belum menjadi prioritas di kebijakan pendidikan Indonesia. Dari belasan ribu PKBM hanya 2 98% yang terakreditasi A. https://t.co/dixs84SoIu","1688544656530067457","","","in","Jakarta Capital Region, Indone","0","0","0","https://twitter.com/validnewsid/status/1688544656530067457","874558344593195008","validnewsid"
"1688468062465662976","Mon Aug 07 08:32:10 +0000 2023","0","Kebijakan PPDB sistem zonasi telah berjalan 7 tahun sejak pertama kali diterapkan di era Mendikbud Muhadjir Effendy. Namun sistem ini membuka beragam celah kecurangan dan melahirkan masalah anyar di dunia pendidikan. Simak selengkapnya #Telaah berikut https://t.co/aYOf6UwRJI","1688468062465662976","","","in","Jakarta","0","0","0","https://twitter.com/KATADATAcoid/status/1688468062465662976","552523769","KATADATAcoid"
"1688249150968885248","Sun Aug 06 18:02:18 +0000 2023","0","Pas bacain rep makin yakin kalau pelajaran sejarah itu asik menarik dan penting. Lucu aja kebijakan di negeri ini menghapus pelajaran sejarah dari kurikulum sama seperti mereka menghapus pendidikan moral pancasila. Akibat nya udah mulai keliatan.","1688249150968885248","","","in","Indonesia","0","0","0","https://twitter.com/SyarifahLiaa/status/1688249150968885248","72219475","SyarifahLiaa"
"1688023314055475200","Sun Aug 06 03:04:54 +0000 2023","7","SDM berkualitas tidak akan tersedia tanpa kebijakan pendidikan yang tepat dan terarah. Tahun ini pun dunia pendidikan masih berkutat dengan persoalan kisruh pelaksanaan sistem zonasi dalam penerimaan siswa baru. Ikuti pembahasannya di #BedahEditorial di kanal youtube https://t.co/sCaYE45nWC","1688023314055475200","https://pbs.twimg.com/ext_tw_video_thumb/1688022657865031680/pu/img/4baq8R9HyI8UL-SR.jpg","","in","","1","1","2","https://twitter.com/Metro_TV/status/1688023314055475200","57261519","Metro_TV"
"1687852719346950144","Sat Aug 05 15:47:01 +0000 2023","8","Dana buat BOS jangan diblokir dong! Wakil Ketua MPR-RI @YandriSusanto menyuarakan bahwa penting dilakukan kebijakan blokir anggaran. Tapi Bantuan Operasional Pendidikan (BOS) juga harus tetap berjalan. Simak selengkapnya yaa! https://t.co/QorMT3xY0R","1687852719346950144","https://pbs.twimg.com/media/F2x0_w7bcAAQrLT.jpg","","in","","0","1","5","https://twitter.com/Official_PAN/status/1687852719346950144","1247925980","Official_PAN"
"1687737640706310144","Sat Aug 05 08:09:44 +0000 2023","6","_Assalamualaikum warahmatullahi wabarakatuh_ Biaya pendidikan yang mahal menjadi salah satu dari banyaknya masalah dalam pendidikan. Biaya pendidikan yang tinggi juga dapat menjadi celah kecurangan misalnya dalam bentuk pemungutan yang tidak dilandasi oleh aturan dan kebijakan. https://t.co/uBeYzDvVN2","1687737640706310144","https://pbs.twimg.com/media/F2wMbt6aAAAms_z.jpg","","in","Joyosuko Metro No 42 Merjosari","0","1","0","https://twitter.com/MCWngalam/status/1687737640706310144","2258267239","MCWngalam"
"1687690998623981568","Sat Aug 05 05:04:24 +0000 2023","1847","Cadas! Di depan ribuan masyarakat dan kader PKS pak Anies memaparkan 4 perubahan kebijakan Harga pangan yang murah Kesehatan yang terjamin Lapangan pekerjaan yang luas Pendidikan untuk semua. Insyaallah #2024AniesPresiden https://t.co/ysbqXYNLlb","1687690998623981568","https://pbs.twimg.com/amplify_video_thumb/1687684381371240448/img/lXzOiNlAdECYBo_a.jpg","","in","Jakarta Capital Region","24","167","578","https://twitter.com/Mdy_Asmara1701/status/1687690998623981568","1334853481019056128","Mdy_Asmara1701"
"1687676413368008704","Sat Aug 05 04:06:27 +0000 2023","2","PKS menyukai kebijakan pa Anies Baswedan dalam memperluas akses pendidikan gratis bagi anak-anak di Jakarta. #JabarBersamaPKSAnies @pksJabar @suandharu @aniesbaswedan Umur 17 semalam cek WA pagii pukis LPDP Fajri Bangun Morninggg Onic https://t.co/37UCPLpPbH","1687676413368008704","https://pbs.twimg.com/media/F2vUvzOaUAAWPoM.jpg","","in","Margaasih, Indonesia","0","0","0","https://twitter.com/Untungsuropa/status/1687676413368008704","815831168704614400","Untungsuropa"
"1687494238219767808","Fri Aug 04 16:02:33 +0000 2023","0","Ada semacam upaya komersialisasi yang didasarkan pada hak pangku kebijakan dalam dunia pendidikan. Hal ini serta merta merajut kasta sebagai bentuk legitimasi sosial yang gagal dibendung dalam orientasi pendadogy bangsa teuleubeh.","1687494238219767808","","","in","","0","0","0","https://twitter.com/ResssQi_/status/1687494238219767808","1359552828419657728","ResssQi_"
"1687326598062825472","Fri Aug 04 04:56:24 +0000 2023","1","Puluhan PMI di Hong Kong mengikuti Pelatihan Penguatan Resiliensi untuk Meningkatkan Prestasi hasil kerja sama KJRI Hong Kong dengan Program Studi Kebijakan Pendidikan Universitas Negeri Yogyakarta didukung oleh TCK Learning Centre dan PCI Aisiyah Hong Kong. https://t.co/hVS6yVNEQ3","1687326598062825472","https://pbs.twimg.com/media/F2qVsGFbMAAmaO2.jpg","","in","Hong Kong","0","1","0","https://twitter.com/indonesiainhk/status/1687326598062825472","968403125341077504","indonesiainhk"
"1687302672440041472","Fri Aug 04 03:21:20 +0000 2023","0","Teori mutu disajikan secara singkat sehingga untuk memahaminya secara utuh dan mendalam memerlukan kajian lebih lanjut dan mandiri. Kedua disajikan kebijakan mutu di Indonesia yang dibungkus dalam dua bab yaitu aspek mutu dan lembaga mutu pendidikan. https://t.co/65Flkq6oTE","1687302672440041472","","","in","Jakarta, Indonesia","0","0","0","https://twitter.com/didienAZHAR/status/1687302672440041472","194590819","didienAZHAR"
"1687288732435779584","Fri Aug 04 02:25:56 +0000 2023","62","Itb! kebijakan baru rektor membuat kesenjangan pendidikan dimultikampus! fck https://t.co/EFeOOxyhEN","1687288732435779584","https://pbs.twimg.com/media/F2p0KNYa0AAworo.jpg","","in","Ganesha, Jatinangor, Cirebon","4","5","4","https://twitter.com/itbfess/status/1687288732435779584","1273190263121297409","itbfess"
"1687104936281325568","Thu Aug 03 14:15:36 +0000 2023","4","Halo #sanakBBPMP Rabu s.d Kamis (02 s.d 03 Agustus 2023) ~BBPMP Provinsi Sumatera Barat melaksanakan kegiatan Pendampingan dan Advokasi Terkait Komitmen Pemerintah Daerah dalam Implementasi Kebijakan Pendidikan Inklusif. https://t.co/S8g9UR30rr","1687104936281325568","","","in","Padang Utara, Indonesia","0","1","0","https://twitter.com/lpmp_sumbar/status/1687104936281325568","1085712552095494146","lpmp_sumbar"
"1687064641422413824","Thu Aug 03 11:35:29 +0000 2023","0","Saya yakin kebijakan pendidikan presiden Jokowi sudah baik apalagi saat ini sangat dirasakan oleh masyarakat. Tidak perlu mengkritik pendidikan Indonesia saat ini jika jadi Menteri saja di ganti https://t.co/DgM62nScxR","1687064641422413824","","","in","","0","0","0","https://twitter.com/irawanti230/status/1687064641422413824","111529731","irawanti230"
"1687000626792976387","Thu Aug 03 07:21:07 +0000 2023","22","Mengerikan sekali kalau yg punya kendali dlm bikin kebijakan pendidikan apalagi pejabat di kampus yg mencetak guru logika berpikirnya seperti ini mewajarkan kompetisi pendidikan. Tulisan Saya setahun lalu barangkali bisa jadi pembanding betapa bahayanya liberalisasi pendidikan https://t.co/I2bKgUyEIr","1687000626792976387","https://pbs.twimg.com/media/F2ltt-UaYAANvEs.jpg","","in","","0","0","6","https://twitter.com/CeletukWarga/status/1687000626792976387","1279726915469733889","CeletukWarga"
"1686936811409756161","Thu Aug 03 03:07:32 +0000 2023","0","Ganjar Pranowo aktif mengadvokasi kebijakan-kebijakan progresif yang bertujuan untuk meningkatkan akses perempuan dalam pendidikan dan pekerjaan. #2024GanjarPresidenKita jisoo Haein BMKG TREASURE MILLION SELLER PLOT TWIST 10 M Inka https://t.co/NTpZdm9C6F","1686936811409756161","https://pbs.twimg.com/media/F2k0FS5aYAAr4px.jpg","","in","Kalimantan Selatan","0","0","0","https://twitter.com/KalselForGanjar/status/1686936811409756161","1603170886370074635","KalselForGanjar"
"1686895936277282822","Thu Aug 03 00:25:06 +0000 2023","0","Dinas Pendidikan dan Kebudayaan (Disdikbud) Kabupaten Kutai Kartanegara (Kukar) menyambut kedatangan organisasi Rumah Partisipasi Masyarakat (RPM). RPM membawa aspirasi dari para orang tua murid di Kukar terkait kebijakan sekolah https://t.co/Mo4L5FQ2Gs lewat @prokaldotco","1686895936277282822","","","in","Indonesia","0","0","0","https://twitter.com/prokaldotco/status/1686895936277282822","3312427500","prokaldotco"
"1686768007090184192","Wed Aug 02 15:56:46 +0000 2023","0","intinya kalo mau pendidikan bagus politisinya juga harus bagus enggak boleh busuk yang kerjaannya cuma bikin kebijakan merugikan tapi setelah bikin kebijakan enggak diawasin lagi penanganannya jangan bikin kebijakan tapi disalahgunakan oleh raja2 kecil setempat yang merugikan","1686768007090184192","","","in","alter bridge","0","0","0","https://twitter.com/nolinguistik/status/1686768007090184192","1311397672578772992","nolinguistik"
"1686766015294955520","Wed Aug 02 15:48:51 +0000 2023","0","Ngomongin pembuat kebijakan pendidikan yang suka fafifu gini kok jadi inget tokoh daerah namanya Suwadi ya","1686766015294955520","","","in","Earth","0","0","0","https://twitter.com/aly_said/status/1686766015294955520","71220186","aly_said"
"1686681683687555072","Wed Aug 02 10:13:45 +0000 2023","0","Menurutmu kebijakan pemerintah bidang pendidikan di Indonesia ini gimana??","1686681683687555072","","","in","rant-unlabeled","0","1","0","https://twitter.com/txtdrivey/status/1686681683687555072","1342384311157157888","txtdrivey"
"1686650540170850304","Wed Aug 02 08:09:59 +0000 2023","0","Rapat audiensi tersebut membahas beberapa hal terkait usulan dari RPM tentang kebijakan pendidikan di Kukar. https://t.co/FIFyqdzdQU https://t.co/BFv3OvhRZo","1686650540170850304","https://pbs.twimg.com/media/F2gvuf6akAAaE2H.jpg","","in","","0","0","0","https://twitter.com/beritalternatif/status/1686650540170850304","1673730000279977985","beritalternatif"
"1686599869434351617","Wed Aug 02 04:48:39 +0000 2023","0","Kebijakan Soeharto yg patut diacungi jempol IMO Walaupun kurikulum gonta ganti tiap Menteri Pendidikan ganti tapi Buku Cetak tdk ganti2. Sampai tamat SD ortu bahkan tdk perlu membeli buku cetak bisa pinjam di perpustakaan dikembalikan saat naik kelas. Subsidi utk PTN","1686599869434351617","","","in","","0","1","0","https://twitter.com/NaniTriani20/status/1686599869434351617","1316371043670351872","NaniTriani20"
"1686588745250967552","Wed Aug 02 04:04:26 +0000 2023","0","Yah semoga aja kalau ke kebijakan biaya pendidikan murah ini bisa masuk Senayan tidak ada lagi PTN yang pasang biaya masuk 150jt dengan UKT 25jt ","1686588745250967552","","","in","Indonesia","0","0","0","https://twitter.com/_haykalhanif/status/1686588745250967552","1579823628","_haykalhanif"
"1686499125494489088","Tue Aug 01 22:08:19 +0000 2023","0","APKH BENAR PARA KORUPTOR DAN PARA PENJAHAT KEBIJAKAN NEGARA MENJUAL KEBIJAKAN NEGARA DARI HASIL PEMBELAJARAN ATAU PENDIDIKAN DARI LAHIRNYA MASA REFORMASI. APKH BENAR NEGERI TERCINTA INI MENJADI LADANG PARA PEMBURU RENTE YANG MANA RIBA MENJADI SEGALA SUMBER.","1686499125494489088","","","in","","0","0","0","https://twitter.com/dwiraha00586436/status/1686499125494489088","1139763285996134400","dwiraha00586436"
"1686240205232377856","Tue Aug 01 04:59:28 +0000 2023","1","Banyak polemik dalam praktik PPDB di lapangan namun mengapa Menteri @Kemdikbud_RI @nadiemmakarim masih ingin melanjutkan kebijakan ini tahun depan? Bagaimana sih sebaiknya #sistemzonasi ini diterapkan dalam pendidikan Indonesia? Simak penjelasan lengkapnya di utas ini! https://t.co/qam5BfD8BH","1686240205232377856","https://pbs.twimg.com/tweet_video_thumb/F2a4S7ubgAAWoB4.jpg","","in","Jakarta, Indonesia","0","1","1","https://twitter.com/cips_id/status/1686240205232377856","3146528560","cips_id"
"1686231280092852224","Tue Aug 01 04:24:00 +0000 2023","16"," Mana bisa setara wong sekolah saja berbasis ormas. Ormas berlomba lomba ikut dalam menentukan kebijakan di bidang pendidikan. Puluhan tahun sejak indonesia merdeka baru kali ini ada Sekolah Dasar Negeri gak punya siswa.","1686231280092852224","","","in","","1","5","4","https://twitter.com/rahmani_ima/status/1686231280092852224","1270061207404363776","rahmani_ima"
