"conversation_id_str","created_at","favorite_count","full_text","id_str","image_url","in_reply_to_screen_name","lang","location","quote_count","reply_count","retweet_count","tweet_url","user_id_str","username"
"1310797104625852416","Tue Sep 29 04:22:37 +0000 2020","1","Sepakbola dibatalkan pendidikan diliburkan pekerja buruh phk besar-besaran.. Tapi pilkada tetap lanjut karena cacatnya negara dalam kebijakan.","1310797104625852416","","","in","","0","0","3","https://twitter.com/erfianagst/status/1310797104625852416","1176059086967689216","erfianagst"
"1310764179318431744","Tue Sep 29 02:11:47 +0000 2020","0","Yg nyindir terus kebijakan pendidikan pusat buat webinar muji2 satu sekolah dg pbl seolah2 yg dibawakannya terbaik. Isinya berujung jualan epson. Dan sekolah itu ya dibodohi lah betapa banyak sdh terjadi model begitu kasian. Bicara sok pendidikan pdhl ya uud.","1310764179318431744","","","in","","0","0","0","https://twitter.com/hedy20lim/status/1310764179318431744","173771070","hedy20lim"
"1310521788007284736","Mon Sep 28 10:08:37 +0000 2020","0","Pendidikan vokasi Uighur akan jadi kebijakan jangka panjang https://t.co/cVNrJRmHDg","1310521788007284736","","","in","","0","0","0","https://twitter.com/IDNTimes/status/1310521788007284736","388190238","IDNTimes"
"1310502816834711552","Mon Sep 28 08:53:14 +0000 2020","0","Orang tua adl sentral dlm pendidikan anak tetapi tanggung jawab pemerintah mencerdaskan kehidupan bangsa seutuhnya. Bukan membebani apalagi memberatkan para murid &amp; orang tua dg kebijakan pendidikan yg dibuat para pejabat. #StopPendidikanOnline bung @nadiemmakarim ki @jokowi !!!!","1310502816834711552","","","in","","0","0","0","https://twitter.com/BOCAH_LENGOOOB/status/1310502816834711552","1114332927142191104","BOCAH_LENGOOOB"
"1310475714802581505","Mon Sep 28 07:05:32 +0000 2020","0","Kiai masih merupakaan figur sentral dan penentu kebijakan pendidikan pesantren. (4)","1310475714802581505","","","in","Jl. Tambra Raya No. 23 Jaktim","0","0","0","https://twitter.com/Prenadamedia2/status/1310475714802581505","821897566442786818","Prenadamedia2"
"1310076588659097600","Sun Sep 27 04:39:33 +0000 2020","1","Kebijakan Menteri Pendidikan dan Kebudayaan RI Nadiem Makarim untuk meniadakan Ujian Nasional (UN) yang sudah diselenggarakan selama 70 tahun menjadi sebuah lompatan besar dalam dunia pendidikan di Indonesia. https://t.co/ge3Sg7qrvQ","1310076588659097600","","","in","Yogyakarta, Indonesia","0","0","0","https://twitter.com/SuyantoDotID/status/1310076588659097600","1244255724076589056","SuyantoDotID"
"1309988285066878976","Sat Sep 26 22:48:40 +0000 2020","0","Catatan Pendidikan Syamsudin Kadir: Kurikulum dan Kebijakan Pendidikan Pada Masa Reformasi: https://t.co/b4BoxXGhHi","1309988285066878976","","","in","DKI Jakarta","0","0","0","https://twitter.com/imfifaaa/status/1309988285066878976","3227003924","imfifaaa"
"1309752497418846208","Sat Sep 26 07:11:44 +0000 2020","1","Hikmah covid pastinya banyak didapatkan. Sebagai pendidik sangat berasa sekali utamanya dalam menyikapi kebijakan pendidikan masa pandemi yang tidak bisa dipaksakan. Bagaimana perwujudan pengembangan karakter peserta didik dalam mengolah rasa empati dalam situasi BDR? Sharing y","1309752497418846208","","","in","","0","0","0","https://twitter.com/AtikMumtahanah/status/1309752497418846208","1303906910278569984","AtikMumtahanah"
"1309737604984709120","Sat Sep 26 06:12:33 +0000 2020","0","Misharti Menyambut Baik Kebijakan Pemerintah Menarik Klaster Pendidikan Dari RUU Cipta Kerja https://t.co/N0iFSmtXcw https://t.co/ZT1QXJwoFU","1309737604984709120","https://pbs.twimg.com/media/Ei0faT0U4AADzFH.jpg","","in","Tembilahan","0","0","1","https://twitter.com/harian_riau/status/1309737604984709120","4596322698","harian_riau"
"1309701565452677122","Sat Sep 26 03:49:20 +0000 2020","0","Menteri Pendidikan dan Kebudayaan Nadiem Makarim meresmikan Kebijakan Bantuan Kuota Data Internet Tahun 2020 secara daring Jumat (25/9/2020). Bantuan kuota yang diberikan untuk semua Guru dan Peserta Didik jenjang Paud Dikdasmen serta Mahasiswa dan Dosen untuk jenjang .. https://t.co/XgLLLnDgzN","1309701565452677122","https://pbs.twimg.com/media/Eiz-iCnUYAI7SWC.jpg","","in","Kabupaten Bintan","0","1","0","https://twitter.com/bpmpkepri/status/1309701565452677122","1087659345767067650","bpmpkepri"
"1309666818047442945","Sat Sep 26 01:31:16 +0000 2020","1","Kenapa sih sama pendidikan di tanah air tercinta ini? Kenapa gak ada perkembangan signifikan? Apa iya kualitas guru kita kalah jauh? Apa benar siswa kita sdm rendah? Apa benar karena fasilitas? Apa benar kebijakan ngawur? Kombinasi semuanya? Atau bukan itu semua?","1309666818047442945","","","in","Batang, Indonesia","0","1","0","https://twitter.com/wisnuadhi_prab/status/1309666818047442945","2882839369","wisnuadhi_prab"
"1309552774758109184","Fri Sep 25 17:58:06 +0000 2020","3","Mendikbud Nadiem Resmikan Kebijakan Bantuan Kuota Data Internet 2020 https://t.co/AXFjkLto1r #NKRI #Nusantara #Nasional #Pendidikan","1309552774758109184","","","in","Kota Padang, Sumatera Barat","0","0","0","https://twitter.com/Syafrizalgan/status/1309552774758109184","2432204456","Syafrizalgan"
"1309552570092990466","Fri Sep 25 17:57:17 +0000 2020","58","Menteri Pendidikan dan Kebudayaan (Mendikbud) Nadiem Makarim meresmikan kebijakan bantuan kuota internet untuk kegiatan pembelajaran jarak jauh. Bantuan akan diberikan hingga Desember 2020. #Mendikbud #NadiemMakarim https://t.co/xQ1fEYimJA","1309552570092990466","","","in","","5","16","14","https://twitter.com/detikcom/status/1309552570092990466","69183155","detikcom"
"1309469435527196673","Fri Sep 25 12:26:56 +0000 2020","0","Menteri Pendidikan dan Kebudayaan (Mendikbud) Nadiem Anwar Makarim meresmikan kebijakan bantuan kuota data internet tahun 2020 secara virtual Jumat (24/09). Kebijakan ini diharapkan dapat membantu akses informasi bagi guru siswa mahasiswa dan dosen dalam menjala","1309469435527196673","","","in","Kota Payakumbuh","0","0","0","https://twitter.com/dodisyahputra/status/1309469435527196673","53348380","dodisyahputra"
"1309446044967751680","Fri Sep 25 10:54:00 +0000 2020","60","Kementerian Pendidikan dan Kebudayaan (Kemendikbud) mengalokasikan dana Rp 7 2 triliun untuk kebijakan bantuan kuota internet gratis hingga Desember mendatang. #Kemendikbud https://t.co/1Lxo4wP0H2","1309446044967751680","","","in","","15","14","15","https://twitter.com/detikcom/status/1309446044967751680","69183155","detikcom"
"1309433983269179394","Fri Sep 25 10:06:04 +0000 2020","0","Mendikbud luncurkan kebijakan bantuan kuota internet: Menteri Pendidikan dan Kebudayaan (Mendikbud) Nadiem Anwar Makarim meluncurkan kebijakan bantuan kuota data internet tahun 2020 secara virtual Jumat.Kebijakan itu diharapkan dapat membantu akses https://t.co/W1JaG3ej2P https://t.co/N9jiMiT01D","1309433983269179394","https://pbs.twimg.com/media/EiwLRNKVgAE5V1c.jpg","","in","Denpasar, Bali","0","0","1","https://twitter.com/antaranews_bali/status/1309433983269179394","91941244","antaranews_bali"
"1309313553988554752","Fri Sep 25 02:07:31 +0000 2020","2","Kepala Dinas pendidikan dan kebudayaan Kota Palu Ansyar sutiadi mengatakan kebijakan kegiatan mengajar secara tatap muka terpaksa harus ditarik kembali. Karena situasi pandemi Covid-19 di Kota Palu semakin menghawatirkan. https://t.co/XtnhdMdV8H","1309313553988554752","","","in","Palu, Sulawesi Tengah","0","1","0","https://twitter.com/twitPALU/status/1309313553988554752","442323220","twitPALU"
"1308943851281936384","Thu Sep 24 01:38:27 +0000 2020","0","RT BPPKkemenkeu: Warganed mau tahu #UangKitaBuatApa selama ini? Per tahun 2019 kebijakan fiskal pemerintah melalui APBN sudah mulai menunjukkan hasil yang signifikan terutama dalam 2 bidang strategis: Kesehatan dan Pendidikan. Yuk simak selengkapnya! ","1308943851281936384","","","in","Banda Aceh, Indonesia","0","0","0","https://twitter.com/djpbaceh/status/1308943851281936384","841528595990294528","djpbaceh"
"1308936795367682048","Thu Sep 24 01:10:25 +0000 2020","5","Warganed mau tahu #UangKitaBuatApa selama ini? Per tahun 2019 kebijakan fiskal pemerintah melalui APBN sudah mulai menunjukkan hasil yang signifikan terutama dalam 2 bidang strategis: Kesehatan dan Pendidikan. Yuk simak selengkapnya!","1308936795367682048","","","in","DKI Jakarta","0","0","1","https://twitter.com/BPPKkemenkeu/status/1308936795367682048","217296644","BPPKkemenkeu"
"1308927667194875904","Thu Sep 24 00:34:09 +0000 2020","0","Repot ya bikin kebijakan pendidikan dasar di Indonesia.","1308927667194875904","","","in","","0","0","0","https://twitter.com/timerend/status/1308927667194875904","955368833245618176","timerend"
"1308916595432075264","Wed Sep 23 23:50:09 +0000 2020","2","06.49 #BeritaSONORA - Nadiem Makarim : Tidak Ada Kebijakan Perubahan Kurikulum Pendidikan Nasional https://t.co/MwOWEb8RwH via @tribunnews","1308916595432075264","","","in","Jakarta Barat, DKI Jakarta","0","0","0","https://twitter.com/SonoraFM92/status/1308916595432075264","180696019","SonoraFM92"
"1308906964601184256","Wed Sep 23 23:11:53 +0000 2020","8","Nadiem Makarim : Tidak Ada Kebijakan Perubahan Kurikulum Pendidikan Nasional https://t.co/7nuDFXLc3j via @tribunnews","1308906964601184256","","","in","Indonesia","0","0","1","https://twitter.com/tribunnews/status/1308906964601184256","124171593","tribunnews"
"1308790241692712965","Wed Sep 23 15:28:04 +0000 2020","0","JAKARTA- Asosiasi Penyelenggara Telekomunikasi Seluruh Indonesia (ATSI) mendukung kebijakan pemerintah melalui Kementerian Pendidikan dan Kebudayaan (Kemendikbud) menerapkan pembelajaran jarak jauh. Selain itu https://t.co/ppzygMQWnj","1308790241692712965","","","in","Cirebon, Indonesia","0","0","0","https://twitter.com/Radar_Cirebon/status/1308790241692712965","388848045","Radar_Cirebon"
"1308768528233881603","Wed Sep 23 14:01:47 +0000 2020","3","Nadiem Makarim : Tidak Ada Kebijakan Perubahan Kurikulum Pendidikan Nasional https://t.co/ekRR6Af7Nc","1308768528233881603","","","in","Indonesia","0","0","0","https://twitter.com/tribunnews/status/1308768528233881603","124171593","tribunnews"
"1308733955491770370","Wed Sep 23 11:44:24 +0000 2020","0","Dalam Materi yang disampaikan oleh Dr. Oetami Dewi menitikberatkan pada 4 (empat) ASPEK PROGRAM KEBIJAKAN PEMERINTAH DI MASA COVID 19 yaitu Sosial Kesehatan Pendidikan dan EKonomi yang merupakan aspek yang menjadi prioritas utama kebijakan pemerintah","1308733955491770370","","","in","Indonesia","0","0","0","https://twitter.com/BBPPPKSYK/status/1308733955491770370","572631442","BBPPPKSYK"
"1308634921334837249","Wed Sep 23 05:10:53 +0000 2020","0","Wamenkeu juga menekankan pentingnya pengembangan kebijakan reformasi struktural dengan pendekatan inklusif secara luas di berbagai sektor termasuk pendidikan teknologi digital tenaga kerja infrastruktur dan perbaikan iklim usaha. https://t.co/QIgDv3AbMY #KerjaSamaAtasiPandemi","1308634921334837249","","","in","","0","0","0","https://twitter.com/wa_puspa/status/1308634921334837249","958851754015178752","wa_puspa"
"1308612500909207555","Wed Sep 23 03:41:47 +0000 2020","0","Pilihan kebijakan @nadiemmakarim adalah bukti kebuntuan dalam mengelola pendidikan &amp; dia lupa bahwa/gak tau bahwa antara kepentingan&amp;kebijakan terdapat ruang ketidak pastian Judiht Golstien.","1308612500909207555","","","in","","0","0","0","https://twitter.com/Boim_Immut/status/1308612500909207555","1033841755173486592","Boim_Immut"
"1308603070088015872","Wed Sep 23 03:04:19 +0000 2020","1","Penerapan kebijakan di lapangan tidak selalu mudah. Tapi tidak selalu sulit asal niatnya untuk keadilan pendidikan #kuotagratis #belajaronline #jarakjauh #wifigratis https://t.co/bLc7RKvFAo","1308603070088015872","https://pbs.twimg.com/media/EikXjP3VoAESakO.jpg","","in","ÜT: -6.184201,106.829548","0","0","0","https://twitter.com/PungPurwanto/status/1308603070088015872","131800607","PungPurwanto"
"1308597056286724097","Wed Sep 23 02:40:25 +0000 2020","0","[LIVE NOW] at #EduTECHIndo Live session in Indonesian by Kebijakan Dinas Pendidikan Provinsi DKI Jakarta dalam pelaksanaan Belajar dari Rumah by Nahdiana Nahdiana Kepala Dinas Pendidikan Dinas Pendidikan Provinsi DKI Jakarta Join us now: https://t.co/q9gGCHALjG https://t.co/pPsFFnW7kr","1308597056286724097","https://pbs.twimg.com/media/EikSFpuXYAEVjec.png","","in","Singapore","1","0","1","https://twitter.com/edutech_asia/status/1308597056286724097","738224155422642176","edutech_asia"
"1308585008085438464","Wed Sep 23 01:52:32 +0000 2020","7","1)Menurut Ibtisam Abu-Dohou dalam buku Manajemen Mutu Pendidikan manajemen sekolah menempatkan lembaga pendidikan sebagai unit utama peningkatan serta menempatkan redistribusi kewenangan para pembuat kebijakan-c- @AmrilmuhammadMp #AmrilMuhammad_UNJ","1308585008085438464","","","in","","1","1","20","https://twitter.com/rinandanii/status/1308585008085438464","1080012951648591872","rinandanii"
"1308386315252031489","Tue Sep 22 12:43:00 +0000 2020","1","kebijakan pendidikan di isi sama orang orang kebijakan publik mana paham","1308386315252031489","","","in","","0","2","0","https://twitter.com/kusampah/status/1308386315252031489","113572611","kusampah"
"1308374657632882688","Tue Sep 22 11:56:41 +0000 2020","2","74 teman kita ikut program permata sakti loh!~ Permata Sakti? Apaan tuhh? Jadi kan Kementerian Pendidikan dan Kebudayaan telah mengeluarkan kebijakan mengenai Merdeka Belajar-Kampus Merdeka laluuu... Selengkapnya: https://t.co/akQah0hePn https://t.co/tKm8cnATel","1308374657632882688","https://pbs.twimg.com/media/EihHzWVUMAAbeci.jpg","","in","Unsoed","0","0","0","https://twitter.com/BEM_Unsoed/status/1308374657632882688","297204645","BEM_Unsoed"
"1308363139239440385","Tue Sep 22 11:10:55 +0000 2020","14","Indosat Ooredoo bersama ATSI melakukan penandatangan kontrak kerjasama dengan Kementerian Pendidikan dan Kebudayaan RI untuk pelaksanaan kebijakan bantuan kuota data internet bagi siswa guru dosen dan mahasiswa. #TangguhBersamaIndonesia https://t.co/sXeCE2MNOW","1308363139239440385","https://pbs.twimg.com/media/Eig9VjjUwAERv0-.jpg","","in","Indonesia","0","22","6","https://twitter.com/indosat/status/1308363139239440385","982557721575608320","indosat"
"1308347920140259328","Tue Sep 22 10:10:26 +0000 2020","2","Kebijakan pendidikan saat ini menghasilkan semboyan: Habis Kurikulum Dua Ribu Tiga Belas (K-13) terbitlah kurikulum hancur-hancuran! Cuma Ibu Kartini menghasilkan semboyan: Habis gelap terbitlah terang!","1308347920140259328","","","in","Indonesia","0","0","0","https://twitter.com/sfi4ns/status/1308347920140259328","783891327255654401","sfi4ns"
"1308340735188426752","Tue Sep 22 09:41:53 +0000 2020","0","Dinas Pendidikan dan Kebudayaan (Disdikbud) telah mematangkan materi antikorupsi sebagai mata pelajaran wajib. Kebijakan tersebut akan mulai diterapkan pada semester 2 tahun ajaran 2020/2021. #bimtek #disdikbud #guru #pendidikan #lampung #lampostco https://t.co/Nh1PTgaf6K","1308340735188426752","","","in","Lampung, Indonesia","0","0","0","https://twitter.com/lampungpost_/status/1308340735188426752","961851659692400640","lampungpost_"
"1308311126824767488","Tue Sep 22 07:44:14 +0000 2020","7","Dalam buku Kepemimpinan Pendidikan (kepala sekolah sebagai manager dan leader) Daryanto (2001: 81) menyebutkan bahwa fungsi kepalasekolah sebagai berikut. 1. Merumuskan tujuan kerja dan membuat kebijakan sekolah. @AmrilmuhammadMp #AmrilMuhammad_UNJ","1308311126824767488","","","in","","1","1","17","https://twitter.com/fajar_18a/status/1308311126824767488","1302035644319842304","fajar_18a"
"1308285665356857345","Tue Sep 22 06:03:04 +0000 2020","6","Tantangan pendidikan di Indonesia tanpa pandemi Covid-19 pun sudah sangat besar. Baik secara geografi budaya maupun infrastruktur. Namun Kemendikbud tetap berupaya menyusun kebijakan terbaik untuk memastikan pembelajaran tetap berjalan. #puslapdik https://t.co/MhjIETjE2o","1308285665356857345","https://pbs.twimg.com/media/EifzwxLUcAEeTWj.jpg","","in","","0","3","1","https://twitter.com/puslapdik/status/1308285665356857345","1225697079160274945","puslapdik"
"1308253317705818112","Tue Sep 22 03:54:31 +0000 2020","2","Kalau membaca berita sedikit2 bisa membaca arah kebijakan pemerintah kemana. Porsi investasi untuk infrastruktur pendidikan atau kesehatan berapa. Omnibuslaw pilkada lanjut tengah pandemi dll. Memperbesar kapitalis mencetak buruh2 bayaran rendah begitu agaknya.","1308253317705818112","","","in","Jakarta, indonesia","0","1","0","https://twitter.com/anonymslly/status/1308253317705818112","2193988657","anonymslly"
"1308242075981197312","Tue Sep 22 03:09:51 +0000 2020","0","Jurnalis ga ada yg tertarik investigasi perjalanan bos ojek bs jadi mentri pendidikan? Dari mulai dibolehkannya ojol jd transportasi umum sama presiden meskipun aturan mesti ditabrak sampe kebijakan si mentri yg menguntungkan korporasi. Ini baru 1 pejabat yg lain jg gurih.","1308242075981197312","","","in","Batavia","0","0","0","https://twitter.com/brohagung/status/1308242075981197312","893792082225053696","brohagung"
"1308152529616646144","Mon Sep 21 21:14:02 +0000 2020","0","yang bisa mengeluarkan masyarakat dari kemiskinan struktural ya kalian ini. banyakin anggaran kesehatan dan pendidikan buat danain kebijakan dan program yg pro masyarakat.","1308152529616646144","","","in","shire","0","0","0","https://twitter.com/playingstandard/status/1308152529616646144","933916158343786496","playingstandard"
"1308043223848202240","Mon Sep 21 13:59:41 +0000 2020","0","EVALUASI PENDIDIKAN: Ciri-Ciri umum Kebijakan Publik https://t.co/BAjeiBLIVB","1308043223848202240","","","in","Indonesia","0","0","0","https://twitter.com/gratias21/status/1308043223848202240","49918805","gratias21"
"1308029957449289728","Mon Sep 21 13:06:58 +0000 2020","0","Menteri Pendidikan dan Kebudayaan (Mendikbud) Nadiem Makarim menegaskan tidak ada kebijakan regulasi atau rencana menghapuskan mata pelajaran Sejarah di kurikulum nasional. selengkapnya: https://t.co/I7pvJY9vcL","1308029957449289728","","","in","Duri, Riau, Indonesia","0","0","0","https://twitter.com/info_DURI/status/1308029957449289728","324249599","info_DURI"
"1308011397041647616","Mon Sep 21 11:53:13 +0000 2020","1","[BULLWARK BULETIN WARGA KAPAL] Dalam melindungi keselamatan para siswa dari bahaya penularan Corona Virus Disease 2019 (Covid-19) pemerintah melalui Kementerian Pendidikan dan Kebudayaan (Kemdikbud) mengeluarkan kebijakan belajar dari rumah. https://t.co/FGMfE05Ax9","1308011397041647616","https://pbs.twimg.com/media/Eib9Zi6UYAEAZLm.jpg","","in","Kampus PPNS","0","1","0","https://twitter.com/bemppns/status/1308011397041647616","455361089","bemppns"
"1307935547458048005","Mon Sep 21 06:51:49 +0000 2020","0","Kebijakan physical distancing untuk memutus penyebaran wabah memaksa perubahan dari pendidikan formal di bangku sekolah menjadi belajar dari rumah dengan sistem online dalam skala nasional. Berikut potret belajar dari rumah di berbagai wilayah. #Foto https://t.co/IfMzoVmYWq","1307935547458048005","","","in","Jakarta","0","0","1","https://twitter.com/KATADATAcoid/status/1307935547458048005","552523769","KATADATAcoid"
"1307925654805995520","Mon Sep 21 06:12:30 +0000 2020","1","/sm sumber anggaran pendidikan kita tuh asalnya dari kemendikbud apa lgsg dari kemenkeu? misal kaya bantuan kuota gitu kita sesuai ama arahan kemendikbud apa kita ada kebijakan sendiri dari kemenkeu? yg punya referensi peraturannya bisa share dong makasihh","1307925654805995520","","","in","Jurangmangu","0","3","0","https://twitter.com/stanmenfess/status/1307925654805995520","1160532100111466496","stanmenfess"
"1307758845121368064","Sun Sep 20 19:09:40 +0000 2020","2","Islamisasi tu ya proses yg biasa saja sama sprt Kristenisasi. Tulisan ini sdh menjawab bahwa itu Islamisasi konsekuensi dari kebijakan pendidikan yg dibikin negara sendiri sejak thn 1975 &amp; s.d. saat ini mendorong Islamisasi memasuki ruang publik. https://t.co/uorLkPaw96","1307758845121368064","","","in","","0","1","0","https://twitter.com/CeletukWarga/status/1307758845121368064","1279726915469733889","CeletukWarga"
"1307701439444127746","Sun Sep 20 15:21:33 +0000 2020","0","[A THREAD] Salam Mahasura Muda! Menteri Pendidikan dan Kebudayaan Nadiem Makarim mengizinkan kembali sekolah dibuka untuk Kegiatan Belajar Mengajar (KBM) tatap muka di tengah pandemi COVID-19. Kebijakan ini malah memunculkan klister baru COVID-19 ","1307701439444127746","","","in","","0","1","1","https://twitter.com/paaal__/status/1307701439444127746","1301572550175023105","paaal__"
"1307697103490039811","Sun Sep 20 15:04:19 +0000 2020","0","Salam Mahasura Muda! Kebijakan pemerintah dibidang pendidikan harus bisa mencejah penularan covid 19 dan harus memberikan stimulus pendukung dalam pembelajaran jarah jauh . #UNSuntukIndonesia #MahasuraMudaUNS2020 #UNSPeduliSehat @11MaretUniv @generasiuns_","1307697103490039811","","","in","","0","0","0","https://twitter.com/rahmaffff/status/1307697103490039811","1306448540009263104","rahmaffff"
"1307690545339228160","Sun Sep 20 14:38:16 +0000 2020","0","Salam Mahasura Muda! Seluruh dunia sedang dilanda pandemi Covid-19. Di tengah pandemi seperti ini tentunya pendidikan tidak boleh ditinggalkan. Pemerintah setempat melalukan kebijakan belajar jarak jauh atau disebut secara daring. Belajar daring juga dilakukan guna mengurangi","1307690545339228160","","","in","Riau, Indonesia","0","1","0","https://twitter.com/gillbrainitoha1/status/1307690545339228160","1306955847545757696","gillbrainitoha1"
"1307687946653282305","Sun Sep 20 14:27:56 +0000 2020","0","Pandemi Covid-19 membuat hampir seluruh aktivitas berhenti tak terkecuali dalam dunia pendidikan. Oleh karena itu pembelajaran daring adalah kebijakan yang tepat dalam menghadapi pandemi seperti ini. Meskipun begitu banyak orang yang tidak setuju terhadap kebijakan ini.","1307687946653282305","","","in","","0","2","0","https://twitter.com/AKoestiwa/status/1307687946653282305","1168729803630858242","AKoestiwa"
"1307676786394689539","Sun Sep 20 13:43:35 +0000 2020","0","Salam Mahasura Muda Pendidikan di era covid-19 memang sebuah tantangan bagi pengajar dan peserta didik pasalnya mereka harus belajar sendiri di rumah karena kebijakan pemerintah menutup sekolah agar tidak menyebarkan virus Corona dalam klaster sekolahan","1307676786394689539","","","in","","0","1","0","https://twitter.com/drtl26/status/1307676786394689539","986931852853239808","drtl26"
"1307676069781147648","Sun Sep 20 13:40:45 +0000 2020","4","Salam Mahasura Muda! Kebijakan zonasi dengan dalih agar tidak ada kastanisasi dalam pendidikan . #UNSuntukIndonesia #MahasuraMudaUNS2020 #UNSPeduliPendidikan @11MaretUniv @generasiuns_","1307676069781147648","","","in","","0","0","0","https://twitter.com/Nawangg2/status/1307676069781147648","1301777899901517825","Nawangg2"
"1307669906817597440","Sun Sep 20 13:16:15 +0000 2020","0","Salam Mahasura Muda! Sekilas bersinggungan dengan pendidikan di Indonesia saat ini. Menurut https://t.co/skH2RxtC9M Dalam hal ini terkait usaha pemerintah(Kemendikbud)dalam mengambil kebijakan untuk kemajuan pendidikan. Kita ambil saja contohnya yaitu tentang penerapan Kurikulum","1307669906817597440","","","in","","0","0","0","https://twitter.com/PrisaEka/status/1307669906817597440","1302960614709501958","PrisaEka"
"1307668786770665475","Sun Sep 20 13:11:48 +0000 2020","0","Salam Mahasura Muda! Saya pro terhadap kebijakan menteri pendidikan terkait kampus merdeka. -Cont . #UNSuntukIndonesia #MahasuraMudaUNS2020 #UNSPeduliSehat atau #UNSPeduliBumi atau #UNSPeduliPendidikan #kampusmerdeka https://t.co/WDdgrfOtwI","1307668786770665475","https://pbs.twimg.com/media/EiXF1KAUcAYBUNM.jpg","","in","Trenggalek, Indonesia","0","1","0","https://twitter.com/suryawb87/status/1307668786770665475","839042228215373824","suryawb87"
"1307664367865929730","Sun Sep 20 12:54:15 +0000 2020","2","Salam Mahasura Muda! Virus Covid-19 sangat berdampak bagi bidang pendidikan. Sehingga mengharuskan kegiatan pembelajaran dilakukan secara daring atas kebijakan dari pemerintah. ........ #UNSuntukIndonesia #MahasuraMudaUNS2020 #UNSPeduliPendidikan @11MaretUniv @generasiuns_","1307664367865929730","","","in","","0","1","0","https://twitter.com/cahya2_ika/status/1307664367865929730","1303251187290968064","cahya2_ika"
"1307664242250637314","Sun Sep 20 12:53:45 +0000 2020","0","Salam Mahasura Muda Kebijakan Kurikulum Darurat Pendidikan saat Pandemi oleh Kemendikbud Dinilai Sangat Bagus https://t.co/4ve9Cka9yF #MahasuraMuda2020 #SemarPeduliPendidikan @generasiuns_ @11MaretUniv #DariUNSuntukIndonesia","1307664242250637314","","","in","","0","0","0","https://twitter.com/Annisafirdalstr/status/1307664242250637314","1148774845137612800","Annisafirdalstr"
"1307664224621981696","Sun Sep 20 12:53:41 +0000 2020","3","Salam Mahasura Muda! Pandemi yang tengah terjadi di Indonesia saat ini memunculkan berbagai kebijakan baru dari pemerintah. Salah satunya mengharuskan dilaksanakannya pendidikan secara daring menggunakan berbagai macam platform seperti Google Classroom Zoom WhatsApp dsb","1307664224621981696","","","in","Indonesia","0","1","0","https://twitter.com/clarentinejuana/status/1307664224621981696","1306929321550835715","clarentinejuana"
"1307663428203421697","Sun Sep 20 12:50:31 +0000 2020","3","Salam Mahasura Muda! Dimasa pandemi Covid 19 yang belum berakhir hingga saat ini. Kemendikbud Republik Indonesia telah memberikan beberapa kebijakan terkait pelaksanaan pendidikan bagi para pelajar salah satunya adalah pembelajaran jarak jauh/pembelajaran online.","1307663428203421697","","","in","","0","2","0","https://twitter.com/ArdhiniTyas/status/1307663428203421697","1304684076251533313","ArdhiniTyas"
"1307663288973455362","Sun Sep 20 12:49:57 +0000 2020","1","Salam Mahasura Muda! Kebijakan pemerintah mengenai pendidikan di masa pandemi dirasa kurang baik dikarenakan banyak siswa yang memiliki keterbatasan dalam sarpras. @11MaretUniv @generasiuns_ #DariUNSuntukIndonesia #MahasuraMuda2020 #UNSPeduliPendidikan","1307663288973455362","","","in","","0","0","0","https://twitter.com/Kumalax_/status/1307663288973455362","1306201695395999744","Kumalax_"
"1307654670643462145","Sun Sep 20 12:15:43 +0000 2020","0","Salam Mahasura Muda! Di tengah pembatasan sosial akibat wabah covid-19 kita harus tetap semangat mengejar ilmu pengetahuan. Tapi kebijakan physical distancing untuk memutus penyebaran wabah memaksa perubahan dari pendidikan formal di bangku sekolah menjadi belajar dari rumah https://t.co/VFvOfLnFkM","1307654670643462145","https://pbs.twimg.com/media/EiW4_bPUwAEE1iK.jpg","","in","","0","1","0","https://twitter.com/danu_halim/status/1307654670643462145","1166298873016356864","danu_halim"
"1307653736223838208","Sun Sep 20 12:12:00 +0000 2020","8","Salam Mahasura Muda! 3 isu yang perlu mendapat perhatian : ⁃Peningkatan kualitas guru ⁃Sanksi tegas bagi pelaku kekerasan di sekolah ⁃Kebijakan afirmasi atas diskriminasi pendidikan @11MaretUniv @generasiuns_ #UNSuntukIndonesia #MahasuraMudaUNS2020 #UNSPeduliPendidikan","1307653736223838208","","","in","","0","0","2","https://twitter.com/yaiyalayaa/status/1307653736223838208","891579966785110016","yaiyalayaa"
"1307652516809646082","Sun Sep 20 12:07:09 +0000 2020","2","Salam Mahasura Muda! Pendidikan di Indonesia saat ini banyak mengalami perubahan kebijakan pendidikan semula pembelajaran dilakukan dengan tatap muka diubah menjadi daring. Untuk meminimalisir penyebaran covid-19... #DariUNSuntukIndonesia #MahasuraMuda2020 #SemarPeduliPendidikan","1307652516809646082","","","in","","0","0","0","https://twitter.com/Rahma_krtk18/status/1307652516809646082","1269897649420828672","Rahma_krtk18"
"1307648437140111360","Sun Sep 20 11:50:57 +0000 2020","1","Dalam situasi wabah virus corona di Indonesia ini berdampak pada dunia pendidikan pemerintah pusat hingga daerah memberi kebijakan meliburkan seluruh lembaga pendidikan. Hal ini dilakukan sebagai upaya mencegah penularan virus korona.","1307648437140111360","","","in","","0","1","0","https://twitter.com/vinafbrnti15/status/1307648437140111360","1307641811876286465","vinafbrnti15"
"1307648061351448576","Sun Sep 20 11:49:27 +0000 2020","0","Perkembangan menjadi landasan bagi pendidik untuk menentukan kebijakan dan manajemen dalam pendidikan #KCAMexico #OnBTS #ARMY @BTS_twt","1307648061351448576","","","in","","0","0","0","https://twitter.com/ExKiky/status/1307648061351448576","1158498557600526336","ExKiky"
"1307632628615372800","Sun Sep 20 10:48:07 +0000 2020","2","Gubernur DKI Jakarta Anies Baswedan seperti orang yang kebakaran jenggot.pasalnya beberapa anak buahnya satu persatu berguguran bahkan ada yang sampai meninggal dunia karena Covid-19 dalam beberapa hari terakhir ini.kebijakan mantan menteri pendidikan Nasional ini bikin bingung","1307632628615372800","","","in","Surakarta, Jawa Tengah","0","0","1","https://twitter.com/AlbertSolo2/status/1307632628615372800","980097559736721408","AlbertSolo2"
"1307627266977878016","Sun Sep 20 10:26:49 +0000 2020","0","Ketika ditugasin nganalisis kebijakan pendidikan di suatu state negara lain dengan data yang terpampang jelas dan bisa diakses publik disitu saya merasa sedih karena gak ngerti apa-apa tentang kebijakan pendidikan di negara sendiri. Sakitnya tuh di sini TT_TT https://t.co/vh4HHlQdEE","1307627266977878016","https://pbs.twimg.com/media/EiWf4lMVgAAifBJ.jpg","","in","Kent, OH","0","1","0","https://twitter.com/9reene/status/1307627266977878016","164537706","9reene"
"1307575153812013056","Sun Sep 20 06:59:44 +0000 2020","0","merasa miris ketika melihat anak kelas 1 SD usia 7 tahun seakan akan dituntut untuk segala bisa. apakah yang membuat kebijakan sekolah tidak memikirkan kesehatan mental anak² tersebut? #dilemaseorangibu #iniindonesia #pendidikan #komnasanak","1307575153812013056","","","in","","0","0","0","https://twitter.com/Dnotkg18/status/1307575153812013056","1122533902021734400","Dnotkg18"
"1307531827893084160","Sun Sep 20 04:07:35 +0000 2020","1","Pandemi Covid-19 telah menyebabkan banyak perubahan termasuk dalam sistem pendidikan khususnya didalam lingkungan universitas di Indonesia. Mendikbud memberikan kebijakan untuk melaksanakan kuliah secara online sampai ada kebijakan lebih lanjut. https://t.co/jUUjHnyqSH","1307531827893084160","https://pbs.twimg.com/media/EiVJQvuVkAApktc.jpg","","in","Yogyakarta, Indonesia","0","0","0","https://twitter.com/dekombat_immfeb/status/1307531827893084160","614846279","dekombat_immfeb"
"1307178876666179586","Sat Sep 19 04:45:05 +0000 2020","8","Tak terbilang kebijakan rezim ini yg memalukan tingkat dunia tak terkecuali dalam penanganan Covid-19. Masuk akal kalau sejarah hendak dipinggirkan dlm sistem pendidikan Indonesia. Mereka sendiri jg enggan belajar dari sejarah. #JasMerah","1307178876666179586","","","in","Jakarta","0","3","2","https://twitter.com/ecosocrights/status/1307178876666179586","175442007","ecosocrights"
"1307149033501200384","Sat Sep 19 02:46:29 +0000 2020","2","Melakukan revolusi karakter bangsa melalui kebijakan penataan kembali kurikulum pendidikan nasional dengan mengedepankan aspek pendidikan kewarganegaraan yang menempatkan secara proporsional aspek pendidikan ","1307149033501200384","","","in","Semarang, Jawa Tengah","0","1","0","https://twitter.com/_chesalestyn/status/1307149033501200384","1346534270","_chesalestyn"
"1307131075173527553","Sat Sep 19 01:35:08 +0000 2020","14","Saya juga kaget bro @JJRizal krn selama masa Presiden @jokowi (yg saya ikut memilihnya) saya malah tdk pernah dilibatkan dlm pembahasan kebijakan pendidikan shg tdk tahu wacana yg berkembang di internal Kemdikbud tmsk mau menjadikan Mapel Sejarah sbg pilihan itu","1307131075173527553","","","in","Jakarta","1","3","3","https://twitter.com/Darmaningtyas/status/1307131075173527553","368674205","Darmaningtyas"
"1307126137768771584","Sat Sep 19 01:15:31 +0000 2020","1","Bahkan sejarah yg dibuat-buat sekalipun adalah sejarah dan jika memang demikian 'yak' terjadi kebijakan pemerintah ini akan menjadi sejarah bahwa pelajaran sejarah akan hilang dari kurikulum pendidikan. Jancuk sekali memang yaa heuuu","1307126137768771584","","","in","Kota Semarang, Jawa Tengah","0","0","0","https://twitter.com/ahmd_ihsans/status/1307126137768771584","905051888424411136","ahmd_ihsans"
"1307066103194169348","Fri Sep 18 21:16:57 +0000 2020","27","Inilah akibatnya jika pendidikan hanya dipahami para pengambil kebijakan sebagai pencetak tukang. https://t.co/OBr5AgCheY","1307066103194169348","https://pbs.twimg.com/media/EiOhrxAWAAAz0es.jpg","","in","Malang","2","9","15","https://twitter.com/nurudinwriter/status/1307066103194169348","158335725","nurudinwriter"
"1306966304641835008","Fri Sep 18 14:40:23 +0000 2020","0","Pembuat kebijakan pendidikan nasional Indonesia: Menghilangkan sejarah berarti menjual bangsa dan negerinya - Tandatangani Petisi! https://t.co/SjKV7rIhfz lewat @ChangeOrg_ID","1306966304641835008","","","in","Blitar, Jawa Timur","0","0","0","https://twitter.com/SupanjiNerry/status/1306966304641835008","1096188743919095809","SupanjiNerry"
"1306907761851076608","Fri Sep 18 10:47:46 +0000 2020","0","Hmm kalau kita menengok ke belakang sepertinya banyak banget ya kebijakan ataupun rencana yang dibuat oleh Kemendikbud. Bagus sih kebanyakan nampak memberi kemajuan gitu dalam sistem pendidikan tapi ya kayak perahu tua banyak bolongnya.","1306907761851076608","","","in","🇵🇸","0","1","0","https://twitter.com/softecrates/status/1306907761851076608","751439659817836544","softecrates"
"1306897174437871619","Fri Sep 18 10:05:42 +0000 2020","0","pusink mikirin kebijakan baru di dunia pendidikan ‍️‍️‍️","1306897174437871619","","","in","personal account","0","4","0","https://twitter.com/darrderdoor/status/1306897174437871619","1213596986235998208","darrderdoor"
"1306829630687518720","Fri Sep 18 05:37:18 +0000 2020","1","Jadi inget kemaren dikelas Monitoring Evaluasi Kebijakan abis bahas dana keistimewaan DIY ditambah i think perekonomian DIY terutama wirausahanya tuh hidup bgt cus kebantu sektor pendidikan tingginya yg emang jadi center di Indonesia","1306829630687518720","","","in","","0","2","0","https://twitter.com/fuckingdustbag/status/1306829630687518720","458101158","fuckingdustbag"
"1306592131289505794","Thu Sep 17 13:53:34 +0000 2020","2","Yesterday with mang angkot: Kalau sudah punya kuasa bikin kebijakan jangan lupa lihat ke bawah. Banyak kebijakan yang niatnya baik tapi eksekusinya salah dan malah ga jadi solusi Jangan pernah cape ngurusin pendidikan. Bukan hanya kamu nanti yang ngerasain manfaatnya ","1306592131289505794","","","in","Bandung","0","0","1","https://twitter.com/farhananggito/status/1306592131289505794","404836582","farhananggito"
"1306562216800301063","Thu Sep 17 11:54:41 +0000 2020","1","Kamis 17 September 2020 . Walikota Jayapura Dr. Drs. Benhur Tomi Mano MM sebagai salah satu Narasumber pada Webinar Leader Talks iNews Kebijakan Pendidikan Papua Di Tengah Pandemi. https://t.co/eT7j00nuTJ","1306562216800301063","https://pbs.twimg.com/media/EiHXYg7VgAAkfDe.jpg","","in","Kota Jayapura","0","0","0","https://twitter.com/kominfokotjayap/status/1306562216800301063","937566338834300928","kominfokotjayap"
"1306464230644695041","Thu Sep 17 05:25:20 +0000 2020","0","Yuk ikuti Webinar Leader Talk iNews Kebijakan Pendidikan Papua Di Tengah Pandemi.. Daftar di https://t.co/SbtF3oRQYA https://t.co/v517CdCUGX","1306464230644695041","https://pbs.twimg.com/media/EiF-So9UMAAuTuW.jpg","","in","Kota Jayapura","0","0","0","https://twitter.com/kominfokotjayap/status/1306464230644695041","937566338834300928","kominfokotjayap"
"1306431559998734336","Thu Sep 17 03:15:30 +0000 2020","5","Dalam buku politik kebijakan pengembangan kurikulum di Indonesia (2019) Landasan kurikulum adalah faktor yang harus dipertimbangkan oleh para pengembang kurikulum ketika hendak mengembangkan atau merencanakan suatu kurikulum pendidikan. @AmrilmuhammadMp #AmrilMuhammad_UNJ","1306431559998734336","","","in","","1","1","15","https://twitter.com/afifahdmynt/status/1306431559998734336","1275945430967136256","afifahdmynt"
"1306402838247960577","Thu Sep 17 01:21:23 +0000 2020","0","Sekarang ini Kementerian Pendidikan dan Kebudayaan Republik Indonesia di bawah pimpinan Bapak Nadiem Makarim sebagai Mendikbud beliau memiliki kebijakan atau program baru untuk diterapkan di dunia pendidikan Indonesia.","1306402838247960577","","","in","UPI Bandung","0","2","0","https://twitter.com/UPP_HMCH/status/1306402838247960577","515261380","UPP_HMCH"
"1306219699701596160","Wed Sep 16 13:13:39 +0000 2020","0","Webinar LEADER TALK INews Kebijakan Pendidikan Papua di tengah Pandemi... https://t.co/t1wQmN6NT6","1306219699701596160","","","in","Papua, Indonesia","0","0","0","https://twitter.com/husni_difinubun/status/1306219699701596160","903936988830605312","husni_difinubun"
"1306211212321910785","Wed Sep 16 12:39:55 +0000 2020","1","Webinar LEADER TALK INews Kebijakan Pendidikan Papua di tengah Pandemi Kamis 17 September 2020. Pkl 13.30-15.30 WIB. @jayapuraupdate @PapuaItuKita @AbethAmoyeYou1 @KandiusWandik @BeritaPapua @lengkaanias1 @TIKARPAPUA https://t.co/zBkpDafJw4","1306211212321910785","https://pbs.twimg.com/ext_tw_video_thumb/1306210915868532737/pu/img/wrFvRNDbdyRMyxtG.jpg","","in","Papua, Indonesia","0","0","0","https://twitter.com/husni_difinubun/status/1306211212321910785","903936988830605312","husni_difinubun"
"1306181297748967427","Wed Sep 16 10:41:03 +0000 2020","0","Disdikbud Lampung memasukan pendidikan antikorupsi ke dalam kurikulum sekolah. Kebijakan itu diimplementasikan dengan bentuk mata pelajaran muatan lokal. #kurikulum #pendidikan #korupsi #koruptor #antikorupsi #disdikbud #lampung #lampostco https://t.co/PSZQyndVKf","1306181297748967427","","","in","Lampung, Indonesia","0","0","0","https://twitter.com/lampungpost_/status/1306181297748967427","961851659692400640","lampungpost_"
"1306169569447415808","Wed Sep 16 09:54:27 +0000 2020","3","Veronica Koman Liau diminta mengembalikan dana pendidikan dari Lembaga Pengelola Dana Pendidikan (LPDP). Ini aturan yang mendasari kebijakan tersebut. https://t.co/pP5oFUra9X","1306169569447415808","","","in","Jakarta, Indonesia","0","0","0","https://twitter.com/detikfinance/status/1306169569447415808","135795460","detikfinance"
"1306113838647930880","Wed Sep 16 06:13:00 +0000 2020","0","IKUTI WEBINAR LEADER TALK INEWS Tema: Kebijakan Pendidikan Papua di Tengah Pandemi Kamis 17 September 2020 Pukul 13.30-15.30 WIB Sertifikat : Prisil - 081247887484 Register : https://t.co/kR4XVJlR1l #webinar #leadertalk #inewsid #inewstv #inews #news #event #live #seminar https://t.co/0Ft2HEbqTN","1306113838647930880","https://pbs.twimg.com/media/EiAhdGYUwAIVASD.jpg","","in","Jakarta, Indonesia","0","0","0","https://twitter.com/inewsdotid/status/1306113838647930880","944180887171743745","inewsdotid"
"1306077748704743431","Wed Sep 16 03:49:35 +0000 2020","0","Kemendikbud telah meluncurkan logo Kampus Merdeka. Kebijakan Merdeka Belajar - Kampus Merdeka yang diluncurkan oleh Menteri Pendidikan dan Kebudayaan RI merupakan kerangka untuk menyiapkan mahasiswa menjadi sarjana yang tangguh relevan dengan kebutuhan zaman #KampusMerdeka https://t.co/Xwglk9f7Pl","1306077748704743431","https://pbs.twimg.com/media/EiAeyAsX0AAUvpH.jpg","","in","Jl. LingkarMaskumambang Kediri","0","0","0","https://twitter.com/polinemakediri/status/1306077748704743431","1268728175002939392","polinemakediri"
"1305894367006134272","Tue Sep 15 15:40:54 +0000 2020","0","sedih sih sebagai orang yang alhamdulillah selalu masuk sekolah lumayan favorit di daerahku terus nulis soal kebijakan pendidikan pembuat kebijakan ngerasa gitu ga ya kalo lagi bikin kebijakan buat rakyat apalagi yg kurang mampu ","1305894367006134272","","","in","","0","0","0","https://twitter.com/aftufin/status/1305894367006134272","944701015995006976","aftufin"
"1305764937545867265","Tue Sep 15 07:06:35 +0000 2020","6","Indonesia sedang diperhadapkan dengan pandemi COVID-19 yang meluluhlantakkan aktivitas sosial sektor ekonomi bahkan pendidikan. Untuk mengatasi dampak pandemi COVID-19 Pemerintah meluncurkan berbagai kebijakan yang tentunya didukung oleh kajian yang andal.","1305764937545867265","","","in","Jakarta Pusat, DKI Jakarta","0","1","1","https://twitter.com/DitjenAnggaran/status/1305764937545867265","874171254122496000","DitjenAnggaran"
"1305681843497439236","Tue Sep 15 01:36:24 +0000 2020","0","Mulyadi Ketua GMNI Kritik Kebijakan Tiga Instansi Pendidikan Aceh Tengah Dinilai Keliru https://t.co/GCwuBa1pdS","1305681843497439236","","","in","","0","0","0","https://twitter.com/toskomi_news/status/1305681843497439236","817043622554005504","toskomi_news"
"1305440532898873346","Mon Sep 14 09:37:31 +0000 2020","5","#InfoUnsyiah Merdeka Belajar Kampus Merdeka merupakan kebijakan Menteri Pendidikan dan Kebudayaan yang bertujuan mendorong mahasiswa untuk menguasai berbagai keilmuan yang berguna untuk memasuki dunia kerja. https://t.co/2wUuUfT5Cr","1305440532898873346","https://pbs.twimg.com/media/Eh3a1seU0AAgLig.jpg","","in","Darussalam, Banda Aceh","0","1","2","https://twitter.com/univ_syiahkuala/status/1305440532898873346","1323933379","univ_syiahkuala"
"1305415886858317825","Mon Sep 14 07:59:35 +0000 2020","26","Aleg PKS Almuzammil Yusuf mengangkat 2 isu penting terkait kebijakan Universitas Indonesia yakni Pakta Integritas Mahasiswa UI 2020 dan Pendidikan Konsensual Seks https://t.co/p2cUoNi0Zd","1305415886858317825","https://pbs.twimg.com/ext_tw_video_thumb/1305415598051078144/pu/img/7gpJwKexVB4OwkmE.jpg","","in","Indonesia","1","2","23","https://twitter.com/arwidodo/status/1305415886858317825","158162219","arwidodo"
"1305398950661222400","Mon Sep 14 06:52:17 +0000 2020","4","Strategi Bagi Pemangku Kebijakan Dilingkungan Pendidikan Untuk Bersama-sama Membuat Komitmen yang Kuat Dalam Menekan Tingkat Penyalahgunaan Narkoba Di lingkungan Pendidikan https://t.co/iiG4xTnAQK #idnetter","1305398950661222400","","","in","Donggala, Sulawesi Tengah","0","0","0","https://twitter.com/bnnkdonggala1/status/1305398950661222400","1224577176445452288","bnnkdonggala1"
"1305394910208520193","Mon Sep 14 06:36:14 +0000 2020","2","Sudah cek rekaman Diskusi Online BHACA di Channel YouTube Bung Hatta Award? Kami bahas berbagai permasalahan mulai dari kebijakan Covid-19 22 tahun reformasi new normal ekonomi pendidikan tinggi hingga influencer. https://t.co/0BIb3KRzkn","1305394910208520193","","","in","Jakarta, Indonesia","0","0","0","https://twitter.com/BungHattaAward/status/1305394910208520193","2397265447","BungHattaAward"
"1305394620851912704","Mon Sep 14 06:35:05 +0000 2020","3","/UNY disini ada kakak tingkat jurusan kebijakan pendidikan yang bersedia aku tanya-tanya. Di Rep yaa kaa. Terima kasihh","1305394620851912704","","","in","","0","2","0","https://twitter.com/UNYmfs/status/1305394620851912704","3105990024","UNYmfs"
"1305385794752839682","Mon Sep 14 06:00:01 +0000 2020","0","IKUTI WEBINAR LEADER TALK INEWS Tema: Kebijakan Pendidikan Papua di Tengah Pandemi Kamis 17 September 2020 Pukul 13.30-15.30 WIB Register : https://t.co/yPG7RwoTtU Live juga di: Youtube Official iNews Youtube iNews Portal Website https://t.co/lKgvjvgSEc #iNews #Webinar https://t.co/PEApqKkWJd","1305385794752839682","https://pbs.twimg.com/media/Eh1672GVgAI9a40.jpg","","in","Jakarta","0","0","0","https://twitter.com/MNCSportstars/status/1305385794752839682","2916393212","MNCSportstars"
"1305349147050913792","Mon Sep 14 03:34:23 +0000 2020","0","Halo #sobatlldikti3 Salam Mahasiswa! Mimin sampaikan dalam rangka mengimplementasikan Kebijakan Kampus Merdeka maka dengan ini Direktorat Jenderal Pendidikan Tinggi @ditjendikti secara resmi telah melakukan peluncuran Logo dan Kuliah Umum Kebijakan Kampus Merdeka. https://t.co/rdzksqkyto","1305349147050913792","https://pbs.twimg.com/media/Eh2IIMEU4AEzkey.jpg","","in","Jakarta Timur, DKI Jakarta","0","1","0","https://twitter.com/lldikti3/status/1305349147050913792","1082480504983543808","lldikti3"
"1305320102791766016","Mon Sep 14 01:38:58 +0000 2020","15","Dalam buku politik kebijakan pengembangan kurikulum di Indonesia (2019:4). Definisi Kurikulum sebagaimana tercantum dalam Undang-Undang Sistem Pendidikan Nasional No. 20 Tahun 2003 yang berbunyi bahwa (cont..) @AmrilmuhammadMp #AmrilMuhammad_UNJ","1305320102791766016","","","in","","1","4","32","https://twitter.com/afifahdmynt/status/1305320102791766016","1275945430967136256","afifahdmynt"
"1305301949533675520","Mon Sep 14 00:26:50 +0000 2020","1","IKUTI WEBINAR LEADER TALK INEWS Tema: Kebijakan Pendidikan Papua di Tengah Pandemi Kamis 17 September 2020 Pukul 13.30-15.30 WIB Register : https://t.co/pWSpH4Fd6t Live juga di: Youtube Official iNews Youtube iNews Portal Website https://t.co/IwG7dg5zfW #iNews #Webinar https://t.co/XWdtRTCL2w","1305301949533675520","https://pbs.twimg.com/media/Eh1dLmUVgAE8xbu.jpg","","in","iNews Tower Jakarta","0","1","2","https://twitter.com/SeputariNews/status/1305301949533675520","375995332","SeputariNews"
"1305257227297619968","Sun Sep 13 21:29:08 +0000 2020","0","Ayo ikuti bersama bapak Walikota Jayapura.... . . Kebijakan Pendidikan Papua di tengah Pandemi.... https://t.co/QgqXWzrGDm","1305257227297619968","","","in","kota jayapura","0","0","0","https://twitter.com/EkrafJ/status/1305257227297619968","1104587431599267841","EkrafJ"
"1305112367110320130","Sun Sep 13 11:53:30 +0000 2020","11","[Tips Belajar Selama Dirumah Aja ] Haii Teman teman... Dimasa Pandemi Covid-19 Seperti saat ini Pemerintah Menetapkan Kebijakan dalam Dunia Pendidikan yakni Mengharuskan para Siswa dan Mahasiswa untuk melaksanakan Pembelajaran di Rumah. #KUKERTADaringUINBanten2020 https://t.co/zvUJQAKrEq","1305112367110320130","https://pbs.twimg.com/media/EhywfjjUMAIE0Mw.jpg","","in","","0","0","0","https://twitter.com/RidhanSyahdani1/status/1305112367110320130","1298793277982875652","RidhanSyahdani1"
"1305109340324466691","Sun Sep 13 11:41:29 +0000 2020","0","IKUTI WEBINAR LEADER TALK INEWS Tema: Kebijakan Pendidikan Papua di Tengah Pandemi Kamis 17 September 2020 Pukul 13.30-15.30 WIB Sertifikat : Prisil - 081247887484 Register : https://t.co/kR4XVJlR1l #webinar #leadertalk #inewsid #inewstv #inews #news #event #live #seminar https://t.co/RGdRVJ1lpe","1305109340324466691","https://pbs.twimg.com/media/Ehyt7KoVgAEIOt1.jpg","","in","Jakarta, Indonesia","0","0","0","https://twitter.com/inewsdotid/status/1305109340324466691","944180887171743745","inewsdotid"
"1305109307868901376","Sun Sep 13 11:41:21 +0000 2020","0","Memang yg memberikan kebijakan soal pendidikan spt dana Bos itu ranah mentri agama ya? Trus mentri pendidikan apa ya tugasnya?","1305109307868901376","","","in","","0","0","0","https://twitter.com/koboyngalam/status/1305109307868901376","1296283197005688837","koboyngalam"
"1305070641645641728","Sun Sep 13 09:07:42 +0000 2020","2","Kebijakan bantuan kuota data yg akan disalurkan oleh pemerintah bagi para peserta didik dan pendidik di seluruh tingkatan pendidikan di Indonesia @Telkomsel menyatakan siap mendukung dg memastikan dukungan ketersediaan produk dan layanan yang sesuai kebutuhan. https://t.co/uWVLLqNIYm","1305070641645641728","https://pbs.twimg.com/media/EhyK1QSUwAEY2kh.jpg","","in","","0","0","0","https://twitter.com/Arsikamadja/status/1305070641645641728","1269326549855035392","Arsikamadja"
"1304960414199865346","Sun Sep 13 01:49:42 +0000 2020","0","Pendidikan vs kesehatan&amp;ekonomi. Yg atas bikin kebijakan ini itu..yg bawah kalang kabut jungkir balik dibuatnya. Semoga di t4 mu tdk demikian ","1304960414199865346","","","in","Semarang city","0","0","0","https://twitter.com/Anset38978249/status/1304960414199865346","1268807114975133696","Anset38978249"
"1304772527588139012","Sat Sep 12 13:23:06 +0000 2020","0","1. Bikin opsi metode pembelajaran untuk mengakomodir kondisi yg berbeda tiap wilayah (fleksibilitas kebijakan). 2. Buat indikator/target pembelajaran yg terukur. 3. Adakan evaluasi periodik oleh otoritas pendidikan di tiap level. #kurikulumDiMasaPandemi","1304772527588139012","","","in","Sumedang-Jawa Barat-Indonesia","0","0","0","https://twitter.com/ermitriaji/status/1304772527588139012","225723957","ermitriaji"
"1304686300218318858","Sat Sep 12 07:40:28 +0000 2020","0","BEM KM UNP Gelar Diskusi Publik Kritik Kebijakan Menteri Pendidikan https://t.co/CLpNdHJc0T","1304686300218318858","","","in","Kota Padang, Sumatera Barat","0","0","0","https://twitter.com/DanilYohanda/status/1304686300218318858","971377506119897089","DanilYohanda"
"1304684889405403137","Sat Sep 12 07:34:52 +0000 2020","0","Makan siang beralaskan Pendidikan Berdebu Dampak Kebijakan Covid 19. Kapan berakhir yaa???? #pendidikanberdebu #makanberalasdebu #yukkmakansiang #gedungpendidikan https://t.co/mBggjIgJfy","1304684889405403137","https://pbs.twimg.com/media/Ehsr_bZVkAAB6ze.jpg","","in","","0","0","0","https://twitter.com/IksanKhalifi/status/1304684889405403137","1146929213343072257","IksanKhalifi"
"1304611091427676160","Sat Sep 12 02:41:37 +0000 2020","3","BEM KM UNP Mengadakan Diskusi Publik Membahas Simpang Siur dan Kejanggalan Kebijakan Pendidikan Indonesia https://t.co/jqBWqIxun1 #universitasnegeripadang #humasunp https://t.co/MwHYBDrBiE","1304611091427676160","https://pbs.twimg.com/media/Ehro3VsU8AEJPt-.jpg","","in","West Sumatra, Indonesia","0","0","0","https://twitter.com/HumasUnp/status/1304611091427676160","904943715965214722","HumasUnp"
"1304597357363822592","Sat Sep 12 01:47:02 +0000 2020","0","Malik Fadjar bukan hanya mahir mengelola rasa. Kualitasnya sebagai pendidik dan pemimpin pemerintahan yang menakhodai kebijakan pendidikan terbilang sangat hebat. #Opini #adadikompas https://t.co/XW3oZs1Igv","1304597357363822592","","","in","Palmerah, Jakarta","0","0","0","https://twitter.com/hariankompas/status/1304597357363822592","255866913","hariankompas"
"1304596208682295297","Sat Sep 12 01:42:29 +0000 2020","0","bukannya gimana-gimana kebijakannya ko menyusahkan itu bukan kebijakan namun keputusan sektor pendidikan sama sekali ga diurus padahal masa depan ada di pendidikan berasa pengin masuk dunia politik biar bisa bikin keputusan semaunya sendiri","1304596208682295297","","","in","Sokaraja, Indonesia","0","0","0","https://twitter.com/arifinnur451/status/1304596208682295297","3111766578","arifinnur451"
"1304445407464833024","Fri Sep 11 15:43:15 +0000 2020","2","Tak diketahui oleh siapapun sampai kapan fase ini akan berakhir. Yang jelas pada fase seperti ini beberapa hal penting perlu diperhatikan salah satunya adalah pendidikan. Adil dalam hal apapun. Membuat kebijakan yang objektif untuk seluruh mahasiswa. #kemenkesRI #kemenkesgagap https://t.co/pPnhJ7DlcH","1304445407464833024","https://pbs.twimg.com/ext_tw_video_thumb/1304445345062027264/pu/img/nKkXZIPGDNPUyNt3.jpg","","in","","0","0","0","https://twitter.com/Samnahk1/status/1304445407464833024","1304402371443744769","Samnahk1"
"1304424692007067649","Fri Sep 11 14:20:56 +0000 2020","0","Nah.. RT @Fahrihamzah: Pak @nadiemmakarim yth Dariada sampeyan sibuk beli gadget dan pulsa mendingan wajibkan semua TV untuk menyiarkan scara pendidikan sampai 50%. Layar tv sdh ada di rumah penduduk tapi siarannya alamakkkk! Ayolah cerdas dikit napa bikin kebijakan. @jokowi","1304424692007067649","","","in","di bangku pemain cadangan","0","0","0","https://twitter.com/ELHAK1M/status/1304424692007067649","73073901","ELHAK1M"
"1304420317721276417","Fri Sep 11 14:03:33 +0000 2020","0","Duta Kampus Sulsel Asal Maros Nur Anita: Kebijakan Daerah Butuh Ide Kreatif Pemuda: https://t.co/MFBNkGUDTk Maros Mahasiswi Pendidikan Bahasa dan Sastra Indonesia Universitas Muslim Maros (UMMA) Nur Anita berhasil menyabet juara tiga ajang https://t.co/0bdterwN1M https://t.co/9zOSmHyO96","1304420317721276417","https://pbs.twimg.com/media/Eho7Xc4VoAAeBsh.jpg","","in","Kota Makassar","0","0","0","https://twitter.com/matakitaco/status/1304420317721276417","836093616363716608","matakitaco"
"1304400220629774338","Fri Sep 11 12:43:41 +0000 2020","0","Kirain hashtag kemenkes yang trending saat ini bahas soal kebijakan pandemi ternyata biaya pendidikan.","1304400220629774338","","","in","Kutai Kartanegara","0","0","0","https://twitter.com/Anantafit/status/1304400220629774338","119033045","Anantafit"
"1304397297342529537","Fri Sep 11 12:32:04 +0000 2020","3","Mendikbud Sebut Pandemi Peluang Ciptakan Perubahan Fundamental di Bidang Pendidikan: Mendikbud mengatakan pihaknya sedang berusaha menyusun kebijakan terbaik untuk memastikan pembelajaran tetap berjalan. Salah satunya menerapkan pembelajaran jarak jauh https://t.co/3xvyBb60G3","1304397297342529537","","","in","Indonesia","0","1","0","https://twitter.com/merdekadotcom/status/1304397297342529537","456426648","merdekadotcom"
"1304391274942717955","Fri Sep 11 12:08:09 +0000 2020","2","Kebijakan PP No. 64 itu terkait biaya wisuda yang tidak disesuaikan dengan kondisi pandemi. Sebenarnya anggaran pendidikan kemana? @KemenkesRI #kemenkesgagap #daruratpendidikankesehatanindonesia #Poltekkesanaktirikemenkes","1304391274942717955","","","in","Kota Mataram, Nusa Tenggara Ba","0","0","0","https://twitter.com/endahptrs/status/1304391274942717955","1071018850164961280","endahptrs"
"1304382276365504512","Fri Sep 11 11:32:23 +0000 2020","108","Kebijakan PP No. 64 itu terkait biaya wisuda yang tidak disesuaikan dengan kondisi pandemi. Sebenarnya anggaran pendidikan kemana? @KemenkesRI #kemenkesgagap #daruratpendidikankesehatanindonesia #Poltekkesanaktirikemenkes https://t.co/PfR8pWK1LC","1304382276365504512","https://pbs.twimg.com/media/EhoWpd7UwAA2u7g.jpg","","in","","1","0","37","https://twitter.com/yunitaapr__/status/1304382276365504512","3572227394","yunitaapr__"
"1304369861770924034","Fri Sep 11 10:43:03 +0000 2020","0","Nadiem: PJJ Bukanlah Kebijakan Kemendikbud tapi Metode agar Pendidikan Tetap Hadir https://t.co/JHimNyppD6","1304369861770924034","","","in","Indonesia","0","5","0","https://twitter.com/pikiran_rakyat/status/1304369861770924034","58880688","pikiran_rakyat"
"1304291007773552640","Fri Sep 11 05:29:43 +0000 2020","0","Fahri Hamzah Kritisi Kebijakan Nadiem Makarim Beri Pulsa Gratis Usul Siaran Pendidikan di Semua TV https://t.co/zBHzkO5JbB","1304291007773552640","","","in","Indonesia","2","1","1","https://twitter.com/tribunnews/status/1304291007773552640","124171593","tribunnews"
"1304249207323320323","Fri Sep 11 02:43:37 +0000 2020","4","Halo Sahabat Merah Putih! Mendukung kebijakan Kampus Merdeka #UntagSurabayaKeren membuka program Permata Sakti. Program ini didukung oleh Kementerian Pendidikan dan Kebudayaan RI. Mahasiswa terpilih akan mendapatkan bantuan biaya paket internet dan biaya kegiatan. https://t.co/P8yZLztzxz","1304249207323320323","https://pbs.twimg.com/media/EhmfmRhWsAA2wdv.jpg","","in","Jl. Semolowaru No. 45 Surabaya","0","1","0","https://twitter.com/UntagSurabaya/status/1304249207323320323","1489461356","UntagSurabaya"
"1304116429889744897","Thu Sep 10 17:56:00 +0000 2020","0"," Daripada sampeyan sibuk beli gadget dan pulsa mendingan wajibkan semua tv untuk menyiarkan acara pendidikan sampai 50%. Layar TV sudah ada di rumah penduduk tapi siarannya alamaakkk! Ayolah cerdas dikit napa bikin kebijakan. Kritik Fahri Hamzah #fahrihamzah #nadiemmakarim https://t.co/eGEy77P2xi","1304116429889744897","https://pbs.twimg.com/media/Ehkm-xOWAAUU9Ex.jpg","","in","","0","1","0","https://twitter.com/ngepopintar/status/1304116429889744897","1225642728219758592","ngepopintar"
"1304068602916556800","Thu Sep 10 14:45:58 +0000 2020","2","Aku setuju bgt. Bukan cuma murid yg stress guru jg stress tiap hari outer otak cara ngajar biar anak2 gk bosen. Sejauh ini ekonomi mulu yg diurusin. Tapi gk ada perubahan kebijakan significant untuk masalah pendidikan. Apa mentrinya kita suruh balik ngojol ajanih?","1304068602916556800","","","in","","0","0","2","https://twitter.com/sazhimi_/status/1304068602916556800","1178778540","sazhimi_"
"1304031088789000192","Thu Sep 10 12:16:53 +0000 2020","8","#OtsusTerbuktiMajukanPapua Jangan salah yaa...Otsus diberikan bukan u/ 'menyogok' orang Papua agar tidak minta merdeka. Otsus adlh kebijakan Pemerintah u/ membangun n mensejahterkan Papua agar juga bisa dlm hal pendidikan kesehatan dll demi Masa Depan Papua yg lebih baik. https://t.co/p4RnWHqDIF","1304031088789000192","https://pbs.twimg.com/media/EhjZWbwVgAElelK.jpg","","in","Blossomville 🌹","0","13","5","https://twitter.com/Widyarenee/status/1304031088789000192","91103761","Widyarenee"
"1304015177818365953","Thu Sep 10 11:13:40 +0000 2020","1","Pak @nadiemmakarim yang terhormat Daripada sampeyan sibuk beli gadget dan pulsa mendingan wajibkan semua TV untuk menyiarkan acara pendidikan sampai 50%. Layar TV sudah ada di rumah penduduk tapi siarannya alamakkkk! Ayolah cerdas dikit napa bikin kebijakan.","1304015177818365953","","","in","","0","0","0","https://twitter.com/ViqqiRazaqtana/status/1304015177818365953","1276691008126767104","ViqqiRazaqtana"
"1303990439700131840","Thu Sep 10 09:35:22 +0000 2020","3","Padahal kampus dan Madrasah tempatku kerja udah menyiapkan pembelajaran tatap muka. Tapi melihat perkembangan Covid-19 di DKI sepertinya bakal gagal tatap muka. You know lah kebijakan pendidikan pusat selalu berimbas pada kita di daerah.","1303990439700131840","","","in","Lampung, Indonesia","0","1","0","https://twitter.com/Roufhanif1/status/1303990439700131840","944467554856181761","Roufhanif1"
"1303985529801695232","Thu Sep 10 09:15:51 +0000 2020","0","Perkenalkan nama saya Adilah Cahaya Putri prodi Kebijakan Pendidikan Belajar tanpa berfikir itu tidaklah berguna tapi berfikir tanpa belajar itu bahaya #PKKMBUNY2020 #RangkulRagamRasa #sulawesi2 #1001pesanuntukindonesia #satyakartanamakuunyalmamaterku #satyakartabersuara https://t.co/41okRTko6S","1303985529801695232","https://pbs.twimg.com/ext_tw_video_thumb/1303985453482143745/pu/img/NLQDxMpb_AEK5CkZ.jpg","","in","","0","0","0","https://twitter.com/AdilaPu17596450/status/1303985529801695232","1303124149703864320","AdilaPu17596450"
"1303983652326391808","Thu Sep 10 09:08:24 +0000 2020","0","Nampak jelas bahwa kebijakan PJJ selama beberapa bulan ini tidak efektif dan bukti potret pendidikan yang paradoks. Ketidakmampuan ini bermuara pada efek turunan dari kinerja pemerintah yang dikendalikan oleh sistem kapitalisme. Read more...","1303983652326391808","","","in","","0","0","0","https://twitter.com/FitriaZfch/status/1303983652326391808","1106868582955118592","FitriaZfch"
"1303981680596717571","Thu Sep 10 09:00:34 +0000 2020","2","Assalamu'alaikum wrb... Merdeka. Kata merdeka merupakan harapan dan cita-cita seluruh mahasiswa unsika yang hari ini masih terjajah oleh kebijakan. Kemajuan kampus penting tapi jangan sampai ada sebagian yang menangis karena tidak bisa mengikuti pendidikan. #UNSIKAKENAPASIH","1303981680596717571","","","in","Subang","0","1","1","https://twitter.com/AreyKautsarPS/status/1303981680596717571","287980604","AreyKautsarPS"
"1303976269302755328","Thu Sep 10 08:39:03 +0000 2020","0","Hidup Mahasiswa! Saya Ekananda Pinkania K Prodi Kebijakan Pendidikan Fakultas Ilmu Pendidikan Jadilah Mahasiswa pembawa perubahan bagi bangsa Indonesia. #PKKMBUNY2020 #rangkulragamrasa #gugusmadura6 #1001pesanuntukindonesia #satyakartanamakuunyalmamaterku #satyakartabersuara https://t.co/w7KyGf7Tlt","1303976269302755328","https://pbs.twimg.com/ext_tw_video_thumb/1303975932881895424/pu/img/xazlD3Jx8l4MZeH6.jpg","","in","","0","0","0","https://twitter.com/ekanandaap/status/1303976269302755328","1303909040909479936","ekanandaap"
"1303970024189648897","Thu Sep 10 08:14:15 +0000 2020","0","Terkadang masyarakat juga salah memprioritaskan hal-hal yang dianggap penting. Semisal pernikahan dini lebih diutamakan ketimbang memiliki pendidikan tinggi. Namun hal diatas bisa jadi diikutsertakan sebagai salah satu efek snowball dari kebijakan pemerintah dibawah.","1303970024189648897","","","in","Indonesia","0","0","0","https://twitter.com/chlodovechus__/status/1303970024189648897","1294671486695874560","chlodovechus__"
"1303968560583114752","Thu Sep 10 08:08:26 +0000 2020","3"," HIDUP MAHASISWA Saya Galang Riko Wikan mahasiswa Universitas Negeri Yogyakarta prodi Kebijakan Pendidikan Fakultas Ilmu Pendidikan #RangkulRagamRasa #PKKMBUNY2020 #Bali5 #1001pesanuntukindonesia #satyakartanamakuunyalmamaterku #satyakartabersuara https://t.co/JdzwXpZlFh","1303968560583114752","https://pbs.twimg.com/ext_tw_video_thumb/1303965447146991616/pu/img/XAHrC5Ew6Yi_dXjV.jpg","","in","","0","0","0","https://twitter.com/OkelahBiasa/status/1303968560583114752","1199538661986947074","OkelahBiasa"
"1303949211759640576","Thu Sep 10 06:51:32 +0000 2020","5","Kritisi Kebijakan Mendikbud Fahri Hamzah Minta Nadiem Wajibkan TV Tayangkan Acara Pendidikan https://t.co/aPjaqBo87L","1303949211759640576","","","in","Indonesia","0","1","1","https://twitter.com/pikiran_rakyat/status/1303949211759640576","58880688","pikiran_rakyat"
"1303920120842993664","Thu Sep 10 04:55:57 +0000 2020","0","Kritik Kebijakan Nadiem Fahri:Cerdas Dikit Mending Wajibkan TV Siarkan Acara Pendidikan. #Peristiwa #NadiemMakarim #FahriHamzah #KuotaInternet https://t.co/hI3LznWHJf","1303920120842993664","","","in","Jakarta Capital Region, Indone","0","0","0","https://twitter.com/netralnews/status/1303920120842993664","4897217173","netralnews"
"1303892739214307328","Thu Sep 10 03:07:08 +0000 2020","0","Minta+Nadiem+Makarim+Lebih+Cerdas+Bikin+Kebijakan%2C+Fahri+Hamzah%3A+Wajibkan+Semua+TV+Siarkan+Acara+Pendidikan https://t.co/KwlErxGkeL","1303892739214307328","","","in","","0","0","0","https://twitter.com/KartikaSilsilia/status/1303892739214307328","1274647145157505024","KartikaSilsilia"
"1303887017068044288","Thu Sep 10 02:44:24 +0000 2020","0","Pendidikan memerlukan seni dlm menutup segala keburukan. Jgn mempermalukan seseorg krn akan dpt menghancurkan hidupnya &amp; tmbh terperosok lebih dlm. Memaafkan mengampuni adlh sesuatu kebijakan yg mulia https://t.co/ipVRvVAQxt","1303887017068044288","https://pbs.twimg.com/media/EhhWQdKVgAAJ1C7.jpg","","in","Pati, Indonesia","0","1","0","https://twitter.com/anis_nuranissa/status/1303887017068044288","1172876103184084993","anis_nuranissa"
"1303851342985752576","Thu Sep 10 00:22:39 +0000 2020","8743","Pak @nadiemmakarim yth Dariada sampeyan sibuk beli gadget dan pulsa mendingan wajibkan semua TV untuk menyiarkan scara pendidikan sampai 50%. Layar tv sdh ada di rumah penduduk tapi siarannya alamakkkk! Ayolah cerdas dikit napa bikin kebijakan. @jokowi","1303851342985752576","","","in","Jakarta","326","697","2895","https://twitter.com/Fahrihamzah/status/1303851342985752576","120968478","Fahrihamzah"
"1303733191014899717","Wed Sep 09 16:33:09 +0000 2020","2"," Transformasi pendidikan tinggi saat ini tengah dilakukan dalam rangka implementasi kebijakan Kampus Merdeka https://t.co/Z67JujIs9n","1303733191014899717","","","in","Jakarta - Indonesia","0","0","1","https://twitter.com/mediaindonesia/status/1303733191014899717","68930552","mediaindonesia"
"1303659481348427776","Wed Sep 09 11:40:15 +0000 2020","0","Rencana Pemerintah melalui Kementerian Pendidikan dan Kebudayaan (Kemendikbud) dalam memberikan bantuan pulsa pada guru dan siswa dinilai positif oleh beberapa kalangan. Kebijakan tersebut dinilai dapat memberikan https://t.co/5uOpd8RNbP","1303659481348427776","","","in","","0","0","0","https://twitter.com/PolitikLingkar/status/1303659481348427776","1069401364067868673","PolitikLingkar"
"1303657594968367104","Wed Sep 09 11:32:46 +0000 2020","0","Rencana Pemerintah melalui Kementerian Pendidikan dan Kebudayaan (Kemendikbud) dalam memberikan bantuan pulsa pada guru dan siswa dinilai positif oleh beberapa kalangan. Kebijakan tersebut dinilai dapat memberikan berdampak positif bagi siswa https://t.co/Skwq4mRNO5","1303657594968367104","https://pbs.twimg.com/media/EheFqbLUYAASi33.jpg","","in","","0","0","0","https://twitter.com/JayaKatwang15/status/1303657594968367104","1068502647873753089","JayaKatwang15"
"1303657525246476288","Wed Sep 09 11:32:29 +0000 2020","0","Rencana Pemerintah melalui Kementerian Pendidikan dan Kebudayaan (Kemendikbud) dalam memberikan bantuan pulsa pada guru dan siswa dinilai positif oleh beberapa kalangan. Kebijakan tersebut dinilai dapat memberikan berdampak positif bagi siswa https://t.co/VpKGKpEUlB","1303657525246476288","https://pbs.twimg.com/media/EheFlDtUMAMX3wx.jpg","","in","","0","0","0","https://twitter.com/JayaKatwang15/status/1303657525246476288","1068502647873753089","JayaKatwang15"
"1303657150753828865","Wed Sep 09 11:31:00 +0000 2020","0","Rencana Pemerintah melalui Kementerian Pendidikan dan Kebudayaan (Kemendikbud) dalam memberikan bantuan pulsa pada guru dan siswa dinilai positif oleh beberapa kalangan. Kebijakan tersebut dinilai dapat memberikan berdampak positif bagi siswa https://t.co/SDolQO5oaH","1303657150753828865","https://pbs.twimg.com/media/EheFQxfUwAE6pwW.jpg","","in","","0","0","0","https://twitter.com/JayaKatwang15/status/1303657150753828865","1068502647873753089","JayaKatwang15"
"1303657112770195456","Wed Sep 09 11:30:51 +0000 2020","0","Rencana Pemerintah melalui Kementerian Pendidikan dan Kebudayaan (Kemendikbud) dalam memberikan bantuan pulsa pada guru dan siswa dinilai positif oleh beberapa kalangan. Kebijakan tersebut dinilai dapat memberikan berdampak positif bagi siswa https://t.co/fKLmIqKTkc","1303657112770195456","https://pbs.twimg.com/media/EheFOmmU4AEkmzn.jpg","","in","","0","0","0","https://twitter.com/JayaKatwang15/status/1303657112770195456","1068502647873753089","JayaKatwang15"
"1303657026564706304","Wed Sep 09 11:30:30 +0000 2020","0","Rencana Pemerintah melalui Kementerian Pendidikan dan Kebudayaan (Kemendikbud) dalam memberikan bantuan pulsa pada guru dan siswa dinilai positif oleh beberapa kalangan. Kebijakan tersebut dinilai dapat memberikan berdampak positif bagi siswa https://t.co/HtB4EZEsHi","1303657026564706304","https://pbs.twimg.com/media/EheFD1eUYAAXgmN.jpg","","in","","0","0","0","https://twitter.com/JayaKatwang15/status/1303657026564706304","1068502647873753089","JayaKatwang15"
"1303610100456648705","Wed Sep 09 08:24:02 +0000 2020","1","Keluhan ini ada dasarnya mengenai kurikulum kita sekarang. Akan tetapi pemerataan menjadi salah satu pertimbangan seluruh kebijakan 1. Misalnya Pendidikan di Negri berbeda dengan Swasta 2. Kemampuan ekonomi yang menjadi acuan dalam perkuliahan di swasta","1303610100456648705","","","in","DKI Jakarta, Indonesia","0","0","0","https://twitter.com/chardo_edicha/status/1303610100456648705","855613444162179072","chardo_edicha"
"1303608932082937856","Wed Sep 09 08:19:23 +0000 2020","1","Dengan ketentuan yang terkait adapun kebijakan tertuang pada skema pendidikan nasional yang semestinya aturan tersebut tidak menyimpang pada penggunaan aturan tambahan mengenai kebijakan PTS dan PTN dari pemerintah","1303608932082937856","","","in","DKI Jakarta, Indonesia","0","0","0","https://twitter.com/chardo_edicha/status/1303608932082937856","855613444162179072","chardo_edicha"
"1303579798984208384","Wed Sep 09 06:23:38 +0000 2020","0","menteri pendidikan udh pusing ngurusin kebijakan baru kurikulum baru. menteri keuangan udh berusaha yg terbaik buat alokasi dana untuk penanggulangan covid. masih nungguin kebijakan dari menteri kesehatan semoga tes swab perorangan turun tidak seperti skrg (diatas 1.3jt)...","1303579798984208384","","","in","","0","1","0","https://twitter.com/vrentfe/status/1303579798984208384","110649649","vrentfe"
"1303326001070444555","Tue Sep 08 13:35:07 +0000 2020","3","[HASIL SURVEI KAMPUS MERDEKA] Telah dilaksanakan survei kampus merdeka dengan periode survei 18 Juli - 4 Juni 2020. Survei tersebut dilaksanakan untuk mengetahui pengetahuan mahasiswa mengenai kebijakan baru dari Menteri Pendidikan dan Kebudayaan Nadiem Makarim. https://t.co/KHY41Qhws9","1303326001070444555","https://pbs.twimg.com/media/EhZYDsbU0AAN5yC.jpg","","in","Gd. Sekertariat BEM - DEMA","0","1","1","https://twitter.com/BEMUNS/status/1303326001070444555","760955376","BEMUNS"
"1303302099636113411","Tue Sep 08 12:00:09 +0000 2020","56","Kebijakan dan program otsus untuk Papua cukup berhasil baik pada sektor pendidikan kesehatan maupun pembangunan infrastruktur. https://t.co/7rQl5BGUX1 Kekurangan pemerintah hanya kurang mngekspos ke media sehingga tidak banyak diketahui masyarakat. #OtsusBuktiIndonesiaPeduli","1303302099636113411","","","in","twitter.com","1","17","21","https://twitter.com/mulanbilqis/status/1303302099636113411","1138727688","mulanbilqis"
"1303183130992365568","Tue Sep 08 04:07:25 +0000 2020","9","Aksi lanjutan #kalijagamenggugat yang masih menuntut pencabutan Sk DPI (Dana pengembangan institusi) kebijakan yang di curigai menjadi pintu lain komersialisasi Pendidikan. https://t.co/q5ZG9f3YN0","1303183130992365568","https://pbs.twimg.com/media/EhXWHZqUwAE5n2L.jpg","","in","Bekasi, Jawa Barat","0","0","2","https://twitter.com/suhaendiF/status/1303183130992365568","755365040299974657","suhaendiF"
"1303111760900055040","Mon Sep 07 23:23:49 +0000 2020","0","Perdana Menteri India @narendramodi memberikan pidato di Konferensi Gubernur tentang Kebijakan Pendidikan Nasional 2020. #NewEducationPolicy Selengkapnya: ⤵️","1303111760900055040","","","in","Denpasar, Bali (Indonesia)","0","0","0","https://twitter.com/cgibali/status/1303111760900055040","1057089962","cgibali"
"1303110323046547457","Mon Sep 07 23:18:06 +0000 2020","0","1. Supaya guru TK - KB bisa fokus ke tugas utamanya : pendidikan karakter dan bersosialisasi 2. Supaya masyarakat tdk beranggapan bhw tujuan utama ke TK KB adlh untuk baca tulis 3. Menghormati dan menaati kebijakan Kemendikbud yg melarang pengajaran baca tulis di TK- KB #ahe https://t.co/ORznJ2P4KL","1303110323046547457","https://pbs.twimg.com/media/EhWT7RPU8AAVETI.jpg","","in","","0","0","0","https://twitter.com/rinapuspita86/status/1303110323046547457","469040000","rinapuspita86"
"1302961182148444162","Mon Sep 07 13:25:28 +0000 2020","2","Innalillahi wainnailaihi raji un..Allahummaghfirlahu...semoga husnul khotimah Prof A. Malik Fadjar Foto kenangan saat mengajar SDM dan kebijakan sistem pendidikan #muhammadiyah #malikfadjar https://t.co/DQbSWiKsjU","1302961182148444162","https://pbs.twimg.com/media/EhUMSUoVoAU_-xd.jpg","","in","","0","0","0","https://twitter.com/agusdwik28/status/1302961182148444162","3006635196","agusdwik28"
"1302939521323917314","Mon Sep 07 11:59:23 +0000 2020","0","Dari jaman Gue masih bocah sampai Gue jambangan kayak sekarang masih aja gonta ganti mulu sistem pendidikan kita. Ya nggak masalah sih kalau tujuannya bagus cuma kan nggak efektif Bro. Masa tiap ganti menteri ganti kebijakan ganti buku ganti ini itu. https://t.co/CWpwNUOOid","1302939521323917314","https://pbs.twimg.com/media/EhT3zX7UMAEFkDD.jpg","","in","","0","1","0","https://twitter.com/BuruhTajir/status/1302939521323917314","1230728436173291520","BuruhTajir"
"1302912100625383425","Mon Sep 07 10:10:26 +0000 2020","0","Jujur gue pusing banget sama sistem pendidikan di negara ini karena dikit-dikit berubah kurikulumnya. Itu di sebabkan karena sering ganti mentri dan pastinya ganti kebijakan juga. Nah tapi untungnya ada RUU Cipta kerja yang menjadi solusinya Guys. https://t.co/iN9Fwgwuy3","1302912100625383425","https://pbs.twimg.com/media/EhTfYgAUcAAtFtv.jpg","","in","","0","0","0","https://twitter.com/budaksalary/status/1302912100625383425","1234337292019363840","budaksalary"
"1302911199437189120","Mon Sep 07 10:06:51 +0000 2020","1","Pendidikan memang hal penting buat kita karena bisa membentuk masyarakat jadi lebih baik dari segi pengetahuan. Sayangnya kebijakan pendidikan sering ganti-ganti terus. Masyarakat bukannya terbantu malah jadi ribet kalo gitu. https://t.co/Dso6OCA8Yd","1302911199437189120","https://pbs.twimg.com/media/EhTe1JhVgAE_qpC.jpg","","in","","0","1","0","https://twitter.com/PemburuKerja/status/1302911199437189120","159017552","PemburuKerja"
"1302907599835164672","Mon Sep 07 09:52:33 +0000 2020","2","Pas msh Umur 18 pernah ngasih Tahu ke tmn yg msh SMP klo ujian msk perguruan tinggi itu namanya SBMPTN eh skg berubah namany ye jd UTBK stelah liat ini bru ngeh knp kebijakan pendidikan d negara kite sring berganti2 https://t.co/DkPUXbHkYs","1302907599835164672","https://pbs.twimg.com/media/EhTaWkqUMAA1C_w.jpg","","in","","0","0","0","https://twitter.com/tapalhero/status/1302907599835164672","1234363755451957248","tapalhero"
"1302902062863142912","Mon Sep 07 09:30:33 +0000 2020","3","Kebijakan Pendidikan Baru yang diluncurkan oleh Perdana Menteri minggu lalu akan meletakkan dasar India Baru abad ke-21.Ini akan memberi kaum muda kita pendidikan dan keterampilan yang mereka butuhkan.","1302902062863142912","","","in","Medan,  Indonesia","0","0","1","https://twitter.com/indiainmedan/status/1302902062863142912","3957930012","indiainmedan"
"1302900981785477123","Mon Sep 07 09:26:15 +0000 2020","3","Menyoroti Kebijakan Pendidikan Nasional yang baru Perdana Menteri Narendra Modi menyatakan bahwa pemuda India perlu mengembangkan pemikiran kritis dan inovatif.@kompascom @lampungpost @aceh_disbudpar @KOVERMAGZ @hariananalisa","1302900981785477123","","","in","Medan,  Indonesia","0","0","1","https://twitter.com/indiainmedan/status/1302900981785477123","3957930012","indiainmedan"
"1302900337821401089","Mon Sep 07 09:23:41 +0000 2020","2","Perdana Menteri India memberikan pidato di Konferensi Gubernur tentang Kebijakan Pendidikan Nasional 2020. #NewEducationPolicy","1302900337821401089","","","in","Gama Tower, Jakarta","0","0","0","https://twitter.com/IndianEmbJkt/status/1302900337821401089","1396623188","IndianEmbJkt"
"1302898559134478338","Mon Sep 07 09:16:37 +0000 2020","2","Perdana Menteri berbicara pada Konferensi Gubernur tentang Kebijakan Pendidikan Nasional 2020. Akankah Kebijakan Pendidikan Nasional menjadi pengubah permainan untuk pendidikan India? @kompascom @acehblogger @KOVERMAGZ @univ_andalas @UnimedOfficial","1302898559134478338","","","in","Medan,  Indonesia","0","0","0","https://twitter.com/indiainmedan/status/1302898559134478338","3957930012","indiainmedan"
"1302639426313449474","Sun Sep 06 16:06:55 +0000 2020","0","Pemerhati Pendidikan: Alokasi Anggaran Pendidikan Masih untuk Kebijakan Rutinitas https://t.co/xZ5GrFVxcp via @beritasatu","1302639426313449474","","","in","Jakarta - Indonesia","0","0","0","https://twitter.com/icharis/status/1302639426313449474","69492528","icharis"
"1302483587690684416","Sun Sep 06 05:47:40 +0000 2020","0","Saya menjual Kebijakan Pendidikan ... seharga Rp99.000. Dapatkan di Shopee sekarang! https://t.co/0pxjbQbrEO #ShopeeID https://t.co/F615BsTTRT","1302483587690684416","https://pbs.twimg.com/media/EhNZ64vVgAIP7qP.jpg","","in","Pesan Buku disini ⬇️⬇️ klik","0","0","0","https://twitter.com/vinividibook/status/1302483587690684416","1272504462385352711","vinividibook"
"1302373913511383041","Sat Sep 05 22:31:52 +0000 2020","26","Di dunia pendidikan ada adagium: ganti menteri ganti kebijakan . Nah nanti tidak akan semudah itu. Itulah salah satu sisi poaitif RUU Cipta Kerja bagi dunia pendidikan. https://t.co/Zv8KKFvQtz","1302373913511383041","","","in","Indonesia","0","0","2","https://twitter.com/narkosun/status/1302373913511383041","84221579","narkosun"
"1302095493418237952","Sat Sep 05 04:05:32 +0000 2020","1","Pemerhati Pendidikan: Alokasi Anggaran Pendidikan Masih untuk Kebijakan Rutinitas https://t.co/KY9iMEVDer via @beritasatu","1302095493418237952","","","in","Salemba","0","0","0","https://twitter.com/TamamHarahap/status/1302095493418237952","617051265","TamamHarahap"
"1302094186540273665","Sat Sep 05 04:00:20 +0000 2020","1","Pemerhati Pendidikan: Alokasi Anggaran Pendidikan Masih untuk Kebijakan Rutinitas https://t.co/g1bv3Pdajv https://t.co/PTTvjAI9XQ","1302094186540273665","https://pbs.twimg.com/media/EhH3wl0UwAEFsnZ.jpg","","in","Jakarta","0","0","0","https://twitter.com/Beritasatu/status/1302094186540273665","154102750","Beritasatu"
"1302077744377806848","Sat Sep 05 02:55:00 +0000 2020","0","Kebijakan bantuan pulsa yang diberikan pemerintah melalui Kementerian Pendidikan dan Kebudayaan (Kemendikbud) kepada pengajar &amp; peserta didik untuk keperluan pembelajaran jarak jauh (PJJ) dinilai positif. @Telkomsel dinilai layang menjalankan program ini https://t.co/dnQfqCBVxt","1302077744377806848","","","in","","0","1","0","https://twitter.com/BacotPerih/status/1302077744377806848","1245396080474206208","BacotPerih"
"1302077004821360640","Sat Sep 05 02:52:04 +0000 2020","0","Dr Ir Jamhadi MBA selaku Ketua Aliansi Pendidikan Vokasional Seluruh Indonesia (APVOKASI) Jawa Timur menjelaskan pergerakan ekonomi Kota Surabaya mulai melaju setelah dihantam oleh dampak kebijakan akibat pademi covid-19 https://t.co/0mApjfOrGl","1302077004821360640","","","in","Kota Surabaya, Jawa Timur","0","0","0","https://twitter.com/KabarDesaid/status/1302077004821360640","902018738702041088","KabarDesaid"
"1302048806905606144","Sat Sep 05 01:00:01 +0000 2020","4","Prinsip kebijakan pendidikan di masa Pandemi Covid-19 adlh mengutamakan kesehatan dan keselamatan peserta didik pendidik tenaga kependidikan dan masyrkt Non aktif nya prmbelajaran disekolah jgn smpi dimanfaatkan utk kampanye #TindakPelanggarAturanKPU https://t.co/Y7he5ou2f5","1302048806905606144","","","in","","0","1","3","https://twitter.com/DivaCatrii/status/1302048806905606144","1187174688612474881","DivaCatrii"
"1301875509387620352","Fri Sep 04 13:31:23 +0000 2020","0","Kebijakan sistem belajar dalam jaringan (Daring) memang bukan kebijakan populis dari Menteri Pendidikan dan Kebudayaan Nadiem Makarim karena pasti menimbulkan banyak pertentangan dan perdebatan. #headlinekaltim #nadiemmakarim https://t.co/KKrtQdBsF7","1301875509387620352","","","in","Kalimantan Timur","0","0","0","https://twitter.com/headlinekaltim/status/1301875509387620352","1289517565559992321","headlinekaltim"
"1301735937924165634","Fri Sep 04 04:16:47 +0000 2020","0","Sejak pandemi Covid-19 Kementerian Pendidikan dan Kebudayaan (Kemendikbud) telah melakukan penyesuaian kebijakan pendidikan. Salah satunya dengan menerapkan pembelajaran secara daring atau online. https://t.co/uOwR0Vl0OK https://t.co/g35ICbM1LG","1301735937924165634","https://pbs.twimg.com/media/EhCx0I0UMAEPMlK.jpg","","in","Sulawesi Selatan","0","0","0","https://twitter.com/sinjaikab/status/1301735937924165634","92208715","sinjaikab"
"1301726515734880257","Fri Sep 04 03:39:20 +0000 2020","0","Aku kira isinya ttg kesejahteraan yg menurun &amp; ekonomi yg anjlok. Ternyata lebih kpd kebijakan luar negeri Turki yg dianggap bakalan mengganggu kestabilan Timur tengah. Krn pendidikan yg terlalu agamis &amp; khayalan ttg kejayaan Ottoman yg secara visual terlalu berlebihan ","1301726515734880257","","","in","","0","1","0","https://twitter.com/existencesan/status/1301726515734880257","1189087336983715840","existencesan"
"1301552727344906241","Thu Sep 03 16:08:46 +0000 2020","4","Kebijakan bantuan pulsa yang diberikan pemerintah melalui Kementerian Pendidikan dan Kebudayaan (Kemendikbud) kepada pengajar dan peserta didik untuk keperluan pembelajaran jarak jauh (PJJ) dinilai positif. @Telkomsel https://t.co/9aaP7weWcd","1301552727344906241","","","in","Indonesia","0","0","0","https://twitter.com/GerBangNKRI/status/1301552727344906241","884688698272501760","GerBangNKRI"
"1301552446225833984","Thu Sep 03 16:07:39 +0000 2020","1","Kebijakan bantuan pulsa yang diberikan pemerintah melalui Kementerian Pendidikan dan Kebudayaan (Kemendikbud) kepada pengajar dan peserta didik untuk keperluan pembelajaran jarak jauh (PJJ) dinilai positif. @Telkomsel https://t.co/LJp4GrV0AB","1301552446225833984","","","in","Indonesia","0","0","0","https://twitter.com/GerBangNKRI/status/1301552446225833984","884688698272501760","GerBangNKRI"
"1301552218408062976","Thu Sep 03 16:06:45 +0000 2020","2","Kebijakan bantuan pulsa yang diberikan pemerintah melalui Kementerian Pendidikan dan Kebudayaan (Kemendikbud) kepada pengajar dan peserta didik untuk keperluan pembelajaran jarak jauh (PJJ) dinilai positif. @Telkomsel https://t.co/VGkxZ6x8Tx","1301552218408062976","","","in","Indonesia","0","0","1","https://twitter.com/GerBangNKRI/status/1301552218408062976","884688698272501760","GerBangNKRI"
"1301549479640719360","Thu Sep 03 15:55:52 +0000 2020","3","Kebijakan bantuan pulsa yang diberikan pemerintah melalui Kementerian Pendidikan dan Kebudayaan (Kemendikbud) kepada pengajar dan peserta didik untuk keperluan pembelajaran jarak jauh (PJJ) dinilai positif. @Telkomsel https://t.co/ddqryW37n6","1301549479640719360","","","in","Indonesia","0","1","0","https://twitter.com/GerBangNKRI/status/1301549479640719360","884688698272501760","GerBangNKRI"
"1301539688935645184","Thu Sep 03 15:16:57 +0000 2020","2","Kebijakan bantuan pulsa yang diberikan pemerintah melalui Kementerian Pendidikan dan Kebudayaan (@Kemdikbud_RI) kepada pengajar dan peserta didik untuk keperluan pembelajaran jarak jauh (PJJ) dinilai positif. @Telkomsel https://t.co/Jqa40uVB1S","1301539688935645184","https://pbs.twimg.com/media/Eg__cTfU8AIopTh.jpg","","in","Jakarta Capital Region, Indone","0","1","1","https://twitter.com/RcyberProj0/status/1301539688935645184","872175115793858561","RcyberProj0"
"1301513493821128712","Thu Sep 03 13:32:52 +0000 2020","1","Guru Besar Universitas Pendidikan Indonesia (UPI) Cecep Darmawan mengaku kebijakan ini patut diapresiasi. Namun ia menilai kebijakan itu belum mampu menyelesaikan permasalahan. https://t.co/BIYwUEkgL6","1301513493821128712","","","in","Jakarta - Indonesia","0","3","0","https://twitter.com/mediaindonesia/status/1301513493821128712","68930552","mediaindonesia"
"1301500556700131328","Thu Sep 03 12:41:28 +0000 2020","0","#DaruratPendidikanDanKepemimpinan Wajib Belajar Pendidikan Dasar 9th saja belum sukses sudah gonta ganti kebijakan &amp; kurikulum. Home schooling memperlebar jurang kesenjangan sosial pendidikan semakin nyata. Hoola yuuung biyung... Pendidikan bukan ajang uji coba &amp; main2 @DPR_RI !!","1301500556700131328","","","in","","0","1","0","https://twitter.com/BOCAH_LENGOOOB/status/1301500556700131328","1114332927142191104","BOCAH_LENGOOOB"
"1301488483568025600","Thu Sep 03 11:53:29 +0000 2020","7","Bakal Ada Kurikulum Baru Gensoed Udah Siap? Emang ada apaan sih? Jadi Kebijakan Merdeka Belajar Kampus Merdeka (MBKM) sing digulirkan oleh Kementerian Pendidikan dan Kebudayaan (Kemendikbud) bakal segera diterapkan di Unsoed. Selengkapnya: https://t.co/pom0GrKNA1 https://t.co/0cF8QknpN0","1301488483568025600","https://pbs.twimg.com/media/Eg_Q4MpUcAA9eDl.jpg","","in","Unsoed","0","0","1","https://twitter.com/BEM_Unsoed/status/1301488483568025600","297204645","BEM_Unsoed"
"1301471790028398592","Thu Sep 03 10:47:09 +0000 2020","0","Review Draft Pedoman dan Kebijakan Pemetaan Satuan Pendidikan berstandard Industri Kemdikbud Ditjen Vokasi Direktorat Kursus dan Pelatihan @ Luxton Hotel Cirebon 3-5 Sep 2020 https://t.co/CF0TsjIQGS","1301471790028398592","","","in","Cirebon, Jawa Barat, Indonesia","0","0","0","https://twitter.com/wlee_am/status/1301471790028398592","332148272","wlee_am"
"1301469743015014402","Thu Sep 03 10:39:01 +0000 2020","0","#KAMIBergerak Umur sederet titel jabatan &amp; kekuasaan bukanlah jaminan atau alat ukur untuk mengukur kebijakan &amp; kedewasaan. Umur hanyalah seberapa lama ia sudah hidup didunia. Titel hanya tanda bukti ia pernah belajar secara pendidikan formal yg dilegalitas. #Umur22 #ASTRO","1301469743015014402","","","in","","0","0","0","https://twitter.com/BOCAH_LENGOOOB/status/1301469743015014402","1114332927142191104","BOCAH_LENGOOOB"
"1301457616959279104","Thu Sep 03 09:50:50 +0000 2020","0","Kebijakan bantuan pulsa yang diberikan pemerintah melalui Kementerian Pendidikan dan Kebudayaan (Kemendikbud) kepada pengajar dan peserta didik untuk keperluan pembelajaran jarak jauh (PJJ) dinilai positif. Semoga kemendikbud bisa bermintra dg @Telkomsel https://t.co/aM5NhuHOfd","1301457616959279104","","","in","Bali, Indonesia","0","0","0","https://twitter.com/nafisahtanjung/status/1301457616959279104","859443145259364352","nafisahtanjung"
"1301454918197194752","Thu Sep 03 09:40:07 +0000 2020","0","Pengamat: RUU Ciptaker Bisa Beri Kepastian Kebijakan Pendidikan. Dalam RUU cuptaker pendidikan lebih ada kepastian dan Menteri tidak bisa semaunya dalam mengatur program studi seperti mengubah kurikulum pemberian izin serta pencabutan izin prodi. https://t.co/w58qQg4OPN","1301454918197194752","","","in","Di sini aja","0","0","0","https://twitter.com/mama_ciaa/status/1301454918197194752","203461546","mama_ciaa"
"1301400651457597440","Thu Sep 03 06:04:28 +0000 2020","0","Uwis pirang wulan Pembelajaran Daring lurr? Keperiwe Tanggapane? . BANJARNEGARA - Kebijakan pembelajaran daring dianggap solusi agar siswa tetap bisa mengakses pendidikan di tengah masa pandemi Covid 19. Tetapi di sisi lain kebijakan itu dikeluhkan sebagian orang https://t.co/599up1JtzS","1301400651457597440","https://pbs.twimg.com/media/Eg-A_wTXYAYC7t8.jpg","","in","Banjarnegara","0","0","0","https://twitter.com/BanjarnegaraT/status/1301400651457597440","1155611905349672960","BanjarnegaraT"
"1301393800238071814","Thu Sep 03 05:37:15 +0000 2020","0","Uwis pirang wulan Pembelajaran Daring lurr? Keperiwe Tanggapane? . BANJARNEGARA - Kebijakan pembelajaran daring dianggap solusi agar siswa tetap bisa mengakses pendidikan di tengah masa pandemi Covid 19. https://t.co/tDSdw5ZJ7Z","1301393800238071814","","","in","Banjarnegara","0","0","0","https://twitter.com/BanjarnegaraT/status/1301393800238071814","1155611905349672960","BanjarnegaraT"
"1301381136195567616","Thu Sep 03 04:46:56 +0000 2020","0","Pemkab Keluarkan Kebijakan Baru Pendidikan Selama Pandemi Covid-19 https://t.co/2ARebGx05Z https://t.co/1CMLMW4V9M","1301381136195567616","","","in","Jakarta","0","0","0","https://twitter.com/InfoPublikIP/status/1301381136195567616","275580050","InfoPublikIP"
"1301366597995515908","Thu Sep 03 03:49:09 +0000 2020","0","Pemkot Blitar Gandeng Dinas Pendidikan Bahas Kebijakan Pembelajaran Dimasa Covid-19 Pemerintah Kota Blitar bersama Dinas Pendidikan Kota Blitar mengikuti video conference rapat koordinasi kebijakan pembelajaran dimasa pandemi Covid-19. Selengkapnya: https://t.co/4wY0OBSjkO","1301366597995515908","","","in","","0","0","0","https://twitter.com/PemkotaBlitar/status/1301366597995515908","813536585819901952","PemkotaBlitar"
"1301342382294671362","Thu Sep 03 02:12:56 +0000 2020","1","Mendikbud RI: 2 Prinsip Kebijakan Pendidikan Masa Pandemi Covid-19 https://t.co/06XxGIz9Lh","1301342382294671362","","","in","pekanbaru","0","0","1","https://twitter.com/muhammadrokhim1/status/1301342382294671362","317631856","muhammadrokhim1"
"1301340258899054596","Thu Sep 03 02:04:30 +0000 2020","1","Kebijakan Menteri Pendidikan dan Kebudayaan Republik Indonesia bertajuk Kampus Merdeka membawa Itenas Bandung dan Universitas Kristen Maranatha untuk berkolaborasi yang tertuang dalam Memorandum Of Understanding https://t.co/AHL0KNfYJA","1301340258899054596","","","in","","0","0","0","https://twitter.com/itenas_official/status/1301340258899054596","852388532777697280","itenas_official"
"1301290557432451072","Wed Sep 02 22:47:00 +0000 2020","0","Menteri Pendidikan dan Kebudayaan Nadiem Makarim dan Menteri Dalam Negeri Tito Karnavian bersama Gubernur Bupati dan Wali Kota se-Indonesia menggelar Rapat Koordinasi terkait kebijakan pembelajaran di masa pandemi Covid-19. https://t.co/JNVIk2w7rF https://t.co/6jzmgjFgu8","1301290557432451072","https://pbs.twimg.com/media/Eg8chfDUYAAO8Ta.jpg","","in","Sulawesi Selatan","0","0","0","https://twitter.com/sinjaikab/status/1301290557432451072","92208715","sinjaikab"
"1301209869245198336","Wed Sep 02 17:26:22 +0000 2020","0"," Masyarakat kami telah terbantu di bidang kesehatan dan bidang pendidikan pungkas Marthen. Harapnya apabila Otsus dilanjutkan agar dibuat kebijakan baru dari pemerintah daerah sehingga manfaat Otsus dapat dirasakan secara maksinmal oleh masyarakat. https://t.co/CFADaZ0yqN https://t.co/JPjJAX9UCk","1301209869245198336","https://pbs.twimg.com/media/Eg7TZoyU8AEuGbu.jpg","","in","","0","0","0","https://twitter.com/adi_papua/status/1301209869245198336","1276446183003549696","adi_papua"
"1301184873428729856","Wed Sep 02 15:47:03 +0000 2020","0","Rakor Terkait Kebijakan Pembelajaran Di Masa Pandemi Covid-19 Oleh Kementrian Pendidikan Dan Kebudayaan Dengan Kepala Dinas Pendidikan Provinsi Walikota Dan Bupati Seluruh Indonesia. Di Ruang Rapat Bappeda Kota Palopo Rabu 02 September 2020. #humaskotapalopo #kemendagri https://t.co/TJUjyGUuPa","1301184873428729856","https://pbs.twimg.com/media/Eg68u7gVoAEmRn4.jpg","","in","Kota Palopo, Sulawesi Selatan","0","0","0","https://twitter.com/HumasPalopo/status/1301184873428729856","2243587789","HumasPalopo"
"1301162360892043264","Wed Sep 02 14:17:35 +0000 2020","0","Gubernur Sulteng Hadiri Rakor Kebijakan Pendidikan di Masa Covid https://t.co/V3bevBMkhl lewat @@infopenanews","1301162360892043264","","","in","East Palu, Indonesia","0","0","0","https://twitter.com/infopenanews/status/1301162360892043264","944845680408895488","infopenanews"
"1301150961944018944","Wed Sep 02 13:32:18 +0000 2020","0","Kebijakan bantuan pulsa yang diberikan pemerintah melalui Kementerian Pendidikan dan Kebudayaan kepada pengajar dan peserta didik untuk keperluan Pembelajaran Jarak Jauh (PJJ) dinilai positif. https://t.co/rro4zIoy4X","1301150961944018944","","","in","Bali, Indonesia","0","0","0","https://twitter.com/nafisahtanjung/status/1301150961944018944","859443145259364352","nafisahtanjung"
"1301121503744851969","Wed Sep 02 11:35:14 +0000 2020","81","Ujian Nasional dulunya mengalami kecurangan sistematis. UNBK berhasil mematahkan itu. Dua tahun setelah UNBK ada indikasi kualitas pendidikan meningkat. Ini contoh kesuksesan kebijakan dari @Kemdikbud_RI Fokus paper baru dari RISE Indonesia.","1301121503744851969","","","in","Chiyoda-ku, Tokyo","1","0","21","https://twitter.com/dsuryadarma/status/1301121503744851969","49830702","dsuryadarma"
"1301105455373135872","Wed Sep 02 10:31:28 +0000 2020","0","Video Conference Kebijakan Pembelajaran di masa Pandemi bersama Menteri Pendidikan Bapak nadiemmakarim di Ruang Kerja Walikota Blitar @ Blitar https://t.co/F8BhtaX7rC","1301105455373135872","","","in","Jl. A. Yani No.100, Blitar","0","0","0","https://twitter.com/dispendikktBlt/status/1301105455373135872","1201417319781584897","dispendikktBlt"
"1301051664258924544","Wed Sep 02 06:57:43 +0000 2020","0","Bupati Sukamara H. Windu Subagio bersama Kepala Dinas Pendidikan dan Kebudayaan mengikuti webinar serta rapat koordinasi Kebijakan Pembelajaran di masa Pandemi Covid-19 secara virtual. Webinar yang diprakarsai https://t.co/WJZikUb08n","1301051664258924544","","","in","Central Borneo, Indonesia","0","0","0","https://twitter.com/kominfosukamara/status/1301051664258924544","863966160689152003","kominfosukamara"
"1301039525674717184","Wed Sep 02 06:09:29 +0000 2020","1","PGRI mengapresiasi langkah pemerintah @Kemendikbud_RI @DJPPRkemenkeu @BappenasRI Komis X @DPR_RI terkait rencana pemberian subsidi pulsa kuota inet kpd siswa guru mahasiswa dosen. Suatu kebijakan tepat disaat pandemi menyelamatkan dunia pendidikan https://t.co/zIeVzeQzX6 #PGRI","1301039525674717184","","","in","","0","0","0","https://twitter.com/PBPGRI_OFFICIAL/status/1301039525674717184","2889429073","PBPGRI_OFFICIAL"
"1301033576637460480","Wed Sep 02 05:45:51 +0000 2020","0","Kebijakan bantuan pulsa yang diberikan pemerintah melalui Kementerian Pendidikan dan Kebudayaan (Kemendikbud) kepada pengajar dan peserta didik untuk keperluan pembelajaran jarak jauh (PJJ) dinilai positif.","1301033576637460480","","","in","","0","0","0","https://twitter.com/Adjieadjie10/status/1301033576637460480","1190958213748805632","Adjieadjie10"
"1301015703550525440","Wed Sep 02 04:34:50 +0000 2020","20","Kebijakan bantuan pulsa yang diberikan pemerintah melalui Kementerian Pendidikan dan Kebudayaan (Kemendikbud) kepada pengajar dan peserta didik untuk keperluan pembelajaran jarak jauh (PJJ) dinilai positif. @Telkomsel https://t.co/qgU6BgsmAW","1301015703550525440","","","in","Medan dan Jakarta, Indonesia","0","3","8","https://twitter.com/Paltiwest/status/1301015703550525440","214159664","Paltiwest"
"1300941273621127168","Tue Sep 01 23:39:04 +0000 2020","0","8) Dibentuknya Pusat Penguatan Karakter itu sesuai dengan amanat Presiden RI dan RPJMN 2020-2024 bahwa kebijakan Kemendikbud berfokus pada pendidikan karakter. #BangkitdariPandemi #75tahunmerdeka https://t.co/hfWBkxIEYi","1300941273621127168","https://pbs.twimg.com/media/Eg3fMVEWoAEkShc.jpg","","in","Jakarta, Indonesia","0","0","0","https://twitter.com/MNCkoranSINDO/status/1300941273621127168","509946051","MNCkoranSINDO"
"1300769121802493952","Tue Sep 01 12:15:00 +0000 2020","0","Sebagai tindak lanjut kebijakan bantuan kuota internet pemerintah mengarahkan agar kepala sekolah lekas memasukkan nomor layanan seluler siswa di sistem Data Pokok Pendidikan belum optimal. #Humaniora #AdadiKompas https://t.co/Zg5kIDr6hr","1300769121802493952","","","in","ÜT: 62.478419,21.330711","0","0","0","https://twitter.com/kompasmuda/status/1300769121802493952","79237556","kompasmuda"
"1300739231078178817","Tue Sep 01 10:16:13 +0000 2020","1","Meski sejumlah kebijakan dalam bentuk pengalokasian dana di sektor pendidikan sudah disepakati untuk membiayai kelancaran proses belajar di masa pandemi masih ada sejumlah kendala dasar Selengkapnya: https://t.co/DZTYVZbCGU #pendidikannasional #pandemic","1300739231078178817","","","in","Jakarta, Indonesia","0","0","1","https://twitter.com/Rerie_Moerdijat/status/1300739231078178817","951765198951481345","Rerie_Moerdijat"
"1300730660580065281","Tue Sep 01 09:42:10 +0000 2020","0","Mulan jameela jd anggota dpr pikiranmu lgsg melayang. Syarat jd anggota dpr tuh apa sih? Latar belakang pendidikan abu2. Pekerjaan sebelumnya jg dr dunia entertain. Aku yg belajar kebijakan publik selama kuliah ini merasa gak berguna. ","1300730660580065281","","","in","Indonesia - ID","0","0","0","https://twitter.com/lintunkmnl/status/1300730660580065281","226554466","lintunkmnl"
"1300729320923525120","Tue Sep 01 09:36:51 +0000 2020","0","Model pembelajaran dan pengajaran pendidikan budaya serta pendidikan karakter atau membangun karakter (character building) ini menjadi program penting yang telah terintegrasi dalam kebijakan penyelenggaraan pendidikan dasar menengah dan perguruan tinggi. (2)","1300729320923525120","","","in","Jl. Tambra Raya No. 23 Jaktim","0","0","0","https://twitter.com/Prenadamedia2/status/1300729320923525120","821897566442786818","Prenadamedia2"
"1300705271753383937","Tue Sep 01 08:01:17 +0000 2020","0","Mendikbud Nadiem Makarim sedikit mencurahkan hatinya mengenai posisi sulit dalam mengambil kebijakan pendidikan di tengah pandemi Covid-19. . Ia merasa apapun keputusan kebijakan pendidikan di masa pandemi Covid-19 https://t.co/DdFurre4cK","1300705271753383937","","","in","DKI JAKARTA","0","0","0","https://twitter.com/ezyedu_id/status/1300705271753383937","1235814057677996034","ezyedu_id"
"1300667013728092161","Tue Sep 01 05:29:15 +0000 2020","232","Minggu lalu diundang mas Nadiem Makarim utk diskusi pendidikan selama &amp; setelah covid. Target Kemendikbud: Mengembalikan anak ke sekolah SECEPATNYA terutama di zona hijau. Saya mengkritik kebijakan berbasis zona krn kualitas data yg tidak optimal https://t.co/kgjUip8Oxy","1300667013728092161","","","in","Jakarta, Jakarta","7","6","119","https://twitter.com/iimfahima/status/1300667013728092161","15440108","iimfahima"
"1300649008268939264","Tue Sep 01 04:17:43 +0000 2020","0","Saya turut berduka atas gugurnya para dokter dan nakes. Pandemi benar2 situasi krisis yg perlu kita sikapi bersama. Semoga ada kebijakan yg mempermudah akses pendidikan kedokteran yg berkelanjutan.","1300649008268939264","","","in","Sidoarjo, Indonesia","0","0","0","https://twitter.com/GukSueb/status/1300649008268939264","59463306","GukSueb"
"1300619194258526209","Tue Sep 01 02:19:14 +0000 2020","2","Pembelajaran perlu diperjuangkan dengan baik sehingga bukan hanya guru yang sangat berperan didalamnya terutama kebijakan sekolah dan pendampingan sekolah maju terus pendidikan Indonesia. @masgik @ganjarpranowo @pdkjateng https://t.co/agxroSZG89","1300619194258526209","https://pbs.twimg.com/media/Egy6QreUwAAuIrb.jpg","","in","Grobogan, Indonesia","0","0","0","https://twitter.com/1_toroh/status/1300619194258526209","1046609167669051393","1_toroh"
