"conversation_id_str","created_at","favorite_count","full_text","id_str","image_url","in_reply_to_screen_name","lang","location","quote_count","reply_count","retweet_count","tweet_url","user_id_str","username"
"1564585869503188992","Tue Aug 30 12:08:34 +0000 2022","0","Apa Itu Analisis Kebijakan Pendidikan? Simak Informasi Selengkapnya Disini https://t.co/5dlRqXmOlG","1564585869503188992","","","in","Jakarta","0","0","0","https://twitter.com/mikaylabinar/status/1564585869503188992","1240147007492292608","mikaylabinar"
"1564564438774005760","Tue Aug 30 10:43:25 +0000 2022","0","#Paripurna3 Menkeu RI : Kebijakan anggaran pendidikan dalam RAPBN tahun 2023 ditujukan untuk meningkatkan kualitas SDM Indonesia yang berdaya saing dan mampu beradaptasi pasca pandemi antara lain difokuskan pada: ... (1)","1564564438774005760","","","in","","0","0","0","https://twitter.com/WikiDPR1/status/1564564438774005760","3550695012","WikiDPR1"
"1564558143203336193","Tue Aug 30 10:18:24 +0000 2022","18","Sesungguhnya bisa kerja di belakang layar ngedrive instrumen implementasi kebijakan getting to learn up close tentang arah pendidikan ngedesain program pengembangan sambil sesekali bisa mimpin sesi ketemu sama guru2 keren dari seluruh Indonesia gini adalah sebuah privilese ️ https://t.co/gOnDJSCh5V","1564558143203336193","https://pbs.twimg.com/media/FbZtVdgUYAElhzQ.jpg","","in","Jakarta Selatan, DKI Jakarta","0","0","0","https://twitter.com/barrysianturi/status/1564558143203336193","2237377454","barrysianturi"
"1564506219536080902","Tue Aug 30 06:52:04 +0000 2022","1","banyak masyarakat yg ngeremehin profesi guru apalagi pejab4t yg bikin kebijakan dan aturan di dunia pendidikan mereka gatau susahnya ngurus bocah yg emang dari rumah udah nakal disuruh mendidik secara akademik SEKALIGUS norma/akhlak tapi dikasih gaji nggak sepadan.","1564506219536080902","","","in","","0","1","0","https://twitter.com/kokowinne/status/1564506219536080902","1439620340448038914","kokowinne"
"1564472764895207424","Tue Aug 30 04:39:08 +0000 2022","0","Siap Cetak SDM Unggul Polbangtan Kementan Komit Wujudkan MBKM Di Maros: Kebijakan Merdeka Belajar Kampus Merdeka (MBKM) yang dikeluarkan oleh Kementerian Pendidikan dan Kebudayaan RI akan https://t.co/a7pRhtbFDr #News #MBKM #KementianPertanian #PolbangtanGowa #pendidikanvokasi","1564472764895207424","","","in","Makassar, Indonesia","0","0","0","https://twitter.com/terkinidotid/status/1564472764895207424","123757780","terkinidotid"
"1564204547215568897","Mon Aug 29 10:53:20 +0000 2022","0","#Baleg #Prolegnas Taufik B. @NasDem #Lampung1 : Hal ini yang sebenarnya diharapkan oleh para pemerhati pendidikan agar kita tidak tergesa-gesa perlu kita siapkan dulu bayangannya kita mau membawa arah kebijakan pendidikan kita seperti apa.","1564204547215568897","","","in","","0","0","0","https://twitter.com/WikiDPR1/status/1564204547215568897","3550695012","WikiDPR1"
"1564066832323321856","Mon Aug 29 01:46:06 +0000 2022","0","Membangun Pendidikan Islam yang Unggul dan Berdaya Saing Tinggi: Seri Kajian: Analisis Kebijakan dan Kapita Selekta Pendidikan Islam di Indonesia: Abuddin Nata - https://t.co/8rdegu8Gn4 https://t.co/2fREc2mUpI","1564066832323321856","","","in","Jakarta Timur, DKI Jakarta","0","2","0","https://twitter.com/belbuk/status/1564066832323321856","91799161","belbuk"
"1563883839101214720","Sun Aug 28 13:38:57 +0000 2022","0","Naik Candi Borobudur untuk Pendidikan &amp;amp; Kebudayaan Hilmar: 2023 Kebijakan Itu Beroperasi https://t.co/S6OREDfrfR","1563883839101214720","","","in","indonesia","0","0","0","https://twitter.com/suaramerdeka/status/1563883839101214720","219527452","suaramerdeka"
"1563824562433048577","Sun Aug 28 09:43:24 +0000 2022","5","Menteri BUMN Erick Thohir menuai apresiasi dan pujian dari kaum muda..hal tersebut lantaran Erick dinilai mampu mengalokasikan setiap kebijakan BUMN agar bermanfaat bagi masyarakat..salah satunya adalah program TJSL yg mengarah pada beasiswa pendidikan.. #BangkitBersamaET https://t.co/Ev6uG6kChi","1563824562433048577","https://pbs.twimg.com/media/FbPSJZXacAMpebk.jpg","","in","Gunung Kembar, Indonesia","0","0","4","https://twitter.com/dalem_abdhi/status/1563824562433048577","1202978827346989062","dalem_abdhi"
"1563747448543399936","Sun Aug 28 04:36:59 +0000 2022","5","Pak @erickthohir dapat Apresiasi Kaum muda lewat kebijakan persiapan generasi muda di bumn. Ada bnyak program2 dibumn yang disasarkan untuk generasi kedepan.dr rekrutmen anak2 muda Hingga Beasiswa pendidikan serta bisa mewadahi minat dan bakat kaum muda #BangkitBersamaET https://t.co/dMgnnStsA3","1563747448543399936","https://pbs.twimg.com/media/FbOMA1BakAEbnFq.jpg","","in","","2","0","4","https://twitter.com/NDUT_GEMES/status/1563747448543399936","1206648849575464973","NDUT_GEMES"
"1563739793019719680","Sun Aug 28 04:06:34 +0000 2022","2","sch! kan sender semi gapyear dan mau daftar menurut kalian ambil akuntansi atau pendidikan matematika? ・・・ Trivia: Devaluasi adalah kebijakan bank sentral untuk melemahkan mata uang dalam negeri","1563739793019719680","","","in","Paid Promote/ Partnership 👇🏻","0","0","0","https://twitter.com/schfess/status/1563739793019719680","1201673806156161025","schfess"
"1563656353066799108","Sat Aug 27 22:35:00 +0000 2022","3","Ptn! What do you think about jurusan kebijakan pendidikan uny","1563656353066799108","","","in","RULES 👉","0","1","0","https://twitter.com/sbmptnfess/status/1563656353066799108","1205629250423779328","sbmptnfess"
"1563478313955639296","Sat Aug 27 10:47:32 +0000 2022","2","Di satu sisi kita pngen bangga dg bhasa sendiri tp kalo akses ke institusi baik pekerjaan pendidikan beasiswa dll masih prioritasin bhs. Inggris ya pas gede kaya gua jd bingung sendiri. Mental inferior bekas jajahan jangan2 bukan di akar rumput tp di elit2 yg bikin kebijakan","1563478313955639296","","","in","","0","0","0","https://twitter.com/jegersan/status/1563478313955639296","100383112","jegersan"
"1563351674043113472","Sat Aug 27 02:24:19 +0000 2022","0","Pak @ganjarpranowo mungkin data ini bisa menjadi informasi bahwa SMA-SMA Negeri di Jawa Tengah banyak yg tumbang menurun peringkatnya pd nilai UTBK Pak. Semoga ada kebijakan yg pro pendidikan yg berdaya saing Sbg catatan saya bukan guru di sekolah Negeri hny ikut prihatin saja https://t.co/QvkBDnFo4D","1563351674043113472","https://pbs.twimg.com/media/FbIkD2FaUAE5d6g.jpg","","in","Surakarta, Jawa Tengah","0","0","0","https://twitter.com/chemyholic/status/1563351674043113472","216737566","chemyholic"
"1563184050625400832","Fri Aug 26 15:18:14 +0000 2022","0","RT muhammadiyah Ketua Pimpinan Pusat Muhammadiyah Prof. Syafiq A Mughni menyampaikan tiga saran bagi pemangku kebijakan dan penyelenggara pendidikan. Dia pun berharap kebijakan ini segera dievaluasi bagi Perguruan Tinggi Negeri. https://t.co/1txm05G7nn #Muhammadiyah ","1563184050625400832","","","in","","0","0","0","https://twitter.com/netizenmu/status/1563184050625400832","846924902019977216","netizenmu"
"1563171961705861122","Fri Aug 26 14:30:12 +0000 2022","18","Ketua Pimpinan Pusat Muhammadiyah Prof. Syafiq A Mughni menyampaikan tiga saran bagi pemangku kebijakan dan penyelenggara pendidikan. Dia pun berharap kebijakan ini segera dievaluasi bagi Perguruan Tinggi Negeri. https://t.co/ONwrpH48ml #Muhammadiyah","1563171961705861122","","","in","Indonesia","0","0","3","https://twitter.com/muhammadiyah/status/1563171961705861122","73309923","muhammadiyah"
"1562999670900592641","Fri Aug 26 03:05:35 +0000 2022","0","Coinbase Meluncurkan Inisiatif Pendidikan Kebijakan Crypto Menjelang Pemilu Mendatang https://t.co/VrB2bPDli3","1562999670900592641","","","in","Indonesia","0","1","0","https://twitter.com/CaritauInfo/status/1562999670900592641","1354043527676628992","CaritauInfo"
"1562845062400135171","Thu Aug 25 16:51:13 +0000 2022","4","Sudah 8 hari advokasi kebijakan yang disusun dalam eskalasi aksi UKT ini berjalan. Dan esok adalah puncak di mana tangis perjuangan mahasiswa UPI yang terseok-seok membayar UKT tunggakan cicilan dan biaya pendidikan lainnya akan bertemu dengan gerbang akhir perjuangan.","1562845062400135171","","","in","","0","1","0","https://twitter.com/jelemaboem/status/1562845062400135171","1230057972102918145","jelemaboem"
"1562785402821672967","Thu Aug 25 12:54:09 +0000 2022","7","Ketua Timses Jokowi di Lampung Jadi Tersangka Penyuap Rektor Unila. Ini akibat kebijakan penguasa yg mempolitisir semua bidang termasuk di lembaga pendidikan. Yg seharusnya mjd benteng terakhir moralitas bangsa tlh berubah layaknya Parpol &amp; anggotanya yg tak beradab &amp; pragmatis?","1562785402821672967","","","in","Tangerang, Banten","0","0","0","https://twitter.com/HeriSuwondo2/status/1562785402821672967","1343563920531804166","HeriSuwondo2"
"1562439156122677248","Wed Aug 24 13:58:18 +0000 2022","0","Pendidikan adalan salah satu kunci kebijakan jadi mari bersekolah setinggi mungkin @UNJ_Official @pkkmbunj #mabaunj2022 #pkkmbunj2022 #pendidikanadalahkebijakan https://t.co/L2gp497JwI","1562439156122677248","https://pbs.twimg.com/ext_tw_video_thumb/1562439059162554369/pu/img/Z4qvfR-sH-nGWTYw.jpg","","in","","0","0","0","https://twitter.com/romaritosagala/status/1562439156122677248","1522068686068412417","romaritosagala"
"1562359412202737664","Wed Aug 24 08:41:25 +0000 2022","0","Saya dukung pergerakanmu tapi harus dipahami bhw kasus penahanan ijazah oleh sekolah itu hanya puncak gunung es dari carut marutnya kebijakan PemProv dlm mengelola urusan pendidikan SLTA yg dijanjikannya gratis saat kampanye lalu https://t.co/qHb9JezDTF","1562359412202737664","https://pbs.twimg.com/media/Fa6dmgtVUAAKZy5.jpg","","in","","0","0","0","https://twitter.com/BudiSet70063863/status/1562359412202737664","1549025916864438272","BudiSet70063863"
"1561960530902122497","Tue Aug 23 06:16:25 +0000 2022","1","Institusi pendidikan X nih hobinya maksanya ga nanggung2 ya. Bayar ini itu maunya pas mepet. Dikira kita berak keluar duit segepok? Mana bikkn pemberitahuan H-1. Mau duit kecil duit gede emang mau ngambil di mana selain ngutang? Kebijakan my ass. Bijak raimu wasu.","1561960530902122497","","","in","Indonesia","0","1","0","https://twitter.com/ustadkyungsoo/status/1561960530902122497","449358435","ustadkyungsoo"
"1561890924161945600","Tue Aug 23 01:39:49 +0000 2022","0","Efek aktivitas pendidikan dijadikan sebagai bisnis. Yang bayar ngerasa berhak ngeluh yang ngerasa punya kebijakan ngerasa berhak putusin apapun.","1561890924161945600","","","in","Jakarta Capital Region","0","0","0","https://twitter.com/catatanirfan/status/1561890924161945600","379577142","catatanirfan"
"1561868216049098752","Tue Aug 23 00:09:35 +0000 2022","0","Topik Diskusi Pagi ini: Belajar dari Kasus di Unila Lampung; Apa yang Dapat Kita Pelajari Bagi Perbaikan Tata Kelola Penerimaan mahasiswa di PTN? Berikut pendapat Guru Besar UPI Bandung/pengamat kebijakan pendidikan Prof Cecep Darmawan #NOW #LIVE #ONAIR #Topik #pendidikan #kampus","1561868216049098752","","","in","Semarang, Jawa Tengah","0","0","0","https://twitter.com/RadioIdolaSMG/status/1561868216049098752","385894867","RadioIdolaSMG"
"1561750979867017217","Mon Aug 22 16:23:44 +0000 2022","0","Soksi Sumut Kritisi Kebijakan Rektor USU soal Biaya Pendidikan Capai Puluhan Juta https://t.co/F0d8GTU5Wt","1561750979867017217","","","in","Medan","0","0","0","https://twitter.com/WaspadaOnline/status/1561750979867017217","78596326","WaspadaOnline"
"1561748656218247168","Mon Aug 22 16:14:30 +0000 2022","11","Pendidikan politik perempuan tidak hanya bertujuan agar perempuan memahami pembuatan kebijakan publik tetapi juga agar perempuan mampu mempengaruhi kebijakan publik untuk memperjuangkan hak-hak rakyat. #PartaiPPP https://t.co/kq4cWG4Zmh","1561748656218247168","","","in","Jl Diponegoro no.60 Jakarta","1","0","13","https://twitter.com/DPP_PPP/status/1561748656218247168","219664498","DPP_PPP"
"1561686464081305600","Mon Aug 22 12:07:22 +0000 2022","5","Warga Papua mengapresiasi kebijakan pemerintah yang telah menaikkan kuota beasiswa Lembaga Pengelola Dana Pendidikan (LPDP) untuk mahasiswa asal Papua. #PapuaIndonesia 🇮🇩 https://t.co/WS7mbVkaqL","1561686464081305600","","","in","","0","0","5","https://twitter.com/RodaKaret/status/1561686464081305600","1404757487497015305","RodaKaret"
"1561670862742253570","Mon Aug 22 11:05:22 +0000 2022","6","Warga Papua mengapresiasi kebijakan pemerintah yang telah menaikkan kuota beasiswa Lembaga Pengelola Dana Pendidikan (LPDP) untuk mahasiswa asal Papua. #PapuaIndonesia https://t.co/LVmwXwtDK8","1561670862742253570","","","in","","1","1","4","https://twitter.com/Dheviwahyuni/status/1561670862742253570","1450282758","Dheviwahyuni"
"1561668391949086720","Mon Aug 22 10:55:33 +0000 2022","1","SELAMAT &amp; SUKSES 4 Alumni AKPOL 2012 Wiratama Bhayangkara Lulus Mengikuti Pendidikan Beasiswa Polri S2 PSDM &amp; Analisis Kebijakan Publik Fakultas Ilmu Administrasi Universitas Indonesia Angkatan VI Tahun 2022 https://t.co/EqcDmxHsu2","1561668391949086720","https://pbs.twimg.com/media/FawpIB2aQAAFPu-.jpg","","in","Sulawesi Selatan, Indonesia","0","0","0","https://twitter.com/wiratama_WB/status/1561668391949086720","1523971071107641346","wiratama_WB"
"1561568592553906176","Mon Aug 22 04:18:59 +0000 2022","1","Monografi Hukum KEBIJAKAN POLITIK PENDIDIKAN. Link : https://t.co/LVB19adtgV https://t.co/h8HWMf2pL7","1561568592553906176","https://pbs.twimg.com/media/FavOV5HUEAIgxN4.jpg","","in","Bangka Belitung, Indonesia","0","0","0","https://twitter.com/jdihkpubabel/status/1561568592553906176","1211877726849658882","jdihkpubabel"
"1561321422537965570","Sun Aug 21 11:56:49 +0000 2022","3","Dalam rangka mendukung kebijakan pemerintah pembelajaran sepanjang hayat dan multi entry-multi exit system pemerintah telah mengeluarkan Peraturan Menteri Pendidikan Kebudayaan Riset dan Teknologi mengenai Rekognisi Pembelajaran Lampau (RPL). #diktivokasi https://t.co/aTFkTHma4g","1561321422537965570","https://pbs.twimg.com/media/FartjGIVEAIHqj-.jpg","","in","Gedung D lt. 4, Kemendikbud","0","1","1","https://twitter.com/DiktiVokasi/status/1561321422537965570","1299188108127207424","DiktiVokasi"
"1559912307572232192","Wed Aug 17 14:37:30 +0000 2022","51","Tunjukkan yang mana kebijakan Presiden Joko Widodo yg belum berpihak kpd rakyat @PKSejahtera ? Bansos PKH Rutilahu dana abadi pendidikan bendungan dibangun perbatasan dibangun jalan tol dibangun.Kalian itu harusnya intropeksi apakah setia pd NKRI &amp; Pancasila? #bubarkanpks https://t.co/qGEsGwqPFg","1559912307572232192","https://pbs.twimg.com/media/FaXr-ENUYAAfNOw.jpg","","in","Indonesia","5","21","16","https://twitter.com/NyiMasRuminah/status/1559912307572232192","62468709","NyiMasRuminah"
"1559868452608901120","Wed Aug 17 11:43:14 +0000 2022","3","Dalam pembangunan SDM Jokowi mengupayakan melalui kebijakan merdeka belajar digitilasi pendidikan beasiswa semua level pendidikan dan peningkatan gizi anak-anak Indonesia. #IndonesiaBangkit https://t.co/jyk6VW1t7T","1559868452608901120","https://pbs.twimg.com/media/FaXEELsWYAYcENl.jpg","","in","Indonesia","0","0","1","https://twitter.com/AdindaKeyshaNew/status/1559868452608901120","1252199240471887872","AdindaKeyshaNew"
"1559786745637457920","Wed Aug 17 06:18:34 +0000 2022","0","Kurikulum Merdeka merupakan ikhtiar menyempurnakan kurikulum sebelumnya. Butuh kreasi dan inovasi di setiap kebijakan baru mengenai pendidikan atau kurikulum harus dimaknai sebagai ikhtiar memajukan Pendidikan Nasional. https://t.co/lHQiR8qutn","1559786745637457920","","","in","Jakarta - Indonesia","0","0","0","https://twitter.com/mediaindonesia/status/1559786745637457920","68930552","mediaindonesia"
"1559616745572569088","Tue Aug 16 19:03:03 +0000 2022","0","Aplikasi Ruang Ortu layak didukung dengan rekomendasi kebijakan agar bisa diperluas untuk komunitas pendidikan dan orang tua lainnya. #RuangORTU https://t.co/0l4q1OYCe5","1559616745572569088","","","in","Indonesia","0","0","0","https://twitter.com/jpnncom/status/1559616745572569088","79130206","jpnncom"
"1559564707140276224","Tue Aug 16 15:36:16 +0000 2022","0","Nanti malah film tsb meracuni anak2 sekolah di INA mereka bisa menyelinap ke Kementerian Pendidikan dgn dalih kolaborasi dan keluar kebijakan Kementerian Pendidikan yg mewajibkan pd sekolah2 agar anak muridnya untuk nonton film yg tak bermutu tsb.","1559564707140276224","","","in","","0","0","0","https://twitter.com/TarunaAdjie1/status/1559564707140276224","1508856919813156866","TarunaAdjie1"
"1559405725323251712","Tue Aug 16 05:04:31 +0000 2022","0","Rencana penerapan kebijakan tersebut berdasarkan hasil kajian pemerintah bersama lembaga pendidikan tinggi. Dari kajian itu disebutkan bahwa jumlah wisatawan yang berkunjung ke pulau tersebut dibatasi maksimal 219.000 orang per tahun. @deboralaksmii #Riset https://t.co/RuFF0KM0ZO","1559405725323251712","","","in","Palmerah, Jakarta","0","0","1","https://twitter.com/KompasData/status/1559405725323251712","771030588","KompasData"
"1559301874142281728","Mon Aug 15 22:11:51 +0000 2022","0","#MBKM #Abunawas #Kampus Kebijakan MBKM ini dimaksudkan untuk menyiapkan lulusan pendidikan tinggi yang tangguh dalam menghadapi perubahan zaman yang begitu akseleratif dan atraktif https://t.co/fEhj6No627 lewat @serambinews","1559301874142281728","","","in","Aceh","0","0","0","https://twitter.com/serambinews/status/1559301874142281728","64635651","serambinews"
"1559301848989073408","Mon Aug 15 22:11:45 +0000 2022","0","#MBKM #Abunawas #Kampus Kebijakan MBKM ini dimaksudkan untuk menyiapkan lulusan pendidikan tinggi yang tangguh dalam menghadapi perubahan zaman yang begitu akseleratif dan atraktif https://t.co/TG3ie0oecp lewat @serambinews","1559301848989073408","","","in","","0","0","0","https://twitter.com/sharenewsaceh/status/1559301848989073408","1513860059641438210","sharenewsaceh"
"1559094674647724032","Mon Aug 15 08:28:31 +0000 2022","3","BNN Kota Cirebon dan Kementerian Agama Kab. Indramayu menjalin kerjasama melalui penandatanganan MoU untuk program Kebijakan Kabupaten Tanggap Ancaman Narkoba Pada Lingkungan Pendidikan dan Pondok Pesantren yang di tandatangin langsung oleh Kepala Kemenag Kab. Indramayu https://t.co/DdvWhO4Qkn","1559094674647724032","https://pbs.twimg.com/media/FaMEU3JVEAEccXh.jpg","","in","Cirebon, Jawa Barat","0","0","0","https://twitter.com/bnnkotacirebon/status/1559094674647724032","1345988942181453826","bnnkotacirebon"
"1559034336686505984","Mon Aug 15 04:28:45 +0000 2022","0","Alhamdulillah satu hari ini berkegiatan Pendidikan Profesional Berkelanjutan (PPL) Series IAI Wilayah Riau (8 SKP): Kebijakan PPN Baru dan Update Isu-isu Perpajakan Terbaru. Hotel Evo 15 Agustus 2022. https://t.co/AREIsymRjC","1559034336686505984","","","in","Riau, Indonesia","0","0","0","https://twitter.com/MRasuli5/status/1559034336686505984","829879696087068672","MRasuli5"
"1559027212766089216","Mon Aug 15 04:00:27 +0000 2022","0","Forum #AICPAIR tentang kebijakan pemuda telah membahas kesehatan pendidikan dan infrastruktur yang lebih baik sebagai isu penting dalam meningkatkan kualitas hidup di Sulawesi Selatan. Baca disini @Unair_Official @UnivHasanuddin @uwanews @Media_Perdik https://t.co/mXDR00VGlg","1559027212766089216","","","in","","0","0","0","https://twitter.com/AusIndCentre/status/1559027212766089216","2421551478","AusIndCentre"
"1558850929499451392","Sun Aug 14 16:19:58 +0000 2022","0","Mengapa negara gak meneliti ini utk membuat kebijakan pendidikan ?","1558850929499451392","","","in","新加坡","0","0","0","https://twitter.com/Pritingker1/status/1558850929499451392","1489208345919889409","Pritingker1"
"1558795746547093505","Sun Aug 14 12:40:41 +0000 2022","3","Kita tdk bisa melihat pemimpin scr hitem putih krn setiap pemimpin punya sisi plus minus semua akan terlihat terang ktk mrk sdh tdk berkuasa. Sy nolak otoritarianisme Suharto tp kebijakan dlm pendidikan Suharto terbaik stlh Soekarno. SBY punya banyak legacy di pendidikan","1558795746547093505","","","in","Jakarta","0","1","0","https://twitter.com/Darmaningtyas/status/1558795746547093505","368674205","Darmaningtyas"
"1558102888638844928","Fri Aug 12 14:47:31 +0000 2022","0","[ 𝕋𝔼ℂℍℕ𝕀ℂ𝔸𝕃 𝕄𝔼𝔼𝕋𝕀ℕ𝔾 &amp; 𝕋𝔼𝕄𝕌 ℙ𝔼ℝ𝔻𝔸ℕ𝔸 ] Mahasiswa Baru Kebijakan Pendidikan 2022 https://t.co/Is6SgxNVEx","1558102888638844928","https://pbs.twimg.com/media/FZ9-UGjVsAENmth.jpg","","in","FIPP UNY","0","1","0","https://twitter.com/himakpuny/status/1558102888638844928","2914840327","himakpuny"
"1557745557069635584","Thu Aug 11 15:07:36 +0000 2022","0","Kok di hapus sih sayang ‍️ kabarku baik ganteng sedikit pusing belajar kurikulum baru perubahan sistem pendidikan Indonesia..ganti menteri ganti kebijakan..biasa oppa @siwonchoi biar meriah di kabinetnya dan kita yang pusing ganteng banget tadi fotonya.. di hapus","1557745557069635584","","","in","Yogyakarta, Indonesia","0","0","0","https://twitter.com/vita_santi/status/1557745557069635584","507079100","vita_santi"
"1557715092753432576","Thu Aug 11 13:06:33 +0000 2022","0","*⟨⟨ _COMING SOON ON SEPTEMBER_ ⟩⟩* ┏‍━━━━━━━━━━━━━━┓ 𝐒𝐑𝐀𝐖𝐔𝐍𝐆 𝐀𝐋𝐔𝐌𝐍𝐈 𝐊𝐄𝐁𝐈𝐉𝐀𝐊𝐀𝐍 𝐏𝐄𝐍𝐃𝐈𝐃𝐈𝐊𝐀𝐍 ┗━━━━━━━━━━━━━━‍┛ Hallo Alumni dan Mahasiswa Prodi Kebijakan Pendidikan‼️ https://t.co/bQEqWesaQF","1557715092753432576","https://pbs.twimg.com/media/FZ4dnWDUUAAx9R1.jpg","","in","FIPP UNY","0","1","0","https://twitter.com/himakpuny/status/1557715092753432576","2914840327","himakpuny"
"1557690467021893632","Thu Aug 11 11:28:42 +0000 2022","0","Mengubah kebijakan magang mahasiswa selama 4 bulan? Potensi mahasiswanya mampu? Lembaga pendidikan yang menyelanggarakan sadar apa tidak ? Bukannya lembaga pendidikan perlu memperhatikan dengan sangat potensi mahasiswanya dulu dengan menjamin pembelajaran yang baik dan layak?","1557690467021893632","","","in","Luwuk, Indonesia","0","1","0","https://twitter.com/PakayaAan/status/1557690467021893632","1159033344861954048","PakayaAan"
"1557670667968884736","Thu Aug 11 10:10:02 +0000 2022","1","[SUARA MIPA #4 :MIPA &amp; MBKM ] MIPA &amp; MBKM seperti apa ya??? Nah pasti sobat MIPA udah tahu kan apa itu MBKM. Kampus Merdeka merupakan bagian dari kebijakan Merdeka Belajar oleh Kementerian Pendidikan Kebudayaan Riset dan Teknologi Republik Indonesia yang memberikan https://t.co/VAUAn3x17B","1557670667968884736","https://pbs.twimg.com/media/FZ31NZ7akAAx2TP.jpg","","in","Yogyakarta, Indonesia","0","2","0","https://twitter.com/bemkmfmipaugm/status/1557670667968884736","467229957","bemkmfmipaugm"
"1557642150552035328","Thu Aug 11 08:16:42 +0000 2022","1","Workshop Penggiat P4GN di Lingkungan Pendidikan Kabupaten Muara Enim dalam Rangka Pengembangan Kapasitas dan Pembinaan Masyarakat Anti Narkoba Melalui Kebijakan Kota/Kabupaten Tanggap Ancaman Narkoba https://t.co/7FfNUHc6t5","1557642150552035328","https://pbs.twimg.com/media/FZ3bQFbVQAAjQo0.jpg","","in","Muara Enim, Indonesia","0","1","0","https://twitter.com/bnnk_muaraenim/status/1557642150552035328","1351061370830258176","bnnk_muaraenim"
"1557615943957721089","Thu Aug 11 06:32:34 +0000 2022","0","Rapor Pendidikan: Strategi Kemendikbudristek Tingkatkan Mutu Pendidikan Indonesia: Kementerian Pendidikan Kebudayaan Riset dan Teknologi (Kemendikbudristek) telah meluncurkan seri kebijakan Merdeka Belajar yaitu Rapor Pendidikan Indonesia. https://t.co/ga47mYyzlO","1557615943957721089","","","in","Jakarta","0","0","0","https://twitter.com/liputan6dotcom/status/1557615943957721089","47596019","liputan6dotcom"
"1557269462096564225","Wed Aug 10 07:35:47 +0000 2022","2","️ KP PODCAST ️ Halo KP PODCAST kembali lagi! Kali ini KP PODCAST akan ngobrol dengan Departemen PSDM Kebijakan Pendidikan 2022 Bisa didengarkan melalui: Spotify: Kp Podcast YouTube: Kebijakan Pendidikan Berikan dukungan mu untuk KP PODCAST dengan mendengarkannya. https://t.co/ZTcuNNLQBz","1557269462096564225","https://pbs.twimg.com/ext_tw_video_thumb/1557269310904549376/pu/img/idhnIyaQqgQxV2KC.jpg","","in","FIPP UNY","0","1","0","https://twitter.com/himakpuny/status/1557269462096564225","2914840327","himakpuny"
"1557267748350087169","Wed Aug 10 07:28:58 +0000 2022","3","Konsolidasi Kebijakan Kab/Kota Tanggap Ancaman Narkoba pada Lingkungan Pendidikan. Selengkkapnya di Intagram @infobnn_prov_kalsel https://t.co/hWe6cTZjaY #warondrugs #speedupneverletup #dalashangitkadanarkoba https://t.co/8h1gFHoUGC","1557267748350087169","https://pbs.twimg.com/media/FZyFeopUsAAHfd1.jpg","","in","Banjarmasin","0","0","0","https://twitter.com/bnnpkalsel/status/1557267748350087169","4743509864","bnnpkalsel"
"1556785249967042560","Mon Aug 08 23:31:41 +0000 2022","2","Tenaga kependidikan adalah bagian yang tidak terpisahkan dg Pendidik keduanya saling dukung dalam mewujudkan mutu pendidikan mohon ada kebijakan yang mengatur tetang nasib tendik @dki_haji @mohmahfudmd @ganjarpranowo","1556785249967042560","","","in","","0","1","1","https://twitter.com/TWulandari8/status/1556785249967042560","1289197378335981568","TWulandari8"
"1556678255465631745","Mon Aug 08 16:26:32 +0000 2022","0","Utang ugal2an.. Penegakkan hukum morat marit.. Korupsi membabi buta.. Akhlak hancur lebur.. Sistem pendidikan dan kesehatan jungkir balik.. Kebijakan pemerintah tumpang tindih.. Persatuan acak kadut.. Keseruan ini jgn lah cepat berlalu.. Ayo terlena lagi.. ","1556678255465631745","","","in","Tai Land","0","0","0","https://twitter.com/EminemsEnemies/status/1556678255465631745","155289421","EminemsEnemies"
"1556640083276484608","Mon Aug 08 13:54:51 +0000 2022","0","Ratusan Izin SMK di Jatim Tersendat Deni Wicaksono: Dinas Pendidikan Tak Selaras dengan Kebijakan Gubernur cc @KhofifahIP @EmilDardak @Dindik_Jatim @JatimPemprov @dprdjawatimur @DPDRI https://t.co/HUgkOY6kxe","1556640083276484608","","","in","","0","0","0","https://twitter.com/baiturrohmah99/status/1556640083276484608","81982917","baiturrohmah99"
"1556626321065021441","Mon Aug 08 13:00:10 +0000 2022","0","Keluarga Besar Badan Kantor Bahasa Provinsi Banten mengucapkan selamat kepada Kementerian Pendidikan Kebudayaan Riset dan Teknologi @kemdikbud.ri atas penerimaan penghargaan IDEAS 2022 kategori Kebijakan Isu Sosial melalui program komunikasi Revitalisasi Bahasa Daerah. https://t.co/ACgRFTylfb","1556626321065021441","https://pbs.twimg.com/ext_tw_video_thumb/1556626036850589696/pu/img/MUzG3sT0QbDPYIhr.jpg","","in","Kota Serang, Banten","0","0","0","https://twitter.com/KantorBhsBanten/status/1556626321065021441","709261231761195008","KantorBhsBanten"
"1556586249053343744","Mon Aug 08 10:20:56 +0000 2022","0","Jika pendidikan di interpensi dan dipolitisasi maka merdeka belajar dan merdeka mengajar hanya sebatas kebijakan dengan potret yang ompong. Mari membangun ekosistem literasi dan pendidikan indonesia. (S . A) __ √ Laki-Laki ßae √ Muda ßerkelana √ Tua ßercerita https://t.co/noTASbYbdo","1556586249053343744","https://pbs.twimg.com/media/FZoa8aKUUAA19t5.jpg","","in","","0","0","0","https://twitter.com/S_Angkotasan/status/1556586249053343744","1380500789379039240","S_Angkotasan"
"1556541401747591169","Mon Aug 08 07:22:43 +0000 2022","0","Ratusan Izin SMK Tersendat Legislator Deni Wicaksono: Dinas Pendidikan Tak Selaras dengan Kebijakan Gubernur https://t.co/T7tX4M1JzD lewat @KABARHIT_COM","1556541401747591169","","","in","Surabaya ","0","0","0","https://twitter.com/kabarhit/status/1556541401747591169","1157307527614218240","kabarhit"
"1556454221343387648","Mon Aug 08 01:36:18 +0000 2022","0","Keluarga Besar Balai Bahasa Provinsi Sulawesi Tengah mengucapkan selamat kepada Kementerian Pendidikan Kebudayaan Riset dan Teknologi atas penerimaan penghargaan IDEAS 2022 kategori Kebijakan Isu Sosial melalui program komunikasi Revitalisasi Bahasa Daerah dari Humas.. https://t.co/Q5BzCnKEyU","1556454221343387648","https://pbs.twimg.com/media/FZmi3ULUUAAL51q.jpg","","in","Kota Palu, Sulawesi Tengah","0","1","0","https://twitter.com/BalaiSulteng/status/1556454221343387648","1080992494240784385","BalaiSulteng"
"1556122419005648896","Sun Aug 07 03:37:50 +0000 2022","0","Halo Sobat Kampus! Tahukah kalian mengenai MB - KM? Merdeka Belajar - Kampus Merdeka atau disingkat dengan MB - KM merupakan kebijakan Menteri Pendidikan dan Kebudayaan yang bertujuan mendorong mahasiswa untuk menguasai berbagai keilmuan guna memasuki dunia kerja loh! https://t.co/ZNQy53YH9p","1556122419005648896","https://pbs.twimg.com/media/FZh0qbcaAAA-SaK.jpg","","in","","0","0","0","https://twitter.com/mbkmits/status/1556122419005648896","1536893676277800960","mbkmits"
"1556114115453521921","Sun Aug 07 03:04:50 +0000 2022","0","Peningkatan ekonomi dan mutu pendidikan dpat terwujud dgn kebijakan DOB. IKN Kemajuan Indonesia","1556114115453521921","","","in","","0","0","0","https://twitter.com/kiyaananda/status/1556114115453521921","1358312744655540225","kiyaananda"
"1556095716699013120","Sun Aug 07 01:51:44 +0000 2022","1","Mengkritisi Kebijakan Bupati Banyuwangi di Bidang Pendidikan dengan mengundang narasumber Ketua PGRI Banyuwangi Sudarman pada Sabtu (06/08/2022). https://t.co/the61SBzNI","1556095716699013120","","","in","Banyuwangi, Indonesia","0","0","0","https://twitter.com/bwi24jam/status/1556095716699013120","889326024265056256","bwi24jam"
"1556093825013100545","Sun Aug 07 01:44:13 +0000 2022","16","Pembentukan UU DOB Papua berlandaskan aspirasi warga Papua &amp; sudah sesuai prosedur. Pemekaran wilayah Papua akan mempercepat perbaikan mutu disegala aspek bidang kehidupan Masyarakat Papua. Generasi Muda Papua sepakat terus mengawal kebijakan DOB demi kemajuan terutama Pendidikan https://t.co/7UaIAazSgA","1556093825013100545","https://pbs.twimg.com/media/FZhbEYDaUAA1P62.jpg","","in","","1","5","15","https://twitter.com/Penyair_Berdiri/status/1556093825013100545","1240137086331748352","Penyair_Berdiri"
"1555739975706357760","Sat Aug 06 02:18:09 +0000 2022","1","Nyengkuyung kebijakan Nagrso dalem Kanjeng Sultan Siswa itu korban yang salah itu kebijakan dan oknum kepsek &amp; Guru Penyeragaman atribut keagamaan di sekolah Negeri jelas melanggar peraturan kement Pendidikan. https://t.co/vWli5QEY9w","1555739975706357760","","","in","Bandung,indonesia","0","0","0","https://twitter.com/MariokoAji/status/1555739975706357760","1871942678","MariokoAji"
"1555735956728078336","Sat Aug 06 02:02:10 +0000 2022","0","Awal tahun lalu ramai tentang Ghozali dan NFT. Hingga ada pemangku kepentingan yang ingin merubah kebijakan tentang pendidikan untuk mencetak ribuan Ghozali. Setengah tahun berlalu apakah ada Ghozali baru? Justru pasar cryto dan NFT yang runtuh.","1555735956728078336","","","in","Yogyakarta, Indonesia","0","1","0","https://twitter.com/yuntoto/status/1555735956728078336","63321110","yuntoto"
"1555186684563640320","Thu Aug 04 13:39:34 +0000 2022","1","Ya beginilah jadinya kalau pihak sekolah &amp; buruh pendidikan ngeliat siswa bukan sebagai pengguna layanan publik melainkan sekadar objek mengejar capaian birokrasi.... Jadinya udah tak inklusif juga maksain kebijakan ke pengguna layanan publik https://t.co/km4ySCpKKx","1555186684563640320","","","in","","0","0","0","https://twitter.com/CeletukWarga/status/1555186684563640320","1279726915469733889","CeletukWarga"
"1555175052483538945","Thu Aug 04 12:53:20 +0000 2022","0","Jadi ingat masa peradaban Islam dulu. Kerajaan Abbasiyah di Spanyol kebijakan fiskal lebih banyak ditaruh ke pendidikan daripada militer. Akhirnya kalah dengan pasukan Mongol yang melakukan ekspansi dengan kuda. Perpustakaan Baitul Hikmah dibakar buku-buku dirusak.","1555175052483538945","","","in","","0","1","0","https://twitter.com/royyana1304971/status/1555175052483538945","1329190524897558530","royyana1304971"
"1555086490925166593","Thu Aug 04 07:01:26 +0000 2022","6","[askrl] Semester 5 ini ikut progam kampus mengajar ditempatin di sekolah pinggiran ngelihat realita pendidikan Indonesia sdm nya rendah dan capek juga ya ternyata kayaknya aku ga bakat jadi guru. Habis lulus pengen nyusul mas crush buat kebijakan tentang pendidikan (cont)","1555086490925166593","","","in","Jakarta, Indonesia","0","2","0","https://twitter.com/Askrlfess/status/1555086490925166593","1197225394866282496","Askrlfess"
"1555057753475129345","Thu Aug 04 05:07:14 +0000 2022","4","[askrl] Bayangin kalian bagi tugas sama crush kalian kalian yang ngelihat potret pendidikan di Indonesia crush kalian yang buat kebijakan wkwk seru banget ga sii kayaknya","1555057753475129345","","","in","Jakarta, Indonesia","0","5","0","https://twitter.com/Askrlfess/status/1555057753475129345","1197225394866282496","Askrlfess"
"1555034957294477313","Thu Aug 04 03:36:39 +0000 2022","9","Jurusan Migas Masuk SMK BPMA dan Disdik Teken MoU. Kerja sama ini merupakan kebijakan dunia pendidikan yang selaras dengan kebutuhan dunia. Diharapkan ke depan anak-anak Aceh dapat mengisi peluang kerja di perusahaan asing yang berinvestasi di Aceh. https://t.co/QgsQMBu1XG https://t.co/edqsRdI369","1555034957294477313","https://pbs.twimg.com/media/FZSYDPJaUAEY6A7.jpg","","in","Kota Banda Aceh","0","2","4","https://twitter.com/ACEH_Foundation/status/1555034957294477313","347048082","ACEH_Foundation"
"1554848800845725696","Wed Aug 03 15:16:56 +0000 2022","0","Jurusan adm negara ini bisa masuk ke segala bidang seperti lingkungan hidup kesehatan pendidikan dll karena bidang tersebut pasti ada kebijakan yang mengatur dan program yang dijalankan","1554848800845725696","","","in","","0","0","0","https://twitter.com/jjeaminna/status/1554848800845725696","1014727944067878912","jjeaminna"
"1554808603629891584","Wed Aug 03 12:37:12 +0000 2022","21","Pergerakan Indonesia untuk Semua (PIS) mendesak Kemendikbud Ristek Kemendagri Pemda maupun Dinas Pendidikan untuk melindungi para perempuan yaitu siswi dan PNS dari kebijakan pemaksaan jilbab DENGAN ALASAN APAPUN. @GerakanPis @Kemdikbud_RI @kemendagri https://t.co/fiaBXX6CqQ","1554808603629891584","https://pbs.twimg.com/ext_tw_video_thumb/1554808423111241729/pu/img/kHGFp2KZsnVZT0PW.jpg","","in","ÜT: 55.753181,37.618633","1","2","23","https://twitter.com/sigitwid/status/1554808603629891584","168082298","sigitwid"
"1554703215069134850","Wed Aug 03 05:38:26 +0000 2022","1","Memang lbh baik spt ini. Dgn edukasi. Walaupun smua balik lg ke pribadi msg2 krn pendidikan itu kan jg dr kluarga &amp; lingkungan. Kl kluarga atau lingkungannya ga bnr ya bs jg hslnya ga bnr. Tp msh lbh baik dr kebijakan blokir atau whitelist. #BlokirKominfo #BlokirGakPakeMikir","1554703215069134850","","","in","","0","0","0","https://twitter.com/mayarose26/status/1554703215069134850","311821724","mayarose26"
"1554651143485083648","Wed Aug 03 02:11:31 +0000 2022","0","Disparitas Pendidikan Semakin Lebar LaNyalla: Pemerintah Segera Hadirkan Kebijakan Tekan Kesenjangan https://t.co/mN3TTrb9Bn via @ruangpolitikcom","1554651143485083648","","","in","Jakarta","0","0","0","https://twitter.com/ruangpolitikcom/status/1554651143485083648","1478617089128632321","ruangpolitikcom"
"1554618048434151427","Wed Aug 03 00:00:00 +0000 2022","0","Kampus Mengajar adalah program Kementerian Pendidikan Kebudayaan Riset dan Teknologi RI yang merupakan bagian dari kebijakan Merdeka Belajar Kampus Merdeka (MBKM) untuk memperkaya kompetensi mahasiswa. #KampusMengajar #UIJ #jember https://t.co/l47gTI2ED6","1554618048434151427","","","in","East Java, Indonesia","0","0","0","https://twitter.com/nuonlinejatim/status/1554618048434151427","1307604987124486144","nuonlinejatim"
"1554511277233688577","Tue Aug 02 16:55:44 +0000 2022","0","Selama ini Taiwan adalah negara merdeka sebagai pusat bisnis pendidikan juga investor ke Indonesia Kemerdekaan adlh hak segala bangsa termasuk Taiwan sungguh aneh kebijakan China yg maksa semua tdk mengakui Taiwan padahal industri chip ada di sana https://t.co/0W1HzUayPe","1554511277233688577","","","in","Bandung, Jawa Barat, Indonesia","0","1","1","https://twitter.com/dawiguna/status/1554511277233688577","70828230","dawiguna"
"1554510084210061312","Tue Aug 02 16:51:00 +0000 2022","0","Sorot Gap Pendidikan LaNyalla Minta Pemerintah Hadirkan Kebijakan Tekan Kesenjangan https://t.co/VNoW0LCMOL","1554510084210061312","","","in","Jakarta","0","0","0","https://twitter.com/ivooxid/status/1554510084210061312","745849790332805121","ivooxid"
"1554435299530330112","Tue Aug 02 11:53:50 +0000 2022","6","Thread bagus bgt tp masih sepi Prinsip mendasar terkait isu sekarang bahas prokontranya juga. Kontranya balik ke pendidikan+kedewasaan+kebijakan individu. Cola sendiri tim yg lama pro neutral access krn internet ya pintu dunia; belajar bijak+responsible bukan mau dibutain.","1554435299530330112","","","in","","0","1","0","https://twitter.com/XOCOLA_Ch/status/1554435299530330112","1343399089350701057","XOCOLA_Ch"
"1554422530638655488","Tue Aug 02 11:03:05 +0000 2022","1","UGM punya prodi bagus utk studi kebijakan --&gt; https://t.co/5DLJfw3HtL. Dari bahas soal kemiskinan pendidikan kesehatan sampai kriminalitas bisa","1554422530638655488","","","in","Jakarta/Indonesia","0","0","0","https://twitter.com/iqraks/status/1554422530638655488","190242258","iqraks"
"1554392850283917312","Tue Aug 02 09:05:09 +0000 2022","0","Perda Dana Abadi Pendidikan Bojonegoro Ditarget Selesai Lebih Cepat. Bojonegoro (https://t.co/ksziGGG4m3) Pemerintah Kabupaten (Pemkab) Bojonegoro membuat kebijakan baru tentang dana https://t.co/HE5GPxOyWG #beritabojonegoro #bojonegoro #danaabadipendidikan #dprdbojonegoro","1554392850283917312","","","in","Surabaya","0","0","0","https://twitter.com/beritajatimcom/status/1554392850283917312","21287066","beritajatimcom"
"1554251986555617287","Mon Aug 01 23:45:24 +0000 2022","0","Penjelasannya kepsek menunjukkan wajah sebenarnya kebijakan jilbabisasi di sekolahnya ! Seluruh siswi disekolahnya sdh pakai jilbab semua ! yg ngak pakai di kasih tutorial ! Inikah implementasi perda pendidikan Pancasila !? @dprd_diy @humas_jogja https://t.co/ckYkTHijDQ","1554251986555617287","","","in","Jakarta Selatan, DKI Jakarta","0","0","0","https://twitter.com/AdyudityaChita/status/1554251986555617287","247641336","AdyudityaChita"
"1554120949871431680","Mon Aug 01 15:04:43 +0000 2022","0","Sorot Gap Pendidikan LaNyalla Minta Pemerintah Hadirkan Kebijakan Tekan Kesenjangan https://t.co/AWEeuvyP67","1554120949871431680","","","in","Jakarta Capital Region","0","0","0","https://twitter.com/reaksimedia/status/1554120949871431680","1979250235","reaksimedia"
"1554118264460312576","Mon Aug 01 14:54:03 +0000 2022","1","Sorot Gap Pendidikan LaNyalla Minta Pemerintah Hadirkan Kebijakan Tekan Kesenjangan https://t.co/GeTsjpPaSb lewat @Suara Indonesia1","1554118264460312576","","","in","Kotamobagu, Indonesia","0","0","0","https://twitter.com/kulumin6/status/1554118264460312576","1554114791656271872","kulumin6"
"1554117944463872001","Mon Aug 01 14:52:46 +0000 2022","0","ga pendidikan ga industri ga dunia internet. oknum oknum yang saya gamau sebut namanya ini apa kalo bikin kebijakan ndak lihat kondisi masyarakat di luar kantor mereka itu gimana. ndatengin pakar pakar ahli katanya. apa ndak didengerin juga pakarnya ngomong apa.","1554117944463872001","","","in","wakanda","0","0","0","https://twitter.com/nun0zulfiqar/status/1554117944463872001","1250363499894595586","nun0zulfiqar"
"1554087839851094016","Mon Aug 01 12:53:09 +0000 2022","0","Sorot Gap Pendidikan LaNyalla Minta Pemerintah Hadirkan Kebijakan Tekan Kesenjangan https://t.co/AHqIZipFJY","1554087839851094016","","","in","Jakarta, Indonesia","0","0","0","https://twitter.com/abadikinicom/status/1554087839851094016","1554019722","abadikinicom"
"1554083379762458624","Mon Aug 01 12:35:25 +0000 2022","9","Sorot Gap Pendidikan LaNyalla Minta Pemerintah Hadirkan Kebijakan Tekan Kesenjangan #LengkapCepatBeritanya #BeritaTerkini #Berita #News #BeritaNasional . https://t.co/B26LBb2WVR","1554083379762458624","","","in","Jakarta","0","0","12","https://twitter.com/okezonenews/status/1554083379762458624","47274731","okezonenews"
"1554069379905511426","Mon Aug 01 11:39:48 +0000 2022","10","SIARAN PERS Ketua DPD RI Senin 1 Agustus 2022 - Sorot Gap Pendidikan LaNyalla Minta Pemerintah Hadirkan Kebijakan Tekan Kesenjangan SURABAYA - Ketua DPD RI AA LaNyalla Mahmud Mattalitti menyoroti gap di bidang pendidikan terutama di tingkat perguruan tinggi. Next... https://t.co/Wf3vTg79mw","1554069379905511426","https://pbs.twimg.com/media/FZEp3VYVUAAMtKE.jpg","","in","SIRI'NA PESSE","0","1","4","https://twitter.com/patualanggaAsse/status/1554069379905511426","710763230445113344","patualanggaAsse"
"1554069378060079105","Mon Aug 01 11:39:47 +0000 2022","7","SIARAN PERS Ketua DPD RI Senin 1 Agustus 2022 - Sorot Gap Pendidikan LaNyalla Minta Pemerintah Hadirkan Kebijakan Tekan Kesenjangan SURABAYA - Ketua DPD RI AA LaNyalla Mahmud Mattalitti menyoroti gap di bidang pendidikan terutama di tingkat perguruan tinggi. Next... https://t.co/v6T57kulK9","1554069378060079105","https://pbs.twimg.com/media/FZEp2RJUEAANCaa.jpg","","in","SIRI'NA PESSE","0","1","1","https://twitter.com/patualanggaAsse/status/1554069378060079105","710763230445113344","patualanggaAsse"
"1554068151138021377","Mon Aug 01 11:34:55 +0000 2022","7","SIARAN PERS Ketua DPD RI Senin 1 Agustus 2022 - Sorot Gap Pendidikan LaNyalla Minta Pemerintah Hadirkan Kebijakan Tekan Kesenjangan SURABAYA - Ketua DPD RI AA LaNyalla Mahmud Mattalitti menyoroti gap di bidang pendidikan terutama di tingkat perguruan tinggi. Next... https://t.co/nuhQ7qPzPk","1554068151138021377","https://pbs.twimg.com/media/FZEovrDUcAAg5oE.jpg","","in","SIRI'NA PESSE","0","0","1","https://twitter.com/patualanggaAsse/status/1554068151138021377","710763230445113344","patualanggaAsse"
"1554067378224664577","Mon Aug 01 11:31:50 +0000 2022","28","Menyoroti gap di bidang pendidikan terutama di tingkat perguruan tinggi. Masalah yang muncul antara lain biaya kuliah sangat mahal. Karena itu saya meminta pemerintah menekan kesenjangan tersebut dengan kebijakan dan sistem yang tepat. #LaNyalla #ketuadpdri #dpdri #uud1945 https://t.co/7DIAirD1g2","1554067378224664577","https://pbs.twimg.com/media/FZEoCigaUAALjrV.jpg","","in","DKI Jakarta, Indonesia","1","3","22","https://twitter.com/LaNyallaMM1/status/1554067378224664577","1903785632","LaNyallaMM1"
"1554065324298735616","Mon Aug 01 11:23:41 +0000 2022","2","Sorot Gap Pendidikan LaNyalla Minta Pemerintah Hadirkan Kebijakan Tekan Kesenjangan Selengkapnya: https://t.co/y9e4nq0RMU https://t.co/HByhmwglOg #dpdri https://t.co/1Ujt37RszL","1554065324298735616","https://pbs.twimg.com/media/FZEmLIWUUAAPIHf.jpg","","in","Senayan - Jakarta - Indonesia","0","0","0","https://twitter.com/DPDRI/status/1554065324298735616","977870468","DPDRI"
"1554038447572221952","Mon Aug 01 09:36:53 +0000 2022","0","Sorot Gap Pendidikan LaNyalla Minta Pemerintah Hadirkan Kebijakan Tekan Kesenjangan https://t.co/GCsLegu8r3","1554038447572221952","","","in","Tangsel Banten ","0","0","0","https://twitter.com/Sinargunungcom/status/1554038447572221952","1406965020211113987","Sinargunungcom"
"1554037954649403392","Mon Aug 01 09:34:55 +0000 2022","46","Sorot Gap Pendidikan LaNyalla Minta Pemerintah Hadirkan Kebijakan Tekan Kesenjangan @LaNyallaMM1 #LaNyalla https://t.co/s8SsOqNQUD","1554037954649403392","","","in","","0","0","23","https://twitter.com/lanyallacenter_/status/1554037954649403392","1422924272289284103","lanyallacenter_"
"1553957413442957315","Mon Aug 01 04:14:53 +0000 2022","2","BNNK Serdang Bedagai Melaksanakan kegiatan Konsolidasi Kebijakan Kabupaten Kota Tanggap Ancaman Narkoba di Lingkungan Pendidikan. https://t.co/ywZvZrwN7y","1553957413442957315","https://pbs.twimg.com/media/FZDD-8maMAAkHN4.jpg","","in","Kabuapten Serdang Bedagai","0","0","0","https://twitter.com/SergaiBersinar/status/1553957413442957315","1527191074946842624","SergaiBersinar"
"1553913755960221696","Mon Aug 01 01:21:24 +0000 2022","1"," Sejak 60an setiap ganti Menteri P&amp;K pasti ganti kebijakan. Jika itu ternyata baik| menjadi lebih baik is OK. Ternyata hanya u menutupi diri dari ketidak mampuan. Akhirnya dunia pendidikan di 🇮🇩 sell gonjang ganjing","1553913755960221696","","","in","West Java, Indonesia","0","0","1","https://twitter.com/Bambang77197468/status/1553913755960221696","702038954426535937","Bambang77197468"
