"conversation_id_str","created_at","favorite_count","full_text","id_str","image_url","in_reply_to_screen_name","lang","location","quote_count","reply_count","retweet_count","tweet_url","user_id_str","username"
"1752313463236706539","Tue Jan 30 12:51:00 +0000 2024","0","Menginspirasi dengan gagasan yang jelas Pak Ganjar-Prof Mahfud Presiden Rakyat terdepan dalam merancang kebijakan pendidikan yang konkrit menciptakan harapan baru bagi jutaan rakyat. Bersama Ganjar kita sejahtera #GanjarMahfud2024 #GanjarPresidenRakyat #KratonBersamaRakyat https://t.co/NZ92ma3bX4","1752313463236706539","https://pbs.twimg.com/media/GFF3zbNboAAerP8.jpg","","in","Gorontalo","0","0","0","https://twitter.com/GitaAprili3/status/1752313463236706539","1686588594771869696","GitaAprili3"
"1752311586281377977","Tue Jan 30 12:43:33 +0000 2024","1","Sisi miris rakyat yg ingin mempunyai akses thdp pendidikan. Tdk hnya pd level perguruan tinggi saja hampir di semua lini ini nampak jelas. Korbannya byk banget. Perlu ada kebijakan serius utk menangani mslh ini. There should be a radical change on how education is managed.","1752311586281377977","","","in","West Meath, Ireland","0","0","1","https://twitter.com/KamusKecil01/status/1752311586281377977","1414152216366108674","KamusKecil01"
"1752309584537198896","Tue Jan 30 12:35:35 +0000 2024","3","berharap ke depan siapapun nanti menteri pendidikannya sebaiknya mengkaji lebih dalam mengenai bagaimana kebijakan untuk masa depan lulusan jurusan pendidikan ","1752309584537198896","","","in","","0","2","2","https://twitter.com/cremebrulelee/status/1752309584537198896","1527894785692151811","cremebrulelee"
"1752309401766220192","Tue Jan 30 12:34:52 +0000 2024","0","Di debat nanti Ganjar-Mahfud pasti akan menunjukkan keunggulan mereka dalam merumuskan kebijakan pendidikan yang inklusif. Tiga Kali Lebih Sejahtera Untuk Indonesia Hebat! @slinderjj #GanjarMahfud2024 #GanjarPresidenRakyat #KratonBersamaRakyat https://t.co/hjt2AbtJak","1752309401766220192","https://pbs.twimg.com/media/GFF0HVnaMAA-_Wo.jpg","","in","Jakarta Utara","0","0","0","https://twitter.com/FriskaYuli98/status/1752309401766220192","1683378465096228864","FriskaYuli98"
"1752309344614703339","Tue Jan 30 12:34:38 +0000 2024","0","Semangat Pak Ganjar-Prof Mahfud harapan rakyat akan kemudahan akses pendidikan tinggi bisa terwujud melalui kebijakan yang cerdas dan tegas. Ganjar Pranowo terbukti lebih baik @verasingulary_ #GanjarMahfud2024 #GanjarPresidenRakyat #KratonBersamaRakyat https://t.co/untI3u0Nti","1752309344614703339","https://pbs.twimg.com/media/GFF0DtAbAAAaqKf.jpg","","in","Padang","0","0","0","https://twitter.com/irfanmln02/status/1752309344614703339","1686576430296264705","irfanmln02"
"1752307728704508255","Tue Jan 30 12:28:13 +0000 2024","1","bingung mau ambil matkul pilihan kedua antara : 1) Kebijakan Anak dan Keluarga 2) Pendidikan Kemasyarakatan WHEJEJDNDJDJSNWS HELP‼️","1752307728704508255","","","in","","0","2","0","https://twitter.com/orangmanadokw/status/1752307728704508255","1703596434145280001","orangmanadokw"
"1752297744050655718","Tue Jan 30 11:48:32 +0000 2024","0","Bersama LPDP Menkeu Sri Mulyani masih mengkaji kebijakan student loan atau pinjaman pendidikan untuk mahasiswa seperti yang diterapkan di Amerika Serikat. https://t.co/RUoJYwxLoe","1752297744050655718","","","in","Jakarta Capital Region, Indone","0","0","0","https://twitter.com/validnewsid/status/1752297744050655718","874558344593195008","validnewsid"
"1752292757673324804","Tue Jan 30 11:28:44 +0000 2024","0","Perlu kebijakan yang harus memihak oleh presiden terpilih nantinya selama ini pendidikan itu jadi lahan basah untuk mencari keuntungan","1752292757673324804","","","in","","0","0","0","https://twitter.com/Taromassegaf/status/1752292757673324804","298899162","Taromassegaf"
"1752291437981659347","Tue Jan 30 11:23:29 +0000 2024","0","Inovasi SMKN Jat3ng menciptakan jalan baru untuk anak-anak miskin menuju pendidikan berkualitas Terima kasih Pak Ganjar Pranowo dan Pak Mahfud MD atas kebijakan sekolah gratis yang membuka peluang besar. Gandakan #GanjarMahfud2024 #GanjarPresidenRakyat #KratonBersamaRakyat https://t.co/PeC9MhTTAH","1752291437981659347","https://pbs.twimg.com/media/GFFjxrraAAA3e9S.jpg","","in","Kotamobagu","0","0","0","https://twitter.com/radityaola1/status/1752291437981659347","1689007557225156609","radityaola1"
"1752291401138909258","Tue Jan 30 11:23:20 +0000 2024","0","Pak Ganjar terima kasih atas langkah-langkah nyata dalam meningkatkan mutu pendidikan SMK Negeri Jat3ng adalah bukti bahwa kebijakan progresif bisa mengubah paradigma pendidikan. Tiga Kali Lebih Sejahtera Indonesia #GanjarMahfud2024 #GanjarPresidenRakyat #KratonBersamaRakyat https://t.co/jpOcOADaWj","1752291401138909258","https://pbs.twimg.com/media/GFFjvRnbgAAADB7.jpg","","in","Tasikmalaya","0","0","0","https://twitter.com/prat_hendra/status/1752291401138909258","1686203692184371200","prat_hendra"
"1752291364640096452","Tue Jan 30 11:23:11 +0000 2024","0","Semoga program SMK b3rasrama Gratis Pak Ganjar terus menjadi teladan bagi daerah lain untuk mengadopsi kebijakan yang memprioritaskan pendidikan Terima kasih Pak Ganjar atas peran besar Anda. Tiga Kali Lebih #GanjarMahfud2024 #GanjarPresidenRakyat #KratonBersamaRakyat https://t.co/zd7zhWCw28","1752291364640096452","https://pbs.twimg.com/media/GFFjtRXaoAAq41Z.jpg","","in","Pagar Alam","0","0","0","https://twitter.com/RikoRamada38/status/1752291364640096452","1681860041530572800","RikoRamada38"
"1752290818671693974","Tue Jan 30 11:21:01 +0000 2024","0","Pak Ganjar terima kasih atas kebijakan yang membawa p3rubahan positif dalam dunia pendidikan Program ini sangat bermanfaat. Ganjar Pranowo - Hanya dia yang betul merakyat dan akan berbuat lebih demi rakyat @charimaty #GanjarMahfud2024 #GanjarPresidenRakyat #KratonBersamaRakyat https://t.co/04yHChwbjV","1752290818671693974","https://pbs.twimg.com/media/GFFjNgmboAAwPhQ.jpg","","in","Sawahlunto","0","0","0","https://twitter.com/rendijuliansahh/status/1752290818671693974","1691315141139476480","rendijuliansahh"
"1752290052720497031","Tue Jan 30 11:17:59 +0000 2024","0","SMK Negeri Jat3ng adalah cermin keberhasilan kebijakan pendidikan yang berfokus pada kesejahteraan masyarakat Ganjar Pranowo terima kasih atas dedikasi dan p3rubahan positif yang telah Anda bawa. Kesejahteraan berkali #GanjarMahfud2024 #GanjarPresidenRakyat #KratonBersamaRakyat https://t.co/eRa0w9y49C","1752290052720497031","https://pbs.twimg.com/media/GFFig4da8AEThTp.jpg","","in","Palu","0","0","0","https://twitter.com/Mhmmdpan/status/1752290052720497031","1686945256066158592","Mhmmdpan"
"1752289371129344169","Tue Jan 30 11:15:16 +0000 2024","0","Ganjar Pranowo SMK Negeri Jat3ng adalah bukti bahwa kebijakan pendidikan yang baik dapat merubah takdir banyak orang Inspiratif. Kesejahteraan berlipat ganda Indonesia Makmur Sentosa @chimolchi45 #GanjarMahfud2024 #GanjarPresidenRakyat #KratonBersamaRakyat https://t.co/QRKcVgbuuH","1752289371129344169","https://pbs.twimg.com/media/GFFh5DbbQAA2u3Y.jpg","","in","Cilegon","0","0","0","https://twitter.com/DivaAgustinak/status/1752289371129344169","1691345856472256512","DivaAgustinak"
"1752288737365827790","Tue Jan 30 11:12:45 +0000 2024","0","Ganjar Pranowo pemimpin yang mampu membuat kebijakan yang nyata Boarding School-nya adalah bukti bahwa inovasi pendidikan bisa menjadi solusi masalah sosial Terus memberi inspirasi. Ganjar Pranowo terbukti lebih baik #GanjarMahfud2024 #GanjarPresidenRakyat #KratonBersamaRakyat https://t.co/JDLfZhGKcu","1752288737365827790","https://pbs.twimg.com/media/GFFhUX2a8AAqmT8.jpg","","in","Kotamobagu","0","0","0","https://twitter.com/dimasfabiann/status/1752288737365827790","1690319370738860032","dimasfabiann"
"1752287423474827338","Tue Jan 30 11:07:32 +0000 2024","0","SMKN Jat3ng adalah bukti bahwa pendidikan gratis dapat mengubah nasib Sukses terus untuk Pak Ganjar Pranowo telah membuktikan bahwa kebijakan pendidikan dapat menciptakan p3rubahan positif. Ganjar Pranowo hanya yang #GanjarMahfud2024 #GanjarPresidenRakyat #KratonBersamaRakyat https://t.co/ewnHa8kK9T","1752287423474827338","https://pbs.twimg.com/media/GFFgH2UbYAAq9Cd.jpg","","in","Tangerang","0","0","0","https://twitter.com/ArifDarmaw4/status/1752287423474827338","1688462797586468864","ArifDarmaw4"
"1752287409088373077","Tue Jan 30 11:07:28 +0000 2024","0","Ganjar Pranowo inspiratif sekali Boarding School yang awalnya dianggap gila kini menjadi contoh bagi banyak daerah Itu menunjukkan keberanian dan kecakapan dalam merancang kebijakan pendidikan. Kesejahteraan berkali #GanjarMahfud2024 #GanjarPresidenRakyat #KratonBersamaRakyat https://t.co/pLY6tEwzBd","1752287409088373077","https://pbs.twimg.com/media/GFFgHIRaUAAc87e.jpg","","in","Probolinggo","0","0","0","https://twitter.com/gendayuningsih/status/1752287409088373077","1686680682863722497","gendayuningsih"
"1752286712414560701","Tue Jan 30 11:04:42 +0000 2024","0","Keberhasilan SMKN Jat3ng membuktikan bahwa pendidikan gratis dapat diwujudkan dengan kebijakan yang tepat. Tiga Kali Lebih Sejahtera Indonesia Jaya! @den43622158 #GanjarMahfud2024 #GanjarPresidenRakyat #KratonBersamaRakyat https://t.co/sM89mWqRK3","1752286712414560701","https://pbs.twimg.com/media/GFFfemSaQAA1XMv.jpg","","in","Pekalongan","0","0","0","https://twitter.com/DikiFerdiian/status/1752286712414560701","1688768482433990656","DikiFerdiian"
"1752259969150537961","Tue Jan 30 09:18:26 +0000 2024","0","Mas Ganjar benar-benar jagonya dalam merancang kebijakan yang mendukung kesejahteraan masyarakat dan kemajuan pendidikan. Ganjar Pranowo hanya yang terbaik untuk rakyat @twiiqa #GanjarMahfud2024 #GanjarPresidenRakyat #KratonBersamaRakyat https://t.co/6wXTEBLFRu","1752259969150537961","https://pbs.twimg.com/media/GFFHJ_YaYAA1ZnA.jpg","","in","Cimahi","0","0","0","https://twitter.com/DioAlvaro8/status/1752259969150537961","1686643067724685312","DioAlvaro8"
"1752258498610807163","Tue Jan 30 09:12:36 +0000 2024","0","Kualitas pendidikan di Jateng melonjak berkat kebijakan progresif Ganjar-Mahfud. Ganjar Pranowo terbukti mensejahterakan @WicaksanaWildan #GanjarMahfud2024 #GanjarPresidenRakyat #KratonBersamaRakyat https://t.co/KfquAV9MdF","1752258498610807163","https://pbs.twimg.com/media/GFFF0aPbUAApjph.jpg","","in","Mataram","0","0","0","https://twitter.com/SuciKumala17/status/1752258498610807163","1689577744269705216","SuciKumala17"
"1752258317261705429","Tue Jan 30 09:11:52 +0000 2024","0","Pendidikan di Jateng semakin berkualitas berkat kebijakan yang inovatif. Ganjar Pranowo hanya yang terbaik untuk rakyat @TrshRamen #GanjarMahfud2024 #GanjarPresidenRakyat #KratonBersamaRakyat https://t.co/gsQjMoDro4","1752258317261705429","https://pbs.twimg.com/media/GFFFpcAbAAAPSed.jpg","","in","Parepare","0","0","0","https://twitter.com/LucianoLeaa/status/1752258317261705429","1703340626128052224","LucianoLeaa"
"1752257869221871771","Tue Jan 30 09:10:06 +0000 2024","0","Pendidikan di Jateng mengalami revolusi positif berkat kebijakan-kebijakan Mas Ganjar. Ganjar Pranowo hanya yang terbaik untuk rakyat @veliuonn #GanjarMahfud2024 #GanjarPresidenRakyat #KratonBersamaRakyat https://t.co/HXZ3JtkG14","1752257869221871771","https://pbs.twimg.com/media/GFFFPwaaoAAfhd_.jpg","","in","Makassar","0","0","0","https://twitter.com/rzlf3brianyshh/status/1752257869221871771","1686616256970113024","rzlf3brianyshh"
"1752257205942776104","Tue Jan 30 09:07:27 +0000 2024","0","Pendidikan di Jateng berkembang pesat berkat kebijakan Mas Ganjar yang inovatif dan berorientasi pada hasil. Kesejahteraan berlipat ganda Indonesia Makmur Sentosa @tymarkxi #GanjarMahfud2024 #GanjarPresidenRakyat #KratonBersamaRakyat https://t.co/uaWe4EGOaS","1752257205942776104","https://pbs.twimg.com/media/GFFEpDebsAAwkgI.jpg","","in","Tanjungbalai","0","0","0","https://twitter.com/gilangpraatama4/status/1752257205942776104","1687018998377185280","gilangpraatama4"
"1752255833369612686","Tue Jan 30 09:02:00 +0000 2024","0","Jateng unggul berkat kebijakan pendidikan progresif yang diterapkan oleh Mas Ganjar. Kesejahteraan berkali lipat Indonesia Hebat ! @waxyzee3 #GanjarMahfud2024 #GanjarPresidenRakyat #KratonBersamaRakyat https://t.co/UYjdZGAjXc","1752255833369612686","https://pbs.twimg.com/media/GFFDY6sbQAAEvCy.jpg","","in","Jakarta Pusat","0","0","0","https://twitter.com/diancallistaa/status/1752255833369612686","1690565325019045888","diancallistaa"
"1752253095567139131","Tue Jan 30 08:51:07 +0000 2024","0","Keberhasilan Ganjar dalam mengimplementasikan kebijakan pendidikan dapat menjadi acuan positif bagi d3bat capres ke-5. Bersama Ganjar kita sejahtera @DhimasMarcelino #GanjarMahfud2024 #GanjarPresidenRakyat #KratonBersamaRakyat https://t.co/xO7mvikkmN","1752253095567139131","https://pbs.twimg.com/media/GFFA5uTakAAdzPs.jpg","","in","Bengkulu","0","0","0","https://twitter.com/LisaMasfuf5/status/1752253095567139131","1689940436323057665","LisaMasfuf5"
"1752253037610193148","Tue Jan 30 08:50:54 +0000 2024","0","Ganjar dapat menyoroti perannya dalam menciptakan kebijakan inklusif untuk meningkatkan akses dan mutu pendidikan bagi semua lapisan masyarakat. Gandakan Kesejahteraan Raih Kemakmuran Berkelanjutan @DedyMarom10014 #GanjarMahfud2024 #GanjarPresidenRakyat #KratonBersamaRakyat https://t.co/U9COysEiX3","1752253037610193148","https://pbs.twimg.com/media/GFFA2hpbsAARBk9.jpg","","in","Payakumbuh","0","0","0","https://twitter.com/dinarlarasatiii/status/1752253037610193148","1691313779139923968","dinarlarasatiii"
"1752252719258309011","Tue Jan 30 08:49:38 +0000 2024","0","Ganjar menunjukkan bahwa visinya dalam d3bat capres adalah memberikan akses pendidikan yang merata melalui kebijakan SMK Berasrama Gratis. Tiga Kali Lebih Sejahtera Untuk Indonesia Hebat! @Donaa09 #GanjarMahfud2024 #GanjarPresidenRakyat #KratonBersamaRakyat https://t.co/aGo7RX6564","1752252719258309011","https://pbs.twimg.com/media/GFFAj_PbMAA9E3W.jpg","","in","Padang","0","0","0","https://twitter.com/ZulBaharr/status/1752252719258309011","1681916474473218049","ZulBaharr"
"1752252443080224904","Tue Jan 30 08:48:32 +0000 2024","0","Ganjar dengan kebijakan-kebijakannya telah membuktikan bahwa pendidikan dan pembangunan SDM adalah prioritas utamanya. Tiga Kali Lebih Sejahtera Untuk Indonesia Hebat! @dwipurrr #GanjarMahfud2024 #GanjarPresidenRakyat #KratonBersamaRakyat https://t.co/6YoLZCaGut","1752252443080224904","https://pbs.twimg.com/media/GFFATwfa4AA3uQt.jpg","","in","Padang Panjang","0","0","0","https://twitter.com/dodiputraaaa_/status/1752252443080224904","1684204052186275842","dodiputraaaa_"
"1752252344354685260","Tue Jan 30 08:48:08 +0000 2024","0","Ganjar akan mengajak seluruh peserta d3bat untuk berpikir jangka panjang dalam merancang kebijakan pendidikan dan pembangunan SDM. Ganjar Pranowo terbukti lebih baik @dancinseaweed #GanjarMahfud2024 #GanjarPresidenRakyat #KratonBersamaRakyat https://t.co/KmFzreVYjZ","1752252344354685260","https://pbs.twimg.com/media/GFFAOLdaEAAWLST.jpg","","in","Semarang","0","0","0","https://twitter.com/AnetasariM/status/1752252344354685260","1686225743033061377","AnetasariM"
"1752251947581882480","Tue Jan 30 08:46:34 +0000 2024","0","Ganjar dapat menjelaskan secara rinci bagaimana kebijakan pendidikan dan pembangunan SDM-nya memberikan dampak positif bagi masyarakat. Gandakan Kesejahteraan Raih Kemakmuran Berkelanjutan @deiyz_ #GanjarMahfud2024 #GanjarPresidenRakyat #KratonBersamaRakyat https://t.co/3Ii1CfltuO","1752251947581882480","https://pbs.twimg.com/media/GFE_3DeaYAAO_H-.jpg","","in","Bekasi","0","0","0","https://twitter.com/Muhammaddan0/status/1752251947581882480","1687027313396137984","Muhammaddan0"
"1752251670837489846","Tue Jan 30 08:45:28 +0000 2024","0","Dalam d3bat ke-5 Mas Ganjar akan memberikan gambaran jelas tentang bagaimana merumuskan kebijakan pendidikan yang inklusif dan berkeadilan. Tiga Kali Lebih Sejahtera Indonesia Jaya! @deaniitaaaa #GanjarMahfud2024 #GanjarPresidenRakyat #KratonBersamaRakyat https://t.co/KnZrf6yZcC","1752251670837489846","https://pbs.twimg.com/media/GFE_m6NbcAA7SpS.jpg","","in","Bandung","0","0","0","https://twitter.com/MiaNursali8/status/1752251670837489846","1686244457249935360","MiaNursali8"
"1752251654475497950","Tue Jan 30 08:45:24 +0000 2024","0","Ganjar akan membahas dampak positif kebijakan SMK Berasrama Gratis dalam d3bat ke-5 sebagai bukti nyata perhatiannya terhadap pendidikan berkualitas. Kesejahteraan berkali lipat Indonesia Hebat ! @dnayuu_ #GanjarMahfud2024 #GanjarPresidenRakyat #KratonBersamaRakyat https://t.co/o6qqXVUfQJ","1752251654475497950","https://pbs.twimg.com/media/GFE_mB6bsAAuqnR.jpg","","in","Surabaya","0","0","0","https://twitter.com/ZahraElara/status/1752251654475497950","1689894126232444929","ZahraElara"
"1752251178774319300","Tue Jan 30 08:43:30 +0000 2024","0","d3bat kali ini akan memperlihatkan bagaimana Mas Ganjar berhasil mengubah paradigma pendidikan melalui kebijakan-kebijakannya. Kesejahteraan berlipat ganda Indonesia Makmur Sentosa @dinourc #GanjarMahfud2024 #GanjarPresidenRakyat #KratonBersamaRakyat https://t.co/wSa37ttIsE","1752251178774319300","https://pbs.twimg.com/media/GFE_KTybAAAlPzV.jpg","","in","Pematangsiantar","0","0","0","https://twitter.com/adityadions/status/1752251178774319300","1684427185933926400","adityadions"
"1752251045974286601","Tue Jan 30 08:42:59 +0000 2024","0","Ganjar akan mengingatkan bahwa setiap langkah kebijakan dalam pembangunan harus mempertimbangkan dampaknya terhadap pendidikan dan pembangunan SDM. Ganjar Pranowo hanya yang terbaik untuk rakyat @dani_apt #GanjarMahfud2024 #GanjarPresidenRakyat #KratonBersamaRakyat https://t.co/JXZepSy0f2","1752251045974286601","https://pbs.twimg.com/media/GFE_Cl3bcAAt0uB.jpg","","in","Pekanbaru","0","0","0","https://twitter.com/HendraaKrus/status/1752251045974286601","1686936025892102144","HendraaKrus"
"1752250355533119556","Tue Jan 30 08:40:14 +0000 2024","0","Keahlian Mas Ganjar dalam merancang kebijakan pendidikan patut diapresiasi dalam d3bat capres mendatang. Ganjar Pranowo terbukti mensejahterakan @diazzepamy #GanjarMahfud2024 #GanjarPresidenRakyat #KratonBersamaRakyat https://t.co/XuKNlKFiE0","1752250355533119556","https://pbs.twimg.com/media/GFE-aOnbMAAoDpl.jpg","","in","DUMAI","0","0","0","https://twitter.com/__dimsaria/status/1752250355533119556","1683528003501064192","__dimsaria"
"1752248957181505614","Tue Jan 30 08:34:41 +0000 2024","0","Dalam d3bat ke-5 Mas Ganjar membuktikan keahliannya dalam merancang kebijakan pendidikan dan pembangunan SDM. Ganjar Pranowo terbukti lebih baik @ctcxlar #GanjarMahfud2024 #GanjarPresidenRakyat #KratonBersamaRakyat https://t.co/TaiCWM1y2i","1752248957181505614","https://pbs.twimg.com/media/GFE9I87bcAEOU2x.jpg","","in","Tasikmalaya","0","0","0","https://twitter.com/jntarntiii/status/1752248957181505614","1686279883058819072","jntarntiii"
"1752248952651678022","Tue Jan 30 08:34:40 +0000 2024","0","d3bat kali ini menjadi kesempatan bagi Mas Ganjar untuk menunjukkan kecakapannya dalam menyusun kebijakan pendidikan yang inklusif. Ganjar Pranowo hanya yang terbaik untuk rakyat @dumpshesi #GanjarMahfud2024 #GanjarPresidenRakyat #KratonBersamaRakyat https://t.co/oUAKb5533J","1752248952651678022","https://pbs.twimg.com/media/GFE9Ij1bAAADkoq.jpg","","in","Subulussalam","0","0","0","https://twitter.com/AmaliaGriz5/status/1752248952651678022","1689933184795074560","AmaliaGriz5"
"1752248303012766178","Tue Jan 30 08:32:05 +0000 2024","0","Dalam sesi d3bat capres Mas Ganjar menghadirkan solusi cerdas terkait kebijakan kebudayaan pendidikan yang inklusif. Tiga Kali Lebih Sejahtera Untuk Indonesia Hebat! @destiahrp #GanjarMahfud2024 #GanjarPresidenRakyat #KratonBersamaRakyat https://t.co/2gntUAhtI8","1752248303012766178","https://pbs.twimg.com/media/GFE8i6DbEAA9PB6.jpg","","in","Balik Papan","0","0","0","https://twitter.com/saipuljokoo/status/1752248303012766178","1689843038473125888","saipuljokoo"
"1752231972544680419","Tue Jan 30 07:27:11 +0000 2024","4","Selamat Ulang Tahun ke-20 @MCCgov! Sejak 2004 MCC telah menginvestasikan hampir 17 miliar dolar utk infrastruktur &amp; reformasi kebijakan di bidang kesehatan pendidikan pertanian &amp; transportasi di 47 negara memberikan manfaat bagi 300+ jt orang di seluruh dunia termasuk https://t.co/SFCmR71F4L","1752231972544680419","https://pbs.twimg.com/media/GFErAk2bMAAANKc.jpg","","in","Jakarta, Indonesia","0","2","1","https://twitter.com/usembassyjkt/status/1752231972544680419","47279525","usembassyjkt"
"1752231780751704229","Tue Jan 30 07:26:26 +0000 2024","0","Ganjar Pranowo berhasil meningkatkan akses pendidikan melalui kebijakan inklusifnya. Ganjar Pranowo terbukti lebih baik @raa17454196 #GanjarMahfud2024 #GanjarPresidenRakyat #KratonBersamaRakyat https://t.co/GtGzEUDdwO","1752231780751704229","https://pbs.twimg.com/media/GFEtg_db0AARLVC.jpg","","in","Kendari","0","0","0","https://twitter.com/tkaylii1iii/status/1752231780751704229","1686644094137942016","tkaylii1iii"
"1752230885049684366","Tue Jan 30 07:22:52 +0000 2024","0","Ganjar - Mahfud dengan kebijakan 1 keluarga miskin 1 sarjana mengajarkan bahwa pendidikan adalah senjata untuk menang melawan kemiskinan @sambatlokaa #GanjarMahfud2024 #GanjarPresidenRakyat #KratonBersamaRakyat https://t.co/o33QLkRUia","1752230885049684366","","","in","Cilegon","0","0","0","https://twitter.com/SulisaNeni/status/1752230885049684366","1679016642804879360","SulisaNeni"
"1752228771917340674","Tue Jan 30 07:14:28 +0000 2024","0","Kebijakan progresif Ganjar Pranowo di bidang pendidikan menjadi aset utama dalam mewujudkan generasi unggul di Indonesia. Ganjar Pranowo karena kamu berhak mendapatkan yang terbaik @manab_dillah #GanjarMahfud2024 #GanjarPresidenRakyat #KratonBersamaRakyat https://t.co/wRGey7QuTR","1752228771917340674","https://pbs.twimg.com/media/GFEqw-easAApKru.jpg","","in","Sabang","0","0","0","https://twitter.com/AkbarPriyatnaa/status/1752228771917340674","1702699099844444160","AkbarPriyatnaa"
"1752215779033120958","Tue Jan 30 06:22:50 +0000 2024","0","PKS dan Pasangan AMIN mengembangkan kebijakan pendidikan dan pelatihan keterampilan untuk memenuhi kebutuhan tenaga kerja yang dibutuhkan oleh sektor UMKM. #AMINmenangPKSmenang","1752215779033120958","","","in","","0","0","0","https://twitter.com/NiningQorn99827/status/1752215779033120958","1718499262278041600","NiningQorn99827"
"1752215520559194129","Tue Jan 30 06:21:49 +0000 2024","0","PKS dan Pasangan AMIN memperkuat kebijakan pendidikan dan pelatihan keterampilan untuk memenuhi kebutuhan tenaga kerja yang dibutuhkan oleh sektor UMKM. #AMINmenangPKSmenang","1752215520559194129","","","in","","0","0","0","https://twitter.com/NiningQorn99827/status/1752215520559194129","1718499262278041600","NiningQorn99827"
"1752215303629738056","Tue Jan 30 06:20:57 +0000 2024","0","Kemenangan mahasiswa Papua dalam meniti karier setelah mendapat pendidikan tinggi adalah buah dari kebijakan cerdas Ganjar - Mahfud melalui program 1 keluarga miskin 1 sarjana @SappeB4671 #GanjarMahfud2024 #GanjarPresidenRakyat #KratonBersamaRakyat https://t.co/FUqWiEXPmW","1752215303629738056","","","in","Jakarta Selatan","0","0","0","https://twitter.com/jhandiahhh/status/1752215303629738056","1688541029086187520","jhandiahhh"
"1752214215409205617","Tue Jan 30 06:16:38 +0000 2024","0","Ganjar-Mahfud Sekolah Gratis adalah kebijakan inklusif yang menyejajarkan semua anak dalam derajat pendidikan . Kesejahteraan berlipat ganda Indonesia Makmur Sentosa @ssaintsilver #GanjarMahfud2024 #GanjarPresidenRakyat #KratonBersamaRakyat https://t.co/AXkQogyheb","1752214215409205617","https://pbs.twimg.com/media/GFEdimEasAEC2o3.jpg","","in","Bandung","0","0","0","https://twitter.com/nayrapuspitax/status/1752214215409205617","1695419992857251840","nayrapuspitax"
"1752213982566560048","Tue Jan 30 06:15:42 +0000 2024","0","Sekolah Gratis bukan hanya tentang kebijakan tetapi juga tentang mengubah realitas kehidupan melalui perubahan pendidikan . Kesejahteraan berkali lipat Indonesia Hebat ! @thisflorrie #GanjarMahfud2024 #GanjarPresidenRakyat #KratonBersamaRakyat https://t.co/WECJTZqXf8","1752213982566560048","https://pbs.twimg.com/media/GFEdVMlaUAA034a.jpg","","in","Bekasi","0","0","0","https://twitter.com/zdnsrgrr/status/1752213982566560048","1695072849479053312","zdnsrgrr"
"1752212586156966021","Tue Jan 30 06:10:09 +0000 2024","0","Sekolah Gratis mencerminkan kebijakan inklusif Ganjar-Mahfud dalam pendidikan . Ganjar Pranowo terbukti lebih baik @shualonely #GanjarMahfud2024 #GanjarPresidenRakyat #KratonBersamaRakyat https://t.co/2MST8MiT3x","1752212586156966021","https://pbs.twimg.com/media/GFEcDqla4AAXrAP.jpg","","in","Gunung Sitoli","0","0","0","https://twitter.com/dhitaptrri_/status/1752212586156966021","1686224740250497024","dhitaptrri_"
"1752211558477008954","Tue Jan 30 06:06:04 +0000 2024","0","Papua merasakan sentuhan kebijakan yang sungguh berarti dari Ganjar - Mahfud menciptakan peluang baru untuk pendidikan @Setiawan888Muji #GanjarMahfud2024 #GanjarPresidenRakyat #KratonBersamaRakyat https://t.co/FnOFPR6YUL","1752211558477008954","","","in","Jakarta Timur","0","0","0","https://twitter.com/RizkFitrah/status/1752211558477008954","1687321845555658752","RizkFitrah"
"1752211490814472273","Tue Jan 30 06:05:48 +0000 2024","0","Ganjar - Mahfud dengan kebijakan 1 keluarga miskin 1 sarjana membangun harapan baru bagi masyarakat Papua untuk menang melalui pendidikan @samidiataki #GanjarMahfud2024 #GanjarPresidenRakyat #KratonBersamaRakyat https://t.co/KjZ7p4OrPj","1752211490814472273","","","in","Langsa","0","0","0","https://twitter.com/laurn_cristina/status/1752211490814472273","1681895345423536128","laurn_cristina"
"1752211225700868528","Tue Jan 30 06:04:45 +0000 2024","0","Ganjar-Mahfud menciptakan momentum baru dalam dunia pendidikan dengan kebijakan Sekolah Gratis . Ganjar Pranowo - Hanya dia yang betul merakyat dan akan berbuat lebih demi rakyat @schallfezt #GanjarMahfud2024 #GanjarPresidenRakyat #KratonBersamaRakyat https://t.co/8v2AgY5ssJ","1752211225700868528","https://pbs.twimg.com/media/GFEa0hjakAAdUvm.jpg","","in","Sungai Penuh","0","0","0","https://twitter.com/mahariniiiiiii1/status/1752211225700868528","1684507539495608320","mahariniiiiiii1"
"1752210470797512902","Tue Jan 30 06:01:45 +0000 2024","0","Papua semakin bersinar berkat kebijakan yang inovatif dari Ganjar - Mahfud mengarah pada peningkatan kualitas hidup melalui pendidikan @Sever63Y #GanjarMahfud2024 #GanjarPresidenRakyat #KratonBersamaRakyat https://t.co/nvEtkNsWK6","1752210470797512902","","","in","BANDAR LAMPUNG","0","0","0","https://twitter.com/rakaherambang7/status/1752210470797512902","1689875855869423616","rakaherambang7"
"1752207974943408351","Tue Jan 30 05:51:50 +0000 2024","0","Ganjar - Mahfud dengan kebijakan progresifnya membuktikan bahwa transformasi nyata dapat dimulai dengan memberikan akses pendidikan untuk semua. @ridhorodriguez2 #GanjarMahfud2024 #GanjarPresidenRakyat #KratonBersamaRakyat https://t.co/FebVlds2xT","1752207974943408351","","","in","Probolinggo","0","0","0","https://twitter.com/wndyristyan/status/1752207974943408351","1689588974908854272","wndyristyan"
"1752207655349969133","Tue Jan 30 05:50:34 +0000 2024","0","Masyarakat Papua merasakan dampak positif dari kebijakan Ganjar dan Mahfud dalam mendukung pendidikan 1 keluarga miskin 1 sarjana. @ry0kiku #GanjarMahfud2024 #GanjarPresidenRakyat #KratonBersamaRakyat https://t.co/MlHVOo3KRw","1752207655349969133","","","in","Batu","0","0","0","https://twitter.com/anindarhma10/status/1752207655349969133","1686963333432475648","anindarhma10"
"1752207451162919296","Tue Jan 30 05:49:45 +0000 2024","0","Mahfud - Ganjar menanggapi tantangan biaya pendidikan dengan kebijakan yang progresif. @reno_yn10 #GanjarMahfud2024 #GanjarPresidenRakyat #KratonBersamaRakyat https://t.co/5OWurKjTyE","1752207451162919296","","","in","Cimahi","0","0","0","https://twitter.com/tnortnga/status/1752207451162919296","1684478032139124737","tnortnga"
"1752206789364625890","Tue Jan 30 05:47:07 +0000 2024","0","Pak Ganjar memperkuat fondasi pendidikan di Papua dengan kebijakan inklusif. @renzo_basto #GanjarMahfud2024 #GanjarPresidenRakyat #KratonBersamaRakyat https://t.co/H4JTmspvA2","1752206789364625890","","","in","JAKARTA SELATAN","0","0","0","https://twitter.com/kelvinezra_/status/1752206789364625890","1684771194296520704","kelvinezra_"
"1752206620875252218","Tue Jan 30 05:46:27 +0000 2024","0","Masyarakat Papua merasa diakui dan diberdayakan oleh kebijakan Ganjar - Mahfud dalam pendidikan. @Rusriwayanto3 #GanjarMahfud2024 #GanjarPresidenRakyat #KratonBersamaRakyat https://t.co/EfJNp9myji","1752206620875252218","","","in","Tidore Kepulauan","0","0","0","https://twitter.com/finkanfitri_/status/1752206620875252218","1686592910886936576","finkanfitri_"
"1752206065331257350","Tue Jan 30 05:44:15 +0000 2024","0","Ganjar - Mahfud merangkul rakyat Papua dengan kebijakan yang membawa keberhasilan melalui pendidikan hingga sarjana. @Rhun31669920 #GanjarMahfud2024 #GanjarPresidenRakyat #KratonBersamaRakyat https://t.co/cX5ukoovac","1752206065331257350","","","in","Singkawang","0","0","0","https://twitter.com/HAbadiixx/status/1752206065331257350","1689152732618522624","HAbadiixx"
"1752205718005174326","Tue Jan 30 05:42:52 +0000 2024","0","Melalui kebijakan 1 keluarga miskin 1 sarjana Ganjar - Mahfud menunjukkan komitmen kuat untuk membangun pendidikan di Indonesia. @Rumayom #GanjarMahfud2024 #GanjarPresidenRakyat #KratonBersamaRakyat https://t.co/Ap6zgZ0Mt1","1752205718005174326","","","in","Tangerang Selatan","0","0","0","https://twitter.com/RoySubari28/status/1752205718005174326","1684068965532962816","RoySubari28"
"1752205223282782315","Tue Jan 30 05:40:54 +0000 2024","0","Ganjar - Mahfud melalui kebijakan 1 keluarga miskin 1 sarjana membuktikan bahwa pendidikan adalah alat utama memerangi kemiskinan di tanah Papua. @Rizqueena0704 #GanjarMahfud2024 #GanjarPresidenRakyat #KratonBersamaRakyat https://t.co/hZtozbCeI2","1752205223282782315","","","in","Payakumbuh","0","0","0","https://twitter.com/IdahNovita/status/1752205223282782315","1683692442586066944","IdahNovita"
"1752204540441776365","Tue Jan 30 05:38:11 +0000 2024","0","Dalam setiap kebijakan Ganjar - Mahfud menunjukkan bahwa pendidikan adalah fondasi keadilan dan persamaan hak. @RidhoTama15 #GanjarMahfud2024 #GanjarPresidenRakyat #KratonBersamaRakyat https://t.co/yPlw1U3Vlb","1752204540441776365","","","in","Yogyakarta","0","0","0","https://twitter.com/DefanAldion/status/1752204540441776365","1689123123596308481","DefanAldion"
"1752203436966441087","Tue Jan 30 05:33:48 +0000 2024","0","Prof. Mahfud dan Pak Ganjar menunjukkan bahwa dengan kebijakan yang tepat pendidikan dapat menjadi alat untuk mengubah nasib. @RusdiAbdillah #GanjarMahfud2024 #GanjarPresidenRakyat #KratonBersamaRakyat https://t.co/BmWil7REpE","1752203436966441087","","","in","Tangerang Selatan","0","0","0","https://twitter.com/yudangustian/status/1752203436966441087","1691738800068968448","yudangustian"
"1752182978183401870","Tue Jan 30 04:12:30 +0000 2024","0","alokasi apbn terbesar itu ke pendidikan jadi sedih bgt kalo malah msh byk masalah di sektor itu. itu juga jadi satu dari sekian byk alasan bahwa milih pemimpin itu sepenting itu buat kebijakan nantinya jd jgn apatis","1752182978183401870","","","in","ddeonu","0","0","0","https://twitter.com/sheerlymp/status/1752182978183401870","1073634058851229697","sheerlymp"
"1752182344323399870","Tue Jan 30 04:09:59 +0000 2024","0","Investasi bagaimana?? Investasi untuk SDM itu berupa pendidikan dan kesehatan. Memberi makan susu dan makan gratis itu justru kesannya malah menghina rakyat. Kalau bisa justru bikin kebijakan yang bikin menaikkan daya beli rakyat.","1752182344323399870","","","in","Indonesia","0","1","0","https://twitter.com/newrosita/status/1752182344323399870","588111120","newrosita"
"1752179598228595109","Tue Jan 30 03:59:04 +0000 2024","0","Ganjar dan Mahfud dianggap sebagai tandem yang sat set siap mengimplementasikan kebijakan yang mendukung pendidikan untuk semua . Tiga Kali Lebih Sejahtera Untuk Indonesia Hebat! @ChelNotHel #GanjarMahfud2024 #GanjarPresidenRakyat #KratonBersamaRakyat https://t.co/8l9DN3FpBV","1752179598228595109","https://pbs.twimg.com/ext_tw_video_thumb/1752179407345860608/pu/img/md9kl09WkymFcHbQ.jpg","","in","Nusantara","0","0","0","https://twitter.com/ptraaprnawan/status/1752179598228595109","1695118570790019072","ptraaprnawan"
"1752178933414629820","Tue Jan 30 03:56:26 +0000 2024","0","Ganjar dan Mahfud dianggap sebagai tandem yang sat set siap mengimplementasikan kebijakan yang mendukung pendidikan untuk semua . Tiga Kali Lebih Sejahtera Untuk Indonesia Hebat! @ChelNotHel #GanjarMahfud2024 #GanjarPresidenRakyat #KratonBersamaRakyat https://t.co/PByxTTQtob","1752178933414629820","https://pbs.twimg.com/ext_tw_video_thumb/1752178834391412737/pu/img/OHhxxwb3dU71VqOb.jpg","","in","Nusantara","0","0","0","https://twitter.com/ptraaprnawan/status/1752178933414629820","1695118570790019072","ptraaprnawan"
"1752176102846747100","Tue Jan 30 03:45:11 +0000 2024","0","Melalui kebijakan inovatifnya Ganjar - Mahfud memberikan harapan nyata bagi anak-anak Papua untuk meraih mimpi mereka melalui pendidikan tinggi @sheluets #GanjarMahfud2024 #GanjarPresidenRakyat #KratonBersamaRakyat https://t.co/4bK3irDONg","1752176102846747100","","","in","Pagar Alam","0","0","0","https://twitter.com/indriitriii/status/1752176102846747100","1682279922285563904","indriitriii"
"1752175559331754101","Tue Jan 30 03:43:01 +0000 2024","0","Papua merasakan sentuhan kebijakan yang sungguh berarti dari Ganjar - Mahfud menciptakan peluang baru untuk pendidikan @Sianida_manis #GanjarMahfud2024 #GanjarPresidenRakyat #KratonBersamaRakyat https://t.co/81jMEZ2xWk","1752175559331754101","","","in","BINJAI","0","0","0","https://twitter.com/__mrtsiman/status/1752175559331754101","1681947714932858880","__mrtsiman"
"1752172802499809677","Tue Jan 30 03:32:04 +0000 2024","7","Apresiasi tapi ini ga boleh berhenti sampe omongan pendidikan orang tua aja. Kalo uda masuk janji kampanye semoga bisa naik di level kebijakan/payung hukum buat menjamin hak pekerja kreatif se-Indonesia.","1752172802499809677","","","in","","0","1","2","https://twitter.com/haarukakanata/status/1752172802499809677","3267865802","haarukakanata"
