"conversation_id_str","created_at","favorite_count","full_text","id_str","image_url","in_reply_to_screen_name","lang","location","quote_count","reply_count","retweet_count","tweet_url","user_id_str","username"
"1575596438699970560","Thu Sep 29 21:20:38 +0000 2022","3","Pada hari Kamis 29 September 2022 bertempat di Aula Villa De Rose BNNK Rote Ndao melaksanakan kegiatan Konsolidasi Kebijakan Kota Tanggap Ancaman Narkoba pada Lingkungan Pendidikan Tahun 2022. War On Drugs Speed Up Never Let Up #warondrugs #nttbersinar #rotendaobersinar https://t.co/bvJGIJLFmE","1575596438699970560","https://pbs.twimg.com/ext_tw_video_thumb/1575596317321023489/pu/img/6QBiUgNZUN0ccNML.jpg","","in","Rote Ndao, Indonesia","0","0","0","https://twitter.com/BnnkRote/status/1575596438699970560","1369567989410897922","BnnkRote"
"1575538881826820098","Thu Sep 29 17:31:56 +0000 2022","0","diniati nek njupuk kebijakan pendidikan dadi kepala sekolah sesok","1575538881826820098","","","in","Yogyakarta ","0","0","0","https://twitter.com/Ilhamrmdhnnnnn/status/1575538881826820098","794517846810234880","Ilhamrmdhnnnnn"
"1575450903116943360","Thu Sep 29 11:42:20 +0000 2022","15","Saya selalu meyakini jika kesejahteraan guru hanya mentok sampai segini saja sampai kapanpun dgn kurikulum atau kebijakan apapun pendidikan kita jga akan mentok segini2 saja. Bagi saya kesejahteraan guru bukan cma masalah finansial tpi jga beban kerja dan fokus mengajar.","1575450903116943360","","","in","Ruang Kelas","0","2","4","https://twitter.com/kkgpemda/status/1575450903116943360","1498525436002770951","kkgpemda"
"1575376246061486080","Thu Sep 29 06:45:40 +0000 2022","1","Kebijakan Kota Tanggap Ancaman Narkoba Pada Lingkungan Pendidikan https://t.co/29T4f7LdU9","1575376246061486080","https://pbs.twimg.com/ext_tw_video_thumb/1575375274044059648/pu/img/hPXnwaec9qjHlatS.jpg","","in","","0","0","0","https://twitter.com/SBnnksby/status/1575376246061486080","1374275643140022273","SBnnksby"
"1575338460621467648","Thu Sep 29 04:15:32 +0000 2022","1","Penyesuaian harga BBM dilakukan agar anggaran subsidi dialihkan ke sektor yang lebih bermanfaat seperti Pendidikan Kesehatan dan Infrastruktur. Mari dukung kebijakan Pemerintah ! #BantuanBBMUntukRakyat #BLTBBMTepatSasaran #SubsidiTepatSasaran Kalimantan Barat https://t.co/qIrmopzzUB","1575338460621467648","https://pbs.twimg.com/media/Fdy5xI-akAUN6oT.jpg","","in","","1","0","1","https://twitter.com/SandraAgustin94/status/1575338460621467648","1379490309961216001","SandraAgustin94"
"1575336784376254464","Thu Sep 29 04:08:52 +0000 2022","1","Kebijakan penyesuaian harga BBM membantu sektor Pendidikan dan Kesehatan di Indonesia #BantuanBBMUntukRakyat #BLTBBMTepatSasaran #SubsidiTepatSasaran Berita Jambi","1575336784376254464","","","in","Jambi, Indonesia","1","0","1","https://twitter.com/sebhayu/status/1575336784376254464","1395930975549280259","sebhayu"
"1575336026792660992","Thu Sep 29 04:05:51 +0000 2022","0","Org startup yg mau serba cepet dan disruptive emg cocok di bagian teknis. Tp birokrat harusnya mikirin kebijakan publik yg sifatnya jangka panjang krn negara ga mikirin untung rugi. Terutama di sektor pendidikan. At least ada target pembangunan human resource bbrp thn kedepan.","1575336026792660992","","","in","","0","1","0","https://twitter.com/harianrakjat/status/1575336026792660992","233881212","harianrakjat"
