"conversation_id_str","created_at","favorite_count","full_text","id_str","image_url","in_reply_to_screen_name","lang","location","quote_count","reply_count","retweet_count","tweet_url","user_id_str","username"
"1432320963392139264","Mon Aug 30 12:35:03 +0000 2021","0"," Kebijakan pendidikan pandemi yang ideal adalah yang realistis. Kita evaluasi penerapan PJJ. Bisakah memenuhi hak pembelajaran anak? Apa risiko terbengkalainya pendidikan? Learning loss apa itu? Risikonya? #BERNAS https://t.co/ZLweTDulUP","1432320963392139264","","","in","DKI Jakarta, Indonesia","0","0","0","https://twitter.com/voidotid/status/1432320963392139264","1186946650595418116","voidotid"
"1432162824235536389","Mon Aug 30 02:06:40 +0000 2021","14","Tenaga Kependidikan tmsk operator sekolah seringkali terabaikan dalam kebijakan pendidikan. Ujung tombak administrasi sekolah tmsk pendataan yg tak masuk skema pengangkatan PPPK/PNS. Saatnya memberi perhatian lebih pada TenDik. #Kundapil https://t.co/7Gu5kiszSD","1432162824235536389","https://pbs.twimg.com/media/E-AQfh1VcAAMH1x.jpg","","in","Jakarta, Bandung, Cimahi","0","3","2","https://twitter.com/lediahanifa/status/1432162824235536389","231285702","lediahanifa"
"1432101089378070528","Sun Aug 29 22:01:21 +0000 2021","1","Selamat &amp; sukses: Dr. Andhika Jaya Putra MA (Asal HMI Cabang Banda Aceh) Lulus Doktor: Rabu 26 Agustus 2021 Di Program Doktor Pendidikan Islam UIN Ar Raniry Banda Aceh. Judul Disertasi: Transformasi Pendidikan Dayah Pasca MOU Helsinky (sebuah kajian Kebijakan Restoratif) https://t.co/zNXv87XMnt","1432101089378070528","https://pbs.twimg.com/media/E9_YWdIVcAEV6Nc.jpg","","in","Makassar","0","0","0","https://twitter.com/DaengLalo/status/1432101089378070528","30220811","DaengLalo"
"1431954869435334662","Sun Aug 29 12:20:19 +0000 2021","0","/UNY adakah disink yang ambil matkul mbkm yang formulasi kebijakan pendidikan? Kalo ada rep ya","1431954869435334662","","","in","","0","0","0","https://twitter.com/UNYmfs/status/1431954869435334662","3105990024","UNYmfs"
"1431894775481843717","Sun Aug 29 08:21:32 +0000 2021","0","Dinas Pendidikan dan Kebudayaan Provinsi Lampung mengizinkan sekolah menggelar PTM. Meski demikian pemerintah kabupaten/kota untuk tetap cermat membaca situasi pandemi Covid-19 sebelum menjalankan kebijakan tersebut. #sekolah #COVID #lampungpostid https://t.co/EY6CanH4FC","1431894775481843717","","","in","Lampung, Indonesia","0","0","0","https://twitter.com/lampungpostid/status/1431894775481843717","1079671739364167680","lampungpostid"
"1431452890900566017","Sat Aug 28 03:05:38 +0000 2021","0","[ REVISI PENGUMUMAN KERINGANAN UKT MAHASISWA ON GOING SEMESTER GANJIL TA 2021/2022 ] Halo Akuntansi! Sehubungan informasi Kuota Bantuan UKT dari Pusat Layanan Pembiayaan Pendidikan (PUSLAPDIK) baru diterima Hari Kamis 26 Agustus 2021 pukul 16.30 padahalKebijakan PNJ","1431452890900566017","","","in","Gedung F PNJ","0","1","0","https://twitter.com/hmja_pnj/status/1431452890900566017","217485051","hmja_pnj"
"1431278351650463749","Fri Aug 27 15:32:05 +0000 2021","2","Pemerintah tau gak sih kondisi masyrakatnya gmn? Kondisi ekonomi dan pendidikan mereka bagaimana? Punya smartphone atau tidak bisa menggunakanya atau tidak. Please lah kasih kebijakan yang relevan jangan asal comot","1431278351650463749","","","in","Indonesia","0","0","0","https://twitter.com/rdsrtk/status/1431278351650463749","91585087","rdsrtk"
"1431267406718984198","Fri Aug 27 14:48:36 +0000 2021","0"," Iklim ke ilmuan itu adalah kebijakan pemerintah maka jika mau maju dimulai dari pendidikan ustad akmal Ingat zaman bani umayyah di andalusia","1431267406718984198","","","in","","0","0","0","https://twitter.com/z_fhic/status/1431267406718984198","1238865909923471360","z_fhic"
"1431101683451367426","Fri Aug 27 03:50:04 +0000 2021","0","/uny hallo teman-teman ada yg tau info kelas MBKM untuk matkul Kebijakan Pendidikan sama Pendidikan Alternatif dari Pend. Sosiologi? kalau ada bisa tolong reply ya Terima kasihh","1431101683451367426","","","in","","0","0","0","https://twitter.com/UNYmfs/status/1431101683451367426","3105990024","UNYmfs"
"1431092412047249414","Fri Aug 27 03:13:14 +0000 2021","0","Kuliah Umum Universitas Negeri Padang Bahas Formulasi Kebijakan dan Pendidikan di Indonesia @UNPadang https://t.co/gjK9xt8h5Z","1431092412047249414","","","in","West Sumatra, Indonesia","0","0","0","https://twitter.com/beritaminangcom/status/1431092412047249414","319499439","beritaminangcom"
"1431040177556758528","Thu Aug 26 23:45:40 +0000 2021","0","Ini juga harus menjadi perhatian para pemegang kebijakan bidang pendidikan. Berilah ruang dan perlakuan khusus bagi anak-anak dalam katagori khusus seperti ini. https://t.co/b0rB7eIYaz","1431040177556758528","https://pbs.twimg.com/media/E9wTcm_VgAQMMnA.jpg","","in","Sampang, Madura Jawa Timur","0","0","0","https://twitter.com/NurulhadiNuha/status/1431040177556758528","2836112029","NurulhadiNuha"
"1430938469602369538","Thu Aug 26 17:01:31 +0000 2021","0","MENTERI Pendidikan Kebudayaan Riset dan Teknologi (Mendikbudristek) Nadiem Makarim meluncurkan kebijakan terbaru dari Merdeka Belajar yakni Sekolah Aman Berbelanja bersama SIPLah. Sejumlah https://t.co/tbfiTUpiwz","1430938469602369538","","","in","Cirebon, Indonesia","0","0","0","https://twitter.com/Radar_Cirebon/status/1430938469602369538","388848045","Radar_Cirebon"
"1430881233085493252","Thu Aug 26 13:14:05 +0000 2021","22","Berikut ini adalah arah kebijakan yang tertuang dalam RPJMN 2020-2024 tentang pendidikan dan pelatihan vokasi berbasis industri. Selain mengatasi pengangguran secara umum pemerintah saat ini juga berkomitmen untuk mengatasi pengangguran..... https://t.co/KbkaCMjSc8","1430881233085493252","https://pbs.twimg.com/ext_tw_video_thumb/1430881118862004232/pu/img/30rxovWJfGPxxD2S.jpg","","in","DKI Jakarta, Indonesia","0","6","4","https://twitter.com/Suharso_M/status/1430881233085493252","1234748766747422720","Suharso_M"
"1430845843951689733","Thu Aug 26 10:53:27 +0000 2021","2","Apresiasi penuh terhadap Bantuan Dikbud dan juga bantuan UKT yang merata agar pendidikan tetap berlangsung selama Pandemi. Kebijakan dan program ini tentunya sangat bermanfaat. Dan semoga tepat sasaran serta mampu meningkatkan prestasi belajar #KuotaBuatBelajar","1430845843951689733","","","in","","1","1","0","https://twitter.com/taminovatif/status/1430845843951689733","2392179145","taminovatif"
"1430815545646100484","Thu Aug 26 08:53:04 +0000 2021","0","Surat Edaran @dispendikbanyuwangi tentang Kebijakan Pembelajaran di Satuan Pendidikan di masa PPKM Level 4 @osisspensacar_ https://t.co/23ZGKjmQ3l","1430815545646100484","","","in","Muncar, Indonesia","0","0","0","https://twitter.com/SMPN1_MUNCAR/status/1430815545646100484","824228141795135488","SMPN1_MUNCAR"
"1430512421018345472","Wed Aug 25 12:48:33 +0000 2021","0","Satyakarta Beraksi! Banyak cara untuk peningkatan mutu pendidikan. Seperti yang tertulis dalam kebijakan strategis peningkatan mutu pendidikan terdapat dalam Rencana Strategis Departemen Pendidikan Nasional 2005-2009 yaitu: https://t.co/nykGFKxv58","1430512421018345472","https://pbs.twimg.com/ext_tw_video_thumb/1430512310523633666/pu/img/EdhtKgtTfDTZxeCb.jpg","","in","Kota Yogyakarta, Yogyakarta","0","1","0","https://twitter.com/heirizaa/status/1430512421018345472","1311265173953363969","heirizaa"
"1430480334697553935","Wed Aug 25 10:41:03 +0000 2021","0","Pemkot Malang Genjot Pertumbuhan UMKM Lewat Platform Digital: Selain menggenjot pertumbuhan UMKM kata Setiaji sektor pariwisata maupun pendidikan menjadi prioritas Pemkot Malang dalam kerangka bangkit dari pandemi Covid-19. Kebijakan semua sektor itu https://t.co/VdoWNboqq8","1430480334697553935","","","in","Indonesia","0","0","1","https://twitter.com/merdekadotcom/status/1430480334697553935","456426648","merdekadotcom"
"1430393848727957511","Wed Aug 25 04:57:23 +0000 2021","2","Sekretaris Utama LAN juga mengatakan dengan terbitnya UU ASN memperkuat kewenangan tugas dan fungsi LAN dalam bidang kajian kebijakan inovasi administrasi negara dan manajemen ASN penyelenggaraan pelatihan dan pengembangan kompetensi serta pendidikan tinggi terapan. https://t.co/6uErVuuMLv","1430393848727957511","https://pbs.twimg.com/media/E9nHnWGVoAIJeF3.jpg","","in","Jl. Veteran No. 10 Jakarta","0","0","0","https://twitter.com/LAN_RI/status/1430393848727957511","2173872572","LAN_RI"
"1430393433764483074","Wed Aug 25 04:55:44 +0000 2021","1","Reni Suzana menyampaikan apresiasi kepada ANRI yang telah membangun komitmen bersama dengan LAN dalam rangka pelaksanaan berbagai kegiatan untuk meningkatkan kapasitas sumber daya aparatur di bidang kearsipan kajian kebijakan inovasi pelatihan dan pendidikan tinggi terapan.","1430393433764483074","","","in","Jl. Veteran No. 10 Jakarta","0","0","0","https://twitter.com/LAN_RI/status/1430393433764483074","2173872572","LAN_RI"
"1429939350511362049","Mon Aug 23 22:51:22 +0000 2021","0","[OPEN DONASI BUKU] Salam Literasi Pandemi Covid-19 sejak awal telah mengubah segala sisi kehidupan masyarakat terutama dalam sektor pendidikan. Pemerintah mengambil sejumlah kebijakan untuk menghadapi pandemi ini dengan mengubah beberapa sistem pendidikan. https://t.co/0wLMfJ1NgG","1429939350511362049","https://pbs.twimg.com/media/E9gqQbAVgAQNlPf.jpg","","in","Samarinda, Kalimantan Timur.","0","1","0","https://twitter.com/bemfisipunmul_/status/1429939350511362049","1351906985004814340","bemfisipunmul_"
"1429796483834925059","Mon Aug 23 13:23:40 +0000 2021","2","Ace Hasan Minta Peserta Program Pendidikan Golkar Institute Buat Desain Kebijakan Eksekutif di Era Pandemi https://t.co/dCwlt9jdki","1429796483834925059","","","in","Indonesia","0","0","0","https://twitter.com/idtodayco/status/1429796483834925059","1082992095361609728","idtodayco"
"1429757200138838022","Mon Aug 23 10:47:34 +0000 2021","5","Kebijakan Wawan Wardiana selaku Deputi Pendidikan dan Peran Serta Masyarakat KPK disorot. Pertama soal menyebut eks napi korupsi penyintas. Teranyar mau gandeng eks napi jadi penyuluh. #kumparanNEWS https://t.co/rI4nFfbgVB","1429757200138838022","","","in","","1","2","5","https://twitter.com/kumparan/status/1429757200138838022","759692754985242625","kumparan"
"1429654368131768325","Mon Aug 23 03:58:57 +0000 2021","7","Evi Ghozaly Konsultan Pendidikan &amp; Pengurus Yayasan Global Madani Lampung mengungkapkan bhw tujuan kebijakan AN yg digagas oleh mas Menteri @MasMenteri adalah perubahan besar bagi pendidikan Indonesia. Santai saja hadapi AN tujuan mas Nadiem keren tegasnya . @ditjendikti https://t.co/qWYxaHwEyB","1429654368131768325","https://pbs.twimg.com/media/E9cnEgOUcAMWl-n.jpg","","in","Medan ","0","0","6","https://twitter.com/M3juahjuah/status/1429654368131768325","1070343155319369728","M3juahjuah"
"1429416122609127429","Sun Aug 22 12:12:15 +0000 2021","28","Saya kira lolos di UPI bikin bangga saya dan orang tua saya tapi ternyata saya dipersulit oleh kebijakan kampus bagaimana dengan mahasiswa/mahasiswi yg lain? Kami semua berjuang sampe di titik ini tapi kami terkendala biaya pendidikan yang tidak dikasih keringanan https://t.co/09aSSK8xZg","1429416122609127429","https://pbs.twimg.com/media/E9ZOYKAVEAMEZkV.jpg","","in","","2","1","15","https://twitter.com/patrisiaaa5/status/1429416122609127429","1303633849679622144","patrisiaaa5"
"1429353025592729601","Sun Aug 22 08:01:32 +0000 2021","9","Halo Kamerads jangan lewatkan BINCANG SERU dengan tema Neoliberalisasi Pendidikan dalam Kebijakan Kampus Merdeka . Live hanya di Instagram @bppmbalairung pada: ️Hari tanggal: Minggu 22 Agustus 2021 Pukul: 18.30 - 20.25 WIB Yuk ramaikan! https://t.co/GY61GWwDil","1429353025592729601","https://pbs.twimg.com/media/E9YU-aqVcAM1mgw.jpg","","in","Bulaksumur B21","1","0","1","https://twitter.com/bppmbalairung/status/1429353025592729601","1041525360","bppmbalairung"
"1429236483647361030","Sun Aug 22 00:18:26 +0000 2021","0","Dinas Pendidikan Jawa Barat (Disdik Jabar) melalui Kantor Cabang Dinas VII menyampaikan Rancangan Kebijakan Umum Anggaran serta Prioritas Plafon Anggaran Sementara (KUA-PPAS) kepada Komisi V DPRD Jabar. https://t.co/V2vMA9fvRy","1429236483647361030","","","in","Jawa Barat, Indonesia","0","0","0","https://twitter.com/jabarekspres/status/1429236483647361030","79973060","jabarekspres"
"1428917199129874436","Sat Aug 21 03:09:42 +0000 2021","1","Pengenalan Sistem Pendidikan Tinggi Vokasi Indonesia dan Kebijakan Merdeka Belajar Kampus Merdeka oleh bapak Beny Bandanadjaja. Poin penting : 1. Muatan utama dalam pelaksanaan pendidikan tinggi vokasi yaitu Link and Match dengan Dunia Kerja(8+i) magang soft skill-PBL dll.","1428917199129874436","","","in","","0","1","0","https://twitter.com/AdistyAisy/status/1428917199129874436","1070895636013170688","AdistyAisy"
"1428912424875302915","Sat Aug 21 02:50:44 +0000 2021","2","Poin Materi » Membahas Pendidikan Vokasi » SDM unggul » Problesm Base Learning » Fokus Pengembangan Soft Skill Mahasiswa » Kebijakan Nasional Pengembangan Vokasi. Pemateri : Dr. Beny Bandandjaja. ST. MT. #YuwarajaXII #BanggaVokasiUB #VokasiSatuPraktisiSejati","1428912424875302915","","","in","","0","1","0","https://twitter.com/indannieda/status/1428912424875302915","1428888709076709380","indannieda"
"1428911691799023622","Sat Aug 21 02:47:49 +0000 2021","13","Hutang merupakan konsekuensi belanja negara yang ekspansif. Kebijakan belanja yang ekspansif dilakukan dengan memprioritaskan belanja produktif pada sektor infrastruktur pendidikan dan kesehatan. Semua untuk kebutuhan rakyat.. #PemulihanEkonomiDimasaPandemi https://t.co/u2biQH9AKP","1428911691799023622","https://pbs.twimg.com/ext_tw_video_thumb/1428911607162150913/pu/img/8KkVRVfXfAPJEw4K.jpg","","in","Jawa Tengah, Indonesia","1","5","7","https://twitter.com/kesittt/status/1428911691799023622","2755262034","kesittt"
"1428910230440538112","Sat Aug 21 02:42:01 +0000 2021","0","Halo guys Pagi ini aku mau sharing nih tentang Pendidikan Tinggi Vokasi PKKMB Yuwaraja day 1 1. Pendidikan Vokasi 2. Global MegaTrend 3. Arah Kebijakan Nasional 4. Link and Match 5. Integrasi Pendidikan Tinggi Vokasi #YuwarajaXIII #BanggaVokasiUB #VokasiSatuPraktisiSejati","1428910230440538112","","","in","","0","0","0","https://twitter.com/firsann1/status/1428910230440538112","1284671044595224581","firsann1"
"1428909686653263874","Sat Aug 21 02:39:51 +0000 2021","0","°Pendidikan Vokasi menjadikan mahasiswa dengan kemampuan kerja tinggi.praktik 60% &amp; 40% Teori °Berfokus pada Peningkatan Skill Mahasiswa °Arah kebijakan Nasional focus 2018 &amp; 2024 pembangunan kualitas SDM melalui vokasi #YuwarajaXIII #BanggaVokasiUB #VokasiSatuPraktisiSejati","1428909686653263874","","","in","","0","0","0","https://twitter.com/Najwanh10/status/1428909686653263874","1406365188962480131","Najwanh10"
"1428909183605166082","Sat Aug 21 02:37:51 +0000 2021","1"," Pengenalan Sistem Pendidikan Tinggi Vokasi Indonesia dan Kebijakan Merdeka Belajar Kampus Merdeka Narasumber: Dr. Beny Bandanadjaja . ST. MT. -A THREAD- . . . Nama : Naufalinda Hanunnisa Absen : 08 Cluster : 21 #YuwarajaXIII #BanggaVokasiUB #VokasiSatuPraktisiSejati","1428909183605166082","","","in","","0","1","0","https://twitter.com/haiii_______/status/1428909183605166082","1428665555884527618","haiii_______"
"1428908826791583749","Sat Aug 21 02:36:26 +0000 2021","0"," Pengenalan Sistem pendidikan Vokasi Indonesia dan kebijakan merdeka belajar Narasumber:Dr. Beny Bandanadjaja . ST. MT. Sistem Pendidikan Tinggi Vokasi Indonesia dan Kebijakan Merdeka di kampus Merdeka.","1428908826791583749","","","in","","0","1","0","https://twitter.com/DhivyaAnjelina/status/1428908826791583749","1428710759148572680","DhivyaAnjelina"
"1428908342852784130","Sat Aug 21 02:34:31 +0000 2021","0","Bincang vokasi PENGENALAN SISTEM PENDIDIKAN TINGGI VOKASI INDONESIA DAN KEBIJAKAN MERDEKA BELAJAR KAMPUS MERDEKA Oleh bapak: Dr. Beny Bandanadjaja #YuwarajaXIII #BanggaVokasiUB #VokasiSatuPraktisiSejati","1428908342852784130","","","in","Polewali Mandar, Sulawesi Bara","0","1","0","https://twitter.com/Inayah33820197/status/1428908342852784130","1381252411948294144","Inayah33820197"
"1428908150615207941","Sat Aug 21 02:33:45 +0000 2021","0"," Pengenalan Sistem Pendidikan Tinggi Vokasi Indonesia dan Kebijakan Merdeka Belajar Kampus Merdeka Pemateri : Beny Bandanadjaja","1428908150615207941","","","in","Jawa Timur, Indonesia","0","0","0","https://twitter.com/Dhelvin10/status/1428908150615207941","1381392397121155073","Dhelvin10"
"1428907750528929795","Sat Aug 21 02:32:10 +0000 2021","0","Materi PKKMB VOKASI UB DAY 1 Pengenalan Sistem Pendidikan Tinggi Vokasi Indonesia dan Kebijakan Merdeka Kampus Belajar oleh Bapak Dr. Beny Bandanadjaja . ST. MT.","1428907750528929795","","","in","","0","1","0","https://twitter.com/higandh/status/1428907750528929795","1291530093894832128","higandh"
"1428907390196338689","Sat Aug 21 02:30:44 +0000 2021","0","Materi yang Disampaikan oleh Pak. Benny Bandanadjaya ST. MT. : - Apa itu pendidikan vokasi? -Arah Kebijakan Nasional Pengembangan Vokasi - Cara meningkatkan soft skill -Merdeka Belajar #YuwarajaXIII #BanggaVokasiUB #VokasiSatuPraktisiSejati","1428907390196338689","","","in","","0","0","0","https://twitter.com/DitaDween/status/1428907390196338689","1428881625723457536","DitaDween"
"1428907360035110917","Sat Aug 21 02:30:37 +0000 2021","2","Poin 1 : Pengertian Pendidikan Vokasi Poin 2 : Pelaksanaan pembelajaran berfokus Pada Peningkatan Skil Mahasiswa Poin 3 : Arah Kebijakan Nasional Pengembangan Vokasi #YuwarajaIII #BanggaVokasiUB #VokasiSatuPraktisiSejati","1428907360035110917","","","in","","0","0","0","https://twitter.com/novan_rahina_w/status/1428907360035110917","1428729761468018707","novan_rahina_w"
"1428907263897477122","Sat Aug 21 02:30:14 +0000 2021","0","Pengenalan Sistem Pendidikan Tinggi Vokasi Indonesia dan Kebijakan Merdeka Belajar Kampus Merdeka 3 Poin Penting Yang Disampaikan: 1.Apa itu Pendidikan Vokasi? Pendidikan tinggi vokasi adalah pendidikan yang menyiapkan mahasiswa menjadi profesional dengan keterampilan/kemampuan","1428907263897477122","","","in","","0","1","0","https://twitter.com/hanaputri2810/status/1428907263897477122","1428664389146611714","hanaputri2810"
"1428906914012753924","Sat Aug 21 02:28:50 +0000 2021","5","poin materi yang disampaikan Dr. Benny Bandanadjaja ST. MT (YUWARAJA XIII): - pengenalan sistem pendidikan vokasi Indonesia dan kebijakan merdeka belajar kampus merdeka - pelaksanaan pembelajaran berfokus pada peningkatan skill mahasiswa","1428906914012753924","","","in","","0","1","0","https://twitter.com/gitapuspitad/status/1428906914012753924","1428686667041308677","gitapuspitad"
"1428906894169546754","Sat Aug 21 02:28:46 +0000 2021","0","PENGENALAN SISTEM PENDIDIKAN TINGGI VOKASI INDONESIA DAN KEBIJAKAN MERDEKA KAMPUS BELAJAR (Pak Beny) Pendidikan tinggi vokasi adalah pendidikan yang menyiapkan mahasiswa menjadi profesional siap kerja porsi praktik lebih tinggi 60% 40%teori","1428906894169546754","","","in","","0","1","0","https://twitter.com/dafrailwayz/status/1428906894169546754","1240066299830521856","dafrailwayz"
"1428906561800261640","Sat Aug 21 02:27:26 +0000 2021","0","Kebijakan Kemendikbudristek dan Desain Pendidikan Vokasi Era 4.0 dan 5.0 oleh Pak Benny Bandanadjaja selaku Direktorat Jenderal Pendidika Vokasi Pendidikan vokasi bertujuan untuk menyiapkan mahasiswa menjadi tenaga kerja yg profesional dengan kemampuan kerja tinggi.","1428906561800261640","","","in","","0","1","0","https://twitter.com/nrnfhh/status/1428906561800261640","1261650964777402369","nrnfhh"
"1428906404924989444","Sat Aug 21 02:26:49 +0000 2021","7","1. Pengenalan sistem Pendidikan Vokasi -Menyiapkan mahasiswa dengan keterampilan/kemampuan kerja tinggi -Mengandung 60% praktik dan 40% teori 2. Arah kebijakan nasional -Dosen sebagai penggerak dan mahasiswa aktif untuk meningkatkan softskill","1428906404924989444","","","in","","0","1","0","https://twitter.com/nelanifaaaa/status/1428906404924989444","1298107225206972416","nelanifaaaa"
"1428905761741045763","Sat Aug 21 02:24:16 +0000 2021","0","Pengenalan sistem pendidikan tinggi vokasi indonesia dan kebijakan merdeka belajar kampus merdeka UU pendidikan tahun 2012 Isi : kriteria pendidikan vokasi Adalah pendidikan yang menyiapkan mahasiswa dengan keterampilan kerja tinggi dengan Porsi praktik lebih tinggi yakni 60%","1428905761741045763","","","in","","0","1","0","https://twitter.com/LLectiva/status/1428905761741045763","1428200841383538692","LLectiva"
"1428904924184682502","Sat Aug 21 02:20:56 +0000 2021","4","Pengenalan Sistem Pendidikan Vokasi Indonesia Pendidikan Vokasi adalah pendidikan yang menyiapkan mahasiswa menjadi profesional arah kebijakan pengembangan vokasi #YuwaraXIII #BanggaVokasiUB #VokasiSatuPraktisiSejati","1428904924184682502","","","in","","0","1","0","https://twitter.com/Windaamhf/status/1428904924184682502","1129605892406538240","Windaamhf"
"1428904506574610436","Sat Aug 21 02:19:16 +0000 2021","6","3. Arah Kebijakan Nasional Pengembangan Vokasi oleh negara dengan berfokus pada tahun 2018 dan 2024 tentang Pembangunan Kualitas SDM Melalui pengembangan Pendidikan Vokasi #YuwarajaXIII #BanggaVokasiUB #VokasiSatuPraktisuSejati","1428904506574610436","","","in","","0","0","0","https://twitter.com/MadeDwiAnugrah/status/1428904506574610436","1428698054740389891","MadeDwiAnugrah"
"1428904482809679874","Sat Aug 21 02:19:11 +0000 2021","2","Materi : Pengenalan Sistem Pendidikan Tinggi Vokasi Indonesia dan Kebijakan Merdeka Belajar Kampus Merdeka #YuwarajaXIII #BanggaVokasiUB #VokasiSatuPraktisiSejati","1428904482809679874","","","in","","0","1","0","https://twitter.com/Kareninawm_/status/1428904482809679874","1254802679299112961","Kareninawm_"
"1428904179867676674","Sat Aug 21 02:17:58 +0000 2021","7","Materi Bincang Tema Bincang Bersama Bpk. Dr. Beny Bandanadjaja . ST. MT. 1. Sistem Pengenalan Pendidikan Tinggi Vokasi Indonesia dan kebijakan merdeka belajar kampus merdeka","1428904179867676674","","","in","","0","0","0","https://twitter.com/MadeDwiAnugrah/status/1428904179867676674","1428698054740389891","MadeDwiAnugrah"
"1428904161798541318","Sat Aug 21 02:17:54 +0000 2021","6","Materi dari Pak DR. BENY BANDANADJAYA ST. MT 1. Pengenalan sistem pendidikan tinggi vokasi Indonesia 2. Implementasi program kemendikbud terhadap visi presiden SDM UNGGUL 3. Kebijakan merdeka belajar kampus merdeka #YuwarajaXIII #BanggaVokasiUB #VokasiSatuPraktisiSejati","1428904161798541318","","","in","","0","0","0","https://twitter.com/dinginkekdia/status/1428904161798541318","1298489809829105664","dinginkekdia"
"1428904067909111810","Sat Aug 21 02:17:32 +0000 2021","3","Materi Pengenalan Sistem Pendidikan Tinggi Vokasi di Indonesia dan Kebijakan Merdeka Belajar Kampus Merdeka oleh Bapak Dr. Benny Bandanadjaja . ST. MT. #YuwarajaXIII #BanggaVokasiUB #VokasiSatuPraktisiSejati","1428904067909111810","","","in","","0","1","0","https://twitter.com/Patrickdanaaa/status/1428904067909111810","1428876743868223497","Patrickdanaaa"
"1428904066747297799","Sat Aug 21 02:17:31 +0000 2021","1","Pengenalan Sistem Pendidikan Tinggi Vokasi Indonesia dan Kebijakan Merdeka Belajar Kampus Merdeka. Oleh Dr. Beny Bandanadjaja . ST. MT. 1. Pendidikan tinggi Vokasi merupakan pendidikan yang menyiapkan mahasiswa menjadi profesional dengan keterampilan/ kemampuan kerja tinggi.","1428904066747297799","","","in","","0","0","0","https://twitter.com/Melitaines1/status/1428904066747297799","1428668418417332242","Melitaines1"
"1428903821611175939","Sat Aug 21 02:16:33 +0000 2021","2","~PENGENALAN SISTEM PENDIDIKAN TINGGI VOKASI INDONESIA DAN KEBIJAKAN MERDEKA KAMPUS BELAJAR~ Pengertian Pendidikan tinggi vokasi adalah pendidikan yang menyiapkan mahasiswa menjadi profesional siap kerja","1428903821611175939","","","in","","0","1","0","https://twitter.com/vbeedeynevor/status/1428903821611175939","713859899537498112","vbeedeynevor"
"1428903575728508930","Sat Aug 21 02:15:34 +0000 2021","1","Nama : Ryamizard Gymnastiar Rabail Cluster : 35 Absen : 33 Pengenalan Sistem Pendidikan Tinggi Vokasi Indonesia Dan Kebijakan Merdeka Kampus Belajar bpk. DR BENNY BANDANADJAYA ST. MT #YUWARAJAXIII #BANGGAVOKASIUB #VOKASISATUPRAKTISISEJATI","1428903575728508930","","","in","","0","1","0","https://twitter.com/ryamizarddd/status/1428903575728508930","1428864206380486658","ryamizarddd"
"1428903413073399808","Sat Aug 21 02:14:56 +0000 2021","7","Pengenalan Sistem Pendidikan Tinggi Vokasi Indonesia dan Kebijakan Merdeka Belajar Kampus Merdeka oleh Pak Beny Bandanandjaja 1. Pendidikan Tinggi Vokasi adalah pendidikan yang menyiapkan mahasiswa menjadi profesional dengan keterampilan atau kemampuan kerja tinggi.","1428903413073399808","","","in","","0","1","0","https://twitter.com/SaqyaRahma/status/1428903413073399808","1428665504760139778","SaqyaRahma"
"1428903322849710091","Sat Aug 21 02:14:34 +0000 2021","1"," PENGENALAN SISTEM PENDIDIKAN TINGGI VOKASI INDONESIA DAN KEBIJAKAN MERDEKA KAMPUS BELAJAR *Pengertian Pendidikan tinggi vokasi adalah pendidikan yang menyiapkan mahasiswa menjadi profesional siap kerja #YuwarajaXIII #BanggaVokasiUB #Vokasisatupraktisisejati","1428903322849710091","","","in","","0","0","0","https://twitter.com/hanyaku415/status/1428903322849710091","1428878574065356801","hanyaku415"
"1428903211725852678","Sat Aug 21 02:14:08 +0000 2021","0","(1)pendidikan menyiapkan mahasiswa menjadi profesional dgn keterampilan/ kemampuan kerja tinggi. (2)Arah kebijakan nasional pengembangan vokasi -meningkatkan kapasitas sdm (3)visi kampus merdeka - setelah lulus bekerja #YuwarajaXIII #BanggaVokasiUB #VokasiSatuPraktisiSejati","1428903211725852678","","","in","","0","0","0","https://twitter.com/ShabrinaIndraa/status/1428903211725852678","1428694757195145223","ShabrinaIndraa"
"1428903191962284037","Sat Aug 21 02:14:03 +0000 2021","4","~ Pengenalan sistem pendidikan tinggi vokasi indonesia dan kebijakan merdeka belajar kampus merdeka ~ Pengertian : pendidikan yang menyiapkan mahasiswa menjadi profesional dengan keterampilan/kemampuan kerja tinggi.","1428903191962284037","","","in","Jawa timur ","0","1","0","https://twitter.com/Celvieeen/status/1428903191962284037","1163707625126551553","Celvieeen"
"1428903045048373249","Sat Aug 21 02:13:28 +0000 2021","0","Pengenalan Sistem Pendidikan Tinggi Vokasi Indonesia Dan Kebijakan Merdeka Belajar Kampus Merdeka Dr. Benny Bandanadjaja S.T. M.T","1428903045048373249","","","in","","0","1","0","https://twitter.com/safpossablee/status/1428903045048373249","1428880324755292164","safpossablee"
"1428902995538841606","Sat Aug 21 02:13:16 +0000 2021","15","MATERI BINCANG VOKASI 21 AGUSTUS 2021 1. Mengenalkan Sistem Pendidikan Tinggi Vokasi Indonesia dan Kebijakan Merdeka Belajar Kampus Merdeka 2. Pendidikan Vokasi menyiapkan mahasiswa menjadi profesional dengan keterampilan/ kerja tinggi 3. Pendidikan Vokasi 60% praktik 40% t-","1428902995538841606","","","in","","0","1","0","https://twitter.com/inianditanaptr/status/1428902995538841606","1428675252620386311","inianditanaptr"
"1428902991671693319","Sat Aug 21 02:13:15 +0000 2021","4","Bapak Beny Bandanadjaja Sistem Pendidikan Tinggi Vokasi Kebijakan Merdeka Belajar Kampus Merdeka; Pengertian Pendidikan Tinggi Vokasi Porsi praktik 60% : 40% &amp; Cara Meningkatkan hardskill yang didukung softskill yang baik #YuwarajaXIII #BanggaVokasiUB #VokasiSatuPraktisiSejati","1428902991671693319","","","in","","0","0","0","https://twitter.com/CintaPermatas19/status/1428902991671693319","1428699955040980993","CintaPermatas19"
"1428902962953261059","Sat Aug 21 02:13:08 +0000 2021","0","Pengenalan Sistem Pendidikan Tinggi Vokasi Indonesia dan Kebijakan Merdeka Belajar Kampus Merdeka. Pendidikan vokasi : pendidikan yang menyiapkan mahasiswa menjadi profesional dengan keterampilan/ kemampuan kerja tinggi. ~PENGENALAN SISTEM PENDIDIKAN TINGGI VOKASI","1428902962953261059","","","in","East Palu, Indonesia","0","1","0","https://twitter.com/sandy_gozal/status/1428902962953261059","1360125567354376194","sandy_gozal"
"1428902962441510919","Sat Aug 21 02:13:08 +0000 2021","3","Tugas PKKMB Yuwaraja - Dr. Benny Bandanadjaja ST. MT. Kebijakan Kemendikbudristek dan Desain Pendidikan Vokasi Era 4.0 dan 5.0 Pengenalan Sistem Pendidikan Tinggi Vokasi di Indonesia dan Kebijakan Merdeka Belajar Kampus Merdeka ","1428902962441510919","","","in","Kota Mataram, Nusa Tenggara Ba","0","1","0","https://twitter.com/Ray00257871541/status/1428902962441510919","1407526597507248129","Ray00257871541"
"1428902950257106948","Sat Aug 21 02:13:05 +0000 2021","9","Narasumber: Dr.Beny Bandanadjaja .ST. MT. Tema: Pengenalan Sistem Pendidikan Tinggi Vokasi Indonesia dan Kebijakan Merdeka Belajar Kampus Merdeka","1428902950257106948","","","in","","1","0","1","https://twitter.com/intanurfh/status/1428902950257106948","1428876911078301696","intanurfh"
"1428902936491347969","Sat Aug 21 02:13:02 +0000 2021","0","21 agustus 2021 Benny Bandanadjaja Drektur Pendidikan Tinggi Vokasi dan Profesi KEMENTERIAN PENDIDIKAN KEBUDAYAAN RISET DAN TEKNOLOGI Pengenalan Sistem Pendidikan Vokasi Indonesia dan Kebijakan Merdeka Belajar Kampus Merdeka Materi :","1428902936491347969","","","in","","0","1","0","https://twitter.com/itsgyura/status/1428902936491347969","1227142569559150592","itsgyura"
"1428902890815557634","Sat Aug 21 02:12:51 +0000 2021","1","Pengenalan Sistem Pendidikan Tinggi Vokasi Indonesia dan Kebijakan Merdeka Belajar Kampus Merdeka 1. Pendidikan Vokasi 2. Pelaksanaan Pembelajaran Berfokus pada Peningkatan Skill Mahasiswa 3. SDM Unggul Indonesia Maju","1428902890815557634","","","in","","0","1","0","https://twitter.com/nthingprsn/status/1428902890815557634","1234038097597194241","nthingprsn"
"1428902601064534016","Sat Aug 21 02:11:42 +0000 2021","0","PENGENALAN SISTEM PENDIDIKAN TINGGI VOKASI INDONESIA &amp; KEBIJAKAN MERDEKA BELAJAR KAMPUS MERDEKA. - UU mengatur pendidikan yang salah satunya berisi kriteria vokasi. #YuwarajaXIII #BanggaVokasiUB #VokasiSatuPraktisiSejati","1428902601064534016","","","in","","0","1","0","https://twitter.com/salyaaltaf/status/1428902601064534016","1339415645931229187","salyaaltaf"
"1428902299519258625","Sat Aug 21 02:10:30 +0000 2021","9","Komang Yulia Wardianti Cluster 32 Absen 15 Pengenalan sistem Pendidikan Tinggi Vokasi Indonesia dan Kebijakan Merdeka Belajar Kampus dari Bapak Dr. Beny Bandanadjaja St. Mt #YuwarajaXIII #BanggaVokasiUB #VokasiSatuPraktisiSejati","1428902299519258625","","","in","","0","1","0","https://twitter.com/unknowncomou/status/1428902299519258625","1204779704617619457","unknowncomou"
"1428902192124088323","Sat Aug 21 02:10:04 +0000 2021","1","Rangkuman Materi: Pengenalan Sistem Pendidikan Tinggi Vokasi Indonesia &amp; Kebijakan Merdeka Belajar Kampus Merdeka #YuwarajaXIII #BanggaVokasiUB #VokasiSatuPraktisiSejati","1428902192124088323","","","in","","0","1","1","https://twitter.com/stjinxps/status/1428902192124088323","1059748015701807104","stjinxps"
"1428901812690579459","Sat Aug 21 02:08:34 +0000 2021","0"," Pengenalan Sistem Pendidikan Tinggi Vokasi Indonesia dan Kebijakan Merdeka Belajar Kampus Merdeka 1. Pendidikan Vokasi: Pendidikan yang menyiapkan mahasiswa menjadi profesional dengan keterampilan kemampuan kerja tinggi. #YuwarajaXIII #BanggaVokasiUB #VokasiSatuPraktisiSejati","1428901812690579459","","","in","","0","0","0","https://twitter.com/EkaAmeliaN/status/1428901812690579459","949996151729676288","EkaAmeliaN"
"1428901695325556738","Sat Aug 21 02:08:06 +0000 2021","0","Kebijakan Kemendikbud ristek dan desain pendidikan vokasi era 4.0 dan 5.0 Pengenalan sistem pendidikan tinggi vokasi Indonesia dan kebijakan yang merdeka belajar kampus merdeka pemateri : Dr. Beny Bandanadjaja . ST. MT.","1428901695325556738","","","in","Cirebon, Jawa Barat","0","0","0","https://twitter.com/AmelindaAN/status/1428901695325556738","1266387680","AmelindaAN"
"1428901680590909442","Sat Aug 21 02:08:03 +0000 2021","7","Point penting : 1.Pendidikan Tinggi Vokasi 2. Arah Kebijakan Pembangunan Vokasi: 1.Kemerdekaan dalam proses pembelajaran 2.Dosen sebagai PENGGERAK (fasilitator) 3.Program kemahsiswaan kampus merdeka #YuwarajaXIII #BanggaVokasiUB #VokasiSatuPraktisiSeja","1428901680590909442","","","in","","0","0","0","https://twitter.com/AngelicaDamani1/status/1428901680590909442","1375327610507382785","AngelicaDamani1"
"1428901673968177157","Sat Aug 21 02:08:01 +0000 2021","1","Poin-poin yang dijelaskan oleh Bapak Benny Bananjadja yaitu: - Menjelaskan pengertian pendidikan vokasi - Menjelaskan tentang pengertian dan meningkatkan softskill dan hardskill. - Menjelaskan tentang arah kebijakan nasional pengembangan vokasi.","1428901673968177157","","","in","","0","1","0","https://twitter.com/reditadiahadt/status/1428901673968177157","1294615290207023105","reditadiahadt"
"1428901459500802050","Sat Aug 21 02:07:10 +0000 2021","3"," : Pengenalan Sistem Pendidikan Tinggi Vokasi Indonesia dan Kebijakan Merdeka Belajar Kampus Merdeka. ● pendidikan tinggi vokasi adalah pendidikan yang menyiapkan kemampuan dan keterampilan kerja tinggi karna program pembelajarannya pun 60% praktik 40% teori","1428901459500802050","","","in","","0","1","0","https://twitter.com/ploompyx/status/1428901459500802050","1428875822950014978","ploompyx"
"1428900551186534403","Sat Aug 21 02:03:33 +0000 2021","0","Pengenalan Sistem Pendidikan Tinggi Vokasi Indonesia&amp;Kebijakan Merdeka Belajar Kampus Merdeka Pendidikan Vokasi menyiapkan mahasiswa menjadi profesional dgn keterampilan kerja yg tinggi Global Megatrend&amp;Bonus Demografi Implementasi Program Kemendikbud trhdp Visi PresidenSDMUnggul","1428900551186534403","","","in","","0","1","0","https://twitter.com/shinelight30/status/1428900551186534403","1428881631012528131","shinelight30"
"1428900319568662533","Sat Aug 21 02:02:38 +0000 2021","2","Pengenalan sistem pendidikan tinggi vokasi di Indonesia dan kebijakan merdeka bersama kampus merdeka (Dr. Beny Bandanadjaja . ST. MT.) -​Pendidikan Vokasi adalah pendidikan yang menyiapkan mahasiswa menjadi profesional dengan ketrampilan/kemampuan kerja tinggi","1428900319568662533","","","in","","0","1","0","https://twitter.com/Sweeetcheese/status/1428900319568662533","884672175638167552","Sweeetcheese"
"1428900313084272648","Sat Aug 21 02:02:36 +0000 2021","0","Pada hari Sabtu tanggal 21 Agustus Dr. Beny Bandanadjaja .ST. MT. menjelaskan poin-poin tentang Pengenalan Sistem Pendidikan Tinggi Vokasi Dan Kebijakan Merdeka Belajar Kampus Merdeka yaitu : a.Pendidikan Vokasi adalah pendidikan yang menyiapkan mahasiswa menjadi professional","1428900313084272648","","","in","","0","1","0","https://twitter.com/ratuindd/status/1428900313084272648","1428687691038617601","ratuindd"
"1428900081374138372","Sat Aug 21 02:01:41 +0000 2021","15","1)Pengenalan Sistem Pendidikan Tinggi Vokasi Indonesia dan Kebijakan Belajar Kampus Merdeka 2)Pelaksanaan Pembelajaran fokus Pada Peningkatan Skill Mahasiswa 3)Dosen memfasilitasi pembelajaran mahasiswa secara independen #YuwarajaXIII #BanggaVokasiUB #VokasiSatuPraktisiSejati","1428900081374138372","","","in","","0","1","0","https://twitter.com/swttygvrl/status/1428900081374138372","1183867118200094720","swttygvrl"
"1428900068078211082","Sat Aug 21 02:01:38 +0000 2021","0","Pengenalan Sistem Pendidikan Tinggi Vokasi Indonesia dan kebijakan merdeka bljr. 1. Pengertian Pendidikan Vokasi 2. Muatan utama dalam pelaksanaan pendidikan tinggi vokasi 3. Definisi hard skill dan soft skill. Hardskill #YuwarajaXIII #BanggaVokasiUB #VokasiSatuPraktisiSejati","1428900068078211082","","","in","","0","0","0","https://twitter.com/angely_lian/status/1428900068078211082","1428673344203759619","angely_lian"
"1428900042056769540","Sat Aug 21 02:01:32 +0000 2021","0","Pengenalan sistem pendidikan tinggi vokasi kebijakan merdeka beajar * pendidikan vokasi - pendidikan yg menyiapkan mahasiswa menjadi profesional gengan keterampilan/kemampuan kerja yang tinggi - porsi praktik lebih tinggi 60% daripada teori 40%","1428900042056769540","","","in","","0","1","0","https://twitter.com/Adinamikyla23/status/1428900042056769540","1242250707543023621","Adinamikyla23"
"1428899920367394822","Sat Aug 21 02:01:03 +0000 2021","0","Pengenalan Sistem Pendidikan Tinggi Vokasi Indonesia dan Kebijakan Merdeka Belajar Kampus Merdeka. Pendidikan vokasi : pendidikan yang menyiapkan mahasiswa menjadi profesional dengan keterampilan/ kemampuan kerja tinggi. #Yuwaraja XIII #BanggaVokasiUB #VokasiSatuPraktisiSejati","1428899920367394822","","","in","","0","1","0","https://twitter.com/pftpftpf/status/1428899920367394822","1140789677579890689","pftpftpf"
"1428686548195680256","Fri Aug 20 11:53:11 +0000 2021","0","Ayo Mas...ikut memberikan kesaksian yang sebenar-benarnya. Analisa Mas dibutuhkan utk pendidikan publik dlm pengambilan keputusan/kebijakan. Bahwa ada warga yg bermetamorfosa di dunia maya satunya partisipatif dan satunya dimobilisasi. Salute terima tantangan.","1428686548195680256","","","in","","0","0","0","https://twitter.com/Dodo_Jowoki/status/1428686548195680256","1359697135269081092","Dodo_Jowoki"
"1428644213667766278","Fri Aug 20 09:04:58 +0000 2021","0","JK @Pak_JK itu sudah bukan Pejabat Resmi Negara apa hak dia ngatur2 kebijakan soal pendidikan dengan negara luar??? Waspadalah Pak Mendikbud @nadiemmakarim sebab jelas2 #JusupKallaMendukungTALIBAN","1428644213667766278","","","in","SOLO♦️SURAKARTA HADININGRAT♦️","0","0","0","https://twitter.com/IgnatioDee/status/1428644213667766278","1201475689","IgnatioDee"
"1428541793339994115","Fri Aug 20 02:17:59 +0000 2021","1","[*OPEN DONASI*] Berbagi adalah bentuk terbaik dari mensyukuri apa yang kita miliki Bersama kami Himpunan Mahasiswa Pendidikan Sosiologi Antropologi UNS memberikan bantuan kepada saudara/i kita yang tengah terdampak covid-19 ditengah kebijakan ppkm saat ini. https://t.co/5FuxuwsQft","1428541793339994115","https://pbs.twimg.com/media/E9MzLcAVcAICUeD.jpg","","in","Sekre Gd C lantai 1 FKIP UNS ","0","0","2","https://twitter.com/himadiksan_uns/status/1428541793339994115","1343643650","himadiksan_uns"
"1428527821937274886","Fri Aug 20 01:22:28 +0000 2021","0","#LANGSAZONAMERAH #PROTKES #COVID19 Kesehatan siswa dan seluruh warga sekolah menjadi pertimbangan utama dalam pelaksanaan kebijakan pendidikan https://t.co/gYgIR97WHo","1428527821937274886","","","in","Aceh","0","0","0","https://twitter.com/serambinews/status/1428527821937274886","64635651","serambinews"
"1428002418135011330","Wed Aug 18 14:34:42 +0000 2021","0","RKUA-PPAS Dinas Pendidikan Provinsi Jawa Barat di Apresiasi DPRD Jabar KOTA CIMAHI | BBCOM | Wakil Ketua Komisi V DPRD Provinsi Jawa Barat Abdul Hadi Wijaya mengapresiasi paparan dari Rancangan Kebijakan Umum Anggaran serta Prioritas Plafon Anggaran S https://t.co/HdGyl3KOLK https://t.co/yquduNwVPR","1428002418135011330","https://pbs.twimg.com/media/E9FIocmXMAQhiJ1.jpg","","in","Bandung, Jawa Barat","0","0","0","https://twitter.com/BandungBerita/status/1428002418135011330","4303560321","BandungBerita"
"1427881256771940357","Wed Aug 18 06:33:15 +0000 2021","18","Indonesia telah berusia 76 tahun tapi nyatanya isu-isu perempuan seperti kebijakan publik diskriminatif kekerasan seksual pernikahan dibawah umur kesenjangan ekonomi dan pendidikan kuatnya budaya patriarki masih berada dalam pusaran persoalan. Sudahkah perempuan merdeka?","1427881256771940357","","","in","Bandung","0","0","0","https://twitter.com/NeniNurHayati/status/1427881256771940357","347125563","NeniNurHayati"
"1427843994935906305","Wed Aug 18 04:05:11 +0000 2021","20","Nak ubah negara ni kena ada perubahan structural. Reform pada semua peringkat - governance pendidikan budaya. Kena ada pemimpin yang ada kebijakan ketegasan dan political will yg kuat utk perubahan. Benda yg tak kan ada under politik feudal UMNO &amp; tunggang agama Pas. Tak akan","1427843994935906305","","","in","","0","0","0","https://twitter.com/hisyamghazali91/status/1427843994935906305","757835629019340801","hisyamghazali91"
"1427795595335372802","Wed Aug 18 00:52:51 +0000 2021","0","valid sih sampe jadi ngotot2an berujung doi ngerasa gue rendahin karna pendidikan ga setara padahal gue ngejelasin pake logika wkwkwkwkw terus akhirnya kita gajadi jalan dan gue diturunin dipinggir jalan taiiiiii grgr bahas kebijakan orang parkir di trotoar jalan sudirman","1427795595335372802","","","in","in the save distance","0","1","0","https://twitter.com/wolfhard___/status/1427795595335372802","100161397","wolfhard___"
"1427552246787567616","Tue Aug 17 08:45:52 +0000 2021","0","Dewan Pendidikan Kota Semarang (DPKS) mendukung kebijakan Walikota Semarang Hendrar Prihadi untuk mempercepat realisasi vaksinasi di kalangan pelajar yang sudah lama tidak menjalani pembelajaran https://t.co/twF5vF6YOk","1427552246787567616","https://pbs.twimg.com/media/E8-vNAZVcAYegSm.jpg","","in","Semarang, Jawa Tengah","0","0","0","https://twitter.com/semarangpedia/status/1427552246787567616","706757867240435712","semarangpedia"
"1427540688699371520","Tue Aug 17 07:59:57 +0000 2021","0","RT @INFOBNN: 46. Kebijakan diarahkan untuk melanjutkan reformasi pendidikan dengan penekanan pada tiga hal: Peningkatan kualitas SDM ; Pemerataan sarana prasarana pendidikan; menyelesaikan mismatch pendidikan. Indonesia Tangguh Indonesia Tumbuh #Pidato https://t.co/uXXfuwEqiX","1427540688699371520","","","in","Indonesia","0","0","0","https://twitter.com/AntiNarkoba_com/status/1427540688699371520","1017402535882047488","AntiNarkoba_com"
"1427517170473345025","Tue Aug 17 06:26:30 +0000 2021","0","Sebagian orang menganggap bahwa English itu ga penting sehingga ga menghargai baik materi maupun pengajar nya. Kecewa pasti tapi sayangnya bukan orang yg memiliki kekuasaan untuk menentukan kebijakan pendidikan. ","1427517170473345025","","","in","","0","0","0","https://twitter.com/taufikwn_/status/1427517170473345025","1691027419","taufikwn_"
"1427439648477835270","Tue Aug 17 01:18:27 +0000 2021","4","Semoga Indonesia bisa segera merdeka dari pandemi Covid-19; Kebijakan pendidikan semakin berkualitas dan konsisten; Ekonomi tumbuh positif; Komunikasi dan koordinasi Pemerintah mengurus rakyat menjadi lebih baik. Indonesia Tangguh Indonesia Tumbuh #HUTRI76 #17an https://t.co/w5z5sTgfpB","1427439648477835270","https://pbs.twimg.com/media/E89Iy42VoAc-T0c.jpg","","in","West Java, Indonesia","0","0","1","https://twitter.com/shihabmohammad/status/1427439648477835270","316629732","shihabmohammad"
"1427275083333005319","Mon Aug 16 14:24:32 +0000 2021","0"," Kebijakan diarahkan untuk melanjutkan reformasi pendidikan dengan penekanan pada tiga hal:⠀⠀⠀⠀⠀⠀⠀⠀⠀ Peningkatan kualitas SDM melalui penguatan PAUD dan sekolah penggerak; Pemerataan sarana prasarana pendidikan; https://t.co/JJji3GXEmE","1427275083333005319","https://pbs.twimg.com/media/E86zHcQVoAc-IBZ.jpg","","in","West Papua, Indonesia","0","1","0","https://twitter.com/BalaiBesarTNTC/status/1427275083333005319","407568113","BalaiBesarTNTC"
"1427233040447668227","Mon Aug 16 11:37:28 +0000 2021","3","#Fulbrighter 🇮🇩 Elisabeth Rukmini PhD co-authored a recently published articled entitled Sumber Daya Manusia di Perguruan Tinggi Indonesia saat Pandemi COVID-19: Bekerja dari Rumah dan Kebijakan in the Jurnal Akuntabilitas Manajemen Pendidikan by Universitas Negeri Yogyakarta https://t.co/21jS3mMP5P","1427233040447668227","https://pbs.twimg.com/media/E86MuNyVUAE-hhU.jpg","","in","Indonesia","0","1","0","https://twitter.com/FulbrightID/status/1427233040447668227","2731306225","FulbrightID"
"1427232577518116865","Mon Aug 16 11:35:37 +0000 2021","2","PM yg harus blh menyelasikan lambakan penggaruran Blh menyelasaikan penanganan covi19 Blh menyelesaikan mslh ekonomi negara Blh membuat kebijakan sop yg sebelum ni caca merba Menteri KPM yg br blh menyelesaikan pendidikan anak2 Dan lain2nya","1427232577518116865","","","in","Kuala Lumpur, Wilayah Persekut","0","0","0","https://twitter.com/Reizki9/status/1427232577518116865","1267751180760801280","Reizki9"
"1427206717490696192","Mon Aug 16 09:52:52 +0000 2021","0","#3.Kebijakan diarahkan untuk melanjutkan reformasi pendidikan dengan penekanan pada tiga hal: Peningkatan kualitas SDM melalui penguatan PAUD dan sekolah penggerak;Pemerataan sarana prasarana pendidikan; serta menyelesaikan mismatch pendidikan dengan penguatan pendidikan vokasi ","1427206717490696192","","","in","Makasar, Sulawesi Selatan","0","0","0","https://twitter.com/bbgpsulsel/status/1427206717490696192","2915670524","bbgpsulsel"
"1427135792745381894","Mon Aug 16 05:11:02 +0000 2021","0","46. Kebijakan diarahkan untuk melanjutkan reformasi pendidikan dengan penekanan pada tiga hal: Peningkatan kualitas SDM ; Pemerataan sarana prasarana pendidikan; menyelesaikan mismatch pendidikan. Indonesia Tangguh Indonesia Tumbuh #PidatoPresiden2021","1427135792745381894","","","in","Tangerang, Banten","0","0","0","https://twitter.com/PemKabTangerang/status/1427135792745381894","2480614310","PemKabTangerang"
"1427135330151325697","Mon Aug 16 05:09:12 +0000 2021","1","RT @kementan : 46. Kebijakan diarahkan untuk melanjutkan reformasi pendidikan dengan penekanan pada tiga hal: Peningkatan kualitas SDM ; Pemerataan sarana prasarana pendidikan; menyelesaikan mismatch pendidikan. Indonesia Tangguh Indonesia Tumbuh #PidatoPresiden2021","1427135330151325697","","","in","Maros, Sulawesi Selatan","0","0","0","https://twitter.com/bbvetmaros/status/1427135330151325697","965431874301472768","bbvetmaros"
"1427129696462852100","Mon Aug 16 04:46:49 +0000 2021","0","46. Kebijakan diarahkan untuk melanjutkan reformasi pendidikan dengan penekanan pada tiga hal: Peningkatan kualitas SDM ; Pemerataan sarana prasarana pendidikan; menyelesaikan mismatch pendidikan. Indonesia Tangguh Indonesia Tumbuh #PidatoPresiden2021","1427129696462852100","","","in","Bulukumba, Sulawesi Selatan","0","0","0","https://twitter.com/PemkabBulukumba/status/1427129696462852100","3910042692","PemkabBulukumba"
"1427126827437346819","Mon Aug 16 04:35:25 +0000 2021","0","46. Kebijakan diarahkan untuk melanjutkan reformasi pendidikan dengan penekanan pada tiga hal: Peningkatan kualitas SDM ; Pemerataan sarana prasarana pendidikan; menyelesaikan mismatch pendidikan. Indonesia Tangguh Indonesia Tumbuh #PidatoPresiden2021","1427126827437346819","","","in","Karawang, Jawa Barat","0","0","0","https://twitter.com/DinasKominfoKRW/status/1427126827437346819","854891662065016833","DinasKominfoKRW"
"1426990013770657796","Sun Aug 15 19:31:46 +0000 2021","0","Ketika pembuat kebijakan membuat beberapa aturan publik untuk masyarakat seketika publik bereaksi dan mencemooh aturan tersebut nah sekarang justru ada kelompok masyarakat dalam suatu komunitas pendidikan tertentu yang memberi aturan yang berpotensi dicemooh oleh subjek aturan.","1426990013770657796","","","in","batasan imajinasimu","0","1","0","https://twitter.com/ipurbayaaa/status/1426990013770657796","1191683433459634176","ipurbayaaa"
"1426765099146964996","Sun Aug 15 04:38:02 +0000 2021","1","[BANTUAN KEMENDIKBUD UNTUK UKT SEMESTER GANJIL TA 2021/2022] Halo Kema Polban! Dalam rangka merespon berbagai masukan dari banyak stakeholder pendidikan yang mengharapkan adanya kebijakan Kemendikbud Ristek mengeluarkan kebijakan bantuan UKT bagi mahasiswa aktif. https://t.co/7ZelboZv2i","1426765099146964996","https://pbs.twimg.com/media/E8zjSqjVoAYTbrn.jpg","","in","Politeknik Negeri Bandung","0","1","0","https://twitter.com/BEMKEMAPOLBAN/status/1426765099146964996","2299208616","BEMKEMAPOLBAN"
"1426450653186969601","Sat Aug 14 07:48:32 +0000 2021","0","Negara dgn pemerintahannya secara sengaja memiskinkan rakyat jelata. Start : Kebijakan tenaga kerja pajak aturan hak obat-obatan pendidikan kesehatan kesempatan. Bansos bukan jalan keluar pemberdayan. Tetapi lebih tepatnya : kegagalan pemerintah. Penjajahpun kasih bansos","1426450653186969601","","","in","38.90929° N, 77.07478° W","0","0","0","https://twitter.com/sktdwrjo/status/1426450653186969601","1265109830160670720","sktdwrjo"
"1426322873627463682","Fri Aug 13 23:20:47 +0000 2021","2","sudah subscribe dari lama teh Saya Cinta Indonesia tapi tidak rezim ini penanganan pandemi acak adut PPKM yang sering gonta-ganti kebijakan bansos tidak merata dan di sektor pendidikan kesel liat kurikulum selalu berubah2 jadi bingung negara ini arahnya mau kemana? https://t.co/3Bxs6DMbUV","1426322873627463682","https://pbs.twimg.com/media/E8tRGA5VgAE1uQI.jpg","","in","","0","0","0","https://twitter.com/Nkd_kinoy/status/1426322873627463682","747956853749882880","Nkd_kinoy"
"1426120208532480011","Fri Aug 13 09:55:28 +0000 2021","0","Sejak kapan ada sesuatu yang berjalan sesuai koridor di negara ini? Pendidikan? Lingkungan hidup? Kesehatan? Pembangunan sarana? Kebijakan? Kehidupan beragama?..T.A.I","1426120208532480011","","","in","","0","0","0","https://twitter.com/ceritaseksxxx/status/1426120208532480011","508963245","ceritaseksxxx"
"1426065825568485385","Fri Aug 13 06:19:22 +0000 2021","2","Panggilan apapun tdk ada korelasinya bg kesejahteraan rakyat. Yg paling penting keberpihakan dlm bentuk kebijakan yg membela kepentingan rakyat menuju cita2 Keadilan Sosial Bagi Seluruh Rakyat Indonesia Adil dlm semua bidang hukum ekonomi pendidikan kesehatan politik dll.","1426065825568485385","","","in","Central Java","0","0","0","https://twitter.com/SyaikhuMochtar/status/1426065825568485385","405628816","SyaikhuMochtar"
"1426064689218289667","Fri Aug 13 06:14:51 +0000 2021","0","Tidak ada sistem yg baik tanpa adanya revolusi pendidikan dan kesehatan. Dan itu musti dirintis sejak saat ini ketimbang menanti menjabat menjadi pembuat kebijakan.","1426064689218289667","","","in","Indonesia","0","0","0","https://twitter.com/MillaJsf/status/1426064689218289667","485083986","MillaJsf"
"1426015515969941505","Fri Aug 13 02:59:27 +0000 2021","0","Di dalam kebijakan Otsus ada kekhususan yang mempermudah masyarakat papua untuk mendapatkan pendidikan dan kesehatan serta peningkatan taraf ekonomi. https://t.co/Vfvd5DPv6V","1426015515969941505","https://pbs.twimg.com/media/E8o5h17VkAMeDdM.jpg","","in","","0","0","0","https://twitter.com/Papuakuindo/status/1426015515969941505","1301446782124138496","Papuakuindo"
"1426015462773596165","Fri Aug 13 02:59:15 +0000 2021","0","Di dalam kebijakan Otsus ada kekhususan yang mempermudah masyarakat papua untuk mendapatkan pendidikan dan kesehatan serta peningkatan taraf ekonomi. https://t.co/Fs1cKLeHIb","1426015462773596165","https://pbs.twimg.com/media/E8o5e_tVgAQMZHY.jpg","","in","","0","0","0","https://twitter.com/MariaOktavia26/status/1426015462773596165","1378180660855103490","MariaOktavia26"
"1425996012242440198","Fri Aug 13 01:41:57 +0000 2021","1","Guru Besar Univ Pendidikan Indonesia (UPI) Sekaligus Pakar Kebijakan Pendidikan Prof. Cecep Darmawan : Sekolah/kampus harus menyiapkan diri. Kalau belum siap sebaiknya jangan dibuka dulu. Orangtua pun juga harus ikut memantau anak-anaknya. https://t.co/wJoW50XD0m","1425996012242440198","https://pbs.twimg.com/media/E8omMiZUcAYpiEM.jpg","","in","Jakarta Capital Region","0","0","1","https://twitter.com/RRIPrograma3/status/1425996012242440198","1129936609","RRIPrograma3"
"1425980689900470274","Fri Aug 13 00:41:04 +0000 2021","0","Di dalam kebijakan Otsus ada kekhususan yang mempermudah masyarakat papua untuk mendapatkan pendidikan dan kesehatan serta peningkatan taraf ekonomi. Lodwick Masumba Tokoh Kabupaten Teluk Bintuni https://t.co/M9epDCHnps","1425980689900470274","https://pbs.twimg.com/media/E8oZ4J5VcAAPbNT.jpg","","in","","0","0","0","https://twitter.com/JohnAB35167984/status/1425980689900470274","1378648410438332422","JohnAB35167984"
"1425957291598123011","Thu Aug 12 23:08:05 +0000 2021","1","Di dalam kebijakan Otsus ada kekhususan yang mempermudah masyarakat papua untuk mendapatkan pendidikan dan kesehatan serta peningkatan taraf ekonomi. https://t.co/kFdhtfNRI7","1425957291598123011","https://pbs.twimg.com/media/E8oEmYEVcAAOcey.jpg","","in","","0","0","0","https://twitter.com/pbhinneka/status/1425957291598123011","1333039129592963074","pbhinneka"
"1425851083058925571","Thu Aug 12 16:06:03 +0000 2021","2","Merdeka Belajar adl konsep Pendidikan yg dulu disampaikan olh Ki Hajar Dewantara. Kalau saat ini dipatenkan oleh pihak² tertentu ya lebih baik. Harusnya kebijakan Merdeka Belajar menjadi kerangka pengembangan kebijakan Pendidikan tingkat dasar &amp; menengah serta perguruan tinggi. https://t.co/8WNbJ6uvQF","1425851083058925571","https://pbs.twimg.com/media/E8mkAJPVkAcp1hE.jpg","","in","","0","0","0","https://twitter.com/IndonesiaRedka/status/1425851083058925571","1331192337368694784","IndonesiaRedka"
"1425825405508808711","Thu Aug 12 14:24:01 +0000 2021","0","Kebijakan dan Program Pendidikan Diharapkan Berfokus pada Peningkatan Kualitas https://t.co/xcwCFFW7so","1425825405508808711","","","in","Central Borneo, Indonesia","0","0","0","https://twitter.com/BORNEONEWS/status/1425825405508808711","207854679","BORNEONEWS"
"1425595461331685377","Wed Aug 11 23:10:18 +0000 2021","0","Kelak mungkin sekitar 30 atau 50 tahun lagi saat kualitas pendidikan Indonesia membaik generasi kita akan mempelajari respons kita kepada pandemi sebagai kesalahan kebijakan terkonyol dalam sejarah.","1425595461331685377","","","in","Kalimantan Selatan, Indonesia","0","0","0","https://twitter.com/JustFeyy/status/1425595461331685377","1081636862932934657","JustFeyy"
"1425458856977633280","Wed Aug 11 14:07:29 +0000 2021","0","Core Kebijakan Implementasi Pendidikan Adalah Keberlangsungan Pembelajaran https://t.co/OUT282YQ0B","1425458856977633280","","","in","Bandung, Indonesia","0","0","0","https://twitter.com/IdMatakita/status/1425458856977633280","1180864230913794048","IdMatakita"
"1425321900520001537","Wed Aug 11 05:03:16 +0000 2021","1","Aku dulu memilih bapk skrh aku kecewa pada bpk.tentang kebijakan-kebijakan covid terutama didunia pendidikan @jokowi","1425321900520001537","","","in","Riau, Indonesia","0","0","0","https://twitter.com/nyai_mbok/status/1425321900520001537","1215485404473745411","nyai_mbok"
"1425138841745117185","Tue Aug 10 16:55:52 +0000 2021","0","Kelak mungkin sekitar 30 atau 50 tahun lagi saat kualitas pendidikan Indonesia membaik generasi kita akan mempelajari respons kita kepada pandemi sebagai kesalahan kebijakan terkonyol dalam sejarah.","1425138841745117185","","","in","DKI Jakarta, Indonesia","0","0","0","https://twitter.com/mangkokmenyan/status/1425138841745117185","328284594","mangkokmenyan"
"1425119926717616129","Tue Aug 10 15:40:42 +0000 2021","0","Koordinasi Dan Singkronisasi Program Kebijakan Dinas Pendidikan Kota Subulussalam Berjalan Efektif https://t.co/F8qOJ5GpIw","1425119926717616129","","","in","Banda Aceh","0","0","0","https://twitter.com/Baranewsaceh/status/1425119926717616129","2847746144","Baranewsaceh"
"1425010491101827079","Tue Aug 10 08:25:51 +0000 2021","0","Koordinasi Dan Singkronisasi Program Kebijakan Dinas Pendidikan Kota Subulussalam Berjalan Efektif https://t.co/eZXZAzcgPM","1425010491101827079","","","in","sumut Atjeh","0","0","0","https://twitter.com/AntoniTinendun2/status/1425010491101827079","1342298961013403648","AntoniTinendun2"
"1424927600221114372","Tue Aug 10 02:56:28 +0000 2021","0","Dalam kebijakan Otsus ini terdapat dana yang dibagi untuk beberapa keperluan seperti pendidikan kesehatan pembangunan pelayanan publik peningkatan kesejahteraan dan juga untuk masyarakat adat di Papua. https://t.co/7uAxV7DOM3","1424927600221114372","https://pbs.twimg.com/media/E8ZcEeyVUAUiysQ.jpg","","in","","0","0","0","https://twitter.com/Papuakuindo/status/1424927600221114372","1301446782124138496","Papuakuindo"
"1424909504597032966","Tue Aug 10 01:44:34 +0000 2021","1","Kegagalan Pendidikan Karakter dalam Daring PMII Desak Bupati Way Kanan Mengambil Kebijakan https://t.co/NduRXt1zdx https://t.co/Q259YfXVVP","1424909504597032966","https://pbs.twimg.com/media/E8ZLpKDUcAMHJ8K.jpg","","in","Jakarta Pusat, DKI Jakarta","0","0","0","https://twitter.com/Beritabaruco/status/1424909504597032966","1139396104347250688","Beritabaruco"
"1424904878619447296","Tue Aug 10 01:26:11 +0000 2021","1","Dalam kebijakan Otsus ini terdapat dana yang dibagi untuk beberapa keperluan seperti pendidikan kesehatan pembangunan pelayanan publik peningkatan kesejahteraan dan juga untuk masyarakat adat di Papua. Steve Mara Tokoh Inspirasi Muda Papua https://t.co/kUG18IER3W","1424904878619447296","https://pbs.twimg.com/media/E8ZHb3QVkAoE_Ys.jpg","","in","","0","0","1","https://twitter.com/JohnAB35167984/status/1424904878619447296","1378648410438332422","JohnAB35167984"
"1424900658273030156","Tue Aug 10 01:09:24 +0000 2021","3","Dalam kebijakan Otsus ini terdapat dana yang dibagi untuk beberapa keperluan seperti pendidikan kesehatan pembangunan pelayanan publik peningkatan kesejahteraan dan juga untuk masyarakat adat di Papua. Steve Mara https://t.co/79OsAfiFpt","1424900658273030156","https://pbs.twimg.com/media/E8ZDmLZVkCI3_qP.jpg","","in","","0","0","1","https://twitter.com/pbhinneka/status/1424900658273030156","1333039129592963074","pbhinneka"
"1424788753575333889","Mon Aug 09 17:44:44 +0000 2021","12","Untuk pendidikan mohon bersabarr ya daring aja dulu sekalian menikmati berita histeria dari pusat Mall bakal buka dengan batasan &amp; kewajiban sertifikasi cubles lengan tangan Mohon bersabarr kebijakan lawak ini nanti cluster pendidikan kalo dibuka tapi antrian berjubel vax","1424788753575333889","","","in","Surabaya, Indonesia ","1","2","0","https://twitter.com/alvinrio_1501/status/1424788753575333889","3249664333","alvinrio_1501"
"1424763933982961667","Mon Aug 09 16:06:07 +0000 2021","0","Gak usah jauh² di Riau. Disini nih Tangerang ada lembaga pendidikan yang didanai Cendana. Isinya (hitung by feeling) 90% kadrun monaslimin. Setiap rapat isinya nyela terus kebijakan Jokowi. Padahal rapat pendidikan diingetin marah . WAG dosen ngejelek²in Jokowi mulu.","1424763933982961667","","","in","6° LU-11° LS & 95° BT-141° BT","0","0","0","https://twitter.com/MandaNizami/status/1424763933982961667","198822234","MandaNizami"
"1424758749919547398","Mon Aug 09 15:45:31 +0000 2021","0","Melihat pendidikan hari ini sepertinya sangat memprihatinkan mrlihat situasi daring kalau terlalu bertele-tele pandemi ini sulit diatasi oleh pemangku kebijakan kasihan anak-anak yang bersekolah","1424758749919547398","","","in","North Korea","0","1","0","https://twitter.com/fajarargowiliss/status/1424758749919547398","364844548","fajarargowiliss"
"1424397268442968068","Sun Aug 08 15:49:07 +0000 2021","0","Kampus Merdeka Mahasiswa di Tuntut Merdeka Seperti Apa? | Merdeka Belajar Kampus Merdeka merupakan kebijakan yang menjadi goals plan dari Nadiem Makarim sebagai Menteri pendidikan kebudayaan dan riset saat ini. Program ini dicanangkan akan memberi kebebasan pada https://t.co/W8qYhqAi4p","1424397268442968068","https://pbs.twimg.com/media/E8R5xGkUcAMHtI9.jpg","","in","","0","0","0","https://twitter.com/kabarwarga/status/1424397268442968068","111836874","kabarwarga"
"1423635332994502658","Fri Aug 06 13:21:27 +0000 2021","0","mikirin kebijakan pemerintah mikirin corona kpn kelarnya mikirin mana yg lbh dulu ayam apa telor mikirin sistem pendidikan Indonesia mikirin kpn minyak sm air bisa nyatu tanpa sunlight dah puas? wkwkwk","1423635332994502658","","","in","pintu hati","0","0","0","https://twitter.com/tapicewereceh/status/1423635332994502658","1094565506751684609","tapicewereceh"
"1423585431757676553","Fri Aug 06 10:03:10 +0000 2021","2","Jakarta Pusat Pendidikan dan Pelatihan Barang/Jasa Lembaga Kebijakan Pengadaan Barang/Jasa Pemerintah (Pusdiklat PBJ LKPP) kembali meraih Peringkat 1 (satu) Kategori Lembaga Pelatihan Pemerintah Pusat Penyelenggara Pelatihan Teknis Fungsional https://t.co/zq0PmxaWFR","1423585431757676553","https://pbs.twimg.com/media/E8GXZplVkAE---a.jpg","","in","Jakarta Selatan, DKI Jakarta","0","1","0","https://twitter.com/LKPP_RI/status/1423585431757676553","271864689","LKPP_RI"
"1423436721648144384","Fri Aug 06 00:12:15 +0000 2021","2","Karena mereka yg buat kebijakan pendidikan. ","1423436721648144384","","","in","Kelas / Kantor","0","0","1","https://twitter.com/Guru_PNS/status/1423436721648144384","1342314165159915521","Guru_PNS"
"1423300820846583808","Thu Aug 05 15:12:13 +0000 2021","0","[MODUL EDUKASI PROTOKOL KESEHATAN 5M DI MASA PANDEMI COVID-19 MELALUI VIDEO ANIMASI DAN POSTER] Untuk mendukung kebijakan pemerintah dalam menjalankan adaptasi kebiasaan baru Divisi Pendidikan Agama dan Kesehatan memandang perlu untuk memberikan edukasi protokol kesehatan 5M https://t.co/TGVSxoEyrT","1423300820846583808","https://pbs.twimg.com/media/E8CUV5CUUAkffMA.jpg","","in","","0","1","0","https://twitter.com/kkn67bendo/status/1423300820846583808","1412076560329318400","kkn67bendo"
"1423291271251054593","Thu Aug 05 14:34:17 +0000 2021","49","Menteri Agama @YaqutCQoumas meminta jajarannya untuk segera memperbaiki data keagamaan dan data pendidikan keagamaan secara keseluruhan. Data tersebut akan digunakan sebagai basis mengambil kebijakan dan merumuskan program kerja. https://t.co/srsZb8qcJx","1423291271251054593","","","in","","2","5","13","https://twitter.com/Kemenag_RI/status/1423291271251054593","175261567","Kemenag_RI"
"1423166696009785346","Thu Aug 05 06:19:16 +0000 2021","2","SINOPSIS Buku ini layak dimiliki dibaca menjadi pegangan dan referensi utamanya bagi mahasiswa guru pengamat peneliti dosen ilmuwan pengambil kebijakan pendidikan dan pihak yang konsen dalam kebijakan pendidikan di Indonesia. Selamat membaca.. Prof. Sugiyono M.Pd https://t.co/EGqEhgOLd4","1423166696009785346","https://pbs.twimg.com/media/E8AakEMVEAEb3HR.jpg","","in","Kendal Jawa Tengah","0","1","0","https://twitter.com/SiswantoEdy2020/status/1423166696009785346","2412256915","SiswantoEdy2020"
"1423138249292206088","Thu Aug 05 04:26:13 +0000 2021","0","Sepertinya donatur baik hati itu adalah mahasiswa akhir yang sudah habis matkul dan tinggal beresin skripsi tapi masih bayar UKT. Malangnya kebijakan pendidikan hari ini... #kampusmerdeka tuh kek gmana sih?","1423138249292206088","","","in","Majalengka-Cirebon","0","0","0","https://twitter.com/YDiniharis/status/1423138249292206088","710848963109195777","YDiniharis"
"1423090268010475524","Thu Aug 05 01:15:34 +0000 2021","0","Di dalam derap langkah pembangunan Satu lagi sinar menerangi kegelapan Begitu indah sepenuh kebijakan Tertulis pada agenda pendidikan Secara perlahan tapi pasti Tegak berdiri SMA KORPRI BEKASI","1423090268010475524","","","in","Bekasi Utara, Indonesia","0","0","0","https://twitter.com/ajijanuar14/status/1423090268010475524","630194732","ajijanuar14"
"1422925870994321411","Wed Aug 04 14:22:18 +0000 2021","0","Menteri PPN @Suharso_M menghadiri rapat terbatas virtual mengenai Arah Kebijakan dan Strategi Reformasi Pendidikan dan Pelatihan Vokasi Rabu (04/08/2021). #SuharsoMonoarfa @BadjaNuswantara @nety_rusi @putunesemar2012 https://t.co/nyooX4gSUo","1422925870994321411","https://pbs.twimg.com/media/E78_iaxVEAIQ8e2.jpg","","in","","0","1","3","https://twitter.com/tolakbigotnkri/status/1422925870994321411","1095278812181389312","tolakbigotnkri"
"1422917772296671235","Wed Aug 04 13:50:08 +0000 2021","0","Kebijakan yang dilakukan Kemendikbud Ristek untuk mendukung baik siswa dan guru di semua jenjang pendidikan dalam menjalani belajar secara online. https://t.co/huviU6WCCZ","1422917772296671235","","","in","Jakarta","0","0","0","https://twitter.com/kompascom/status/1422917772296671235","23343960","kompascom"
"1422893832102981637","Wed Aug 04 12:15:00 +0000 2021","0","Situasi pandemi tidak mengurangi berbagai kekerasan terhadap perempuan lo. Untuk itu perlu ada kebijakan penanggulangan kekerasan seksual di lembaga pendidikan tempat kerja keagamaan hingga masyarakat. #AdadiKompas https://t.co/Xsh6JqGdrx","1422893832102981637","","","in","ÜT: 62.478419,21.330711","0","0","1","https://twitter.com/kompasmuda/status/1422893832102981637","79237556","kompasmuda"
"1422861583710003200","Wed Aug 04 10:06:51 +0000 2021","0","Ilustrasi dunia pendidikan Indonesia saat ini semoga jadi pertimbangan pihak berwenang pembuat kebijakan @nadiemmakarim @ditpsd_dikbud https://t.co/A95rbsfJ2H","1422861583710003200","https://pbs.twimg.com/media/E78FEbxVIAQnpv9.jpg","","in","","0","0","0","https://twitter.com/ChengliBro/status/1422861583710003200","1100283395521708037","ChengliBro"
"1422835899155456003","Wed Aug 04 08:24:48 +0000 2021","7","Menteri Suharso Menjelaskan Arah Kebijakan Pendidikan dan Pelatihan Vokasi Berbasis Industri Menteri Perencanaan Pembangunan Nasional @Suharso_M menghadiri rapat terbatas virtual mengenai Arah Kebijakan dan Strategi Reformasi Pendidikan dan Pelatihan Vokasi Rabu (04/08/2021). https://t.co/UhFzUKeMpp","1422835899155456003","https://pbs.twimg.com/media/E77ttZHVoAMfBhB.jpg","","in","Indonesia ","0","1","2","https://twitter.com/Keiko_Cheche/status/1422835899155456003","2447597078","Keiko_Cheche"
"1422814484247109633","Wed Aug 04 06:59:42 +0000 2021","2","https://t.co/c9XSwqPc0v @icharis @Satriwan_Salim pengambil kebijakan pendidikan bisa tertuduh #genosida jika meminjam istilah bang @Yusrilihza_Mhd #merdekabelajar","1422814484247109633","","","in","Samarinda","0","1","0","https://twitter.com/fathur_kaltim/status/1422814484247109633","309112098","fathur_kaltim"
"1422719739571314688","Wed Aug 04 00:43:13 +0000 2021","16","PKS Menerima Aspirasi dari PP Muhammadiyah P2G dan Komunitas Sekolah tentang kontroversi Survey Lingkungan Belajar. Perlu sikap serius utk terus mengawal kebijakan pendidikan nasional ~ @FikriFaqih @fahmyalaydroes @mustafakamal_wd @lediahanifa https://t.co/8BptQiKZHh","1422719739571314688","","","in","TB. Simatupang No. 82, Jakarta","0","0","5","https://twitter.com/PKSejahtera/status/1422719739571314688","22365191","PKSejahtera"
"1422546556801097736","Tue Aug 03 13:15:03 +0000 2021","0","Sekarang ga peduli gegara kebijakan wajib vaksin dicabut. Ntar kalo tiba² notice wajib vaksin baru deh ketar ketir kek org mo lahiran. Dasar pendidikan rendah. Asu","1422546556801097736","","","in","📍Underworld","0","0","0","https://twitter.com/eskopicok/status/1422546556801097736","420850491","eskopicok"
"1422350233439150095","Tue Aug 03 00:14:56 +0000 2021","2","Kebijakan diperpanjang memperpanjang garis kemiskinan pemerintah berupaya menekan penyebaran virus namun tanpa sengaja membiarkan penyebaran kebodohan dengan hilangnya konsen di bidang pendidikan.","1422350233439150095","","","in","Tangerang","0","0","1","https://twitter.com/Zkychll/status/1422350233439150095","498620121","Zkychll"
"1422333871807336449","Mon Aug 02 23:09:55 +0000 2021","0","[PANDEMI TINGKATKAN PENDAPATAN DAN EFISIENSI TAPI KERINGANAN BOP TIDAK TEREALISASI?] Halo IKM UI! Pandemi Covid-19 yang masih terus berlanjut membuat tidak sedikit mahasiswa UI kesulitan dalam melakukan pembayaran biaya pendidikan. Kebijakan keringanan biaya pendidikan juga https://t.co/T0iOSWAztn","1422333871807336449","https://pbs.twimg.com/media/E70k_OiVEAE5Jgn.jpg","","in","Depok dan Jakarta","0","1","0","https://twitter.com/unsurmahasiswa/status/1422333871807336449","239736720","unsurmahasiswa"
"1422226391148470274","Mon Aug 02 16:02:49 +0000 2021","0","Departemen Pendidikan Abu Dhabi Mengumumkan Kebijakan Terbaru untuk Kembali ke Sekolah Swasta dan Sekolah Kemitraan Pendidikan Menjelang Tahun Ajaran Baru https://t.co/P8BZEgVIeL #WamNews","1422226391148470274","","","in","","0","0","0","https://twitter.com/wamnews_ind/status/1422226391148470274","1259495386584092672","wamnews_ind"
"1422208896630853642","Mon Aug 02 14:53:18 +0000 2021","1","Sblm membuat kebijakan apa ga mikir ya sebulan ini pkl pinggir jalan raya mulai jualan jam 5an tutup jam 9. Penurunan omset itu pasti terus apakabar pajak dan biaya pendidikan ? Wis wayah bayaran iki cak ","1422208896630853642","","","in","","0","0","0","https://twitter.com/janasri_/status/1422208896630853642","545778324","janasri_"
"1422180103824367620","Mon Aug 02 12:58:54 +0000 2021","15","Orang2 kelas menengah ke atas dan para petinggi degan enaknya memperpanjang kebijakan ga jelas ini... Sementara kelas menengah ke bawah semakin bingung bisnis hancur gapunya pegangan gapunya duit buat bayar biaya pendidikan...","1422180103824367620","","","in","Malang, Jawa Timur","0","1","2","https://twitter.com/redicreta/status/1422180103824367620","860816074379476993","redicreta"
"1422139377510064138","Mon Aug 02 10:17:04 +0000 2021","0","Wagub DKI Dapat Info Ada Sekolah Gelar Tatap Muka di Masa PPKM Level 4: Dia mengimbau warga jika menemukan pelanggaran kebijakan PPKM Level 4 oleh instansi pendidikan untuk melapor ke pihak terkait. https://t.co/MOCqnkWqzf","1422139377510064138","","","in","Indonesia","0","0","0","https://twitter.com/merdekadotcom/status/1422139377510064138","456426648","merdekadotcom"
"1422118049348419589","Mon Aug 02 08:52:19 +0000 2021","0","Kementerian Pendidikan Kebudayaan Riset dan Teknologi (Kemendikbudristek) mengeluarkan kebijakan terbaru terkait pelaksanaan apel pagi bagi para pegawai di bidang terkait mulai dari mendengarkan lagu Indonesia Raya sampai membaca naskah Pancasila. https://t.co/oE7PbqRr5a","1422118049348419589","","","in","","0","0","0","https://twitter.com/urbanasiacom/status/1422118049348419589","527080951","urbanasiacom"
"1422082233767182336","Mon Aug 02 06:30:00 +0000 2021","1","Perempuan terus menjadi korban kekerasan seksual. Untuk melindungi perempuan perlu ada kebijakan penanggulangan kekerasan seksual di lembaga pendidikan tempat kerja keagamaan hingga di masyarakat. https://t.co/gWOCA7cg8z","1422082233767182336","","","in","Palmerah, Jakarta","0","0","1","https://twitter.com/hariankompas/status/1422082233767182336","255866913","hariankompas"
"1421668628831764482","Sun Aug 01 03:06:29 +0000 2021","7","Di antara kami (rakyat) ada yg sudah langsung terjun ke lapangan dari sisi pendidikan ada sisi ekonomi ada. TINGGAL KALIAN SENDIRI WAHAI PARA PEMBUAT KEBIJAKAN!! INGATLAH!! Kalian (PARA OKNUM) sudah buat jengkel RAJA lo! Taubatlah BiQolbi Wal Fi'li!!","1421668628831764482","","","in","Kota Semarang, Jawa Tengah","0","1","3","https://twitter.com/Raefidyan2/status/1421668628831764482","1328297441070702592","Raefidyan2"
