"conversation_id_str","created_at","favorite_count","full_text","id_str","image_url","in_reply_to_screen_name","lang","location","quote_count","reply_count","retweet_count","tweet_url","user_id_str","username"
"1376942358223147010","Tue Mar 30 17:00:15 +0000 2021","0","Kebijakan bidang pendidikan + penanganan covid = spekulasi angan-angan dan omong kosong ...","1376942358223147010","","","in","","0","0","0","https://twitter.com/ariefGrachmat/status/1376942358223147010","3257201876","ariefGrachmat"
"1376830227263844360","Tue Mar 30 09:34:41 +0000 2021","0"," Kebijakan Pemerintah Untuk Menangani Covid-19 Dunia Pendidikan #STISIPWiduri #kuliahdisini https://t.co/zCRCK0IKMJ","1376830227263844360","","","in","jakarta selatan","0","0","0","https://twitter.com/kuliahdisini/status/1376830227263844360","1354331013988671488","kuliahdisini"
"1376779861704855553","Tue Mar 30 06:14:33 +0000 2021","0","Soal Kapan Sekolah Tatap Muka Ini Jawaban Nadiem Makarim: Menteri Pendidikan dan Kebudayaan (Mendikbud RI) Nadiem Makarim menegaskan perihal kebijakan sekolah tatap muka saat ini pihaknya sudah https://t.co/ZksTwuXZ4A #beritabaik #timesindonesia #ketahananinformasi","1376779861704855553","","","in","Wisma Mas Isman Jakarta","0","0","0","https://twitter.com/timescoid/status/1376779861704855553","1052798082419580928","timescoid"
"1376774003352727553","Tue Mar 30 05:51:16 +0000 2021","6","Jika kebijakan pelaksanaan pendidikan diserahkan penuh kepada masing2 pemerintah daerah lalu apa gunanya Pak @jokowi mengangkat @nadiemmakarim sbg menteri ? Bubarkan aja @Kemdikbud_RI jika tdk lagi mau ngurusi pendidikan di negeri ini!","1376774003352727553","","","in","Jakarta Capital Region","0","0","4","https://twitter.com/LuqmanBeeNKRI/status/1376774003352727553","1185472145800871936","LuqmanBeeNKRI"
"1376723292044677124","Tue Mar 30 02:29:45 +0000 2021","2","#SalamPancasila Kedeputian Bidang Pendidikan dan Pelatihan BPIP Gelar Diskusi Grup Terpumpun Perumusan Kebijakan Strategis Pembangunan Sistem Nasional Penyelenggaraan Diklat PIP Bagi Aparatur Negara di Bogor Senin (29-31/3). #KegiatanPancasila #CeritaPancasila #BPIP https://t.co/G6qUiCNFte","1376723292044677124","https://pbs.twimg.com/media/ExsahioUYAMbmuP.jpg","","in","Jakarta Capital Region","0","0","1","https://twitter.com/BPIPRI/status/1376723292044677124","1120854804719255553","BPIPRI"
"1376708288755113988","Tue Mar 30 01:30:08 +0000 2021","27","Pendidikan tinggi mahal. Pendidikan menegah diupah murah. Pendidikan rendah tidak diperhatikan hak dasar dan keselamatan kerjanya. Terperangkap dalam sistem yang sengaja diciptakan pemangku kebijakan pancen (sebagian kata dibredel)... ","1376708288755113988","","","in","Yogyakarta, Indonesia","0","1","8","https://twitter.com/garuksampah/status/1376708288755113988","3975603492","garuksampah"
"1376685262965641217","Mon Mar 29 23:58:38 +0000 2021","0","Bintara yang mengikuti pendidikan Sekolah Inspektur Polri (SIP) pada 2021. Kebijakan hanya diperuntukkan bagi putra asli Papua. Otsus Tingkatkan Kesehatan https://t.co/n3jgwnS6M3","1376685262965641217","","","in","","0","0","0","https://twitter.com/luamezz/status/1376685262965641217","1362392912642760705","luamezz"
"1376504656159891462","Mon Mar 29 12:00:58 +0000 2021","1","Support kebijakan Dinas Pendidikan SDA.. Stelah vaksin astragenica ljt PKB.. #sehatitusalingsupport.. https://t.co/HuaAlhB37j","1376504656159891462","https://pbs.twimg.com/media/ExpTr3sVIBAWycx.jpg","","in","","0","0","0","https://twitter.com/Susi58336194/status/1376504656159891462","847649423333015553","Susi58336194"
"1376488057424125953","Mon Mar 29 10:55:01 +0000 2021","0","ptn! kakak kakak ada yg jurusan teknologi pendidikan atau kebijakan pendidikan? aku mau tanya tanya","1376488057424125953","","","in","RULES 👉","0","0","0","https://twitter.com/sbmptnfess/status/1376488057424125953","1205629250423779328","sbmptnfess"
"1376371527071895552","Mon Mar 29 03:11:58 +0000 2021","0","@dinaspendidikanbanyumas Dinas pendidikan banyumas punya twiter ngga ya Kalo sekolah online tiap hari via zoom Jam 7 sampai jam 2 siang itu....kebijakan siapa?","1376371527071895552","","","in","Purwokerto","0","0","0","https://twitter.com/ahyakiswara/status/1376371527071895552","81555754","ahyakiswara"
"1375959679990259714","Sat Mar 27 23:55:26 +0000 2021","0","Otsus Dorong Kemajuan dan Kesejahteraan Papua. Kebijakan otonomi khusus (Otsus) Papua menjadi bukti keseriusan pemerintah dalam meningkatkan kesejahteraan masyarakat di Bumi Cenderawasih. Otsus Tingkatkan Pendidikan #PapuaIndonesia https://t.co/3lhEliVFQB","1375959679990259714","https://pbs.twimg.com/media/Exhj_-jVEAMAEZx.jpg","","in","","0","0","0","https://twitter.com/impinkxx/status/1375959679990259714","1344084519347838977","impinkxx"
"1375735664587628547","Sat Mar 27 09:05:17 +0000 2021","1","lucu dah yang kayak gini dibilang kebijakan tepat buat suatu instansi pendidikan ngekick out muridnya.","1375735664587628547","","","in","They/them","0","1","0","https://twitter.com/012371/status/1375735664587628547","2255933162","012371"
"1375712355372257284","Sat Mar 27 07:32:39 +0000 2021","47","Salah logika. 1. Sekolah itu tidak penting pendidikanlah yg penting. 2. Pendidikan penting tapi nyawa lebih penting. 3. Uji coba yg membahayakan nyawa anak orang adalah kebijakan kriminil. Yg sudah mati gara2 uji coba tak bisa hidup lagi.","1375712355372257284","","","in","Indonesia","1","2","23","https://twitter.com/PartaiSocmed/status/1375712355372257284","869327120","PartaiSocmed"
"1375500654727155717","Fri Mar 26 17:31:26 +0000 2021","0","Jakarta - Ini dia kebijakan Kementerian Pendidikan dan Kebudayaan (Kemendikbud) soal skema penyaluran bantuan operasional sekolah (BOS) dan dana alokasi khusus (DAK) fisik tahun 2021. https://t.co/qLK0Lv6kVI https://t.co/saeuOBfMvr","1375500654727155717","https://pbs.twimg.com/media/ExZleAIUYAIZggU.jpg","","in","Magetan, Jawa Timur, Indonesia","0","0","0","https://twitter.com/MagetanKita/status/1375500654727155717","143355119","MagetanKita"
"1375384946433536000","Fri Mar 26 09:51:39 +0000 2021","1","SMK Work Ready Conference 2021 menghadirkan deretan ahli praktisi pendidikan pelaku industri hingga pemangku kebijakan untuk memberikan pemahaman lebih lanjut kepada guru dan pelajar SMK terkait tren karier saat ini dan di masa depan https://t.co/AYQQ90B3Kn","1375384946433536000","","","in","Indonesia","0","0","0","https://twitter.com/hipwee/status/1375384946433536000","2439435002","hipwee"
"1375331446458441729","Fri Mar 26 06:19:03 +0000 2021","0","Jakarta | https://t.co/nFsB56R4Q8 | Justina Rostiawati adalah seorang peneliti perencana program pemantau dan analis kebijakan dalam bidang keperempuanan dan isu-isu terkait gender gender pengarusutamaan hak asasi manusia dan pendidikan. https://t.co/X7fQPo3dzl","1375331446458441729","https://pbs.twimg.com/media/ExYoqTfU4AAR28k.jpg","","in","","0","1","0","https://twitter.com/ICRP4Peace/status/1375331446458441729","990908659","ICRP4Peace"
"1375252934540206082","Fri Mar 26 01:07:05 +0000 2021","0","Kementerian Pendidikan dan Kebudayaan @Kemdikbud_RI telah mengumumkan kebijakan terkait skema penyaluran Bantuan Operasional Sekolah (BOS) dan Dana Alokasi Khusus (DAK) Fisik untuk tahun 2021. #MerdekaBelajar","1375252934540206082","","","in","Jl. Medan Merdeka Barat 9","0","1","0","https://twitter.com/FMB9ID_/status/1375252934540206082","902385054336167937","FMB9ID_"
"1375043162675105793","Thu Mar 25 11:13:31 +0000 2021","1","Tonton Video Ini Sebelum Kesana! Ini Sejarah dan Fakta Menarik Negara Brunai https://t.co/1PmouYMbfJ lewat @YouTube ~Masya Allah.. Negara Brunai Pendidikan Gratis dan Perawatan kesehatan. -kebijakan nol pajak Rumah subsidi. Wow. Indonesia kapan yah kayak begitu.. ~semangat🇲🇨️","1375043162675105793","","","in","Indonesia 🇲🇨. ","0","0","1","https://twitter.com/KarmilaRifat/status/1375043162675105793","524292244","KarmilaRifat"
"1374970555728728070","Thu Mar 25 06:25:00 +0000 2021","1","ptn! guys klo pilihan 1 : administrasi publik uny pilihan 2 : kebijakan pendidikan uny aman ga ya?","1374970555728728070","","","in","","0","2","0","https://twitter.com/utbkfess/status/1374970555728728070","1241016981865693186","utbkfess"
"1374932518646939654","Thu Mar 25 03:53:52 +0000 2021","0","Dan sebagian mereka guru juga makanya bikin kebijakan jgn cuma karena nurutin kemauan boss mu pikir yg mateng dunia pendidikan jgn cuma dipandang sbagai bisnis doang","1374932518646939654","","","in","","0","0","0","https://twitter.com/TeWe46/status/1374932518646939654","710729818468298753","TeWe46"
"1374872674590068738","Wed Mar 24 23:56:04 +0000 2021","0","Masyarakat Papua mendukung kebijakan Otonomi Khusus Papua karena terbukti telah membawa kesejahteraan bagi masyarakat Papua baik di bidang ekonomi maupun pendidikan. Dampak Positif Otsus https://t.co/HTDvxhcEsi","1374872674590068738","https://pbs.twimg.com/media/ExSHYyYVcAMER9X.jpg","","in","","0","0","0","https://twitter.com/pinkyyxx2/status/1374872674590068738","1344085072081682432","pinkyyxx2"
"1374872406993432581","Wed Mar 24 23:55:00 +0000 2021","0","Masyarakat Papua mendukung kebijakan Otonomi Khusus Papua karena terbukti telah membawa kesejahteraan bagi masyarakat Papua baik di bidang ekonomi maupun pendidikan. Dampak Positif Otsus https://t.co/L5iF5mwj99","1374872406993432581","https://pbs.twimg.com/media/ExSAuXJVIAQZEU2.jpg","","in","","0","0","0","https://twitter.com/bellayara14/status/1374872406993432581","1303625357841461248","bellayara14"
"1374871503427149829","Wed Mar 24 23:51:24 +0000 2021","0","Masyarakat Papua mendukung kebijakan Otonomi Khusus Papua karena terbukti telah membawa kesejahteraan bagi masyarakat Papua baik di bidang ekonomi maupun pendidikan. Dampak Positif Otsus https://t.co/6NlVXrghQN","1374871503427149829","https://pbs.twimg.com/media/ExSGVpyVgAQ8bcg.jpg","","in","","0","0","0","https://twitter.com/sabijti05/status/1374871503427149829","1374619718745612289","sabijti05"
"1374767913190662146","Wed Mar 24 16:59:47 +0000 2021","0","Direktur Jenderal Pendidikan Tinggi Nizam mengatakan kerja sama itu bertujuan untuk mendukung implementasi kebijakan Kampus Merdeka dan percepatan 8 Indikator Kinerja Utama (IKU) perguruan tinggi. https://t.co/b7j9VFz5fV","1374767913190662146","","","in","Jakarta - Indonesia","0","0","0","https://twitter.com/mediaindonesia/status/1374767913190662146","68930552","mediaindonesia"
"1374701660518240258","Wed Mar 24 12:36:31 +0000 2021","2","Glorifying sekolah tertentu ini membuktikan kalo kualitas pendidikan ga rata. Padahal udah bikin kebijakan zonasi masih ajaa glorifying sekolah favorit.","1374701660518240258","","","in","Surabaya","0","2","0","https://twitter.com/iradatira/status/1374701660518240258","1330753957342310403","iradatira"
"1374393709727379459","Tue Mar 23 16:12:50 +0000 2021","0","Konstelasi Disparitas. KELEMAHAN INDONESIA : PEMBANGUNAN YANG TIDAK MERATA KORUPSI PUNGUTAN LIAR BIAYA PRODUKSI IMPOR KRIMINALITAS KEBIJAKAN PEMERINTAH YANG SERING RANCU PEGAWAI PEMERINTAH TIDAK DISIPLIN TINGGINYA BIAYA PENDIDIKAN DAN KESEHATAN https://t.co/uqBtEFsz6I","1374393709727379459","","","in","Bima Sekber1, Mataram Sekber 2","0","0","0","https://twitter.com/ncuhidorowoni/status/1374393709727379459","533115096","ncuhidorowoni"
"1374309313209008132","Tue Mar 23 10:37:28 +0000 2021","11","Selama Pandemi diberlakukan social distancing tidak terkecuali pada dunia pendidikan Indonesia sehingga proses belajar mengajar beralih secara daring.Mendikbud Nadiem Makarim meresmikan kebijakan bantuan Kuota Kemendikbud berupa data internet sebagai upaya PJJ bisa berjalan","1374309313209008132","","","in","Jakarta/Indonesia","1","4","5","https://twitter.com/st_nurjanahh/status/1374309313209008132","104105133","st_nurjanahh"
"1374269684778856448","Tue Mar 23 08:00:00 +0000 2021","14","110 sekolah tingkat SD dan SMP di Kota Bekasi mulai menjalankan pembelajaran tatap muka dengan menerapkan protokol kesehatan. Hal ini masuk dalam kebijakan adaptasi tatanan baru merujuk pada pedoman yang dibuat Dinas Pendidikan Kota Bekasi. https://t.co/bz4GSRcJ2W #CNNIndonesia https://t.co/fNewQh9wyl","1374269684778856448","https://pbs.twimg.com/media/ExJR0gcVEAM5NNu.jpg","","in","","0","0","3","https://twitter.com/CNNIndonesia/status/1374269684778856448","17128975","CNNIndonesia"
"1374242528942198786","Tue Mar 23 06:12:05 +0000 2021","0","Pemda tidak akan terlalu dini memutuskan kebijakan KBM tatap muka di tingkat pendidikan dasar dan menengah. https://t.co/e6hIienwC4","1374242528942198786","","","in","Jakarta Capital Region","0","0","0","https://twitter.com/suaradotcom/status/1374242528942198786","2340155395","suaradotcom"
"1374193463864913921","Tue Mar 23 02:57:07 +0000 2021","0","Arah Kebijakan Pengembangan Pendidikan Dasar Padang Pariaman Sumbar https://t.co/LNk130aF3m","1374193463864913921","","","in","Kota Padang","0","0","0","https://twitter.com/IndraAfriadi5/status/1374193463864913921","1182845385879851009","IndraAfriadi5"
"1374189564525305858","Tue Mar 23 02:41:38 +0000 2021","3","Bersama Mengokohkan Langkah Oleh : Drs. H. Syamsuddin M.Pd.I Perjalanan lembaga pendidikan Islam bukan sekedar memainkan sistem pengelolaan kebijakan dan peraturan. Sebab di dalam lembaga berkumpul makhluk yang bernama manusia yang memiliki jiwa... https://t.co/TXKBxU9UkE","1374189564525305858","","","in","Jl. KH Sholeh Iskandar No. 1","0","0","0","https://twitter.com/UmmulQuroBogor1/status/1374189564525305858","945178574","UmmulQuroBogor1"
"1374080950053658624","Mon Mar 22 19:30:02 +0000 2021","2","Pendidikan itu bukan seperti mengisi gelas kosong jika pendidikan hanya memasukan apa yang pemangku kebijakan mau bukan apa yang dibutuhkan peserta didik yg mendorong untuk meningkatkan potensinya maka orientasi pendidikan tidak lebih dari menjadikan peserta didik menjadi budak","1374080950053658624","","","in","","0","1","0","https://twitter.com/Bungjooo/status/1374080950053658624","1186370441012580352","Bungjooo"
"1373833931359805441","Mon Mar 22 03:08:28 +0000 2021","7","Ketua Umum menilai kebijakan tersebut merupakan usaha mendongkrak kondisi pendidikan nasional.. Tetapi saking semangatnya tidak terkoneksi dg identitas Indonesia itu sendiri sbg Negara yg berbasis pd Pancasila nilai agama &amp; budaya luhur bangsa sebagai satu kesatuan urainya.","1373833931359805441","","","in","Jakarta Selatan, DKI Jakarta","0","0","0","https://twitter.com/ismailfahmi/status/1373833931359805441","34075325","ismailfahmi"
"1373647524033007629","Sun Mar 21 14:47:45 +0000 2021","0","[KUNJUNGAN ORMAWA] Telah terlaksana kunjungan ormawa ke HIMAKP FIP UNY (Himpunan Mahasiswa Kebijakan Pendidikan) pada hari Jumat 19 Maret 2021. Acara ini dilaksanakan secara Daring melalui platform Zoom Meeting. Terimakasih kepada @himakpuny atas sambutan hangat yang diberikan https://t.co/Y0QySLKmde","1373647524033007629","https://pbs.twimg.com/media/ExAtIMUVgAEykDZ.jpg","","in","Universitas Negeri Yogyakarta","0","1","0","https://twitter.com/himakiuny/status/1373647524033007629","494775792","himakiuny"
"1373595292298186758","Sun Mar 21 11:20:12 +0000 2021","0","Pendidikan di keluarga gak hanya ttg keluarga. Dampaknya juga ke masyarakat. Mulai dari aspek politik ekonomi sampai hukum. Bagaimana dan kemana arah kebijakan publik ya dampaknya dari pendidikan didalam keluarga.","1373595292298186758","","","in","小田原ー箱根湯本","0","0","0","https://twitter.com/adra_58/status/1373595292298186758","234254655","adra_58"
"1372795059985207303","Fri Mar 19 06:20:22 +0000 2021","6","Perkuat Kebijakan Bidang Pendidikan BK DPR Teken MoU dengan UMC https://t.co/VT3BtAkotn https://t.co/TuO6BB3kOC","1372795059985207303","https://pbs.twimg.com/media/Ew0l1AxU8AgtcTj.jpg","","in","Jakarta, Indonesia","0","0","1","https://twitter.com/DPR_RI/status/1372795059985207303","211415705","DPR_RI"
"1372794066413314051","Fri Mar 19 06:16:25 +0000 2021","4","Peneliti Centre for Strategic and International Studies (CSIS) Arya Fernandes menilai lembaga pendidikan politik bentukan Partai Golkar Golkar Institute akan membuat pengambilan kebijakan partai lebih berdasar pada saintifik. Artikel selengkapnya &gt;&gt; https://t.co/mGgx2liG1M https://t.co/2gbRBSD9Ec","1372794066413314051","https://pbs.twimg.com/media/Ew0k7VeVoAIVBG3.jpg","","in","DKI Jakarta","0","0","0","https://twitter.com/kabargolkarnews/status/1372794066413314051","1243399928111452161","kabargolkarnews"
"1372698079795773447","Thu Mar 18 23:55:00 +0000 2021","0","Masyarakat Papua mendukung kebijakan Otonomi Khusus Papua karena terbukti telah membawa kesejahteraan bagi masyarakat Papua baik di bidang ekonomi maupun pendidikan. Papua Dukung Pemekaran https://t.co/SMegqRdP2J","1372698079795773447","https://pbs.twimg.com/media/EwzDSitVgAAmvHP.jpg","","in","","0","0","0","https://twitter.com/NewFadil11/status/1372698079795773447","1326353181824212993","NewFadil11"
"1372159774104580098","Wed Mar 17 12:15:58 +0000 2021","0"," Selama dua periode banyak produk kebijakan Joko Widodo yang kontra terhadap rakyat. Khususnya sekaitan masalah lingkungan hidup dan pendidikan. Joko Widodo harus dievaluasi seru Muhammad Zikra | https://t.co/1xWFh7J5L6 https://t.co/AALfH7Ald7","1372159774104580098","","","in","","0","0","0","https://twitter.com/esaramadana/status/1372159774104580098","406694160","esaramadana"
"1371994163898576900","Wed Mar 17 01:17:53 +0000 2021","0","kebijakan pendidikan itu adalah....","1371994163898576900","","","in","Sidoarjo, Indonesia","0","0","0","https://twitter.com/rizalanton/status/1371994163898576900","232125603","rizalanton"
"1371791696502026240","Tue Mar 16 11:53:21 +0000 2021","0","Sejumlah Pemerintah Daerah Tingkat 1 dan 2 di Indonesia sudah mulai menerapkan kebijakan wajib mengikuti jenjang Pendidikan Anak Usia Dini (PAUD) selama satu tahun sebagai prasyarat seorang anak masuk ke Sekolah Dasar. @Kemdikbud_RI @PAUDDikdasmen https://t.co/U2VMZGVzKa","1371791696502026240","","","in","","1","1","1","https://twitter.com/paudpedia/status/1371791696502026240","1227029291398885376","paudpedia"
"1371787946706096137","Tue Mar 16 11:38:27 +0000 2021","2","Sri Lanka Larang Burka dan Tutup 1.000 Sekolah Islam Yang Tidak Ikut Kebijakan Pendidikan Nasional https://t.co/2DAqxuv0Lw","1371787946706096137","","","in","Jakarta Capital Region, Indone","0","0","0","https://twitter.com/WPBergerak/status/1371787946706096137","1014003407311421442","WPBergerak"
"1371387160138375173","Mon Mar 15 09:05:52 +0000 2021","1","Oke let's talk about it here. Sebenernya kalau kita ngomong masalah pendidikan itu selalu mentok di sistem dan kebijakan karena kualitas pendidikan kita yg masih heterogen bgt. Yang jadi korban siapa? Ya guru (yg literally terjun langsung) dan murid sendiri.","1371387160138375173","","","in","In your heart","0","2","1","https://twitter.com/nigh70wl/status/1371387160138375173","1345346560205361152","nigh70wl"
"1371356078760357889","Mon Mar 15 07:02:22 +0000 2021","10","Menurut Tangko dalam buku Manajemen Mutu Pendidikan (2014) karya Abdul Hadis dan Nurhayati implementasi kebijakan pemimpin dan pengembangan guru atau dosen dapat meningkatkan kinerja guru atau dosen. @AmrilmuhammadMp #AmrilMuhammad_UNJ #prodiMP_UNJ #KoKI_MP","1371356078760357889","","","in","","1","1","0","https://twitter.com/Lintang_18A/status/1371356078760357889","1078903011584270337","Lintang_18A"
"1371338150115569664","Mon Mar 15 05:51:07 +0000 2021","0","Semua media memberikan judul pemberitaan yang sama Sri Lanka akan melarang pemakaian burqa dan akan menutup 1000 sekolah Islam Jika dengan alasan mereka tidak terdaftar di pihak berwenang dan tidak mengikuti kebijakan pendidikan nasional apa salahnya? https://t.co/5htA8yDzPX","1371338150115569664","","","in","Earth","1","1","0","https://twitter.com/7evenClothes/status/1371338150115569664","786040464298217474","7evenClothes"
"1371320310176251904","Mon Mar 15 04:40:14 +0000 2021","2","Bapak Menteri Pendidikan &amp; Kebudayaan- Nadiem Makarim memberikan kata sambutan. Kemendikbud memberikan kebijakan dlm mendata kekayaan intelektual musik tradisi. @budayasaya @ditjen_hki @Kemdikbud_ri #HariMusikNasional2021 #pelindunganmusiktradisi https://t.co/ywLkBwNK8X","1371320310176251904","https://pbs.twimg.com/media/Ewfoi-qVkAIo-WM.jpg","","in","Depok,Indonesia","0","0","1","https://twitter.com/Sanjayaluv/status/1371320310176251904","126622639","Sanjayaluv"
"1371311101816700931","Mon Mar 15 04:03:39 +0000 2021","1","DirJen Kebudayaan khususnya Direktorat Perfilman Musik&amp;Media Baru dlm rangka memperingati hari musik thn 2021 akan Menyusun kebijakan peningkatan apresiasi musik mll pendidikan&amp;pelindungan hak cipta karya musik tradisional. #HariMusikNasional2021 #pelindunganmusiktradisi https://t.co/UaE9RX1cEz","1371311101816700931","https://pbs.twimg.com/media/EwfgLdbVcAUn9NF.jpg","","in","","0","0","1","https://twitter.com/MWuryantati/status/1371311101816700931","3890759659","MWuryantati"
"1369450700007223306","Wed Mar 10 00:51:04 +0000 2021","0","Mungkin langkah masif terstruktur dan sistematis untuk menghapus politik omong kosong dan kebijakan yang penuh semboyan kosong adalah menghapus kewajiban bikin yel yel di semua tingkat pendidikan formal dan lingkungan ASN dll...","1369450700007223306","","","in","Equator","0","0","0","https://twitter.com/senituru/status/1369450700007223306","19078316","senituru"
"1369394948169170965","Tue Mar 09 21:09:32 +0000 2021","1","Batang Berencana Gelar Sekolah Tatap Muka meski belum Dibolehkan Pemprov Jateng: Plt Kepala Dinas Pendidikan dan Kebudayaan Provinsi Jawa Tengah (Jateng) Hari Wuljanto menyatakan kebijakan Pemkab Batang dalam menyelenggarakan pembelajaran tatap muka https://t.co/QPsHOghKV1","1369394948169170965","","","in","Indonesia","0","0","0","https://twitter.com/merdekadotcom/status/1369394948169170965","456426648","merdekadotcom"
"1369283688958025730","Tue Mar 09 13:47:26 +0000 2021","0","Terlalu banyak konflik menerjang negeri ini.Terlalu sering merubah ubah kebijakan pendidikan rupanya ada tujuan.Bebas korupsi bebas dan sewenang wenang jalankan aturan","1369283688958025730","","","in","Tgaalek Jatim","0","0","0","https://twitter.com/SMujsin/status/1369283688958025730","1138335162188554240","SMujsin"
"1369255188586979329","Tue Mar 09 11:54:11 +0000 2021","0","RT KemenkeuRI: Perempuan merasakan dampak lebih besar dari segala aspek baik kesehatan pekerjaan pendapatan hingga pendidikan anak. Karena itu kebijakan Pemerintah dalam menangani dampak pandemi juga dibuat agar manfaatnya lebih bisa dirasakan oleh perempuan. (@irwansst)","1369255188586979329","","","in","Banda Aceh, Indonesia","0","0","0","https://twitter.com/djpbaceh/status/1369255188586979329","841528595990294528","djpbaceh"
"1369245285470339073","Tue Mar 09 11:14:50 +0000 2021","0","Kementerian Pendidikan dan Kebudayaan (Kemendikbud) menyatakan akan merancang dua kebijakan besar pada bidang musik pada 2021. Apa saja? #Validnews #Musik #Kemendikbud https://t.co/w5BLJ1SQdD","1369245285470339073","","","in","Jakarta Capital Region, Indone","0","0","0","https://twitter.com/validnewsid/status/1369245285470339073","874558344593195008","validnewsid"
"1369237517300621313","Tue Mar 09 10:43:57 +0000 2021","0","Golkar Institute merupakan program sekolah partai di bidang Pemerintahan dan kebijakan publik. Namun sarana pendidikan ini nantinya tak hanya berlaku khusus kader partai saja tapi masyarakat umum. https://t.co/0TjaBYg4yZ","1369237517300621313","","","in","Jl Anggrek Neli Murni Jakarta ","0","0","0","https://twitter.com/golkar_id/status/1369237517300621313","1191570381099827200","golkar_id"
"1369212122496860160","Tue Mar 09 09:03:03 +0000 2021","0","Di #InternationalWomensDa Presiden Biden tandatangani 2 perintah eksekutif: 1. membentuk Dewan Kebijakan Gender Gedung Putih; 2. memastikan pendidikan bebas dr kekerasan seksual. Sebagai presiden dia berkomitmen menegakkan hak2 wanita &amp; anak perempuan di AS &amp; di seluruh dunia.","1369212122496860160","","","in","Indonesia","0","0","0","https://twitter.com/GabrielMahal/status/1369212122496860160","455025180","GabrielMahal"
"1369196009893470208","Tue Mar 09 07:59:01 +0000 2021","7","Miras yg Memabukkan Rakyat di Tolak Sekarang Agama Mau di Hilangkan dr Dunia Pendidikan Indonesia dgn Tdk Membahas Bersama Pemegang Saham Mayoritas NKRI Umat Islam dn Agama Lainnya. Semakin Tak Jelas Arah Kebijakan untk Membangun Moral Anak Bangsa. https://t.co/DUVHoHqoJ2 https://t.co/xOgryeXsJF","1369196009893470208","https://pbs.twimg.com/media/EwBcg2_UcAMGFhs.jpg","","in","","0","1","1","https://twitter.com/myputun/status/1369196009893470208","207412269","myputun"
"1369136684596486145","Tue Mar 09 04:03:17 +0000 2021","0","Selain bersyukur ada @FPKSDPRRI juga masih ada @muhammadiyah MUI &amp; tokoh2 islam yg tetap kritis terhadap kebijakan sekulerisme Menteri @Kemdikbud_RI yg ugal2 dlm membuat peta jalan pendidikan tanpa berbasis UUD 45 &amp; Pancasila. Jangan berharap @BPIPRI @susetyopr taat konstitusi","1369136684596486145","","","in","Bima & Makassar","0","0","1","https://twitter.com/syarifahmad75/status/1369136684596486145","464759910","syarifahmad75"
"1369122253665800193","Tue Mar 09 03:05:56 +0000 2021","12","Tepat. Ayo gerakan perempuan dan mahasiswa Indonesia utk mendukung kebijakan ini. Tak boleh lgi ada kekerasan seksual di lembaga pendidikan dan instansi pemerintahan. Lebih hebat lgi jika pak @nadiemmakarim mendesak @DPR_RI utk segera mensahkan RUU-PKS #SahkanRUUPKS","1369122253665800193","","","in","jakarta","0","0","6","https://twitter.com/Muhammadasrul91/status/1369122253665800193","1230773938986221569","Muhammadasrul91"
"1369117209302233089","Tue Mar 09 02:45:54 +0000 2021","40","#SahabatBudaya Kemendikbud telah merancang dua kebijakan besar di bidang musik yang meliputi: Perlindungan kekayaan intelektual bagi musisi tradisional dan Pengembangan materi; dan metode pembelajaran apresiasi musik dalam dunia pendidikan. Selamat Hari Musik Nasional! https://t.co/1XzVSkbZsU","1369117209302233089","https://pbs.twimg.com/ext_tw_video_thumb/1369116454658797578/pu/img/qwiHN_5EQslsWL0p.jpg","","in","Indonesia","1","0","16","https://twitter.com/budayasaya/status/1369117209302233089","949184846","budayasaya"
"1369090300015116288","Tue Mar 09 00:58:58 +0000 2021","1","Ketidakadilan standardisasi manusia reduksi proses pendidikan. Inilah tiga residu akibat kebijakan ujian nasional. Apakah asesmen nasional mampu menjawab tiga persoalan ini? #Opini #adadikompas https://t.co/cHQhsRwhQu","1369090300015116288","","","in","Palmerah, Jakarta","0","0","1","https://twitter.com/hariankompas/status/1369090300015116288","255866913","hariankompas"
"1368624192845869056","Sun Mar 07 18:06:50 +0000 2021","1","Mungkin ini akibatnya pendidikan agama sangat minim sudah rendah mau di pisahkan dalam kebijakan besar pendidikan Nasional yakni negara selalu terpuruk rusak moral etika bernegara perilaku menyimpang dari kejujuran kebaikan keadilan jika pendidikan agama benar2 di pisahkan","1368624192845869056","","","in","Sleman, Indonesia","0","1","0","https://twitter.com/hardi_hardiman2/status/1368624192845869056","776211223079641088","hardi_hardiman2"
"1368564570734751749","Sun Mar 07 14:09:55 +0000 2021","0","Terserah urusan ghosting meng ghosting makhluk bumi. Yang sakit itu dighosting kebijakan kerja dunia pendidikan","1368564570734751749","","","in","","0","0","1","https://twitter.com/Si_NomuNomu/status/1368564570734751749","1310522900537958401","Si_NomuNomu"
"1368512844841549824","Sun Mar 07 10:44:22 +0000 2021","0","Mendorong Kebijakan Pendidikan Berbasis Bukti https://t.co/1ELv8Pu1n9","1368512844841549824","","","in","","0","0","0","https://twitter.com/abah_teddy/status/1368512844841549824","170733489","abah_teddy"
"1368310269588344832","Sat Mar 06 21:19:24 +0000 2021","168","Saya sering kritik kebijakan SBY masa lampau dan bandingkan dg kebijakan JKW Namun saya tidak bertujuan menjatuhkan SBY aplg dg nada yg kasar Krn tujuan saya pendidikan pd follower saya agar bisa belajar tentang kebijakan atau public policy Penting utk bekal pemilih rasional","1368310269588344832","","","in","Denpasar Barat, Indonesia","2","10","20","https://twitter.com/TheArieAir/status/1368310269588344832","164604281","TheArieAir"
"1367126100921384962","Wed Mar 03 14:53:57 +0000 2021","0","ASTAGFIRULLAH.... ada aja kebijakan yang kontra produktif. mestinya kalau kau tahu rakyatmu tak berilmu tentang satu hal maka sebagai pemimpin kau buatkan pendidikan utk itu. Agar Kekayaan Alammu Dan Segala Yang Terkandung Di Dalam Tanahmu Tak Diambil Orang Asing.","1367126100921384962","","","in","","0","0","0","https://twitter.com/NKRI_NTBSasambo/status/1367126100921384962","802883232928657408","NKRI_NTBSasambo"
"1367010549762940929","Wed Mar 03 07:14:47 +0000 2021","4","Kementerian Pendidikan dan Kebudayaan melanjutkan kebijakan bantuan kuota data internet (Maret-Mei 2021) https://t.co/ZfuyHkSWji","1367010549762940929","https://pbs.twimg.com/media/EviYr4YVEAEbhvQ.jpg","","in","Indonesia","0","1","1","https://twitter.com/rcce_id/status/1367010549762940929","1249972882626637824","rcce_id"
"1367007638404259840","Wed Mar 03 07:03:13 +0000 2021","0","Kajian demi kajian terus dilakukan demi mendapakan kebijakan terbaik di dunia pendidikan agar oroses belajar mengajar berjalan normal dan anak2 juga aman https://t.co/MDiuADEq5x","1367007638404259840","https://pbs.twimg.com/media/EviWM58UYAEJ9Rt.jpg","","in","Kota Kediri, Indonesia","0","0","0","https://twitter.com/BentangImaji/status/1367007638404259840","1057997031833141248","BentangImaji"
"1366995746487115777","Wed Mar 03 06:15:58 +0000 2021","1","Pemerintah terus mengkaji kebijakan terbaik yang akan diterapkan pada sistem pendidikan kita agar proses belajar mengajar dapat berjalan normal dan anak2 juga aman....... https://t.co/5sXA97jcIi","1366995746487115777","https://pbs.twimg.com/media/EviLYs_VIAQgzYK.jpg","","in","Kota Surabaya, Jawa Timur","0","0","0","https://twitter.com/Cak_X01/status/1366995746487115777","1408025444","Cak_X01"
"1366982720325177344","Wed Mar 03 05:24:12 +0000 2021","0","[PENGUMUMAN BANTUAN KUOTA KEMENDIKBUD] Halo Ekologis ! Berikut rangkuman terkait dengan kebijakan Kementerian Pendidikan dan Kebudayaan terkait volume bantuan kuota ketentuan penerima kuota belajar Kemendikbud dan FAQ seputar Bantuan Kuota Kemendikbud semester genap. https://t.co/F5KuD0fGaX","1366982720325177344","https://pbs.twimg.com/media/Evh_iQFVIAMUQ0S.jpg","","in","Dramaga, Indonesia","0","1","0","https://twitter.com/bemfema/status/1366982720325177344","461888390","bemfema"
"1366956145609351170","Wed Mar 03 03:38:36 +0000 2021","2","Visi beliau ;mendukung kebijakan pembangunan nasional;memberdayakan UMKM;mendirikan dan menyelenggarakan pendidikan generasi bangsa yang Berkarakter baik formal dan nonformal;menyelesaikan permasalahan kaum fakir serta membina wirausaha anak yatim","1366956145609351170","","","in","Indonesia","0","0","0","https://twitter.com/KITA_official_/status/1366956145609351170","1305368510290247680","KITA_official_"
"1366945183481274373","Wed Mar 03 02:55:03 +0000 2021","1","#PatriaToday ► Kebijakan bantuan kuota data internet di tahun 2020 mendapat tanggapan sangat positif dari masyarakat. Menindaklanjuti hal itu di tahun 2021 ini #Kemendikbud (Kementerian Pendidikan &amp; Kebudayaan) melanjutkan kebijakan bantuan kuota data internet selama 3 bulan https://t.co/4MtQ5P3itt","1366945183481274373","https://pbs.twimg.com/media/EvhdZdVUcAU34Ql.jpg","","in","Blitar - East Java - Indonesia","0","1","0","https://twitter.com/radiopatria/status/1366945183481274373","100132119","radiopatria"
