"conversation_id_str","created_at","favorite_count","full_text","id_str","image_url","in_reply_to_screen_name","lang","location","quote_count","reply_count","retweet_count","tweet_url","user_id_str","username"
"1222863435970441216","Thu Jan 30 12:45:37 +0000 2020","4","Kampus Merdeka ala Pak Menteri Tidak hanya menjadikan garda terdepan kebijakan ini juga diharapkan untuk mempercepat suatu inovasi khususnya di bidang pendidikan di Indonesia. https://t.co/9Gw8RWqE8z","1222863435970441216","","","in","DKI Jakarta, Indonesia","0","0","1","https://twitter.com/the_geotimes/status/1222863435970441216","2366754955","the_geotimes"
"1222855461981933568","Thu Jan 30 12:13:56 +0000 2020","467","Entar kalau aku ikutan komen pada banyak yg marah Lha wong kebijakan menteri pendidikan dipersoalkan kalangan dosen dan mahasiswa ya biasa aja justru itulah esensi pendidikan: biasa berbeda pandangan utk menguji gagasan dan kebijakan.","1222855461981933568","","","in","Clayton, Victoria","1","9","48","https://twitter.com/na_dirs/status/1222855461981933568","3895489933","na_dirs"
"1222854497199890433","Thu Jan 30 12:10:06 +0000 2020","4","Menteri Pendidikan dan Kebudayaan Nadiem Anwar Makarim membuka peluang adanya kebijakan baru dalam membenahi pendidikan Indonesia. https://t.co/mcRHkzGWJ4","1222854497199890433","","","in","Jakarta","1","0","1","https://twitter.com/KATADATAcoid/status/1222854497199890433","552523769","KATADATAcoid"
"1222818054519738368","Thu Jan 30 09:45:17 +0000 2020","1","Dalam pendidikan kapitalisme arah pendidikan mengikuti kebijakan pasar. Jelas pendidikan hanya dijadikan sebagai kepentingan pengusaha bukan untuk membentuk generasi cemerlang untuk peradaban.","1222818054519738368","","","in","Kota Luwuk","0","0","0","https://twitter.com/FiniSulila1453/status/1222818054519738368","2717842913","FiniSulila1453"
"1222801885574254592","Thu Jan 30 08:41:02 +0000 2020","0","Kebijakan Disruptif Pendidikan Tinggi https://t.co/vsaNa2W4hv https://t.co/lkEbwam3vz","1222801885574254592","https://pbs.twimg.com/media/EPhD1blU4AAy_WQ.jpg","","in","Jalan Kawi 11B, Kota Malang","0","0","2","https://twitter.com/radar_malang/status/1222801885574254592","528590547","radar_malang"
"1222788763396427776","Thu Jan 30 07:48:54 +0000 2020","1","Untuk memberi gambaran mengenai #CapaianChildFund dalam pelaksanaan program ACTIVE selama tiga tahun di provinsi Lampung pekan ini kami melaksanakan workshop bertema Pendidikan Kecakapan Hidup dan Literasi keuangan Kebijakan Peluang dan Tantangan di tingkat provinsi Lampung. https://t.co/f1aM6znOh2","1222788763396427776","https://pbs.twimg.com/media/EPg3xmpUcAEYHY3.jpg","","in","Jakarta Capital Region","0","1","0","https://twitter.com/ChildFundIndo/status/1222788763396427776","1067024974806843393","ChildFundIndo"
"1222786052743729152","Thu Jan 30 07:38:07 +0000 2020","0","RT KemenkeuRI: Beberapa upayanya dari 20% #UangKita untuk pendidikan 34 persennya dialokasikan langsung ke Pemda. Kemudian ada skema baru dana desa untuk majukan desa. Tantangannya adalah bagaimana nanti Pemda menjalankan kebijakan yang ada. https://t.co/ykizsMeFeL (irwanss ","1222786052743729152","https://pbs.twimg.com/media/EPg0mB7VUAANcyu.jpg","","in","Banda Aceh, Indonesia","0","0","0","https://twitter.com/djpbaceh/status/1222786052743729152","841528595990294528","djpbaceh"
"1222759394649071616","Thu Jan 30 05:52:12 +0000 2020","0","Kebijakan Disruptif Pendidikan Tinggi https://t.co/enBVgfAV57","1222759394649071616","","","in","Jakarta","0","0","0","https://twitter.com/jawapos/status/1222759394649071616","2392460208","jawapos"
"1222753980461113346","Thu Jan 30 05:30:41 +0000 2020","1","Nadiem Makarim pernah menyebutkan Sri Mulyani nyinyir soal kebijakan dana pendidikan. https://t.co/WaukG0dCcG","1222753980461113346","","","in","Jakarta Capital Region","0","0","1","https://twitter.com/cnbcindonesia/status/1222753980461113346","847372542830444544","cnbcindonesia"
"1222743036238499841","Thu Jan 30 04:47:11 +0000 2020","0","kebijakan olahraga selalu condong utk elit olahraga ya karena ahli humaniora olaharaga nya sedikit jadi butuh pendidikan master humaniora nya. bener kali yaa? apa ngga? haha","1222743036238499841","","","in","Kota Bogor, Jawa Barat","0","0","0","https://twitter.com/theramadhanns/status/1222743036238499841","997122079832006656","theramadhanns"
"1222727468366192640","Thu Jan 30 03:45:20 +0000 2020","0","Mau tau informasi seputar program/kebijakan di bidang pendidikan tinggi? Yuk follow FB Fanpage @ditjen.dikti via tautan https://t.co/kV7ARn9g1S","1222727468366192640","","","in","Indonesia","0","0","0","https://twitter.com/muh_syarifuddin/status/1222727468366192640","154833990","muh_syarifuddin"
"1222718076770107392","Thu Jan 30 03:08:01 +0000 2020","0","Kebijakan Merdeka Kampus Mendikbud: Otonomi Kampus Hingga Penempatan Kerja https://t.co/ilE8dhhxmb #sekolah #kampus #pendidikan Kebijakan Merdeka kampus ala Nadiem bertujuan menghasilkan kualitas pendidikan di Indonesia apa saja isinya?","1222718076770107392","","","in","Bekasi, Jawa Barat","0","0","0","https://twitter.com/kanalbekasi/status/1222718076770107392","972053033243652097","kanalbekasi"
"1222696054803464193","Thu Jan 30 01:40:30 +0000 2020","0","Ngeliat utas ini ada sedikit saran. Gw berharap bapak Mendikbud kita yg punya relasi baik dgn dunia usaha PLUS kuasa atas kebijakan pendidikan bisa ambil langkah agar perpustakaan gak kalah dari resto/kafe sebagai lokasi tujuan belajar.","1222696054803464193","","","in","Unknown","0","0","0","https://twitter.com/nverad/status/1222696054803464193","49962751","nverad"
"1222657978253201408","Wed Jan 29 23:09:12 +0000 2020","3","Penyelenggara pendidikan yg tdk paham masalah pendidikan itu ya seperti itu kalau buat kebijakan alih2 menyelsaikan masalah sebaliknya malah nambah masalah pak @eka_harijanto","1222657978253201408","","","in","Jakarta","0","2","0","https://twitter.com/Darmaningtyas/status/1222657978253201408","368674205","Darmaningtyas"
"1222657673805516800","Wed Jan 29 23:07:59 +0000 2020","0","Bahkan sampai tidak tau kabar pak mentri pendidikan mengeluarkan kebijakan yang luar biasa kampus merdeka #coronaravirus #kampus #kampusmerdeka https://t.co/0Nhi4qtei6","1222657673805516800","https://pbs.twimg.com/media/EPfAq41U4AASf5U.jpg","","in","Kota Surabaya, Jawa Timur","0","0","0","https://twitter.com/Mifta_WeddPlan/status/1222657673805516800","1221602310293352450","Mifta_WeddPlan"
"1222656093345632256","Wed Jan 29 23:01:43 +0000 2020","13","Mumpung masih hangat ini inti kebijakan baru Mendibud Nadiem Makarim tentang Perguruan Tinggi yang disebut kebijakan Kampus Merdeka #pendidikan #merdekabelajar #kampusmerdeka https://t.co/nqYUPJVf5P https://t.co/esfVEHSlzK","1222656093345632256","https://pbs.twimg.com/media/EPe_MUtU8AEspIV.jpg","","in","Jakarta","11","0","4","https://twitter.com/rumah_inspirasi/status/1222656093345632256","237561400","rumah_inspirasi"
"1222562105372528640","Wed Jan 29 16:48:14 +0000 2020","0","Jakarta Kemendikbud Menteri Pendidikan dan Kebudayaan (Mendikbud) Nadiem Makarim meluncurkan kebijakan Merdeka Belajar: Kampus Merdeka bagi perguruan tinggi di Lantai 2 Gedung D Kemendikbud Jumat (24/1/2019). https://t.co/KEmimJvE3v","1222562105372528640","","","in","West Borneo, Indonesia","0","0","0","https://twitter.com/KabarUntan/status/1222562105372528640","1221444492768600066","KabarUntan"
"1222513392683900928","Wed Jan 29 13:34:40 +0000 2020","26","Rektor Universitas Negeri Jakarta Dr Komarudin MSi mengatakan kampusnya merancang ulang kurikulum untuk menerapkan kebijakan Kampus Merdeka yang diluncurkan oleh Menteri Pendidikan dan Kebudayaan (Mendikbud) Nadiem Makarim. lengkapnya di https://t.co/yXR8Xp4Kox","1222513392683900928","","","in","Jakarta Timur, DKI Jakarta","2","2","31","https://twitter.com/UNJ_Official/status/1222513392683900928","501544483","UNJ_Official"
"1222496050897833986","Wed Jan 29 12:25:46 +0000 2020","0","Watch Diskusi Empat Pokok Kebijakan Pendidikan Tinggi #MerdekaBelajar on YouTube https://t.co/kuxg3dU7UG","1222496050897833986","","","in","Indonesia","0","0","0","https://twitter.com/_kresnasatya/status/1222496050897833986","96941825","_kresnasatya"
"1222486241200963586","Wed Jan 29 11:46:47 +0000 2020","1","NADIEM MAKARIM DAN PAKET KEBIJAKAN KAMPUS MERDEKA Halo Trunojoyo! Akhir-akhir ini Menteri Pendidikan dan Kebudayaan (Mendikbud) Nadiem Makarim menjadi pusat perhatian publik. Peluncuran program yang disebut https://t.co/fi4Kt3YBer","1222486241200963586","","","in","","0","0","0","https://twitter.com/bemkm_utm/status/1222486241200963586","1213330170834112514","bemkm_utm"
"1222485433461817344","Wed Jan 29 11:43:34 +0000 2020","2","Kebijakan Kampus Merdeka diapresiasi dan perlu masuk ke dalam cetak biru pendidikan Indonesia. https://t.co/AxIZNpt9av","1222485433461817344","","","in","Jakarta","0","0","0","https://twitter.com/kompascom/status/1222485433461817344","23343960","kompascom"
"1222452684067762177","Wed Jan 29 09:33:26 +0000 2020","0","DPR: Pemetaan SDM Kunci Strategi Kebijakan Pendidikan - https://t.co/GV2tDwrRKR https://t.co/Xx1iAobpUe","1222452684067762177","https://pbs.twimg.com/media/EPcGPCNU4AUOqWO.jpg","","in","Indonesia","0","0","0","https://twitter.com/gontornews/status/1222452684067762177","214805603","gontornews"
"1222369020369887232","Wed Jan 29 04:00:59 +0000 2020","0","Menurutnya semua kebijakan yang diambil adalah guna memerdekakan segala jalur pendidikan di Indonesia baik formal maupun non-formal https://t.co/ajI31cl7E5 Cari berita lain? Silahkan klik disini https://t.co/etgqSfoIwQ https://t.co/TVRfX9Zyz4","1222369020369887232","https://pbs.twimg.com/media/EPa6JW_XUAAw5G2.jpg","","in","Jakarta, Indonesia","0","0","0","https://twitter.com/Yahoo_ID/status/1222369020369887232","68945667","Yahoo_ID"
"1222336399354949633","Wed Jan 29 01:51:22 +0000 2020","0","Setiap sekolah tentu punya aturan &amp; kebijakan setiap siswa hrs patuh. Utk masalah pemusnahan hp ini apakah pihak sekolah tdk punya solusi duduk bersama dgn siswa &amp; orang tua. Contoh yg kurang baik bagi dunia pendidikan. ","1222336399354949633","","","in","Jakarta Timur -Batam -Surabaya","0","0","0","https://twitter.com/mamayuli/status/1222336399354949633","98391831","mamayuli"
"1222285592035069953","Tue Jan 28 22:29:28 +0000 2020","1","Nadiem membantah kebijakan Kampus Merdeka mengarah kepada komersialisasi pendidikan. https://t.co/rQzfdtHiDa","1222285592035069953","","","in","Jakarta, Indonesia","0","2","0","https://twitter.com/republikaonline/status/1222285592035069953","22126902","republikaonline"
"1222208053648318464","Tue Jan 28 17:21:22 +0000 2020","0","#kom11 A. Fikri @FPKSDPRRI #Jateng9 : Perlu ada komunikasi intensif dengan publik tentang kebijakan pendidikan jangan tunggu mereka demo jika mereka demo dihampiri saja kan mas mentri masih muda juga.","1222208053648318464","","","in","","0","0","0","https://twitter.com/WikiDPR3/status/1222208053648318464","3550855092","WikiDPR3"
"1222135143608963074","Tue Jan 28 12:31:39 +0000 2020","0","100 Hari Jokowi-Maruf Ini Kata Praktisi Pendidikan tentang Kebijakan Merdeka Belajar https://t.co/gwxeg1g3QA","1222135143608963074","","","in","Jakarta - Indonesia","0","0","0","https://twitter.com/icharis/status/1222135143608963074","69492528","icharis"
"1222085152341360641","Tue Jan 28 09:13:00 +0000 2020","20","Diharapkan kebijakan pendidikan dilahirkan dari riset yang holistik atas realitas pendidikan nasional https://t.co/kN4yhMJ8ej","1222085152341360641","","","in","Yogyakarta","0","0","2","https://twitter.com/majalahSM/status/1222085152341360641","836611718","majalahSM"
"1222080875724042240","Tue Jan 28 08:56:00 +0000 2020","2","Lemhannas RI menggelar Konsolidasi Penyelenggaraan Pendidikan serta Evaluasi &amp; Penjelasan Pokok-Pokok Kebijakan Kajian &amp; Pemantapan Nilai-Nilai Kebangsaan Thn 2020 di Ruang Pancasila Gedung Trigatra. Konsolidasi digelar pada Rabu-Kamis (15-16/01). #LemhannasRI #Konsolidasi https://t.co/tSMYiFjQHk","1222080875724042240","https://pbs.twimg.com/media/EPW0EA0U0AMfIHc.jpg","","in","Jakarta, Indonesia","0","0","0","https://twitter.com/LemhannasRI/status/1222080875724042240","552542839","LemhannasRI"
"1222057690307944450","Tue Jan 28 07:23:52 +0000 2020","0","Kebijakan Baru Pendidikan Pemda Diminta Gerak Cepat https://t.co/mRdYPEBqrW https://t.co/MZocjO2xWh","1222057690307944450","https://pbs.twimg.com/media/EPWe_j_XsAAkd4I.jpg","","in","Arga Makmur","0","0","0","https://twitter.com/RadarUtara/status/1222057690307944450","2284388498","RadarUtara"
"1222057149129297920","Tue Jan 28 07:21:43 +0000 2020","3","Menristek mendukung kebijakan pendidikan tinggi yang dibuat Nadiem Makarim terutama untuk kebijakan yang membebaskan mahasiswa untuk mengambil mata kuliah lain atau magang di luar program studi. https://t.co/ssctL8VNlG","1222057149129297920","","","in","Indonesia","0","0","1","https://twitter.com/tempodotco/status/1222057149129297920","18129942","tempodotco"
"1222039253657554944","Tue Jan 28 06:10:37 +0000 2020","0","Kementerian Pendidikan dan Kebudayaan meluncurkan kebijakan Merdeka Belajar. Terdapat empat penyesuaian kebijakan di lingkup pendidikan tinggi. Kebijakan yang pertama adalah otonomi bagi Perguruan Tinggi Negeri https://t.co/ikpQCVWu4h","1222039253657554944","","","in","Jakarta Timur, DKI Jakarta","0","0","0","https://twitter.com/lldikti3/status/1222039253657554944","1082480504983543808","lldikti3"
"1222030368838057984","Tue Jan 28 05:35:18 +0000 2020","3","[cm] kebijakan apa yg bakal kalian buat kalo kalian jd menteri pendidikan?","1222030368838057984","","","in","","0","9","1","https://twitter.com/collegemenfess/status/1222030368838057984","1046084008742801408","collegemenfess"
"1222029820084793344","Tue Jan 28 05:33:07 +0000 2020","0","Kebijakan tersebut diberi nama Kampus Merdeka yang berisi empat penyesuaian kebijakan di lingkup pendidikan tinggi. Hal tersebut disampaikan Nadiem di Kantor Kemendikbud pada Jumat (24/01/2020). https://t.co/U9CoRQqzSa","1222029820084793344","","","in","","0","0","0","https://twitter.com/eramadanicom/status/1222029820084793344","980055600057827328","eramadanicom"
"1222018978001735682","Tue Jan 28 04:50:03 +0000 2020","0","Mempelajari dengan tenang dan saksama kebijakan Mas Menteri untuk pendidikan tinggi. Biar jangan pake katanya katanya..","1222018978001735682","","","in","A dark, dark place","0","0","1","https://twitter.com/IrvanKarta/status/1222018978001735682","211050983","IrvanKarta"
"1222014142686453760","Tue Jan 28 04:30:50 +0000 2020","1","Dengan adanya kebijakan Kampus Merdeka mengubah konstelasi jalur pendidikan https://t.co/skrJbZk9X8","1222014142686453760","","","in","Jakarta, Indonesia","0","0","1","https://twitter.com/republikaonline/status/1222014142686453760","22126902","republikaonline"
"1222012632263086080","Tue Jan 28 04:24:50 +0000 2020","0","Arah kebijakan pendidikan institusi perguruan tinggi di Indonesia oleh Nadiem Makarim. Semoga sukses dan terlaksana dengan baik. https://t.co/xwTxYeRrNY","1222012632263086080","","","in","Australian National University","0","0","0","https://twitter.com/HendriKaharudin/status/1222012632263086080","98103221","HendriKaharudin"
"1221992426513977344","Tue Jan 28 03:04:32 +0000 2020","0","Ancen kebijakan mentri pendidikan kui kok gak pas wayah ku bien yo heemm","1221992426513977344","","","in","Indonesia","0","1","0","https://twitter.com/inibudi_su/status/1221992426513977344","127725474","inibudi_su"
"1221988543414751232","Tue Jan 28 02:49:06 +0000 2020","0","INI contoh kebijakan yang melanggar konsep pendidikan yang benar dan melanggar ajaran agama.. tinggal diperiksa melanggar pasal KUHP apa tidak.","1221988543414751232","","","in","SAMPIT, KalTeng, INDONESIA+62","0","0","0","https://twitter.com/Budi_2232/status/1221988543414751232","1203075185420599296","Budi_2232"
"1221982775005216768","Tue Jan 28 02:26:11 +0000 2020","0","Kebijakan penghapusan iuran sumbangan pengembangan pendidikan (SPP) pada jenjang SMA/SMK dan SLB yang berlaku mulai Januari ini sebagian sekolah telah mengembalikan sebagian iuran SPP https://t.co/HYsEtFCVhc","1221982775005216768","","","in","Jln Hoopan RT 01/04 Purwokerto","0","0","0","https://twitter.com/suara_banyumas/status/1221982775005216768","1168440405827842049","suara_banyumas"
"1221791904976629762","Mon Jan 27 13:47:44 +0000 2020","1","Sayangnya Dapodik yg diacu dlm perumusan kebijakan pendidikan tidak menampilkan kondisi ekosistem pendidikan. Termasuk kontrasnya pendidikan di perdesaan &amp; perkotaan. https://t.co/omS9A5CRnW","1221791904976629762","https://pbs.twimg.com/media/EPStPtwU8AERT_W.jpg","","in","Indonesia","0","1","0","https://twitter.com/RidwanSaifuddin/status/1221791904976629762","885789115710492672","RidwanSaifuddin"
"1221761751210852352","Mon Jan 27 11:47:55 +0000 2020","23","Kebijakan Merdeka Belajar yang diluncurkan @Kemdikbud_RI Desember tahun lalu hanya berpusat di sekolah. Syaikhu Usman peneliti #ProgramRISE mengajak kita untuk kembali meneladani gagasan Ki Hajar Dewantara tentang tripusat pendidikan di ⁠https://t.co/EJc19dI77e https://t.co/e7HzlM8a8G","1221761751210852352","https://pbs.twimg.com/media/EPSR1ErUcAAXbbf.jpg","","in","Jakarta Pusat, DKI Jakarta","1","0","11","https://twitter.com/SMERUInstitute/status/1221761751210852352","942851575","SMERUInstitute"
"1221717172780589056","Mon Jan 27 08:50:47 +0000 2020","0","#Kom10 Dede Yusuf @PDemokrat #Jabar2 menutup Panja Pendidikan Vokasi RDP dengan Ketua Badan Nasional Sertifikasi Profesi mengenai kebijakan sertifikasi profesi terhadap lulusan pendidikan vokasi jenjang pendidikan menengah dan pendidikan tinggi dll pada pukul 15:40 WIB","1221717172780589056","","","in","","0","0","0","https://twitter.com/WikiDPR3/status/1221717172780589056","3550855092","WikiDPR3"
"1221708891123175425","Mon Jan 27 08:17:52 +0000 2020","0","Data Harus Akurat Agar Kebijakan Pendidikan Tidak Keliru - https://t.co/sPUAsOCkSJ","1221708891123175425","","","in","Jakarta","0","0","0","https://twitter.com/kalderanews/status/1221708891123175425","817669043792420864","kalderanews"
"1221708883107823616","Mon Jan 27 08:17:50 +0000 2020","0","Apakah dengan kebijakan baru mas mentri pendidikan S1 akan mendekat arahnya ke D4?","1221708883107823616","","","in","Denpasar, Bali","0","0","0","https://twitter.com/prtmyswg/status/1221708883107823616","124391419","prtmyswg"
"1221708168251600899","Mon Jan 27 08:15:00 +0000 2020","1","Kebijakan Menteri Pendidikan dan Kebudayaan Nadiem Makarim yang membebaskan mahasiswa belajar tiga semester di luar program studinya disambut baik kalangan perguruan tinggi. Meski begitu mahasiswa perlu didampingi. #Humaniora #AdadiKompas https://t.co/Ovs79vMZHD","1221708168251600899","","","in","ÜT: 62.478419,21.330711","0","0","1","https://twitter.com/kompasmuda/status/1221708168251600899","79237556","kompasmuda"
"1221706688824107009","Mon Jan 27 08:09:07 +0000 2020","0","#Kom10 Illiza S @DPP_PPP #NAD1 : penjelasan sejauh mana kontribusi BNSP sinergitas dengan Kemendikbud. Pokok-pokok kebijakan Kemendikbud baru dengan episode merdeka belajar adanya perbedaan keberlakuan pendidikan.","1221706688824107009","","","in","","0","0","0","https://twitter.com/WikiDPR3/status/1221706688824107009","3550855092","WikiDPR3"
"1221706274342985728","Mon Jan 27 08:07:28 +0000 2020","0","Haii Smartgen.. Baru-baru ini Menteri Pendidikan dan Kebudayaan Republik Indonesia mengeluarkan kebijakan baru dengan nama 'Kampus Merdeka'. Sebuah kebijakan yang terdiri atas 4 poin mengenai pendidikan tinggi di Indonesia. https://t.co/hCYMKr5WnT #l38ihbaik #bimbel #primagama https://t.co/Nr3qAF9hmY","1221706274342985728","https://pbs.twimg.com/media/EPRfX3LUEAAO-Wn.png","","in","","0","0","0","https://twitter.com/PrimagamaID/status/1221706274342985728","427799388","PrimagamaID"
"1221698066173984769","Mon Jan 27 07:34:51 +0000 2020","0","#Kom10 Ketua BNSP : kinerja terkait dengan kebijakan sertifikasi di pendidikan vokasi 1. Pembentukan LSP P1 SMK (978) 2. skema sertifikasi level 2 dan 3 (123) 3. Jumlah asesor (5.623) 4. Pembentukan LSP P1 politek dan universitas (175)...","1221698066173984769","","","in","","0","0","0","https://twitter.com/WikiDPR3/status/1221698066173984769","3550855092","WikiDPR3"
"1221696718057570305","Mon Jan 27 07:29:30 +0000 2020","0","#Kom10 Dede Yusuf @PDemokrat #Jabar2 membuka Panja Pendidikan Vokasi RDP dengan Ketua Badan Nasional Sertifikasi Profesi mengenai kebijakan sertifikasi profesi terhadap lulusan pendidikan vokasi jenjang pendidikan menengah dan pendidikan tinggi dll pada pukul 13:37 WIB https://t.co/ETEZXToLWz","1221696718057570305","https://pbs.twimg.com/media/EPRWrjRUcAAjPEg.jpg","","in","","0","0","0","https://twitter.com/WikiDPR3/status/1221696718057570305","3550855092","WikiDPR3"
"1221672695751819265","Mon Jan 27 05:54:02 +0000 2020","0","Berita Kemendikbud: Kebijakan Kampus Merdeka ala Mendikbud Nadiem Makarim menciptakan era baru pendidikan tinggi. #Kemendikbud https://t.co/Im55X8m7Xh","1221672695751819265","","","in","Indonesia","0","0","0","https://twitter.com/jpnncom/status/1221672695751819265","79130206","jpnncom"
"1221670432694206471","Mon Jan 27 05:45:03 +0000 2020","3","Universitas Gadjah Mada (UGM) siap mendukung kebijakan Menteri Pendidikan dan Kebudayaan Nadiem Makarim tentang Kampus Merdeka . Baca selengkapnya klik https://t.co/WEIYV4eE6G #NewsOne #NadiemMakarim https://t.co/uknnH0tJez","1221670432694206471","https://pbs.twimg.com/media/EPQ-yLcXsAAMB73.jpg","","in","Pulo Gadung, Indonesia","0","0","2","https://twitter.com/tvOneNews/status/1221670432694206471","55507370","tvOneNews"
"1221669043586813952","Mon Jan 27 05:39:32 +0000 2020","0"," @Kemdikbud_RI luncurkan kebijakan #KampusMerdeka. Salah satunya membolehkan mahasiswa ambil tiga semester di luar program studi. Apa latar belakang kebijakan ini? Apa tanggapan Pengamat Pendidikan? Kami obrolin di #KBRPagi https://t.co/nXr6iKWTbm #KBRPrime #PodcastIndonesia https://t.co/Mo28iKr3Jz","1221669043586813952","https://pbs.twimg.com/media/EPQ9a4KUYAAkca8.jpg","","in","Jakarta, Indonesia","0","0","1","https://twitter.com/beritaKBR/status/1221669043586813952","124390203","beritaKBR"
"1221654612383420416","Mon Jan 27 04:42:11 +0000 2020","1","Jangan sampai kebijakan berani Pak Gojek yang harusnya bisa merubah kearah positif untuk pendidikan Indonesia malah jadi boomerang sendiri.","1221654612383420416","","","in","","0","0","0","https://twitter.com/jackjackparrr/status/1221654612383420416","1011699904933064709","jackjackparrr"
"1221652959508881408","Mon Jan 27 04:35:37 +0000 2020","4","Mendikbud Nadiem Makarim kembali luncurkan kebijakan baru 'Kampus Merdeka' yang terdiri atas 4 poin mengenai pendidikan tinggi di Indonesia. Apa saja ya? https://t.co/Sl3HIDuJqa","1221652959508881408","https://pbs.twimg.com/media/EPQu40TUEAAR0iN.jpg","","in","Jakarta Capital Region","0","1","1","https://twitter.com/ruangguru/status/1221652959508881408","457341503","ruangguru"
"1221635607375437824","Mon Jan 27 03:26:40 +0000 2020","1","Menteri Pendidikan dan Kebudayaan (Mendikbud) Nadiem Makarim bakal merombak sejumlah kebijakan di universitas. Salah satunya mengurangi kewajiban belajar mahasiswa strata satu (S1) di program studi (prodi) atau jurusan menjadi 5 semester. . . https://t.co/OdPcpMwYCC","1221635607375437824","https://pbs.twimg.com/media/EPQfFpoUwAAJiCF.jpg","","in","West Borneo, Indonesia","0","0","0","https://twitter.com/KabarUntan/status/1221635607375437824","1221444492768600066","KabarUntan"
"1221616230617890817","Mon Jan 27 02:09:40 +0000 2020","0","Menteri Pendidikan dan Kebudayaan (Mendikbud) Nadiem Makarim belum lama meluncurkan kebijakan Kampus Merdeka yang ditujukan untuk Perguruan Tinggi (PT) sebagai kelanjutan dari konsep Merdeka Belajar. https://t.co/MSkt1eu06T. Penulis : Ayunda Pininta Kasih Editor : Yohanes Enggar","1221616230617890817","","","in","Kupang","0","0","0","https://twitter.com/Bernard_16742/status/1221616230617890817","1477386961","Bernard_16742"
"1221604231863422977","Mon Jan 27 01:21:59 +0000 2020","4","Menonton dan mendengar launching kebijakan #MerdekaBelajar yg akan di ambil @MasMenteri di @Kemdikbud_RI. Setelah nonton langsung ada harapan bahwa pendidikan indonesia bakal lebih baik lagi dan tentunya bakal maju. Semoga. Emg harus kolektif. https://t.co/Z9L46Aqpj9 https://t.co/s5VGhWSWyA","1221604231863422977","https://pbs.twimg.com/media/EPQCjexUUAAgxlV.jpg","","in","","4","1","2","https://twitter.com/ruhdi7/status/1221604231863422977","461132454","ruhdi7"
"1221586773748269056","Mon Jan 27 00:12:37 +0000 2020","0","#HarmoniPagi Rektor Unismuh Makassar Prof Dr H Abdul Rahman Rahim SE MM kembali diundang kedua kalinya oleh Mendikbud RI Nadiem Makarim menghadiri Rapat Koordinasi Kebijakan Pendidikan Tinggi di Kantor Kemendikbud Senayan Jakarta.Via:@tribuntimur #PLS100FMakassar","1221586773748269056","","","in","Indonesia - Makassar","0","0","0","https://twitter.com/RadioPLS_mks/status/1221586773748269056","142999049","RadioPLS_mks"
"1221579349863759872","Sun Jan 26 23:43:07 +0000 2020","4","Kampus Merdeka Di kebijakan baru ini SKS mata kuliah di prodi hanya 5 semester. Sisanya mahasiswa boleh (tidak harus) mengambil mata kuliah dari Perguruan Tinggi lain. Bagaimana pendapat Anda? #kampusmerdeka #nadiemmakarim #pendidikan https://t.co/e2EsPFO3oG","1221579349863759872","https://pbs.twimg.com/media/EPPr8JFU8AAvrg_.jpg","","in","Jakarta","0","0","3","https://twitter.com/rumah_inspirasi/status/1221579349863759872","237561400","rumah_inspirasi"
"1221553657415491585","Sun Jan 26 22:01:01 +0000 2020","1","Usia dan pendidikan perlu diperhatikan di kebijakan uang elektronik jamaah haji. https://t.co/n60UyT00kI","1221553657415491585","","","in","Jakarta, Indonesia","0","0","1","https://twitter.com/republikaonline/status/1221553657415491585","22126902","republikaonline"
"1221457152356671488","Sun Jan 26 15:37:33 +0000 2020","8","Mau di bawa kemana arah pendidikan bangsa ini oleh Bpk Nadiem ? Setelah membuat kebijakan penghapusan UN dan peningkatan softskill di tingkat SLTA kini beliau membuat kebijakan di perguruan tinggi melalui Kuliah 5 semester selebihnya magang permudah akreditas dan status PTN","1221457152356671488","","","in","Kota Surabaya, Jawa Timur","0","2","0","https://twitter.com/afr_ozy/status/1221457152356671488","1126480043805306880","afr_ozy"
"1221410980896239623","Sun Jan 26 12:34:05 +0000 2020","2","Kemendikbud resmi meluncurkan 4 kebijakan baru yakni Merdeka Belajar di tingkat perguruan tinggi Empat hal yg diatur salah satunya pemberian hak kpd mahasiswa utk mengambil mata kuliah di luar program studi. Sudah tepatkah kebijakan ini? Talk: Pakar Pendidikan Darmaningtyas https://t.co/jQKHLjRTa7","1221410980896239623","https://pbs.twimg.com/media/EPNSzv1UYAAbzIf.jpg","","in","","0","1","2","https://twitter.com/RadioElshinta/status/1221410980896239623","121640063","RadioElshinta"
"1221400932694413312","Sun Jan 26 11:54:09 +0000 2020","0","Bagaimana nasib para Guru Honorer? Dengan Menyoroti Kebijakan Pemerintah yang Akan Menghapus Tenaga Guru Honorer? Apa Plus-Minusnya? Relevankah? Simak diskusinya bersama Pakar Pendidikan - Dr. Itje Chodijah MA. dalam Current Issue 27 Januari 2020 jam 08.25 WIB. . https://t.co/YPuneUG7zY","1221400932694413312","https://pbs.twimg.com/media/EPNJq14UcAAFyFg.jpg","","in","Bandung","0","0","0","https://twitter.com/1071klitefm/status/1221400932694413312","174903078","1071klitefm"
"1221390555571089410","Sun Jan 26 11:12:55 +0000 2020","0","Kebijakan yg bagus untuk Pendidikan Tinggi..","1221390555571089410","","","in","Cirebon Utara, Indonesia","0","0","0","https://twitter.com/KevinNaufaldi_/status/1221390555571089410","121703154","KevinNaufaldi_"
"1221381678930620418","Sun Jan 26 10:37:39 +0000 2020","0","Keren banget sih kebijakan baru ini. Kayak ada angin segar untuk pendidikan tinggi di Indonesia. Kalau punya waktu luang bisa banget nonton full kebijakan baru ini di https://t.co/6TKvpVuaJw (jangan cuma ambil kesimpulan dari judul berita biasakan baca langsung sumber primer).","1221381678930620418","","","in","","0","2","0","https://twitter.com/bukhoriam/status/1221381678930620418","71657786","bukhoriam"
"1221353927746023425","Sun Jan 26 08:47:22 +0000 2020","0","Rapat koordinasi terkait kebijakan pendidikan tinggi kemendikbud RI MERDEKA BELAJAR : KAMPUS MERDEKA @ Kementerian Pendidikan dan Kebudayaan RI https://t.co/3TLNWaPtup","1221353927746023425","","","in","Kota Kendari, Sulawesi Tenggar","0","0","0","https://twitter.com/FandyPriyonoAr1/status/1221353927746023425","940116897105719296","FandyPriyonoAr1"
"1221331678510997504","Sun Jan 26 07:18:58 +0000 2020","3","Kebijakan Menteri Nadiem bikin mikir Apakah kami mahasiswa pendidikan masih tetap tidak dianggap sbg seseorang yg berkompeten menjadi guru sehingga harus menempuh ppg dulu? Padahal kami berusaha menyeimbangankan antara ilmu pendidikan dan llmu sains yg kami terima selama 4 thn ","1221331678510997504","","","in","Gresik, Indonesia","0","1","0","https://twitter.com/nurul_mgh/status/1221331678510997504","1034707901372198912","nurul_mgh"
"1221326596247715840","Sun Jan 26 06:58:46 +0000 2020","0","Nadiem Makarim Luncurkan 4 Kebijakan Pendidikan Tinggi Proses dan syarat akreditasi selama ini menjadi beban besar bagi kampus #ValidNih https://t.co/F0DIxPP3X4","1221326596247715840","","","in","","0","0","0","https://twitter.com/stryabthm_/status/1221326596247715840","2312827160","stryabthm_"
"1221311148567355393","Sun Jan 26 05:57:23 +0000 2020","1","Semoga Membawa Perubahan Pendidikan Di Kampus Dan Indonesia Khususnya. Kebijakan Baru Nadiem Pakar Singgung Daya Serap Perusahaan https://t.co/9REn364BEJ","1221311148567355393","","","in","","0","0","0","https://twitter.com/BuNg4_Troto4R/status/1221311148567355393","1154317458645274624","BuNg4_Troto4R"
"1221304600625602560","Sun Jan 26 05:31:22 +0000 2020","1","BISA DIPAHAMI jika pengamat pendidikan Darmaningtyas berteriak kencang protes terhadap kebijakan kampus merdeka-nya Mendikbud Nabiel Makarim. Saya menyayangkan kebijakan kampus merdeka. Indonesia juga membutuhkan https://t.co/bZjc6j2OA0","1221304600625602560","","","in","Lampung, Indonesia","0","0","0","https://twitter.com/udozkarzi/status/1221304600625602560","260161446","udozkarzi"
"1221292456462843905","Sun Jan 26 04:43:06 +0000 2020","0","Mendikbud Nadiem Anwar Makarim kembali meluncurkan kebijakan Merdeka Belajar. Diberi tajuk Kampus Merdeka kali ini terdapat empat penyesuaian kebijakan di lingkup pendidikan tinggi Jakarta (24/1/2020) https://t.co/krwpT28haM","1221292456462843905","","","in","Earth","0","0","0","https://twitter.com/stickyshed/status/1221292456462843905","46176204","stickyshed"
"1221242595168243712","Sun Jan 26 01:24:58 +0000 2020","0","Kebijakan pendidikan yg perlu diperjelas dan didalami lagi. Jangan acak2an dong. Sesuaikan dg kondisi negara...","1221242595168243712","","","in","Padang Utara, Indonesia","0","0","0","https://twitter.com/melindaroza/status/1221242595168243712","134695813","melindaroza"
"1221230274421215233","Sun Jan 26 00:36:01 +0000 2020","0","LIVE ! Rektor Universitas Ma Chung Kota Malang Murphy Sembiring Mencermati empat kebijakan Merdeka Belajar di lingkup pendidikan tinggi bernama Kampus Merdeka . #ElshintaWeekend #elshintaedisipagi https://t.co/4giNAIheeP","1221230274421215233","https://pbs.twimg.com/media/EPKudSrUwAA1lX8.jpg","","in","Kota Surabaya, Jawa Timur","0","0","0","https://twitter.com/ElshintaSby/status/1221230274421215233","854462541484785665","ElshintaSby"
"1221068110830030854","Sat Jan 25 13:51:38 +0000 2020","38","Ada radikalisme di dunia pendidikan yg membahayakan para guru ..... yaitu masih banyak gaji guru honorer di daerah2 yg gajinya kurang dari 500K / bulan. kebijakan yg harus jadi prioritas utk dibasmi supaya guru bisa menerima gaji yg layak ! Masak gaji guru kok segitu kecilnya.","1221068110830030854","","","in","Kota Jogja,DIY,Indonesia","1","4","18","https://twitter.com/herry_zudianto/status/1221068110830030854","170171658","herry_zudianto"
"1221055367024709637","Sat Jan 25 13:01:00 +0000 2020","22","Nadiem Makarim meluncurkan kebijakan Merdeka Belajar yang ditujukan bagi pendidikan tinggi - #Tren https://t.co/wNb66o9VY2","1221055367024709637","","","in","Jakarta","6","4","0","https://twitter.com/kompascom/status/1221055367024709637","23343960","kompascom"
"1221029949294960641","Sat Jan 25 11:20:00 +0000 2020","0","Nadiem Makarim kembali meluncurkan kebijakan Merdeka Belajar kali ini ditujukan bagi pendidikan tinggi bertajuk Kampus Merdeka https://t.co/5JX6h7FnDo","1221029949294960641","","","in","Indonesia","0","0","1","https://twitter.com/KurioID/status/1221029949294960641","1619528629","KurioID"
"1221025300462669826","Sat Jan 25 11:01:31 +0000 2020","1","Mendikbud Luncurkan Empat Kebijakan Merdeka Belajar: Kampus Merdeka Jakarta Kemendikbud --- Menteri Pendidikan dan Kebudayaan (Mendikbud) Nadiem Anwar Makarim kembali meluncurkan kebijakan Merdeka Belajar. https://t.co/GQB8fapzd1","1221025300462669826","","","in","Kota Serang, Banten","0","0","0","https://twitter.com/HumasUntirta/status/1221025300462669826","845297122878500864","HumasUntirta"
"1220967579067523074","Sat Jan 25 07:12:09 +0000 2020","0","Anggota Komisi D DPRD Makassar Bidang Pendidikan Sosial Al Hidayat Samsu menilai kebijakan pemerintah pusat untuk menghapus tenga honorer perlu di pertimbangkan atau direvisi ulang. Menurutnya jumlah tenaga https://t.co/F7O0oG54A8","1220967579067523074","","","in","","0","0","0","https://twitter.com/SosmedMakassar/status/1220967579067523074","2538511494","SosmedMakassar"
"1220951064117047299","Sat Jan 25 06:06:32 +0000 2020","1","Kebijakan Kampus Merdeka Lanjutan Episode Program Merdeka Belajar: Beberapa waktu lalu Menteri Pendidikan dan Kebudayaan Nadiem Makarim meluncurkan kebijakan Merdeka Belajar . Dalam peluncurannya pendiri startup GoJek itu mengumumkan https://t.co/AqxSr69hBB Berita Unsri https://t.co/ol8pteAfqe","1220951064117047299","https://pbs.twimg.com/media/EPGwhccUcAA4MVh.jpg","","in","Palembang-Indralaya Sumsel","0","0","0","https://twitter.com/LPMGSUNSRI/status/1220951064117047299","327956165","LPMGSUNSRI"
"1220894109805604864","Sat Jan 25 02:20:13 +0000 2020","0","4 kebijakan baru @Kemendikbud_RI mampukan menjadi solusi pendidikan nasional? https://t.co/fe9NEG5Cks","1220894109805604864","https://pbs.twimg.com/media/EPF8tvXUYAEP3l0.jpg","","in","Kota Kendari, Sulawesi Tenggar","0","0","0","https://twitter.com/FandyPriyonoAr1/status/1220894109805604864","940116897105719296","FandyPriyonoAr1"
"1220879783925444608","Sat Jan 25 01:23:17 +0000 2020","2","Mendikbud Nadiem Anwar Makarim kemarin resmi meluncurkan empat kebijakan merdeka belajar pendidikan tinggi yang merupakan kelanjutan dari konsep Merdeka Belajar. [SIMAK] pembahasannya bersama Pengamat Pendidikan dari Paramadina Institute For Education Reform M Abduh Zein. https://t.co/76EAxb52Yr","1220879783925444608","https://pbs.twimg.com/media/EPFvn4MUUAM2IaT.jpg","","in","","0","0","1","https://twitter.com/RadioElshinta/status/1220879783925444608","121640063","RadioElshinta"
"1220872513900535810","Sat Jan 25 00:54:24 +0000 2020","1","#KampusMerdeka Apresiasi buat mas menteri yg dah bikin kebijakan ini semoga pendidikan tinggi di Indonesia semakin baik Tapi Kenapa anak kesehatan dikecualikan dari kebijakan ke-4 dari #KampusMerdeka ? @Kemendikbud_RI","1220872513900535810","","","in","Tanggamus, Lampung","0","1","0","https://twitter.com/santoshohib/status/1220872513900535810","1121336775803191297","santoshohib"
"1220837686140751872","Fri Jan 24 22:36:01 +0000 2020","1","#BeritaGorontalo Dikbudpora Bahas Rapor Mutu Untuk Solusi Kebijakan Pendidikan https://t.co/0hqjReR406 https://t.co/XOGB7MTQbZ","1220837686140751872","https://pbs.twimg.com/media/EPFJZ2pUEAA6L28.jpg","","in","Gorontalo","0","0","0","https://twitter.com/ProvGorontalo/status/1220837686140751872","94936873","ProvGorontalo"
"1220737906316214274","Fri Jan 24 15:59:31 +0000 2020","0","Catatan saya terkait Kebijakan Kampus Merdeka Bahwa Konsep Kampus Merdeka memperlihatkan bahwa arah Pendidikan Tinggi adalah untuk memenuhi tuntutan terhadap Dunia Kerja bukan pada upaya bagi peningkatan kualitas sumberdaya manusia perguruan tinggi yang maksimal.","1220737906316214274","","","in","DKI Jakarta, Indonesia","0","0","0","https://twitter.com/hasanbasri7_/status/1220737906316214274","4716190400","hasanbasri7_"
"1220725191224877056","Fri Jan 24 15:09:00 +0000 2020","19","Tujuan dari kebijakan Kampus Merdeka lanjut Nadiem adalah untuk mempercepat inovasi di bidang pendidikan tinggi. Berikut empat pokok kebijakan Kampus Merdeka. &gt; #Edukasi https://t.co/6CVI4mJu7v","1220725191224877056","","","in","Jakarta","1","0","5","https://twitter.com/kompascom/status/1220725191224877056","23343960","kompascom"
"1220722641851572224","Fri Jan 24 14:58:52 +0000 2020","0","Menteri Pendidikan dan Kebudayaan (Mendikbud) Nadiem Makarim meluncurkan kebijakan Kampus Merdeka Jumat (24/1/2020). Kebijakan itu merupakan lanjutan dari program Merdeka Belajar. #Mendikbud #NadiemMakarim #Pendidikan #Kampus https://t.co/gPGcq23tlB","1220722641851572224","","","in","Jakarta, Indonesia","0","0","0","https://twitter.com/inewsdotid/status/1220722641851572224","944180887171743745","inewsdotid"
"1220700066458914816","Fri Jan 24 13:29:10 +0000 2020","1","Menteri Pendidikan dan Kebudayaan (Mendikbud) Nadiem Makarim kembali meluncurkan lanjutan dari kebijakan Merdeka Belajar untuk perguruan tinggi yakni Kampus Merdeka di Jakarta Jumat (24/1/2020). #KAMUHARUSTAU https://t.co/iEEo8VcOWs","1220700066458914816","","","in","Jakarta","0","0","0","https://twitter.com/indozonemedia/status/1220700066458914816","350668803","indozonemedia"
"1220694579961196544","Fri Jan 24 13:07:21 +0000 2020","0","Kebijakan baru dari pusat yg mengabaikan situasi kondisi real di lapangan (sekolah) hanya akan berwujud pemubaziran. Utk itu aplikasi kebijakan tersebut harus meminimalisir gap dan perbedaan yg ada agar penerapan kebijakan tsb memberi manfaat bagi perkembangan pendidikan","1220694579961196544","","","in","","0","0","0","https://twitter.com/etaylaex/status/1220694579961196544","240038361","etaylaex"
"1220693034565873666","Fri Jan 24 13:01:13 +0000 2020","0","Nadiem: Kebijakan Kampus Merdeka Berbeda dengan Pendidikan Vokasi https://t.co/I7SuFP3kcC https://t.co/OevLTi9sDK","1220693034565873666","https://pbs.twimg.com/media/EPDF2IpX4AAYLdO.jpg","","in","Cipete, Jakarta Selatan","0","0","0","https://twitter.com/MonitorCOID/status/1220693034565873666","3029835496","MonitorCOID"
"1220691156394303488","Fri Jan 24 12:53:45 +0000 2020","0","Mendikbud sampaikan program dan kebijakan pendidikan tinggi https://t.co/4qrwUqTTF8","1220691156394303488","","","in","","0","0","0","https://twitter.com/topinfo_id/status/1220691156394303488","1215289012551741443","topinfo_id"
"1220687879862550529","Fri Jan 24 12:40:44 +0000 2020","1","Mas mendikbud sudah buat gebrakan menghapuskan UN nih selanjutnya akan ada kebijakan apa lagi ya? MUners ada saran untuk mas mendikbud? Yuk kerja barengan demi kemajuan pendidikan Indonesia! #sekolahmu #sekolahmurid #merdekabelajar #mendikbud https://t.co/MmlgpnvVln","1220687879862550529","https://pbs.twimg.com/media/EPDBJoPUYAAfCY8.jpg","","in","Jakarta","0","0","0","https://twitter.com/sekolahmuid/status/1220687879862550529","1161553758939074560","sekolahmuid"
"1220676229726179328","Fri Jan 24 11:54:26 +0000 2020","0","Hallo kerabat Youdo . Menteri Pendidikan dan Kebudayaan Nadiem Makarim melakukan gebrakan untuk membenahi pendidikan nasional. Upaya tersebut dilakukan melalui empat kebijakan yang diberi nama Merdeka https://t.co/Gha1A6cmNM","1220676229726179328","","","in","","0","0","0","https://twitter.com/YoudoIndonesia/status/1220676229726179328","1215534995948748800","YoudoIndonesia"
"1220656840431652865","Fri Jan 24 10:37:24 +0000 2020","424","Mendikbud Nadiem Makarim kembali luncurkan kebijakan Merdeka Belajar di Kantor Kemendikbud Senayan Jakarta Jumat (24/1). Diberi tajuk Kampus Merdeka kali ini terdapat 4 penyesuaian kebijakan di lingkup pendidikan tinggi. #MerdekaBelajar #KampusMerdeka https://t.co/rO3nt0LplX","1220656840431652865","https://pbs.twimg.com/media/EPCk7IlU4AEU90D.jpg","","in","Jakarta","26","19","190","https://twitter.com/Kemdikbud_RI/status/1220656840431652865","631701837","Kemdikbud_RI"
"1220656407650848771","Fri Jan 24 10:35:40 +0000 2020","32","Nadiem Makarim kembali menggebrak. Menteri berusia 34 tahun itu meluncurkan kebijakan baru untuk pendidikan tinggi di tanah air yang dinamakannya Kebijakan Merdeka Belajar: Kampus Merdeka. https://t.co/Ou3ll6zTEh","1220656407650848771","","","in","Indonesia","2","4","11","https://twitter.com/tempodotco/status/1220656407650848771","18129942","tempodotco"
"1220624980624302080","Fri Jan 24 08:30:48 +0000 2020","0","Dinas Pendidikan di Kota Makassar tak akan lagi merekrut guru berstatus kontrak atau honorer pada 2020 ini. Langkah ini terkait kebijakan Pemerintah bersama DPR yang akan menghapus tenaga honorer dalam organisasi kepegawaian. #Makassar #PNS #Honorer #ASN https://t.co/HxvWafgPHz","1220624980624302080","","","in","Jakarta, Indonesia","0","0","0","https://twitter.com/inewsdotid/status/1220624980624302080","944180887171743745","inewsdotid"
"1220622518840512512","Fri Jan 24 08:21:01 +0000 2020","3","Kebijakan #MerdekaBelajar di kampus juga ditanggapi positif oleh Rektor @unwima yang bisa mengembangkan mutu pendidikan #KampisMerdek4 #KampusMerdeka #100UntukNadiem #MasMenteri #Kemdikbud https://t.co/tiHRGhNVri","1220622518840512512","https://pbs.twimg.com/media/EPCFs5AUEAE2VlZ.jpg","","in","","0","0","2","https://twitter.com/MasMenteri/status/1220622518840512512","891564038781415424","MasMenteri"
"1220520234106273793","Fri Jan 24 01:34:34 +0000 2020","0","Topik Diskusi Pagi ini: Menyoroti Kebijakan Pemerintah yang Akan Menghapus Tenaga/Guru Honorer? Apa Plus-Minusnya? Relevankah? Berikut pendapat Dr. Itje Chodijah M pengamat pendidikan #NOW #LIVE #TOPIK #guruhonorer #pendidikan","1220520234106273793","","","in","Semarang, Jawa Tengah","0","0","0","https://twitter.com/RadioIdolaSMG/status/1220520234106273793","385894867","RadioIdolaSMG"
"1220270091129872384","Thu Jan 23 09:00:35 +0000 2020","0","Sepertinya pak mendikbud @Kemdikbud_RI gagal mendefinisikan istilah merdeka dalam kaitannya dengan proses belajar. Tak heran jika membuat kebijakan atau gerakan yang melenceng dari filosofi pendidikan. Saya ini guru pak. Ada UN aja siswa pada santuy g belajar apalagi g ada UN.","1220270091129872384","","","in","yogyakarta","0","0","0","https://twitter.com/arizfirst/status/1220270091129872384","275941364","arizfirst"
"1220244226325303298","Thu Jan 23 07:17:49 +0000 2020","0","NGOBRAS Pendidikan IGS dengan tema Menafsirkan Kebijakan Mas Menteri Pendidikan bersama Penjamin Mutu Pendidikan IGS Balikpapan (23.01.2020) . . Live On Youtube Channel Smart FM Balikpapan @ SmartFM 97.8 https://t.co/MbOpciVdLq","1220244226325303298","","","in","Balikpapan Selatan, Indonesia","0","0","0","https://twitter.com/smartfm_bpn/status/1220244226325303298","125928092","smartfm_bpn"
"1220127862537080832","Wed Jan 22 23:35:25 +0000 2020","1","Kebijakan pendidikan tdk cukup dirumuskan atas dasar data statistik/Dapodik. Disparitas tajam di perkotaan &amp; perdesaan. Kebijakan tunggal menajamkan disparitas. Korbannya sekolah2 di perdesaan &amp; wilayah 3T makin terpuruk. @Kemdikbud_RI #MerdekaBelajar https://t.co/mMpnrKDilH","1220127862537080832","https://pbs.twimg.com/media/EO7DzLWU8AADEFz.jpg","","in","Indonesia","0","0","0","https://twitter.com/RidwanSaifuddin/status/1220127862537080832","885789115710492672","RidwanSaifuddin"
"1219911583649824769","Wed Jan 22 09:16:01 +0000 2020","5","PGRI bersilaturahmi dengan Wapres membahas berbagai persoalan pendidikan antarai lain mengenai zonasi. Temui Wapres PGRI Minta Zonasi Sekolah dengan Kebijakan Pemerintah https://t.co/T94f1xhhrK.","1219911583649824769","","","in","","0","0","3","https://twitter.com/PBPGRI_OFFICIAL/status/1219911583649824769","2889429073","PBPGRI_OFFICIAL"
"1219852211603161088","Wed Jan 22 05:20:05 +0000 2020","1","PEMERATAAN KESEMPATAN PENDIDIKAN MELALUI KEBIJAKAN ZONASI https://t.co/HV37vuUEWD","1219852211603161088","","","in","","0","0","1","https://twitter.com/GuruDikdas_GTK/status/1219852211603161088","1089778011765788672","GuruDikdas_GTK"
"1219800806154616832","Wed Jan 22 01:55:49 +0000 2020","0","Masalah dasar sebenarnya RS puskesmas orientasi bisnis dipemerintahan dibanding pelayanan kemasyarakat.Kebijakan gubermur sangat penting dlm memberantas korupsi didunia kesehatan.Dokter yg baik itu dokter yg analisa logikanya kuat dan tdk komersil krn uang pendidikan dokter mahal","1219800806154616832","","","in","","0","0","0","https://twitter.com/Hendrikorachman/status/1219800806154616832","1119457371393146880","Hendrikorachman"
"1219585757637050368","Tue Jan 21 11:41:18 +0000 2020","0","Kurangnya pendidikan dan pengetahuan membuat orang-orang menyalahkan kebijakan BPJS. Doohhh mulane do moco o ","1219585757637050368","","","in","Kota Semarang, Jawa Tengah","0","0","0","https://twitter.com/OkaKusumaRia/status/1219585757637050368","291105527","OkaKusumaRia"
"1219463972119875584","Tue Jan 21 03:37:22 +0000 2020","0","Kebijakan Publik atau Kebijakan Pribadi? https://t.co/aXBPqI67LT #pendidikan","1219463972119875584","","","in","Jepara, Jawa Tengah. ","0","0","0","https://twitter.com/SoearaMoeria/status/1219463972119875584","3004945495","SoearaMoeria"
"1219228365871374339","Mon Jan 20 12:01:09 +0000 2020","1","Mengapa seluruh sektor Rakyat harus menolak Deregulasi (perubahan kebijakan) berwujud Omnibus Law RUU Cipta Lapangan Kerja (CILAKA) ? Sektor Pendidikan Terkena juga kah ? https://t.co/0EQtVgMKH6","1219228365871374339","","","in","ÜT: -6.165933,106.789552","0","0","2","https://twitter.com/KPP_SMI/status/1219228365871374339","243766100","KPP_SMI"
"1219226134417559552","Mon Jan 20 11:52:17 +0000 2020","0","Ini kenapa akhirnya saya memilih untuk menulis mengenai evaluasi kebijakan pendidikan inklusi dalam tugas akhir..","1219226134417559552","","","in","Leeds, UK","0","0","1","https://twitter.com/tio_tegar/status/1219226134417559552","971630052","tio_tegar"
"1219079988298665984","Mon Jan 20 02:11:33 +0000 2020","3","Kamis 16 Januari 2020 mahasiswa UIGM diundang ke graha I Kemendikbud Senayan Jakarta oleh Mentri Nadiem makarim untuk menghadiri kegiatan sosialisasi Rancangan paket kebijakan pendidikan tinggi https://t.co/7hcvssxFTR","1219079988298665984","https://pbs.twimg.com/media/EOsKsGlUwAADj-S.jpg","","in","Jln. Jend. Sudirman Km.4,5","0","1","1","https://twitter.com/SEMA_UIGM/status/1219079988298665984","619914424","SEMA_UIGM"
"1219066666090364928","Mon Jan 20 01:18:37 +0000 2020","0","Dari Kuliah Umum Mahasiswa Pascasarjana UPGRIS di Pemalang: *ARAH KEBIJAKAN PENDIDIKAN MUARANYA PADA GURU* Pemalang Dibingkai melalui tema 'Resolusi Pendidikan di Era Digital' Kepala Dinas Pendidikan dan https://t.co/TZr5tjlaYs","1219066666090364928","","","in","Semarang Tengah, Indonesia","1","0","0","https://twitter.com/pgrijateng/status/1219066666090364928","875229486513405952","pgrijateng"
"1218866703137792001","Sun Jan 19 12:04:02 +0000 2020","1","FDI diharapkan aktif memberikan saran masukan dan kritikan pada kebijakan pemerintah dalam pendidikan. Maka disepakati Outlook Pendidikan Indonesia semester I sebagai analisis terhadap kebijakan... https://t.co/b5BHzMpeRU","1218866703137792001","","","in","Indonesia ","0","0","0","https://twitter.com/djadjas/status/1218866703137792001","50596649","djadjas"
"1218717223964962816","Sun Jan 19 02:10:03 +0000 2020","0","Nama: Alif Pendidikan: S2 Jepang Side job: staf ahli kebijakan dan implementasi per-TikTok-an","1218717223964962816","","","in","middle-earth","0","0","0","https://twitter.com/AJruddIn/status/1218717223964962816","61182435","AJruddIn"
"1218401370090299398","Sat Jan 18 05:14:58 +0000 2020","0","Baru kemarin berdiskusi apakah lingkungan sekolah yg baik anti bullying anti harassment bisa kita masukan ke dalam kebijakan pembangunan pendidikan. Hari ini dengar kabar tentang satu anak yg memilih mengakhiri hidupnya sendiri. Turut berduka #RIPnadila","1218401370090299398","","","in","","0","2","0","https://twitter.com/imajikataa/status/1218401370090299398","76902259","imajikataa"
"1218317092224552961","Fri Jan 17 23:40:04 +0000 2020","0","Orientasi Kebijakan Pendidikan Nadiem? https://t.co/yRe5ll4HOe","1218317092224552961","","","in","Kalimantan Tengah, Indonesia","0","0","0","https://twitter.com/HarianKalteng/status/1218317092224552961","3281265534","HarianKalteng"
"1218166417607950342","Fri Jan 17 13:41:21 +0000 2020","2","Kebijakan pendidikan yang tidak bijak. Dibuat berdasarkan pengamatan tanpa perasaan.","1218166417607950342","","","in","Wonogiri,Jawa Tengah,Indonesia","1","0","0","https://twitter.com/rilo_ar/status/1218166417607950342","1041680425037357056","rilo_ar"
"1218065507351289857","Fri Jan 17 07:00:22 +0000 2020","0","-cak takok poo permasalahan sosial budaya kebijakan pemerintah utowo pendidikan seng sek relevan di teliti gawe skripsi 1 tahun kedepan kiro-kiro opo yo ?","1218065507351289857","","","in","Kota Surabaya, Jawa Timur","0","0","1","https://twitter.com/sbyfess/status/1218065507351289857","1152437175587241985","sbyfess"
"1218035216154906625","Fri Jan 17 05:00:00 +0000 2020","11","#GInfo | Kebijakan Baru Nadiem Makarim Guna Kurangi produksi Sampah Plastik. Surat edaran yang dikeluarkan Meneteri Pendidikan &amp; Kebudayaan RI Nadiem Makarim tersebut diberlakukan tertanggal 26 November 2019 di lingkungan Kemendikbud. #sampahkutanggungjawabku #nadiemmakarim https://t.co/Ux0IxR91Jy","1218035216154906625","https://pbs.twimg.com/media/EOZlcS6UcAEx40j.jpg","","in","INDONESIA","1","1","10","https://twitter.com/greenerationid/status/1218035216154906625","66926876","greenerationid"
"1217752886727196672","Thu Jan 16 10:18:07 +0000 2020","0","Bupati Bantaeng Ajak PGRI Rumuskan Arah Kebijakan Pendidikan https://t.co/Lwz93RWJAM","1217752886727196672","","","in","South Sulawesi, Indonesia","0","0","0","https://twitter.com/simpulrakyat/status/1217752886727196672","1104641529199550464","simpulrakyat"
"1217656543610458113","Thu Jan 16 03:55:17 +0000 2020","0","#TopicOfTheDay Mencermati Inkonsistensi Arah Kebijakan Pendidikan https://t.co/39DPChbxGB lewat @RadioIdolaSMG","1217656543610458113","","","in","Semarang, Jawa Tengah","0","0","0","https://twitter.com/RadioIdolaSMG/status/1217656543610458113","385894867","RadioIdolaSMG"
"1217638412053819393","Thu Jan 16 02:43:14 +0000 2020","0","Forum Kajian Pembangunan Roadshow 2020: Pendidikan dan Sumber Daya Manusia Forum Kajian Pembangunan atau FKP adalah sebuah rangkaian forum kebijakan berbasis riset untuk mendiskusikan outcome penelitian yang https://t.co/tjWJDPYiU6","1217638412053819393","","","in","","0","0","0","https://twitter.com/febulm/status/1217638412053819393","1172344342519799810","febulm"
"1217617352012910592","Thu Jan 16 01:19:33 +0000 2020","0","Orientasi Kebijakan Pendidikan Nadiem? https://t.co/0F1S2YEUF8 https://t.co/CYX87kLIEK","1217617352012910592","https://pbs.twimg.com/media/EOXYh3FUYAA7zDI.jpg","","in","Kalimantan tengah","0","0","0","https://twitter.com/tribun_kalteng/status/1217617352012910592","287629951","tribun_kalteng"
"1217609768723836928","Thu Jan 16 00:49:25 +0000 2020","0","Topik Diskusi Pagi ini: Mencermati Inkonsistensi Arah Kebijakan Pendidikan. Berikut pendapat Mohammad Abduhzen Direktur Eksekutif Institute for Education Reform Universitas Paramadina #NOW #LIVE #TOPIK #kebijakanpendidikan","1217609768723836928","","","in","Semarang, Jawa Tengah","0","0","0","https://twitter.com/RadioIdolaSMG/status/1217609768723836928","385894867","RadioIdolaSMG"
"1217605214896701440","Thu Jan 16 00:31:19 +0000 2020","0","Topik Diskusi Pagi ini: Mencermati Inkonsistensi Arah Kebijakan Pendidikan. Berikut pandangan Hafid Abbas Guru Besar FIP Universitas Negeri Jakarta Konsultan Internasional UNESCO untuk Kawasan Asia-Pasifik 1992-1995 #NOW #LIVE #TOPIK #kebijakanpendidikan cc: @hafidabbas","1217605214896701440","","","in","Semarang, Jawa Tengah","0","0","0","https://twitter.com/RadioIdolaSMG/status/1217605214896701440","385894867","RadioIdolaSMG"
"1217582668143112201","Wed Jan 15 23:01:44 +0000 2020","0","Orientasi Kebijakan Pendidikan Nadiem? https://t.co/hBPqWqzql1","1217582668143112201","","","in","Palangka Raya","0","0","0","https://twitter.com/AgribisnisUnpar/status/1217582668143112201","2384576604","AgribisnisUnpar"
"1217328087085408256","Wed Jan 15 06:10:07 +0000 2020","0","Bupati Ajak PGRI Rumuskan Arah Kebijakan Pendidikan di Bantaeng - https://t.co/FtDoyJUfmY https://t.co/1MwNSm6uvJ","1217328087085408256","https://pbs.twimg.com/media/EOTRcYqVUAAo4RB.jpg","","in","","0","0","0","https://twitter.com/beritasulselcom/status/1217328087085408256","3221202481","beritasulselcom"
"1217287763428401152","Wed Jan 15 03:29:53 +0000 2020","0"," Jadi kasus intoleransi ini menunjukkan bahwa pemerintah telah abai dalam menangani masalah ini. Buktinya beragam rekomendasi penelitian yang telah disodorkan oleh lembaga-lembaga penelitian tidak mengubah kebijakan dalam dunia pendidikan kita. Gimana nih @Kemendikbud_RI ?","1217287763428401152","","","in","","0","0","2","https://twitter.com/dansatriana/status/1217287763428401152","701007367","dansatriana"
"1217245856706916353","Wed Jan 15 00:43:22 +0000 2020","1","kita ini jago perang tiap hari ngajakin negara hajar CHINA! kita ini jago ilmu ekonomi jago ilmu kedokteran jago ilmu hukum jago ilmu pendidikan jago segala ilmu kritisi semua kebijakan negara! kita ini AHLINYA AHLI! (source from twitter) https://t.co/TWzkHSh1ZM","1217245856706916353","https://pbs.twimg.com/media/EOSGpfeUUAErJXJ.jpg","","in","jakarta selatan","0","1","0","https://twitter.com/cinggaro/status/1217245856706916353","631705596","cinggaro"
"1217014181137874944","Tue Jan 14 09:22:46 +0000 2020","0","Direktorat Jenderal Kebudayaan adalah unsur pelaksana yang berada di bawah dan bertanggung jawab kepada Menteri Pendidikan dan Kebudayaan dan mempunyai tugas menyelenggarakan perumusan dan pelaksanaan kebijakan di https://t.co/suBafWWMiY","1217014181137874944","","","in","West Borneo, Indonesia","0","0","0","https://twitter.com/BudayeKamek/status/1217014181137874944","1212259725225553920","BudayeKamek"
"1217000263707451397","Tue Jan 14 08:27:28 +0000 2020","0","RT muhammadiyah Sembilan pokok persoalan tersebut meliputi : Regulasi standar nasional pendidikan yang masih menggantung pergantian kurikulum carut marut kebijakan dan undang-undang pendidikan digitalisasi pendidikan pendidikan karakter https://t.co/aR3CzsPIZI ","1217000263707451397","https://pbs.twimg.com/media/EOITu30UYAArXKN.jpg","","in","","0","0","0","https://twitter.com/netizenmu/status/1217000263707451397","846924902019977216","netizenmu"
"1216976566518874112","Tue Jan 14 06:53:18 +0000 2020","0","#kom10 Idris @FPKSDPRRI #sumut1: Komisi 10 Insya Allah kompak mengawal kebijakan kita. Pendidikan formal non formal adalah kebahagian kita. Tidak bisa seenaknya dirombak dan membuat kegaduhan. Oleh karena itu saya sepakat pasti akan setuju dengan ini.","1216976566518874112","","","in","","0","0","0","https://twitter.com/WikiDPR3/status/1216976566518874112","3550855092","WikiDPR3"
"1216973484657692678","Tue Jan 14 06:41:03 +0000 2020","0","Mantan Ketua Pengurus Besar Persatuan Guru Republik Indonesia (PB PGRI) Didi Suprijadi mengkritisi kebijakan yang digulirkan Menteri Pendidikan dan Kebudayaan (Mendikbud) yang ingin meniadakan Ujian Nasional pada https://t.co/Af17T4TvJL","1216973484657692678","","","in","Aceh Timur, Nangro Aceh Daruss","0","0","0","https://twitter.com/Infoacehtimur_/status/1216973484657692678","1193933911983710208","Infoacehtimur_"
"1216944015951577088","Tue Jan 14 04:43:57 +0000 2020","0","#kom10 Asosiasi Gabungan Pendidikan Non Formal: Persoalan pendidikan itu masalah bertahun-tahun. Saya berharap Pak Nadiem bisa menjadi Menteri selama 10 tahun. Karena setiap pergantian Menteri ganti kebijakan.","1216944015951577088","","","in","","0","0","0","https://twitter.com/WikiDPR3/status/1216944015951577088","3550855092","WikiDPR3"
"1216943655295938560","Tue Jan 14 04:42:31 +0000 2020","0","#kom10 Asosiasi Gabungan Pendidikan Non Formal: Disertasi saya menyebutkan lebih dari 130 negara berkembang sangat baik menyusun kebijakan tapi jeblok dalam implementasinya tapi tidak di Indonesia. Tolonglah implementasi ini diperhatikan.","1216943655295938560","","","in","","0","0","0","https://twitter.com/WikiDPR3/status/1216943655295938560","3550855092","WikiDPR3"
"1216942262162096128","Tue Jan 14 04:36:59 +0000 2020","0","#kom10 Asosiasi Gabungan Pendidikan Non Formal: Apakah kita semua input ke sekolah ini sudah baik? Apa yg disampaikan kebijakan Pemerintah tentang perampingan itu bukti input ke sekolah masih sangat perlu diperbaiki. Bagaimana paket A B C dititipkan di sekolah? Tidak mungkin.","1216942262162096128","","","in","","0","1","1","https://twitter.com/WikiDPR3/status/1216942262162096128","3550855092","WikiDPR3"
"1216725383652855810","Mon Jan 13 14:15:11 +0000 2020","0","Negara Tiongkok mulai melarang buku atau novel asing digunakan sebagai bahan pelajaran untuk tingkat SD &amp; SMP. Kebijakan ini di terbitkan oleh pemerintahan untuk memasukan pengaruh partai komunis ke pendidikan sekolah. #NIGHTSOUND https://t.co/bORONQ6OA7","1216725383652855810","https://pbs.twimg.com/tweet_video_thumb/EOKtR9SU8AI9eYZ.jpg","","in","Jakarta","0","0","0","https://twitter.com/BVOICE_RADIO/status/1216725383652855810","74664107","BVOICE_RADIO"
"1216692353517395969","Mon Jan 13 12:03:56 +0000 2020","1","Teman-teman Ayah dan Bunda Bapak Ibu Guru dan bapak ibu pemerhati pendidikan. Banyak pertanyaan tentang pendidikan perubahan kebijakan dan praktik pendidikan yang membutuhkan https://t.co/7MPuQOdNbM","1216692353517395969","","","in","Bandar Lampung, Lampung","0","0","0","https://twitter.com/schizofr3n1a/status/1216692353517395969","153306032","schizofr3n1a"
"1216624805916467200","Mon Jan 13 07:35:32 +0000 2020","0","Siang tadi tidak sengaja mendengar 3 profesor berbincang di lorong menuju toilet. Beliau berdiskusi terkait Mentri pendidikan yg baru beserta beberapa gagasanya. Banyak stikma negatif rupanya. Namun entahlah setiap kebijakan menuai pro dan kontra.","1216624805916467200","","","in","Pemalang, Indonesia","0","0","0","https://twitter.com/Hassan_Asshari/status/1216624805916467200","323097699","Hassan_Asshari"
"1216611606219460608","Mon Jan 13 06:43:05 +0000 2020","0","Data Harus Akurat Agar Kebijakan Pendidikan Tidak Keliru - https://t.co/sPUAsOCkSJ","1216611606219460608","","","in","Jakarta","0","0","0","https://twitter.com/kalderanews/status/1216611606219460608","817669043792420864","kalderanews"
"1216600521202491392","Mon Jan 13 05:59:02 +0000 2020","2","Kabar gembira untuk seluruh masyarakat @provjateng . Per Januari 2020 Gubernur @ganjarpranowo membuat suatu kebijakan yaitu Sumbangan Pembinaan Pendidikan (SPP) SMA/SMK/SLB negeri di Jateng GRATIS! #JatengBebasSPP https://t.co/TKeBJD7Yje","1216600521202491392","https://pbs.twimg.com/ext_tw_video_thumb/1216600353937838080/pu/img/hyVSYFOmXm_OzkvW.jpg","","in","Jalan Imam Bonjol No.134","0","0","0","https://twitter.com/dkpjateng/status/1216600521202491392","2611008320","dkpjateng"
"1216575831356534785","Mon Jan 13 04:20:55 +0000 2020","1","Banyak Kebijakan Anies Yang Menyesatkan Bukan Anggaran Pendidikan Saja Tapi Anggaran Penanggulangan Bencana Banjirpun ia Pangkas. Kebodohannya Anies Makin Meraja Lela? Yang Pas Buat Anies.... #Kinerja4niesJeblok #Kinerja4niesJeblok","1216575831356534785","","","in","","1","0","0","https://twitter.com/BuNg4_Troto4R/status/1216575831356534785","1154317458645274624","BuNg4_Troto4R"
"1216556551688732673","Mon Jan 13 03:04:19 +0000 2020","28","Sembilan pokok persoalan tersebut meliputi : Regulasi standar nasional pendidikan yang masih menggantung pergantian kurikulum carut marut kebijakan dan undang-undang pendidikan digitalisasi pendidikan pendidikan karakter https://t.co/2SFLgsnTe8 #Muhammadiyah #IPM #Pendidikan https://t.co/1KLQVF7J4g","1216556551688732673","https://pbs.twimg.com/media/EOITu30UYAArXKN.jpg","","in","Indonesia","0","1","12","https://twitter.com/muhammadiyah/status/1216556551688732673","73309923","muhammadiyah"
"1215469472317943808","Fri Jan 10 03:04:39 +0000 2020","0","Bupati Pohuwato Syarif Mbuinga turut menggulirkan kebijakan pendidikan gratis untuk jenjang pendidikan nonformal bagi pemuda putus sekolah. #Pohuwato #PendidikanNonFormal https://t.co/JJXBh2UsLq https://t.co/eTspS3kuEa","1215469472317943808","https://pbs.twimg.com/media/EN43CzzX0Ao_Yyc.jpg","","in","Kota Gorontalo, Gorontalo","0","0","0","https://twitter.com/GoposId/status/1215469472317943808","1068806006904213504","GoposId"
"1215461659868712961","Fri Jan 10 02:33:36 +0000 2020","0","DPRD Klaim Kebijakan Pendidikan Belum Sinkron https://t.co/NpsROzcgS4 https://t.co/rQNnCrbStT","1215461659868712961","https://pbs.twimg.com/media/EN4v7vHUEAEAwyy.jpg","","in","Mataram, Indonesia","0","0","0","https://twitter.com/suarantbcom/status/1215461659868712961","1699074884","suarantbcom"
"1215421913226346496","Thu Jan 09 23:55:40 +0000 2020","229","Selamat pagi Berikut informasi buat teman-teman yg putra/i-nya bersekolah di SD-SLTA Laporan Hasil Sesi 1 Acara Rakor Kadinas Pendidikan se-Indonesia Point Kebijakan Merdeka Belajar: Paparan Mendikbud Nadim A. Makarim Hotel Bidakara Jakarta Rabu 11 Desember 2019.","1215421913226346496","","","in","","15","9","153","https://twitter.com/endang_yl/status/1215421913226346496","331619459","endang_yl"
"1215314844083032065","Thu Jan 09 16:50:12 +0000 2020","12","Setiap pergantian menteri pendidikan selalu diikuti perubahan kebijakan dalam dunia pendidikan sehingga sering menimbulkan kebingungan para pendidik #cakMift #PBJan","1215314844083032065","","","in","soerabaia","0","0","10","https://twitter.com/winartojbs/status/1215314844083032065","516544851","winartojbs"
"1215242892106534912","Thu Jan 09 12:04:18 +0000 2020","0","kebijakan menteri pendidikan mengenai RPP yang disederhanakan memang sangat baik untuk meringankan pekerjaan guru yang selalu berkutat dengan administrasi sekolah selain mengajar dan mendidik siswa","1215242892106534912","","","in","Di hatimu","0","0","0","https://twitter.com/yoksanvalentino/status/1215242892106534912","966691508777762818","yoksanvalentino"
"1215217386564882434","Thu Jan 09 10:22:57 +0000 2020","0","Kebijakan zonasi dalam sistem penerimaan peserta didik baru (PPDB) terus menuai kontroversi. Meski begitu Kementerian Pendidikan dan Kebudayaan (Kemendikbud) tetap menjalankan kebijakan zonasi dalam PPDB tahun 2020. Bagaimana menurutmu? https://t.co/opdAOkFIQU","1215217386564882434","","","in","Indonesia","0","0","0","https://twitter.com/kinibisa/status/1215217386564882434","795481907769155585","kinibisa"
"1215195129432010752","Thu Jan 09 08:54:30 +0000 2020","1","Pak de @ganjarpranowo panjengan harus tegas thd bupati model begini. Harusnya pemerintah ngurusin sarpras pendidikan kesejahteraan guru bukan keluarkan kebijakan urusan privat. Tegas Mawon Pak Gub!","1215195129432010752","","","in","","0","0","0","https://twitter.com/agussettya/status/1215195129432010752","141784232","agussettya"
"1215170631374761984","Thu Jan 09 07:17:09 +0000 2020","1","Secara garis besar ada tiga hal utama jika berbicara tentang kebijakan pendidikan di Jawa Barat (Jabar). Yakni aksesibilitas peningkatan mutu dan pemanfaatan sumber daya. https://t.co/UfppW2PU6V","1215170631374761984","","","in","JL. DR. Radjiman No.6 Bandung","0","0","0","https://twitter.com/disdik_jabar/status/1215170631374761984","79373277","disdik_jabar"
"1215121155117461506","Thu Jan 09 04:00:33 +0000 2020","0","Kebijakan-kebijakan Nadiem tersebut memang baru di Kementerian Pendidikan dan Kebudayaan (Kemdikbud). Namun ada beberapa pihak yang merasa bahwa ide tersebut telah dilakukan sebelumnya yakni Kementerian Agama (Kemenag). https://t.co/JUYwKRtDvh https://t.co/xIovO2QCDO","1215121155117461506","https://pbs.twimg.com/media/ENz6QEUX4AEbPyV.jpg","","in","Jakarta, Indonesia","1","0","1","https://twitter.com/pinterpolitik/status/1215121155117461506","798770586784702464","pinterpolitik"
"1215046622465277952","Wed Jan 08 23:04:23 +0000 2020","0","Mohon maaf sekedar informasi Pendidikan Laporan Hasil Sesi 1 Acara Rakor Kadinas Pendidikan se-Indonesia _*Point Kebijakan Merdeka Belajar:*_ Paparan Mendikbud Nadim A. Makarim Hotel Bidakara Jakarta 11 Des... https://t.co/btUYJkvUFO","1215046622465277952","","","in","","0","0","0","https://twitter.com/julius_suebu/status/1215046622465277952","1086687677175324672","julius_suebu"
"1214880317271662593","Wed Jan 08 12:03:33 +0000 2020","0","Kebijakan Pemprov Jateng membebaskan pembayaran SPP bagi siswa-siswi SMA/SMK Negeri di Jateng disambut gembira oleh warga sekolah di daerah. Bahkan anggaran Biaya Operasional Pendidikan (BOP) yang kini dikover Pemprov Jateng juga sangat meringkan beban para siswa https://t.co/IeltjN4Avy","1214880317271662593","https://pbs.twimg.com/media/ENwfNZfU0AEOcVI.jpg","","in","Semarang, Jawa Tengah","0","0","0","https://twitter.com/semarangpedia/status/1214880317271662593","706757867240435712","semarangpedia"
"1214854329355685889","Wed Jan 08 10:20:17 +0000 2020","0","Penilaian Kinerja Pelayanan Publik Melalui Evaluasi Kebijakan Publik https://t.co/54xTTt8oCC #pendidikan","1214854329355685889","","","in","Jepara, Jawa Tengah. ","0","0","0","https://twitter.com/SoearaMoeria/status/1214854329355685889","3004945495","SoearaMoeria"
"1214796802475474944","Wed Jan 08 06:31:42 +0000 2020","1","Harus jadi bahan kajian dan evaluasi kebijakan dinas pendidikan provinsi jawa tengah mas @ganjarpranowo","1214796802475474944","","","in","Jakarta","0","0","2","https://twitter.com/Bekahapsara/status/1214796802475474944","287525430","Bekahapsara"
"1214507180398792704","Tue Jan 07 11:20:50 +0000 2020","0","Guru pada cabul siswa pada kehilangan moral dengan bantai guru birokratnya pada mikirin anggaran yang harus masuk kantong walimurid pada protes soal kebijakan aneh dan biaya sekolah yang makin meroket. Dalam perspektif tertentu dunia pendidikan kita mnuju kepunahan.","1214507180398792704","","","in","","0","0","0","https://twitter.com/randomkonten/status/1214507180398792704","1134224127349235712","randomkonten"
"1214489242912489475","Tue Jan 07 10:09:34 +0000 2020","2","Papua Ketua DPRP ingin kebijakan pendidikan di Papua berbasis kearifan lokal https://t.co/m3OIcPb4E8 https://t.co/TNsfsJ49lW","1214489242912489475","https://pbs.twimg.com/media/ENq7h7sUcAAA8JS.jpg","","in","West Papua","0","0","0","https://twitter.com/News_jubi/status/1214489242912489475","1023114824","News_jubi"
"1214198828795957255","Mon Jan 06 14:55:34 +0000 2020","0","Menteri Pendidikan Baru. Berharap ada kebijakan baru yg dapat memajukan pendidikan di sekolah2 swasta yg notabene siswanya ekonomi menengah kebawah #mendikbud #sekolahswasta #motivasibelajar #sistempendidikan #siswatidakmampu","1214198828795957255","","","in","Kembangan, Indonesia","0","0","0","https://twitter.com/Baihaqi_alabror/status/1214198828795957255","1243420195","Baihaqi_alabror"
"1214117912446849026","Mon Jan 06 09:34:02 +0000 2020","3","IGI mengapresiasi kebijakan Dinas Pendidikan Provinsi Sulawesi Barat yang menarik seluruh guru PNS dari sekolah-sekolah swasta kembali ke negeri. #IkatanGuruIndonesia https://t.co/osTxvo4Ekr","1214117912446849026","","","in","Indonesia","0","0","0","https://twitter.com/jpnncom/status/1214117912446849026","79130206","jpnncom"
"1214076261133246464","Mon Jan 06 06:48:31 +0000 2020","2","Menarik utk melihat tren dan distribusinya. Saya menduga trennya meningkat tipis dr thn ke thn tp terkonsentrasi di kota2 besar saja. Mungkin bisa dikorelasikan dgn lokasi sekolah &amp; jumlah guru. Menarik jg utk melihat efek intervensi kebijakan/teknologi pendidikan thd tren tsb.","1214076261133246464","","","in","Jakarta","0","0","0","https://twitter.com/rahmanadi/status/1214076261133246464","58666078","rahmanadi"
"1213853689028304896","Sun Jan 05 16:04:06 +0000 2020","1","hah??? yaampun. referensi buat pengembangan yg bagus bgt kalo dibenturin sama pengelolaan pendidikan + politik/kebijakan pendidikan.","1213853689028304896","","","in","Indonesia","0","0","0","https://twitter.com/ululazmisyfr/status/1213853689028304896","1645095518","ululazmisyfr"
"1213832825377566720","Sun Jan 05 14:41:12 +0000 2020","0","Sinkronkan Kebijakan Kemendikbud Integrasikan Dua Jalur Pendidikan https://t.co/dvcQvM1s1x","1213832825377566720","","","in","Kota Makassar","0","0","0","https://twitter.com/andri000me/status/1213832825377566720","3007793114","andri000me"
"1213765215227019265","Sun Jan 05 10:12:32 +0000 2020","0","Kebijakan Dikritik Habis Menteri Pendidikan Malaysia Mundur https://t.co/qEQD4JEmdB https://t.co/2YFknAsyHY","1213765215227019265","https://pbs.twimg.com/media/ENgpB_UUYAAzMtt.jpg","","in","","0","0","0","https://twitter.com/ceritasex168/status/1213765215227019265","865245001252454400","ceritasex168"
"1213666586822766593","Sun Jan 05 03:40:37 +0000 2020","60","Saya itu udah menyatakan mau pensiun dari debat politik/kebijakan. Tapi melihat orang menebar fitnah dan kebencian perkara banjir ini kok ya bikin miris banget. Udah gitu yg manas i ya orang yg sebenarnya cukup pendidikan. Hatinya terbuat dari apa ya?","1213666586822766593","","","in","","2","10","18","https://twitter.com/ardi_prompt/status/1213666586822766593","228724587","ardi_prompt"
"1213656238044565504","Sun Jan 05 02:59:30 +0000 2020","0","selaras dengan kebijakan Presiden untuk menjadikan 2020-2024 dan seterusnya sebagai tahun perubahan sumber daya manusia Kemnaker telah melakukan berbagai upaya konkrit dalam pengembangan kompetensi sumber daya manusia Indonesia. Serta Jokowi juga fokus pada pendidikan kejuruan. https://t.co/oqkaZXrWse","1213656238044565504","https://pbs.twimg.com/media/ENfF4HQUUAAHEPx.jpg","","in","","0","0","0","https://twitter.com/mikirdoeloe/status/1213656238044565504","1090195233260748800","mikirdoeloe"
"1213649458086309889","Sun Jan 05 02:32:33 +0000 2020","0","Kebijakan Dikritik Habis Menteri Pendidikan Malaysia Mundur https://t.co/CVOR8M0xV4","1213649458086309889","","","in","","0","0","0","https://twitter.com/rominaldi_news/status/1213649458086309889","1137439195079663616","rominaldi_news"
"1213635666757574656","Sun Jan 05 01:37:45 +0000 2020","0","Kebijakan Dikritik Habis Menteri Pendidikan Malaysia Mundur https://t.co/FMCUZchIpE","1213635666757574656","","","in","Malang, Indonesia","0","0","0","https://twitter.com/IvanBoediman/status/1213635666757574656","195185897","IvanBoediman"
"1213626209285726209","Sun Jan 05 01:00:11 +0000 2020","8","Kebijakan Dikritik Habis Menteri Pendidikan Malaysia Mundur https://t.co/fpXFw1gKcC","1213626209285726209","","","in","Jawa Tengah, Indonesia","3","4","1","https://twitter.com/muhamadsangidu2/status/1213626209285726209","3581875152","muhamadsangidu2"
"1213625467166547970","Sun Jan 05 00:57:14 +0000 2020","236","Kebijakan Dikritik Habis Menteri Pendidikan Malaysia Mundur https://t.co/iDWnBQujKV","1213625467166547970","","","in","","39","60","80","https://twitter.com/CNNIndonesia/status/1213625467166547970","17128975","CNNIndonesia"
"1213520222767837184","Sat Jan 04 17:59:01 +0000 2020","0","Sinkronkan Kebijakan Kemendikbud Integrasikan Dua Jalur Pendidikan https://t.co/XLWHIstJeN","1213520222767837184","","","in","","0","0","0","https://twitter.com/RelawanIndie/status/1213520222767837184","1417089332","RelawanIndie"
"1213503368431202305","Sat Jan 04 16:52:03 +0000 2020","2","Sinkronkan Kebijakan Kemendikbud Integrasikan Dua Jalur Pendidikan https://t.co/eDH5JRPRm1","1213503368431202305","","","in","Jakarta, Indonesia","0","0","0","https://twitter.com/Bisniscom/status/1213503368431202305","118646322","Bisniscom"
"1213379561540530177","Sat Jan 04 08:40:05 +0000 2020","0","Sinkronkan Kebijakan Kemendikbud Integrasikan Dua Jalur Pendidikan https://t.co/kGGFBGsHfV","1213379561540530177","","","in","Portal Informasi Berita Hukum dan Ekonomi Indonesia","0","0","0","https://twitter.com/BizlawIndonesia/status/1213379561540530177","1084746011006750720","BizlawIndonesia"
"1213329777819447296","Sat Jan 04 05:22:16 +0000 2020","0","Bahkan dalam pendidikan pun peraturan dapat diubah seenaknya. Apakah akan menjadi lebih bagus? Ya iya.. di pihak yg mengubah. Di pihak yang diubah? Belum tentu... Jadi pemegang wewenang kebijakan memang harus bijak.","1213329777819447296","","","in","World of Madness","0","0","0","https://twitter.com/bennynelson/status/1213329777819447296","53823900","bennynelson"
"1213105489023647746","Fri Jan 03 14:31:01 +0000 2020","1","Carut Marut Kebijakan Pendidikan - https://t.co/EzvWuj59Se https://t.co/vMmf6kDu4r","1213105489023647746","","","in","Indonesia","0","0","0","https://twitter.com/voaislam/status/1213105489023647746","129687395","voaislam"
"1213102653971951617","Fri Jan 03 14:19:45 +0000 2020","0","Sinkronkan Kebijakan Kemendikbud Integrasikan Dua Jalur Pendidikan - https://t.co/GENcnPBijD","1213102653971951617","","","in","","0","0","0","https://twitter.com/maklumatID/status/1213102653971951617","850085262570921985","maklumatID"
"1213096945243148288","Fri Jan 03 13:57:04 +0000 2020","0","Setuju. Asal pemerintah bikin kebijakan: Pendidikan dan kesehatan di level apapun di kelas apapun mau negeri ato swasta model apapun gratis semua. Tanpa syarat.","1213096945243148288","","","in","Isolated","0","1","0","https://twitter.com/Disko80s/status/1213096945243148288","225082288","Disko80s"
"1213040257123250176","Fri Jan 03 10:11:49 +0000 2020","1","Undangan Rapat Koordinasi Kebijakan Pendidikan Tinggi dan Program Kerja LLDIKTI Wilayah IV TA. 2020 https://t.co/UOZgXExT3m","1213040257123250176","","","in","Jl. PHH Mustofa No 38 Bandung ","0","0","0","https://twitter.com/lldiktiwilayah4/status/1213040257123250176","1082105076431257600","lldiktiwilayah4"
"1213035816521363456","Fri Jan 03 09:54:10 +0000 2020","2","Kebijakan Perpres No 82 Tahun 2019 yang mengintegrasikan Pendidikan Non-Formal (PNF) dan pendidikan formal disambut positif. Keputusan tersebut dinilai sebagai bentuk keseriusan pemerintah meningkatkan keterampilan masyarakat https://t.co/9CqUvaFHn9","1213035816521363456","","","in","","0","0","0","https://twitter.com/MurtadhaOne1/status/1213035816521363456","1178950184601935873","MurtadhaOne1"
"1212973927011516422","Fri Jan 03 05:48:14 +0000 2020","0","Berubah menteri berubah kebijakan. Nasib pendidikan di Negeri yang lucu ini.","1212973927011516422","","","in","Solok","0","0","0","https://twitter.com/ayyyu__/status/1212973927011516422","304210423","ayyyu__"
"1212949483656339456","Fri Jan 03 04:11:07 +0000 2020","64","Sistem pendidikan Finlandia membuat negara lain merasa iri. Salah satunya kebijakan pendidikan yang bebas dari kepentingan uang dan politik. https://t.co/X1vENDmoCI","1212949483656339456","","","in","Jakarta","4","1","34","https://twitter.com/kompascom/status/1212949483656339456","23343960","kompascom"
"1212858712454389761","Thu Jan 02 22:10:25 +0000 2020","0",".Administrasi Bikin Guru Tak Kreatif FKIP Unpas Dukung Nadiem Makarim Sederhanakan RPP Jadi Satu Lembar ============================== Wacana kebijakan Menteri Pendidikan dan Kebudayaan (Mendikbud) Nadiem... https://t.co/gI9VHUIUwg","1212858712454389761","","","in","Cipongkor, Bandung Barat","0","0","0","https://twitter.com/rustanabubakar/status/1212858712454389761","370463584","rustanabubakar"
"1212567061966118912","Thu Jan 02 02:51:30 +0000 2020","0","Pendidikan RI Dinilai Tak Mampu Ciptakan Nalar Kritis Ini Kata Kemendikbud ..... Oleh karena itu kemendikbud mengeluarkan kebijakan dengan moto 'merdeka belajar' Kabiro Komunikasi dan Layanan Masyarakat Ade Erlangga Masdiana. https://t.co/l4ZqojfNWP","1212567061966118912","","","in","","0","0","0","https://twitter.com/AnneuPutri1/status/1212567061966118912","1090487995428261888","AnneuPutri1"
"1212539013535420417","Thu Jan 02 01:00:03 +0000 2020","0","YPTIA mengusung program dengan fokus utama pada dukungan psikologi pendidikan kebutuhan nutrisi formulasi kebijakan kampanye isu-isu terkait anak-anak di Indonesia bertujuan menuntaskan berbagai persoalan anak. #yptia #yptiacare #children #psychology #education #nutrition","1212539013535420417","","","in","Kota Semarang, Jawa Tengah","0","0","0","https://twitter.com/yptiacare/status/1212539013535420417","1175019180728279040","yptiacare"
