"conversation_id_str","created_at","favorite_count","full_text","id_str","image_url","in_reply_to_screen_name","lang","location","quote_count","reply_count","retweet_count","tweet_url","user_id_str","username"
"1344420716171522049","Wed Dec 30 23:10:51 +0000 2020","12","Pemerintah @jokowi jgn berhenti sekedar melarang aktivitas FPI tapi harus dilanjutkan kebijakan yg lebih konsepsional strategis &amp; berorientasi ke masa depan yg jauh. Salah satunya menjadikan lembaga pendidikan tempat mengajarkan praktik2 keberagaman &amp; kehidupan penuh toleransi.","1344420716171522049","","","in","Jakarta","1","1","4","https://twitter.com/RustamIbrahim/status/1344420716171522049","845078592","RustamIbrahim"
"1344281792526786560","Wed Dec 30 13:58:49 +0000 2020","0","Orang kek gini bisa gak sih mute aja di dunia nyatanya? Sarjana Pendidikan tuh udh dilecehkan dgn kebijakan PPG. Honorer yg jauh dari kata layak. Masih pake mempertanyakan niat.","1344281792526786560","","","in","Bogor, Jawa Barat","0","0","0","https://twitter.com/Kamalibrhm1002/status/1344281792526786560","1003627797166764033","Kamalibrhm1002"
"1344226171479724033","Wed Dec 30 10:17:48 +0000 2020","0","Saia yang hampir S.Pd mengucapkan bodo amat kepada kebijakan tentang CPNS Guru. Kalau ini beneran terjadi berarti udah jelas kalau jalan saia harus lurus ke passion dan harus siap resign dari dunia pendidikan formal yang menjadi ladang nafkah saia selama ini. So so so so https://t.co/5Sh7jmEqdz","1344226171479724033","https://pbs.twimg.com/media/EqemkRhUwAArOq4.jpg","","in","Pekalongan, Jawa Tengah","0","0","0","https://twitter.com/ars_sofie/status/1344226171479724033","712661551115739138","ars_sofie"
"1344215541670526977","Wed Dec 30 09:35:34 +0000 2020","17","Pada episode terakhir seri Reform Unreformed ini Goldy ngobrol dgn Podcast Papan Tulis tentang pengalaman #ProgramRISE bermitra dengan pemerintah daerah dalam merancang kebijakan/inovasi pendidikan. Ikuti episode Reform Unreformed dari manapun kalian mendengarkan #podcast! https://t.co/g2r26xRYaU","1344215541670526977","https://pbs.twimg.com/ext_tw_video_thumb/1344215271523815424/pu/img/gB9jSF6khWZcDYCS.jpg","","in","Jakarta Pusat, DKI Jakarta","0","1","4","https://twitter.com/SMERUInstitute/status/1344215541670526977","942851575","SMERUInstitute"
"1344199700539305985","Wed Dec 30 08:32:37 +0000 2020","0","Padahal ada kebijakan lain yang lebih urgent ketimbang hanya membubarkan ormas Banyak isu korupsi belum kelar Banyak rakyat miskin masih lapar Banyak rakyat yang belum tersentuh pendidikan Dalam pembukaan UUD 1945 isinya bukan cuma ketertiban tapi juga pendidikan dan sosial. https://t.co/Bk8lymHyIb","1344199700539305985","https://pbs.twimg.com/media/EqeOehGUYAY-0zF.jpg","","in","Lampung, Indonesia","0","1","0","https://twitter.com/MasRis_/status/1344199700539305985","1177475016331390977","MasRis_"
"1344187348267880448","Wed Dec 30 07:43:32 +0000 2020","0","Dilematika calon pendidik kuliah S1 4 tahun tapi masih harus ikut PPG(pendidikan platihan guru) dgn waktu kurang lebih slma 1 thn spy bisa dapat sertifikasi blm lagi sekarang ada kebijakan baru guru tidak bisa PNS hehehe yg ada PPPK-","1344187348267880448","","","in","Indonesia","0","1","0","https://twitter.com/womennededd/status/1344187348267880448","748015312637943812","womennededd"
"1343710710711242753","Tue Dec 29 00:09:33 +0000 2020","0","Prinsip kebijakan pendidikan di masa pandemi Covid-19 tidak berubah. https://t.co/MXviuibEMu","1343710710711242753","","","in","Jakarta, Indonesia","0","0","0","https://twitter.com/republikaonline/status/1343710710711242753","22126902","republikaonline"
"1343710682206748674","Tue Dec 29 00:09:26 +0000 2020","0","Prinsip kebijakan pendidikan di masa pandemi Covid-19 tidak berubah. https://t.co/mVUKhcOFuX","1343710682206748674","","","in","Jakarta, Indonesia","0","0","1","https://twitter.com/republikaonline/status/1343710682206748674","22126902","republikaonline"
"1343451723109548034","Mon Dec 28 07:00:25 +0000 2020","0","Jurnal Penelitian Kebijakan Pendidikan (JPKP) Vol 13 Edisi 2/2020 &amp; Jurnal Kebudayaan Vol 15 Edisi 2/2020 telah terbit. Silahkan kunjungi laman: Jurnal JPKP: https://t.co/j3tU4Xi9sF Jurnal Kebudayan: https://t.co/gQRKwXgGyg Salam Redaksi Jurnal Penelitian Kebijakan","1343451723109548034","","","in","Indonesia","0","0","0","https://twitter.com/asmaisha_/status/1343451723109548034","3146400501","asmaisha_"
"1343353799075745792","Mon Dec 28 00:31:18 +0000 2020","4","Sebagian sekolah di Indonesia siap menerapkan tatap muka belajar di masa pandemi. Kebijakan ini dengan melihat zona dan juga kondisi sekolah di daerah masing-masing. Setujukah anda sekolah tatap muka pada Januari 2021? [TALK] Komisioner KPAI bidang Pendidikan - Retno Listyarti https://t.co/HJEuDqPPau","1343353799075745792","https://pbs.twimg.com/media/EqSNGI_UcAAedh4.jpg","","in","","2","2","1","https://twitter.com/RadioElshinta/status/1343353799075745792","121640063","RadioElshinta"
"1343222495646662656","Sun Dec 27 15:49:33 +0000 2020","1","Ketika Menteri Nadiem Makarim menggunakan jargon Merdeka Belajar yg ternyata merupakan merek dagang pemilik Sekolah Cikal Najeela Shihab yg juga Dewan Pembina Pusat Studi Pendidikan dan Kebijakan (PSPK)-mitra Kemendikbud. Berarti kurang kreatif. https://t.co/a4voaeEzx3","1343222495646662656","","","in","","0","1","0","https://twitter.com/PutraMerdeka9/status/1343222495646662656","953330310300688384","PutraMerdeka9"
"1343222026907963393","Sun Dec 27 15:47:41 +0000 2020","0","Pengamat pendidikan Indra Charismiadji menilai Kemendikbud sbg kementerian paradoks. Karena kebijakan yang dihasilkan itu bertentangan dgn apa yg ingin mereka buat kata Indra dalam diskusi Catatan Akhir Tahun Pendidikan 2020 Ahad 27 Desember 2020. https://t.co/a4voaeEzx3","1343222026907963393","","","in","","0","1","0","https://twitter.com/PutraMerdeka9/status/1343222026907963393","953330310300688384","PutraMerdeka9"
"1343202111853457408","Sun Dec 27 14:28:33 +0000 2020","1","#DiskusiPRFM Apa evaluasi anda terkait Kebijakan Pendidikan Menteri Nadiem di Masa Pandemi yaitu Pelaksanaan Pembelajaran Jarak Jauh (PJJ)? Kemudian apakah keputusan untuk melaksanakan sekolah tatap muka pada Januari 2021 nanti sudah tepat? komentar?","1343202111853457408","","","in","Bandung, West Java, Indonesia","1","7","0","https://twitter.com/PRFMnews/status/1343202111853457408","150589950","PRFMnews"
"1343183161929285632","Sun Dec 27 13:13:15 +0000 2020","0","Pengurus Wilayah Nahdlatul Ulama ( PWNU ) Jawa Tengah mendorong Pemerintah Provinsi (Pemprov) dan Kabupaten/Kota (Pemkab/Pemkot) merespon kebijakan Presiden RI Joko Widodo (Jokowi) dalam meningkatkan kualitas layanan kepada lembaga pendidikan pesantren https://t.co/NWxNS2Tkpe","1343183161929285632","https://pbs.twimg.com/media/EqPx96JVEAAj1WR.jpg","","in","Semarang, Jawa Tengah","0","0","0","https://twitter.com/semarangpedia/status/1343183161929285632","706757867240435712","semarangpedia"
"1343167066405105669","Sun Dec 27 12:09:18 +0000 2020","1","Era beliau rasa malu bila berurusan hukum. Beda jauh era saat ini bangga bila pernah berurusan dengan hukum. P4 dan PMP pendidikan moral pancasila sudah sangat berarti. Ketimbang kebijakan saat ini.","1343167066405105669","","","in","Tgaalek Jatim","0","0","0","https://twitter.com/SMujsin/status/1343167066405105669","1138335162188554240","SMujsin"
"1343146725544890368","Sun Dec 27 10:48:28 +0000 2020","83","Dewan Pakar Perhimpunan untuk Pendidikan dan Guru menilai sepanjang tahun ini informasi mengenai kebijakan-kebijakan Kemendikbud banyak yang simpang siur. #TempoNasional https://t.co/JEa1A9YFim","1343146725544890368","","","in","Indonesia","2","19","23","https://twitter.com/tempodotco/status/1343146725544890368","18129942","tempodotco"
"1343139762387881985","Sun Dec 27 10:20:48 +0000 2020","0","Opini pendidikan ditulis terkait kebijakan dan peristiwa seputar pendidikan dari pendidikan dasar pendidikan menengah hingga pendidikan tinggi. https://t.co/gh6M7066xt","1343139762387881985","","","in","Jakarta, Indonesia","0","0","0","https://twitter.com/didienAZHAR/status/1343139762387881985","194590819","didienAZHAR"
"1343139552014168065","Sun Dec 27 10:19:58 +0000 2020","0","Buku berjudul Analisis Kebijakan Pendidikan: Mengurai Krisis Karakter Bangsa ini merupakan buku kedua dari kumpul- an opini yang pernah ditulis oleh penulis yang sama tentunya dengan judul berbeda. https://t.co/1xJJLYeZ2C","1343139552014168065","","","in","Jakarta, Indonesia","0","0","0","https://twitter.com/didienAZHAR/status/1343139552014168065","194590819","didienAZHAR"
"1343033869306646530","Sun Dec 27 03:20:01 +0000 2020","2","{NATIONAL LAW ESSAY COMPETITION} Tema : Implementasi Kebijakan Pemerintah Dalam Bidang Pendidikan di Indonesia Pendaftaran Periode 1 : 21-27 Des 2020 Pendaftaran Periode 2 : 28 Des 2020-3 Jan 2021 CP : 0895325339200 (WA) https://t.co/5GxmgBUw5Z","1343033869306646530","https://pbs.twimg.com/media/EqNqL8RXcAgWjXb.jpg","","in","Surabaya","0","0","0","https://twitter.com/eventsurabaya/status/1343033869306646530","143634855","eventsurabaya"
"1343033113719484418","Sun Dec 27 03:17:01 +0000 2020","0","{NATIONAL LAW ESSAY COMPETITION} dengan Tema Implementasi Kebijakan Pemerintah Dalam Bidang Pendidikan di Indonesia Pendaftaran Periode 1 : 21-27 Des 2020 Pendaftaran Periode 2 : 28 Des 2020-3 Jan 2021 Venesia: 0895325339200 (WA) https://t.co/Em4040Gtgr","1343033113719484418","https://pbs.twimg.com/media/EqNpf9TW8AIuVRO.jpg","","in","Malang","0","0","1","https://twitter.com/eventmalang/status/1343033113719484418","344615137","eventmalang"
"1343002159802163200","Sun Dec 27 01:14:01 +0000 2020","0","{NATIONAL LAW ESSAY COMPETITION} dengan Tema Implementasi Kebijakan Pemerintah Dalam Bidang Pendidikan di Indonesia Pendaftaran Periode 1 : 21-27 Desember 2020 Pendaftaran Periode 2 : 28 Desember 2020-3 Januari 2021 Venesia: 0895325339200 (WA) https://t.co/WcNKEdJYm0","1343002159802163200","https://pbs.twimg.com/media/EqNNWMwW4AA9kK1.jpg","","in","Jakarta","0","0","0","https://twitter.com/EventJakartaCom/status/1343002159802163200","1732184760","EventJakartaCom"
"1342999218894467072","Sun Dec 27 01:02:20 +0000 2020","0","Kebijakan yang dikeluarkan pemerintah untuk pendidikan tinggi ialah membuat agar semua kegiatan perkuliahan dilakukan secara daring kebijakan ini diambil untuk menekan angka penularan Covid-19.","1342999218894467072","","","in","","0","1","0","https://twitter.com/DewanPPNB/status/1342999218894467072","1258020801967603712","DewanPPNB"
"1342860931278143489","Sat Dec 26 15:52:49 +0000 2020","0","Paket kebijakan kampus merdeka dg fokus transformasi pendidikan tinggi dg 8 IKU akan sia sia jika pandemi ini akan berjalan lama. Seharusnya Mas Mentri fokus melakukan transformasi pendidikan ke era kebiasan baru. Sudah 2 semester pembelajaran pandemi tapi tidak ada perubahan","1342860931278143489","","","in","surabaya","0","0","0","https://twitter.com/novensupra/status/1342860931278143489","218022687","novensupra"
"1342831465390751744","Sat Dec 26 13:55:44 +0000 2020","0","Wowww gede banget ini bukan anggaran ballpoint sama komputer yang mahal itu kan apa mungkin kebijakan ini untuk menggratiskan biaya pendidikan https://t.co/eo3jx4OLiv","1342831465390751744","","","in","","0","1","0","https://twitter.com/engki_ocid/status/1342831465390751744","1170478290076700672","engki_ocid"
"1342699569994289153","Sat Dec 26 05:11:38 +0000 2020","0","Jika kaum ibu kian stres dengan adanya kebijakan belajar daring anak-anak bukankah fitrahnya mereka memang semestinya mendampingi anak-anak dalam proses pendidikan mereka? --&gt; #DemokrasiMatiKhilafahDinanti &lt;-- https://t.co/2ah2N0tFzO #uyl3","1342699569994289153","","","in","","0","0","0","https://twitter.com/Sunirta5/status/1342699569994289153","1255381125125623811","Sunirta5"
"1342685448376705030","Sat Dec 26 04:15:31 +0000 2020","0","Jika kaum ibu kian stres dengan adanya kebijakan belajar daring anak-anak bukankah fitrahnya mereka memang semestinya mendampingi anak-anak dalam proses pendidikan mereka? &gt;&gt; #DemokrasiMatiKhilafahDinanti &lt;&lt; #DemokrasiSengsarakanPerempuan #njku","1342685448376705030","","","in","","0","0","0","https://twitter.com/AzkyaFitri2/status/1342685448376705030","1322176164643790848","AzkyaFitri2"
"1342628706687205377","Sat Dec 26 00:30:03 +0000 2020","0","Jika kaum ibu kian stres dengan adanya kebijakan belajar daring anak-anak bukankah fitrahnya mereka memang semestinya mendampingi anak-anak dalam proses pendidikan mereka? &gt;&gt; #DemokrasiMatiKhilafahDinanti &lt;&lt; #DemokrasiSengsarakanPerempuan &gt;&gt; https://t.co/Li6QH5Lvqm","1342628706687205377","","","in","","0","0","0","https://twitter.com/Nafisa11465591/status/1342628706687205377","1320630105454960640","Nafisa11465591"
"1342423559897944064","Fri Dec 25 10:54:52 +0000 2020","0","Kebijakan pendidikan Islam yang diberlakukan negara akan memastikanseluruh rakyat mendapatkan pendidikan yang layak dan cukup. &gt;&gt; #StopKezalimanTerhadapPerempuan &lt;&lt; #SyariatIslamMuliakanPerempuan &gt;&gt; https://t.co/XITFxG4nhW","1342423559897944064","https://pbs.twimg.com/media/EqC5aj8VgAAGdXQ.jpg","","in","","0","0","0","https://twitter.com/RaodatulRina/status/1342423559897944064","1132782055442472960","RaodatulRina"
"1342403683150036992","Fri Dec 25 09:35:53 +0000 2020","0","Kebijakan pendidikan Islam yang diberlakukan negara akan memastikan seluruh rakyat mendapatkan pendidikan yang layak dan cukup. &gt;&gt; #StopKezalimanTerhadapPerempuan &lt;&lt; #SyariatIslamMuliakanPerempuan &gt;&gt; https://t.co/KbfIs8t9Vo","1342403683150036992","https://pbs.twimg.com/media/EqDRj7EU8AAwVhG.jpg","","in","Pasar Lemabang","0","0","0","https://twitter.com/EARIFIN_a/status/1342403683150036992","98898481","EARIFIN_a"
"1342401629107048448","Fri Dec 25 09:27:43 +0000 2020","0","Kebijakan pendidikan Islam yang diberlakukan negara akan memastikan seluruh rakyat mendapatkan pendidikan yang layak dan cukup. &gt;&gt; #StopKezalimanTerhadapPerempuan &lt;&lt; #SyariatIslamMuliakanPerempuan &gt;&gt; https://t.co/tLeeVFnhM1","1342401629107048448","https://pbs.twimg.com/media/EqC-bqoUUAAzGwd.jpg","","in","Kendari, Indonesia","0","0","0","https://twitter.com/Indra40507093/status/1342401629107048448","1015970057069867008","Indra40507093"
"1342398302260580352","Fri Dec 25 09:14:30 +0000 2020","0","Kebijakan pendidikan Islam yang diberlakukan negara akan memastikan seluruh rakyat mendapatkan pendidikan yang layak dan cukup. &gt;&gt; #KhilafahHarapanPerempuan &gt;&gt; #KhilafahHarapanKaumIbu","1342398302260580352","","","in","","0","0","0","https://twitter.com/ReniAgu64484307/status/1342398302260580352","1302073058119675906","ReniAgu64484307"
"1342392960415981568","Fri Dec 25 08:53:16 +0000 2020","1","Kebijakan pendidikan Islam yang diberlakukan negara akan memastikan seluruh rakyat mendapatkan pendidikan yang layak dan cukup. &gt;&gt; #StopKezalimanTerhadapPerempuan &lt;&lt; #SyariatIslamMuliakanPerempuan &gt;&gt; https://t.co/fhiNMS0JHQ","1342392960415981568","","","in","Buitenzorg","0","0","0","https://twitter.com/indra_drajat/status/1342392960415981568","467952359","indra_drajat"
"1342386023456620544","Fri Dec 25 08:25:42 +0000 2020","0","Kebijakan pendidikan Islam yang diberlakukan negara akan memastikan seluruh rakyat mendapatkan pendidikan yang layak dan cukup --&gt; #StopKezalimanTerhadapPerempuan","1342386023456620544","","","in","","0","0","0","https://twitter.com/RaodatulRina/status/1342386023456620544","1132782055442472960","RaodatulRina"
"1342377812401954818","Fri Dec 25 07:53:05 +0000 2020","0","Kebijakan pendidikan Islam yang diberlakukan negara akan memastikan seluruh rakyat mendapatkan pendidikan yang layak dan cukup &gt;&gt; #StopKezalimanTerhadapPerempuan &lt;&lt; #SyariatIslamMuliakanPerempuan &gt;&gt; https://t.co/BkNLAHd7sd","1342377812401954818","https://pbs.twimg.com/media/EqDDgr4VoAIb4aL.jpg","","in","","0","0","0","https://twitter.com/dewi_risye/status/1342377812401954818","1340171809879064576","dewi_risye"
"1341190367354388480","Tue Dec 22 01:14:36 +0000 2020","0","kebijakan hanya sebagian.. terasa mencekik seakan dunia pendidikan terasa sesak sama seperti lobang jarum di perut bumi..","1341190367354388480","","","in","","0","0","0","https://twitter.com/kataodol/status/1341190367354388480","1245177828003336192","kataodol"
"1341189639755862017","Tue Dec 22 01:11:42 +0000 2020","0","Gw gak pernah protes apa2 ke pemerintah selain soal pendidikan. Karena dari gw SD pasti selalu jadi bahan percobaan kebijakan aneh2 Kemdikbud. Udah seneng bgt gw begitu dpt menteri muda kayak sekarang kalo sampe balik ke yg lama wasalam deh.","1341189639755862017","","","in","Jakarta Capital Region, Indone","0","1","0","https://twitter.com/_rianannaxx/status/1341189639755862017","2721057937","_rianannaxx"
"1340998942591307777","Mon Dec 21 12:33:57 +0000 2020","0","Ketika OB yang umurnya jauh lbh muda ngasi lu nasehat yang teramat dalam benarlah bahwa kebijakan gak sepenuhnya datang dari tingkat pendidikan pangkat dan jabatan apalagi umur. Subhanallah. Semoga beliau selalu diberikan kesehatan begitu juga seluruh keluarganya.","1340998942591307777","","","in","Bogor, West Java, Indonesia","0","0","0","https://twitter.com/cut_andi/status/1340998942591307777","69900598","cut_andi"
"1340979043735244805","Mon Dec 21 11:14:52 +0000 2020","16","Terima kasih telah memilih Shintia Revina sebagai salah satu penulis terbaik tahun ini dalam #TCIDAuthorAwards2020. SMERU akan terus membagikan hasil penelitian guna mendukung kebijakan berbasis bukti termasuk dalam meningkatkan kualitas pendidikan di Indonesia.","1340979043735244805","","","in","Jakarta Pusat, DKI Jakarta","0","0","2","https://twitter.com/SMERUInstitute/status/1340979043735244805","942851575","SMERUInstitute"
"1340975832811012097","Mon Dec 21 11:02:07 +0000 2020","0","Wagub Hadi Mulyadi menilai tidak harus semua sekolah langsung melakukan aktivitas belajar mengajar tatap muka tetapi kebijakan tersebut harus disesuaikan dengan kondisi dan situasi masing-masing di daerah kab/kota. #HeadlineKaltim #Balikpapan #Pendidikan https://t.co/y3fGYX81TT","1340975832811012097","","","in","Kalimantan Timur","0","0","0","https://twitter.com/headlinekaltim/status/1340975832811012097","1289517565559992321","headlinekaltim"
"1340904541730959367","Mon Dec 21 06:18:50 +0000 2020","0","Bapak Menteri Pendidikan perlu menata kebijakan pendidikan berbasis teknologi digital. Kerjasama dengan Kominfo untuk memperkuat jaringan internet di seluruh Indonesia. Pendidikan berbasis teknologi digital mulai Sekolah Dasar. Semua guru SD sebaiknya faham teknologi digital.","1340904541730959367","","","in","","0","0","0","https://twitter.com/SamudroTjondr10/status/1340904541730959367","1312938849010511872","SamudroTjondr10"
"1340892868571873280","Mon Dec 21 05:32:27 +0000 2020","0","Dalam buku politik kebijakan pengembangan kurikulum di Indonesia (2019) Dalam rangka peningkatan mutu pendidikan salah satu yang terpenting adalah penetapan kompetensi guru dalam menjalankan tugas. @AmrilmuhammadMp #AmrilMuhammad_UNJ","1340892868571873280","","","in","","1","1","4","https://twitter.com/afifahdmynt/status/1340892868571873280","1275945430967136256","afifahdmynt"
"1340876643846344705","Mon Dec 21 04:27:58 +0000 2020","2","Indeks Aktivasi Literasi Membaca 2018 dari Pusat Penelitian Kebijakan Pendidikan dan Kebudayaan Kementerian Pendidikan dan Kebudayaan","1340876643846344705","","","in","Jakarta Capital Region","0","1","0","https://twitter.com/podcastbuku/status/1340876643846344705","1148858223450918912","podcastbuku"
"1340065421693620225","Fri Dec 18 22:44:28 +0000 2020","0","gagal move on sm jurusan kebijakan pendidikan","1340065421693620225","","","in","","0","0","0","https://twitter.com/lalalennnn/status/1340065421693620225","1206253160483831808","lalalennnn"
"1339846209633136641","Fri Dec 18 08:13:24 +0000 2020","0","RT muhammadiyah jika sekolah atau lembaga pendidikan akan menerapkan kebijakan pembelajaran tatap muka maka harus diperhitungkan secara matang mengenai keamanan menyangkut protokol kesehatan pencegahan Covid-19 https://t.co/baMPXlzoyi #Muhammadiyah #Pendidikan #COVID19 ","1339846209633136641","","","in","","0","0","0","https://twitter.com/netizenmu/status/1339846209633136641","846924902019977216","netizenmu"
"1339785322385743877","Fri Dec 18 04:11:27 +0000 2020","16","Anggota DPRD Pasaman Barat Fraksi Partai Demokrat Sifrowati menyatakan walau masih dalam situasi pandemi Covid-19 mutu pendidikan di Kabupaten Pasbar harus dilaksanakan dengan sebaik mungkin agar sesuai dengan kebijakan pendidikan dimasa pandemi. https://t.co/8FiBqTRyXb","1339785322385743877","","","in","Jakarta Capital Region","0","0","5","https://twitter.com/PDemokrat/status/1339785322385743877","248199104","PDemokrat"
"1339772416105431040","Fri Dec 18 03:20:10 +0000 2020","0","Pameran Virtual: Karya Monumental Presiden Republik Indonesia Susilo Bambang Yudhoyono: Indonesia Unggul Pintar dan Sejahtera Dalam rangka pemerataan di bidang pendidikan pemerintahan Presiden Susilo Bambang Yudhoyono menyelenggarakan berbagai kebijakan untuk meningkatkan https://t.co/jYCPRE5yg3","1339772416105431040","https://pbs.twimg.com/ext_tw_video_thumb/1339772274249887744/pu/img/lwCNx5ooAgbwc6RE.jpg","","in","Jl. Ir. H. Juanda No. 1, Bogor","0","1","0","https://twitter.com/MuspresRI/status/1339772416105431040","1244611503950454787","MuspresRI"
"1339587457822552065","Thu Dec 17 15:05:12 +0000 2020","1","Dalam buku politik kebijakan pengembangan kurikulum di Indonesia (2019) Pendidik atau guru merupakan salah satu komponen yang sangat menentukan untuk terselenggaranya proses pendidikan. Keberadaan guru merupakan pelaku utama sebagai (cont..) @AmrilmuhammadMp #AmrilMuhammad_UNJ","1339587457822552065","","","in","","1","1","9","https://twitter.com/afifahdmynt/status/1339587457822552065","1275945430967136256","afifahdmynt"
"1339564789215817728","Thu Dec 17 13:35:08 +0000 2020","24","jika sekolah atau lembaga pendidikan akan menerapkan kebijakan pembelajaran tatap muka maka harus diperhitungkan secara matang mengenai keamanan menyangkut protokol kesehatan pencegahan Covid-19 https://t.co/OxT8JaYjXv #Muhammadiyah #Pendidikan #COVID19","1339564789215817728","","","in","Indonesia","0","0","4","https://twitter.com/muhammadiyah/status/1339564789215817728","73309923","muhammadiyah"
"1339487600340574208","Thu Dec 17 08:28:25 +0000 2020","0","RT majalahSM Anam Sutopo Pengamat Pendidikan dari UMS menilai kebijakan Menteri Pendidikan dan Kebudayaan (Mendikbud) Nadiem Makarim sebagai upaya lepas tangan Pemerintah Pusat dari Pemerintah Daerah dalam hal pembukaan sekolah di masa pandemi. https://t.co/9XZOFWidgq ","1339487600340574208","","","in","","0","0","0","https://twitter.com/netizenmu/status/1339487600340574208","846924902019977216","netizenmu"
"1339487447189606401","Thu Dec 17 08:27:48 +0000 2020","0","Salah satu bentuk respon pemerintah Indonesia terhadap dampak wabah Coronavirus (COVID-19) terhadap dunia pendidikan adalah dengan mengeluarkan kebijakan pembelajaran jarak jauh. #diktimengajardarirumah #diktidutaedukasiperubahanperilaku https://t.co/13KUHQNa2J","1339487447189606401","https://pbs.twimg.com/media/EpbQuyMUcAAZ-EV.jpg","","in","","0","0","0","https://twitter.com/DiahLes07178349/status/1339487447189606401","1339485991954890752","DiahLes07178349"
"1339435994836127745","Thu Dec 17 05:03:21 +0000 2020","8","#SahabatPembangunan Direktorat Agama Pendidikan dan Kebudayaan Kementerian PPN/Bappenas menyelenggarakan Webinar Inovasi Kebijakan dan Program Penanganan Anak Tidak Sekolah: Praktik Baik dari Daerah . Segera lakukan registrasi ke https://t.co/UmPTYzbtH4 ya #Bappenas https://t.co/blcgOcwQUJ","1339435994836127745","https://pbs.twimg.com/media/Epah7koUcAAgUF7.jpg","","in","Jakarta","0","0","1","https://twitter.com/BappenasRI/status/1339435994836127745","235021856","BappenasRI"
"1339138835230281728","Wed Dec 16 09:22:32 +0000 2020","0","Inilah pertanyaan yang jawabannya ditunggu khalayak ramai. Kebijakan sektor pendidikan memang memiliki tempat penting di masyarakat. #Headline https://t.co/8ZSaVj2ntc","1339138835230281728","","","in","Indonesia","0","0","1","https://twitter.com/kompasiana/status/1339138835230281728","23786106","kompasiana"
"1339124315069902858","Wed Dec 16 08:24:51 +0000 2020","17","Jika semua pihak memiliki komitmen yang sama Insya Allah semua akan berjalan dengan baik. Terlebih kebijakan ini berdasarkan keputusan bersama empat menteri yakni Menteri Kesehatan Menteri Pendidikan dan Kebudayaan Menteri Agama &amp; Menteri Dalam Negeri https://t.co/83YeRsgykA","1339124315069902858","","","in","Indonesia","0","1","1","https://twitter.com/muhammadiyah/status/1339124315069902858","73309923","muhammadiyah"
"1339047765578412033","Wed Dec 16 03:20:40 +0000 2020","11","Sejak desentralisasi kebijakan pendidikan pemerintah daerah memiliki kewenangan utk melakukan inovasi pendidikan. Lalu seberapa penting daerah membuat inovasi pendidikan? Apa cerita dari daerah yg berinovasi pendidikan? Temukan jawabannya dalam episode 7 Reform Unreformed ! https://t.co/AdPJ9ojCPh","1339047765578412033","https://pbs.twimg.com/ext_tw_video_thumb/1339044835177578497/pu/img/OpW38wtEJ2mI_Br0.jpg","","in","Jakarta Pusat, DKI Jakarta","1","1","5","https://twitter.com/SMERUInstitute/status/1339047765578412033","942851575","SMERUInstitute"
"1338981048147832833","Tue Dec 15 22:55:33 +0000 2020","0","Melalui APBN kebijakan fisikal 2021 akan dialokasikan untuk mendukung pemulihan dan transformasi ekonomi. Program ini akan diarahkan untuk akselerasi dan transformasi ekonomi Indonesia yaitu pendidikan kesehatan perlindungan sosial dan infrastruktur. #SemangatBangunBangsa https://t.co/SUv67Dgr0q","1338981048147832833","https://pbs.twimg.com/media/EpUEKf4VEAAWOw1.jpg","","in","Pennsylvania, USA","0","0","0","https://twitter.com/ywfbruh/status/1338981048147832833","1335057658039037954","ywfbruh"
"1338872322644725762","Tue Dec 15 15:43:31 +0000 2020","7","One day gua pernah diskusi sama bokap mana sih yang lebih baik antara kebijakan pendidikan yang merata (literally sama semua baik dari kualitas infra guru dll) atau slightly diskriminatif (rsbi sma unggulan other equivalent program)? ps: it will not gonna be a long thread","1338872322644725762","","","in","Indonesia","0","3","0","https://twitter.com/haykalrafif/status/1338872322644725762","158745528","haykalrafif"
"1338803066162712576","Tue Dec 15 11:08:19 +0000 2020","0","Hallo sobat PPI Dunia!! Sebagai keberlanjutan dari Webinar Pendidikan Inklusif pada 1 Desember 2020 Komisi Pendidikan Perhimpunan Pelajar Indonesia (PPI) se-Dunia mempersiapkan langkah lanjutan dalam merancang rekomendasi kebijakan (Policy Brief) kepada pemerintah https://t.co/GMXfLa0agD","1338803066162712576","https://pbs.twimg.com/media/EpRiSjgVgAIPBgv.jpg","","in","The World","1","1","0","https://twitter.com/oisaa/status/1338803066162712576","244106983","oisaa"
"1338693602348691456","Tue Dec 15 03:53:21 +0000 2020","3","[info Lomba] Salam Integritas! Merdeka Belajar merupakan salah satu program yang dicanangkan oleh Menteri Pendidikan dan Kebudayaan Republik Indonesia dalam program Kampus Merdeka. Kebijakan kampus merdeka membuat semua mahasiswa di https://t.co/30ZfJtwiO0","1338693602348691456","https://pbs.twimg.com/media/EpP-u5NVEAMM8xK.jpg","","in","Banda Aceh","0","2","1","https://twitter.com/humasaceh/status/1338693602348691456","1576662726","humasaceh"
"1338692076884602881","Tue Dec 15 03:47:17 +0000 2020","0","Kebijakan Terbaru Pendidikan Muhammadiyah di Masa Pandemi Covid-19 https://t.co/EtKkcwDy2R","1338692076884602881","","","in","KM50","0","0","0","https://twitter.com/Owwalaah/status/1338692076884602881","1316223188519383040","Owwalaah"
"1338473674496622593","Mon Dec 14 13:19:26 +0000 2020","1","Dalam buku politik kebijakan pengembangan kurikulum di Indonesia (2019) Prinsip keseimbangan (at-Tawazun) adalah hal yang sangat penting dalam pendidikan karena manusia memiliki aspek head hand dan heart (cont..) @AmrilmuhammadMp #AmrilMuhammad_UNJ","1338473674496622593","","","in","","1","1","8","https://twitter.com/afifahdmynt/status/1338473674496622593","1275945430967136256","afifahdmynt"
"1338423211164270592","Mon Dec 14 09:58:54 +0000 2020","1","Siapa yang tidak kaget dengan kebijakan program belajar saat pandemi?Tentu kita semua merasa terkejut akan program ini. Namun demikian bagaimanapun caranya pendidikan harus berlangsung agar kita mampu bersaing kedepannya #diktimengajardarirumah #DiktiDutaEdukasiPerubahanPerilaku https://t.co/21nCKvgdtv","1338423211164270592","https://pbs.twimg.com/media/EpMI0Q9U8AEMkD2.jpg","","in","Medan","0","0","0","https://twitter.com/YndriiSy/status/1338423211164270592","1335914637108211713","YndriiSy"
