"conversation_id_str","created_at","favorite_count","full_text","id_str","image_url","in_reply_to_screen_name","lang","location","quote_count","reply_count","retweet_count","tweet_url","user_id_str","username"
"1200405796606996480","Fri Nov 29 13:26:59 +0000 2019","0","Judul Buku: Kuliah Kok Mahal? Penulis: Panji Mulkillah Ahmad Harga : 68.000 DM/WA: 085340401991 Sepuluh tahun terakhir gelombang protes atas kebijakan-kebijakan pendidikan tinggi semakin masif. Hal ini seiring https://t.co/4SBGSIUBWM","1200405796606996480","","","in","Jl.  Sultan Alauddin IV No. 2 ","0","0","0","https://twitter.com/pusatbukusulsel/status/1200405796606996480","2392463672","pusatbukusulsel"
"1200357365926649856","Fri Nov 29 10:14:32 +0000 2019","0","Mangku Pastika Kritik Kebijakan Kesehatan dan Pendidikan Ini Penyebabnya: https://t.co/FVnpyP6vwj via @metrobali","1200357365926649856","","","in","Indonesia","0","0","0","https://twitter.com/metrobali/status/1200357365926649856","304383364","metrobali"
"1200261245753933824","Fri Nov 29 03:52:35 +0000 2019","0","Analisis Kebijakan dalam pendidikan: ANALISIS DAN ARAH KEBIJAKAN PENDIDIKAN DI LINGKUP ... https://t.co/TABe3UaWVT","1200261245753933824","","","in","","0","0","0","https://twitter.com/reza79466107/status/1200261245753933824","1200253282247041024","reza79466107"
"1199987665409437702","Thu Nov 28 09:45:28 +0000 2019","0","#MetroHariIni Mengenai UN harus kita liat posisi dan kedudukan UN dalam konteks kebijakan Pemerintah. UN ini secara legal konstitusional diatur dalam PP No 19 Tahun 2005. Abdul Mu'ti-Ketua Badan Standar Nasional Pendidikan. @Metro_TV https://t.co/33hipGakQ7 https://t.co/S36pqbdEGr","1199987665409437702","https://pbs.twimg.com/media/EKc2azCUcAA1nMm.png","","in","","0","0","0","https://twitter.com/MetroTVToday/status/1199987665409437702","2895296804","MetroTVToday"
"1199950240482131968","Thu Nov 28 07:16:45 +0000 2019","0","Harapan untuk Menteri Pendidikan yang baru semoga kebijakan-kebijakan yang dibuat bersifat universal dan bisa diterapkan di kota-kota besar maupun di daerah-daerah terpencil seperti di Papua. Salam dari... https://t.co/TWlWBjPnHp","1199950240482131968","","","in","Medan City","0","0","0","https://twitter.com/centang_kuta/status/1199950240482131968","2253548630","centang_kuta"
"1199935254670143488","Thu Nov 28 06:17:13 +0000 2019","0","#Newsline Menteri Pendidikan dan Kebudayaan Nadiem Anwar Makarim memastikan Ujian Nasional masih akan digelar di 2020. Kebijakan nasib UN pasca 2020 masih menunggu masukan dari masyarakat dan para pegiat pendidikan untuk menjadi bahan kajian Mendikbud. @Metro_TV https://t.co/gVW5O4ASYT","1199935254670143488","https://pbs.twimg.com/media/EKcGwB9UEAEy6_P.png","","in","","2","0","0","https://twitter.com/MetroTVToday/status/1199935254670143488","2895296804","MetroTVToday"
"1199922132584501248","Thu Nov 28 05:25:04 +0000 2019","2","Pintro Friends ada yang sudah tahu apa saja kebijakan dari Menteri Nadiem Makarim untuk mengembangkan sektor pendidikan? Simak informasinya di link berikut https://t.co/Kd8dJMsQ36 ! Bagaimana menurut Pintro Friends? #PendidikanIndonesia #SistemPendidikan https://t.co/v0hGeTwLcR","1199922132584501248","https://pbs.twimg.com/media/EKb60SmUYAUwqt6.jpg","","in","Jakarta Timur ","0","0","0","https://twitter.com/PintroId/status/1199922132584501248","1179927972389634048","PintroId"
"1199893811826249728","Thu Nov 28 03:32:32 +0000 2019","0","KEBIJAKAN PENDIDIKAN KEAGAMAAN KANTOR KEMENTERIAN AGAMA - ppt download https://t.co/6gAFwiUUWE","1199893811826249728","","","in","Muara Enim","0","0","0","https://twitter.com/kemenagmenim/status/1199893811826249728","3116785272","kemenagmenim"
"1199592641827966976","Wed Nov 27 07:35:47 +0000 2019","4","Kasi Penkum Kejati Aceh H. Munawal Hadi S.H. M.H. dan Kasi Intelijen Kejari Lhokseumawe Miftahuddin S.H menjadi pemateri kegiatan sosialisasi kebijakan pendidikan Tahun 2019 dg tema meningkatkan pemahaman dan kesadaran hukum terkait dengan penggunaan dan pengelolaan dana BOS https://t.co/l8HIdEyFgg","1199592641827966976","https://pbs.twimg.com/media/EKXPI11U4AYYVxI.jpg","","in","Aceh","0","0","0","https://twitter.com/kejati_aceh/status/1199592641827966976","1065797959583858688","kejati_aceh"
"1199554991624605696","Wed Nov 27 05:06:11 +0000 2019","15","#berpihakkepadaanak Mari melawan miskonsepsi tentang kompetensi memilih berpihak kepada anak dalam kebijakan pengajaran dan pengasuhan dalam segala upaya dan peran kita untuk pendidikan. Menuju #KonferensiPendidikanIndonesia #integrasi #kolaborasi #inovasi #semuamuridsemuaguru https://t.co/dmX89RP2Ss","1199554991624605696","https://pbs.twimg.com/media/EKWs5i8VAAAMgRQ.jpg","","in","","0","0","5","https://twitter.com/NajelaaShihab/status/1199554991624605696","45234789","NajelaaShihab"
"1199538756522409985","Wed Nov 27 04:01:40 +0000 2019","1","Kebijakan Pendidikan di Era 4.0 dan 5.0. Pendidikan 4.0 adalah istilah umum yang digunakan oleh para ahli teori pendidikan untuk menggambarkan berbagai cara untuk mengintegrasikan teknologi cyber baik secara fisik maupun tidak kedalam pembelajaran https://t.co/QizTOQfoL8","1199538756522409985","https://pbs.twimg.com/media/EKWeI_TU4AEKqsB.jpg","","in","","0","0","1","https://twitter.com/Sitihartinimok1/status/1199538756522409985","1199353488196550656","Sitihartinimok1"
"1199538395975839745","Wed Nov 27 04:00:14 +0000 2019","0","Potret Dunia pendidikan kita Gonta ganti kurikulum Ganti menteri atau Pemerintahan ganti kebijakan.","1199538395975839745","","","in","","0","0","0","https://twitter.com/LuqmanH1982/status/1199538395975839745","4057520653","LuqmanH1982"
"1199519569842323456","Wed Nov 27 02:45:26 +0000 2019","2","Wahai birokraksi pendidikan bisakah anda memberikan kebijakan istimewa untuk meluluskan saya dengan tes IQ dari pada menunggu 6 semester lagi? Apa IQ 145 saya tidak layak untuk menjadi sarjana?","1199519569842323456","","","in","Malang, Jawa Timur","0","0","0","https://twitter.com/anindiobong/status/1199519569842323456","1160098417","anindiobong"
"1199510657835491328","Wed Nov 27 02:10:01 +0000 2019","1","Mantap saya rasa mas menteri ini tau betul bahwa potensi anak tidak bisa diukur dari hasil ujian. Harus ada sustainable development program untuk kebijakan ini. Jangan sampai nanti ketika berpindah kekuasaan kebijakan pun ikut berubah terutama dalam bidang pendidikan.","1199510657835491328","","","in","bandung","0","0","1","https://twitter.com/direstui_/status/1199510657835491328","1168194482","direstui_"
"1199236036410269697","Tue Nov 26 07:58:46 +0000 2019","0","Akankah pak Nadiem akan benar-benar melakukan perubahan sistem pendidikan di negara ini? Mengingat kebijakan-kebijakan menteri-menteri sebelumnya juga sampai sekarang belum 100% terealisasi #pendidikan","1199236036410269697","","","in","Kota Semarang, Jawa Tengah","0","0","0","https://twitter.com/mrsibong/status/1199236036410269697","1111300820287381504","mrsibong"
"1199228739583823872","Tue Nov 26 07:29:46 +0000 2019","0","#pesanuntuknadiem Ketika kebijakan pendidikan mulai tidak benar kami sebagai mahasiswa harus bisa membenarkannya! Jangan hanya diam saja seolah tidak tau padahal tau. Aku harap teriakanku tak sia-sia dan terdengar sampai ketelingamu!! @Kemdikbud_RI https://t.co/BK84th69mC","1199228739583823872","https://pbs.twimg.com/media/EKSEKt-U4AAbCwE.jpg","","in","Karawang Timur, Indonesia","0","0","0","https://twitter.com/YollaMaulida1/status/1199228739583823872","736748311839801344","YollaMaulida1"
"1199215154040324097","Tue Nov 26 06:35:47 +0000 2019","1","(26/11/2019) Dinas Pendidikan Kabupaten Blora melaksanakan kegiatan Bimtek Kebijakan Program PNF yang dilaksanakan di Aula A Dinas Pendidikan Blora yang diikuti semua LKP bersama PKBM se-Kabupaten Blora. Kasi Dikmas https://t.co/wwNcCdfdtB","1199215154040324097","","","in","Jl. Ahmad Yani No. 42 Blora","0","0","1","https://twitter.com/DisdikBlora/status/1199215154040324097","709635629345153024","DisdikBlora"
"1199213161070485506","Tue Nov 26 06:27:52 +0000 2019","3","Pak menteri @Kemdikbud_RI baru saja sahabat kita menyuarakan keresahan yang sudah lama dirasakan oleh civitas akademika terkait pendidikan kiranya rekomendasi hasil pembacaan bisa di pertimbangan untuk menentukan kebijakan kedepan #pesanUntukNadhiem #pmiirayonwistrad","1199213161070485506","","","in","antahbranta","0","0","0","https://twitter.com/vrohGamol/status/1199213161070485506","1256218339","vrohGamol"
"1199157482808963072","Tue Nov 26 02:46:37 +0000 2019","0","Bagaimana yg sdh buat dan scan Tenaga Pendidikan? Sementara kebijakan baru Tenaga Guru ","1199157482808963072","","","in","Kota Gunungsitoli","0","0","0","https://twitter.com/tunoziduhu_wau/status/1199157482808963072","2994073266","tunoziduhu_wau"
"1198964093996040193","Mon Nov 25 13:58:10 +0000 2019","0","Setuju banget sih kebijakan administrasi pendidikan perlu dikaji ulang. Salute sama Bang Nadiem. Guru sepatutnya menghabiskan waktu di kelas untuk mendidik tidak diluar kelas untuk ngurus administrasi bahkan ada yg sampe ambil cuti lo. Sangkin ya","1198964093996040193","","","in","","0","0","0","https://twitter.com/porenjesping/status/1198964093996040193","125034627","porenjesping"
"1198962676380008448","Mon Nov 25 13:52:32 +0000 2019","22","Sebaiknya dibuatkan blue print untuk 25 tahun ke depan. Biar gak kesannya ganti mentri ganti kebijakan Jadi jelas dan pasti arah pendidikan anak bangsa ke depan Jokowi Ingin Nadiem Ubah Kurikulum dan Cara Belajar Siswa https://t.co/T7zHNHqtiT","1198962676380008448","","","in","indonesia","1","2","2","https://twitter.com/kantayu/status/1198962676380008448","3233128724","kantayu"
"1198958962445414400","Mon Nov 25 13:37:46 +0000 2019","120","Perjuangan utk Ind yg lebih baik bs dilakukan dr luar/dlm sistem Dg GerakanAntiKebodohan @RamliRizal dkk berhasil dorong pemerintah tetapkan kebijakan buka akses luas thd pendidikan dasar utk anak Ind. Pengalaman ketika perbaiki BRIUnitDesa RR jalankan ketika mjd menko Gus Dur","1198958962445414400","","","in","Indonesia Raya","0","4","16","https://twitter.com/bima_____/status/1198958962445414400","4882851732","bima_____"
"1198951092433719297","Mon Nov 25 13:06:30 +0000 2019","0","Dengan adanya Pak Nadiem besar harapan perubahan di sektor Pendidikan beliau butuh doa dan support untuk semua kebijakan yang bakal diambil #SelamatHariGuruNasional","1198951092433719297","","","in","Tanjungpinang and Bandung","0","0","0","https://twitter.com/rianJebotriadi/status/1198951092433719297","148260798","rianJebotriadi"
"1198936556435890177","Mon Nov 25 12:08:44 +0000 2019","0","Pemprov Jabar segera menindaklanjuti pidato Mednikbud Nadiem Makarim sebagai kebijakan daerah dalam bidang pendidikan. https://t.co/d5npwtolAV","1198936556435890177","","","in","Jakarta, Indonesia","0","0","0","https://twitter.com/inewsdotid/status/1198936556435890177","944180887171743745","inewsdotid"
"1198924309621723136","Mon Nov 25 11:20:05 +0000 2019","0","KPAI Minta Langkah Nyata Kebijakan Pendidikan https://t.co/eoXkJOCGY0","1198924309621723136","","","in","Jakarta, Indonesia","0","0","0","https://twitter.com/GATRA_com/status/1198924309621723136","202559038","GATRA_com"
"1198923534715588608","Mon Nov 25 11:17:00 +0000 2019","0","Saya berharap banyak pada pak @Nadiem_Makarim untuk bisa memajukan pendidikan menjadi lebih baik dan menciptakan suatu kebijakan yg menyenangkan :))","1198923534715588608","","","in","indonesia","0","0","0","https://twitter.com/akudankaktus/status/1198923534715588608","1095932668330397698","akudankaktus"
"1198921666849472513","Mon Nov 25 11:09:34 +0000 2019","1","Melalui kebijakan pendidikan nasional guru mampu menerapkan pendidikan karakter kepada peserta didik sesuatu yang tidak bisa dilakukan oleh teknologi. . Selamat Hari Guru Nasional! #selamathariguru #SelamatHariGuruNasional #SelamatHariGuruNasional2019 #guru #inet https://t.co/Hnki3xHtS3","1198921666849472513","https://pbs.twimg.com/media/EKNs5BtU8AIuXnA.jpg","","in","Indonesia","0","0","0","https://twitter.com/inet_indo/status/1198921666849472513","807199976262488064","inet_indo"
"1198918560841519104","Mon Nov 25 10:57:14 +0000 2019","0","Gubernur Harap Tinjau Ulang kebijakan untuk Pemerataan Pendidikan https://t.co/7HmVMr1HVj","1198918560841519104","","","in","kota Bandung","0","0","0","https://twitter.com/Icahfi/status/1198918560841519104","319693849","Icahfi"
"1198886588509343744","Mon Nov 25 08:50:11 +0000 2019","0","MEMAHMI DAN MENDESKRIPSIKAN KEBiJAKAN KKNI KKNI adalah kerangka penjenjangan kualifikasi sumber daya manusia indonesia yang menyandingkan menyetarakan dan mengintegrasikan sektor pendidikan dengan sektor pelatihan dan pengalaman kerja dalam suatu skema pengakuan kemampuan kerja. https://t.co/JxIa1z8nU1","1198886588509343744","https://pbs.twimg.com/media/EKNM_uuUcAAN183.jpg","","in","","0","0","0","https://twitter.com/Mawaddahmoolia1/status/1198886588509343744","1198882880698503168","Mawaddahmoolia1"
"1198881334476693505","Mon Nov 25 08:29:18 +0000 2019","0","Setiap gagasan baru ujar Gubernur Jabar memang tak lepas dari dinamika skeptis. Sehingga ia mengajak seluruh penyelenggara pendidikan untuk optimis dan mendukung sepenuhnya kebijakan Mendikbud. https://t.co/3tWiblVKR1","1198881334476693505","","","in","JL. DR. Radjiman No.6 Bandung","0","0","0","https://twitter.com/disdik_jabar/status/1198881334476693505","79373277","disdik_jabar"
"1198854294641840128","Mon Nov 25 06:41:52 +0000 2019","0","Nadiem Ingin Guru Berinovasi Tanpa Terjerat Birokrasi Perbaikan pendidikan di Indonesia justru dimulai dari gerakan guru-guru di ruang-ruang kelas bukan dari kebijakan dan anggaran #ValidNih https://t.co/hZOEfqXwbn","1198854294641840128","","","in","","0","0","0","https://twitter.com/stryabthm_/status/1198854294641840128","2312827160","stryabthm_"
"1198823788353208320","Mon Nov 25 04:40:38 +0000 2019","1","Guru bukanlah satu-satunya instrument pendidikan. Masih ada buku kurikulum peletak kurikulum pembuat kebijakan pendidikan dan seterusnya. Akan tetapi dari sederet instrument tersebut gurulah ujung tombak dari semua instrument pendidikan. https://t.co/J2ytmquwQS","1198823788353208320","","","in","🇮🇩 Indonesia","0","0","0","https://twitter.com/masaryaduta/status/1198823788353208320","1248726242","masaryaduta"
"1198812905451339777","Mon Nov 25 03:57:24 +0000 2019","1","Membaca isi pidato menteri pendidikan teringat dulu saya jd guru pernah melakukan bbrp hal spt itu tapi kenyataannya idealisme sy ttp terbentur dg kebijakan Dinas maupun Sekolah. Semoga sekarang berbeda sedikit curcol tertuliskan disini : https://t.co/t7SDetXnNG","1198812905451339777","","","in","Banjarmasin","0","0","0","https://twitter.com/deaedensor/status/1198812905451339777","125271844","deaedensor"
"1198795579645542400","Mon Nov 25 02:48:33 +0000 2019","0","Untuk tenaga honorer PTK atau yg sudah punya SK Yayasan sbg GTY atau PTY di tingkat satuan pendidikan msh tdk jelas mslh honorarium dan apa sebenarnya fungsi operator sekolah klo tdk faham atau memang kebijakan dinas prov. yg kusut @Kemdikbud_RI","1198795579645542400","","","in","Jawa Barat, Indonesia","0","0","0","https://twitter.com/danu_W7/status/1198795579645542400","113039803","danu_W7"
"1198794233659871232","Mon Nov 25 02:43:12 +0000 2019","0","Dlm posisinya yg demikian penting dan strategis buku ini layak hadir utk dijadikan bahan bacan dan rujukan bagi pemerhati pengambil kebijakan pelaksana pendidikan mahasiswa keguruan/ilmu pendidikan serta masyarakat umumnya. (11) ISBN: 978-623-218-307.0 Harga: Rp 114.000 -","1198794233659871232","","","in","Jl. Tambra Raya No. 23 Jaktim","0","0","0","https://twitter.com/Prenadamedia2/status/1198794233659871232","821897566442786818","Prenadamedia2"
"1198788059564630017","Mon Nov 25 02:18:40 +0000 2019","1","Selamat hari guru semoga pendidikan indonesia semakin baik . Semoga harapan kami dapat terealisasi dengan kebijakan dan aturan yang bapak buat . Aamiin https://t.co/2yrEXhXJmB","1198788059564630017","https://pbs.twimg.com/media/EKLzYe_U4AALCP0.jpg","","in","Kota Medan, Sumatera Utara","0","0","0","https://twitter.com/rizkysggs/status/1198788059564630017","192137415","rizkysggs"
"1198735328820940800","Sun Nov 24 22:49:08 +0000 2019","7","Selamat hari Guru Nasional. Sebagai Guru saya ingin menyampaikan keluh kesah kritik terhadap pendidikan secara luas. Terutama pada Guru dan Pemangku kebijakan dalam Hal ini @Kemdikbud_RI. #HariGuruNasional #HariGuruNasional2019","1198735328820940800","","","in","","1","1","1","https://twitter.com/arwipati/status/1198735328820940800","978206820090109952","arwipati"
"1198612387831504897","Sun Nov 24 14:40:37 +0000 2019","0","Pagi sampe malem leha leha Tengah malem menyalahkan kebijakan pemerintah mengenai pendidikan tinggi sambil ngerjain tugas yang numpuk","1198612387831504897","","","in","","0","0","0","https://twitter.com/fardanayy/status/1198612387831504897","2413304222","fardanayy"
"1198585648136871939","Sun Nov 24 12:54:21 +0000 2019","1","Negeri ini sdh kehilangan Grand Design Pendidikan Nasional skrg terlihat tambal sulam berbagai kebijakan belum lagi beban urusan administrasi pendidikan... #ManaGrandDesignPendidikan","1198585648136871939","","","in","Jakarta Capital Region","0","0","0","https://twitter.com/Tony_Harto/status/1198585648136871939","157658905","Tony_Harto"
"1198567611967119361","Sun Nov 24 11:42:41 +0000 2019","0","ada pepatah bilang tuntutlah ilmu walaupun sampai ke Negeri China . . Sekarang gimana dong?. Sekolah aja pakai sistem zonasi. . semoga kementrian pendidikan baru kebijakan dan trobosan https://t.co/lhtIxftS5p","1198567611967119361","","","in","#BEKASI #KLATEN #YOGYAKARTA","0","0","0","https://twitter.com/yo_gakganteng/status/1198567611967119361","567740476","yo_gakganteng"
"1198428728830779392","Sun Nov 24 02:30:49 +0000 2019","0","Celakanya gini. Orang2 yg hanya memandang miskin sbg konsep ternyata adlh orang yg membuat kebijakan ekonomi. &amp; Orang2 yg melihat kebodohan hanya sbg konsep adlh orang2 yg membuat kebijakan pendidikan. Jd gak heran klo sektor development gitu2 aja. filantropi jg sama aja.","1198428728830779392","","","in","ÜT: -6.274669,106.724385","0","0","0","https://twitter.com/hastarika/status/1198428728830779392","158651508","hastarika"
"1198414294053879808","Sun Nov 24 01:33:27 +0000 2019","0","Luar biasa gebrakan Mas Menteri Pendidikan kita. Para pemangku kebijakan mulai dari Dirjen Kadindikbud prov/Kab/Kota Pengawas Sekolah Kepala Sekolah pasti terkaget2 https://t.co/rr9jTYICtO","1198414294053879808","","","in","Jombang-Jatim","0","0","0","https://twitter.com/khusnulkholik/status/1198414294053879808","1669180789","khusnulkholik"
"1198409642621030401","Sun Nov 24 01:14:58 +0000 2019","0","Belum pingin komentar apapun tentang isi surat Nadiem. Masih menunggu kebijakan apa yg dibuat utk pendidikan. Menanti gebrakan dan perombakan salah satunya penyederhanaan kurikulum yg memanusiakan manusia. Kita punya warisan gagasan keren dari Ki Hadjar coba dilirik kembali.","1198409642621030401","","","in","","0","0","1","https://twitter.com/_niknok/status/1198409642621030401","460042126","_niknok"
"1198369615262306304","Sat Nov 23 22:35:55 +0000 2019","0","Terimakasih bapak..sdh memahami kesulitan kami para guru. Semoga ini bukan cuma tulisan belaka tapi dasar bagi kebijakan bapak dalam memajukan pendidikan Indonesia https://t.co/CUXp3rgyFQ","1198369615262306304","https://pbs.twimg.com/media/EKF2y9wU4AAYIFP.jpg","","in","Pasuruan,East Java","0","0","0","https://twitter.com/DeeAr_09/status/1198369615262306304","1220554002","DeeAr_09"
"1198263507872956421","Sat Nov 23 15:34:17 +0000 2019","0","Hehe. Lucunya para bazer bilang pidatonya bagus. Padahal sangat normatif. Pidato itu bukan kebijakan. Karena bisa jadi pidato juga ada yang bantu bikin. Semoga saja Nadiem benar-benar membawa perubahan paradigma pendidikan. Meskipun saya cukup ragu untuk itu.","1198263507872956421","","","in","","0","1","0","https://twitter.com/kamuitubeda/status/1198263507872956421","57228856","kamuitubeda"
"1198250985438601216","Sat Nov 23 14:44:32 +0000 2019","0","Ini seperti memulai revolusi pendidikan yg menjanjikan generasi baru yang lebih hebat tapi sekaligus mengkhawatirkan jika 5 tahun lagi ganti menteri ganti kebijakan akhirnya malah jadi generasi bingung.","1198250985438601216","","","in","DKI Jakarta","0","0","0","https://twitter.com/sherpa701/status/1198250985438601216","69512285","sherpa701"
"1198180138896121856","Sat Nov 23 10:03:00 +0000 2019","0","Pak Nadiem aku percayakan kebijakan pendidikan negeri ini padamu. https://t.co/UhniuokebR","1198180138896121856","https://pbs.twimg.com/media/EKDKb34UcAAwK7k.jpg","","in","Blitar, Jawa Timur","0","0","0","https://twitter.com/lekkidin/status/1198180138896121856","1027079902762131456","lekkidin"
"1198169096510005248","Sat Nov 23 09:19:08 +0000 2019","0","yang bersifat integral dari semua agenda yang telah dilakukan ketiga fungsi komunikasi dilaksanakan jika analisis kebijakan telah menghasilkan berbagai gagasan atau usuklan kebijakan yang realistis. Isu-isu sttrategis dalam dunia pendidikan dewasa ini meliputi tiga hal yaitu","1198169096510005248","","","in","","0","0","0","https://twitter.com/MirandaMuhiba/status/1198169096510005248","1198132967253495808","MirandaMuhiba"
"1198166832668008448","Sat Nov 23 09:10:08 +0000 2019","0","Analisis Kebijakan Kurikulum 2013 Rencana Kementerian Pendidikan dan Kebudayaan (Kemendikbud) menerapkan secara keseluruhan kurikulum 2013 pada tahun ajaran 2014/2015 sebagai pengganti kurikulum sebelumnya yaitu Kurikulum Tingkat Satuan Pendidikan (KTSP) atau yang lebih dikenal https://t.co/BidLLqw2Yy","1198166832668008448","https://pbs.twimg.com/media/EKC-YMlUYAAGTfV.jpg","","in","","0","1","0","https://twitter.com/yusuf_indriani/status/1198166832668008448","1198160477026574337","yusuf_indriani"
"1198153703309463553","Sat Nov 23 08:17:58 +0000 2019","0","analisis kebijakan merupakan cara atau prosedur dalam menggunakan pemahaman manusia terhadap dan untuk memecahkan masalah-masalah kebijakan. Jadi analisis kebijakan pendidikan merupakan cara memecahkan masalah yang ada dalam kebijakan pendidikan melalui pemahaman manusia tersebut https://t.co/rH9WfoWtux","1198153703309463553","https://pbs.twimg.com/media/EKCycK3VUAAR158.jpg","","in","","0","0","0","https://twitter.com/sitimutiakasim/status/1198153703309463553","1197876525984440322","sitimutiakasim"
"1198140431222988800","Sat Nov 23 07:25:13 +0000 2019","48","Mari kita berandai-andai. Katakanlah visi om Nadiem berhasil. Pendidikan Indonesia berubah. Guru jd lebih interaktif sm murid. Dan siswa jd lebih semangat ke sekolah. Eh 2024 nanti ada mendikbud baru orang parpol bikin kebijakan ekstrim balik jaman dulu. Gimana perasaanmu? ","1198140431222988800","","","in","","2","14","16","https://twitter.com/WidasSatyo/status/1198140431222988800","472857347","WidasSatyo"
"1198124777992441856","Sat Nov 23 06:23:01 +0000 2019","0","Meskipun cuma 3 th saya pernah merasakan menjadi seorg guru dan entah kenapa rasanya yg disampaikan pak #nadiemmakarim adalah hal yg ada dalam unek2 para guru. semoga dg kebijakan ini dunia pendidikan akan semakin lebih baik.","1198124777992441856","","","in","Kota Bitung, Sulawesi Utara","0","1","0","https://twitter.com/Rais026/status/1198124777992441856","104712375","Rais026"
"1198102262091960320","Sat Nov 23 04:53:33 +0000 2019","3","setelah baca teks pidato Menteri Pendidikan untuk Hari Guru Nasional rasanya kaya ada secercah harapan hehe. ayo Pak bikin kebijakan yang meringankan administrasi guru!!! https://t.co/zG3qOkMyy8","1198102262091960320","https://pbs.twimg.com/media/EKCDpMRU8AUtDXr.jpg","","in","Malang - Indonesia","0","5","4","https://twitter.com/sariratri_/status/1198102262091960320","249537629","sariratri_"
"1198079026356580352","Sat Nov 23 03:21:13 +0000 2019","0","Pak Nadiem Terimakasih semoga semua kebijakan bapak bisa membawa perubahan ke pendidikan Indonesia yang lebih baik","1198079026356580352","","","in","","0","0","0","https://twitter.com/wartegnasul/status/1198079026356580352","163482152","wartegnasul"
"1198065224273674241","Sat Nov 23 02:26:23 +0000 2019","0","Analisis kebijakan pendidikan menjadi penting menentukan arah dan pedoman penyelenggaraan pendidikan di suatu negara. Dalam penyelenggaraan pendidikantidak mungkin melepaskan dari kebijakan yang dibuat pemerintahan atau pihak yang memiliki kewenangan ditempat lembaga pendidikan https://t.co/yZDxeeDV7Y","1198065224273674241","https://pbs.twimg.com/media/EKBh9qRU0AAZyMI.jpg","","in","","0","0","0","https://twitter.com/Isnawatiinggle/status/1198065224273674241","1198031793783394304","Isnawatiinggle"
"1198064791564083200","Sat Nov 23 02:24:39 +0000 2019","0","Dengan melakukan analisis kebijakan kita akan dapat mempelajari dan memahami kebijakanpemerintah atau pihak terkait sebagai pengelola pendidikan dengan akurat. Analisis kebijakan pendidikan amat penting dalam mencerdaskan kehidupan masyarakat berbangsadan bernegara","1198064791564083200","","","in","","0","0","0","https://twitter.com/Isnawatiinggle/status/1198064791564083200","1198031793783394304","Isnawatiinggle"
"1198062988273438720","Sat Nov 23 02:17:29 +0000 2019","0","Kebijakan pendidikan perlu dicermati mengingat dampaknya yang sangat luas bagi kehidupan manusia dalam jangka pendek dan jangka panjang. Untuk itu analisis kebijakan pendidikan perlu didasarkan pada suatu prinsip objektif tidak hanya untuk menyalahkan kebijakan","1198062988273438720","","","in","","0","0","0","https://twitter.com/Isnawatiinggle/status/1198062988273438720","1198031793783394304","Isnawatiinggle"
"1198061788366958592","Sat Nov 23 02:12:43 +0000 2019","0","pendidikan oleh pemerintah yang sedang berkuasa atau pihak lain sebagai penyelenggara pendidikan. Namun juga memberi gambaran yang memungkinkan berupaperbaikan kebijakan pendidikan yang dilakukan olehpemerintah atau penyelenggara pendidikan. Hal ini tentu saja","1198061788366958592","","","in","","0","0","0","https://twitter.com/Isnawatiinggle/status/1198061788366958592","1198031793783394304","Isnawatiinggle"
"1198061186438193153","Sat Nov 23 02:10:20 +0000 2019","0","memerlukan suatu pendekatan ilmiah yang objektif dan akurat. Dalam hubungan ini analisis kebijakan pendidikan menjadi penting guna memahami dan memperbaiki kebijakan apabila hasil analisis menunjukan konsekwensi yang belum sesuai dengan rencana yang diharapkan.","1198061186438193153","","","in","","0","0","0","https://twitter.com/Isnawatiinggle/status/1198061186438193153","1198031793783394304","Isnawatiinggle"
"1198058595742408704","Sat Nov 23 02:00:02 +0000 2019","1","Membuat kebijakan harus betul-betul diyakini efektif oleh pembuatnya. Background pengusaha sukses semoga tidak bertentangan dengan idealisme pendidikan. #CegahKomersialisasiPendidikan #Rasionalitas #Intelektual #Akhlak","1198058595742408704","","","in","Jakarta","0","0","1","https://twitter.com/Makmur13745478/status/1198058595742408704","1098790982856757251","Makmur13745478"
"1198055285018918913","Sat Nov 23 01:46:53 +0000 2019","0","Pidato sebagian teoritis. Bolehlah uneg-uneg positif. Bukan guru ya? Tidak punya prestasi di bidang pendidikan. Konon cara 'out of the box'. Rasionalitas background pengusaha perlu teliti cari solusi antisipasi Komersialisasi Pendidikan. Semoga tidak salah kebijakan.","1198055285018918913","","","in","Jakarta","0","0","0","https://twitter.com/Makmur13745478/status/1198055285018918913","1098790982856757251","Makmur13745478"
"1198033126225825793","Sat Nov 23 00:18:50 +0000 2019","0","Kebijakan Mendikbud Nadiem Anwar Makarim mengharukan dunia pendidikan GURU BEBAS BERESKPRESI #merdekabelajar #indonesiabergerak #gurupenggerak https://t.co/47Ac4qwwgq","1198033126225825793","","","in","Rancaekek, Indonesia","0","0","0","https://twitter.com/deni_ries/status/1198033126225825793","897017657748209664","deni_ries"
"1198015083047112704","Fri Nov 22 23:07:08 +0000 2019","1","Analisis kebijakan pendidikan sebagai ilmu sosial terapan sistemtis di susun dalam rangka mengetahui substansi kebijakan pendidikan agar diketahui secara jelas masalah yang akan dijawab oleh kebijakan dan masalah yang berpeluang timbul sebagai akibat implementasi kebijkan.","1198015083047112704","","","in","","0","0","0","https://twitter.com/RamlawatiMopan1/status/1198015083047112704","1197835921233592321","RamlawatiMopan1"
"1198005131595276289","Fri Nov 22 22:27:35 +0000 2019","0","Permasalahan pendidikan Indonesia itu beda antara yang di jawa dan di pulau lain emang maka kebijakan pendidikan nasional harusnya bisa mencakup semua hal itu ","1198005131595276289","","","in","","0","0","0","https://twitter.com/deansa_/status/1198005131595276289","145954520","deansa_"
"1197929078839373824","Fri Nov 22 17:25:23 +0000 2019","0","Ganti ndoro ganti kebijakan.. Ganti kebijakan bikin murid dan wali murid serta guru kelabakan... Hoola yuuuung biyung gumun jan gumun yah... Pendidikan selalu jadi uji Coba mbok ya jadi ndoro mikir dulu sebelum bertindak","1197929078839373824","","","in","","0","1","0","https://twitter.com/BOCAH_LENGOOOB/status/1197929078839373824","1114332927142191104","BOCAH_LENGOOOB"
"1197926479016804352","Fri Nov 22 17:15:03 +0000 2019","1","Kebijakan pendidikan adalah suatu penilaian terhadap sistem nilai dan faktor-faktor kebutuhan situasional yang dioprasikan dalam sebuah lembaga sebagai perencanaan umum untuk panduan dalam mengambil keputusan. #analisiskebijakanpendidikan #tugaskuliah","1197926479016804352","","","in","","0","0","0","https://twitter.com/Yulindadede1/status/1197926479016804352","1197915603610128385","Yulindadede1"
"1197721779726274561","Fri Nov 22 03:41:39 +0000 2019","1","hai @BKNgoid saya dapat kabar @bkdwonogirikab tiba2 merubah kebijakan alokasi formasi di tengah jalan. Permasalahannya pendidikan saya S1 Kimia &amp; saya sudah daftar 3 hari yang lalu di formasi (sesuai gambar). Apa saya bisa mencabut pendaftaran saya / mungkin ada solusi lain? thx https://t.co/TQ3WKVYSKo","1197721779726274561","https://pbs.twimg.com/media/EJ8pjQKUcAAIpGW.jpg","","in","Surabaya, Indonesia","0","0","0","https://twitter.com/nizar_ardian/status/1197721779726274561","93269983","nizar_ardian"
"1197721627749830656","Fri Nov 22 03:41:03 +0000 2019","0","Salam Keadilan ; Sosial Pendidikan dan Kesehatan.... Dengarlah suara dan keinginan baik kami ; Jangan kau jauhkan kami; Sesungguhnya kebenaran dan kebijakan itu dari bawah bukan dari atas datangnya ...maaf dan salam !!!","1197721627749830656","","","in","","0","0","0","https://twitter.com/Ardians02812366/status/1197721627749830656","1192297716476346368","Ardians02812366"
"1197698364957216768","Fri Nov 22 02:08:37 +0000 2019","0","5 Kebijakan Mendikbud Nadiem untuk Kembangkan Pendidikan https://t.co/8iaDqtExEZ https://t.co/w4L4j0Wqpm","1197698364957216768","https://pbs.twimg.com/media/EJ8UUM0W4AAuZr9.jpg","","in","Bandung, Indonesia","0","0","0","https://twitter.com/mcdens13/status/1197698364957216768","155874172","mcdens13"
"1197197777597386752","Wed Nov 20 16:59:27 +0000 2019","0","Analisis Kebijakan Pendidikan merupakan sebagai suatu metode menggunakan argumentasi rasional dan fakta-fakta untuk menjelaskan menilai dan membuahkan pemikiran dalam rangka upaya memecahkan masalah public untuk menghasilkan dan mendayagunakan informasi kebijakan pendidikan.","1197197777597386752","","","in","","0","0","0","https://twitter.com/Nurryana19/status/1197197777597386752","1197179505292410883","Nurryana19"
"1197081395987918848","Wed Nov 20 09:17:00 +0000 2019","0","Literasi adalah salah satu istilah dalam pendidikan yang beberapa tahun ini sering menjadi bagian dari percakapan berbagai pemangku kepentingan. Pengambil kebijakan penggerak komunitas dan guru di lapangan semua https://t.co/bVvXDP16kQ","1197081395987918848","","","in","Serpong","0","0","0","https://twitter.com/KampusGuruCikal/status/1197081395987918848","2804980657","KampusGuruCikal"
"1197068748617703425","Wed Nov 20 08:26:44 +0000 2019","0","teruslah belajar dan mengukir prestasi NAK..walaupun kebijakan trus berganti ..dan tak berpihak kepada kita...semoga kau bisa mendapat pendidikan berkualitas dan gratis.. karna anak buruhpun mempunyai cita jadi dokter jadi DPR..semoga terwujud....meskipun aku terPHK... https://t.co/lyFHG3OIpl","1197068748617703425","https://pbs.twimg.com/media/EJzXrdnUEAAhjpj.jpg","","in","","0","0","0","https://twitter.com/Aynunrilgiacah1/status/1197068748617703425","1172551825477623808","Aynunrilgiacah1"
"1197050784505950209","Wed Nov 20 07:15:21 +0000 2019","5","Arahan Presiden Untuk Menciptakan SDM Unggul Meningkatkan Investasi dan Inovasi. Kebijakan pemerintah harus kondusif untuk menggerakkan sektor swasta agar meningkatkan investasi di sektor pendidikan. #MasMenteri #NadiemMakarim #MenteriPendidikan #MenteriMilenial #Kemendikbud https://t.co/jLCfXT0X2u","1197050784505950209","https://pbs.twimg.com/media/EJzHVvoVAAAt5_G.jpg","","in","","0","0","1","https://twitter.com/MasMenteri/status/1197050784505950209","891564038781415424","MasMenteri"
"1196959080004255744","Wed Nov 20 01:10:57 +0000 2019","0","Sedangkan @Kemdikbud_RI saja tidak bisa mengakomodir lulusan Sarjana Pendidikan Teknik untuk di SMK apalagi di Kementrian/Lembaga??tolong min..dampaikan kepada Bapak2 yang memangku kebijakan penerimaan CPNS agar mengakomodir lulusan S.Pd Teknik.....","1196959080004255744","","","in","","0","0","0","https://twitter.com/Wiejaya14/status/1196959080004255744","1117969084082049024","Wiejaya14"
"1196812524353511426","Tue Nov 19 15:28:36 +0000 2019","23","Kita dukung instruksi wapres bhw penanganan terorisme dimulai dr hulu sampai hilir dimulai dr dunia pendidikan. Masalah selanjutnya. Apakah birokrat di level pelaksana kebijakan punya visi yg sama? Semoga tdk terjadi lagi dagelan2 garing spt sebelumnya. https://t.co/pXx85QRZyU","1196812524353511426","https://pbs.twimg.com/media/EJvuolfUwAIzmib.jpg","","in","Belfast, Northern Ireland","0","4","7","https://twitter.com/AhlulQohwah/status/1196812524353511426","1618934034","AhlulQohwah"
"1196734405588340737","Tue Nov 19 10:18:11 +0000 2019","7","Anggaran pendidikan sebagian besar jatuh dan dibelanjakan di daerah tingkat II krn kewenangan pendidikan mrp otonomi daerah. Hanya kebijakan nasional saja yg merupakan kewenangan Kemdikbud. Jadi dlm kasus ini mestinya Dinas Pendidikan Kabupaten yg hrs merespon cepat.","1196734405588340737","","","in","Bogor, Indonesia","0","1","8","https://twitter.com/kh_notodiputro/status/1196734405588340737","172766975","kh_notodiputro"
"1196720669267881985","Tue Nov 19 09:23:36 +0000 2019","0","Simak poin penting dari peneliti SMERU yang disampaikan pada acara Seminar Hasil Penelitian 2019 yang diselenggarakan oleh Pusat Penelitian Kebijakan Pendidikan dan Kebudayaan @Kemdikbud_RI di Bogor.","1196720669267881985","","","in","Jakarta Pusat, DKI Jakarta","0","0","0","https://twitter.com/SMERUInstitute/status/1196720669267881985","942851575","SMERUInstitute"
"1196676258966335488","Tue Nov 19 06:27:07 +0000 2019","5","5 Kebijakan Mas Menteri Nadiem Makarim Kembangkan Pendidikan di Indonesia Menteri Pendidikan dan Kebudayaan Nadiem Anwar Makarim memeiliki 5 kebijakan untuk mengembangkan pendidikan di Indonesia. #MasMenteri #NadiemMakarim #MenteriPendidikan #MenteriMilenial #Kemendikbud https://t.co/ogBIcs1HZa","1196676258966335488","https://pbs.twimg.com/media/EJtytXmUEAAniRb.jpg","","in","","0","0","3","https://twitter.com/MasMenteri/status/1196676258966335488","891564038781415424","MasMenteri"
"1196649410433695744","Tue Nov 19 04:40:26 +0000 2019","0","#MetroSiang Kemenag menyiapkan pendidikan dan pelatihan bagi tenaga Kantor Urusan Agama (KUA) menyusul rencana kebijakan pelatihan dan sertifikat Pranikah. @Metro_TV https://t.co/33hipGakQ7 https://t.co/1zXtzcRtxh","1196649410433695744","https://pbs.twimg.com/media/EJtaSyhU0AAKjgb.png","","in","","0","0","0","https://twitter.com/MetroTVToday/status/1196649410433695744","2895296804","MetroTVToday"
"1196626574860333056","Tue Nov 19 03:09:42 +0000 2019","1","Berangkat dari hal kecil~ Bila mana hal kecil saja anda butuh kebijakan untuk melakukannya. Apalah arti pendidikan? Pendidikan berguna menumbuhkan manusia yang berkarakter serta ber- akhlak. Bukan manusia tak mempunyai kepekaan terhadap lingkup sekitarnya https://t.co/7HVlrdfiiS","1196626574860333056","https://pbs.twimg.com/media/EJtFhBoUYAEpQt6.jpg","","in","","0","0","0","https://twitter.com/l_neldi/status/1196626574860333056","1167058950891556865","l_neldi"
"1196538205715062784","Mon Nov 18 21:18:33 +0000 2019","0","Lima Kebijakan Mendikbud Nadiem Makarim untuk Kembangkan Pendidikan di Indonesia - https://t.co/5ItEKzKkkL https://t.co/bobjgZTiUN https://t.co/RrGtkwDE8O","1196538205715062784","https://pbs.twimg.com/media/EJr1KCbVUAADr2Q.jpg","","in","Jakarta Capital Region","0","0","0","https://twitter.com/SeknasJppi/status/1196538205715062784","856483889941889024","SeknasJppi"
"1196442194510397441","Mon Nov 18 14:57:02 +0000 2019","0","5 Kebijakan Mendikbud Nadiem untuk Kembangkan Pendidikan https://t.co/QrQMyDq3d7","1196442194510397441","","","in","","0","0","0","https://twitter.com/ahpoernomo/status/1196442194510397441","2170516704","ahpoernomo"
"1196433898705539073","Mon Nov 18 14:24:04 +0000 2019","0","-Analis kebijakan pendidikan merupakan presedur berfikir yang sudah lama dikenal dalam sejarah manusia. -Analisis kebijakan pendidikan merupakan suatu pokok hal yang pokok untuk menentukan arah dalam penyelengaraan pendidikan dalam suatu negara","1196433898705539073","","","in","","0","0","0","https://twitter.com/TaibNurain/status/1196433898705539073","1196401917133385728","TaibNurain"
"1196318266207166464","Mon Nov 18 06:44:35 +0000 2019","0","Lima Kebijakan Mendikbud Kembangkan Pendidikan https://t.co/WXI4kw61nf https://t.co/jfWDcbgANz","1196318266207166464","https://pbs.twimg.com/media/EJotH4dXkAAqTQx.jpg","","in","Sumatera Utara, Indonesia","1","0","0","https://twitter.com/SumutposO/status/1196318266207166464","1137996947040526340","SumutposO"
"1196281269967040512","Mon Nov 18 04:17:35 +0000 2019","0","5 Kebijakan Mendikbud Nadiem untuk Kembangkan Pendidikan https://t.co/kxuykJ7MPh","1196281269967040512","","","in","Jember, Jawa Timur","0","0","0","https://twitter.com/hendraguru/status/1196281269967040512","862119266438402048","hendraguru"
"1196234617793105920","Mon Nov 18 01:12:12 +0000 2019","0","5 kebijakan mendikbud untuk kembangkan pendidikan Semoga berhasil pak..!!! https://t.co/yYKmUj3LXb","1196234617793105920","","","in","kabupaten malang","0","0","0","https://twitter.com/aliskandarwis/status/1196234617793105920","570148055","aliskandarwis"
"1196230680448913408","Mon Nov 18 00:56:33 +0000 2019","0","Mendengar crita guru honorer di sebuah SMP Negeri di Kota Kupang yg belum digaji 5 bulan. Kebijakan pendidikan gratis tp tidak diimbangi dengan kesejahteraan gurunya. Guru tanpa tanda jasa kontraproduktif dgn kenyataannya. @Kemdikbud_RI","1196230680448913408","","","in","","0","0","0","https://twitter.com/putuagusindra1/status/1196230680448913408","959500207","putuagusindra1"
"1196214320700387328","Sun Nov 17 23:51:33 +0000 2019","0","Lima Kebijakan Mendikbud Nadiem Makarim untuk Kembangkan Pendidikan di Indonesia https://t.co/uckaRE0LXA https://t.co/l5I4Zntkbq","1196214320700387328","https://pbs.twimg.com/media/EJnOldWVUAExwwM.jpg","","in","Jakarta Capital Region","0","0","0","https://twitter.com/rancahdotcom/status/1196214320700387328","484657511","rancahdotcom"
"1196174943949508608","Sun Nov 17 21:15:05 +0000 2019","0","5 Kebijakan Mendikbud Nadiem untuk Kembangkan Pendidikan - Tempo https://t.co/eDKwOHPU0e https://t.co/XHgohopAUm","1196174943949508608","https://pbs.twimg.com/media/EJmqxaXU8AA_JvJ.jpg","","in","Jakarta Capital Region","0","0","0","https://twitter.com/SeknasJppi/status/1196174943949508608","856483889941889024","SeknasJppi"
"1196156812464013314","Sun Nov 17 20:03:02 +0000 2019","15","Ini Dia 5 Kebijakan Mendikbud Nadiem untuk Kembangkan Pendidikan https://t.co/dJAfImJIrE https://t.co/8ElQ3mlWk9","1196156812464013314","https://pbs.twimg.com/media/EJmaSDNU4AA7dE8.jpg","","in","","0","0","3","https://twitter.com/makLambeTurah/status/1196156812464013314","811921004909867008","makLambeTurah"
"1196111895817641984","Sun Nov 17 17:04:33 +0000 2019","0","Ini Lima Kebijakan Nadiem untuk Pendidikan di Indonesia https://t.co/FdQyxlDg7O https://t.co/csE3obcr2m","1196111895817641984","https://pbs.twimg.com/media/EJlxbjOU4AEuDTn.jpg","","in","","0","0","0","https://twitter.com/kabpelalawan1/status/1196111895817641984","1185524025319051264","kabpelalawan1"
"1196095877108006912","Sun Nov 17 16:00:54 +0000 2019","0","Kadang masih suka mikir sama masalah pendidikan indonesia sampe sekarang masih bingung harus berbuat apa sebagai mahasiswa yang katanya agent of change. Kalau demo atau audiensi belum tentu diterima atau ditindaklanjuti tapi hati suka greget sama kebijakan pemerintah.","1196095877108006912","","","in","Tangerang, Indonesia","0","0","0","https://twitter.com/fahrulalpiann/status/1196095877108006912","626201943","fahrulalpiann"
"1196074521901449217","Sun Nov 17 14:36:02 +0000 2019","0","Ini Lima Kebijakan Nadiem untuk Pendidikan di Indonesia https://t.co/MbuHq9Jex0 ..","1196074521901449217","","","in","Kota Padang","0","0","0","https://twitter.com/GoSumbarcom/status/1196074521901449217","585858346","GoSumbarcom"
"1196073646055288833","Sun Nov 17 14:32:33 +0000 2019","0","Ini Lima Kebijakan Nadiem untuk Pendidikan di Indonesia https://t.co/4skJ3HXq7t .. #GoRiau","1196073646055288833","","","in","Pekanbaru Riau","0","0","0","https://twitter.com/GoRiauCom/status/1196073646055288833","1632918924","GoRiauCom"
"1196073262326771712","Sun Nov 17 14:31:02 +0000 2019","0","Ini Lima Kebijakan Nadiem untuk Pendidikan di Indonesia https://t.co/bAtFky9pTt .. ... #GoAceh","1196073262326771712","","","in","Lhokseumawe","0","0","1","https://twitter.com/GoAcehco/status/1196073262326771712","3627094934","GoAcehco"
"1196073144248721410","Sun Nov 17 14:30:34 +0000 2019","0","Ini Lima Kebijakan Nadiem untuk Pendidikan di Indonesia https://t.co/8RL6J6IcRU .. #GoSumut","1196073144248721410","","","in","Medan Kota, Indonesia","0","0","0","https://twitter.com/GoSumutdotcom/status/1196073144248721410","3700681692","GoSumutdotcom"
"1196055395954913280","Sun Nov 17 13:20:02 +0000 2019","0","barong.. 5 Kebijakan Mendikbud Nadiem untuk Kembangkan Pendidikan - Tempo https://t.co/lJOyg2eBmY","1196055395954913280","","","in","Bali","0","0","0","https://twitter.com/taribarong/status/1196055395954913280","1242074558","taribarong"
"1195993947350286336","Sun Nov 17 09:15:52 +0000 2019","23","Ini Dia 5 Kebijakan Mendikbud Nadiem untuk Kembangkan Pendidikan https://t.co/OoASQDkNLh https://t.co/VfL3hrVuOv","1195993947350286336","https://pbs.twimg.com/media/EJkGJzxUEAETO5p.jpg","","in","","0","0","1","https://twitter.com/makLambeTurah/status/1195993947350286336","811921004909867008","makLambeTurah"
"1195991580097646592","Sun Nov 17 09:06:27 +0000 2019","0","5 Kebijakan Mendikbud Nadiem untuk Kembangkan Pendidikan https://t.co/MEOmew4aK3 lewat @po_st","1195991580097646592","","","in","Subang, Jawa Barat","0","0","0","https://twitter.com/MarzuqiBaiatur1/status/1195991580097646592","895619449901924352","MarzuqiBaiatur1"
"1195945760287645696","Sun Nov 17 06:04:23 +0000 2019","0","5 Kebijakan Mendikbud Nadiem untuk Kembangkan Pendidikan Menteri Pendidikan dan Kebudayaan Nadiem Makarim di DPR 6 November 2019. (Humas Kemendikbud) 1️⃣ Prioritaskan... https://t.co/IGq3FZBtFV","1195945760287645696","","","in","Palu Sulawesi Tengah","0","0","0","https://twitter.com/NdeseRizal/status/1195945760287645696","2306198178","NdeseRizal"
"1195940324083785729","Sun Nov 17 05:42:47 +0000 2019","0","5 Kebijakan Mendikbud Nadiem untuk Kembangkan Pendidikan https://t.co/pgGk9XOlPG","1195940324083785729","","","in","Central Borneo, Indonesia","0","0","0","https://twitter.com/BORNEONEWS/status/1195940324083785729","207854679","BORNEONEWS"
"1195835076774252544","Sat Nov 16 22:44:34 +0000 2019","0","Jelang Hari Guru (5) Segala kebijakan pemerintah selalu memiliki dasar hukum sehingga tidak salah kalau guru atau pendidik yang berada di jalur pendidikan nonformal tidak atau belum memiliki... https://t.co/BpcpDRosfL","1195835076774252544","","","in","","0","0","0","https://twitter.com/asta59/status/1195835076774252544","360714986","asta59"
"1195812594893742080","Sat Nov 16 21:15:14 +0000 2019","1","Kalo aku jd Menteri Pendidikan kebijakan pertamaku adalah semua sekolah wajib menggunakan rekaman suara Pak Karni Ilyas 'Kita rehat sejenak' beserta bunyi nafasnya sebagai penanda jam istirahat dimulai.","1195812594893742080","","","in","Central Java, Indonesia","0","0","0","https://twitter.com/Gpp_pengalaman/status/1195812594893742080","765624624390426624","Gpp_pengalaman"
"1195689202123329537","Sat Nov 16 13:04:55 +0000 2019","0","Pada bingung sama kebijakan pernikahan 2020 gara2 ada Pendidikan Pra-Nikah .. Ndak usah kaget.. Di kami sudah ada sejak dahulu euy.. wkwkwkwkwk santuy ","1195689202123329537","","","in","","0","0","0","https://twitter.com/Hyde_Cornel/status/1195689202123329537","824510105156669440","Hyde_Cornel"
"1195588685531508736","Sat Nov 16 06:25:30 +0000 2019","2","Indeks ini mengukur kontribusi kesehatan dan pendidikan untuk melihat produktivitas generasi pekerja masa depan. Rendahnya nilai indeks yang dicapai Indonesia menegaskan pemerintah belum punya kebijakan yang tepat dan reponsif terhadap permasalahan utama. https://t.co/hB0XqGphzR","1195588685531508736","","","in","","0","0","4","https://twitter.com/kawanhukumid/status/1195588685531508736","1116682602788687873","kawanhukumid"
"1195530160293834753","Sat Nov 16 02:32:56 +0000 2019","0","Seminar Dilema Penguasaan Teknologi dalam Pendidikan di Era Revolusi Industri 4.0 dan Solusi Kebijakan Guna Mewujudkan Suistanble Development Goals. Dilaksanakan di GPLA FIK UNY #FlashNews #NORI Reporter : @VincentiusK_ https://t.co/p59Ij3eqRt","1195530160293834753","https://pbs.twimg.com/media/EJdgVbuUUAAwew6.png","","in","Jl. Magelang Km.6 Yogyakarta","0","0","0","https://twitter.com/mmtcradiojogja/status/1195530160293834753","122918118","mmtcradiojogja"
"1195155809438773248","Fri Nov 15 01:45:24 +0000 2019","0","Kebijakan ini jangan dilihat sertifikatnya tapi muatannya. Pendidikan pra... https://t.co/0xRWFIY7Ir","1195155809438773248","","","in","","0","1","0","https://twitter.com/iaridlo/status/1195155809438773248","42561847","iaridlo"
"1195002879859314689","Thu Nov 14 15:37:43 +0000 2019","0","Min saya mau tanya utk persyaratan khusus poin 2 di situ bagi lulusan S2 hrs sesuai/memiliki kaitan dgn bdg pendidikan pasca sarjana nya.Yg sy tnyakan S1 sy pendidikan keguruan jurusan ekonomi sementara S2 sy manajemen keuangan apakah bs melamar formasi analisis kebijakan?","1195002879859314689","","","in","","0","0","0","https://twitter.com/Triatmasari2/status/1195002879859314689","1194999121595121664","Triatmasari2"
"1194961955246804992","Thu Nov 14 12:55:06 +0000 2019","0","Menkeu Sri Mulyani menanti kebijakan Mendikbud Nadiem Makarim dalam memanfaatkan dana pendidikan. https://t.co/Kr2PzOYgQU","1194961955246804992","","","in","Jakarta","0","0","0","https://twitter.com/KATADATAcoid/status/1194961955246804992","552523769","KATADATAcoid"
"1194932284337451013","Thu Nov 14 10:57:12 +0000 2019","0","Kami mempunyai kebijakan untuk peningkatan SDM yang berkualitas. Penguatan daripada misi ini diwujudkan dengan ditambahnya anggaran pendidikan dan kesehatan. #FMB9 #TransformasiSDMUnggul https://t.co/GKexbTifGX","1194932284337451013","https://pbs.twimg.com/media/EJVARFuVAAAguj0.jpg","","in","Jl. Medan Merdeka Barat 9","0","0","0","https://twitter.com/FMB9ID_/status/1194932284337451013","902385054336167937","FMB9ID_"
"1194882816611241985","Thu Nov 14 07:40:37 +0000 2019","4","Inilah ciri gubernur yg tdk perlu dibiarkan lagi menjabat masa lebih mentingin formula E dr pada kepentingan pendidikan yg lbh besar CC @aniesbaswedan kebijakan apa itu?amit kok ada ya manusia somplaknya kayak gt..... https://t.co/QhS4LrTuMx","1194882816611241985","","","in","","0","1","1","https://twitter.com/devy215/status/1194882816611241985","1186537548404781058","devy215"
"1194826736396955648","Thu Nov 14 03:57:47 +0000 2019","0","Data Harus Akurat Agar Kebijakan Pendidikan Tidak Keliru - https://t.co/56FPXND8bp","1194826736396955648","","","in","Jakarta","0","0","0","https://twitter.com/kalderanews/status/1194826736396955648","817669043792420864","kalderanews"
"1194821478992109568","Thu Nov 14 03:36:53 +0000 2019","0","Harus ada keberanian buat terobosan kebijakan sbg daya ungkit IPM jika tidak anggaran pendidikan dan kesehatan akan mjd ritual birokratis yg hanya melahirkan angka2 koruptif... Cc. @EmilDardak @KhofifahIP @JatimPemprov https://t.co/LzAVipHuZt","1194821478992109568","","","in","","0","0","0","https://twitter.com/paknas01/status/1194821478992109568","2287761301","paknas01"
"1194762924134260736","Wed Nov 13 23:44:13 +0000 2019","0","KETIMPANGAN YANG DIBUDAYAKAN Diam menyaksikan berbagai isue dan silih bergantinya SITUASI DAN KONDISI penanganan PENDIDIKAN INDONESIA yang selalu ada sikon ANTAGONIS antara kebijakan pemerintah pusat dengan... https://t.co/ZnWz16Nitx","1194762924134260736","","","in","","0","0","0","https://twitter.com/PutraPa5undan/status/1194762924134260736","1953200502","PutraPa5undan"
"1194597770197229568","Wed Nov 13 12:47:57 +0000 2019","3","Diklat LPEM FEB UI kembali membuka pendaftaran pendidikan dan pelatihan yang akan diselenggarakan di bulan November dan Desember 2019. Daftar diklat yang tersedia antara lain #diklat #monev #stata #kebijakan #policybrief #policypaper","1194597770197229568","","","in","Jakarta, Indonesia","0","1","2","https://twitter.com/LPEMFEBUI/status/1194597770197229568","1569883093","LPEMFEBUI"
"1194576237944926209","Wed Nov 13 11:22:23 +0000 2019","0","Kabid Pendidikan Islam Dr. Najaruddin Toatubun menyampaikan materi Kebijakan Peningkatan Mutu Pendidikan Madrasah di kegiatan Sosialisasi dan Bimbingan Teknis e-RKAM dengan moderator Abdul Haris Mzen dan didampingi Kasi Pendidikan Madrasah Tingkat Menengah Hamzah Rabu (13/11). https://t.co/ZpffnlXt69","1194576237944926209","https://pbs.twimg.com/media/EJP8wFxUUAAIzWg.jpg","","in","Jayapura, Papua","0","0","0","https://twitter.com/kemenag_papua/status/1194576237944926209","2831210114","kemenag_papua"
"1194545474759352321","Wed Nov 13 09:20:09 +0000 2019","1","Berikutnya @BKNgoid beserta BKD Prop dan Kab/Kota memastikan kebijakan TIDAK DIPERSYARATKAN STR bagi lulusan pendidikan S-1 Kesmas dalam persyaratan seleksi CPNS PPPK maupun Non PNS/BLUD baik di tingkat Kementerian maupun Pemprov dan PemKab/Kota. @kempanrb @KemenkesRI","1194545474759352321","","","in","Indonesia","0","0","4","https://twitter.com/persakmi_id/status/1194545474759352321","723402260","persakmi_id"
"1194478569742692353","Wed Nov 13 04:54:18 +0000 2019","39","Pinker menolak blank slate. Ide tiap anak lahir layaknya kertas putih ga ada preferensi. Data genetika molekuler sepakat dgn Pinker. Jangan terjebak dua kutub. 1. Bikin kebijakan diskriminatif ke pendidikan anak. 2. Menolak perbedaan karena ideologi kirinya ga divalidasi sains.","1194478569742692353","","","in","Milky way, Sol, Earth, Cinere","2","3","17","https://twitter.com/kamentrader/status/1194478569742692353","75786723","kamentrader"
"1194471279044284416","Wed Nov 13 04:25:19 +0000 2019","1","Kebijakan zonasi yang diterapkan sejak tahun 2016 menjadi pendekatan baru yang dipilih pemerintah untuk mewujudkan pemerataan akses pada layanan dan kualitas pendidikan di seluruh Indonesia. Zonasi tidak hanya https://t.co/FqFaiCwFzv","1194471279044284416","","","in","Cimahi, Indonesia","0","1","0","https://twitter.com/bmti_kemdikbud/status/1194471279044284416","277343439","bmti_kemdikbud"
"1194430951507423232","Wed Nov 13 01:45:04 +0000 2019","0","BPJS naik amat sangat memberatkan bagi honorer kita kerja cuma buat bayar BPJS Kapan ada kebijakan yg berfihak kepada honorer sudah 10 tahun lebih saya mengabdi di dunia pendidikan nasib semakin buruk premi BPJS Dinaikan.","1194430951507423232","","","in","Kebumen, Indonesia","0","0","0","https://twitter.com/Sutaryo95493876/status/1194430951507423232","1083704664728588288","Sutaryo95493876"
"1194337503949414400","Tue Nov 12 19:33:45 +0000 2019","0","Thats why.. menerapkan suatu kebijakan atau apapun itu di satu negara dgn negara lain tidak bisa disamaratakan salah satu faktornya adalah tingkat pendidikan atau kepahaman akan aturan. Di SG bisa berjalan baik tapi di Indo? Belum tentu gaya hidup disini masih terbilang buruk.","1194337503949414400","","","in","","0","0","0","https://twitter.com/galuhanjasmara_/status/1194337503949414400","239301391","galuhanjasmara_"
"1194264837561257985","Tue Nov 12 14:45:00 +0000 2019","90","Kementerian agama kembali mengeluarkan kebijakan kontroversial. Dengan dalih mencegah paham radikalisme Kemenag akan merevisi buku pendidikan agama Islam. #tvOneNews https://t.co/JbHZiFf1Jo","1194264837561257985","https://pbs.twimg.com/amplify_video_thumb/1194217266780364800/img/xAW6SfiR689PDG5s.jpg","","in","Pulo Gadung, Indonesia","11","30","17","https://twitter.com/tvOneNews/status/1194264837561257985","55507370","tvOneNews"
"1194157901864005633","Tue Nov 12 07:40:04 +0000 2019","0","Kebijakan publik karo kebijakan pendidikan ki mbok podo neh.","1194157901864005633","","","in","indonesia","0","1","0","https://twitter.com/sheebaiqq/status/1194157901864005633","554898870","sheebaiqq"
"1194057106166562819","Tue Nov 12 00:59:33 +0000 2019","1","Pemprov DKI Jakarta menyediakan makanan tambahan bagi anak sekolah melalui program Penyediaan Makanan Tambahan Anak Sekolah (PMTAS). Kebijakan ini ditetapkan lewat Pergub Nomor 9 Tahun 2019 ttg Penyediaan Makanan Tambahan Anak Sekolah Pada Satuan Pendidikan @aniesbaswedan https://t.co/sdXAcJ6he2","1194057106166562819","https://pbs.twimg.com/media/EJIkmFDXkAApLT_.jpg","","in","Jakarta Selatan, DKI Jakarta","0","0","0","https://twitter.com/kebijakananies/status/1194057106166562819","977751401051799552","kebijakananies"
"1193854230127185921","Mon Nov 11 11:33:23 +0000 2019","11","1. Kepala BNPB Doni Monardo hadir memberi materi Kebijakan Dalam Penanggulangan Bencana kepada 70 perwira Tentara Nasional Indonesia (TNI) yang menjadi peserta pada pelatihan Komando Pembina Doktrin Pendidikan dan Latihan (Kodiklat) di Pusdiklat) https://t.co/oc1p5sCNDW","1193854230127185921","https://pbs.twimg.com/media/EJFsFvVU4AA6fl6.jpg","","in","Graha BNPB & INA DRTG","0","1","5","https://twitter.com/BNPB_Indonesia/status/1193854230127185921","346303384","BNPB_Indonesia"
"1193707721809285121","Mon Nov 11 01:51:13 +0000 2019","9","Klo pembuat kebijakan mau berpikir agak keras sedikit sebenarnya ada jalan u/ memberantas radikalisme namun ttp menghargai kebebasan berpakaian orang &amp; tidak mengganggu produktifitas serta aturan2 formal kependudukan dan pendidikan. Saat ini cadar hny jd scapegoat kelihatannya","1193707721809285121","","","in","ÜT: -6.382582,106.805115","0","1","4","https://twitter.com/laksonomics/status/1193707721809285121","141758324","laksonomics"
"1193535218021474304","Sun Nov 10 14:25:45 +0000 2019","5","Bidikmisi adalah salah satu kebijakan yang paling berhasil dari kemeristekdikti. Semoga dilanjutkan atau bahkan diperluas. Pendidikan masih jadi kunci utama untuk lepas dari kemiskinan.","1193535218021474304","","","in","Bandung, Indonesia","0","0","0","https://twitter.com/yudiwbs/status/1193535218021474304","14897485","yudiwbs"
"1193305298150150144","Sat Nov 09 23:12:08 +0000 2019","0","Sebuah kebijakan luar biasa! Andai semua institusi pendidikan di Indonesia bisa menerapkan kebijakan seperti ini","1193305298150150144","","","in","ÜT: 0.7356528,124.310648","0","0","0","https://twitter.com/titi_keke/status/1193305298150150144","97909370","titi_keke"
"1192797940890292229","Fri Nov 08 13:36:04 +0000 2019","0","OPINI: Kebijakan Pendidikan Sekuler Makin Merusak Generasi https://t.co/AxXAuuSUmP","1192797940890292229","","","in","Kota Palopo, Sulawesi Selatan","0","0","0","https://twitter.com/TEKAPEdotco/status/1192797940890292229","794740667389857793","TEKAPEdotco"
"1192650084090929154","Fri Nov 08 03:48:33 +0000 2019","0","Setuju!! jgn dijadikan coba coba pendidikan menyangkut masa depan salah kebijakan bsa fatal jgn hanya menjadi pengagum pendidikan barat Indonesia penduduk islam terbesar dunia jgn dikesampingkan.","1192650084090929154","","","in","BORNEO , INDONESIA","0","0","0","https://twitter.com/DjAnnadwy/status/1192650084090929154","2512310868","DjAnnadwy"
"1192617641833140224","Fri Nov 08 01:39:38 +0000 2019","0","Ya jgn disamain sama baby bommer untuk quick learningnya mungkin anak saya akan merasakan impact kebijakan baru dari nadiem untuk pendidikan nanti we count on you bro","1192617641833140224","","","in","","0","0","0","https://twitter.com/suryabade/status/1192617641833140224","196536448","suryabade"
"1192597087579336704","Fri Nov 08 00:17:57 +0000 2019","0","Arah Tujuan Kebijakan Publik https://t.co/vvWPhwAPco #pendidikan","1192597087579336704","","","in","Jepara, Jawa Tengah. ","0","0","0","https://twitter.com/SoearaMoeria/status/1192597087579336704","3004945495","SoearaMoeria"
"1192594233720496128","Fri Nov 08 00:06:37 +0000 2019","0","Mengulas Kebijakan Publik yang menjadi Tonggak Pemerintahan https://t.co/g6KtiC8i2t #pendidikan","1192594233720496128","","","in","Jepara, Jawa Tengah. ","0","0","0","https://twitter.com/SoearaMoeria/status/1192594233720496128","3004945495","SoearaMoeria"
"1192594232852328454","Fri Nov 08 00:06:37 +0000 2019","0","Belajar Kebijakan Publik https://t.co/fKqJvy4RQL #pendidikan","1192594232852328454","","","in","Jepara, Jawa Tengah. ","0","0","0","https://twitter.com/SoearaMoeria/status/1192594232852328454","3004945495","SoearaMoeria"
"1192467502699184129","Thu Nov 07 15:43:02 +0000 2019","6","https://t.co/ESH02Zgy7D Fadli Zon mengkritik pemerintah yang dianggap berspekulasi soal kebijakan bidang pendidikan. Pihak Istana menyanggah tudingan Fadli.","1192467502699184129","","","in","","0","1","0","https://twitter.com/NKRI__1/status/1192467502699184129","788757130350297089","NKRI__1"
"1192416552802324480","Thu Nov 07 12:20:34 +0000 2019","0","Selepas mendengarkan wawancara Harian Kompas dengan Nadiem Makarim soal akar persoalan dan arah kebijakan pendidikan di Indonesia membuat saya makin optimistis dengan masa depan pendidikan di Indonesia.","1192416552802324480","","","in","Indiana, USA","0","1","1","https://twitter.com/szalrd/status/1192416552802324480","498726223","szalrd"
"1192399510925824001","Thu Nov 07 11:12:51 +0000 2019","2","Kabinet Indonesia Maju. Mereka melewati proses pendidikan berkualitas. Tak mungkin mengeluarkan kebijakan spontanitas. . Atau memang menuruti kemauan bagan atas ? #KabinetGakMutu","1192399510925824001","","","in","","0","0","0","https://twitter.com/rijal_jabe/status/1192399510925824001","1664196674","rijal_jabe"
"1192393361304379392","Thu Nov 07 10:48:25 +0000 2019","29","Fadli Zon : Selama Ini Pendidikan Dijadikan Arena Uji Coba Kebijakan - Telusur https://t.co/DLhd8jrUUD","1192393361304379392","","","in","Indonesia","0","3","4","https://twitter.com/fadlizon/status/1192393361304379392","79139422","fadlizon"
"1192356944469610496","Thu Nov 07 08:23:43 +0000 2019","5","24) Di tengah situasi tersebut kita dituntut lebih adaptif dan dinamis begitu juga dengan kebijakan pendidikan kita kurikulum dan perangkat pendidikan lainnya. Semuanya harus bersifat adaptif dan dinamis. @Kemdikbud_RI","1192356944469610496","","","in","Indonesia","1","0","1","https://twitter.com/fadlizon/status/1192356944469610496","79139422","fadlizon"
"1192356250236772352","Thu Nov 07 08:20:57 +0000 2019","4","21) Apalagi ia mengaku akan mendengarkan terlebih dahulu para ahli pendidikan dan juga bawahan di kementeriannya sebelum mengambil kebijakan strategis di bidang pendidikan. @Kemdikbud_RI","1192356250236772352","","","in","Indonesia","0","0","1","https://twitter.com/fadlizon/status/1192356250236772352","79139422","fadlizon"
"1192355945583501312","Thu Nov 07 08:19:44 +0000 2019","10","19) Pendidikan kita butuh konsep dan pemikiran yg matang bukan eksperimen-eksperimen spekulatif. Kita berharap penunjukkan Saudara Nadiem sbg Menteri @Kemdikbud_RI bukanlah bagian dari prinsip coba-coba asal beda atau ganti menteri ganti kebijakan.","1192355945583501312","","","in","Indonesia","1","2","2","https://twitter.com/fadlizon/status/1192355945583501312","79139422","fadlizon"
"1192355706092974080","Thu Nov 07 08:18:47 +0000 2019","13","18) Dalam Kabinet Indonesia Maju kita lihat urusan pendidikan tinggi akhirnya dimasukkan kembali ke @Kemdikbud_RI. Kebijakan asal beda yg miskin kajian semacam itu sebaiknya tidak terjadi lagi di masa kini.","1192355706092974080","","","in","Indonesia","0","1","3","https://twitter.com/fadlizon/status/1192355706092974080","79139422","fadlizon"
"1192355243931004928","Thu Nov 07 08:16:57 +0000 2019","8","16) Bisa dibayangkan sesudah dipecahnya pendidikan tinggi menjadi kementerian sendiri betapa banyaknya dapur kebijakan pendidikan di negeri kita. Sekali lagi perubahan-perubahan itu dilakukan hampir tanpa kajian apapun.","1192355243931004928","","","in","Indonesia","0","1","0","https://twitter.com/fadlizon/status/1192355243931004928","79139422","fadlizon"
"1192354803608764416","Thu Nov 07 08:15:12 +0000 2019","9","14) Pemisahan tsb telah membuat kebijakan pendidikan kita jadi kian terpecah di banyak sekali lembaga. Sebelum adanya pemisahan itupun manajemen pendidikan kita sudah tersebar di banyak sekali lembaga.","1192354803608764416","","","in","Indonesia","0","0","1","https://twitter.com/fadlizon/status/1192354803608764416","79139422","fadlizon"
"1192353542457217024","Thu Nov 07 08:10:12 +0000 2019","17","6) Selama ini Pemerintah memang cenderung menjadikan pendidikan sebagai arena uji coba kebijakan padahal semuanya dilakukan hampir tanpa kajian mendalam. Akibatnya bongkar pasang kebijakan kerap terjadi.","1192353542457217024","","","in","Indonesia","0","2","5","https://twitter.com/fadlizon/status/1192353542457217024","79139422","fadlizon"
"1192291142848565249","Thu Nov 07 04:02:14 +0000 2019","4","LD &amp; @unescojakarta mengadakan diseminasi kajian Mendukung Kebijakan Inklusi dlm Implementasi Pendidikan &amp; Pelatihan Teknis &amp; Kejuruan (TVET) di Indonesia 6/11/2019. Kebijakan yg dimaksud meliputi peningkatan keterlibatan &amp; pemenuhan HAM dari penyandang disabilitas dlm TVET. https://t.co/l9KZJ0ptyW","1192291142848565249","https://pbs.twimg.com/media/EIved5IUcAESaJD.jpg","","in","Depok, Indonesia","1","0","4","https://twitter.com/ldfebui/status/1192291142848565249","712462255929950209","ldfebui"
"1192254375093080064","Thu Nov 07 01:36:08 +0000 2019","0","Supervisi guru hr ini dg pengawas dr dinas pendidikan... Semoga ad kebijakan buat guru biar jngan terlalu membebankan administrasi dll... Jd kita bs fokus hanya untuk mengajar sj...","1192254375093080064","","","in","","0","0","0","https://twitter.com/DeniMar63748945/status/1192254375093080064","1186841506193166337","DeniMar63748945"
"1192230325130104833","Thu Nov 07 00:00:34 +0000 2019","0","Jujur saja dana 20% itu kecil. Seharusnya 40%. Dan juga terlalu banyak tuntutan. Mulai dari kebijakan yg sering gonta ganti hingga kurikulum ganti melulu tanpa kita tahu hasil dan outcomes nya. Ada nggak blue print pendidikan kita utk 30thn ke depan?","1192230325130104833","","","in","Bogor Barat, Indonesia","0","0","0","https://twitter.com/Bomart_ina/status/1192230325130104833","4847994631","Bomart_ina"
"1192075116827426816","Wed Nov 06 13:43:50 +0000 2019","5","Mengunjungi guru2 di Kaltim calon Ibu Kota Negara.Semangat dan antusiasme hrs dibangun dan ditumbuhkan.Serius mmbangun SDM serius pula tetapkan kebijakan pendidikan &amp; konsisten melaksanakannya.Persoalan guru sebaran mutu honorer mrpkn PR yg hrs dituntaskan https://t.co/q8P8NzZTnT","1192075116827426816","https://pbs.twimg.com/media/EIsZ_jzU0AEZy36.jpg","","in","","0","1","2","https://twitter.com/PBPGRI_OFFICIAL/status/1192075116827426816","2889429073","PBPGRI_OFFICIAL"
"1192048728590274561","Wed Nov 06 11:58:58 +0000 2019","7","Meski tidak secara spesifik ada prioritas kebijakan bagi Guru dan Tenaga Kependidikan kami berkeyakinan GTK termasuk honorer mendapat perhatian utama karena kualitas pendidikan itu bermula dari kelas dan guru adalah kuncinya. https://t.co/yly2Kaeru4","1192048728590274561","https://pbs.twimg.com/media/EIsB_ovUEAEoyrb.jpg","","in","","3","4","4","https://twitter.com/PBPGRI_OFFICIAL/status/1192048728590274561","2889429073","PBPGRI_OFFICIAL"
"1192036736659935232","Wed Nov 06 11:11:19 +0000 2019","0","Kebijakan pendidikan atau kurikulum yg abstrak selalu jadi fokus Kemendikbud terdahulu. Coba sekarang fokus di pemerataan sarana dan prasarana sekolah dulu. https://t.co/UCdE1r0zpJ","1192036736659935232","https://pbs.twimg.com/media/EIr3FgsU0AAhNJa.jpg","","in","","0","0","0","https://twitter.com/ALDNRALN/status/1192036736659935232","471001576","ALDNRALN"
"1191999105783996416","Wed Nov 06 08:41:47 +0000 2019","0","Literasi adalah salah satu istilah dalam pendidikan yang beberapa tahun ini sering menjadi bagian dari percakapan berbagai pemangku kepentingan. Pengambil kebijakan penggerak komunitas dan guru di lapangan semua https://t.co/WnbYJqR2wq","1191999105783996416","","","in","Serpong","0","0","0","https://twitter.com/KampusGuruCikal/status/1191999105783996416","2804980657","KampusGuruCikal"
"1191989107045462016","Wed Nov 06 08:02:03 +0000 2019","0","#kom10 Nadiem Mendikbud RI: arah kebijakan presiden untuk menciptakan SDM unggul 1. Pendidikan karakter 2. Deregulasi dan debirokratisasi 3. Meningkatkan investasi dan inovasi 4. Penciptaan lapangan kerja 5. Pemberdayaan teknologi","1191989107045462016","","","in","","0","0","0","https://twitter.com/WikiDPR3/status/1191989107045462016","3550855092","WikiDPR3"
"1191975499079266306","Wed Nov 06 07:07:59 +0000 2019","0","Data Harus Akurat Agar Kebijakan Pendidikan Tidak Keliru - https://t.co/56FPXNUJzZ","1191975499079266306","","","in","Jakarta","0","0","0","https://twitter.com/kalderanews/status/1191975499079266306","817669043792420864","kalderanews"
"1191724797115416582","Tue Nov 05 14:31:47 +0000 2019","0","Pembinaan Pegawai dan Sosialisasi Kebijakan Pengelolaan Persuratan Elektronik Permendikbud No. 2 Tahun 2019 Tentang Petunjuk Pelaksanaan Tata Naskah Dinas Elektronik di Lingkungan Kementerian Pendidikan dan https://t.co/eKg3G9mfek","1191724797115416582","","","in","Yogyakarta, Indonesia","0","0","0","https://twitter.com/b_vredeburg/status/1191724797115416582","725649567052488704","b_vredeburg"
"1191720849566523393","Tue Nov 05 14:16:06 +0000 2019","0","Nadiem Makarim masih dalam proses mempelajari dunia pendidikan belum menyusun kebijakan. Jika dilihat dengan kacamata model pembelajaran saintifik baru dalam tahap 1) Mengamati dan 2) Menanya.... https://t.co/ovDO7rWtGl","1191720849566523393","","","in","Negeri Tembakau +62","0","0","0","https://twitter.com/maarif_sn/status/1191720849566523393","290658295","maarif_sn"
"1191662393715068928","Tue Nov 05 10:23:49 +0000 2019","0","Data Harus Akurat Agar Kebijakan Pendidikan Tidak Keliru - https://t.co/sPUAsOCkSJ","1191662393715068928","","","in","Jakarta","0","0","0","https://twitter.com/kalderanews/status/1191662393715068928","817669043792420864","kalderanews"
"1191656318089584640","Tue Nov 05 09:59:40 +0000 2019","0","#kom9 Anwar H @FPD_DPR #Sulteng : Apa anggaran kesehatan sdh memenuhi amanah 5 persen dr APBN? Apa anggaran ini sudah termasuk dr Belanja Pegawai? Hak dasar rakyat ada dua pendidikan &amp; kesehatan. Saya prihatin thdp kebijakan pemerintah yg tdk berpihak ttg hak dasar rakyat.","1191656318089584640","","","in","","0","0","0","https://twitter.com/WikiDPR3/status/1191656318089584640","3550855092","WikiDPR3"
"1191623187080986624","Tue Nov 05 07:48:01 +0000 2019","0","Bapak/Ibu diminta untuk mengisi jawaban sesuai dengan keadaan nyata yang Bapak/Ibu ketahui terkait dengan kebijakan Zonasi yang diterapkan pada pada dunia pendidikan dengan memilih pada salah satu kotak pilihan jawaban yang paling sesuai. https://t.co/RAqm3ZKHGZ","1191623187080986624","","","in","Kandangan, Indonesia","0","0","0","https://twitter.com/santuy_1st/status/1191623187080986624","97432402","santuy_1st"
"1191622660876189705","Tue Nov 05 07:45:56 +0000 2019","0","Mendikbud Diminta Buat Kebijakan Revolusioner untuk Guru https://t.co/qS1kSjCjPS #BeritaTerkini #BeritaNasional #Kemendikbud #Mendikbud #NadiemMakarim #PGRI #Pendidikan #Guru #KebijakanRevolusioner #Nasional #NewsUpdate #news #Berita","1191622660876189705","","","in","","0","0","0","https://twitter.com/media_arahkita/status/1191622660876189705","1153912473298206721","media_arahkita"
"1191571389540515842","Tue Nov 05 04:22:12 +0000 2019","0","Selamat Siang Hari ini kami melakukan konsolidasi masyarakat sipil untuk membangun dialog kebijakan dengan kabinet Indonesia Maju yang diikuti oleh 20 organisasi masyarakat sipil yang bergerak di isu anak perempuan pendidikan kesehatan disabilitas perdamaian dll","1191571389540515842","","","in","Jakarta","0","0","2","https://twitter.com/womencoalition/status/1191571389540515842","120004442","womencoalition"
"1191537003722002433","Tue Nov 05 02:05:34 +0000 2019","0","Kawan kami para pelaksana ini sedang berharap dan menunggu.. Menunggu lahirnya kebijakan pendidikan yang mampu mengakselerasi pembangunan kapasitas sekolah dalam menjalankan Manajemen Berbasis Sekolah. Kebijakan... https://t.co/8btyrckpHP","1191537003722002433","","","in","Bandar Lampung, Lampung","0","0","0","https://twitter.com/syahrul_rfk/status/1191537003722002433","231099653","syahrul_rfk"
"1191482524234465280","Mon Nov 04 22:29:05 +0000 2019","264","Pagi ini saya meminta fellow peneliti dan klinisi diberbagai pusat penelitian pusat pendidikan dan pusat layanan kesehatan di seluruh Indonesia untuk mulai pertimbangkan puasa sebagai opsi terapi. Jadikan puasa sebagai budaya dan bagian dari kebijakan kesehatan nasional kita.","1191482524234465280","","","in","Menteng, Indonesia","5","9","67","https://twitter.com/dr_koko28/status/1191482524234465280","1052703629528854530","dr_koko28"
"1191385901340823552","Mon Nov 04 16:05:08 +0000 2019","2","Ayo diisi kuesionernya. Siapa tahu hasilnya nanti bisa dipertimbangkan oleh Mendiknas @Kemdikbud_RI untuk/saat membuat kebijakan dan/atau program pendidikan.","1191385901340823552","","","in","Jakarta","0","2","0","https://twitter.com/JinKasur/status/1191385901340823552","261405654","JinKasur"
"1191313022741909504","Mon Nov 04 11:15:32 +0000 2019","3","Nadiem tak menyampaikan kebijakan Kemendikbud terkait persoalan yang disampaikan para guru dan praktisi pendidikan. https://t.co/sXe1xDMBwM","1191313022741909504","","","in","","0","0","0","https://twitter.com/kumparan/status/1191313022741909504","759692754985242625","kumparan"
"1191278773301211136","Mon Nov 04 08:59:27 +0000 2019","4","Update informasi terkait program kebijakan dan pengembangan Pendidikan Tinggi Keagamaan Islam (PTKI) ikuti media sosial kami di: Instagram: @ptki_kemenagri YouTube: Diktis TV Twitter: @ptki_kemenag Website: https://t.co/1RxvZyZY4k #ptki #uin #iain #stais #stain #kemenagri","1191278773301211136","","","in","Jakarta Capital Region","0","1","0","https://twitter.com/diktiskemenag/status/1191278773301211136","1191269674995965952","diktiskemenag"
"1190984289791307776","Sun Nov 03 13:29:16 +0000 2019","4","Wamen dari ASN karir itu baru hebat ! Sebab bisa mendampingi sisi kelemanhannya menteri yakni teknis pendidikan. Tanpa Wamen diyakini Mendikbud buat kebijakan yang tdk di dasari oleh data yg valid yg pada akhirnya visi misi presiden hanya dialam khayal.","1190984289791307776","","","in","I Tambun Selatan I Kab Bekasi ","0","0","1","https://twitter.com/SudionoTambun/status/1190984289791307776","1656405156","SudionoTambun"
"1190921420445896704","Sun Nov 03 09:19:27 +0000 2019","0","Penyebab laju pertumbuhan ekonomi indonesia mandeg : 1. Pengangguran 2. Pendidikan 3. Tidak bisa menabung 4. Kebijakan pemerintah 4. Pesta adat pernikahan ","1190921420445896704","","","in","Brebes, Jawa Tengah","0","1","0","https://twitter.com/Apiprksdmrta/status/1190921420445896704","406875501","Apiprksdmrta"
"1190563405326733313","Sat Nov 02 09:36:50 +0000 2019","8","Mun memang macett ttos ngaganggu pisan naha sih teu demo? Demo teh kanu urusan sapopoe heula.. biaya pendidikan macet dll. Skala kota heula. Teu kudu nasional. Iyeu mah RAA RUU. Nu nyieun kebijakan lamtas dll mah hees mun teu didemo.","1190563405326733313","","","in","bersama Warga Bdg & Bobotoh","1","6","15","https://twitter.com/DADARSORADAYEAH/status/1190563405326733313","148599691","DADARSORADAYEAH"
"1190458526814085120","Sat Nov 02 02:40:05 +0000 2019","0","Pentingnya Aspek-aspek Kebijakan Publik https://t.co/j0zPL2kbzB #pendidikan","1190458526814085120","","","in","Jepara, Jawa Tengah. ","0","0","0","https://twitter.com/SoearaMoeria/status/1190458526814085120","3004945495","SoearaMoeria"
"1190457002155290624","Sat Nov 02 02:34:01 +0000 2019","0","Mempelajari Kebijakan Publik https://t.co/3cliEhWhk1 #pendidikan","1190457002155290624","","","in","Jepara, Jawa Tengah. ","0","0","0","https://twitter.com/SoearaMoeria/status/1190457002155290624","3004945495","SoearaMoeria"
"1190226043891679233","Fri Nov 01 11:16:16 +0000 2019","7","Bekerja di institusi pendidikan mengizinkan saya mengalami hal baru termasuk bertemu dan bicara kepada dua orang ini Dr. Tamas dan Prof. Fuhr. Bicara mengenai kriminologi dan kebijakan publik serta governansi bersama Dr. Tamas membuat saya ingin kuliah lagi https://t.co/eHzz30rfkk","1190226043891679233","https://pbs.twimg.com/media/EISIQ2eWsAU41fW.jpg","","in","","0","4","0","https://twitter.com/rijalram/status/1190226043891679233","100397036","rijalram"
"1190195545022713857","Fri Nov 01 09:15:05 +0000 2019","18"," Ini pendidikan politik yang baik dari anggota DPRD yang kebetulan dari PSI melibatkan rakyat dalam proses pembuatan kebijakan.... https://t.co/ZWBglxDSjV","1190195545022713857","","","in","Jakarta","0","1","1","https://twitter.com/kompascom/status/1190195545022713857","23343960","kompascom"
"1190190121913503745","Fri Nov 01 08:53:32 +0000 2019","18"," Ini pendidikan politik yang baik dari anggota DPRD yang kebetulan dari PSI melibatkan rakyat dalam proses pembuatan kebijakan.... https://t.co/IcXItjGerx","1190190121913503745","","","in","Jakarta","0","3","5","https://twitter.com/kompascom/status/1190190121913503745","23343960","kompascom"
"1190096843155181568","Fri Nov 01 02:42:52 +0000 2019","0","Kakanwil Kemenag Provinsi Papua Pdt. Amsal Yowei menyampaikan materi Kebijakan Kementerian Agama di Bidang Pendidikan Keagamaan. Materi ini disampaikan pada kegiatan yang diselenggarakan oleh Bidang Pendidikan Agama Kristen Kanwil Kemenag Papua. (Kamis 31/10). **(JB)** https://t.co/ah6bYBr9j3","1190096843155181568","https://pbs.twimg.com/media/EIQSwmBWkAA9v25.jpg","","in","Jayapura, Papua","0","0","0","https://twitter.com/kemenag_papua/status/1190096843155181568","2831210114","kemenag_papua"
"1190066708402204672","Fri Nov 01 00:43:08 +0000 2019","0","Kebijakan Pendidikan by @aab_qurani https://t.co/XmBqfrJvQd lewat @SlideShare","1190066708402204672","","","in","","0","0","0","https://twitter.com/SaifudinSoleh2/status/1190066708402204672","1189937900672049152","SaifudinSoleh2"
