"conversation_id_str","created_at","favorite_count","full_text","id_str","image_url","in_reply_to_screen_name","lang","location","quote_count","reply_count","retweet_count","tweet_url","user_id_str","username"
"1785094230299587021","Mon Apr 29 23:50:04 +0000 2024","0","Kebijakan Bahasa Inggris di SD antara Tantangan dan Keseimbangan Pendidikan https://t.co/0OS2zYuCdS #Headline","1785094230299587021","","","in","Indonesia","0","0","1","https://twitter.com/kompasiana/status/1785094230299587021","23786106","kompasiana"
"1784988018220392477","Mon Apr 29 16:48:01 +0000 2024","0","Kaga ngotak asli dahh. Tp sbnrnya ini pasti ada salah di kebijakan pendidikan skrg si (thanks to jkw and nadiem). Jaman kakak pertama gue kuliah sampe gue lulus UKT masih ngotak kok ","1784988018220392477","","","in","","0","0","0","https://twitter.com/bluefeathersy/status/1784988018220392477","1251543400806899714","bluefeathersy"
"1784942111068197288","Mon Apr 29 13:45:36 +0000 2024","33","Akan bersikukuh pendidikan tinggi tidak untuk dikomersialisasikan! Semenjak ada kebijakan PTN-BH UKT PTN melonjak tinggi. Penekanan seharusnya tidak hanya pada kampus masing-masing melainkan pemerintah sebagai pembuat kebijakan. Kita perlu bersatu untuk melawan!","1784942111068197288","","","in","Menanti mentari.","0","0","3","https://twitter.com/rafkaril/status/1784942111068197288","1187540838835838976","rafkaril"
"1784915540277895553","Mon Apr 29 12:00:01 +0000 2024","2","Terhitung tahun ajaran 2027/2028 pemerintah melalui Kemendikbud akan menjadikan bahasa Inggris sebagai mata pelajaran wajib. Kebijakan ini berlaku mulai kelas tiga sekolah dasar Madrasah Ibtidaiyah atau satuan pendidikan setara lainnya. https://t.co/ns6OyEQkD6 https://t.co/bGc81N7uvS","1784915540277895553","https://pbs.twimg.com/amplify_video_thumb/1784778547120558080/img/dB2d-wYrPRKBEuQH.jpg","","in","Indonesia","0","0","0","https://twitter.com/CNNIDdaily/status/1784915540277895553","3306771829","CNNIDdaily"
"1784876971366707320","Mon Apr 29 09:26:46 +0000 2024","0","Sepintas masa depan keberagamaan Indonesia terlihat lebih cerah. Krn akarnya mmg kuat. Tp bisa bertahan berapa lama? Bisa jd perkembangan di Indonesia maupun Malaysia jalan di tempat atau malah mundur krn kurangnya penghormatan trhdp ilmu &amp; kesalahan kebijakan pendidikan.","1784876971366707320","","","in","Selatan Jakarta","0","0","0","https://twitter.com/miftahfaridmh/status/1784876971366707320","420414709","miftahfaridmh"
"1784846568459554824","Mon Apr 29 07:25:57 +0000 2024","0","temen2 adpendku drpd penelitian soal kebijakan mbkm atau kebijakan pendidikan lainnya mending penelitian soal ini akwowkwowko kipk ini cukup meresahkan grgr org2 yang begini ni di ub kipk dipangkas hampir setengahnya","1784846568459554824","","","in","Kota Malang, Jawa Timur","0","1","0","https://twitter.com/rursamirhap/status/1784846568459554824","1099916742891958273","rursamirhap"
"1784802304291721601","Mon Apr 29 04:30:04 +0000 2024","2","Gengs menurutmu apakah sistem pendidikan kita sudah baik &amp; memadai? Pakar menilai investasi dan arah kebijakan yang komprehensif tidak satu arah merupakan kunci perbaikan kualitas pendidikan. Apakah hal itu sudah dilakukan oleh pemerintah? #Threads https://t.co/BSvJIBP4yZ","1784802304291721601","https://pbs.twimg.com/media/GMTkOzYbYAAsvfV.jpg","","in","Washington, DC","0","1","0","https://twitter.com/voaindonesia/status/1784802304291721601","75077164","voaindonesia"
"1784799216101134516","Mon Apr 29 04:17:47 +0000 2024","0","Wamendes PDTT menghadiri kegiatan Program Pendidikan Reguler Angkatan (PPRA) LXVI tahun 2024 dengan tema implementasi kebijakan IKN dalam perspektif Sistem Menejemen Nasional (Sismennas) di Jakarta pada Rabu (17/4). #KemendesPDTT #SDGsDesa #DesaBisa #MulaiDariDesa https://t.co/PEPX7YRSOh","1784799216101134516","https://pbs.twimg.com/media/GMThaFSbAAAiCV3.jpg","","in","","0","0","0","https://twitter.com/elprukun/status/1784799216101134516","1370979503346917379","elprukun"
"1784795790227218931","Mon Apr 29 04:04:10 +0000 2024","0","Tegas DPRD Jakarta Desak Pemprov Beri Fasilitas Sekolah Gratis untuk Negeri dan Swasta: Ketua Komisi E DPRD DKI Jakarta Iman Satria mendesak bahwa Dinas Pendidikan (Disdik) DKI Jakarta mengkaji kebijakan sekolah gratis baik negeri maupun swasta. https://t.co/XeSOrlE6uw https://t.co/wpHrYrvAsA","1784795790227218931","https://pbs.twimg.com/media/GMTeUDHasAAYbE8.jpg","","in","Pulo Gadung, Indonesia","0","0","1","https://twitter.com/tvOneNews/status/1784795790227218931","55507370","tvOneNews"
"1784733223358243022","Sun Apr 28 23:55:33 +0000 2024","0","Ada 2 solusi yang BISA DILAKUIN PEMANGKU KEBIJAKAN YANG SEKARANG ONGKANG2 DI ISTANA. 1. Pendidikan Tinggi Gratis 2. Perguruan Tinggi / Pemerintah menyediakan Macbook Pro buat anak DKV dari Mid-class pas-pasan yg gabisa beli Macbook Pro. Tapi Pemeerintahnya moh og.","1784733223358243022","","","in","Western Lungmen","0","1","0","https://twitter.com/Lhalilolhe/status/1784733223358243022","255397277","Lhalilolhe"
"1784561652085735452","Sun Apr 28 12:33:48 +0000 2024","1967","Lupa ya mas ardian pimpinan tertinggi kebijakan pendidikan skrg kan salah satu pelopor hubungan mitra yang mana alat produksi disediakan pekerja. Kita tenaga pendidik menuju ke arah sana. (Gambar Hanya ilustrasi) https://t.co/wifUIYHPRf","1784561652085735452","https://pbs.twimg.com/media/GMQJXLvbYAAnzgU.jpg","","in","","41","46","745","https://twitter.com/zanatul_91/status/1784561652085735452","88120377","zanatul_91"
"1784545860950598109","Sun Apr 28 11:31:03 +0000 2024","1","Kebutuhan pendidikan untuk SLB ditahan seharusnya menteri pendidikan tidak diam @nadiemmakarim Buat @ditjen_imigrasi harus evaluasi tiap kebijakan dari pemerintah yang tak layak","1784545860950598109","","","in","Indonesia","0","0","0","https://twitter.com/Bungfranks/status/1784545860950598109","914271535","Bungfranks"
"1784502159804977192","Sun Apr 28 08:37:24 +0000 2024","5","Kita tidak boleh menyalahkan dosen &amp; akademisi atas bobroknya sistem riset &amp; pendidikan tinggi. Mereka hanyalah pelaksana &amp; obyek kebijakan dari negara yang dikuasai oleh kepentingan pemodal &amp; rente yang menentang upaya perbaikan sistem. Berbeda dengan petugas Direktorat Bea Cuk-","1784502159804977192","","","in","Jakarta, Indonesia","0","0","0","https://twitter.com/lincaktravail/status/1784502159804977192","189448262","lincaktravail"
"1784487719940554788","Sun Apr 28 07:40:01 +0000 2024","2","[SERUAN KONSOLIDASI &amp; TEKNIS LAPANGAN] Hidup Mahasiswa! Hidup Rakyat Indonesia! Pada tanggal 26 April 2024 Rektor Unsoed telah berjanji untuk mencabut kebijakan kenaikan biaya pendidikan yang merugikan mahasiswa. https://t.co/QLQm75K0e0","1784487719940554788","https://pbs.twimg.com/media/GMPGHifagAAUspC.jpg","","in","Unsoed","0","1","1","https://twitter.com/BEM_Unsoed/status/1784487719940554788","297204645","BEM_Unsoed"
"1784446794711310537","Sun Apr 28 04:57:23 +0000 2024","0","Why banyak orang kunjungi dokter dan fasilitas kesehatan??? Sakit pilek batuk demam pusing dan gatal-gatal saja harus ke dokter!!! Kebijakan pembatasan obat-obatan / Harus Resep Dokter ini adalah kolonialisasi pendidikan kesehatan masyarakat secara mandiri.","1784446794711310537","","","in","East Borneo, Indonesia","0","0","0","https://twitter.com/Juniverxh/status/1784446794711310537","2160074311","Juniverxh"
"1784417259810861540","Sun Apr 28 03:00:02 +0000 2024","3","Investasi dan arah kebijakan yang komprehensif tidak satu arah dinilai merupakan kunci perbaikan kualitas pendidikan. Simak laporan pertama dari Serial Hari Pendidikan Indonesia. https://t.co/o5dOTq9fk1","1784417259810861540","","","in","Washington, DC","0","0","0","https://twitter.com/voaindonesia/status/1784417259810861540","75077164","voaindonesia"
"1784411325793517804","Sun Apr 28 02:36:27 +0000 2024","2","Tanpa mengurangi rasa hormat sm pejabat2 disana yg punya pendidikan tinggi pengalaman praktis sana-sini apa ga ada dikit aja rasa tanggung jawab buat bikin kebijakan yang tepat dan bijak? Minimal empati dulu deh sama kelas menengah-bawah yg jd korbannya mulu. Capek bgt jd wni","1784411325793517804","","","in","","0","0","1","https://twitter.com/ditareihana/status/1784411325793517804","225332499","ditareihana"
"1784404823997378711","Sun Apr 28 02:10:37 +0000 2024","1","Andai energi bully khas netizen Indonesia ini diarahkan ke kritik kebijakan ngaco dari pejabat publik. Mungkin Indonesia udah punya pendidikan gratis sampai perguruan tinggi gaji guru yang tinggi dan public transport yg mumpuni sejak 5 tahun yang lalu","1784404823997378711","","","in","United Kingdom - Indonesia","0","0","0","https://twitter.com/zicostian/status/1784404823997378711","48740425","zicostian"
"1784331462625681866","Sat Apr 27 21:19:06 +0000 2024","19","Gw kasih tau ya orang privileged gak napak tanah. Bimbel2 indo tuh kebanyakan kolab sama oknum pemerintah buat dptin bocoran soal pesen kebijakan dll yg bkin akses ke pendidikan gratis yg bagus tuh minim bgt semua dikapitalisasi bimbel. Lu bljr di bimbel indo aslinya haram","1784331462625681866","","","in","","5","1","4","https://twitter.com/mixicchi/status/1784331462625681866","1167639853078437890","mixicchi"
"1784235528256467219","Sat Apr 27 14:57:54 +0000 2024","1","Dukung lanjut Desak Anies! Masa kampanye 75 hari wajar dpt 24% itu pun yg 58% pada kebancut goyang makan gratis. Smg sih kalo 5 thn dikasih ngerti bakal sadar paham. Sambil jd oposisi ngasih pov lain dari kebijakan pemerintah bs kasih pendidikan politik sekalian ke masy.","1784235528256467219","","","in","Universe ","0","0","0","https://twitter.com/mgawtii/status/1784235528256467219","241399990","mgawtii"
"1784229447316713595","Sat Apr 27 14:33:44 +0000 2024","16","wkwk lawak. menjelang snbt malah ribut soal kebijakan les2an buat 'anak didik'nya sendiri mana narasiny ttg kesenjangan pendidikan. y'all blame everyne except your OWN incompetent government loll","1784229447316713595","","","in","njm , yjm","0","0","2","https://twitter.com/reachellia/status/1784229447316713595","1314530651685625860","reachellia"
"1784217942147948580","Sat Apr 27 13:48:01 +0000 2024","0","indonesia gak mau revisi kebijakan tentang bea cukai apa? yg lbh menguntungkan masyarakatnya. Kyk dibikin pengecualian gt lho u/ hal2 tertentu. misal: sekolah/pendidikan kesehatan prestasi dkk. dan kl mau nerapin pajak jgn gede2. jgn bikin org ngerasa kayak dirampok","1784217942147948580","","","in","","0","0","0","https://twitter.com/PikaChew89/status/1784217942147948580","1320022029496582146","PikaChew89"
"1784203115312406646","Sat Apr 27 12:49:06 +0000 2024","0","kalau pakai logika ini seharusnya pemerintah jg ga harus mewajibkan pendidikan dasar. karena sama2 hak. buktinya bisa tuh implementasi kebijakan vaksin di pandemi. kenapa payung hukum vaksin bagi anak2 tdk diperjelas juga ya? tapi ya spektrum kanan kadang suka hipokrit sih. https://t.co/ceCN2vANAW","1784203115312406646","https://pbs.twimg.com/media/GMLCQZha8AANR2P.png","","in","di pojokan","0","0","0","https://twitter.com/ultrainsthink/status/1784203115312406646","1696021858645344256","ultrainsthink"
"1784174561547964773","Sat Apr 27 10:55:38 +0000 2024","2","Yuk baca cerita Advokasi Kebijakan Merdeka Belajar yang dilakukan oleh Balai Besar Penjaminan Mutu Pendidikan/Balai Penjaminan Mutu Pendidikan (BBPMP/BPMP) kepada pemerintah daerah di buku Duta Merdeka Belajar Seri 1. Sobat bisa mengunduhnya tautan https://t.co/QnyAYDOiR4 https://t.co/mT5tEwHY4h","1784174561547964773","https://pbs.twimg.com/media/GMKpTtGboAAQFd_.jpg","","in","Jakarta Capital Region","0","0","2","https://twitter.com/PAUDDikdasmen/status/1784174561547964773","809758186479566848","PAUDDikdasmen"
"1784156256145756587","Sat Apr 27 09:42:54 +0000 2024","2","Hapus UKT. Terapkan harga ekonomian atas suatu pendidikan. Tiadakan kriteria penghasilan orang tua. Negara berikan subsidi secara merata. Kalo kebijakan kapitalis nanggung kaya gini ya jadinya boncos.","1784156256145756587","","","in","Yogyakarta, Indonesia","0","0","0","https://twitter.com/thoriqmm/status/1784156256145756587","35393709","thoriqmm"
"1784137111081464158","Sat Apr 27 08:26:49 +0000 2024","0","might be an unpopular opinion tp di tengah-tengah konflik (iran vs isrl students activists being repressed in US etc) apakah perlu consider hal2 ini buat kebijakan pendidikan kedepannya? terutama buat program exchange ke negara² tsb","1784137111081464158","","","in"," pikiran sendiri","0","1","0","https://twitter.com/gojositorus/status/1784137111081464158","1293776547195699200","gojositorus"
"1784134886972133529","Sat Apr 27 08:17:59 +0000 2024","6","ah jaman sma pernah ngomong gini ke guru gue 'les itu merusak pendidikan' yaa karna gini gini. Pemerintah udah susah susah bikin kebijakan buat pemerataan tp kalo soal aja ada eksklusifitasnya gimana mau merata?. Tetep aja yang punya duit (ikut les) yang bisa masuk kampus top","1784134886972133529","","","in","pretty pessimistic","0","1","0","https://twitter.com/callmepeb_/status/1784134886972133529","1314548041668390924","callmepeb_"
"1784124073775419846","Sat Apr 27 07:35:01 +0000 2024","6","Konsolidasi Akbar Peringatan hari Buruh Internasional 1 Mei &amp; hari Pendidikan Nasional 2 Mei 1 Mei bukanlah hari libur melainkan hari konsolidasi massa menghimpun persatuan gerakan menggugat pemilik modal memprotes kebijakan negara yg serba kapitalistik A Luta Continua! https://t.co/fBzsd4EITN","1784124073775419846","https://pbs.twimg.com/media/GMJ7XneaQAA6H-H.jpg","","in","Jl. Jomblangsari IV No. 17 SMG","0","1","2","https://twitter.com/lbhsemarang/status/1784124073775419846","2599056516","lbhsemarang"
"1784090414020211182","Sat Apr 27 05:21:16 +0000 2024","0","Tiap hari ada satu berita kebijakan baru yg menyakiti masyarakat. Kalau gak dari bea cukai pajak kemehub kemendagri kementan sektor2 yg berpengaruh besar sama rakyat. Belum lagi dari pendidikan banyak privatisasi pendidikan yg makin hak ngotak.","1784090414020211182","","","in","","0","1","0","https://twitter.com/nevanov/status/1784090414020211182","62275456","nevanov"
"1783678780206456975","Fri Apr 26 02:05:35 +0000 2024","0","Kebijakan Bahasa Inggris di SD antara Tantangan dan Keseimbangan Pendidikan https://t.co/BqeHnq4N6D","1783678780206456975","","","in","Indonesia","0","0","1","https://twitter.com/kompasiana/status/1783678780206456975","23786106","kompasiana"
"1783665613719970271","Fri Apr 26 01:13:15 +0000 2024","0","Lu yang milih menteri pendidikan dan menteri kesehatan ya kalau selama 10 tahun kamu menjabat masih komplain berarti selama ini kebijakan dibawah lu ya ****** semua","1783665613719970271","","","in","Indonesia","0","0","0","https://twitter.com/AjWidjanarko_/status/1783665613719970271","912697173061525504","AjWidjanarko_"
"1783665236035449258","Fri Apr 26 01:11:45 +0000 2024","1","hmm dapet insight menarik: pendidikan vokasi (smk/politeknik) di kalimantan itu lebih banyak peminatnya dibanding univ karena perusahaan tambang/pabrik2 itu pada narik lulusan vokasi &amp; kebijakan 70% rekrutmen perusahaan tsb wajib diisi putra daerah","1783665236035449258","","","in","Old Trafford, Manchester","0","1","0","https://twitter.com/keepinnomoney/status/1783665236035449258","1135234836929454080","keepinnomoney"
"1783660430990442785","Fri Apr 26 00:52:40 +0000 2024","1","Jangan2 sebelum dekriminalisasi perlu ada pra-kondisi yang butuh persiapan matang seperti evaluasi kebijakan TPPO - kebijakan anti prostitusi di daerah - pendidikan kesehatan reproduksi di tingkat tapak - dlsb. de-kriminalisasi/sanksi hanya ujung dari kebijakan jadi hulu-nya ","1783660430990442785","","","in","She/Her","0","0","0","https://twitter.com/gitaputrid/status/1783660430990442785","57222373","gitaputrid"
"1783592111780311398","Thu Apr 25 20:21:11 +0000 2024","0","Makanya choose your president wisely. Biar kebijakan pendidikan ganti (menjadi lebih baik)","1783592111780311398","","","in","","0","0","0","https://twitter.com/goodTea56/status/1783592111780311398","1250621600442880000","goodTea56"
"1783459262934770106","Thu Apr 25 11:33:18 +0000 2024","0","Kapolresta Padang menerima kunjungan dari Lemdiklat (Lembaga Pendidikan dan Pelatihan) Polri Rabu (24/4/2024). Tim tersebut diketuai oleh Kombes Pol Erwin Siboro S.I.K. M.H (Analis Kebijakan Madya bidang Kurikulum Lemdiklat Polri) https://t.co/EdNf6xfS37","1783459262934770106","https://pbs.twimg.com/ext_tw_video_thumb/1783459002007031808/pu/img/zHAsvc964Tj0Bl28.jpg","","in","","0","0","0","https://twitter.com/sdmpoldasumbar/status/1783459262934770106","1644696931757850625","sdmpoldasumbar"
"1783434291118326136","Thu Apr 25 09:54:04 +0000 2024","0","Bagi Mia program PPG Prajabatan jg memberikan pengalaman langsung dlm mengimplementasikan kebijakan kurikulum menjadi langkah strategis dlm merespons dinamika kebutuhan pendidikan &amp; terlibat scra aktif dlm pengembangan kurikulum yg relevan dgn perkembangan dlm dunia pendidikan https://t.co/8UUGysrwk8","1783434291118326136","https://pbs.twimg.com/media/GMAHutdacAAD3nK.jpg","","in","","0","0","0","https://twitter.com/AbianFahar/status/1783434291118326136","791745441838739456","AbianFahar"
"1783391736942956647","Thu Apr 25 07:04:58 +0000 2024","0","tp habis ini ganti menteri lagi peraturan berubah ubah lagi. Mau gimana sistem pendidikan di indo baik kalo kebijakan selalu berubah2 dlm kurun waktu yg cepat","1783391736942956647","","","in","Kediri, Jawa Timur","0","0","0","https://twitter.com/dipididipidi/status/1783391736942956647","1079576213130162177","dipididipidi"
"1783376337170055517","Thu Apr 25 06:03:46 +0000 2024","0","Masa jabatan sudah berakhir baru omongin minimnya Dokter Spesialis rintihan para Dokter tentang penghasilan financial yang tidak sebanding dengan biaya Pendidikan saja belim terjawab dengan kebijakan ditentukan Pemerintah.","1783376337170055517","","","in","Depok, Indonesia","0","0","0","https://twitter.com/keG752/status/1783376337170055517","100230795","keG752"
"1783305457412788413","Thu Apr 25 01:22:07 +0000 2024","2","[ Call For Papers FELT Indonesia 2024 Diperpanjang hingga 7 Mei 2024!] FELT Indonesia 2024 kembali hadir pada 22-23 Juli 2024 mendatang! Dengan ini kami kembali mengundang peneliti akademisi pakar pendidikan analis kebijakan dan mahasiswa untuk mengirimkan paper ... [1] https://t.co/gSykm09g3m","1783305457412788413","https://pbs.twimg.com/media/GL-S2niagAA8lGe.jpg","","in","Pasar Minggu, Jakarta Selatan","0","1","2","https://twitter.com/article_33/status/1783305457412788413","619815912","article_33"
"1783255750036615495","Wed Apr 24 22:04:36 +0000 2024","0","Tahun 70 disaat perang vietnam terjadi peristiwa Kent State yang membuat 4 mahasiswa terbunuh. Presiden Reagan setelah terpilih merasa berbahaya memproduksi educated proletariat kebijakan Federal Funding untuk pendidikan dipotong dialihkan ke Privatisasi pinjaman","1783255750036615495","","","in","","0","0","0","https://twitter.com/yeshuabraham/status/1783255750036615495","1179190887722541056","yeshuabraham"
"1782227528855474593","Mon Apr 22 01:58:49 +0000 2024","0","Kebijakan pendidikan IKN adopsi progam merdeka belajar plus. https://t.co/JFWlbCKc6h","1782227528855474593","https://pbs.twimg.com/media/GLu-feIasAAW8EX.jpg","","in","Provinsi Kalimantan Utara","0","0","0","https://twitter.com/Inocantiksekali/status/1782227528855474593","1541410854033567744","Inocantiksekali"
"1782199222013723100","Mon Apr 22 00:06:20 +0000 2024","1","Kebijakan Pendidikan IKN Adopsi Program Merdeka Belajar Plus. Arhan Hubner Codeblu Rizky Ridho Bright Shin Tae Yong https://t.co/E9LWikvMTy","1782199222013723100","https://pbs.twimg.com/media/GLukuSXakAAVE6R.jpg","","in","","0","0","1","https://twitter.com/kemalkecebur/status/1782199222013723100","1751770901736267776","kemalkecebur"
"1782193012573151336","Sun Apr 21 23:41:40 +0000 2024","627","Marak nya generasi muda&amp;remaja liar itu akibat dari kebijakan pendidikan yg salah.kebijakan pendidikan salah lahir dari menteri pendidikan yg tdk faham pendidikan.memteri pendidikan selalu salah kebijakan akibat pemimpin negara yg salah.dari situ akan menciptakan generasi rusak","1782193012573151336","","","in","ᴅᴇᴛᴀꜱᴇᴍᴇɴ ᴅᴇᴛᴇᴋꜱɪ ","3","26","232","https://twitter.com/InfoLurah/status/1782193012573151336","1164662394942922752","InfoLurah"
"1781983052853633495","Sun Apr 21 09:47:22 +0000 2024","1","Kebijakan Pendidikan IKN Adopsi Program Merdeka Belajar Plus. 3000 T Chanyeol yixing WE ARE ONE https://t.co/4z9wgClRxa","1781983052853633495","https://pbs.twimg.com/media/GLrgHOUbsAAdn-J.jpg","","in","","0","0","1","https://twitter.com/neysaalshara/status/1781983052853633495","1715187619762712576","neysaalshara"
"1781949962231898533","Sun Apr 21 07:35:52 +0000 2024","0","Kebijakan Pendidikan IKN Adopsi Program Merdeka Belajar Plus. Indonesia 3000 T Towel Red Sparks Nene Minggu https://t.co/umXO7tMzt2","1781949962231898533","https://pbs.twimg.com/media/GLrCBmmaYAAh-ID.jpg","","in","","0","0","1","https://twitter.com/NeysaAlsharaa/status/1781949962231898533","1715190803742810112","NeysaAlsharaa"
"1781939310071296218","Sun Apr 21 06:53:33 +0000 2024","2","Halo #SobatSMP! Dalam rangka mendukung program pengembangan Dashboard UPT 3.0 sesuai dengan kebutuhan dan perkembangan Kebijakan Merdeka Belajar Direktorat Sekolah Menengah Pertama Direktorat Jenderal Pendidikan Anak Usia Dini Pendidikan Dasar dan Pendidikan Menengah- https://t.co/tn08CH9pER","1781939310071296218","https://pbs.twimg.com/media/GLq4ER1boAAMZ-d.jpg","","in","","0","1","0","https://twitter.com/direktoratsmp/status/1781939310071296218","1418400458641612801","direktoratsmp"
"1781876395003842966","Sun Apr 21 02:43:32 +0000 2024","0","Linimasa ada interaksi @incitu dengan user yang tak puas kebijakan institusi pendidikan tapi yang dia serang BEM yang bantu mediasi tapi kebetulan kali ini apes gak berhasil seperti yang dia mau. Di saat sama lewat juga ini. Serupa tapi tak sama. Biar keliru yang penting gaduh. https://t.co/37psmDJJMg","1781876395003842966","https://pbs.twimg.com/amplify_video_thumb/1781876002999988224/img/GX8H_5nWJAxPj_Fk.jpg","","in","https://bedahplastik.com","0","0","0","https://twitter.com/bedahplastik/status/1781876395003842966","29955442","bedahplastik"
"1781714357631824054","Sat Apr 20 15:59:40 +0000 2024","10","Bunyi Pasal 31 UUD 45 setelah amandemen adalah: Setiap warga negara berhak mendapatkan pendidikan. Kok kalah dgn aturan sekolah yg mengharuskan SPP Lunas sebelum Ujian Harus Ada terobosan Program/Kebijakan agar kejadian seperti ini TIDAK TERULANG KEMBALI ️🇮🇩 https://t.co/J4YuGG6J6P","1781714357631824054","https://pbs.twimg.com/ext_tw_video_thumb/1781714293559525376/pu/img/VEKoxA8wW6QQb0Yw.jpg","","in","","1","0","5","https://twitter.com/Pendekar969/status/1781714357631824054","1515365787401293827","Pendekar969"
"1781706155477377480","Sat Apr 20 15:27:04 +0000 2024","3","Dalam kondisi keuangan negara tidak mungkin mengeksekusi dua kebijakan sekaligus secara bersamaan Lebih penting mana: Biaya Pendidikan Gratis sampai SMA/SMK/MA (12 tahun) atau Makan Siang Gratis","1781706155477377480","","","in","Jakarta Pusat","0","0","1","https://twitter.com/WAHYU_UNIFORM/status/1781706155477377480","545264533","WAHYU_UNIFORM"
"1781566534781165962","Sat Apr 20 06:12:16 +0000 2024","4","Koordinator Nasional Perhimpunan Pendidikan dan Guru (P2G) Satriwan Salim menyayangkan belum meratanya kebijakan sekolah gratis hingga kelas 12 di seluruh Indonesia sementara daerah lainnya sudah menerapkan sekolah gratis hingga kelas 12. Ada yang salah? #ElshintaNewsFlash https://t.co/7eLaJaYJHP","1781566534781165962","https://pbs.twimg.com/ext_tw_video_thumb/1781566290114887680/pu/img/EBRFn7NUDCss0O1n.jpg","","in","","0","0","2","https://twitter.com/RadioElshinta/status/1781566534781165962","121640063","RadioElshinta"
"1781475173503484104","Sat Apr 20 00:09:14 +0000 2024","0","Wamendes PDTT menghadiri kegiatan Program Pendidikan Reguler Angkatan (PPRA) LXVI tahun 2024 dengan tema implementasi kebijakan IKN dalam perspektif Sistem Menejemen Nasional (Sismennas) di Jakarta pada Rabu (17/4). #KemendesPDTT #PercayaDesa #DesaBisa #MulaiDariDesa https://t.co/CRb5VFUCrz","1781475173503484104","https://pbs.twimg.com/media/GLkSOqyboAAWpk2.jpg","","in","","0","0","0","https://twitter.com/BasoJunaid7/status/1781475173503484104","1614513179840892930","BasoJunaid7"
"1781470894541680719","Fri Apr 19 23:52:14 +0000 2024","14","Pengalaman menyakitkan. Lebih baik hentikan saja kebijakan biaya pendidikan (UKT) berdasarkan PENGHASILAN orang tua. Entah riset atau kajian antah berantah mana yg dipakai buat mewajarkan hal ini. Mahasiswa seolah2 harus adu miskin dan memohon2 supaya biaya kuliahnya turun.","1781470894541680719","","","in","Yogyakarta, Indonesia","0","2","14","https://twitter.com/thoriqmm/status/1781470894541680719","35393709","thoriqmm"
"1781305333375545557","Fri Apr 19 12:54:21 +0000 2024","0","Oleh karena itu penting untuk menyadari risiko2 ini dan mengambil langkah-langkah untuk mencegahnya karena kausalitasnya bukan hanya dapat mengancam pribadinya sendiri melainkan seputarannya perlunya edukasi melalui pendidikan dukungan sosial/tindakan kebijakan yg sesuai.","1781305333375545557","","","in","Indonesia","0","0","0","https://twitter.com/alamteGarr/status/1781305333375545557","931942638","alamteGarr"
"1781278113386922197","Fri Apr 19 11:06:11 +0000 2024","1","Ini ga laku buat para mesin pembuat kebijakan pendidikan kita","1781278113386922197","","","in","indonesia ~ turkey","0","0","0","https://twitter.com/_bje/status/1781278113386922197","123150908","_bje"
"1781234695088623875","Fri Apr 19 08:13:39 +0000 2024","0","Beberapa Lembaga di Jatim Bahas Pengembangan Kebijakan Perlindungan Anak Dilingkungan Pendidikan #BNetwork https://t.co/3DtFW5lLih","1781234695088623875","","","in","Jakarta","0","0","0","https://twitter.com/Beritasatu/status/1781234695088623875","154102750","Beritasatu"
"1781229804622401819","Fri Apr 19 07:54:13 +0000 2024","0","Opsi/subtansi yang betul Pakaian Adat dalam Pendidikan: Untuk Membangun Kualitas dan Mengenal Keanekaragaman Budaya. Lebih betul lagi pembuat kebijakan juga memuat alternatif berani memuat kebijakan juga berani responsible tentang modalnya jangan sampai juga nyari keuntungan.","1781229804622401819","","","in","Indonesia","1","0","0","https://twitter.com/alamteGarr/status/1781229804622401819","931942638","alamteGarr"
"1781081575389847788","Thu Apr 18 22:05:13 +0000 2024","1","Sosialisasi dan Dialog Kebijakan Pendidikan AIK dan Akreditasi PTMA https://t.co/k5rOYopsML","1781081575389847788","","","in","Yogyakarta, Indonesia","0","0","1","https://twitter.com/WartaPTM/status/1781081575389847788","1303117650831106048","WartaPTM"
"1780988461643940270","Thu Apr 18 15:55:13 +0000 2024","13","Indra juga menekankan bahwa semangat Pancasila yang mengutamakan keberagaman seharusnya tercermin dalam kebijakan pendidikan yang harus mengakomodasi keberagaman bukan keseragaman. https://t.co/TCDF5bPwuK","1780988461643940270","","","in","Jakarta - Indonesia","0","0","4","https://twitter.com/icharis/status/1780988461643940270","69492528","icharis"
"1780869267719950415","Thu Apr 18 08:01:35 +0000 2024","0","Tak Ada Perubahan Kebijakan Seragam Sekolah di DIY Mengacu Permendikbud Nomor 50 Tahun 2022: Kepala Dinas Pendidikan Pemuda dan Olahraga (Disdikpora) DIY Didik Wardaya menegaskan soal kebijakan seragam sekolah di wilayahnya tak berubah. https://t.co/pyySemjkyv https://t.co/pJ9dMBA3hD","1780869267719950415","https://pbs.twimg.com/media/GLbrKYZaoAA1fjz.jpg","","in","Pulo Gadung, Indonesia","0","0","0","https://twitter.com/tvOneNews/status/1780869267719950415","55507370","tvOneNews"
"1780824112711266478","Thu Apr 18 05:02:09 +0000 2024","1","Wamendes PDTT menghadiri kegiatan Program Pendidikan Reguler Angkatan (PPRA) LXVI tahun 2024 dengan tema implementasi kebijakan IKN dalam perspektif Sistem Menejemen Nasional (Sismennas) di Jakarta pada Rabu (17/4). #KemendesPDTT #SDGsDesa #DesaBisa #MulaiDariDesa https://t.co/0gX5yuFNTT","1780824112711266478","https://pbs.twimg.com/media/GLbCFqdbMAEx9UT.jpg","","in","","0","0","0","https://twitter.com/ETOfficial7/status/1780824112711266478","1502095568390471680","ETOfficial7"
"1780814807131971683","Thu Apr 18 04:25:10 +0000 2024","1","Wamendes PDTT menghadiri kegiatan Program Pendidikan Reguler Angkatan (PPRA) LXVI tahun 2024 dengan tema implementasi kebijakan IKN dalam perspektif Sistem Menejemen Nasional (Sismennas) di Jakarta pada Rabu (17/4). #KemendesPDTT #PercayaDesa #DesaBisa #DesaKuHarapanKu https://t.co/ZIoQ7ij0NK","1780814807131971683","https://pbs.twimg.com/media/GLa5oQsa8AAL0pa.jpg","","in","","0","0","0","https://twitter.com/Supar_Paijo/status/1780814807131971683","1603693994370019328","Supar_Paijo"
"1780812878150607266","Thu Apr 18 04:17:30 +0000 2024","0","Oleh karena itu buku ini dapat menjadi panduan yang berguna bagi para pendidik pengambil kebijakan dan siapa pun yang peduli dengan masa depan pendidikan di Indonesia. (5) ISBN: 978-623-384-650-9 Harga: Rp125.000 - https://t.co/3qMaYdS5Rc","1780812878150607266","","","in","Jl. Tambra Raya No. 23 Jaktim","0","0","0","https://twitter.com/Prenadamedia2/status/1780812878150607266","821897566442786818","Prenadamedia2"
"1780812555952497022","Thu Apr 18 04:16:13 +0000 2024","0","Buku baru terbit (Maret 2024) PERENCANAAN PENDIDIKAN: KAJIAN TEORI DAN APLIKASI (Rabial Kanada M.Pd. &amp; Zulkipli M.Pd.I.) Merencanakan pendidikan yg efektif bkn hanya menjadi tanggung jawab para pendidik &amp; pengambil kebijakan tp juga tugas bersama masyarakat dlm mencapai. (1) https://t.co/d5THDvyBPR","1780812555952497022","https://pbs.twimg.com/media/GLa3V7oaYAAOdE8.jpg","","in","Jl. Tambra Raya No. 23 Jaktim","0","0","0","https://twitter.com/Prenadamedia2/status/1780812555952497022","821897566442786818","Prenadamedia2"
"1780808678008074244","Thu Apr 18 04:00:49 +0000 2024","27","Wamendes PDTT menghadiri kegiatan Program Pendidikan Reguler Angkatan (PPRA) LXVI tahun 2024 dengan tema implementasi kebijakan IKN dalam perspektif Sistem Menejemen Nasional (Sismennas) di Jakarta pada Rabu (17/4). #KemendesPDTT #SDGsDesa #DesaBisa #MulaiDariDesa https://t.co/ZCKLgOJd3T","1780808678008074244","https://pbs.twimg.com/media/GLa0C4KbgAAZJVX.jpg","","in","DKI Jakarta, Indonesia","0","2","13","https://twitter.com/kemendespdtt/status/1780808678008074244","802380540","kemendespdtt"
"1780783559156138302","Thu Apr 18 02:21:00 +0000 2024","50","Berdasarkan riset UNDP meningkatkan akses pendidikan untuk perempuan adalah kebijakan pengetasan kemiskinan paling efektif di dunia. https://t.co/h6tQV4BqU0","1780783559156138302","https://pbs.twimg.com/media/GLac2ePbIAAvOOm.jpg","","in","","4","4","22","https://twitter.com/paipiapaipia/status/1780783559156138302","345252211","paipiapaipia"
"1780518817321668853","Wed Apr 17 08:49:01 +0000 2024","0","Benar benar udah rusak semua.. sampai dunia pendidikan seperti ini.. Malah menterinya bikin kebijakan seragam baru.. Turut berduka cita kepada keluarga korban dan pendidikan Indonesia ","1780518817321668853","","","in","Yogyakarta","0","0","0","https://twitter.com/Ovanonny/status/1780518817321668853","113471970","Ovanonny"
"1780516107717431333","Wed Apr 17 08:38:15 +0000 2024","4","Dinas Pendidikan (Disdik) Kota Depok akan menerapkan kebijakan seragam pakaian adat untuk seragam bagi para pelajar di seluruh jenjang pendidikan dari SD hingga SMA di wilayahnya. Kebijakan tersebut akan mulai dilaksanakan pada tahun ajaran baru 2024/2025. Bagaimana warga https://t.co/bCTlTFGf9h","1780516107717431333","https://pbs.twimg.com/ext_tw_video_thumb/1780516066457972736/pu/img/u-F6xaFDMzCCdapV.jpg","","in","","2","8","3","https://twitter.com/RadioElshinta/status/1780516107717431333","121640063","RadioElshinta"
"1780515152435286101","Wed Apr 17 08:34:27 +0000 2024","0","[DPP #1 - PENDIDIKAN GRATIS UNTUK SEMUA?] Halo Keluarga Mahasiswa UPNVJ! DPP merupakan program kerja Departemen Agitasi &amp; Propaganda BEM UPNVJ yang menyediakan forum diskusi terbuka kebijakan dan tindakan pemerintah yang dapat diikuti oleh KEMA UPNVJ maupun masyarakat luas https://t.co/xo4muvo1dJ","1780515152435286101","https://pbs.twimg.com/media/GLWpGDlaYAA_q-f.jpg","","in","","0","1","0","https://twitter.com/bem__upnvj/status/1780515152435286101","1213693118362476544","bem__upnvj"
"1780422666497015856","Wed Apr 17 02:26:57 +0000 2024","0","Jepang saat di boom hirosima nagasakinya - blm ada istilah GDP - aplagi sampe dijadikan patokan KUALITAS pendidikan - Jujur patah hati gue denger menpen ngomong gitu gk aneh sih kalo kebijakan dia skrg ini soal seragam ","1780422666497015856","","","in","Rumi’s","0","0","0","https://twitter.com/NINOMAHEDAR/status/1780422666497015856","139713497","NINOMAHEDAR"
"1780408695605875007","Wed Apr 17 01:31:26 +0000 2024","3","Pemuda perlu dilibatkan dalam perancangan kebijakan strategis kota penanaman nilai etika dan moralitas masyarakat penyediaan pendidikan yg berkualitas guna menunjang SDM serta implementasi kata-kata menjadi aksi nyata. Ulasan Raja Syeh Anugrah: https://t.co/KgOW3pjSua","1780408695605875007","","","in","","0","0","4","https://twitter.com/omongomongcom/status/1780408695605875007","1426085827906478081","omongomongcom"
"1780384886995759431","Tue Apr 16 23:56:49 +0000 2024","0","Bahaya bangsa terancam dikuasai oligarki dan asing: 1.Agama perlahan dirusak via salam isi buku kebijakan pendidikan dan budaya 2.Nasionalisme dipinggirkan sejak usia dini via penghapusan karakter dan sejarah bangsa 3.Perang korupsi dilemahkan 4.Regulasi disusupkan kepentingan","1780384886995759431","","","in","Indonesia","0","0","0","https://twitter.com/JagaReformasi/status/1780384886995759431","1632932257576132608","JagaReformasi"
"1780236994985234585","Tue Apr 16 14:09:09 +0000 2024","2","Deretan Kabar Viral Terkait Kebijakan Menteri Pendidikan Nadiem Makarim Hoaks atau Fakta? https://t.co/vmuhbw95Mb #CekFakta","1780236994985234585","","","in","Jakarta","0","0","0","https://twitter.com/liputan6dotcom/status/1780236994985234585","47596019","liputan6dotcom"
"1780173040435003642","Tue Apr 16 09:55:01 +0000 2024","1","Hipotesis saya di sekolah pengaruh game online sangat berdampak buruk bagi perkembangan psikologi dan belajar anak. Perlu ada regulasi dan kebijakan dlm hal ini kerjasama dengan phk dinas pendidikan kabupaten/kota","1780173040435003642","","","in","Teacher School of Saint Assisi","0","0","0","https://twitter.com/AgustinAchiever/status/1780173040435003642","2323190318","AgustinAchiever"
"1780150088469188780","Tue Apr 16 08:23:49 +0000 2024","0","Saya rasa Nadiem ini sungguh sangat kritis dan rajin tafakur. Nadiem sedang mengkritik dirinya sebagai seorang menteri pendidikan yang tidak mampu membuat kebijakan dan memperbaiki sistem pendidikan yang amburadul. Namun dia tidak merasa djrinya menteri dan ndak punya rasa malu.","1780150088469188780","","","in","Merapi, Indonesia","0","0","0","https://twitter.com/dimerapi/status/1780150088469188780","155213246","dimerapi"
"1780149337017987249","Tue Apr 16 08:20:50 +0000 2024","2","Nakes pada depresi.. Hmm 1. Dogmatiknya kubur jauh2 2. Mental kolonial buang jauh2 3. Berani bcr soal kebijakan yg nyeleneh 4. Tdk hanya kebijakan soal pendidikan nakes tp kebijakan kesehatan publik. Selama 4 mental tadi ga dikubur kulturnya ga akan berubah. @dokter_kampung","1780149337017987249","","","in","","1","1","1","https://twitter.com/hanan052020/status/1780149337017987249","1417251642085318663","hanan052020"
"1780108225834373246","Tue Apr 16 05:37:28 +0000 2024","0","gw harap bung @nadiemmakarim nonton episode 2 dari docuseries nya #triggerwarningwithkillermike ini d #Netflix yoo. serius. muga2 dpt inspirasi spy bs bikin kebijakan utk iklim pendidikan yg don tu ert bwt generasi bangsa ini. penting. cc @gibran_tweet https://t.co/j4HSO0gMe9","1780108225834373246","https://pbs.twimg.com/media/GLQ2_hsbwAAe9lx.jpg","","in","Canberra","0","0","0","https://twitter.com/akuikibutoijo/status/1780108225834373246","142148720","akuikibutoijo"
"1780091817163420024","Tue Apr 16 04:32:16 +0000 2024","0","Seragam Baru Beban Lama: Kontroversi Kebijakan Pendidikan Terbaru Indonesia! https://t.co/PDSrnmpp7Q","1780091817163420024","","","in","Indonesia","0","0","0","https://twitter.com/kompasiana/status/1780091817163420024","23786106","kompasiana"
"1779882024331035026","Mon Apr 15 14:38:37 +0000 2024","9","Beredar isu di media sosial bahwa Nadiem Makarim telah menetapkan aturan baru seragam sekolah yang mulai berlaku usai Lebaran 2024. Menanggapi hal itu Kementerian Pendidikan Kebudayaan Riset dan Teknologi (Kemendikbudristek) membantah dan menegaskan bahwa kebijakan seragam https://t.co/85FOeGn8Z0","1779882024331035026","https://pbs.twimg.com/ext_tw_video_thumb/1779880714416312320/pu/img/xl555mIdAsB49RWB.jpg","","in","Kota Surabaya, Jawa Timur","1","2","0","https://twitter.com/e100ss/status/1779882024331035026","848614550","e100ss"
"1779816006208356467","Mon Apr 15 10:16:17 +0000 2024","0","PENELITI Kebijakan Publik dan Pendidikan Universitas Paramadina Totok Amin Soefijanto menilai Kurikulum Merdeka Belajar perlu evaluasi secara objektif dan ilmiah sebelum ditetapkan menjadi kurikulum nasional. https://t.co/xVYqlCHlQ0","1779816006208356467","","","in","Jakarta - Indonesia","0","0","0","https://twitter.com/mediaindonesia/status/1779816006208356467","68930552","mediaindonesia"
"1779788998850011362","Mon Apr 15 08:28:58 +0000 2024","0","Daripada ganti seragam lebih sepakat ganti yg buat kebijakan. Pendidikan tuh urusan yg lebih urgent banyak. Benahi dululah yg lebih krusial.","1779788998850011362","","","in","From Jepara live in Surakarta","0","0","0","https://twitter.com/ChusnaIsna/status/1779788998850011362","343885904","ChusnaIsna"
"1779768324496478383","Mon Apr 15 07:06:49 +0000 2024","0","Seperti masuk kembali ke era kolonialisme yaitu neokolonialisme dimana upaya tindakan polarisasi kebijakan secara halus atau secara tidak langsung pendidikan hanya diperuntukkan kepada kaum elit atau ningrat. Pembodohan terencana dan sistematis.","1779768324496478383","","","in","Indonesia","0","0","0","https://twitter.com/alamteGarr/status/1779768324496478383","931942638","alamteGarr"
"1779723028378829165","Mon Apr 15 04:06:50 +0000 2024","128","Ohhh.. Jadi ini Alesan nya kenapa bikin Kebijakan yg Luarrr biasaahh itu⁉️ Terima kasih Mas mentri @nadiemmakarim sangat mengangkat MUTU Pendidikan kita.. https://t.co/MOt4UVEm58","1779723028378829165","https://pbs.twimg.com/ext_tw_video_thumb/1779722944383787008/pu/img/zTVpcXMWnYVitKNu.jpg","","in","Di hatimuuuu 🥰","28","162","50","https://twitter.com/AraituLaki/status/1779723028378829165","1118723550649544704","AraituLaki"
"1779713466909299052","Mon Apr 15 03:28:50 +0000 2024","0","Kurikulum Merdeka resmi ditetapkan sebagai Kurikulum Nasional mulai tahun ajaran baru 2024/2025. Hal ini dinilai pemerhati pendidikan Noor Afeefa sebagai bentuk penguatan kebijakan pendidikan sekuler kapitalistik.","1779713466909299052","","","in","","0","0","0","https://twitter.com/brennen95987/status/1779713466909299052","1740625275568766978","brennen95987"
"1779590025262559679","Sun Apr 14 19:18:19 +0000 2024","1","Dan kebijakan pendidikan kita masih saja terkungkung di narasi linearitas gelar. Banyak org yg kutemui mereka takut eksplor lanjut kuliah lintas jurusan hny krn takut bakal gak linear pdhl di jurusan asal dia minatnya sdh mentok Multidisiplin &amp; lintas minat adalah masa depan","1779590025262559679","","","in","Bukit Algoritma","0","0","0","https://twitter.com/seper_sepuluh/status/1779590025262559679","3317330738","seper_sepuluh"
"1779511674388770934","Sun Apr 14 14:06:59 +0000 2024","2","Dan menteri pendidikan memilih untuk mendorong kebijakan ganti seragam di saat orang orang berpikir begini? Isn't it supposed to be a PR emergency for you guys?","1779511674388770934","","","in","Indonesia","0","0","0","https://twitter.com/yesmynameishard/status/1779511674388770934","1739175139","yesmynameishard"
"1779438220184584432","Sun Apr 14 09:15:06 +0000 2024","2","Ahli Pendidikan Bukan Guru Besar Ahli Kependidikan Banyak Tapi Mengapa Rezim Ini Angkat Mentri Tak Berkualitas Seperti Saya Petani ? Kasihan Rakyatnya Makin Bodoh Akibat Tekanan Ekonomi Morat Marit Korban Kebijakan Tdk Pro Rakyat Kepramukaan Ganti Kurikulum Ganti Seragam https://t.co/jDskT33qXN","1779438220184584432","https://pbs.twimg.com/media/GLHVoUBaQAARbRJ.jpg","","in","Dekat Lautan  NYI Roro Kidul","0","0","1","https://twitter.com/HMMurah3/status/1779438220184584432","1454008204027854853","HMMurah3"
"1779417141516882282","Sun Apr 14 07:51:21 +0000 2024","0","Ya gini kalo menteri pendidikan gak paham pendidikan di Indonesia sama sekali ajurrrrrrr... Kebijakan ngawur puoooollllll","1779417141516882282","","","in","your flipside","0","0","0","https://twitter.com/_comefromvenus/status/1779417141516882282","1747057741552844800","_comefromvenus"
"1779409487025361287","Sun Apr 14 07:20:56 +0000 2024","40","kalo di t4 gw kerja citation cuma salah 1 dr bbrp metriks asesmen kinerja dosen sbg international researcher/scholar. yg juga dilihat impact karya ybs dlm pendidikan (publikasi dijadiin bahan kuliah) dlm industri dan dlm diskursus publik dan kebijakan. jadi spektrumnya luas.","1779409487025361287","","","in","twitterville","0","1","3","https://twitter.com/sociotalker/status/1779409487025361287","115438018","sociotalker"
"1779377366617518584","Sun Apr 14 05:13:18 +0000 2024","0","Jadi sebenarnya dengan meningkatkan mutu ekonomi mikro &amp; makro pendidikan kesehatan ketahanan pangan birokrasi negara kebijakan internal &amp; eksternal serta pertahanan yg bersifat militer adalah upaya kita untuk self-defense di kemudian hari. Ini definisi soft power.","1779377366617518584","","","in","Jl. Medan Merdeka, Jakarta","0","0","0","https://twitter.com/The_Ascalon/status/1779377366617518584","1652237775163498497","The_Ascalon"
"1779338729477517348","Sun Apr 14 02:39:46 +0000 2024","0","Tidak Menjamin Mutu Pendidikan. Berkat kebijakan dia yg melarang guru tidak menaikkan Kelas muridnya.semua harus naik kelas termasuk yg goblok. Nadiem bikin murid tdk bisa berkompetensi.Sejak Jaman kuda gigit besi yg baru lulus pasti tidak siap bekerja.Kecuali JD Go jek.Alamak","1779338729477517348","","","in","DKI Jakarta, Indonesia","0","0","0","https://twitter.com/chiptdoank/status/1779338729477517348","1426898415313514497","chiptdoank"
"1779175197431726167","Sat Apr 13 15:49:57 +0000 2024","0","Bukti Mas @nadiemmakarim salah tempat di @Kemdikbud_RI bikin kebijakan pendidikan yg gak penting gak relate ama pendidikan","1779175197431726167","","","in","Bintaro, Tangerang, Banten","0","0","0","https://twitter.com/fadhlierlanda/status/1779175197431726167","97174911","fadhlierlanda"
"1779164763832168654","Sat Apr 13 15:08:29 +0000 2024","0","Insya Allah mau lanjut S2 Hukum ngelanjutin dari S1 Hukum-nya.. Sama pengen sih ambil S2 bidang pendidikan (nggak PAI lagi) tapi fokus ke Teknologi Pendidikan atau Kebijakan Pendidikan. Tapi nggak niat utk ngerjainnya barengan kayak sekarang lagi S1 tripledegree gini.","1779164763832168654","","","in","","0","1","0","https://twitter.com/mrafieakbar1/status/1779164763832168654","1639472647","mrafieakbar1"
"1779146995552416256","Sat Apr 13 13:57:53 +0000 2024","0","Tapi emang aturan baru itu lucu sih. Masalah: - Biaya pendidikan tidak terjangkau - Akhlak semakin bermasalah - Bullying di sekolah - Honor pendidik tidak layak Kebijakan: - Ganti seragam https://t.co/1VUXvMByZE","1779146995552416256","https://pbs.twimg.com/media/GLDMtj8WYAApqgZ.jpg","","in","Di bawah Pohon Rindang","0","0","0","https://twitter.com/sisteminforman/status/1779146995552416256","1555824436598960128","sisteminforman"
"1779118452168659209","Sat Apr 13 12:04:28 +0000 2024","352","Mumpung lagi rame plis cek Ridwan Institute ini juga. Vampir dunia akademik yang hidup dari kebijakan nggak mikir serba instan pendidikan tinggi kita.","1779118452168659209","","","in","Indonesia","6","4","82","https://twitter.com/gegerriy/status/1779118452168659209","29961293","gegerriy"
"1778937731160342870","Sat Apr 13 00:06:20 +0000 2024","0","Senator RI Dapil DKI Dailami Firdaus Tidak Setuju Pendidikan Pramuka Dicabut Jangan selalu kata KEBEBASAN menjadi dasar suatu kebijakan #parahyanganpost https://t.co/p55S4pE9fl","1778937731160342870","","","in","Pasar Minggu, Indonesia","0","0","0","https://twitter.com/ParahyanganPost/status/1778937731160342870","276847477","ParahyanganPost"
"1778885418450301044","Fri Apr 12 20:38:28 +0000 2024","1","Hot takes: semenjak belio jadi menteri pendidikan banyak kebijakan yang patut dipertanyakan seperti berubah2 nya sistem masuk kampus negeri (sbmptn/snmptn) yang sekarang ribet dibanding beberapa tahun yang lalu","1778885418450301044","","","in","Haerin bf's","0","0","0","https://twitter.com/baelguler/status/1778885418450301044","1292454595071901696","baelguler"
"1778848719611605440","Fri Apr 12 18:12:38 +0000 2024","0","Emang kalau seragam baru itu udh pasti bisa ningkatin kualitas pendidikan ? Jujur sih sebagai seorang wali murid lebih banyak keberatannya tentang aturan dan kebijakan ini !","1778848719611605440","","","in","","0","0","0","https://twitter.com/picknameSyabi01/status/1778848719611605440","1760540670744506368","picknameSyabi01"
"1778821720599908735","Fri Apr 12 16:25:21 +0000 2024","22","Kebijakan MBKM utamanya MSIB bukan upaya untuk mencerdaskan bangsa seperti yang tertulis pd Pembukaan UUD Alinea Keempat dan spirit Pendidikan Ki Hajar Dewantara melainkan sbg adaptasi pedagogi pendidikan kapitalistik yg fokus pd pencetakan pekerja patuh murah dan rentan.","1778821720599908735","","","in","Klaten Utara, Indonesia","1","1","5","https://twitter.com/rindiksentrup/status/1778821720599908735","1205372530619383809","rindiksentrup"
"1778786348935348676","Fri Apr 12 14:04:48 +0000 2024","0","Padahal pas rilis kurikulum nasional 2024 di ig aja komennya pada ga selaras sama konten Eh... Malah bikin kebijakan baru yg ga signifikan buat mengatasi masalah pendidikan yg udah ada. ","1778786348935348676","","","in","","0","0","0","https://twitter.com/ViviRachmatul/status/1778786348935348676","715979743","ViviRachmatul"
"1778780778836668863","Fri Apr 12 13:42:40 +0000 2024","1","Kebijakan yg tiada makna dan fungsi Gag ngefek sama kualitas pendidikan emg Mbok skali2 bikin kebijakan yg bagus dan bener","1778780778836668863","","","in","Semarang, Indonesia","0","1","0","https://twitter.com/tocketropus/status/1778780778836668863","50217749","tocketropus"
"1778751062461350153","Fri Apr 12 11:44:35 +0000 2024","3065","Dari sekian masalah pendidikan yang bolak balik ramai di media sosial yang dibikin jadi kebijakan: seragam sekolah .","1778751062461350153","","","in","Michuhol-gu, Republic of Korea","92","110","1042","https://twitter.com/ardisatriawan/status/1778751062461350153","170542374","ardisatriawan"
"1778749582941503525","Fri Apr 12 11:38:42 +0000 2024","1","Kebijakan yang unfaedah... @nadiemmakarim @Itjen_Kemdikbud Seragam bukan masalah urgent Mutu pendidikan yang perlu diperhatikan serta saran prasarana yg masih bnyk kekurangannya.","1778749582941503525","","","in","","0","0","0","https://twitter.com/tsartono72/status/1778749582941503525","2711681718","tsartono72"
"1778684786217025536","Fri Apr 12 07:21:14 +0000 2024","0","Nadiem jadi Menteri Pendidikan kebijakan barunya receh-receh bgt kaga usah dia juga bisa itumah","1778684786217025536","","","in","Jakarta Selatan, DKI Jakarta","0","0","0","https://twitter.com/benaldiyudha/status/1778684786217025536","1139171858","benaldiyudha"
"1778678653523832901","Fri Apr 12 06:56:51 +0000 2024","5","Apanya yg mau dikerjakan bersama ya? Sudah banyak kawan yg kerja2 mandiri memajukan pendidikan tapi mereka tidak pernah didengarkan agar gagasannya dpt diakomodasi dlm kebijakan.","1778678653523832901","","","in","Jakarta","0","0","0","https://twitter.com/Darmaningtyas/status/1778678653523832901","368674205","Darmaningtyas"
"1778636358103499000","Fri Apr 12 04:08:47 +0000 2024","1","Anakku 3 orang yg sekolah saya single parent. Selama ini sudah cukup byk biaya utk pendidikan anak. Kalo bikin kebijakan itu mbok ya dipikirin org-org kecil dong pak mentri. Urgensinya apaan ganti seragam? Bikin gebrakan tuh utk peningkatan mutu guru &amp; pendidikan. @MasMenteri https://t.co/g8fKNpCR8n","1778636358103499000","https://pbs.twimg.com/media/GK78VKFbEAAp5MR.jpg","","in","","0","0","0","https://twitter.com/Dontc2022/status/1778636358103499000","1560524379251183616","Dontc2022"
"1778616049950396918","Fri Apr 12 02:48:06 +0000 2024","3","Jika anda suka mengenai sosial politik semestinya Anda menyukai tentang kebijakan pendidikan. . Tapi jika Anda suka politik praktis sementara Anda bukan anggota partai ya Anda cuma konsumen partai.","1778616049950396918","","","in","Kota Semarang, Jawa Tengah","0","0","0","https://twitter.com/kdrn_phobia/status/1778616049950396918","86537989","kdrn_phobia"
"1778572929367941456","Thu Apr 11 23:56:45 +0000 2024","1","rakyat indo masih mikir gerhana = matahari meredup terus menteri pendidikan lebih mentingin ganti seragam daripada bikin kebijakan darurat kualitas pendidikan. CAPEK!","1778572929367941456","","","in","","0","0","0","https://twitter.com/miebaksou/status/1778572929367941456","1364931381634031622","miebaksou"
"1778567951412805955","Thu Apr 11 23:36:58 +0000 2024","0","mungkin nanti kak pas tahun ajaran baru aku gk dukung program si bpk sih kesannya kebijakan ini seakan akan 'nih kami kementerian pendidikan kerja loh' ya tapi masih banyak kebijakan yg bisa dirumuskan pak perihal seragam ini memang bisa meningkatkan kecerdasan ank bangsa?","1778567951412805955","","","in","","0","0","0","https://twitter.com/mirabilisjarafa/status/1778567951412805955","1676891869446569984","mirabilisjarafa"
"1778528659185537388","Thu Apr 11 21:00:50 +0000 2024","518","Untuk semua Dosen Peneliti dan juga para pembuat kebijakan pendidikan tinggi dan riset di Indonesia: Tinggalkan ukuran metrik yang tak menguntungkan bagi publik dan sains di masa depan. Belum terlambat untuk menerapkan 'Manifesto Slow Science''. https://t.co/60MOj1wWxy https://t.co/GuyNpVBG98","1778528659185537388","https://pbs.twimg.com/media/GK6aY4VaAAAxFug.jpg","","in","","10","5","156","https://twitter.com/iaridlo/status/1778528659185537388","42561847","iaridlo"
"1778525353084088806","Thu Apr 11 20:47:42 +0000 2024","0","Ada Seorang Presiden Dinegeri Wakanda Yg Mengaku Sebagai Muslim SblmX Mau Menerima Investasi Miras Stlh Dikritik Jd Berubah MenolakX. Slh 1 PenyanjungX Itu Adlh Seorang Menteri Agama Yg Jg Mendukung Kebijakan Menteri Pendidikan Tntg Kumpul Kebo. Itulah Gambaran Org-2 Yg Fasik.","1778525353084088806","","","in","","0","0","0","https://twitter.com/AnsyariNasrull2/status/1778525353084088806","1490014209840533511","AnsyariNasrull2"
"1778402737795072044","Thu Apr 11 12:40:28 +0000 2024","2","Kementerian satu ini kalo ngeluarin kebijakan ngga pernah mikir panjang. Kerjaannya cuma gonta ganti istilah pendidikan padahal arti/maksudnya sama kayak yg lama yaa biar keliatan kerja aja ","1778402737795072044","","","in","Japan","0","0","2","https://twitter.com/clarisfication/status/1778402737795072044","3073050295","clarisfication"
"1778398673883525178","Thu Apr 11 12:24:19 +0000 2024","0","Dari semua permasalahan di bidang pendidikan kebijakan yang dipilih adalah rombak segaram. Love sekebon buat Pak Nadiem ️️","1778398673883525178","","","in","Bandung","0","0","0","https://twitter.com/litaapriil/status/1778398673883525178","2536041879","litaapriil"
"1778386735338254538","Thu Apr 11 11:36:53 +0000 2024","0","Untuk menciptakan SDM unggul kunci awalnya adalah berasal dari penataan sistem pendidikan yang tentunya membutuhkan kerjasama dari pembuat kebijakan sebagai regulator serta institusi pendidikan sebagai operator yang bertugas untuk melaksanakan kebijakan dari pusat.","1778386735338254538","","","in","Cibinong, Indonesia","0","1","0","https://twitter.com/dimzsa_/status/1778386735338254538","1326879014150164483","dimzsa_"
"1778380233051459954","Thu Apr 11 11:11:02 +0000 2024","0","Awal doi jadi menteri pendidikan aku seneng kirain akan memperbaiki pendidikan indonesia. Nyatanya guru-guru disibukkan dg administrasi yg ruibet + kebijakan sekolah/ guru disetir banget. Mana administrasi guru dikit-dikit bayar webinar ini itu ","1778380233051459954","","","in","","0","0","0","https://twitter.com/izkarasc/status/1778380233051459954","3368577738","izkarasc"
"1778373027098677499","Thu Apr 11 10:42:24 +0000 2024","1","Si @nadiemmakarim gak mikir jauh sampe kesitu. Yg penting vendor seragam kaya. Kebijakan untuk pendidikan dari dulu pasti selalu yg jadi korban anak² kalangan menengah kebawah. Menteri munafik si @nadiemmakarim belagu paling baik tertata. Nyatanya kebijakan teraaancuuuu https://t.co/GH4QAQtM9K","1778373027098677499","https://pbs.twimg.com/tweet_video_thumb/GK4M1jUboAAgcai.jpg","","in","Ituero y Lama, España","0","0","0","https://twitter.com/andecawakanda54/status/1778373027098677499","1249961614721220608","andecawakanda54"
"1778368334385623209","Thu Apr 11 10:23:46 +0000 2024","0","Dia tidak berpikir lebih jauh dampak dari kebijakannya baik secara langsung atau tidak langsung terhadap semua pihak yg terkait pendidikan. Pejabat yg membuat kebijakan sensasi atau ingin dilihat luar biasa.... Pendidikan pun jadi ajang bisnis dan politik untuk kepentingan....... https://t.co/CFj6ZvasIu","1778368334385623209","https://pbs.twimg.com/media/GK4Ik0DaIAA3dF_.jpg","","in","","0","0","0","https://twitter.com/lutunggunung94/status/1778368334385623209","1763944864419639296","lutunggunung94"
"1778347738704609401","Thu Apr 11 09:01:55 +0000 2024","0","Oposeh diantara semuanya kebijakan program pendidikan kalau beneran rombak seragam wes ramasukkkkkk","1778347738704609401","","","in","Yogyakarta","0","1","0","https://twitter.com/soenja_anjani/status/1778347738704609401","1897045579","soenja_anjani"
"1778292442917462116","Thu Apr 11 05:22:12 +0000 2024","0","Ini Mentri otak nya SDH hancur yg di bentuk kembali lagi makanya selalu utak-atik kebijakan di sektor pendidikan ","1778292442917462116","","","in","","0","0","0","https://twitter.com/Bodewin2/status/1778292442917462116","1128651061223251968","Bodewin2"
"1778291630916899272","Thu Apr 11 05:18:58 +0000 2024","0","Yth. Bapak @ST_Burhanuddin dan @KejaksaanRI Tolong pantau tindak itu kementerian pendidikan dibawah Nadiem. Makin kesini pendidikan makin menurun kualitasnya &amp; banyak kontra kebijakan serta anggaran ke sekolah2 makin kecil &amp; sekarang lewat Pemda bukan dari kementrian. Mksh","1778291630916899272","","","in","","0","0","0","https://twitter.com/dirgo19760522/status/1778291630916899272","1645103468334690307","dirgo19760522"
"1778258545970160113","Thu Apr 11 03:07:30 +0000 2024","0","apa coba esensi dari kebijakan ini bagi dunia pendidikan Indonesia?","1778258545970160113","","","in","Pluto","0","0","0","https://twitter.com/ufkl4rung/status/1778258545970160113","1580344950171922432","ufkl4rung"
"1778236563803238671","Thu Apr 11 01:40:09 +0000 2024","0","Maaf kebijakan bapak ini tuh kurang jelas. Pendidikan kaya dipake buat ekperimen","1778236563803238671","","","in","","0","0","0","https://twitter.com/Sternstrahlen_/status/1778236563803238671","1336915357668319232","Sternstrahlen_"
"1778222863071563985","Thu Apr 11 00:45:42 +0000 2024","2","1 jam 39 menit dengan jarak 6.18 kilometer saya habiskan untuk menyimak sajian Forum Kebijakan tentang Pendidikan oleh Pak Gita dan Panelis. Ini amat menggelitik dan mendalam. Mari jg menyimak: https://t.co/nHyp4mzdMg https://t.co/le7VUPJn3i","1778222863071563985","https://pbs.twimg.com/media/GK2D1tRbcAA5yny.jpg","","in","Jember - Banyuwangi","0","2","0","https://twitter.com/andrealasghar/status/1778222863071563985","1523312426","andrealasghar"
"1778071293717520800","Wed Apr 10 14:43:26 +0000 2024","2","Kuliah murni &gt; ppg prajab Kuliah pend &gt; ppg prajab Terus kabeh iso dadi guru. Gunane kuliah pendidikan terus saiki opooooo??? Heee halooo halooooo kebijakan mblobooorrr","1778071293717520800","","","in","Blimbing, Indonesia","0","0","2","https://twitter.com/ojokgobloklur/status/1778071293717520800","972684563146203137","ojokgobloklur"
"1778069258901315804","Wed Apr 10 14:35:20 +0000 2024","0","Mentri pendidikan kek na kaga ada yg pernah demo setiap ngeluarin kebijakan pasti sung jadi tanpa ada perdebatan. Yes","1778069258901315804","","","in","Americana, Brasil","0","0","0","https://twitter.com/RoRenggo/status/1778069258901315804","3241909963","RoRenggo"
"1778042126905057695","Wed Apr 10 12:47:32 +0000 2024","0","Sadar gak sih ini orang kalau ganti seragam ortu siswa kena biaya lagi..? Cibalah bikin kebijakan yg bisa meningkatkan mutu pendidikan. @Nadiem_Makarim https://t.co/OhelkEh79I","1778042126905057695","","","in","","0","0","0","https://twitter.com/ken_barra/status/1778042126905057695","2845845872","ken_barra"
"1777884192015261939","Wed Apr 10 02:19:57 +0000 2024","0","[ Hari Raya Idul Fitri 1445H ] Himpunan Mahasiswa Kebijakan Pendidikan 2024 mengucapkan mohon maaf lahir dan batin semoga senantiasa kita dalam karunia Allah SWT dan selalu mendapatkan kesempatan bertemu dengan ramadhan ditahun berikutnya. ========================= https://t.co/LuaQQMUuOR","1777884192015261939","https://pbs.twimg.com/media/GKxQP_waYAA2mvD.jpg","","in","FIPP UNY","0","0","0","https://twitter.com/himakpuny/status/1777884192015261939","2914840327","himakpuny"
"1777720932381151624","Tue Apr 09 15:31:13 +0000 2024","0","Katanya mau meningkatkan jumlah kaum terdidik. Giliran mantau kebijakan pendidikan gak bisa. Malu sama rakyat yang udah kebanyakan gotong royong. Pemerintah tugasnya ngabisin duit buat naikin anak jadi wapres aja kah? @jokowi","1777720932381151624","","","in","Jakarta Capital Region","0","0","0","https://twitter.com/flufflatte/status/1777720932381151624","794312691468771328","flufflatte"
"1777646784220717426","Tue Apr 09 10:36:35 +0000 2024","8","Liat program pemerintah itu 3 hal: 1. Pendidikan 2. Kesehatan 3. Kebijakan publik/ ekonomi Kenapa? Karena 3 topik ini se-krusial itu. Makanya begitu ada caleg atau capres yg punya program bagus di 3 topik tsb ya harus didukung.","1777646784220717426","","","in","Indonesia","0","1","1","https://twitter.com/ihsanbiantoro/status/1777646784220717426","179429900","ihsanbiantoro"
"1777604438565200094","Tue Apr 09 07:48:19 +0000 2024","0","Salah satu cara mencerdaskan kehidupan bangsa adalah dengan memilih pemimpin yg peduli dengan pendidikan rakyatnya tidak anti kritik mendengarkan para ahli di bidangnya &amp; membuat kebijakan yg science-based. Jadi kesimpulannya nggak ketolong.","1777604438565200094","","","in","","0","0","0","https://twitter.com/brigittasiw/status/1777604438565200094","303627559","brigittasiw"
"1777556938810966335","Tue Apr 09 04:39:34 +0000 2024","0","Banyak bgt caranya kalau yg bisa dimulai dari lingkup kecil. Tp menurutku paling efektif adalah dibuatnya kebijakan oleh pemerintah yang mendukung pemerataan dan kemajuan pendidikan di Indonesia. Mulai dari fasilitas umum kurikulum dsb. -c","1777556938810966335","","","in","Indonesia","0","1","0","https://twitter.com/ArdhiRahma/status/1777556938810966335","851311071730163712","ArdhiRahma"
"1777306939975970949","Mon Apr 08 12:06:09 +0000 2024","1","Stop politisasi pendidikan. Setiap ganti menteri jangan ganti kebijakan. Fokus dipemerataan pendidikan jangan ujug2 buat program baru tanpa ada persiapan yg matang.","1777306939975970949","","","in","","0","0","0","https://twitter.com/sweetamericanox/status/1777306939975970949","1648244329922846720","sweetamericanox"
"1777254610727821756","Mon Apr 08 08:38:13 +0000 2024","133","hahaha reply2nya seru seperti biasa. of course TKDN adalah kebijakan yang berpihak. Menyenangkan bagi industri domestik korbannya adalah usernya: jasa perkantoran pemerintahan termasuk pendidikan dan kesehatan among others.","1777254610727821756","","","in","","5","9","64","https://twitter.com/iMedKrisna/status/1777254610727821756","989423102005145600","iMedKrisna"
"1777244526807322848","Mon Apr 08 07:58:09 +0000 2024","0","[ Informasi Pendataan Usaha Mahasiswa Kebijakan Pendidikan ] Yukk jangan lupa bagi temen-temen mahasiswa Kebijakan Pendidikan yang punya usaha atau semacamnya bisa langsung mengisi pada link berikut Link Pendaftaran ⬇️⬇️ https://t.co/aLzgCd1dMr https://t.co/ffuOXV7VV7","1777244526807322848","https://pbs.twimg.com/media/GKoKOuKaUAAG9NO.jpg","","in","FIPP UNY","0","0","0","https://twitter.com/himakpuny/status/1777244526807322848","2914840327","himakpuny"
"1777188283526807690","Mon Apr 08 04:14:40 +0000 2024","0","Administrasi Negara Gampang asal update sama isu kebijakan &amp; pelayanan publik. yang bikin capek cakupan ilmunya terlalu luas. ada kesehatan pendidikan ekonomi lembaga pemerintahan bahkan governansi kelautan juga dibahas. Buat praktek paling procurement barang publik","1777188283526807690","","","in","","0","1","0","https://twitter.com/SunghoonUchiha/status/1777188283526807690","1644703336674000896","SunghoonUchiha"
"1777108520179306680","Sun Apr 07 22:57:42 +0000 2024","0","gua rasanya trauma bgt kuliah jurusan pendidikan sampe endingnya kena PTSD. lebih ke karena selama dari smt 7 dosen tuh lambat bgt kaya bertele tele dan kebijakan gada yg pasti bahkan gada seminar atau webinar apa apa tentang skripsi","1777108520179306680","","","in","south banjarmasin, indonesia","0","1","0","https://twitter.com/ayasajiw/status/1777108520179306680","1615297033308622850","ayasajiw"
"1777103752870375530","Sun Apr 07 22:38:46 +0000 2024","0","Endingnya kalau kebijakan cm berfokus ke makan gratis muncullah SDM SDM menyedihkan ky gni.. Kuliah dianggap gaya.. seolah2 pendidikan tinggi cm buat gaya doang bagi mereka","1777103752870375530","","","in","Somewhere","0","0","0","https://twitter.com/bang_kiryu/status/1777103752870375530","101222136","bang_kiryu"
"1776983644177113513","Sun Apr 07 14:41:30 +0000 2024","0","1.Negara dengan sengaja mengerdilkan sektor pendidikan dengan kebijakan yang ga berpihak pada masyarakat 2. Kualitas SDM rendah 3. Minat investor asing mengekspansi usaha menjadi urung 4. Ekonomi negara makin kacau Yasudah just devour the pill.","1776983644177113513","","","in","di wates bareng eremika","0","0","0","https://twitter.com/jurnalwin/status/1776983644177113513","296767827","jurnalwin"
"1776822548766015891","Sun Apr 07 04:01:22 +0000 2024","0","TPA RAMADHAN HADIR KARENA MENYANGKUT DENGAN KEBIJAKAN TERHADAP JAMINAN PENDIDIKAN SELAMA BULAN SUCI RAMADHAN YANG SELALU MEMBUTUHKAN DUKUNGAN DONATUR YANG SETIA KEPADA PENDIDIKAN GENERASI BANGSA. https://t.co/Iv8SSKR7Wb","1776822548766015891","","","in","KANTOR KEMEMENTERIAN AGAMA RI ","0","0","0","https://twitter.com/Asyaari339Asya/status/1776822548766015891","1479508750587162624","Asyaari339Asya"
"1776786228626784443","Sun Apr 07 01:37:02 +0000 2024","0","Penerimaan Mahasiswa Program Studi Magister Ilmu Hukum Jakarta Program Kerjasama dengan Badan Strategi Kebijakan Pendidikan dan Pelatihan Hukum dan Peradilan MA RI Semester Ganjil 2024 https://t.co/bxPNZFIh93","1776786228626784443","","","in","Malang","0","0","0","https://twitter.com/infoUB/status/1776786228626784443","440969307","infoUB"
"1776449719214145985","Sat Apr 06 03:19:52 +0000 2024","3","Twit ini adalah bukti pendidikan agama lebih dominan daripada pendidikan bahasa dan logika argumentasi terutama dalam rangka mengorganisir simpati dan mendorong wacana. Mari bawa Tuhan Dosa dan Jahanam untuk mengajak audiens meninjau kegagalan kebijakan kebahasaaan kita","1776449719214145985","","","in","","0","0","0","https://twitter.com/SodaTawar/status/1776449719214145985","1156276598","SodaTawar"
"1776178988945474008","Fri Apr 05 09:24:05 +0000 2024","0","Anggota Komisi X DPR RI dari Fraksi Partai NasDem Lisda Hendrajoni tegas-tegas menolak kebijakan Menteri Pendidikan Kebudayaan Riset dan Tekonologi (Mendikbudristek) RI Nadiem Makarim terkait penghapusan Pramuka dari ekstrakurikuler wajib di sekolah. https://t.co/cMW7AiqMMf","1776178988945474008","https://pbs.twimg.com/media/GKZBYJkaMAA0X-Z.jpg","","in","Jakarta","0","1","0","https://twitter.com/Fraksi_NasDem/status/1776178988945474008","3067711995","Fraksi_NasDem"
"1776146528954118228","Fri Apr 05 07:15:06 +0000 2024","0","Kebijakan Kementerian Pendidikan Kebudayaan Riset dan Teknologi (Kemendikbudristek) terkait ekstrakurikuler Pramuka mengundang respons keras https://t.co/G5MDlaCfHa #KomisiEDPRDJatim #DPRDJatim #Kemendikbudristek #Pramuka","1776146528954118228","","","in","Surabaya","0","0","0","https://twitter.com/ngopibareng_id/status/1776146528954118228","1291246080269545472","ngopibareng_id"
"1776062599333118120","Fri Apr 05 01:41:35 +0000 2024","0","Ngomongin kondisi pendidikan saat ini dengan kebijakan yg ga masuk akal bikin nyaris gelut sama papa (karena ga logis dan beda dengan kebijakan sebelumnya). Untung Wapi belain ","1776062599333118120","","","in","","0","1","0","https://twitter.com/aininoraa/status/1776062599333118120","628353274","aininoraa"
"1776032310426816556","Thu Apr 04 23:41:14 +0000 2024","0","Kritik Kebijakan Kemendikbudristek Soal Pramuka DPRD Jatim: Tak Hargai Sejarah. Komisi E bidang pendidikan DPRD Jatim mengkritik kebijakan Kementrian Pendidikan Kebudayaan Riset dan https://t.co/zjR0gvOl1T #PolitikPemerintahan #DPRDJatim #JawaTimur via @beritajatimcom","1776032310426816556","","","in","Surabaya","0","0","0","https://twitter.com/beritajatimcom/status/1776032310426816556","21287066","beritajatimcom"
"1775935648496759212","Thu Apr 04 17:17:08 +0000 2024","4","Setuju Dihajar kenaikan harga kebutuhan primer &amp; sekunder biaya pendidikan tinggi ongkos sehat mahal sekali Ditambah lagi ... Diteror kebijakan Pemerintah yg ga punya Empati &amp; mau menang sendiri","1775935648496759212","","","in","","0","0","0","https://twitter.com/blank0429/status/1775935648496759212","2908675710","blank0429"
"1775909931977486494","Thu Apr 04 15:34:57 +0000 2024","0","Ini salah satu kenapa Indonesia butuh lebih banyak certified complainer . Banyak orang gak tau kebobrokan pendidikan ya karena kebijakan katrok dari pejabatnya","1775909931977486494","","","in","United Kingdom - Indonesia","0","0","0","https://twitter.com/zicostian/status/1775909931977486494","48740425","zicostian"
"1775856236149543348","Thu Apr 04 12:01:35 +0000 2024","1","Seharusnya Menteri Pendidikan itu ngasih solusi KIP Kuliah yang gampang prosedurnya dan UKT yang terjangkau keluarga pra sejahtera yang anaknya mau nerusin kuliah. Mosok menteri pendidikan gak kepingin anak2 bangsanya cerdas di kebijakan tanda tangannya??","1775856236149543348","","","in","Mengwi, Indonesia","0","0","0","https://twitter.com/dp_koesmirah/status/1775856236149543348","1131410981131653120","dp_koesmirah"
"1775850804982804880","Thu Apr 04 11:40:00 +0000 2024","0","Pengamat Kebijakan Pendidikan Universitas Gadjah Mada (UGM) Subarsono menilai tak masalah pramuka kini menjadi ekstrakurikuler tak wajib. Dia menyebut ragam ekstrakurikuler diperlukan seiring perkembangan zaman. #Ekstrakurikuler #Pramuka #MedcomId https://t.co/hYeyGWmxeX","1775850804982804880","","","in","Jakarta Capital Region, Indone","0","0","0","https://twitter.com/medcom_id/status/1775850804982804880","902837643024539651","medcom_id"
"1775825787092144202","Thu Apr 04 10:00:35 +0000 2024","10","Kebijakan ini membuat Ma'had Aly setara dengan lembaga pendidikan tinggi lain baik soal status lulusan hingga perhatian pemerintah atas pengembangannya. https://t.co/wQCN3VDrns","1775825787092144202","","","in","Indonesia","1","1","1","https://twitter.com/nu_online/status/1775825787092144202","214818815","nu_online"
"1775820708939198957","Thu Apr 04 09:40:24 +0000 2024","0","Legislator PKS Pertanyakan Upaya Pemerintah Hapus Kurikulum Pramuka Saya tidak habis mengerti mengapa tiba-tiba ada wacana menghapus pramuka dari kurikulum pendidikan nasional? ini kebijakan yang aneh dan di luar nalar dan kewarasan ~Fahmy Alaydroes https://t.co/W874fHlMpZ https://t.co/kp8wJdLeZk","1775820708939198957","https://pbs.twimg.com/media/GKT7hGba8AA9cBn.jpg","","in","Kota Langsa","0","0","0","https://twitter.com/AidilFan/status/1775820708939198957","799462861101637632","AidilFan"
"1775801315094126984","Thu Apr 04 08:23:20 +0000 2024","0","Ini nih ketika pambuat kebijakan bukan orang lapangan. Sering terjadi. Entah karena ga mau ribet bikin pengecualian entah karena emang seignorant itu entah lah. Dosa menunggu para pemangku kebijakan yang dzolim. Semoga masyarakat punya akses yang sama ke pendidikan yg layak.","1775801315094126984","","","in","","0","0","0","https://twitter.com/mrabdusyukur/status/1775801315094126984","1700406222","mrabdusyukur"
"1775736992577282340","Thu Apr 04 04:07:45 +0000 2024","193","Legislator PKS Pertanyakan Upaya Pemerintah Hapus Kurikulum Pramuka Saya tidak habis mengerti mengapa tiba-tiba ada wacana menghapus pramuka dari kurikulum pendidikan nasional? ini kebijakan yang aneh dan di luar nalar dan kewarasan ~Fahmy Alaydroes https://t.co/iKzwn9dORx https://t.co/arIaGh4mDQ","1775736992577282340","https://pbs.twimg.com/media/GKSvYjUXwAA7Vli.jpg","","in","TB. Simatupang No. 82, Jakarta","1","5","73","https://twitter.com/PKSejahtera/status/1775736992577282340","22365191","PKSejahtera"
"1775734995841388662","Thu Apr 04 03:59:49 +0000 2024","4","Ini baru dari pendidikan Belom yang lainnya Ngurusin benda mati gorong gorong sama aspal aja gak bener Apalagi makhluk hidup yang bernyawa Semoga para pembuat kebijakan selalu diberkahi hidupnya","1775734995841388662","","","in","","0","0","0","https://twitter.com/ihsan_adityaa/status/1775734995841388662","380138841","ihsan_adityaa"
"1775724492918259946","Thu Apr 04 03:18:05 +0000 2024","1","Sbg PNS aku sedih bgt kalo baca berita soal kebijakan anak PNS ga berhak dapat KIPK. Jahat bgt ya Allah. Gak semua PNS kerja di Kemensultan ga semua PNS Tunkinnya besar. Anak2 PNS ini terus ga berhak dapat bantuan pendidikan tinggi?? Nyuruh putus sekolah???","1775724492918259946","","","in","Jakarta","0","0","1","https://twitter.com/ninaevayanti/status/1775724492918259946","46121877","ninaevayanti"
"1775705355231887823","Thu Apr 04 02:02:02 +0000 2024","0","Sejak awal gue meragukan kebijakan pak mentri apa hanya karena pendiri gojek lantas beliau cakap dalam mengelola pendidikan di Indonesia menurut saya tidak.","1775705355231887823","","","in","On your right","0","0","0","https://twitter.com/Froyo64/status/1775705355231887823","1079442888","Froyo64"
"1775704848098619884","Thu Apr 04 02:00:01 +0000 2024","0","Kebijakan Menteri Pendidikan Kebudayaan Riset dan Teknologi Nadiem Makarim yang mencabut kegiatan Pramuka sebagai ekstrakurikuler wajib di sekolah menuai pro kontra. Lalu apa saja tugas dan fungsi Pramuka? Heranof Al Basyir mengulasnya untuk anda. https://t.co/ns6OyEQSsE https://t.co/dIXSKi3Cv5","1775704848098619884","https://pbs.twimg.com/amplify_video_thumb/1775503418460942337/img/lAl_IRf5C9MkjaJF.jpg","","in","Indonesia","0","0","0","https://twitter.com/CNNIDdaily/status/1775704848098619884","3306771829","CNNIDdaily"
"1775568894612447383","Wed Apr 03 16:59:47 +0000 2024","0","Ada apa dengan menteri pendidikan kita? Sampai harus membuat kebijakan yg sangat lucu mmutuskan Pramuka tak lagi menjadi ekstrakurikuler? Why Apakah bapak juga lupa bahwa dari pramukalah generasi muda siswa &amp; siswi dididik karakter jadi pemimpin bahkan mencintai negerinya? https://t.co/Mw3Z8GAEZ8","1775568894612447383","https://pbs.twimg.com/media/GKQWgAcakAE7Qb_.jpg","","in","Influencer","0","1","0","https://twitter.com/blasteerst/status/1775568894612447383","3324164575","blasteerst"
"1775514401417879821","Wed Apr 03 13:23:15 +0000 2024","1","Ketika pendidikan dipandang sabagai bisnis hasilnya sembarangan seperti kebijakan Nadiem @Kemdikbud_RI","1775514401417879821","","","in","Bima & Makassar","0","0","0","https://twitter.com/syarifahmad75/status/1775514401417879821","464759910","syarifahmad75"
"1775466692313014278","Wed Apr 03 10:13:40 +0000 2024","2","Di mana keadilan bagi kami korban kebijakan pemerintah dgn alasan kesejaktraan rakyat tapi di sisilan membunuh rakyatnya sendiri dengan menciptakan pengangguran dan putusnya pendidikan bagi anak2 di mana ada keadilan di NKRI?? https://t.co/CQYho3beJ6","1775466692313014278","https://pbs.twimg.com/media/GKO5idoacAAuAMq.jpg","","in","","0","0","1","https://twitter.com/ZImmanuelElly1/status/1775466692313014278","1535389189730365440","ZImmanuelElly1"
"1775441401746198694","Wed Apr 03 08:33:10 +0000 2024","2","Seribet-ribetnya kebijakan menteri pendidikan satu hal yang aku sangat setuju tentang peningkatan literasi dan numerasi bagi peserta didik. Netijen Indo emang rata2 minim literasi ya Allah https://t.co/CkUSvF2zAq","1775441401746198694","https://pbs.twimg.com/media/GKOiinqbcAA3m26.jpg","","in","hi!!! hop-hop person","0","1","1","https://twitter.com/hi_dinosaurus/status/1775441401746198694","2997994201","hi_dinosaurus"
"1775424530657530348","Wed Apr 03 07:26:08 +0000 2024","0","Demonya sekalian ke kementrian pendidikan juga karena kebijakan mereka juga mempengaruhi UKT","1775424530657530348","","","in","Indonesia","0","0","0","https://twitter.com/itsmemeriska/status/1775424530657530348","2307662136","itsmemeriska"
"1775399113913491812","Wed Apr 03 05:45:08 +0000 2024","1","Belajar Kebijakan Pendidikan Agama Pemkab Kutai Kartanegara Kunjungi Disdikbud Pamekasan #mediajatim #lebihtahujawatimur #disdikbudpmk #pemkabkutaikertanegara #studibanding #pendidikan #keagamaan https://t.co/442hQnvFm9","1775399113913491812","","","in","Pamekasan, Jawa Timur","0","0","0","https://twitter.com/MediaJatim/status/1775399113913491812","846324454003171328","MediaJatim"
"1775390394324500611","Wed Apr 03 05:10:29 +0000 2024","1","Hapus Eskul Pramuka Komisi X DPR Minta Kementerian Nadiem Dievaluasi Seharusnya Komisi X secara resmi undang Menteri Pendidikan acarakan Rapat Dengar Pendapat utk evaluasi kebijakan tsb. Kalau anggota DPR perorangan berbicara tak ada dampaknya https://t.co/fIlJIA51Gq","1775390394324500611","","","in","Jakarta selatan","0","1","2","https://twitter.com/ibnupurna/status/1775390394324500611","207559187","ibnupurna"
"1775329535875256712","Wed Apr 03 01:08:40 +0000 2024","0","Sebagai upaya untuk mendukung Indonesia sebagai tujuan bagi pelajar internasional Direktorat Jenderal Imigrasi mengeluarkan kebijakan visa pendidikan dengan persyaratan yang ringkas dan pengajuan yang sangat mudah dengan sistem online melalui laman https://t.co/HEqbenRrXX. https://t.co/XLmuwbWsVg","1775329535875256712","https://pbs.twimg.com/media/GKM8wxua4AAp_iK.jpg","","in","Bali, Indonesia","0","1","0","https://twitter.com/imngurahrai/status/1775329535875256712","1186194086","imngurahrai"
"1775321619755598154","Wed Apr 03 00:37:12 +0000 2024","150","Akhirnya Komisi X turun juga masalah nadiem Komisi X DPR RI meminta pengambilan kebijakan di kementerian pendidikan dan kebudayaan riset dan teknologi (Kemendikbud Ristek) dievaluasi. Sebab kebijakan yang diambil kerap kali menimbulkan kegaduhan di tengah masyarakat. https://t.co/b2MDRoKYw2","1775321619755598154","https://pbs.twimg.com/ext_tw_video_thumb/1775321559412215808/pu/img/lWWt0onsw-I9OBGr.jpg","","in","Jawi Wetan","6","47","102","https://twitter.com/C4k_D3pp/status/1775321619755598154","3797534720","C4k_D3pp"
"1775190155269423152","Tue Apr 02 15:54:49 +0000 2024","1","DPR Kritik Kebijakan Nadiem Cabut Kewajiban Pramuka: Kemunduran Pendidikan Karakter! https://t.co/uZGDRgxjVi #nadiem #pendidikan #pramuka #sekolah","1775190155269423152","","","in","Bandung, Jawa Barat","0","0","0","https://twitter.com/rmoljabar/status/1775190155269423152","2655804272","rmoljabar"
"1775142951804702889","Tue Apr 02 12:47:14 +0000 2024","4","Belum lama di protes acap kali gonta ganti dan pasang cabut kebijakan Kemendikbud Nadim Makarim menghapus Pramuka menjadi program non wajib bg siswa siswi. Sudah pendidikan Moral Nasionalis dan Pancasila di hapus sekarang Pramuka jg dihapus. Mau dpt ilmu dr mana anak didik ? https://t.co/lyniNm6lIY","1775142951804702889","https://pbs.twimg.com/ext_tw_video_thumb/1775142868484841472/pu/img/-gcU_WF5nFhHm8sX.jpg","","in","","0","1","1","https://twitter.com/embah72/status/1775142951804702889","4146240312","embah72"
"1775095957467857007","Tue Apr 02 09:40:30 +0000 2024","2","Pemkot yg sekarang itu masih punya Dewan Riset Daerah gak sih? Pun kota pendidikan punya banyak ahli PWK di UB apa susahnya bikin kebijakan berlandaskan riset. Selama ini kebanyakan berasa spontanitas gitu.","1775095957467857007","","","in","MLG - SUB","0","1","0","https://twitter.com/Lvfsdy/status/1775095957467857007","1509794620615495683","Lvfsdy"
"1775082082307645614","Tue Apr 02 08:45:22 +0000 2024","0","Kebijakan Penghapusan Pramuka Sebagai Ekskul Wajib Bagi Kami Kebablasan #Berita #Seketika #fyp #fypシ #Pramuka #Ekstrakurikuler #Kebijakan #Pendidikan #SyaifulHuda #DPR #Kemendikbudristek #DPRRI https://t.co/7ZAtIiKiRZ","1775082082307645614","","","in","Jakarta","0","0","0","https://twitter.com/seketikanet/status/1775082082307645614","1696426676065038336","seketikanet"
"1775064741679087933","Tue Apr 02 07:36:28 +0000 2024","0","Ketua Komisi X DPR RI Syaiful Huda memprotes kebijakan Kementerian Pendidikan Kebudayaan Riset dan Teknologi (Kemendikbudristek) yang mencabut Pramuka sebagai ekstrakurikuler wajib sekolah. Ia menilai itu kebablasan. https://t.co/t5VKbxRViR","1775064741679087933","","","in","","0","0","0","https://twitter.com/heralddotID/status/1775064741679087933","1698580133068865536","heralddotID"
"1775050847782940930","Tue Apr 02 06:41:15 +0000 2024","0","Tolak Kebijakan Nadiem Hapus Pramuka dari Ekskul Wajib Yoyok Sukawi: Pramuka Pendidikan Karakter Anak Sekolah https://t.co/NOogcacYFw","1775050847782940930","","","in","","0","0","0","https://twitter.com/TajukPolitik/status/1775050847782940930","729309555486642176","TajukPolitik"
"1774975878260572621","Tue Apr 02 01:43:21 +0000 2024","1","Menteri Pendidikan Kebudayaan Riset dan Teknologi RI Nadiem Makarim telah mengeluarkan kebijakan yang mengubah status kegiatan Pramuka sebagai ekstrakurikuler wajib menjadi tidak wajib di sekolah. https://t.co/zJ997AIVNo","1774975878260572621","","","in","Pontianak, Kalimantan Barat","0","0","0","https://twitter.com/BorneoStreet/status/1774975878260572621","1305152759625166848","BorneoStreet"
"1774891915164676341","Mon Apr 01 20:09:43 +0000 2024","0","Transformasi Kebijakan Pendidikan: Pramuka Tidak Lagi Wajib di Sekolah Menurut Peraturan Menteri Nomor 12 Tahun 2024 https://t.co/SKqtJhOh91","1774891915164676341","","","in","Kota Metro, Lampung - Ina","0","0","0","https://twitter.com/PKBMRONAA/status/1774891915164676341","524301982","PKBMRONAA"
"1774799884656472545","Mon Apr 01 14:04:01 +0000 2024","0","masih mencoba menelaah kebijakan kebijakan mas nadiem ini. sebenernya mau dibawa ke mana pendidikan indonesia(?)","1774799884656472545","","","in","","0","0","0","https://twitter.com/Neeep_2/status/1774799884656472545","1631466276727169025","Neeep_2"
"1774796294000971838","Mon Apr 01 13:49:45 +0000 2024","5","Saya hanya berharap Gub Bupati dan Walkot yg bertanggunjawab atas pendidikan didaerahnya masing² untuk mengabaikan keputusan @nadiemmakarim yg menghapus kegiatan Pramuka dari kegiatan Eksul karena kebijakan ini ujungnya nanti merugikan generasi muda secara umum.","1774796294000971838","","","in","","1","1","0","https://twitter.com/ebe_ganzo/status/1774796294000971838","1449222685678968837","ebe_ganzo"
"1774770299248242889","Mon Apr 01 12:06:27 +0000 2024","0","Maunya Nadiem ini apa sih? Lagi-lagi bikin kebijakan ga ada kajiannya. Malu. Tiba-tiba Pramuka ga diwajibkan. Masalahnya apa? atau ada yang tahu kajian dari dinas pendidikan terkait kebijakan ini? Penasaran reasoningnya apaan.","1774770299248242889","","","in","(masih)di Indonesia","0","0","0","https://twitter.com/minkemellema91/status/1774770299248242889","189402534","minkemellema91"
"1774689160550391969","Mon Apr 01 06:44:02 +0000 2024","2279","Gua kira dulu Nadiem jadi Menteri ada kebijakan radikal yg dia buat di pendidikan yg bikin orang kagum seperti yg dia lakukan dgn Gojeknya dulu.. Gak taunya cuman bubarin ekskul Pramuka. Jiahhh.. https://t.co/yl8a4yIVdD","1774689160550391969","https://pbs.twimg.com/media/GKD2YtwXsAA4S99.jpg","","in","Indonesia","21","370","283","https://twitter.com/Dennysiregar7/status/1774689160550391969","4780649298","Dennysiregar7"
"1774663374246420931","Mon Apr 01 05:01:34 +0000 2024","0","Cabut Pramuka dari Ekskul Wajib Kebijakan Nadiem Dinilai di Luar Nalar https://t.co/C7eXYHb1MY #Pendidikan","1774663374246420931","","","in","Pekanbaru Riau","0","0","0","https://twitter.com/GoRiauCom/status/1774663374246420931","1632918924","GoRiauCom"
"1774642958337536059","Mon Apr 01 03:40:27 +0000 2024","0","Menyimak berbagai kebijakan kontroversi rezim kebo rakyat ke' saya jadi auto mikir. Ini terbukti benar upaya mreka bener² TSM buat ngrusak masa depan konoha. Dari mengangkangi Konstitusi merajalela korupsi hingga penghapusan Pramuka dari kurikulum pendidikan. https://t.co/gdYD7lTXcu","1774642958337536059","https://pbs.twimg.com/media/GKDMVgvasAAZxJk.jpg","","in","Banten, Indonesia","0","0","0","https://twitter.com/Masigit17/status/1774642958337536059","988902782","Masigit17"
"1774616520095899901","Mon Apr 01 01:55:23 +0000 2024","5","Ini kebijakan ngaco dari @nadiemmakarim Semoga semua Kepala daerah se Indonesia Gub Bup dan Walkot menginstruksikan ke Kepala Dinas Pendidikan masing² tidak mengikuti aturan yg ngaco dari Menteri P &amp; K https://t.co/QnuaQ43I5i","1774616520095899901","https://pbs.twimg.com/media/GKC0UO7bkAA9fQq.jpg","","in","","0","2","2","https://twitter.com/ebe_ganzo/status/1774616520095899901","1449222685678968837","ebe_ganzo"
"1774615200760807897","Mon Apr 01 01:50:09 +0000 2024","37","Bbrp tahun pasca lulus SMA eskul pecinta alam kami dibubarkan sekolah. Dicetus guru senior kalau dipikir² sudah esmelon. Memang pusing kalau kebijakan pendidikan dari yg lokal sampai tingkat tinggi diputuskan cuma dg dirasa² oleh penentu. Apalagi cuma lagi² utk kurangi subsidi.","1774615200760807897","","","in","","1","5","3","https://twitter.com/Marimar_Aauw/status/1774615200760807897","1299360593703395329","Marimar_Aauw"
"1774614654310048136","Mon Apr 01 01:47:58 +0000 2024","1","Era orba yg kami pelajari prioritas utama kebijakan stabilitas keamanan +kebijakan pro rakyat&gt; kesehatan+ kebutuhan pokok+ pendidikan+ koperasi-umkm banyak positifnya yg bs dipertahan kan-tingkatkan bkn diganti krn mo tampil beda negatifnya hilangkan atw perbaiki","1774614654310048136","","","in","DKI Jakarta, Indonesia","1","0","0","https://twitter.com/cocolatetwo/status/1774614654310048136","1506138031429861378","cocolatetwo"
"1774606006556983758","Mon Apr 01 01:13:37 +0000 2024","0","Kebijakan pramuka ini hal penting menyangkut kebijakan melibatkan PNS terbanyak dan rakyat terbanyak yg waktunya cukup pendek yaitu juni mendatang. Akan ada Pro kontra sementara harus kesamaan persepsi bagi orangtua siswa guru kementrian dan dinas pendidikan.","1774606006556983758","","","in","Kota Semarang, Jawa Tengah","0","0","0","https://twitter.com/kdrn_phobia/status/1774606006556983758","86537989","kdrn_phobia"
"1774603017301655745","Mon Apr 01 01:01:44 +0000 2024","4","Salah satu hal yang sangat saya suka dari beliau adalah ketika ingin membuat kebijakan semua elemen yang akan terikat nantinya diberi ruang bicara. Misal soal pendidikan tidak hanya pemerintah dan ahli tapi juga gurunya orang tuanya bahkan sampai anak muridnya.","1774603017301655745","","","in","","0","1","0","https://twitter.com/fahmieljor/status/1774603017301655745","1000982230187917314","fahmieljor"
