"conversation_id_str","created_at","favorite_count","full_text","id_str","image_url","in_reply_to_screen_name","lang","location","quote_count","reply_count","retweet_count","tweet_url","user_id_str","username"
"1365578600875892736","Sat Feb 27 08:24:44 +0000 2021","0","Kebijakan Otsus Mampu Meningkatkan Kualitas Pendidikan di Papua https://t.co/SfHAJaQAVL","1365578600875892736","https://pbs.twimg.com/media/EvOCf8gUcAEuDvI.jpg","","in","Kota Mataram, Nusa Tenggara Ba","0","0","0","https://twitter.com/nkripro_/status/1365578600875892736","1357648462221725696","nkripro_"
"1365578563458453508","Sat Feb 27 08:24:35 +0000 2021","0","Kebijakan Otsus Mampu Meningkatkan Kualitas Pendidikan di Papua https://t.co/kEdTX71oEI","1365578563458453508","https://pbs.twimg.com/media/EvOCdxFVIAEZax_.jpg","","in","West Nusa Tenggara, Indonesia","0","0","0","https://twitter.com/ranggasasna/status/1365578563458453508","1293787781517328386","ranggasasna"
"1365578502804660227","Sat Feb 27 08:24:20 +0000 2021","0","Kebijakan Otsus Mampu Meningkatkan Kualitas Pendidikan di Papua https://t.co/SGQt4sHXxd","1365578502804660227","https://pbs.twimg.com/media/EvOCaR8VoAI2cpH.jpg","","in","Kota Mataram, Nusa Tenggara Ba","0","0","0","https://twitter.com/andiabimana/status/1365578502804660227","1305779412843991042","andiabimana"
"1365578451000848384","Sat Feb 27 08:24:08 +0000 2021","0","Kebijakan Otsus Mampu Meningkatkan Kualitas Pendidikan di Papua https://t.co/rZTtTBLJ7I","1365578451000848384","https://pbs.twimg.com/media/EvOCXP8UUAU4wHX.jpg","","in","West Nusa Tenggara, Indonesia","0","0","0","https://twitter.com/DenBagusNKRI/status/1365578451000848384","1364781151118761994","DenBagusNKRI"
"1365485844656648200","Sat Feb 27 02:16:09 +0000 2021","0","Pendidikan belajar jarak jauh bagi siswa SD di pedesaan memprihatin karena orang tua tak mampu beli paket. Perlu ada kebijakan buka sekolah secara lokal desa bagi desa yang zona hijau. Dan bantu masyarakat paket netnya. Tolong dengarkan jeritan masyarakat .","1365485844656648200","","","in","","0","0","0","https://twitter.com/ASTADALA1/status/1365485844656648200","1311606843932733440","ASTADALA1"
"1365466885131706368","Sat Feb 27 01:00:49 +0000 2021","0","Masyarakat Papua mendukung kebijakan Otonomi Khusus Papua karena terbukti telah membawa kesejahteraan bagi masyarakat Papua baik di bidang ekonomi maupun pendidikan. #PapuaSemakinMakmur #PapuaIndonesia https://t.co/FH8heBhl3u","1365466885131706368","https://pbs.twimg.com/media/EvMc5HvUUAEoLQH.jpg","","in","","0","0","0","https://twitter.com/cremeana/status/1365466885131706368","1148463481215057921","cremeana"
"1365299766691700740","Fri Feb 26 13:56:45 +0000 2021","0","Tingkatkan Mutu Operasional Sekolah Kemendikbud Terbitkan Kebijakan BOS Reguler dan DAK Fisik 2021 Jokowi Gaspol Pendidikan https://t.co/7enyHZYW9F","1365299766691700740","https://pbs.twimg.com/media/EvKE5ufVcAAjaay.jpg","","in","","0","0","0","https://twitter.com/Ghee_Thok/status/1365299766691700740","1048944719663751170","Ghee_Thok"
"1365248539765342213","Fri Feb 26 10:33:11 +0000 2021","3","Harga : IDR 59.000 (normal 65.000) Pendidikan kita memang kacau-balau. Pemegang kebijakan tampaknya tuli dengan kritik dan cercaan yang ditujukan padanya. Padahal kita tahu pendidikan adalah cermin peradaban dan kualitas Bangsa. https://t.co/eBuGrwv5FR","1365248539765342213","https://pbs.twimg.com/media/EvJWTdYUUAAGnw-.jpg","","in","Karangwaru, Yogyakarta","0","1","1","https://twitter.com/warungsastra/status/1365248539765342213","961772229699674112","warungsastra"
"1365210127679119363","Fri Feb 26 08:00:33 +0000 2021","0","Kementerian Pendidikan dan Kebudayaan menerbitkan kebijakan bantuan operasional sekolah dan dana alokasi khusus fisik 2021. https://t.co/pOCvVymb0P","1365210127679119363","","","in","Jakarta","0","0","0","https://twitter.com/kompascom/status/1365210127679119363","23343960","kompascom"
"1365198125493751813","Fri Feb 26 07:12:51 +0000 2021","1","diskusi yuk menurut kalian ada gak sih pengaruh kebijakan jepang dibidang pendidikan di Indonesia sampai sekarang? sch!","1365198125493751813","","","in","RULES 👉","0","0","0","https://twitter.com/SchoolfessID/status/1365198125493751813","1244113314398875649","SchoolfessID"
"1365119166626242565","Fri Feb 26 01:59:06 +0000 2021","2","Kementerian Pendidikan dan Kebudayaan (Kemendikbud) hari ini mengumumkan kebijakan terkait skema penyaluran Bantuan Operasional Sekolah (BOS) dan Dana Alokasi Khusus (DAK) Fisik tahun 2021. Kebijakan anggaran ini merupakan kelanjutan dari Merdeka Belajar episode 3 tahun lalu https://t.co/UzWkbt28VQ","1365119166626242565","https://pbs.twimg.com/media/EvHgpC9VkAA1ps3.jpg","","in","Bandung, Jawa Barat","0","1","0","https://twitter.com/bbgp_jabar/status/1365119166626242565","796930412668825601","bbgp_jabar"
"1364887252216602625","Thu Feb 25 10:37:33 +0000 2021","1","Senin 13 Februari 2012 lalu kami menyatakan OTONOMI KHUSUS Papua gagal. Terutama masalah Kesehatan dan Pendidikan bahkan program yang menjadi prioritas lainnya didaerah . Bukan itu saja sejumlah Kebijakan yang menjadi bagian dari pada roh Otsus itu sendiri . https://t.co/gzZJmI3cZ4","1364887252216602625","https://pbs.twimg.com/media/EvENtjjVcAkHOdJ.jpg","","in","Nabire Papua Indonesia","0","1","0","https://twitter.com/BgubauThobyTb2/status/1364887252216602625","1328394066417963008","BgubauThobyTb2"
"1364853903360102406","Thu Feb 25 08:25:02 +0000 2021","0","Telkomsel Dukung Program Bantuan Kuota Data Internet dari Kemendikbud: Komitmen tersebut kini diwujudkan dengan mendukung implementasi kebijakan pemerintah Republik Indonesia (RI) di sektor pendidikan melalui program Bantuan Kuota Data Internet yang https://t.co/yRs5bPxFZY","1364853903360102406","","","in","Indonesia","0","0","1","https://twitter.com/merdekadotcom/status/1364853903360102406","456426648","merdekadotcom"
"1364838652950372358","Thu Feb 25 07:24:26 +0000 2021","0","Selamat siang saya Sarah dari Akademi Komunikasi Media Radio dan TV (AKMRTV) Jakarta Saya sedang melakukan Penelitian Ilmiah tentang kebijakan Kuota Internet Pendidikan Gratis @Rudiirawadi119","1364838652950372358","","","in","","0","1","0","https://twitter.com/SNovirza/status/1364838652950372358","1298499668855287812","SNovirza"
"1364838568451969028","Thu Feb 25 07:24:06 +0000 2021","0","Selamat siang saya Sarah dari Akademi Komunikasi Media Radio dan TV (AKMRTV) Jakarta Saya sedang melakukan Penelitian Ilmiah tentang kebijakan Kuota Internet Pendidikan Gratis @JunjungUji","1364838568451969028","","","in","","0","1","0","https://twitter.com/SNovirza/status/1364838568451969028","1298499668855287812","SNovirza"
"1364838468187156480","Thu Feb 25 07:23:42 +0000 2021","0","Selamat siang saya Sarah dari Akademi Komunikasi Media Radio dan TV (AKMRTV) Jakarta Saya sedang melakukan Penelitian Ilmiah tentang kebijakan Kuota Internet Pendidikan Gratis @LordPratama","1364838468187156480","","","in","","0","1","0","https://twitter.com/SNovirza/status/1364838468187156480","1298499668855287812","SNovirza"
"1364837444286255105","Thu Feb 25 07:19:38 +0000 2021","1","Selamat siang saya Sarah dari Akademi Komunikasi Media Radio dan TV (AKMRTV) Jakarta Saya sedang melakukan Penelitian Ilmiah tentang kebijakan Kuota Internet Pendidikan Gratis @filosofiksi","1364837444286255105","","","in","","0","1","0","https://twitter.com/SNovirza/status/1364837444286255105","1298499668855287812","SNovirza"
"1364833470296383491","Thu Feb 25 07:03:51 +0000 2021","0","Selamat siang saya Sarah dari Akademi Komunikasi Media Radio dan TV (AKMRTV) Jakarta Saya sedang melakukan Penelitian Ilmiah tentang kebijakan Kuota Internet Pendidikan Gratis @Jelantik5","1364833470296383491","","","in","","0","1","0","https://twitter.com/SNovirza/status/1364833470296383491","1298499668855287812","SNovirza"
"1364814901718392833","Thu Feb 25 05:50:04 +0000 2021","0","Kebijakan dan Politik Pendidikan di Indonesia https://t.co/qQ7JWotQp2 https://t.co/rCK3gHWGe6","1364814901718392833","https://pbs.twimg.com/media/EvDL66kVIAIw5-v.jpg","","in","Indonesia","0","0","0","https://twitter.com/jurnalpostcom/status/1364814901718392833","550714680","jurnalpostcom"
"1364771561413111810","Thu Feb 25 02:57:51 +0000 2021","0","Salah satu contoh pelaksanaan soft power adalah pemberian beasiswa pendidikan ke warga negara asing tapi sepertinya belum ada data yang jelas mengenai kebijakan itu padahal kebijakan itu legal untuk dilakukan oleh @LPDP_RI berdasarkan Pepres 12/2019.","1364771561413111810","","","in","","0","1","0","https://twitter.com/egpguide/status/1364771561413111810","101167363","egpguide"
"1364759872017899524","Thu Feb 25 02:11:24 +0000 2021","2","Saya akan terus berjuang menjadi orang hebat &amp; bersuara kepada @ganjarpranowo agar mau membantu saya bertemu pak @jokowi u/ mau membuat kebijakan membangun fasilitas pendidikan terbaik dunia di tanah papua dr TK SD SMP SMA &amp; UNIVERSITAS demi peradaban maju tanah Papua. #2021 https://t.co/DysZpKYaZE","1364759872017899524","https://pbs.twimg.com/media/EvCZ3tzVkAUOh1M.jpg","","in","Salatiga, Jawa Tengah","0","0","0","https://twitter.com/christiansukan2/status/1364759872017899524","750540336938618880","christiansukan2"
"1364725860285050881","Wed Feb 24 23:56:15 +0000 2021","3","Otsus Papua merupakan kebijakan yang harus didukung demi meningkatkan pendidikan kesehatan perekonomian dan perkembangan infrastruktur agar Papua menjadi provinsi yang maju dan setara dengan daerah lain di Indonesia. #OtsusPapuaSangatBaik #PapuaIndonesia https://t.co/jqg8XGTPck","1364725860285050881","https://pbs.twimg.com/media/EvB664CUYAEnnrA.jpg","","in","","0","0","0","https://twitter.com/pinkxx99/status/1364725860285050881","1342094926301908992","pinkxx99"
"1364517676471758848","Wed Feb 24 10:09:00 +0000 2021","1","Budi Santosa Asrori mengapresiasi kerja sama antara #ProgramRISE dengan Dinas Pendidikan Kota Yogyakarta. RISE melakukan penelitian kebijakan pendidikan di Kota Yogyakarta untuk mendukung evidence-based policy. https://t.co/kKKkwUH088","1364517676471758848","","","in","Jakarta Pusat, DKI Jakarta","0","0","0","https://twitter.com/SMERUInstitute/status/1364517676471758848","942851575","SMERUInstitute"
"1364499903188062218","Wed Feb 24 08:58:22 +0000 2021","40","[cm] anak pendidikan mau curhat rumahku dan kampus tu jauh bgt beda kota. Sekarang lagi masanya ppl dan ternyata lokasinya di kota kampusku itu. Kebijakan dilimpahkan ke sekolah sekolahku luring. Aku yg parnoan ini bingung nangis terus. Takuttttt bgt rasanya gakbisa giniii https://t.co/F7KyAbqIPw","1364499903188062218","https://pbs.twimg.com/media/Eu-tbgKUYAAKzFF.jpg","","in","","0","2","5","https://twitter.com/collegemenfess/status/1364499903188062218","1046084008742801408","collegemenfess"
"1364492978773921794","Wed Feb 24 08:30:51 +0000 2021","0","Lho ya obrolane tekan pernikahan meneh wingi wes adem ayem kok bahas banjir kebijakan pemerintah laju ekonomi sistem pendidikan. Lha kok balik meneh ngobrol pernikahan... Duh","1364492978773921794","","","in","Pati","0","1","0","https://twitter.com/najibfiun/status/1364492978773921794","2269712846","najibfiun"
"1364477183054385153","Wed Feb 24 07:28:05 +0000 2021","0","Untuk mendukung upaya peningkatan SDM perlu ada kebijakan strategis terutama di daerah yang masih rendahnya akses masyarakat dalam memperoleh pendidikan yang layak. #AY🇮🇩 #PDIPerjuangan #SolidBergerak https://t.co/ytY85wO8ei","1364477183054385153","https://pbs.twimg.com/media/Eu-YwRpUcAQH0Es.jpg","","in","","0","0","0","https://twitter.com/abdy_yuhana_/status/1364477183054385153","1228244116619706368","abdy_yuhana_"
"1364253640559484930","Tue Feb 23 16:39:49 +0000 2021","97","Lemparlah kebijakan yang subtantif tentang ketahanan ekonomi pangan pendidikan dan hukum. Tidak lelah menjadi pemain watak?","1364253640559484930","","","in","","1","2","17","https://twitter.com/JackVardan/status/1364253640559484930","882506640410521600","JackVardan"
"1364200150634164226","Tue Feb 23 13:07:16 +0000 2021","4","Selasa 23/02/2021 -Seputar NU Lamongan.- para aktivis NU Lamongan sedang berdiskusi santai dan membahas penanggulangan bencana banjir di Kabupaten Lamongan yang di tinjau dari segi kebijakan publik(politik) Sejarah Budaya Pendidikan dan sosial. https://t.co/o7EFk5m2q5","1364200150634164226","https://pbs.twimg.com/media/Eu6cw3cVIAsd7IK.jpg","","in","sekretariat PC. Nu Lamongan","0","0","0","https://twitter.com/pcnulamongan/status/1364200150634164226","1361476683107168256","pcnulamongan"
"1364171989858983941","Tue Feb 23 11:15:22 +0000 2021","5","Hi #SobatJDS! Ravelto dan Aryo Junior Data Analyst di @jabardigital sudah merangkum studi analisis klastering sekolah yg mereka lakukan buat mendukung rekomendasi kebijakan pendidikan di #Jabar selama pandemi. Baca #artikel selengkapnya di: https://t.co/p9Yf9Cxoq8","1364171989858983941","","","in","Bandung, Jawa Barat","0","1","1","https://twitter.com/jabardigital/status/1364171989858983941","1126675784075079680","jabardigital"
"1364106400683581440","Tue Feb 23 06:54:44 +0000 2021","3","Ikatan Dokter Indonesia (IDI) Makassar menolak kebijakan Dinas Pendidikan Sulawesi Selatan yang akan membuka sekolah tatap muka. #TempoNasional https://t.co/nX3truzb5y","1364106400683581440","","","in","Indonesia","0","0","3","https://twitter.com/tempodotco/status/1364106400683581440","18129942","tempodotco"
"1363999682582646784","Mon Feb 22 23:50:40 +0000 2021","0","Ikhtiarkan Pendidikan Berkeadilan Melalui Kebijakan Asesmen Nasional | TIMESINDONESIA NTB Pada tahun 2019 melalui Kebijakan Merdeka Belajar Kementerian Pendidikan dan Kebudayaan telah mengambil kebijakan yang sangat strategis terkait standar pendidikan nasional https://t.co/M24Jnww0ol","1363999682582646784","https://pbs.twimg.com/media/Eu3mexIVcAAz_NN.jpg","","in","","0","0","0","https://twitter.com/kabarwarga/status/1363999682582646784","111836874","kabarwarga"
"1363473907500519428","Sun Feb 21 13:01:26 +0000 2021","0","JAKARTA - Kebijakan Menteri Pendidikan dan Kebudayaan (Kemendikbud) Nadiem Makarim kembali menuai kritikan. Kali dari Ketua umum Forum Guru Honorer Bersertifikasi Sekolah https://t.co/176cN66RbP","1363473907500519428","","","in","Cirebon, Indonesia","0","0","0","https://twitter.com/Radar_Cirebon/status/1363473907500519428","388848045","Radar_Cirebon"
"1362736280174436356","Fri Feb 19 12:10:22 +0000 2021","15","Tahukah kamu? Dalam menentukan arah dan kebijakan pengelolaan Dana Abadi Pendidikan LPDP didukung oleh 9 (sembilan) menteri sebagai Dewan Penyantun. Kalau mereka nongkrong di media sosial yang lagi naik daun ini kira-kira pada ngobrolin apa yaah? #DiriUntukNegeri https://t.co/N0Mjh6NgED","1362736280174436356","https://pbs.twimg.com/media/EulpbI5XYAEx8-d.jpg","","in","Jakarta Pusat, DKI Jakarta","0","1","4","https://twitter.com/LPDP_RI/status/1362736280174436356","1527305923","LPDP_RI"
"1362732739733020672","Fri Feb 19 11:56:18 +0000 2021","0","[TELAH BERLANGSUNG: AUDIENSI KEBIJAKAN BIAYA PENDIDIKAN DI TENGAH PANDEMI]⁣ ⁣ Halo FKM!⁣ ⁣ Dengan begitu banyaknya perubahan dan adaptasi kebijakan sudah seharusnya kebijakan terkait biaya pendidikan di masa pandemi turut berubah. https://t.co/iXQogtomup","1362732739733020672","https://pbs.twimg.com/media/EulmMECUUAQyOmD.jpg","","in","Depok, Indonesia","0","1","0","https://twitter.com/BEMFKMUI/status/1362732739733020672","110404464","BEMFKMUI"
"1362585517355794434","Fri Feb 19 02:11:17 +0000 2021","0","[ INFLAMASI | Informasi Langsung dan Masif ] Hallo Warga KM FK Unand Berikut ini Kesma ingin menginformasikan terkait Program Merdeka Belajar- Kampus Merdeka (MBKM) yang merupakan kebijakan Menteri Pendidikan dan Kebudayaan ... https://t.co/lET7wJ8p3p","1362585517355794434","https://pbs.twimg.com/media/EujfyC3VgAEdemJ.jpg","","in","Kampus FK UNAND Limau Manis","0","1","0","https://twitter.com/bemkmfkunand/status/1362585517355794434","165356760","bemkmfkunand"
"1362552343217070081","Thu Feb 18 23:59:28 +0000 2021","1","Masyarakat Papua mendukung kebijakan Otonomi Khusus Papua karena terbukti telah membawa kesejahteraan bagi masyarakat Papua baik di bidang ekonomi maupun pendidikan. #OtsusBanyakManfaat #PapuaIndonesia https://t.co/1FwRvRW56J","1362552343217070081","https://pbs.twimg.com/media/EujCIEbVkAElL9h.jpg","","in","","0","0","0","https://twitter.com/Ranca034/status/1362552343217070081","1333282800867241990","Ranca034"
"1362551219005186048","Thu Feb 18 23:55:00 +0000 2021","0","Masyarakat Papua mendukung kebijakan Otonomi Khusus Papua karena terbukti telah membawa kesejahteraan bagi masyarakat Papua baik di bidang ekonomi maupun pendidikan. #OtsusBanyakManfaat #PapuaIndonesia https://t.co/uXyF3bVim7","1362551219005186048","https://pbs.twimg.com/media/Eui5ivwVIAAywLh.jpg","","in","","0","0","0","https://twitter.com/Gitaa30n/status/1362551219005186048","1333043312203157504","Gitaa30n"
"1362493482871365632","Thu Feb 18 20:05:34 +0000 2021","1","sch! ada yg tau ttg prodi kebijakan pendidikan trs bisa ditanyain? rep ya nanti ku dm","1362493482871365632","","","in","Paid Promote/ Partnership 👇🏻","0","0","0","https://twitter.com/schfess/status/1362493482871365632","1201673806156161025","schfess"
"1362340547105415172","Thu Feb 18 09:57:52 +0000 2021","0","[TELAH BERLANGSUNG: AUDIENSI KEBIJAKAN BIAYA PENDIDIKAN DI TENGAH PANDEMI] Dengan begitu banyaknya perubahan dan adaptasi kebijakan sudah seharusnya kebijakan terkait biaya pendidikan di masa pandemi turut berubah. Namun perubahan yang diharapkan adalah yang mengakomodir (...) https://t.co/9KyEpiUWsT","1362340547105415172","https://pbs.twimg.com/media/EugBgMUVkAMl9mF.jpg","","in","Depok, Jawa Barat","0","1","0","https://twitter.com/BEMFFUI/status/1362340547105415172","251199919","BEMFFUI"
"1362311927590838274","Thu Feb 18 08:04:08 +0000 2021","5","TELAH BERLANGSUNG: AUDIENSI KEBIJAKAN BIAYA PENDIDIKAN DI TENGAH PANDEMI https://t.co/jP2oKLwmdz","1362311927590838274","https://pbs.twimg.com/media/EufneROVcAMYqlE.jpg","","in","Indonesia","0","1","2","https://twitter.com/BEMUI_Official/status/1362311927590838274","246221699","BEMUI_Official"
"1362303296598249476","Thu Feb 18 07:29:50 +0000 2021","0","[TELAH BERLANGSUNG: AUDIENSI KEBIJAKAN BIAYA PENDIDIKAN DI TENGAH PANDEMI] https://t.co/GbaezrMSE5","1362303296598249476","https://pbs.twimg.com/media/Euffn1YVEAAJ_bU.jpg","","in","Salemba - Depok","0","4","0","https://twitter.com/BEMFKGUI/status/1362303296598249476","241534103","BEMFKGUI"
"1362226018061180931","Thu Feb 18 02:22:46 +0000 2021","1","Peningkatan kompetensi dan kemampuan profesional guru menjadi salah satu ranah kebijakan pemerintah dalam bidang pendidikan. https://t.co/4qFZmFRs9T #kediri #beritajatim","1362226018061180931","","","in","Surabaya","0","0","0","https://twitter.com/beritajatimcom/status/1362226018061180931","21287066","beritajatimcom"
"1362216275804520449","Thu Feb 18 01:44:03 +0000 2021","2","Angkat topi kepada kepala institusi pendidikan yang memberanikan diri mengambil kebijakan supaya siswa/mahasiswanya tetap masuk dengan segala resiko yang sebenarnya resiko terbesar hanya 'diposting dan dicacat warga net'. Anda menyelamatkan kecerdasan dan moral bangsa!","1362216275804520449","","","in","","0","0","0","https://twitter.com/fahmiirzl/status/1362216275804520449","1069980945808220160","fahmiirzl"
"1362009621712445442","Wed Feb 17 12:02:53 +0000 2021","10","[BK MENULIS] BK Menulis oleh Mario Aden berupaya mengungkapkan konteks besar logika yang memengaruhi lahirnya kebijakan Kampus Merdeka dan implikasinya terhadap dunia pendidikan tinggi di Indonesia. Mari baca opini selengkapnya melalui https://t.co/l4oKzXX2yE #BKMWAUMUGM2021 https://t.co/9XQ0R2yGFA","1362009621712445442","https://pbs.twimg.com/media/EubUTuaVgAAJyp0.jpg","","in","","0","1","2","https://twitter.com/mwaum_ugm/status/1362009621712445442","1237548755202609156","mwaum_ugm"
"1361970494971416581","Wed Feb 17 09:27:24 +0000 2021","8","Warganet Indonesia silahkan baca infografis mengenai BBM Premium sering diusulkan dihapus karena ada 5 alasan. 5 Alasan ini sebenarnya hasil riset dr beberapa lembaga pendidikan di Indonesia. Kita tinggal menunggu kebijakan dr Pertamina &amp; Komisi VII DPR RI tuk menghapus Premium. https://t.co/EyiNzwUaxh","1361970494971416581","https://pbs.twimg.com/media/Euaw8XLUcAAuNp2.jpg","","in","","0","1","7","https://twitter.com/tolakbigotnkri/status/1361970494971416581","1095278812181389312","tolakbigotnkri"
"1361956693051990021","Wed Feb 17 08:32:34 +0000 2021","1","KPAI Temukan Pandemi Picu Anak Putus Sekolah dan Pernikahan Dini: Retno mengatakan pengaduan yang diterima KPAI terkait dengan sumbangan pembinaan pendidikan mulai dari permintaan pengurangan karena kebijakan belajar dari rumah hingga tunggakan https://t.co/YEBCuVDNpI","1361956693051990021","","","in","Indonesia","0","0","0","https://twitter.com/merdekadotcom/status/1361956693051990021","456426648","merdekadotcom"
"1361950535838953476","Wed Feb 17 08:08:06 +0000 2021","0","[SEDANG BERLANGSUNG: AUDIENSI KEBIJAKAN BIAYA PENDIDIKAN DI TENGAH PANDEMI]","1361950535838953476","","","in","Fakultas Hukum, Universitas In","0","0","0","https://twitter.com/BEM_FHUI/status/1361950535838953476","416314022","BEM_FHUI"
"1361950489852608513","Wed Feb 17 08:07:55 +0000 2021","0","[SEDANG BERLANGSUNG: AUDIENSI KEBIJAKAN BIAYA PENDIDIKAN DI TENGAH PANDEMI]","1361950489852608513","","","in","Fakultas Hukum, Universitas In","0","0","0","https://twitter.com/BEM_FHUI/status/1361950489852608513","416314022","BEM_FHUI"
"1361950272562491392","Wed Feb 17 08:07:03 +0000 2021","0","[SEDANG BERLANGSUNG: AUDIENSI KEBIJAKAN BIAYA PENDIDIKAN DI TENGAH PANDEMI]","1361950272562491392","","","in","Fakultas Hukum, Universitas In","0","0","0","https://twitter.com/BEM_FHUI/status/1361950272562491392","416314022","BEM_FHUI"
"1361947363619704833","Wed Feb 17 07:55:29 +0000 2021","0","[SEDANG BERLANGSUNG: AUDIENSI KEBIJAKAN BIAYA PENDIDIKAN DI TENGAH PANDEMI]","1361947363619704833","","","in","Fakultas Hukum, Universitas In","0","0","0","https://twitter.com/BEM_FHUI/status/1361947363619704833","416314022","BEM_FHUI"
"1361947197089087493","Wed Feb 17 07:54:50 +0000 2021","0","[SEDANG BERLANGSUNG: AUDIENSI KEBIJAKAN BIAYA PENDIDIKAN DI TENGAH PANDEMI]","1361947197089087493","","","in","Fakultas Hukum, Universitas In","0","0","0","https://twitter.com/BEM_FHUI/status/1361947197089087493","416314022","BEM_FHUI"
"1361947120652099587","Wed Feb 17 07:54:31 +0000 2021","0","[SEDANG BERLANGSUNG: AUDIENSI KEBIJAKAN BIAYA PENDIDIKAN DI TENGAH PANDEMI]","1361947120652099587","","","in","Fakultas Hukum, Universitas In","0","0","0","https://twitter.com/BEM_FHUI/status/1361947120652099587","416314022","BEM_FHUI"
"1361945691140972548","Wed Feb 17 07:48:51 +0000 2021","0","[SEDANG BERLANGSUNG: AUDIENSI KEBIJAKAN BIAYA PENDIDIKAN DI TENGAH PANDEMI]","1361945691140972548","","","in","Fakultas Hukum, Universitas In","0","0","0","https://twitter.com/BEM_FHUI/status/1361945691140972548","416314022","BEM_FHUI"
"1361944520007426052","Wed Feb 17 07:44:11 +0000 2021","18","[LIVE REPORT] Audiensi Kebijakan Biaya Pendidikan di Tengah Pandemi Pada pukul 14.20 diadakan audiensi dengan rektorat mengenai biaya pendidikan di masa pandemi COVID-19 pada Rabu 17 Februari 2021 di Pusgiwa UI. Audiensi ini dihadiri oleh aliansi BEM se-UI dan pihak rektorat. https://t.co/uXPSjGNi4G","1361944520007426052","https://pbs.twimg.com/media/EuaZUb3UUAEVeJj.jpg","","in","Student Centre lt.1 FEB UI","3","1","9","https://twitter.com/boeconomica/status/1361944520007426052","104442498","boeconomica"
"1361904613486702594","Wed Feb 17 05:05:37 +0000 2021","1","[ PROGRAM KAMPUS MENGAJAR ] Halo ISJ! Sehubungan dengan adanya Kebijakan Merdeka Belajar-Kampus Merdeka khususnya program Kampus Mengajar FIB UI dengan Direktorat Pendidikan sedang mengurus program Kampus Mengajar 12 SKS ini untuk dimasukkan ke dalam sistem SIAKNG.","1361904613486702594","","","in","","0","1","1","https://twitter.com/ISJUI/status/1361904613486702594","173110255","ISJUI"
"1361893816442126342","Wed Feb 17 04:22:43 +0000 2021","1","mimpi semalem seru bgt wkwkw Aku ada di satu ruangan dan diajarin ttg kebijakan pendidikan² (fokus ke kebijakan untuk guru) sama menteri² pendidikan yg lama dan yg baru. **mereka juga sempet hampir curhat tapi aku keburu bangun tidur","1361893816442126342","","","in","","0","1","0","https://twitter.com/ajriski/status/1361893816442126342","1526803016","ajriski"
"1361874065707782146","Wed Feb 17 03:04:14 +0000 2021","0","[COMING SOON: AUDIENSI KEBIJAKAN BIAYA PENDIDIKAN DI TENGAH PANDEMI] Halo FKM! Pandemi telah memengaruhi kemampuan finansial mahasiswa UI dalam membayar BOP. Tidak sedikit pula upaya yang telah dilakukan mahasiswa untuk memperoleh penyesuaian BOP. https://t.co/AZH9fdk3eT","1361874065707782146","https://pbs.twimg.com/media/EuZZPOYU4AcW3pL.jpg","","in","Depok, Indonesia","0","1","0","https://twitter.com/BEMFKMUI/status/1361874065707782146","110404464","BEMFKMUI"
"1361820152015249411","Tue Feb 16 23:30:00 +0000 2021","0","#Pemerintah perlu memiliki #kebijakan dan program-program yang dapat menghilangkan #diskriminasi #gender dan meningkatkan #akses untuk #perempuan termasuk #pendidikan dan #pekerjaan.","1361820152015249411","","","in","Jakarta, Indonesia","0","0","0","https://twitter.com/theprakarsa/status/1361820152015249411","268173607","theprakarsa"
"1361716736957980677","Tue Feb 16 16:39:04 +0000 2021","0","Ikhtiarkan Pendidikan Berkeadilan Melalui Kebijakan Asesmen Nasional https://t.co/KAiwOkYB5J","1361716736957980677","","","in","Wisma Mas Isman Jakarta","0","0","0","https://twitter.com/timescoid/status/1361716736957980677","1052798082419580928","timescoid"
"1361677802689286148","Tue Feb 16 14:04:21 +0000 2021","11","COMING SOON: AUDIENSI KEBIJAKAN BIAYA PENDIDIKAN DI TENGAH PANDEMI https://t.co/9xHKzzU0X5","1361677802689286148","https://pbs.twimg.com/media/EuWmvaeUcAMmxtk.jpg","","in","Indonesia","1","1","8","https://twitter.com/BEMUI_Official/status/1361677802689286148","246221699","BEMUI_Official"
"1361671077684944900","Tue Feb 16 13:37:38 +0000 2021","1","[COMING SOON: AUDIENSI KEBIJAKAN BIAYA PENDIDIKAN DI TENGAH PANDEMI] Pandemi telah memengaruhi kemampuan finansial mahasiswa UI dalam membayar BOP. Tidak sedikit pula upaya yang telah dilakukan mahasiswa untuk memperoleh penyesuaian BOP. Namun penyesuaian BOP tidak (...) https://t.co/2iISL0cGnD","1361671077684944900","https://pbs.twimg.com/media/EuWgn63VcAsRNmQ.jpg","","in","Depok, Jawa Barat","0","1","0","https://twitter.com/BEMFFUI/status/1361671077684944900","251199919","BEMFFUI"
"1361628147003883520","Tue Feb 16 10:47:02 +0000 2021","0","Kebijakan otsus menyetarakan sektor pendidikan","1361628147003883520","","","in","Yogyakarta","0","0","0","https://twitter.com/nobitatakesi/status/1361628147003883520","1356989898645929986","nobitatakesi"
"1361558624649154563","Tue Feb 16 06:10:47 +0000 2021","6","Pesantren lembaga pendidikan islam yg memiliki corak khas entah dari segi ideologi metodologi dll. Dan tentu tidak bisa d intervensi oleh siapapun. Kebijakan juga selalu final dan tidak untuk diperdebatkan karena kebijakan diambil oleh kiai ustadz untuk kebaikan santrinya.","1361558624649154563","","","in","","1","3","0","https://twitter.com/Beysadadi/status/1361558624649154563","1285587502061858824","Beysadadi"
"1361327876545540101","Mon Feb 15 14:53:52 +0000 2021","13","Gmn respon organ depolitisasi macam PGRI maupun tukang onlen2 macam Ruang Guru dll ttg situasi sprt ini? Benahi kebijakan pendidikan scr mendasar aja blm bisa kok kebanyakan bicara ttg pendidikan di era 4.0 perubahan struktural dulu woyyyy!!!! https://t.co/rbGosfah2y","1361327876545540101","","","in","","0","0","10","https://twitter.com/CeletukWarga/status/1361327876545540101","1279726915469733889","CeletukWarga"
"1361185230661423104","Mon Feb 15 05:27:03 +0000 2021","1","Dukung Desakan MUI Soal SKB Debby Kurniawan: Jangan Buat Kebijakan yang Bikin Gaduh Pendidikan Nasional https://t.co/pxe6g9U2MU #NASIONAL https://t.co/jj6WVSw5yD","1361185230661423104","https://pbs.twimg.com/media/EuPmwP4VIAAZ--H.jpg","","in","Jakarta Pusat, DKI Jakarta","0","0","1","https://twitter.com/Beritabaruco/status/1361185230661423104","1139396104347250688","Beritabaruco"
"1361155758415507460","Mon Feb 15 03:29:56 +0000 2021","2","[Sebuah Harapan Baru] Inilah kami sekelompok manusia dengan harapan baru. Mengawali perjalanan dengan rasa yang satu. Madhyama mencapai titik temu. Ikuti kami di Ig : @ himakpuny Website : https://t.co/MMJOEo5Cmx YouTube : Kebijakan Pendidikan #HIMAKPUNY https://t.co/sDCZMSLzYm","1361155758415507460","https://pbs.twimg.com/media/EuPL8alVEAMwTbP.jpg","","in","FIPP UNY","0","0","0","https://twitter.com/himakpuny/status/1361155758415507460","2914840327","himakpuny"
"1361143352889016321","Mon Feb 15 02:40:38 +0000 2021","854","Sementara itu lapis-lapis persoalan nyata dalam masyarakat kita: 1. Gaji guru honorer 700ribu 2. Posting gaji dianggap melanggar UU - bagian dari ancaman kebebasan berekspresi 3. Kebijakan &amp; sistem pendidikan bermasalah 4. Output macam apa yg bisa diharapkan? -- https://t.co/GeyRBZDIwh","1361143352889016321","https://pbs.twimg.com/media/EuPAqmMUUAAUQTN.jpg","","in","","26","24","324","https://twitter.com/okkymadasari/status/1361143352889016321","59823199","okkymadasari"
"1360796457251467264","Sun Feb 14 03:42:12 +0000 2021","3","Kami menduga tak ada niat memajukan SDM kita malah mau menghancurkan baik sengaja maupun tidak. Perubahan-perubahan kebijakan setiap terjadi perubahan menteri pendidikan membuktikan kita tak punya Road Map Pendidikan dan pengembangan SDM.","1360796457251467264","","","in","Indonesia","0","0","0","https://twitter.com/partaimurba/status/1360796457251467264","276330740","partaimurba"
"1360424449338609666","Sat Feb 13 03:03:58 +0000 2021","1","Rakyat kecil tanpa tau medsos... Merasa dibodohi..ekonomi jeblok...pendidikan negeri mundur dari kata baik. bencana di mana mana. Usaha kecil.. hanya bisa bertahan.. Dan kalian para cebongers.. bangga.. dengan kebijakan kebijakan yang tak kau rasa.tanpa medsos #MundurlahPakLurah","1360424449338609666","","","in","INDONESIA","0","0","0","https://twitter.com/Gnxmomongkers/status/1360424449338609666","118918181","Gnxmomongkers"
"1360367512219623428","Fri Feb 12 23:17:43 +0000 2021","0","gue ngerasa sektor pendidikan di Indo akhirnya dipegang sama orang yg tepat sih selalu nungguin kebijakan baru dari pak nadiem kaya kemaren kampus merdeka menurut gue out of the box sih","1360367512219623428","","","in","","0","1","0","https://twitter.com/lostonminds/status/1360367512219623428","1249184713786265600","lostonminds"
"1360334926357295106","Fri Feb 12 21:08:14 +0000 2021","0","pak nadiem makarim selalu membuat sebuah sistem kebijakan pendidikan yg berbeda dan berasal dari luar negeri yang sistem pendidikannya sangat baik. kok sama ky gw yg klo punya bisnis harus beda n belum ada d indo pas d lihat tgl lahirnya fvck samaan cancer wkwk","1360334926357295106","","","in","Liverpool, England","0","2","0","https://twitter.com/basiandpr/status/1360334926357295106","1184655642381840384","basiandpr"
"1360271153026142211","Fri Feb 12 16:54:50 +0000 2021","1","Mengutamakan kedamaian kerokonan persatuan dalam negeri dlm mengembil keputusan kebijakan dan menetapkan sesuatu untuk UUD (). Menjalin Pendidikan Pendapatan () kpd Ikatan teguh talisilaturahim dn meningkatkan neraca jual beli dn meninggikan PANCASILA berdasarkan Hukum ISLAM","1360271153026142211","","","in","Kalimantan Selatan, Indonesia","0","0","0","https://twitter.com/FitriBedaIn24/status/1360271153026142211","983912653797056512","FitriBedaIn24"
"1360215375951007745","Fri Feb 12 13:13:11 +0000 2021","0","KEBIJAKAN OTSUS MAMPU MENINGKATKAN KUALITAS PENDIDIKAN DI PAPUA https://t.co/gAJhpUYtWu","1360215375951007745","https://pbs.twimg.com/media/EuB0pstVkAU_1Ze.jpg","","in","","0","0","0","https://twitter.com/Tingkiwingki170/status/1360215375951007745","1356601464328581120","Tingkiwingki170"
"1360169736689000451","Fri Feb 12 10:11:50 +0000 2021","1","Manajemen pendidikan atau teknologi pendidikan. Kalau punya duit ambil kebijakan pendidikan di luar negri.","1360169736689000451","","","in","Literal hell","0","1","0","https://twitter.com/mightymerry/status/1360169736689000451","23431977","mightymerry"
"1360148597212254210","Fri Feb 12 08:47:50 +0000 2021","1","[ SOSIALISASI PROGRAM KAMPUS MENGAJAR ANGKATAN I TAHUN 2021 ] Halo ISJ! Dalam rangka mendukung Kebijakan Merdeka Belajar-Kampus Merdeka khususnya program Kampus Mengajar Kementerian Pendidikan dan Kebudayaan bekerja sama dengan Lembaga Pengelola Dana Pendidikan (LPDP) - https://t.co/oePEfwttth","1360148597212254210","https://pbs.twimg.com/media/EuA38K9UYAMqQu1.jpg","","in","","0","1","0","https://twitter.com/ISJUI/status/1360148597212254210","173110255","ISJUI"
"1360121955181944834","Fri Feb 12 07:01:58 +0000 2021","4","dasar pergub adalah adanya inflasi dan kondisi masyarakat... jelas2 semua terdampak pandemi tapi kenapa malah menaikkan tarif pendidikan di RS plat merah... mohon kebijakan pak gub @ganjarpranowo https://t.co/h8Mq91SIMU","1360121955181944834","https://pbs.twimg.com/media/EuAfszrU0AAPT7I.jpg","","in","Banyumas. Indonesia","0","0","2","https://twitter.com/zaenuri_dr/status/1360121955181944834","131860388","zaenuri_dr"
"1360059414254743553","Fri Feb 12 02:53:27 +0000 2021","9","Sampe sekarang masih bingung kenapa pemerintah ngelepas PPG dari sarjana pendidikan. Kebijakan ini bener2 terasa ketika lulusan pendidikan mau daftar jadi guru. 2021 formasi guru ada 1 juta dan masuk ke PPPK. TAPI SYARATNYA KUDU UDAH HONORER ATAU PPG.","1360059414254743553","","","in","Utan Kayu, Matraman.","0","2","5","https://twitter.com/AkuFatkhur/status/1360059414254743553","1226482257516318721","AkuFatkhur"
"1360052975687716868","Fri Feb 12 02:27:52 +0000 2021","1","Keputusan ini selaras dengan kebijakan Kementerian Pendidikan dan Kebudayaan yang telah membatalkan Ujian Nasional (UN) dan Ujian Kesetaraan 2021. https://t.co/4KQZCctPw3","1360052975687716868","","","in","Jakarta - Indonesia","0","0","0","https://twitter.com/mediaindonesia/status/1360052975687716868","68930552","mediaindonesia"
"1360034257901551617","Fri Feb 12 01:13:29 +0000 2021","0","Kepala Peneliti PSPK Anindito Aditomo mengatakan setiap kebijakan pendidikan yang akan diambil harus berpihak pada anak https://t.co/z9GNfN3xJB","1360034257901551617","","","in","Central Borneo, Indonesia","0","0","0","https://twitter.com/BORNEONEWS/status/1360034257901551617","207854679","BORNEONEWS"
"1359721042575429633","Thu Feb 11 04:28:53 +0000 2021","0","Program Kampus Mengajar Diluncurkan Pakar Kebijakan Pendidikan UNY Beri Peringatan dan Kritik https://t.co/4CiIVpNUcr via @tribunjogja","1359721042575429633","","","in","Jl Jend Sudirman 52 Yogyakarta","0","0","0","https://twitter.com/tribunjogja/status/1359721042575429633","223476605","tribunjogja"
"1359404784747307012","Wed Feb 10 07:32:11 +0000 2021","5","#WCW #wanitayangpertama Dr. Swati Piramal wanita pertama Presiden Kamar Dagang Apex India ASSOCHAM. Ia memiliki latar belakang di bidang kedokteran kesehatan masyarakat &amp; bisnis. Ia telah mengubah arah perawatan kesehatan pendidikan dan kebijakan publik di India.","1359404784747307012","","","in","Gama Tower, Jakarta","0","0","2","https://twitter.com/IndianEmbJkt/status/1359404784747307012","1396623188","IndianEmbJkt"
"1359370536288047105","Wed Feb 10 05:16:06 +0000 2021","0","Kebijakan Afirmatif Menghadapi Darurat Pendidikan https://t.co/fNkccA9GMz via @GEOTIMES","1359370536288047105","","","in","Jakarta Capital Region, Indone","0","0","0","https://twitter.com/WPBergerak/status/1359370536288047105","1014003407311421442","WPBergerak"
"1359340282462961671","Wed Feb 10 03:15:53 +0000 2021","0","Otsus di Papua adalah bukti bahwa bahwa negara hadir. Melalui kebijakan ini ada dukungan anggaran dengan fokus pada peningkatan kualitas hidup kesehatan pendidikan perekonomian berbasis lokal hingga infrastruktur. https://t.co/gjAdQilf6N","1359340282462961671","https://pbs.twimg.com/media/Et1YwjcVkAIUxtq.jpg","","in","","0","0","0","https://twitter.com/Papuakuindo/status/1359340282462961671","1301446782124138496","Papuakuindo"
"1358985250760577025","Tue Feb 09 03:45:07 +0000 2021","0","#Newsfeed Tujuh SEAMEO Centre di Indonesia menyelenggarakan SEAMEO Outlook Pendidikan 21 yang mengusung tema Merdeka Belajar Era New Normal Covid-19. Kegiatan ini dilaksanakan sebagai dukungan tujuh SEAMEO Centre di Indonesia terhadap kebijakan #MerdekaBelajar #KampusMerdeka.","1358985250760577025","","","in","Jakarta, Indonesia","0","1","0","https://twitter.com/QITEPinLanguage/status/1358985250760577025","270143480","QITEPinLanguage"
"1358975078285803525","Tue Feb 09 03:04:41 +0000 2021","1","Ada yang membuat kebijakan bikin rekomendasi bikin studi sampai menghabiskan dana 287 miliar dana yang dihabiskan tidak ada gunanya untuk rakyat. Kira kira dana 287miliar dialokasikan ke pendidikan untuk meningkatkan mutu pembelajaran di indonesia lebih berguna deh.","1358975078285803525","","","in","","0","0","0","https://twitter.com/dicky11prasetyo/status/1358975078285803525","1336366672827957248","dicky11prasetyo"
"1358925436416237569","Mon Feb 08 23:47:26 +0000 2021","1","hai #sahabatdikbud ! Kementerian Pendidikan dan Kebudayaan (Kemendikbud) Republik Indonesia terus berupaya untuk meningkatkan kualitas pendidikan nasional melalui berbagai kebijakan. Sebagai langkah lebih lanjut dalam kebijakan Merdeka Belajar https://t.co/GNuKvvJZr4","1358925436416237569","https://pbs.twimg.com/media/EtvfezuUYAE0Ld1.jpg","","in","Gorontalo, Indonesia","0","1","0","https://twitter.com/bpmp_gorontalo/status/1358925436416237569","1297917987521888256","bpmp_gorontalo"
"1358724683017768961","Mon Feb 08 10:29:42 +0000 2021","0","[ Info Pendidikan ] SKB 3 Menteri yang melarang pemaksaan atribut keagamaan di lingkungan sekolah. Penggunaan atribut keagamaan merupakan sebuah hak. #cegahputussekolah #kebijakanpendidikan #aturanpendidikan #atributsekolah https://t.co/QDyKiEy6xw","1358724683017768961","https://pbs.twimg.com/media/Etso3DXUYAgLjWJ.jpg","","in","Indonesia","0","1","0","https://twitter.com/aat_indonesia/status/1358724683017768961","361636896","aat_indonesia"
"1358724606119481344","Mon Feb 08 10:29:24 +0000 2021","7","Wkwkwk komersialisasi pendidikan makin nyata. Kampus tiba tiba bikin kebijakan yg mendorong fakultas untuk menyediakan program premium (literally ditulis premium). Kalo gitu saya rikues penamaan Labtek II jadi Labtek II Lockheed Martin FTMD boleh ya","1358724606119481344","","","in","11710 km From Anfield #YNWA","0","7","1","https://twitter.com/nixxikan/status/1358724606119481344","813242779","nixxikan"
"1358717083568144384","Mon Feb 08 09:59:31 +0000 2021","1","Kebijakan pemerintah dibidang pendidikan melalui penguatan program vokasi dan kartu prakerja. Tentu perlu didukung dengan kesehatan kita. Ingat divaksin lebih baik https://t.co/dqn2CpRjn1","1358717083568144384","https://pbs.twimg.com/media/Etsh_GYVoAE5qxz.jpg","","in","","0","0","0","https://twitter.com/AlexiaCinta/status/1358717083568144384","1350273656035819520","AlexiaCinta"
"1358713384993132551","Mon Feb 08 09:44:49 +0000 2021","0","Kebijakan dibidang pendidikan melakui penguatan program vokasi dan kartu prakerja. Ingat divaksin lebih baik https://t.co/e5fP1GG1Jk","1358713384993132551","https://pbs.twimg.com/media/EtsenshVgAAHgN1.jpg","","in","","0","0","0","https://twitter.com/Kopiimu/status/1358713384993132551","1347569926253408261","Kopiimu"
"1358703364855353344","Mon Feb 08 09:05:00 +0000 2021","0","Kebijakan dibidang pendidikan melalui penguatan program vokasi dan kartu prakerja. divaksin lebih baik https://t.co/K6F67DbUbs","1358703364855353344","https://pbs.twimg.com/media/EtsTSO-VoAc31r4.jpg","","in","Dki Jakarta","0","0","0","https://twitter.com/icecapcin21/status/1358703364855353344","2347994606","icecapcin21"
"1358690375049822208","Mon Feb 08 08:13:23 +0000 2021","0","RT muhammadiyah Jadi kalau kita bicara pendidikan kita tidak boleh melakukan kebijakan yang mengarah pada tidak terbentuknya manusia yang beriman dan bertakwa https://t.co/dIWZ8eeum6 #Muhammadiyah #pendidikan #Agama ","1358690375049822208","","","in","","0","0","0","https://twitter.com/netizenmu/status/1358690375049822208","846924902019977216","netizenmu"
"1358634768812953600","Mon Feb 08 04:32:25 +0000 2021","0","Kebijakan Kampus Merdeka Sebagai Terobosan dalam Pendidikan Tinggi https://t.co/zHlpBs4A9e","1358634768812953600","","","in","","0","0","0","https://twitter.com/Tulizancom/status/1358634768812953600","1314045559976517632","Tulizancom"
"1358602413142282241","Mon Feb 08 02:23:51 +0000 2021","0","Kebijakan tsb mengadu domba antara Murid orang tua &amp; guru ! Pendidikan dirumah dibenturkan dg peraturan bebas tdk berjilbab ! Orang tua mendidik anaknya berjilbab tapi di sekolaj diberikan kebebasan.Akhirnya keributan anak orang tua &amp; guru bisa terjadi. https://t.co/jAH7QBGDpb","1358602413142282241","","","in","Deepest Ocean","0","0","0","https://twitter.com/RoadRace2020/status/1358602413142282241","517811571","RoadRace2020"
"1358550007125712903","Sun Feb 07 22:55:36 +0000 2021","0","Menko PMK Muhadjir Efendy mengingatkan bahwa kebijakan dan program pendidikan di indonesia harus berdasarkan pada 4 prinsip #PemulihanSemakinNyata https://t.co/rj7otqigE5","1358550007125712903","https://pbs.twimg.com/media/EtqKB8oVcAAp1J6.jpg","","in","","0","0","0","https://twitter.com/Cintanegeri19/status/1358550007125712903","1333572678167322624","Cintanegeri19"
"1358406601560891393","Sun Feb 07 13:25:46 +0000 2021","2","Latarbelakang pendidikan sekuler sangat mempengaruhi pengambilan kebijakan pendidikan di Indonesia.","1358406601560891393","","","in","Kota Batam, Kepulauan Riau","0","0","0","https://twitter.com/suryamakmurnas3/status/1358406601560891393","1252870519721824261","suryamakmurnas3"
"1358378488625913859","Sun Feb 07 11:34:03 +0000 2021","55"," penerbitan SKB 3 menteri tdk bijak dan kontroversi. Pasalnya kebijakan itu terbit hy bkaca pd 1 kss dan diberlakukan di seluruh IND. Pdhl msh byk persoalan dunia pendidikan yg lebih esensi utk diprioritaskan @nadiemmakarim @YaqutCQoumas @Itjen_Kemdikbud https://t.co/6c9Yhmrwhw","1358378488625913859","","","in","","2","2","16","https://twitter.com/ronavioleta/status/1358378488625913859","485385284","ronavioleta"
"1358372379559223297","Sun Feb 07 11:09:47 +0000 2021","272","Jadi kalau kita bicara pendidikan kita tidak boleh melakukan kebijakan yang mengarah pada tidak terbentuknya manusia yang beriman dan bertakwa https://t.co/FS8RQQgYNN #Muhammadiyah #pendidikan #Agama","1358372379559223297","","","in","Indonesia","6","7","66","https://twitter.com/muhammadiyah/status/1358372379559223297","73309923","muhammadiyah"
"1358356591779540995","Sun Feb 07 10:07:03 +0000 2021","0","UU dan peraturan serta kebijakan yang dibuat pemerintah dan DPR dalam semua bidang kehidupan termasuk dalam dunia pendidikan semestinya didasari pada nilai-nilai dari ajaran agama. &gt;&gt; #JilbabAjaranIslam &lt;&lt; #t5ef https://t.co/9AMiEjubHK","1358356591779540995","","","in","","0","0","0","https://twitter.com/HerySan43246532/status/1358356591779540995","1102048401896534016","HerySan43246532"
"1358353941587587073","Sun Feb 07 09:56:31 +0000 2021","0","UU dan peraturan serta kebijakan yang dibuat pemerintah dan DPR dalam semua bidang kehidupan termasuk dalam dunia pendidikan semestinya didasari pada nilai-nilai dari ajaran agama. &gt;&gt; #JilbabAjaranIslam &lt;&lt; #b1sw https://t.co/4oonAyRDUq","1358353941587587073","","","in","","0","0","0","https://twitter.com/AndraWahyudi14/status/1358353941587587073","1101009619621572608","AndraWahyudi14"
"1358352538341306368","Sun Feb 07 09:50:56 +0000 2021","0","UU dan peraturan serta kebijakan yang dibuat pemerintah dan DPR dalam semua bidang kehidupan termasuk dalam dunia pendidikan semestinya didasari pada nilai-nilai dari ajaran agama. --&gt; #JilbabAjaranIslam","1358352538341306368","","","in","","0","0","0","https://twitter.com/Dini03300831/status/1358352538341306368","1355793371319558145","Dini03300831"
"1358335777025888260","Sun Feb 07 08:44:20 +0000 2021","1","Kebijakan Otsus mendapat dukungan dari berbagai lapisan masyarakat karena dinilai mampu menjadikan SDM di Papua memiliki akses untuk mendapatkan pendidikan yang baik #OtsusUntukKebaikan @jokowi @mohmahfudmd https://t.co/veW4TlT3zn","1358335777025888260","https://pbs.twimg.com/media/EtnHLxiUUAI4JSa.jpg","","in","","0","0","0","https://twitter.com/Project10656505/status/1358335777025888260","1357009406584442881","Project10656505"
"1358310068622512128","Sun Feb 07 07:02:11 +0000 2021","0","#JilbabMuliakanPerempuan Saat Filiphina memberikan kesempatan luas pada muslimah menunjukkan identitas dirinya lalu ada apa dengan kebijakan pendidikan kita saat pelajar masa online?","1358310068622512128","","","in","","0","0","0","https://twitter.com/HamdaniDarusal2/status/1358310068622512128","1284399261610725376","HamdaniDarusal2"
"1358292179521732609","Sun Feb 07 05:51:06 +0000 2021","1","1. Kl benar SM bilang gitu dlm 6 tahun ini apa kebijakan SM yg baik utk rakyat Indonesia? Pendidikan blh tinggi tanpa agama susah utk punya empati 2. Tau Avicena gak? Islam tdk pernah menafikkan sains justru sebaliknya 3. Mba nya sendiri suka baca gak selain komik? https://t.co/mkvC7iVqRN","1358292179521732609","https://pbs.twimg.com/media/Etmfh8rU0AI1-GD.jpg","","in","bumi Allah ","0","0","0","https://twitter.com/passivereader13/status/1358292179521732609","1314102175526653953","passivereader13"
"1358249054707150851","Sun Feb 07 02:59:44 +0000 2021","0","#BaktikuNegerikuPapua Kebijakan otsus mampu meningkatkan kualitas pendidikan di papua https://t.co/BiM8JfLi3k","1358249054707150851","https://pbs.twimg.com/media/Etl4UQFUcAI5x70.jpg","","in","","0","0","0","https://twitter.com/ARahayu257/status/1358249054707150851","1266981461531353089","ARahayu257"
"1358243463649587200","Sun Feb 07 02:37:31 +0000 2021","0","Kebijakan Otsus akan mampu meningkatkan kualitas pendidikan di Papua #BaktikuNegerikuPapua https://t.co/uug8Xzdosq","1358243463649587200","https://pbs.twimg.com/media/EtlzOgKVgAIAXqm.jpg","","in","","0","0","0","https://twitter.com/BlackVi96504774/status/1358243463649587200","1357120046099689472","BlackVi96504774"
"1358185059484725248","Sat Feb 06 22:45:26 +0000 2021","294","hukum pendidikan kita telah mengatur dan menempatkan agama spiritualitas dan akhlak dgn baik sehingga bisa jadi payung dlm kebijakan. Jadi sekolah jangan dilarang wajibkan jilbab bagi siswi muslimah. Serahkan pada masing2 sekolah dan Pemda (pengemban otonomi pendidikan). https://t.co/0EtdPmc6wG","1358185059484725248","https://pbs.twimg.com/media/Etk-Gv5VEAAUuRz.jpg","","in","Jakarta","6","12","90","https://twitter.com/cholilnafis/status/1358185059484725248","262146748","cholilnafis"
"1358086584210366464","Sat Feb 06 16:14:08 +0000 2021","2","[cm] yg bener yg mana ya kak untuk judul skripsi : a. Implementasi Kebijakan Pendidikan Gratis Untuk Murid ( Studi kasus di SMA *** ) b. Implementasi Kebijakan Pendidikan Gratis Untuk Murid di SMA *** Terimakasih sebelumnya.","1358086584210366464","","","in","","0","9","0","https://twitter.com/collegemenfess/status/1358086584210366464","1046084008742801408","collegemenfess"
"1358076995742011392","Sat Feb 06 15:36:02 +0000 2021","0","Nadim..BILA SKB TI GA MENTERI DI PERKUAT DAN DI LAKSANAKAN ..DAN ENGKAU BERANI MEMECAT GURU PEMBANGKANG KEBIJAKAN PEMERINTAH MAKA ENGKAU ADALAH MENTERI PENDIDIKAN YG HEBAT DAN BERTANGGUNG JAWAB ATAS KESALAHAN PARA GURU PEMBANGKANG SEPERTI IBLIS LAKNATULLOH","1358076995742011392","","","in","ARAB SAUDI","0","0","0","https://twitter.com/LautRamai/status/1358076995742011392","1314991636812763136","LautRamai"
"1358058359862165505","Sat Feb 06 14:21:59 +0000 2021","0","Selain SKB Tiga Menteri Pemerintah Mesti Mengevaluasi Kebijakan Pendidikan Krusial Lainnya via @spiritsumbar https://t.co/r3i8XYskjW","1358058359862165505","","","in","Kota Padang, Sumatera Barat","0","0","0","https://twitter.com/SpiritSumbar/status/1358058359862165505","517679398","SpiritSumbar"
"1358038617239691264","Sat Feb 06 13:03:32 +0000 2021","0","Selain SKB Tiga Menteri Pemerintah Juga Mesti Evaluasi Kebijakan krusial Pendidikan https://t.co/EbTbsFpTLg","1358038617239691264","","","in","Jakarta, Indonesia","0","0","0","https://twitter.com/abadikinicom/status/1358038617239691264","1554019722","abadikinicom"
"1358033780104065025","Sat Feb 06 12:44:18 +0000 2021","0","Selain SKB Tiga Menteri Pemerintah Juga Mesti Mengevaluasi kebijakan krusial lainnya mengenai pendidikan di Indonesia. Selengkapnya: https://t.co/VuZoUm6ZRo https://t.co/6bCRtc5YHb #dpdri https://t.co/1JHpLjHLhj","1358033780104065025","https://pbs.twimg.com/media/Eti0hpNVkAIqFq1.jpg","","in","Senayan - Jakarta - Indonesia","0","0","0","https://twitter.com/DPDRI/status/1358033780104065025","977870468","DPDRI"
"1357948049822158848","Sat Feb 06 07:03:39 +0000 2021","4","Pendidikan Dalam Amanat UU https://t.co/0vQOxhbnYM Sekarang ini bangsa Indonesia dituntut untuk memberdayakan kekayaan Indonesia melalui pendidikan dengan sangat bijak. Salah langkah dalam pengambilan keputusan kebijakan pendidikan akan berimbas pada bobroknya generasi. #BMI","1357948049822158848","","","in","Jakarta Capital Region","0","0","3","https://twitter.com/BintangMudaID/status/1357948049822158848","1326607913515847680","BintangMudaID"
"1357941559002472452","Sat Feb 06 06:37:51 +0000 2021","0","Pendidikan Dalam Amanat UU https://t.co/G0fxkjd2Gq Sekarang ini bangsa Indonesia dituntut untuk memberdayakan kekayaan Indonesia melalui pendidikan dengan sangat bijak. Salah langkah dalam pengambilan keputusan kebijakan pendidikan akan berimbas pada bobroknya generasi.","1357941559002472452","","","in","","0","0","0","https://twitter.com/bmisulsel/status/1357941559002472452","1255753014628937728","bmisulsel"
"1357870349426200577","Sat Feb 06 01:54:53 +0000 2021","1","Membuat satu 'kebijakan' yang membuat rusaknya moral bangsa mencederai dunia pendidikan bahkan menghancurkan masa depan sekian juta umat manusia? Tidakkah tindakan itu jauh lebih parah dan tercela? Kira-kira bagaimanakah kemarahan Nabi SAW kepada mereka.? #CabutSKB3 #CabutSKB3","1357870349426200577","","","in","Scotland kampung","0","0","0","https://twitter.com/AisyahBocah/status/1357870349426200577","1351836604927602691","AisyahBocah"
"1357831726374920192","Fri Feb 05 23:21:25 +0000 2021","0","Udah gk ada program krn daring aplg https://t.co/vteI3A4j2r skalli buat kebijakan maen seruduk aje.. pebisnis dan skolah di LN di jadiin mentri pendidikan.gk ngertilah ajaran agama dan budaya timur","1357831726374920192","","","in","","0","0","0","https://twitter.com/Thanmust/status/1357831726374920192","81024042","Thanmust"
"1357742269491646464","Fri Feb 05 17:25:57 +0000 2021","0","#DPR AS#Copot Senator Republik#Komite Anggaran#Pendidikan! Kebijakan itu diambil setelah Partai Republik gagal menghukum pelukan teori konspirasi aneh dan dukungan kekerasan terhadap Demokrat. https://t.co/BX74gSea8M","1357742269491646464","","","in","Aceh","0","0","0","https://twitter.com/serambinews/status/1357742269491646464","64635651","serambinews"
"1357720639910670336","Fri Feb 05 16:00:00 +0000 2021","1","️Berdasarkan kebijakan yang telah ditetapkan @kemdikbud_ri Ujian Nasional akan ditiadakan dan tidak lagi menjadi syarat seleksi masuk pendidikan tinggi yang tercantum dalam Surat Edaran Mendikbud Nomor 1 Tahun 2021. https://t.co/ge4q6qGA3N","1357720639910670336","https://pbs.twimg.com/ext_tw_video_thumb/1357682957205446657/pu/img/oHyFmZX9oKrC44YZ.jpg","","in","Jakarta Capital Region","0","0","0","https://twitter.com/akuratco/status/1357720639910670336","786549338818224128","akuratco"
"1357690444205989889","Fri Feb 05 14:00:01 +0000 2021","1","️Berdasarkan kebijakan yang telah ditetapkan @kemdikbud_ri Ujian Nasional akan ditiadakan dan tidak lagi menjadi syarat seleksi masuk pendidikan tinggi yang tercantum dalam Surat Edaran Mendikbud Nomor 1 Tahun 2021. https://t.co/Pk1ykabVdB","1357690444205989889","https://pbs.twimg.com/ext_tw_video_thumb/1357679005869035520/pu/img/A6LM4jIQWf9hP2st.jpg","","in","Jakarta Capital Region","0","0","0","https://twitter.com/akuratco/status/1357690444205989889","786549338818224128","akuratco"
"1357674917873897477","Fri Feb 05 12:58:19 +0000 2021","32"," Ini bukan SKB yang diperlukan untuk mengatasi masalah pendidikan dan dampak negatif dari pandemi COVID-19 terutama untuk para anak usia sekolah. Dan jelas kebijakan ini sangat tidak proporsional ujar Wakil Ketua MPR @hnurwahid https://t.co/6PvUTCJYG4","1357674917873897477","","","in","TB. Simatupang No. 82, Jakarta","0","2","8","https://twitter.com/PKSejahtera/status/1357674917873897477","22365191","PKSejahtera"
"1357625662312308736","Fri Feb 05 09:42:36 +0000 2021","115"," Ini bukan SKB yang diperlukan untuk atasi masalah pendidikan dan dampak negatif dari pandemi Covid-19 terutama untuk para anak usia sekolah. Dan jelas kebijakan ini sangat tidak proporsional ujar Wakil Ketua MPR RI Hidayat Nur Wahid @hnurwahid https://t.co/8Jiz1LMN8x","1357625662312308736","","","in","TB. Simatupang No. 82, Jakarta","4","5","25","https://twitter.com/PKSejahtera/status/1357625662312308736","22365191","PKSejahtera"
"1357595826877464580","Fri Feb 05 07:44:02 +0000 2021","1","Meskipun merupakan awal yang baik SKB tiga kementerian yang baru saja terbit hanyalah langkah kecil. Perlu komitmen dari pemerintah melalui peraturan dan kebijakan lain untuk mewujudkan sistem pendidikan yang inklusif. https://t.co/HsfZ3NtkIs via @ConversationIDN .","1357595826877464580","","","in","Jakarta Metropolitan Area","0","0","0","https://twitter.com/csi_wulan/status/1357595826877464580","74174648","csi_wulan"
"1357590258225844225","Fri Feb 05 07:21:55 +0000 2021","0","Kebijakan Afirmatif Menghadapi Darurat Pendidikan https://t.co/fNkccA9GMz via @GEOTIMES","1357590258225844225","","","in","Jakarta Capital Region, Indone","0","0","0","https://twitter.com/WPBergerak/status/1357590258225844225","1014003407311421442","WPBergerak"
"1357579977181470720","Fri Feb 05 06:41:03 +0000 2021","0","Kebijakan yang digunakan diantaranya peningkatan jenjang pendidikan dan perubahan kurikulum dalam menciptakan link and match penididikan vokasi dengan dunia usaha dam industri. https://t.co/0CBqxaZjM7","1357579977181470720","","","in","Jakarta","0","0","0","https://twitter.com/mnctrijaya/status/1357579977181470720","88593647","mnctrijaya"
"1357567777490358277","Fri Feb 05 05:52:35 +0000 2021","0","Masya Allah. Ini baru tepat usulannya. Kalau tidak didengarkan kebangetan. Alih2 bikin kebijakan untuk mempermudah sistem pendidikan malah jadinya memecah belah umat dari unit terkecil (yakni hubungan anak - orangtua - pendidik)","1357567777490358277","","","in","Indonesia","0","0","0","https://twitter.com/urfiabdillah/status/1357567777490358277","234527045","urfiabdillah"
"1357538500262862849","Fri Feb 05 03:56:14 +0000 2021","0","Kita semakin di buat geleng kepala akan kebijakan ini niat memudahkan siswa dalam pendidikan tapi akan memunculkan subjektivitas guru dalam meluluskan muridnya.","1357538500262862849","","","in","","0","0","0","https://twitter.com/AbadiMarzuki/status/1357538500262862849","1147782517400805376","AbadiMarzuki"
"1357488581992878080","Fri Feb 05 00:37:53 +0000 2021","0","Dengan dihapusnya UN dan ujian kesetaraan 2021 Kemendikbud memberikan sejumlah opsi pengganti UN 2021 sebagai syarat kelulusan bagi siswa tingkat akhir. Pengganti Ujian Nasional 2021 ini dilakukan sesuai kebijakan dari masing-masing satuan pendidikan. https://t.co/BB2PH8D7wq","1357488581992878080","","","in","Jakarta Capital Region","0","1","0","https://twitter.com/rmhpancasila/status/1357488581992878080","1188403334769602561","rmhpancasila"
"1357470051222253569","Thu Feb 04 23:24:15 +0000 2021","0","Menteri Pendidikan mandul hampir 1 tahun. Sekali lahirkan kebijakan yang lahir anak kuda.","1357470051222253569","","","in","","0","0","0","https://twitter.com/TheSap15/status/1357470051222253569","1241735906073010177","TheSap15"
"1357347930131206145","Thu Feb 04 15:18:59 +0000 2021","1","Menteri Pendidikan Nadiem layak diganti kebijakan tentang seragam sekolah justru abaikan hak beragama siswa. Menteri Nadiem sepertinya mengarahkan pendidikan Indonesia menjadi sekuler. https://t.co/fLUCr9u8zB","1357347930131206145","","","in","","0","0","0","https://twitter.com/HasbyYusuf9/status/1357347930131206145","1188579847603228673","HasbyYusuf9"
"1357321903824752640","Thu Feb 04 13:35:34 +0000 2021","1"," Maneh asateh ngurusan bae politik Mungkin yg dia blm tau hampir semua aspek apalagi yg kaitannya sama biaya adalah produk kebijakan politik Jd aga naif kalo mau bodo amat sama politik tp ngomel2 ketika biaya pendidikan naik bpjs mahal atau tagihan listrik bengkak..","1357321903824752640","","","in","","0","0","0","https://twitter.com/rakadhika/status/1357321903824752640","113008430","rakadhika"
"1357320713879777281","Thu Feb 04 13:30:50 +0000 2021","1","Kebijakan baru untuk dunia pendidikan Indonesia tentang seragam sekolah. OPTIMIS SKB ini 3 Menteri ini akan mampu menguatkan sikap toleransi dan saling kesepahaman antarpemeluk agama. Jokowi Pro Toleransi https://t.co/GaWt1cgBFt","1357320713879777281","https://pbs.twimg.com/media/EtYr_tiU0AcV-NJ.jpg","","in","Medan ","0","0","1","https://twitter.com/M3juahjuah/status/1357320713879777281","1070343155319369728","M3juahjuah"
"1357307419580223493","Thu Feb 04 12:38:01 +0000 2021","0","Betapa rasisnya pikiran mu terhadap Indonesia seburuk apapun ri dalam pandangan mu engkau ada pada titik ini dalam pendidikan mu karena kebijakan baik dari Indonesia apa budimu ah mungkin kau tak paham ini rasis pikirmu membuat nurani kemanusiaan mu hilang.","1357307419580223493","","","in","Kaltim - KPC","0","0","0","https://twitter.com/achili1006/status/1357307419580223493","1316699668449906688","achili1006"
"1357252536114106368","Thu Feb 04 08:59:55 +0000 2021","0","Ketika PENGUASA kehilangan Orientasi PERMASALAHAN dan SOLUSI KEBIJAKAN tidak singkron malah timbul permasalahan baru Covid naik malah potong insentif nakes Pendidikan Anak sekolah lagi morat marit malah ngurus seragam Sekola Wis Tobat Soto Babat","1357252536114106368","","","in","Jogjakarta","0","0","0","https://twitter.com/Siswotomo63/status/1357252536114106368","1167058318688317440","Siswotomo63"
"1357243219730255873","Thu Feb 04 08:22:54 +0000 2021","0","_Harap senang!_ _Ada asesmen nasional!_ Asesmen nasional dengan instrumennya berupa Asesmen Kompetensi Minimum (AKM) adalah arahan baru kebijakan pendidikan kita. Bagaimana integrasi dengan pembelajaran? Untuk mengetahui lebih jauh yuk ikuti rangkaian Temu Pendidik Daerah . https://t.co/BEvt5kbRKO","1357243219730255873","https://pbs.twimg.com/media/EtXlf7jUcAAjCoB.jpg","","in","sonosari canggu jetis Mojokert","0","0","0","https://twitter.com/RQccjp/status/1357243219730255873","1150776630819733504","RQccjp"
"1356434994365747200","Tue Feb 02 02:51:18 +0000 2021","0","Program Sekolah Penggerak merupakan penyempurnaan dari program transformasi sekolah sebelumnya. Kolaborasi seluruh ekosistem pendidikan menjadi kunci keberhasilan kebijakan ini. #Kemendikbud #Kolaborasi #NadiemMakarim #TrijayaUpdate #News https://t.co/dKRKstvl4O","1356434994365747200","","","in","Jakarta","0","0","0","https://twitter.com/mnctrijaya/status/1356434994365747200","88593647","mnctrijaya"
"1356383108728193028","Mon Feb 01 23:25:08 +0000 2021","23","Ges hal unik apa aja yang kalian tahu baik ttg /UNY Me: di FIP ada jurusan langka Kebijakan pendidikan. Katanya si satu²nya di Indo..","1356383108728193028","","","in","","4","19","0","https://twitter.com/UNYmfs/status/1356383108728193028","3105990024","UNYmfs"
"1356265208012959748","Mon Feb 01 15:36:38 +0000 2021","4","Mana dimana Mentri pendidikan Berada... kasian kalo pagi pengen sekolah namun apalah daya kebijakan atas lbh penting drpd dunia pendidika @jokowi @halimiskandarnu @Kiyai_MarufAmin @cakimiNOW @SyaifulHooda @Ombi_HW @Wahyu_Berdesa https://t.co/3YNITAc45A","1356265208012959748","https://pbs.twimg.com/media/EtJr-ncXUAA0-gq.jpg","","in","Bekasi Utara, Indonesia","0","0","2","https://twitter.com/KangDedi12/status/1356265208012959748","928096294299504642","KangDedi12"
"1356249085980811268","Mon Feb 01 14:32:34 +0000 2021","1","Diskusi menarik nih. Aktual sekali ditengah inkonsistensi kebijakan pendidikan di perguruan tinggi tentang Merdeka Belajar yg dianggep pro kapitalisme &amp; pengisapan buruh intelektual Lal Salaam!","1356249085980811268","","","in","Jakarta Timur, DKI Jakarta","0","0","0","https://twitter.com/Sandrianisme/status/1356249085980811268","735085861742616576","Sandrianisme"
"1356144934965792771","Mon Feb 01 07:38:43 +0000 2021","102","PDI Perjuangan sangat proislam sejak berdirinya Partai PDI Perjuangan sangat menghargai Islam melalui kebijakan dan pendidikan internal para kadernya sesuai dengan ajaran sang Proklamator RI Bung Karno- #PDIPerjuangan #SolidBergerak https://t.co/m3WYBSPpnn","1356144934965792771","https://pbs.twimg.com/media/EtH-oC1UwAEzu24.jpg","","in","Indonesia","5","45","23","https://twitter.com/PDI_Perjuangan/status/1356144934965792771","153407983","PDI_Perjuangan"
"1356086370737917955","Mon Feb 01 03:46:00 +0000 2021","0","Sekjen PDI Perjuangan Hasto Kristiyanto menyatakan bahwa partai politiknya itu sangat menghargai Islam melalui kebijakan dan pendidikan di internalnya. #HarlahNU95 #PDIPerjuangan https://t.co/gtU0DwNZEC","1356086370737917955","","","in","Bogor Barat, Indonesia","0","0","0","https://twitter.com/Neng_Geulis_/status/1356086370737917955","984308636951265285","Neng_Geulis_"
