"conversation_id_str","created_at","favorite_count","full_text","id_str","image_url","in_reply_to_screen_name","lang","location","quote_count","reply_count","retweet_count","tweet_url","user_id_str","username"
"1376942358223147010","Tue Mar 30 17:00:15 +0000 2021","0","Kebijakan bidang pendidikan + penanganan covid = spekulasi angan-angan dan omong kosong ...","1376942358223147010","","","in","","0","0","0","https://twitter.com/ariefGrachmat/status/1376942358223147010","3257201876","ariefGrachmat"
"1376830227263844360","Tue Mar 30 09:34:41 +0000 2021","0"," Kebijakan Pemerintah Untuk Menangani Covid-19 Dunia Pendidikan #STISIPWiduri #kuliahdisini https://t.co/zCRCK0IKMJ","1376830227263844360","","","in","jakarta selatan","0","0","0","https://twitter.com/kuliahdisini/status/1376830227263844360","1354331013988671488","kuliahdisini"
"1376779861704855553","Tue Mar 30 06:14:33 +0000 2021","0","Soal Kapan Sekolah Tatap Muka Ini Jawaban Nadiem Makarim: Menteri Pendidikan dan Kebudayaan (Mendikbud RI) Nadiem Makarim menegaskan perihal kebijakan sekolah tatap muka saat ini pihaknya sudah https://t.co/ZksTwuXZ4A #beritabaik #timesindonesia #ketahananinformasi","1376779861704855553","","","in","Wisma Mas Isman Jakarta","0","0","0","https://twitter.com/timescoid/status/1376779861704855553","1052798082419580928","timescoid"
"1376774003352727553","Tue Mar 30 05:51:16 +0000 2021","6","Jika kebijakan pelaksanaan pendidikan diserahkan penuh kepada masing2 pemerintah daerah lalu apa gunanya Pak @jokowi mengangkat @nadiemmakarim sbg menteri ? Bubarkan aja @Kemdikbud_RI jika tdk lagi mau ngurusi pendidikan di negeri ini!","1376774003352727553","","","in","Jakarta Capital Region","0","0","4","https://twitter.com/LuqmanBeeNKRI/status/1376774003352727553","1185472145800871936","LuqmanBeeNKRI"
"1376723292044677124","Tue Mar 30 02:29:45 +0000 2021","2","#SalamPancasila Kedeputian Bidang Pendidikan dan Pelatihan BPIP Gelar Diskusi Grup Terpumpun Perumusan Kebijakan Strategis Pembangunan Sistem Nasional Penyelenggaraan Diklat PIP Bagi Aparatur Negara di Bogor Senin (29-31/3). #KegiatanPancasila #CeritaPancasila #BPIP https://t.co/G6qUiCNFte","1376723292044677124","https://pbs.twimg.com/media/ExsahioUYAMbmuP.jpg","","in","Jakarta Capital Region","0","0","1","https://twitter.com/BPIPRI/status/1376723292044677124","1120854804719255553","BPIPRI"
"1376708288755113988","Tue Mar 30 01:30:08 +0000 2021","27","Pendidikan tinggi mahal. Pendidikan menegah diupah murah. Pendidikan rendah tidak diperhatikan hak dasar dan keselamatan kerjanya. Terperangkap dalam sistem yang sengaja diciptakan pemangku kebijakan pancen (sebagian kata dibredel)... ","1376708288755113988","","","in","Yogyakarta, Indonesia","0","1","8","https://twitter.com/garuksampah/status/1376708288755113988","3975603492","garuksampah"
"1376685262965641217","Mon Mar 29 23:58:38 +0000 2021","0","Bintara yang mengikuti pendidikan Sekolah Inspektur Polri (SIP) pada 2021. Kebijakan hanya diperuntukkan bagi putra asli Papua. Otsus Tingkatkan Kesehatan https://t.co/n3jgwnS6M3","1376685262965641217","","","in","","0","0","0","https://twitter.com/luamezz/status/1376685262965641217","1362392912642760705","luamezz"
"1376504656159891462","Mon Mar 29 12:00:58 +0000 2021","1","Support kebijakan Dinas Pendidikan SDA.. Stelah vaksin astragenica ljt PKB.. #sehatitusalingsupport.. https://t.co/HuaAlhB37j","1376504656159891462","https://pbs.twimg.com/media/ExpTr3sVIBAWycx.jpg","","in","","0","0","0","https://twitter.com/Susi58336194/status/1376504656159891462","847649423333015553","Susi58336194"
"1376488057424125953","Mon Mar 29 10:55:01 +0000 2021","0","ptn! kakak kakak ada yg jurusan teknologi pendidikan atau kebijakan pendidikan? aku mau tanya tanya","1376488057424125953","","","in","RULES 👉","0","0","0","https://twitter.com/sbmptnfess/status/1376488057424125953","1205629250423779328","sbmptnfess"
"1376371527071895552","Mon Mar 29 03:11:58 +0000 2021","0","@dinaspendidikanbanyumas Dinas pendidikan banyumas punya twiter ngga ya Kalo sekolah online tiap hari via zoom Jam 7 sampai jam 2 siang itu....kebijakan siapa?","1376371527071895552","","","in","Purwokerto","0","0","0","https://twitter.com/ahyakiswara/status/1376371527071895552","81555754","ahyakiswara"
"1375959679990259714","Sat Mar 27 23:55:26 +0000 2021","0","Otsus Dorong Kemajuan dan Kesejahteraan Papua. Kebijakan otonomi khusus (Otsus) Papua menjadi bukti keseriusan pemerintah dalam meningkatkan kesejahteraan masyarakat di Bumi Cenderawasih. Otsus Tingkatkan Pendidikan #PapuaIndonesia https://t.co/3lhEliVFQB","1375959679990259714","https://pbs.twimg.com/media/Exhj_-jVEAMAEZx.jpg","","in","","0","0","0","https://twitter.com/impinkxx/status/1375959679990259714","1344084519347838977","impinkxx"
"1375735664587628547","Sat Mar 27 09:05:17 +0000 2021","1","lucu dah yang kayak gini dibilang kebijakan tepat buat suatu instansi pendidikan ngekick out muridnya.","1375735664587628547","","","in","They/them","0","1","0","https://twitter.com/012371/status/1375735664587628547","2255933162","012371"
"1375712355372257284","Sat Mar 27 07:32:39 +0000 2021","47","Salah logika. 1. Sekolah itu tidak penting pendidikanlah yg penting. 2. Pendidikan penting tapi nyawa lebih penting. 3. Uji coba yg membahayakan nyawa anak orang adalah kebijakan kriminil. Yg sudah mati gara2 uji coba tak bisa hidup lagi.","1375712355372257284","","","in","Indonesia","1","2","23","https://twitter.com/PartaiSocmed/status/1375712355372257284","869327120","PartaiSocmed"
"1375500654727155717","Fri Mar 26 17:31:26 +0000 2021","0","Jakarta - Ini dia kebijakan Kementerian Pendidikan dan Kebudayaan (Kemendikbud) soal skema penyaluran bantuan operasional sekolah (BOS) dan dana alokasi khusus (DAK) fisik tahun 2021. https://t.co/qLK0Lv6kVI https://t.co/saeuOBfMvr","1375500654727155717","https://pbs.twimg.com/media/ExZleAIUYAIZggU.jpg","","in","Magetan, Jawa Timur, Indonesia","0","0","0","https://twitter.com/MagetanKita/status/1375500654727155717","143355119","MagetanKita"
"1375384946433536000","Fri Mar 26 09:51:39 +0000 2021","1","SMK Work Ready Conference 2021 menghadirkan deretan ahli praktisi pendidikan pelaku industri hingga pemangku kebijakan untuk memberikan pemahaman lebih lanjut kepada guru dan pelajar SMK terkait tren karier saat ini dan di masa depan https://t.co/AYQQ90B3Kn","1375384946433536000","","","in","Indonesia","0","0","0","https://twitter.com/hipwee/status/1375384946433536000","2439435002","hipwee"
"1375331446458441729","Fri Mar 26 06:19:03 +0000 2021","0","Jakarta | https://t.co/nFsB56R4Q8 | Justina Rostiawati adalah seorang peneliti perencana program pemantau dan analis kebijakan dalam bidang keperempuanan dan isu-isu terkait gender gender pengarusutamaan hak asasi manusia dan pendidikan. https://t.co/X7fQPo3dzl","1375331446458441729","https://pbs.twimg.com/media/ExYoqTfU4AAR28k.jpg","","in","","0","1","0","https://twitter.com/ICRP4Peace/status/1375331446458441729","990908659","ICRP4Peace"
"1375252934540206082","Fri Mar 26 01:07:05 +0000 2021","0","Kementerian Pendidikan dan Kebudayaan @Kemdikbud_RI telah mengumumkan kebijakan terkait skema penyaluran Bantuan Operasional Sekolah (BOS) dan Dana Alokasi Khusus (DAK) Fisik untuk tahun 2021. #MerdekaBelajar","1375252934540206082","","","in","Jl. Medan Merdeka Barat 9","0","1","0","https://twitter.com/FMB9ID_/status/1375252934540206082","902385054336167937","FMB9ID_"
"1375043162675105793","Thu Mar 25 11:13:31 +0000 2021","1","Tonton Video Ini Sebelum Kesana! Ini Sejarah dan Fakta Menarik Negara Brunai https://t.co/1PmouYMbfJ lewat @YouTube ~Masya Allah.. Negara Brunai Pendidikan Gratis dan Perawatan kesehatan. -kebijakan nol pajak Rumah subsidi. Wow. Indonesia kapan yah kayak begitu.. ~semangat🇲🇨️","1375043162675105793","","","in","Indonesia 🇲🇨. ","0","0","1","https://twitter.com/KarmilaRifat/status/1375043162675105793","524292244","KarmilaRifat"
"1374970555728728070","Thu Mar 25 06:25:00 +0000 2021","1","ptn! guys klo pilihan 1 : administrasi publik uny pilihan 2 : kebijakan pendidikan uny aman ga ya?","1374970555728728070","","","in","","0","2","0","https://twitter.com/utbkfess/status/1374970555728728070","1241016981865693186","utbkfess"
"1374932518646939654","Thu Mar 25 03:53:52 +0000 2021","0","Dan sebagian mereka guru juga makanya bikin kebijakan jgn cuma karena nurutin kemauan boss mu pikir yg mateng dunia pendidikan jgn cuma dipandang sbagai bisnis doang","1374932518646939654","","","in","","0","0","0","https://twitter.com/TeWe46/status/1374932518646939654","710729818468298753","TeWe46"
"1374872674590068738","Wed Mar 24 23:56:04 +0000 2021","0","Masyarakat Papua mendukung kebijakan Otonomi Khusus Papua karena terbukti telah membawa kesejahteraan bagi masyarakat Papua baik di bidang ekonomi maupun pendidikan. Dampak Positif Otsus https://t.co/HTDvxhcEsi","1374872674590068738","https://pbs.twimg.com/media/ExSHYyYVcAMER9X.jpg","","in","","0","0","0","https://twitter.com/pinkyyxx2/status/1374872674590068738","1344085072081682432","pinkyyxx2"
"1374872406993432581","Wed Mar 24 23:55:00 +0000 2021","0","Masyarakat Papua mendukung kebijakan Otonomi Khusus Papua karena terbukti telah membawa kesejahteraan bagi masyarakat Papua baik di bidang ekonomi maupun pendidikan. Dampak Positif Otsus https://t.co/L5iF5mwj99","1374872406993432581","https://pbs.twimg.com/media/ExSAuXJVIAQZEU2.jpg","","in","","0","0","0","https://twitter.com/bellayara14/status/1374872406993432581","1303625357841461248","bellayara14"
"1374871503427149829","Wed Mar 24 23:51:24 +0000 2021","0","Masyarakat Papua mendukung kebijakan Otonomi Khusus Papua karena terbukti telah membawa kesejahteraan bagi masyarakat Papua baik di bidang ekonomi maupun pendidikan. Dampak Positif Otsus https://t.co/6NlVXrghQN","1374871503427149829","https://pbs.twimg.com/media/ExSGVpyVgAQ8bcg.jpg","","in","","0","0","0","https://twitter.com/sabijti05/status/1374871503427149829","1374619718745612289","sabijti05"
"1374767913190662146","Wed Mar 24 16:59:47 +0000 2021","0","Direktur Jenderal Pendidikan Tinggi Nizam mengatakan kerja sama itu bertujuan untuk mendukung implementasi kebijakan Kampus Merdeka dan percepatan 8 Indikator Kinerja Utama (IKU) perguruan tinggi. https://t.co/b7j9VFz5fV","1374767913190662146","","","in","Jakarta - Indonesia","0","0","0","https://twitter.com/mediaindonesia/status/1374767913190662146","68930552","mediaindonesia"
"1374701660518240258","Wed Mar 24 12:36:31 +0000 2021","2","Glorifying sekolah tertentu ini membuktikan kalo kualitas pendidikan ga rata. Padahal udah bikin kebijakan zonasi masih ajaa glorifying sekolah favorit.","1374701660518240258","","","in","Surabaya","0","2","0","https://twitter.com/iradatira/status/1374701660518240258","1330753957342310403","iradatira"
"1374393709727379459","Tue Mar 23 16:12:50 +0000 2021","0","Konstelasi Disparitas. KELEMAHAN INDONESIA : PEMBANGUNAN YANG TIDAK MERATA KORUPSI PUNGUTAN LIAR BIAYA PRODUKSI IMPOR KRIMINALITAS KEBIJAKAN PEMERINTAH YANG SERING RANCU PEGAWAI PEMERINTAH TIDAK DISIPLIN TINGGINYA BIAYA PENDIDIKAN DAN KESEHATAN https://t.co/uqBtEFsz6I","1374393709727379459","","","in","Bima Sekber1, Mataram Sekber 2","0","0","0","https://twitter.com/ncuhidorowoni/status/1374393709727379459","533115096","ncuhidorowoni"
"1374309313209008132","Tue Mar 23 10:37:28 +0000 2021","11","Selama Pandemi diberlakukan social distancing tidak terkecuali pada dunia pendidikan Indonesia sehingga proses belajar mengajar beralih secara daring.Mendikbud Nadiem Makarim meresmikan kebijakan bantuan Kuota Kemendikbud berupa data internet sebagai upaya PJJ bisa berjalan","1374309313209008132","","","in","Jakarta/Indonesia","1","4","5","https://twitter.com/st_nurjanahh/status/1374309313209008132","104105133","st_nurjanahh"
"1374269684778856448","Tue Mar 23 08:00:00 +0000 2021","14","110 sekolah tingkat SD dan SMP di Kota Bekasi mulai menjalankan pembelajaran tatap muka dengan menerapkan protokol kesehatan. Hal ini masuk dalam kebijakan adaptasi tatanan baru merujuk pada pedoman yang dibuat Dinas Pendidikan Kota Bekasi. https://t.co/bz4GSRcJ2W #CNNIndonesia https://t.co/fNewQh9wyl","1374269684778856448","https://pbs.twimg.com/media/ExJR0gcVEAM5NNu.jpg","","in","","0","0","3","https://twitter.com/CNNIndonesia/status/1374269684778856448","17128975","CNNIndonesia"
"1374242528942198786","Tue Mar 23 06:12:05 +0000 2021","0","Pemda tidak akan terlalu dini memutuskan kebijakan KBM tatap muka di tingkat pendidikan dasar dan menengah. https://t.co/e6hIienwC4","1374242528942198786","","","in","Jakarta Capital Region","0","0","0","https://twitter.com/suaradotcom/status/1374242528942198786","2340155395","suaradotcom"
"1374193463864913921","Tue Mar 23 02:57:07 +0000 2021","0","Arah Kebijakan Pengembangan Pendidikan Dasar Padang Pariaman Sumbar https://t.co/LNk130aF3m","1374193463864913921","","","in","Kota Padang","0","0","0","https://twitter.com/IndraAfriadi5/status/1374193463864913921","1182845385879851009","IndraAfriadi5"
"1374189564525305858","Tue Mar 23 02:41:38 +0000 2021","3","Bersama Mengokohkan Langkah Oleh : Drs. H. Syamsuddin M.Pd.I Perjalanan lembaga pendidikan Islam bukan sekedar memainkan sistem pengelolaan kebijakan dan peraturan. Sebab di dalam lembaga berkumpul makhluk yang bernama manusia yang memiliki jiwa... https://t.co/TXKBxU9UkE","1374189564525305858","","","in","Jl. KH Sholeh Iskandar No. 1","0","0","0","https://twitter.com/UmmulQuroBogor1/status/1374189564525305858","945178574","UmmulQuroBogor1"
"1374080950053658624","Mon Mar 22 19:30:02 +0000 2021","2","Pendidikan itu bukan seperti mengisi gelas kosong jika pendidikan hanya memasukan apa yang pemangku kebijakan mau bukan apa yang dibutuhkan peserta didik yg mendorong untuk meningkatkan potensinya maka orientasi pendidikan tidak lebih dari menjadikan peserta didik menjadi budak","1374080950053658624","","","in","","0","1","0","https://twitter.com/Bungjooo/status/1374080950053658624","1186370441012580352","Bungjooo"
"1373833931359805441","Mon Mar 22 03:08:28 +0000 2021","7","Ketua Umum menilai kebijakan tersebut merupakan usaha mendongkrak kondisi pendidikan nasional.. Tetapi saking semangatnya tidak terkoneksi dg identitas Indonesia itu sendiri sbg Negara yg berbasis pd Pancasila nilai agama &amp; budaya luhur bangsa sebagai satu kesatuan urainya.","1373833931359805441","","","in","Jakarta Selatan, DKI Jakarta","0","0","0","https://twitter.com/ismailfahmi/status/1373833931359805441","34075325","ismailfahmi"
"1373647524033007629","Sun Mar 21 14:47:45 +0000 2021","0","[KUNJUNGAN ORMAWA] Telah terlaksana kunjungan ormawa ke HIMAKP FIP UNY (Himpunan Mahasiswa Kebijakan Pendidikan) pada hari Jumat 19 Maret 2021. Acara ini dilaksanakan secara Daring melalui platform Zoom Meeting. Terimakasih kepada @himakpuny atas sambutan hangat yang diberikan https://t.co/Y0QySLKmde","1373647524033007629","https://pbs.twimg.com/media/ExAtIMUVgAEykDZ.jpg","","in","Universitas Negeri Yogyakarta","0","1","0","https://twitter.com/himakiuny/status/1373647524033007629","494775792","himakiuny"
"1373595292298186758","Sun Mar 21 11:20:12 +0000 2021","0","Pendidikan di keluarga gak hanya ttg keluarga. Dampaknya juga ke masyarakat. Mulai dari aspek politik ekonomi sampai hukum. Bagaimana dan kemana arah kebijakan publik ya dampaknya dari pendidikan didalam keluarga.","1373595292298186758","","","in","小田原ー箱根湯本","0","0","0","https://twitter.com/adra_58/status/1373595292298186758","234254655","adra_58"
"1372795059985207303","Fri Mar 19 06:20:22 +0000 2021","6","Perkuat Kebijakan Bidang Pendidikan BK DPR Teken MoU dengan UMC https://t.co/VT3BtAkotn https://t.co/TuO6BB3kOC","1372795059985207303","https://pbs.twimg.com/media/Ew0l1AxU8AgtcTj.jpg","","in","Jakarta, Indonesia","0","0","1","https://twitter.com/DPR_RI/status/1372795059985207303","211415705","DPR_RI"
"1372794066413314051","Fri Mar 19 06:16:25 +0000 2021","4","Peneliti Centre for Strategic and International Studies (CSIS) Arya Fernandes menilai lembaga pendidikan politik bentukan Partai Golkar Golkar Institute akan membuat pengambilan kebijakan partai lebih berdasar pada saintifik. Artikel selengkapnya &gt;&gt; https://t.co/mGgx2liG1M https://t.co/2gbRBSD9Ec","1372794066413314051","https://pbs.twimg.com/media/Ew0k7VeVoAIVBG3.jpg","","in","DKI Jakarta","0","0","0","https://twitter.com/kabargolkarnews/status/1372794066413314051","1243399928111452161","kabargolkarnews"
"1372698079795773447","Thu Mar 18 23:55:00 +0000 2021","0","Masyarakat Papua mendukung kebijakan Otonomi Khusus Papua karena terbukti telah membawa kesejahteraan bagi masyarakat Papua baik di bidang ekonomi maupun pendidikan. Papua Dukung Pemekaran https://t.co/SMegqRdP2J","1372698079795773447","https://pbs.twimg.com/media/EwzDSitVgAAmvHP.jpg","","in","","0","0","0","https://twitter.com/NewFadil11/status/1372698079795773447","1326353181824212993","NewFadil11"
"1372159774104580098","Wed Mar 17 12:15:58 +0000 2021","0"," Selama dua periode banyak produk kebijakan Joko Widodo yang kontra terhadap rakyat. Khususnya sekaitan masalah lingkungan hidup dan pendidikan. Joko Widodo harus dievaluasi seru Muhammad Zikra | https://t.co/1xWFh7J5L6 https://t.co/AALfH7Ald7","1372159774104580098","","","in","","0","0","0","https://twitter.com/esaramadana/status/1372159774104580098","406694160","esaramadana"
"1371994163898576900","Wed Mar 17 01:17:53 +0000 2021","0","kebijakan pendidikan itu adalah....","1371994163898576900","","","in","Sidoarjo, Indonesia","0","0","0","https://twitter.com/rizalanton/status/1371994163898576900","232125603","rizalanton"
"1371791696502026240","Tue Mar 16 11:53:21 +0000 2021","0","Sejumlah Pemerintah Daerah Tingkat 1 dan 2 di Indonesia sudah mulai menerapkan kebijakan wajib mengikuti jenjang Pendidikan Anak Usia Dini (PAUD) selama satu tahun sebagai prasyarat seorang anak masuk ke Sekolah Dasar. @Kemdikbud_RI @PAUDDikdasmen https://t.co/U2VMZGVzKa","1371791696502026240","","","in","","1","1","1","https://twitter.com/paudpedia/status/1371791696502026240","1227029291398885376","paudpedia"
"1371787946706096137","Tue Mar 16 11:38:27 +0000 2021","2","Sri Lanka Larang Burka dan Tutup 1.000 Sekolah Islam Yang Tidak Ikut Kebijakan Pendidikan Nasional https://t.co/2DAqxuv0Lw","1371787946706096137","","","in","Jakarta Capital Region, Indone","0","0","0","https://twitter.com/WPBergerak/status/1371787946706096137","1014003407311421442","WPBergerak"
"1371387160138375173","Mon Mar 15 09:05:52 +0000 2021","1","Oke let's talk about it here. Sebenernya kalau kita ngomong masalah pendidikan itu selalu mentok di sistem dan kebijakan karena kualitas pendidikan kita yg masih heterogen bgt. Yang jadi korban siapa? Ya guru (yg literally terjun langsung) dan murid sendiri.","1371387160138375173","","","in","In your heart","0","2","1","https://twitter.com/nigh70wl/status/1371387160138375173","1345346560205361152","nigh70wl"
"1371356078760357889","Mon Mar 15 07:02:22 +0000 2021","10","Menurut Tangko dalam buku Manajemen Mutu Pendidikan (2014) karya Abdul Hadis dan Nurhayati implementasi kebijakan pemimpin dan pengembangan guru atau dosen dapat meningkatkan kinerja guru atau dosen. @AmrilmuhammadMp #AmrilMuhammad_UNJ #prodiMP_UNJ #KoKI_MP","1371356078760357889","","","in","","1","1","0","https://twitter.com/Lintang_18A/status/1371356078760357889","1078903011584270337","Lintang_18A"
"1371338150115569664","Mon Mar 15 05:51:07 +0000 2021","0","Semua media memberikan judul pemberitaan yang sama Sri Lanka akan melarang pemakaian burqa dan akan menutup 1000 sekolah Islam Jika dengan alasan mereka tidak terdaftar di pihak berwenang dan tidak mengikuti kebijakan pendidikan nasional apa salahnya? https://t.co/5htA8yDzPX","1371338150115569664","","","in","Earth","1","1","0","https://twitter.com/7evenClothes/status/1371338150115569664","786040464298217474","7evenClothes"
"1371320310176251904","Mon Mar 15 04:40:14 +0000 2021","2","Bapak Menteri Pendidikan &amp; Kebudayaan- Nadiem Makarim memberikan kata sambutan. Kemendikbud memberikan kebijakan dlm mendata kekayaan intelektual musik tradisi. @budayasaya @ditjen_hki @Kemdikbud_ri #HariMusikNasional2021 #pelindunganmusiktradisi https://t.co/ywLkBwNK8X","1371320310176251904","https://pbs.twimg.com/media/Ewfoi-qVkAIo-WM.jpg","","in","Depok,Indonesia","0","0","1","https://twitter.com/Sanjayaluv/status/1371320310176251904","126622639","Sanjayaluv"
"1371311101816700931","Mon Mar 15 04:03:39 +0000 2021","1","DirJen Kebudayaan khususnya Direktorat Perfilman Musik&amp;Media Baru dlm rangka memperingati hari musik thn 2021 akan Menyusun kebijakan peningkatan apresiasi musik mll pendidikan&amp;pelindungan hak cipta karya musik tradisional. #HariMusikNasional2021 #pelindunganmusiktradisi https://t.co/UaE9RX1cEz","1371311101816700931","https://pbs.twimg.com/media/EwfgLdbVcAUn9NF.jpg","","in","","0","0","1","https://twitter.com/MWuryantati/status/1371311101816700931","3890759659","MWuryantati"
"1371310919842549762","Mon Mar 15 04:02:55 +0000 2021","0","Direktorat Perfilman Musik dan Media Baru Menyusun kebijakan peningkatan apresiasi musik melalui pendidikan dan pelindungan hak cipta karya musik tradisional. @Kemdikbud_RI @budayasaya @ditjen_hki #pelindunganmusiktradisi #harimusiknasional2021","1371310919842549762","","","in","","0","0","0","https://twitter.com/ke2nai/status/1371310919842549762","468193684","ke2nai"
"1371309832834220033","Mon Mar 15 03:58:36 +0000 2021","0","Kebijakan peningkatan apresiasi musik melalui pendidikan dan pelindungan hak cipta karya musik tradisional #harimusiknasional2021 #pelindunganmusiktradisi @budayasaya @ditjen_hki @Kemdikbud_ri","1371309832834220033","","","in","Pijiyama, Depok, Hokkaido","0","0","0","https://twitter.com/nona_melinda_/status/1371309832834220033","81085105","nona_melinda_"
"1371308999379853313","Mon Mar 15 03:55:17 +0000 2021","1","akan Menyusun kebijakan peningkatan apresiasi musik melalui pendidikan dan pelindungan hak cipta karya musik tradisional. #HariMusikNasional2021 #pelindunganmusiktradisi @budayasaya @ditjen_hki @Kemdikbud_RI","1371308999379853313","","","in","Jakarta Capital Region","0","0","0","https://twitter.com/boghaisan/status/1371308999379853313","89670727","boghaisan"
"1371307822617522179","Mon Mar 15 03:50:37 +0000 2021","0","Yap! Sepakat banget bahwa kebijakan peningkatan apresiasi musik melalui pendidikan dan pelindungan hak cipta karya musik tradisional mutlak dilakukan. #HariMusikNasional2021 #pelindunganmusiktradisi @budayasaya @ditjen_hki @Kemdikbud_ri","1371307822617522179","","","in","nurulnih@gmail.com","0","0","0","https://twitter.com/nurulrahma/status/1371307822617522179","59985478","nurulrahma"
"1371306561465843715","Mon Mar 15 03:45:36 +0000 2021","0","Acara ini ada dalam rangka memperingati hari musik tahun 2021. Nanatinya akan ada kebijakan peningkatan apresiasi musik melalui pendidikan dan pelindungan hak cipta karya musik tradisional #HariMusikNasional2021 #pelindunganmusiktradisi","1371306561465843715","","","in","","0","0","0","https://twitter.com/PerempuanUnik/status/1371306561465843715","823373259097784320","PerempuanUnik"
"1371306003149377540","Mon Mar 15 03:43:23 +0000 2021","0","Diskusi ini digekar dalam peringatan Hari Musik Tradisional sekaligus menyusun kebijakan peningkatan apresiasi musik melalui pendidikan dan pelindungan hak cipta karya musik tradisional. #HariMusikNasional2021 #pelindunganmusiktradisi @budayasaya @ditjen_hki @Kemdikbud_ri","1371306003149377540","","","in","Jakarta Capital Region, Indone","0","0","0","https://twitter.com/mba_diahworo/status/1371306003149377540","2539299234","mba_diahworo"
"1371305713633423361","Mon Mar 15 03:42:14 +0000 2021","0","Acara ini dalam rangka memperingati Hari Musik 2021. Salah satu kegiatannya menyusun kebijakan peningkatan apresiasi musik lewat pendidikan dan pelindungan hak cipta karya musik tradisional. #HariMusikNasional2021 #pelindunganmusiktradisi @budayasaya @ditjen_hki @Kemdikbud_ri","1371305713633423361","","","in","","0","0","0","https://twitter.com/nunik_utami/status/1371305713633423361","58739208","nunik_utami"
"1371305144143421445","Mon Mar 15 03:39:58 +0000 2021","0","Dlm rangka memperingati hari musik thn 2021 Direktorat Jenderal Kebudayaan akan Menyusun kebijakan peningkatan apresiasi musik melalui pendidikan&amp;pelindungan hak cipta karya musik tradisional #HariMusikNasional2021 #pelindunganmusiktradisi @budayasaya @ditjen_hki @Kemdikbud_ri","1371305144143421445","","","in","Cibinong","0","0","0","https://twitter.com/TinaSindy/status/1371305144143421445","1329249421","TinaSindy"
"1371305117442396168","Mon Mar 15 03:39:52 +0000 2021","0","Ditjen kebudayaan tahun 2021 akan Menyusun kebijakan peningkatan apresiasi musik melalui pendidikan dan pelindungan hak cipta karya musik tradisional. #HariMusikNasional2021 #pelindunganmusiktradisi @budayasaya @ditjen_hki @Kemdikbud_ri","1371305117442396168","","","in","Depok, Jakarta ","0","0","0","https://twitter.com/Miramiut/status/1371305117442396168","281422097","Miramiut"
"1371304952836988929","Mon Mar 15 03:39:13 +0000 2021","2","Pada hari ini juga akan disusun kebijakan peningkatan apresiasi musik melalui pendidikan dan pelindungan hak cipta karya musik tradisional #HariMusikNasional2021 #pelindunganmusiktradisi @budayasaya @ditjen_hki @Kemdikbud_ri","1371304952836988929","","","in","Bekasi","0","0","0","https://twitter.com/Desty007/status/1371304952836988929","155161935","Desty007"
"1371303991045357572","Mon Mar 15 03:35:23 +0000 2021","0","Dirjen Kebudayaan khususnya Direktorat Perfilman Musik &amp; Media Baru akan mnyusun kebijakan peningkatan apresiasi musik melalui pendidikan &amp; pelindungan hak cipta karya musik tradisional. #HariMusikNasional2021 #pelindunganmusiktradisi @budayasaya @ditjen_hki @Kemdikbud_ri","1371303991045357572","","","in","","0","0","0","https://twitter.com/erfanologi/status/1371303991045357572","85079540","erfanologi"
"1371303911173156867","Mon Mar 15 03:35:04 +0000 2021","0","akan Menyusun kebijakan peningkatan apresiasi musik melalui pendidikan dan pelindungan hak cipta karya musik tradisional. #HariMusikNasional2021 #pelindunganmusiktradisi @budayasaya @ditjen_hki @Kemdikbud_ri","1371303911173156867","","","in","Jakarta Barat, DKI Jakarta","0","0","0","https://twitter.com/TatiSuherman/status/1371303911173156867","778877740971724800","TatiSuherman"
"1371303865790828544","Mon Mar 15 03:34:53 +0000 2021","0","Dalam rangka memperingati hari musik tahun 2021 akan disusun kebijakan peningkatan apresiasi musik melalui pendidikan dan perlindungan hak cipta karya musik tradisional. #HariMusikNasional2021 #pelindunganmusiktradisi @budayasaya @ditjen_hki @Kemdikbud_RI","1371303865790828544","","","in","jakata,Indonesia","0","0","0","https://twitter.com/Ria_Bilqis/status/1371303865790828544","1105246147","Ria_Bilqis"
"1371301630365241344","Mon Mar 15 03:26:00 +0000 2021","0","Melalui @Kemdikbud_RI direktorat perfilman Musik dan Media Baru dlm menyusun kebijakan peningkatan apresiasi musik melalui pendidikan dan perlindungan hak cipta karya musik tradisional #HariMusikNasional2021 #pelindunganmusiktradisi @budayasaya @ditjen_hki https://t.co/h8UgIWa2Nr","1371301630365241344","https://pbs.twimg.com/ext_tw_video_thumb/1371301506352214026/pu/img/xdHbfNCG6fV78L01.jpg","","in","Jakarta_Indonesia","0","0","0","https://twitter.com/Malihadafi/status/1371301630365241344","2656274377","Malihadafi"
"1371271226040053760","Mon Mar 15 01:25:11 +0000 2021","0","Sikap! Indonesia kapan? Sri Lanka Larang Burka dan Tutup 1.000 Sekolah Islam Yang Tidak Ikut Kebijakan Pendidikan Nasional https://t.co/yUeTYekfK2","1371271226040053760","","","in","","0","0","0","https://twitter.com/herdidotty/status/1371271226040053760","275144276","herdidotty"
"1371073937254191104","Sun Mar 14 12:21:14 +0000 2021","0","Sri Lanka 13/03/2021 mengumumkan rencana akan melarang pemakaian burqa dan akan menutup lebih dari 1.000 sekolah Islam yang dikenal sebagai madrasah dengan alasan keamanan nasional dan karena sekolah itu tidak mengikuti kebijakan pendidikan nasional. https://t.co/MeiUDIrOSt","1371073937254191104","","","in","","0","0","0","https://twitter.com/kangdede66/status/1371073937254191104","191333254","kangdede66"
"1371030036313116679","Sun Mar 14 09:26:47 +0000 2021","1","Indonesia segera menyusul jangan terlalu lama sebelum terlambat. Sri Lanka Larang Burka dan Tutup 1.000 Sekolah Islam Yang Tidak Ikut Kebijakan Pendidikan Nasional https://t.co/TzMk1l4Id9","1371030036313116679","","","in","Lili Rilau, Indonesia","0","1","0","https://twitter.com/Djojodiningrat1/status/1371030036313116679","1170655773443026944","Djojodiningrat1"
"1370991098009583617","Sun Mar 14 06:52:04 +0000 2021","0","Zita lantas membandingkan kebijakan itu dengan sektor pendidikan. Pasalnya hingga sekarang kegiatan belajar mengajar masih belum jelas kapan akan diadakan secara tatap muka. https://t.co/vTaRW9NB9Z","1370991098009583617","","","in","Jakarta Capital Region","0","0","0","https://twitter.com/suaradotcom/status/1370991098009583617","2340155395","suaradotcom"
"1370966768622047233","Sun Mar 14 05:15:23 +0000 2021","164","- Sri Lanka Larang Burka dan Tutup 1.000 Sekolah yang Tidak Ikut Kebijakan Pendidikan Nasional @hnurwahid dan @MardaniAliSera kapan kalian demo ke sana ? https://t.co/2psCJB6Ow8","1370966768622047233","","","in","","7","8","62","https://twitter.com/007koteka/status/1370966768622047233","880019254027866113","007koteka"
"1370962157890797575","Sun Mar 14 04:57:04 +0000 2021","6","PEKAES PERLU DEMO SRILANKA CARI SUARA KADRUN ! Sri Lanka Larang Burka dan Tutup 1.000 Sekolah Islam Yg Tidak Ikut Kebijakan Pendidikan Nasional https://t.co/puLoVyL8nL @MUIPusat @hnurwahid @MardaniAliSera @2020_STMJ @Mohamad50983447 @lukmanalwahid @2020_STMJ @iwannoeg @NKoyogan","1370962157890797575","","","in","Jakarta Capital Region, Indone","1","2","2","https://twitter.com/cagubnyinyir2/status/1370962157890797575","1013331201396912128","cagubnyinyir2"
"1370961499498246144","Sun Mar 14 04:54:27 +0000 2021","8","PEKAES PERLU DEMO SRILANKA CARI SUARA KADRUN ! Sri Lanka Larang Burka dan Tutup 1.000 Sekolah Islam Yang Tidak Ikut Kebijakan Pendidikan Nasional https://t.co/puLoVyL8nL @MUIPusat @hnurwahid @MardaniAliSera @AlhadieLukman @Abu_Ar_Rayyan @Ruslam42 @abdul_charim @Aslipriok1973","1370961499498246144","","","in","Jakarta Capital Region, Indone","0","2","3","https://twitter.com/cagubnyinyir2/status/1370961499498246144","1013331201396912128","cagubnyinyir2"
"1370872799489789952","Sat Mar 13 23:01:59 +0000 2021","0"," Kekuatan Besar di Balik Kebijakan Nadiem Soal Hilangnya Pendidikan Agama https://t.co/gJxCOB4Ofp","1370872799489789952","","","in","","0","0","0","https://twitter.com/Robykan1/status/1370872799489789952","951053614335778816","Robykan1"
"1370777661383995397","Sat Mar 13 16:43:56 +0000 2021","271","Sri Lanka Larang Burka dan Tutup 1.000 Sekolah Islam Yang Tidak Ikut Kebijakan Pendidikan Nasional https://t.co/0FCdz6GQ2H","1370777661383995397","","","in","Auckland, New Zealand","17","30","62","https://twitter.com/gadisresidu_b3/status/1370777661383995397","1091557101002940416","gadisresidu_b3"
"1370749765080682501","Sat Mar 13 14:53:05 +0000 2021","68","Sri Lanka Larang Burka dan Tutup 1.000 Sekolah Islam Yang Tidak Ikut Kebijakan Pendidikan Nasional https://t.co/oh3fKVG1nr https://t.co/NVcHqkT2n5","1370749765080682501","https://pbs.twimg.com/media/EwXhpbnVcAMafrE.jpg","","in","Indonesia","3","7","12","https://twitter.com/KompasTV/status/1370749765080682501","71436318","KompasTV"
"1370362947671715842","Fri Mar 12 13:16:01 +0000 2021","1","Menteri pendidikan Afganistan mengeluarkan kebijakan melarang siswi sekolah usia berusia 12 tahun ke atas menyanyi di depan umum. Dekrit Kementerian Pendidikan Afganistan itu tertera dalam sebuah surat yang bocor ke media. #PapuanLivesMatter https://t.co/irUEh75eDI","1370362947671715842","","","in","West Papua","0","0","0","https://twitter.com/News_jubi/status/1370362947671715842","1023114824","News_jubi"
"1370324490350043143","Fri Mar 12 10:43:12 +0000 2021","0","Klo kebijakan pendidikan indonesia jadi rusuh ya lebih baik menterinya dicopot saja #CopotNadiem","1370324490350043143","","","in","jakarta","0","1","0","https://twitter.com/avice_saipunir/status/1370324490350043143","1963243740","avice_saipunir"
"1370315403533033472","Fri Mar 12 10:07:06 +0000 2021","1","Tahun Ini DKI Wajibkan Pendidikan PAUD 1 Tahun Persiapan Anak Masuk SD: Nahdiana menjelaskan kebijakan wajib PAUD 1 tahun telah dikaji berdasarkan aspek yuridis teoritis dan empiris dengan melibatkan berbagai pihak. https://t.co/7cN8eAp5oL","1370315403533033472","","","in","Indonesia","0","0","0","https://twitter.com/merdekadotcom/status/1370315403533033472","456426648","merdekadotcom"
"1370314771342401537","Fri Mar 12 10:04:35 +0000 2021","2","DKI Wajibkan Pendidikan PAUD 1 Tahun Persiapan Anak Masuk SD: Nahdiana menjelaskan kebijakan wajib PAUD 1 tahun telah dikaji berdasarkan aspek yuridis teoritis dan empiris dengan melibatkan berbagai pihak. https://t.co/k1E7Q8ehY4","1370314771342401537","","","in","Indonesia","0","0","0","https://twitter.com/merdekadotcom/status/1370314771342401537","456426648","merdekadotcom"
"1370297165558411264","Fri Mar 12 08:54:37 +0000 2021","5","#CopotNadiem Dari awal korona sampai sekarang Kebijakan untuk pendidikan gerak jalan di tempat Apa fungsi mentri pensidikan dan kebudayaan Tdk ada upaya untuk mencerdaskan Bangsa #CopotNadiem","1370297165558411264","","","in","Waru, Indonesia","0","0","0","https://twitter.com/m_benyy/status/1370297165558411264","1153301238693318656","m_benyy"
"1370279949379149827","Fri Mar 12 07:46:13 +0000 2021","0","Pembangunan pendidikan harus berkelanjutan tidak boleh terpengaruh oleh kebijakan politik penguasa atau suksesi kepemimpinan nasional. #pendidikan https://t.co/eUrVmK6pVb","1370279949379149827","","","in","Jakarta","0","0","0","https://twitter.com/RILISonline/status/1370279949379149827","324825723","RILISonline"
"1370082315699777539","Thu Mar 11 18:40:53 +0000 2021","21","Kawan saya pernah bilang; kalau ada pemangku kebijakan marah saat di kritisi rakyat berarti ada yang bermasalah. Apakah salah jika seorang guru/rakyat mengkritisi infrastuktur yang seharusnya menjadi salah satu prioritas di satu wilayah tak lain untuk menunjang akses pendidikan https://t.co/yvayFp4wwT","1370082315699777539","https://pbs.twimg.com/media/EwOCmOzVcAAK0hX.jpg","","in","-6.8370042, 106.759798","0","1","10","https://twitter.com/akubukanswiper/status/1370082315699777539","1159765503193174016","akubukanswiper"
"1370078408097427456","Thu Mar 11 18:25:21 +0000 2021","4","Nadiem Makarim menyebutkan Kemendikbud akan merevisi draft Peta Jalan Pendidikan Nasional 2020-2035 yang akan memuat frasa Agama. Masyarakat harus jeli masa sekarang Jangan sampai kecolongan kebijakan yang dibuat para elit politik. Negeri suka buat peraturan tanpa peduli rakyat.","1370078408097427456","","","in","","0","2","0","https://twitter.com/CasperBeWin1/status/1370078408097427456","1106035463972769792","CasperBeWin1"
"1370046596482617346","Thu Mar 11 16:18:57 +0000 2021","0","Gw ama crush gw debat grgr bahas masalah kebijakan yg tepat utk pendidikan di Indonesia hmm trs ge akhirnya menang dan gw apply ide gw ke bagian staff kementrian pendidikan krn saat itu gw lagi mjd salah satu staff Kemendikbud juga. Hmm bayangin aja dulu","1370046596482617346","","","in","Indonesia","0","1","0","https://twitter.com/lintalinnn/status/1370046596482617346","1898000406","lintalinnn"
"1370018045733658626","Thu Mar 11 14:25:30 +0000 2021","24","1. Dikutip dari Naskah Akademik Kajian Kebijakan Kurikulum Mata Pelajaran Pendidikan Agama Kajian tentang kurikulum setidaknya meliputi tiga dimensi yaitu... @AmrilmuhammadMp #AmrilMuhammad_UNJ #prodiMP_UNJ #KoKI_MP","1370018045733658626","","","in","","1","1","5","https://twitter.com/Altasha18A/status/1370018045733658626","1301749228893470721","Altasha18A"
"1370017458724073481","Thu Mar 11 14:23:10 +0000 2021","0","Semangat untuk memisahkan agama dari pendidikan nasional sudah sangat lama. Kalau penentu kebijakan dalam pendidikan nasional lengah semangat itu bisa aktual. Perlu orang-orang baik mengawal di ruang sana. Kalaupun tidak berwenang menentukan masih bisa mengingatkan","1370017458724073481","","","in","Gunung Kidul, Yogyakarta","0","0","0","https://twitter.com/Bintara_BA/status/1370017458724073481","379518902","Bintara_BA"
"1370012557621141505","Thu Mar 11 14:03:41 +0000 2021","13","Lemparlah kebijakan yang subtantif tentang ketahanan ekonomi pangan pendidikan dan hukum. Gunakan kekuasaan untuk hal itu waktu berjalan terus. Jabatan tak seawet karpet di ruang tamu!","1370012557621141505","","","in","Jakarta Capital Region, Indone","0","0","0","https://twitter.com/Hasbil_Lbs/status/1370012557621141505","931419055549906944","Hasbil_Lbs"
"1370000023639912448","Thu Mar 11 13:13:53 +0000 2021","76","Kemendikbud lakukan rapat kerja dgn Komisi X @DPR_RI Rabu (10/3) membahas perkembangan kebijakan di antaranya persiapan seleksi guru ASN PPPK BOS 2021 bantuan kuota data internet 2021 vaksinasi pendidik &amp; tenaga kependidikan serta pra konsep Peta Jalan Pendidikan Indonesia. https://t.co/nFqsmiVHt1","1370000023639912448","https://pbs.twimg.com/media/EwM3wJYVcAMT1-c.jpg","","in","Jakarta","1","10","15","https://twitter.com/Kemdikbud_RI/status/1370000023639912448","631701837","Kemdikbud_RI"
"1369916167200989184","Thu Mar 11 07:40:40 +0000 2021","0","Nadiem bukan lagi bos gojek. Dan kebijakan nadiem tentang frasa agama pun telah diklarifikasi yg akhirnya peta jalan pendidikan AGAMA telah dimasukkan ! Emosi boleh cerdas jangan lupa ","1369916167200989184","","","in","belakang gawang","0","0","0","https://twitter.com/efaesem_/status/1369916167200989184","2789024161","efaesem_"
"1369888347401842693","Thu Mar 11 05:50:07 +0000 2021","1","Bertanya Mau dibawa kemana arah pendidikan nasional ini oleh pemangku kebijakan? ","1369888347401842693","","","in","DKI Jakarta, Indonesia","0","0","0","https://twitter.com/NishiSaijo/status/1369888347401842693","1091646561988206592","NishiSaijo"
"1369864926387302405","Thu Mar 11 04:17:03 +0000 2021","10","#DominasiRezimSekuler ... hilangnya frasa agama di kurikulum pendidikan buat otak dan hati kami gundah bertanya : mau dibawa kemana negara ini ? entah apa jadinya thdp generasi masa depan kebijakan amburadul yang layak ditolak bung .... #DominasiRezimSekuler 🆘 _ https://t.co/WNU927IhbH","1369864926387302405","https://pbs.twimg.com/ext_tw_video_thumb/1369864708543553537/pu/img/W1WSAPMrPf6bKDB3.jpg","","in","dipinggir kolam butek .-","0","2","7","https://twitter.com/dek_bintank/status/1369864926387302405","1333741476153421825","dek_bintank"
"1369844973181411335","Thu Mar 11 02:57:46 +0000 2021","0","Menarik kebijakan ini berdampak. Pendidikan pesantren dan Muhammadiyah akan lebih di lihat. Yg saya rasa bagus untuk memulai meniadakan sekolah negeri.","1369844973181411335","","","in","ngawi","0","0","0","https://twitter.com/Ich1yasir/status/1369844973181411335","285450916","Ich1yasir"
"1369658737309360129","Wed Mar 10 14:37:44 +0000 2021","0","[SURYA SAINTIS | PERESMIAN KEBIJAKAN BANTUAN KUOTA DATA INTERNET KEMENDIKBUD TAHUN 2021] . Salam Perjuangan ! Hidup Mahasiswa ! Hidup Rakyat Indonesia ! . Halo Saintis Muda ! . Kementerian Pendidikan dan Kebudayaan (Kemendikbud) melanjutkan kebijakan subsidi data internet selama https://t.co/hm3UCYFgED","1369658737309360129","https://pbs.twimg.com/media/EwIBWqpXcAMoETB.jpg","","in","Kampus Bina Widya Km 12,5 Simp","0","1","0","https://twitter.com/bemfmipaunri/status/1369658737309360129","924971603674333184","bemfmipaunri"
"1369612887279300609","Wed Mar 10 11:35:33 +0000 2021","1","Kemaren minol hari ini frasa agama yg dihilangkan dalam peta jalan sistem pendidikan. Sebelumnya RUU HIP. Kok arah kebijakan pemerintah ini cenderung agak gimana gitu ya? Dan dari semua itu kalo tdk organisasi keagamaan yg menunjukkan kritisnya bisa lolos barang itu...","1369612887279300609","","","in","Seputaran  menteng & palangka","0","1","0","https://twitter.com/ridho_donjuan/status/1369612887279300609","143415908","ridho_donjuan"
"1369595164247826438","Wed Mar 10 10:25:07 +0000 2021","0","Pada Hari Musik Nasional 2021 yang diperingati tanggal 9 Maret kemarin Kementerian Pendidikan dan Kebudayaan RI merancang dua kebijakan besar di bidang musik. Apa saja dua kebijakan tersebut? #budayasaya #harimusiknasional2021 #musikdaerah #musiktradisional #budayaainggeh https://t.co/Fks0c8J1L2","1369595164247826438","https://pbs.twimg.com/media/EwHHiinUUAQIgIG.jpg","","in","Banten - Indonesia","0","0","0","https://twitter.com/budayaainggeh/status/1369595164247826438","1211484543292596224","budayaainggeh"
"1369585631010037763","Wed Mar 10 09:47:14 +0000 2021","0","Makin jelas frasa agama di hilangkan dalam dunia pendidikan guru non muslim boleh ngajar di madrasah legalkan n Investasi miras masih banyak lagi kebijakan ga populer lainnya heemmmppphh.....","1369585631010037763","","","in","","0","0","0","https://twitter.com/Petualangsunyi4/status/1369585631010037763","1362398030985523200","Petualangsunyi4"
"1369529706748416004","Wed Mar 10 06:05:01 +0000 2021","0","[HIMAKOM INFO] BANTUAN KUOTA DATA INTERNET KEMENDIKBUD 2021 Assalamualaikum Wr. Wb. Halo Ikomers!! Sehubungan dengan kebijakan bantuan Kuota Dana Internet tahun 2021 kemendikbud bersama Menteri Pendidikan dan Kebudayaan Republik Indonesia pada tanggal 1 Maret 2021 yang lalu","1369529706748416004","","","in","Pekanbaru - Indonesia","0","1","0","https://twitter.com/himakomur/status/1369529706748416004","314294264","himakomur"
"1369475436187512836","Wed Mar 10 02:29:22 +0000 2021","12","Jakarta - Pusat Pendidikan dan Pelatihan Pengadaan Barang/Jasa Lembaga Kebijakan Pengadaan Barang/Jasa Pemerintah (Pusdiklat PBJ LKPP) menerima penghargaan Penyelenggara Pelayanan Publik dengan Kategori Sangat Baik . https://t.co/mln3C6oOEM","1369475436187512836","https://pbs.twimg.com/media/EwFapTRVEAIzI8-.jpg","","in","Jakarta Selatan, DKI Jakarta","0","2","2","https://twitter.com/LKPP_RI/status/1369475436187512836","271864689","LKPP_RI"
"1369472632664559622","Wed Mar 10 02:18:13 +0000 2021","0","Memisahkan agama dalam kehidupan adalah tindakan yg berbahaya. Tanpa agama manusia akan kebingungan dan tersesat. Menghapus frasa agama dalam Peta Pendidikan 2020-2035 bukan langkah kebijakan yg cerdas. Justru itu kebodohan. #TolakPenghapusanFrasaAgama","1369472632664559622","","","in","Indonesia","0","0","0","https://twitter.com/satriyotutuko/status/1369472632664559622","44520395","satriyotutuko"
"1369450700007223306","Wed Mar 10 00:51:04 +0000 2021","0","Mungkin langkah masif terstruktur dan sistematis untuk menghapus politik omong kosong dan kebijakan yang penuh semboyan kosong adalah menghapus kewajiban bikin yel yel di semua tingkat pendidikan formal dan lingkungan ASN dll...","1369450700007223306","","","in","Equator","0","0","0","https://twitter.com/senituru/status/1369450700007223306","19078316","senituru"
"1369394948169170965","Tue Mar 09 21:09:32 +0000 2021","1","Batang Berencana Gelar Sekolah Tatap Muka meski belum Dibolehkan Pemprov Jateng: Plt Kepala Dinas Pendidikan dan Kebudayaan Provinsi Jawa Tengah (Jateng) Hari Wuljanto menyatakan kebijakan Pemkab Batang dalam menyelenggarakan pembelajaran tatap muka https://t.co/QPsHOghKV1","1369394948169170965","","","in","Indonesia","0","0","0","https://twitter.com/merdekadotcom/status/1369394948169170965","456426648","merdekadotcom"
"1369283688958025730","Tue Mar 09 13:47:26 +0000 2021","0","Terlalu banyak konflik menerjang negeri ini.Terlalu sering merubah ubah kebijakan pendidikan rupanya ada tujuan.Bebas korupsi bebas dan sewenang wenang jalankan aturan","1369283688958025730","","","in","Tgaalek Jatim","0","0","0","https://twitter.com/SMujsin/status/1369283688958025730","1138335162188554240","SMujsin"
"1369255188586979329","Tue Mar 09 11:54:11 +0000 2021","0","RT KemenkeuRI: Perempuan merasakan dampak lebih besar dari segala aspek baik kesehatan pekerjaan pendapatan hingga pendidikan anak. Karena itu kebijakan Pemerintah dalam menangani dampak pandemi juga dibuat agar manfaatnya lebih bisa dirasakan oleh perempuan. (@irwansst)","1369255188586979329","","","in","Banda Aceh, Indonesia","0","0","0","https://twitter.com/djpbaceh/status/1369255188586979329","841528595990294528","djpbaceh"
"1369245285470339073","Tue Mar 09 11:14:50 +0000 2021","0","Kementerian Pendidikan dan Kebudayaan (Kemendikbud) menyatakan akan merancang dua kebijakan besar pada bidang musik pada 2021. Apa saja? #Validnews #Musik #Kemendikbud https://t.co/w5BLJ1SQdD","1369245285470339073","","","in","Jakarta Capital Region, Indone","0","0","0","https://twitter.com/validnewsid/status/1369245285470339073","874558344593195008","validnewsid"
"1369237517300621313","Tue Mar 09 10:43:57 +0000 2021","0","Golkar Institute merupakan program sekolah partai di bidang Pemerintahan dan kebijakan publik. Namun sarana pendidikan ini nantinya tak hanya berlaku khusus kader partai saja tapi masyarakat umum. https://t.co/0TjaBYg4yZ","1369237517300621313","","","in","Jl Anggrek Neli Murni Jakarta ","0","0","0","https://twitter.com/golkar_id/status/1369237517300621313","1191570381099827200","golkar_id"
"1369212122496860160","Tue Mar 09 09:03:03 +0000 2021","0","Di #InternationalWomensDa Presiden Biden tandatangani 2 perintah eksekutif: 1. membentuk Dewan Kebijakan Gender Gedung Putih; 2. memastikan pendidikan bebas dr kekerasan seksual. Sebagai presiden dia berkomitmen menegakkan hak2 wanita &amp; anak perempuan di AS &amp; di seluruh dunia.","1369212122496860160","","","in","Indonesia","0","0","0","https://twitter.com/GabrielMahal/status/1369212122496860160","455025180","GabrielMahal"
"1369196009893470208","Tue Mar 09 07:59:01 +0000 2021","7","Miras yg Memabukkan Rakyat di Tolak Sekarang Agama Mau di Hilangkan dr Dunia Pendidikan Indonesia dgn Tdk Membahas Bersama Pemegang Saham Mayoritas NKRI Umat Islam dn Agama Lainnya. Semakin Tak Jelas Arah Kebijakan untk Membangun Moral Anak Bangsa. https://t.co/DUVHoHqoJ2 https://t.co/xOgryeXsJF","1369196009893470208","https://pbs.twimg.com/media/EwBcg2_UcAMGFhs.jpg","","in","","0","1","1","https://twitter.com/myputun/status/1369196009893470208","207412269","myputun"
"1369136684596486145","Tue Mar 09 04:03:17 +0000 2021","0","Selain bersyukur ada @FPKSDPRRI juga masih ada @muhammadiyah MUI &amp; tokoh2 islam yg tetap kritis terhadap kebijakan sekulerisme Menteri @Kemdikbud_RI yg ugal2 dlm membuat peta jalan pendidikan tanpa berbasis UUD 45 &amp; Pancasila. Jangan berharap @BPIPRI @susetyopr taat konstitusi","1369136684596486145","","","in","Bima & Makassar","0","0","1","https://twitter.com/syarifahmad75/status/1369136684596486145","464759910","syarifahmad75"
"1369122253665800193","Tue Mar 09 03:05:56 +0000 2021","12","Tepat. Ayo gerakan perempuan dan mahasiswa Indonesia utk mendukung kebijakan ini. Tak boleh lgi ada kekerasan seksual di lembaga pendidikan dan instansi pemerintahan. Lebih hebat lgi jika pak @nadiemmakarim mendesak @DPR_RI utk segera mensahkan RUU-PKS #SahkanRUUPKS","1369122253665800193","","","in","jakarta","0","0","6","https://twitter.com/Muhammadasrul91/status/1369122253665800193","1230773938986221569","Muhammadasrul91"
"1369117209302233089","Tue Mar 09 02:45:54 +0000 2021","40","#SahabatBudaya Kemendikbud telah merancang dua kebijakan besar di bidang musik yang meliputi: Perlindungan kekayaan intelektual bagi musisi tradisional dan Pengembangan materi; dan metode pembelajaran apresiasi musik dalam dunia pendidikan. Selamat Hari Musik Nasional! https://t.co/1XzVSkbZsU","1369117209302233089","https://pbs.twimg.com/ext_tw_video_thumb/1369116454658797578/pu/img/qwiHN_5EQslsWL0p.jpg","","in","Indonesia","1","0","16","https://twitter.com/budayasaya/status/1369117209302233089","949184846","budayasaya"
"1369090300015116288","Tue Mar 09 00:58:58 +0000 2021","1","Ketidakadilan standardisasi manusia reduksi proses pendidikan. Inilah tiga residu akibat kebijakan ujian nasional. Apakah asesmen nasional mampu menjawab tiga persoalan ini? #Opini #adadikompas https://t.co/cHQhsRwhQu","1369090300015116288","","","in","Palmerah, Jakarta","0","0","1","https://twitter.com/hariankompas/status/1369090300015116288","255866913","hariankompas"
"1368624192845869056","Sun Mar 07 18:06:50 +0000 2021","1","Mungkin ini akibatnya pendidikan agama sangat minim sudah rendah mau di pisahkan dalam kebijakan besar pendidikan Nasional yakni negara selalu terpuruk rusak moral etika bernegara perilaku menyimpang dari kejujuran kebaikan keadilan jika pendidikan agama benar2 di pisahkan","1368624192845869056","","","in","Sleman, Indonesia","0","1","0","https://twitter.com/hardi_hardiman2/status/1368624192845869056","776211223079641088","hardi_hardiman2"
"1368564570734751749","Sun Mar 07 14:09:55 +0000 2021","0","Terserah urusan ghosting meng ghosting makhluk bumi. Yang sakit itu dighosting kebijakan kerja dunia pendidikan","1368564570734751749","","","in","","0","0","1","https://twitter.com/Si_NomuNomu/status/1368564570734751749","1310522900537958401","Si_NomuNomu"
"1368512844841549824","Sun Mar 07 10:44:22 +0000 2021","0","Mendorong Kebijakan Pendidikan Berbasis Bukti https://t.co/1ELv8Pu1n9","1368512844841549824","","","in","","0","0","0","https://twitter.com/abah_teddy/status/1368512844841549824","170733489","abah_teddy"
"1368310269588344832","Sat Mar 06 21:19:24 +0000 2021","168","Saya sering kritik kebijakan SBY masa lampau dan bandingkan dg kebijakan JKW Namun saya tidak bertujuan menjatuhkan SBY aplg dg nada yg kasar Krn tujuan saya pendidikan pd follower saya agar bisa belajar tentang kebijakan atau public policy Penting utk bekal pemilih rasional","1368310269588344832","","","in","Denpasar Barat, Indonesia","2","10","20","https://twitter.com/TheArieAir/status/1368310269588344832","164604281","TheArieAir"
"1368200654917832713","Sat Mar 06 14:03:50 +0000 2021","1","Laporan PTK Jurnal Analisis Kebijakan Pendidikan Proposal Skripsi Resume buku Resume 7 materi ini tugas gamau menyelesaikan diri sendiri apa?!!","1368200654917832713","","","in","Indonesia","0","0","0","https://twitter.com/skeptiser_/status/1368200654917832713","2714365070","skeptiser_"
"1368108367261036548","Sat Mar 06 07:57:07 +0000 2021","14","Halo #InsanDikti Merdeka Belajar Kampus Merdeka merupakan salah satu kebijakan dari Kementerian Pendidikan dan Kebudayaan. Salah satu program dari kebijakan ini adalah hak belajar tiga semester di luar program studi. Apa saja kegiatannya? Yuk simak kembali! https://t.co/4M3zyIfxYk","1368108367261036548","https://pbs.twimg.com/media/Evx_TgHVEAA1FJf.jpg","","in","Jl Pintu Satu Senayan, Jakarta","1","1","7","https://twitter.com/ditjendikti/status/1368108367261036548","855008917247545344","ditjendikti"
"1368015196376080385","Sat Mar 06 01:46:53 +0000 2021","1","[INFOGRAFIS] Apa itu MBKM?? MBKM (Merdeka Belajar Kampus Merdeka) merupakan kebijakan dari Menteri Pendidikan dan Kebudayaan untuk membebaskan mahasiswa mengembangkan bakat-bakatnya. https://t.co/7ohq6NvPgE","1368015196376080385","https://pbs.twimg.com/media/EvwqkbxUcAECdOD.jpg","","in","Lt.2  FMIPA UNSOED","0","1","0","https://twitter.com/himafiunsoed/status/1368015196376080385","527306628","himafiunsoed"
"1367807924769153024","Fri Mar 05 12:03:16 +0000 2021","0","Terlalu banyak kebijakan pemerintah ini yg menuai kritik. Artinya banyak kebijakan atau keputusan yg tidak tepat sehingga banyak kritikan. Muhammadiyah Kritik Peta Jalan Pendidikan Nasional 2020-2035 yang Tak Hilangkan Frasa Agama Apakah Sengaja? https://t.co/creBUuCUsI","1367807924769153024","","","in","Jakarta Timur, DKI Jakarta","0","0","0","https://twitter.com/alfistbandaro/status/1367807924769153024","2355623492","alfistbandaro"
"1367761793922179074","Fri Mar 05 08:59:58 +0000 2021","0","Beginilah generasih akan datang mereka berkumpul dan bermain gema atas ke bijakan menteri pendidikan dan pemeritah mengambil kebijakan sistin onlain dapaknya sekarang luar biasa mereka sudah mulai tidak mengenal waktu untuk agama https://t.co/uWiwHJq8p1","1367761793922179074","https://pbs.twimg.com/media/EvtEGjIU8AMtFVm.jpg","","in","","0","0","0","https://twitter.com/MuhRaml43916429/status/1367761793922179074","1361658590147174400","MuhRaml43916429"
"1367457548178132996","Thu Mar 04 12:51:00 +0000 2021","1","Kementerian Pendidikan dan Kebudayaan melanjutkan kebijakan bantuan kuota data internet (Maret-Mei 2021). Target penerima manfaat adlh peserta didik &amp; pendidik yg tlh menerima bantuan kuota pd Nov Des 2020 &amp; nomornya masih aktif kec yg total penggunaannya kuotanya krg dari 1GB. https://t.co/feIbxanIde","1367457548178132996","https://pbs.twimg.com/media/EvovYzuVoAUpZFe.jpg","","in","Lampung, Indonesia","0","0","0","https://twitter.com/KominfotikLpg/status/1367457548178132996","976692802477113344","KominfotikLpg"
"1367394836186230786","Thu Mar 04 08:41:48 +0000 2021","0","Memasuki tahun ajaran baru. Direktorat Jendral Pendidikan Tinggi Kemendikbud mengeluarkan kebijakan terkait penyelenggaraan tahun pembelajaran semester genap tahun akademik 2020/2021 Reposted from @ditjendikti #kampusvokasi #kampusmerdeka #poltekbiskal https://t.co/UHvA6bEkKO","1367394836186230786","https://pbs.twimg.com/media/Evn2RoFUUAAEGtI.jpg","","in","Tarakan, Kalimantan Utara","0","0","0","https://twitter.com/poltekbiskal/status/1367394836186230786","1355036466318094336","poltekbiskal"
"1367308819408117760","Thu Mar 04 03:00:00 +0000 2021","13","Kemendikbud melanjutkan kebijakan bantuan kuota data internet di tahun ini lho sohIB! Asyik kan! Bgm ketentuannya simak infografisnya ya #IndonesiaBaik #YangMudaSukaData #ProgramPemerintah #Infografis #KuotaGratis #InternetGratis #Pendidikan #KominfoNewsroom https://t.co/iOSuYh1iNg","1367308819408117760","https://pbs.twimg.com/media/EvknVWJVEAITmxo.jpg","","in","Indonesia","1","0","5","https://twitter.com/IndonesiaBaikId/status/1367308819408117760","831050085534363648","IndonesiaBaikId"
"1367299359646248963","Thu Mar 04 02:22:25 +0000 2021","2","Kementerian Pendidikan dan Kebudayaan melanjutkan kebijakan bantuan kuota data internet (Maret-Mei 2021) https://t.co/RrvJkTNxJ3","1367299359646248963","https://pbs.twimg.com/media/EvmfhWBUYAI9ipy.jpg","","in","Central Java, Indonesia","0","1","1","https://twitter.com/Sakamilenialjtg/status/1367299359646248963","1208631251554328576","Sakamilenialjtg"
"1367126100921384962","Wed Mar 03 14:53:57 +0000 2021","0","ASTAGFIRULLAH.... ada aja kebijakan yang kontra produktif. mestinya kalau kau tahu rakyatmu tak berilmu tentang satu hal maka sebagai pemimpin kau buatkan pendidikan utk itu. Agar Kekayaan Alammu Dan Segala Yang Terkandung Di Dalam Tanahmu Tak Diambil Orang Asing.","1367126100921384962","","","in","","0","0","0","https://twitter.com/NKRI_NTBSasambo/status/1367126100921384962","802883232928657408","NKRI_NTBSasambo"
"1367010549762940929","Wed Mar 03 07:14:47 +0000 2021","4","Kementerian Pendidikan dan Kebudayaan melanjutkan kebijakan bantuan kuota data internet (Maret-Mei 2021) https://t.co/ZfuyHkSWji","1367010549762940929","https://pbs.twimg.com/media/EviYr4YVEAEbhvQ.jpg","","in","Indonesia","0","1","1","https://twitter.com/rcce_id/status/1367010549762940929","1249972882626637824","rcce_id"
"1367007638404259840","Wed Mar 03 07:03:13 +0000 2021","0","Kajian demi kajian terus dilakukan demi mendapakan kebijakan terbaik di dunia pendidikan agar oroses belajar mengajar berjalan normal dan anak2 juga aman https://t.co/MDiuADEq5x","1367007638404259840","https://pbs.twimg.com/media/EviWM58UYAEJ9Rt.jpg","","in","Kota Kediri, Indonesia","0","0","0","https://twitter.com/BentangImaji/status/1367007638404259840","1057997031833141248","BentangImaji"
"1366995746487115777","Wed Mar 03 06:15:58 +0000 2021","1","Pemerintah terus mengkaji kebijakan terbaik yang akan diterapkan pada sistem pendidikan kita agar proses belajar mengajar dapat berjalan normal dan anak2 juga aman....... https://t.co/5sXA97jcIi","1366995746487115777","https://pbs.twimg.com/media/EviLYs_VIAQgzYK.jpg","","in","Kota Surabaya, Jawa Timur","0","0","0","https://twitter.com/Cak_X01/status/1366995746487115777","1408025444","Cak_X01"
"1366982720325177344","Wed Mar 03 05:24:12 +0000 2021","0","[PENGUMUMAN BANTUAN KUOTA KEMENDIKBUD] Halo Ekologis ! Berikut rangkuman terkait dengan kebijakan Kementerian Pendidikan dan Kebudayaan terkait volume bantuan kuota ketentuan penerima kuota belajar Kemendikbud dan FAQ seputar Bantuan Kuota Kemendikbud semester genap. https://t.co/F5KuD0fGaX","1366982720325177344","https://pbs.twimg.com/media/Evh_iQFVIAMUQ0S.jpg","","in","Dramaga, Indonesia","0","1","0","https://twitter.com/bemfema/status/1366982720325177344","461888390","bemfema"
"1366956145609351170","Wed Mar 03 03:38:36 +0000 2021","2","Visi beliau ;mendukung kebijakan pembangunan nasional;memberdayakan UMKM;mendirikan dan menyelenggarakan pendidikan generasi bangsa yang Berkarakter baik formal dan nonformal;menyelesaikan permasalahan kaum fakir serta membina wirausaha anak yatim","1366956145609351170","","","in","Indonesia","0","0","0","https://twitter.com/KITA_official_/status/1366956145609351170","1305368510290247680","KITA_official_"
"1366954909694795780","Wed Mar 03 03:33:41 +0000 2021","1","Mata kuliah kebijakan pendidikan responsif gender minggu depan bahas feminisme sosialis. feminisme marxis feminisme liberal dsb","1366954909694795780","","","in","Indonesia","0","1","0","https://twitter.com/tikavania21/status/1366954909694795780","2534951407","tikavania21"
"1366945183481274373","Wed Mar 03 02:55:03 +0000 2021","1","#PatriaToday ► Kebijakan bantuan kuota data internet di tahun 2020 mendapat tanggapan sangat positif dari masyarakat. Menindaklanjuti hal itu di tahun 2021 ini #Kemendikbud (Kementerian Pendidikan &amp; Kebudayaan) melanjutkan kebijakan bantuan kuota data internet selama 3 bulan https://t.co/4MtQ5P3itt","1366945183481274373","https://pbs.twimg.com/media/EvhdZdVUcAU34Ql.jpg","","in","Blitar - East Java - Indonesia","0","1","0","https://twitter.com/radiopatria/status/1366945183481274373","100132119","radiopatria"
"1366932171269701634","Wed Mar 03 02:03:20 +0000 2021","0"," Kemendikbud Beri Bantuan Kuota Data Internet 2021 Kebijakan Bantuan Kuota Data Internet Tahun 2021 Kementerian Pendidikan dan Kebudayaan (Kemendikbud) diterbitkan melalui Peraturan Sekretaris Jenderal No. 4 Tahun 2021 tentang petunjuk teknis penyaluran bantuan pemerintah https://t.co/mORI8HKgIu","1366932171269701634","https://pbs.twimg.com/media/EvhRizfUYAMm5_p.jpg","","in","Bandar Lampung","0","1","0","https://twitter.com/Sukma_Polinela/status/1366932171269701634","2433589086","Sukma_Polinela"
"1366804738583322624","Tue Mar 02 17:36:58 +0000 2021","0","Haha nangis w Heh Lu kata gampang bikin proposal pendirian sekolah?! Anjir ketika dituntut jago semuanya mikirin keuangannya 5 thn kedepan jadwal seragam sampe bentuk sekolahnya Mikirin isu pendidikan kebijakan nya segala macem","1366804738583322624","","","in","DKI JAKARTA","0","0","0","https://twitter.com/Jerrychocho/status/1366804738583322624","1088797798193975297","Jerrychocho"
"1366758755023548426","Tue Mar 02 14:34:15 +0000 2021","1","Mas @budimandjatmiko ku suka memperhatikan ekonomi&amp;kebijakan pemerintah Mau tanya apa boleh investor luar masuk ke industri pendidikan Indonesia sprt buka univ dari luar negri di Indonesia? Atau aturannya beda jk ttg pendidikan? Krn tak ada lembaga pendidikan yg IPO di BEI knp y?","1366758755023548426","","","in","Jakarta, Indonesia","0","0","0","https://twitter.com/ari_aditya/status/1366758755023548426","76351840","ari_aditya"
"1366721474266947588","Tue Mar 02 12:06:06 +0000 2021","0","Coba sini rasain belajar manajemen proyek kebijakan pendidikan manajemen strategik yang tiap pertemuan bikin stress ampe pulang kos an pala puyeng karena kadang gk paham. Bgtu kuis dah pengen nangis aja.","1366721474266947588","","","in","","0","0","0","https://twitter.com/everyone_meownu/status/1366721474266947588","78520461","everyone_meownu"
"1366714330763251717","Tue Mar 02 11:37:43 +0000 2021","7","Pemerintah melalui Kementerian Pendidikan dan Kebudayaan kembali lanjutkan kebijakan bantuan kuota data internet untuk periode 3 bulan dari Maret hingga Mei 2021. https://t.co/MUkjMZG9h9","1366714330763251717","https://pbs.twimg.com/media/EveLGq5VoAIqG62.jpg","","in","Indonesia","0","1","4","https://twitter.com/rcce_id/status/1366714330763251717","1249972882626637824","rcce_id"
"1366679047955046402","Tue Mar 02 09:17:31 +0000 2021","0","Ngedit video yang durasinya 40menitan Selesai lanjut ngerjain essay kebijakan pendidikan Selesai lanjut ngerjain surat-surat organisasi Selesai lanjut makalah Selesai- modar","1366679047955046402","","","in","Jambi, Indonesia","0","0","0","https://twitter.com/fikinurdiana/status/1366679047955046402","1106983523754242048","fikinurdiana"
"1366622344572145665","Tue Mar 02 05:32:12 +0000 2021","0","Di provinsi kayak Papua &amp; NTT dua provinsi dengan tingkat kemiskinan tinggi &amp; tingkat pendidikan rendah harusnya yang lebih diutamakan Perpu tentang lebih banyak pembangunan sarana pendidikan faskes. Bukan Perpu Miras. Salah kebijakan Suram !.","1366622344572145665","","","in","Failed Nation, Failed State","0","0","0","https://twitter.com/iam_romans/status/1366622344572145665","1131772995129577473","iam_romans"
"1366615369562034176","Tue Mar 02 05:04:29 +0000 2021","0","https://t.co/sLbZJ0n3EW NASIONAL Kementerian Pendidikan dan Kebudayaan (#Kemdikbud) akan melanjutkan kebijakan bantuan kuota internet pada... . . #BantuanKuotaInternet #Nasinal #RincianBantuanKuotaInternet #SyaratBantuanKuotaInternet https://t.co/HyRdu2prB2","1366615369562034176","","","in","Malang, Jawa Timur","0","0","0","https://twitter.com/satukanalcom/status/1366615369562034176","813593601724686336","satukanalcom"
"1366614123451064321","Tue Mar 02 04:59:32 +0000 2021","0","Menilik Kebijakan Pemerintah pada Sektor Pendidikan dalam Setahun Pandemi Covid-19 https://t.co/I7hjU7GPAE","1366614123451064321","","","in","Indonesia","0","0","0","https://twitter.com/pikiran_rakyat/status/1366614123451064321","58880688","pikiran_rakyat"
"1366601912536031232","Tue Mar 02 04:11:00 +0000 2021","0","Siaran Pers Kementerian Pendidikan dan Kebudayaan Nomor : 48/sipres/A6/III/2021 Mendapat Respons Positif Kemendikbud Lanjutkan Kebijakan Bantuan Kuota Data Internet Tahun 2021. @nadiemmakarim @Kemdikbud_RI @jokowi https://t.co/IwQSzWjbTG","1366601912536031232","https://pbs.twimg.com/media/EvclMZZU4AUNe_c.jpg","","in","Indonesia","0","1","0","https://twitter.com/iina_surbakti/status/1366601912536031232","992673313141899264","iina_surbakti"
"1366593013665832960","Tue Mar 02 03:35:39 +0000 2021","0","Kementerian Pendidikan dan Kebudayaan (Kemendikbud) melanjutkan kebijakan bantuan kuota data internet. #JokowiProPendidikan https://t.co/kElKYOHeh8","1366593013665832960","","","in","","0","0","0","https://twitter.com/PDombleh/status/1366593013665832960","1345401908844847105","PDombleh"
"1366390347400536070","Mon Mar 01 14:10:19 +0000 2021","7","Penerus Bangsa ini sekarang sudah Tidak Mengenyam PENDIDIKAN gara gara CORONA jangan kau tambahi dgn pelegalan MIRAS Mikir dikit lah buat kebijakan walaupun pelegalan itu cakupan nya hanya tempat sentra produksi MIRAS LOKAL Nama nya MIRAS mau LOKAL mau IMPORT sama saja BAHAYA","1366390347400536070","","","in","Klaten, Jawa Tengah","1","0","1","https://twitter.com/Catatan_ali7/status/1366390347400536070","1133311906976952320","Catatan_ali7"
"1366351545294462984","Mon Mar 01 11:36:08 +0000 2021","0","Mohon ditinjau ulang kebijakan system belajar daring ini. Cerdaskan bangsa Indonesia dgn mengedepankan fasilitas pendidikan agar semua kalangan dpt bersekolah dgn layak #SaveIndonesiaEducation","1366351545294462984","","","in","","0","0","0","https://twitter.com/DreamCa47985081/status/1366351545294462984","1361144051475435521","DreamCa47985081"
"1366338767334764546","Mon Mar 01 10:45:22 +0000 2021","3","Siaran Pers Kementerian Pendidikan dan Kebudayaan Nomor : 48/sipres/A6/III/2021 Mendapat Respons Positif Kemendikbud Lanjutkan Kebijakan Bantuan Kuota Data Internet Tahun 2021 https://t.co/A9aDJwG6K5","1366338767334764546","https://pbs.twimg.com/media/EvY118vVkAM2z56.jpg","","in","Kota Palembang, Sumatera Selat","0","0","0","https://twitter.com/bgpsumsel/status/1366338767334764546","1002069401883963392","bgpsumsel"
"1366320492425060352","Mon Mar 01 09:32:45 +0000 2021","0","Hai Intelektual Muda Kementerian Pendidikan dan Kebudayaan Republik Indonesia (Kemendikbud RI) mengadakan Pengumuman secara live tentang Kebijakan Bantuan Internet Tahun 2021 Kemendikbud pada Senin (1/3/2021) di laman YouTube resmi Kemendikbud RI. https://t.co/yUB28QxS7j","1366320492425060352","https://pbs.twimg.com/media/EvYlMCbUUAUIGd6.jpg","","in","Universitas Negeri Padang","1","1","0","https://twitter.com/UKKPK_UNP/status/1366320492425060352","291597555","UKKPK_UNP"
"1366272778924527624","Mon Mar 01 06:23:09 +0000 2021","2","Pak Jokowi anda sekolah ..?? Jangan terlalu rakus dengan uang agar tidak terlihat seperti orang yg tidak mengeyam pendidikan sehingga semua kebijakan selalu membuahkan kekacauan Tidak semua yg menurut anda benar itu benar dan tidak semua rakyat bisa di bodohi https://t.co/mO0CgX1EeM","1366272778924527624","https://pbs.twimg.com/media/EvX51dSUYAE22dK.jpg","","in","dimana aja bebas","0","0","0","https://twitter.com/cinresidepresid/status/1366272778924527624","1355045236104302595","cinresidepresid"
"1366193628683460608","Mon Mar 01 01:08:38 +0000 2021","0","Yth Presiden @jokowi Kebijakan untuk mengizinkan invetasi miras adalah kebijakan yang bertolak belakang dengan tujuan pendidikan. Bagaimana mau menciptakan SDM unggul berprilaku sesuai nilai2 Pancasila kalau MIRAS dilegalkan? Cc : Mas Mentri @nadiemmakarim #TolakInvestasiMiras","1366193628683460608","","","in","Indonesia","0","0","0","https://twitter.com/mfurqonzahidi/status/1366193628683460608","259595427","mfurqonzahidi"
