"conversation_id_str","created_at","favorite_count","full_text","id_str","image_url","in_reply_to_screen_name","lang","location","quote_count","reply_count","retweet_count","tweet_url","user_id_str","username"
"1619713540117655552","Sun Jan 29 15:06:15 +0000 2023","0","Pak @BudiGSadikin yth @KemenkesRI Izinkan saya mengkritik dua kebijakan terkait dokter praktek : 1. Keharusan Uji kompetensi untuk STR baiknya DITIADAKAN Kompetensi pasca 6 tahun pendidikan dokter LEBIH DARI CUKUP untuk berpraktek sebagai DOKTER UMUM https://t.co/xnQYiV3z83","1619713540117655552","","","in","","0","1","0","https://twitter.com/nalar_logis/status/1619713540117655552","1557182798888198144","nalar_logis"
"1619567896795164672","Sun Jan 29 05:27:31 +0000 2023","16","Masalah UKT (lebih luasnya sumber pemasukan perguruan tinggi negeri/PTN) ini sepertinya terjadi di banyak PTN di Indonesia. Hal ini sepertinya terjadi karena kebijakan Kementerian Pendidikan dan Kebudayaan (Kemendikbud) dalam meningkatkan otonomi PTN tetapi mengurangi pendanaan.","1619567896795164672","","","in","","0","2","0","https://twitter.com/IrawanNabiel/status/1619567896795164672","1132483128327491591","IrawanNabiel"
"1619380824436264963","Sat Jan 28 17:04:09 +0000 2023","2","Gubernur Jawa Tengah Ganjar Pranowo kurang setuju dengan kebijakan pemerintah pusat yang akan menghapus tenaga honorer. Ganjar menggarisbawahi bahwa penghapusan tenaga honorer akan menyulitkan daerah untuk mengisi di sektor pendidikan. #SahabatGanjar #Ganjar #ganjarpranowo https://t.co/ReiBYKwcuG","1619380824436264963","https://pbs.twimg.com/media/FnkyRMQaIAc8uDz.jpg","","in","Indonesia🇮🇩🇮🇩 ","0","0","1","https://twitter.com/BujangeGR/status/1619380824436264963","1132290734046892032","BujangeGR"
"1619359279114485761","Sat Jan 28 15:38:33 +0000 2023","0","IKA ITS Jatim Diminta Gandeng Pemerintah Rumuskan Kebijakan. Wali Kota Surabaya Eri Cahyadi dipercaya sebagai Ketua IKA ITS Jatim pada Muswil di Kantor Dinas Pendidikan Jatim menggantikan Wahid https://t.co/kUXKRtaHFh #PendidikanKesehatan #IKAITS #ITS via @beritajatimcom","1619359279114485761","","","in","Surabaya","0","0","0","https://twitter.com/beritajatimcom/status/1619359279114485761","21287066","beritajatimcom"
"1619317959658446848","Sat Jan 28 12:54:21 +0000 2023","1","Gubernur Jawa Tengah @ganjarpranowo kurang setuju dengan kebijakan pemerintah pusat yang akan menghapus tenaga honorer. Ganjar menggarisbawahi bahwa penghapusan tenaga honorer akan menyulitkan daerah untuk mengisi pos-pos yg kosong terutama di sektor pendidikan. #SahabatGanjar https://t.co/gjlV6dtHAm","1619317959658446848","https://pbs.twimg.com/media/Fnj5EkpaIAIqhEH.jpg","","in","","0","0","0","https://twitter.com/ririn_said/status/1619317959658446848","1166532124121239552","ririn_said"
"1619237473745514497","Sat Jan 28 07:34:32 +0000 2023","10","Kalau ijazahnya saja palsu tentu omongan tindakan &amp; semuanya pasti palsu. Mjd pejabat wajib memiliki ijazah asli dari lembaga pendidikan yg sdh terakreditasi. Kalau ternyata ijazah ybs palsu berarti seluruh produk aturan &amp; kebijakan yg dibuatnya wajib batal demi hukum yg adil?","1619237473745514497","","","in","Tangerang, Banten","0","1","4","https://twitter.com/HeriSuwondo2/status/1619237473745514497","1343563920531804166","HeriSuwondo2"
"1619232163693740032","Sat Jan 28 07:13:26 +0000 2023","0","Gubernur Jawa Tengah Ganjar Pranowo kurang setuju dengan kebijakan pemerintah pusat yang akan menghapus tenaga honorer. Ganjar menggarisbawahi bahwa penghapusan tenaga honorer akan menyulitkan daerah untuk mengisi pos-pos yg kosong terutama di sektor pendidikan. #SahabatGanjar https://t.co/uYZ2oRuY83","1619232163693740032","https://pbs.twimg.com/media/FnirDn4aAAEO9-E.jpg","","in","","0","0","0","https://twitter.com/SahabatGanjarGK/status/1619232163693740032","3757343238","SahabatGanjarGK"
"1618998545813745664","Fri Jan 27 15:45:07 +0000 2023","0","haloo /UNY adakah yg ambil matkul workshop kebijakan pendidikan? aku mau nyari temen dan apakah sudah ada grup wa nya? https://t.co/PrdJhPxrnF","1618998545813745664","https://pbs.twimg.com/media/FnfWmO7XEAAY_wg.jpg","","in","","0","0","0","https://twitter.com/UNYmfs/status/1618998545813745664","3105990024","UNYmfs"
"1618998536976343041","Fri Jan 27 15:45:05 +0000 2023","1","haloo /UNY adakah yg ambil matkul workshop kebijakan pendidikan? aku mau nyari temen dan apakah sudah ada grup wa nya? https://t.co/a6rorof5Sp","1618998536976343041","https://pbs.twimg.com/media/FnfWlr3aUAAnPa8.jpg","","in","","1","1","0","https://twitter.com/UNYmfs/status/1618998536976343041","3105990024","UNYmfs"
"1618902897399590914","Fri Jan 27 09:25:03 +0000 2023","1","/uny matkul kebijakan &amp;amp; manajemen pendidikan tu masuk fakultas apa gais?","1618902897399590914","","","in","","0","4","0","https://twitter.com/UNYmfs/status/1618902897399590914","3105990024","UNYmfs"
"1618892906580033536","Fri Jan 27 08:45:21 +0000 2023","0","What if kebijakan pendidikan yang baru mewajibkan abis sma gap year dulu buat mempersiapkan kuliah bener bener. Ada yang kerja dulu cari pengalaman ada yang belajar pokoknya disiapin mateng mateng dah. Biar ga salah pilih jurusan","1618892906580033536","","","in","","0","0","0","https://twitter.com/alberthansel/status/1618892906580033536","1231415357002285056","alberthansel"
"1618868925453991937","Fri Jan 27 07:10:03 +0000 2023","2","/uny group MBKM Kebijakan dan Manajemen pendidikan sm dosen Drs. Argo Pambudi sudah ada. Yang mau bisa reply. Thank you.","1618868925453991937","","","in","","0","4","0","https://twitter.com/UNYmfs/status/1618868925453991937","3105990024","UNYmfs"
"1618836219861037056","Fri Jan 27 05:00:05 +0000 2023","0","/uny info group MBKM Kebijakan dan Manajemen pendidikan sm dosen Drs. Argo Pambudi sudah ada blm yaa? Thank you.","1618836219861037056","","","in","","0","0","0","https://twitter.com/UNYmfs/status/1618836219861037056","3105990024","UNYmfs"
"1618792172123484160","Fri Jan 27 02:05:04 +0000 2023","0","/uny info group MBKM Kebijakan dan Manajemen pendidikan sm dosen Drs. Argo Pambudi dong kawan. Thank you.","1618792172123484160","","","in","","0","0","0","https://twitter.com/UNYmfs/status/1618792172123484160","3105990024","UNYmfs"
"1618583297441026048","Thu Jan 26 12:15:04 +0000 2023","0","/UNY Ada yang ambil MBKM Kebijakan sosial kebijakan pendidikan reading for specific purpose sama kewirausahaan sosial ga? kira2 udh ada grup nya belum yaa? kalo ada bisa reply makasihh ","1618583297441026048","","","in","","0","2","0","https://twitter.com/UNYmfs/status/1618583297441026048","3105990024","UNYmfs"
"1618030859055165440","Tue Jan 24 23:39:53 +0000 2023","0","Btw gua jadi mau nanya nanti sama dosen mengenai gini di matkul kebijakan pendidikan sama manajemen pendidikan nasional","1618030859055165440","","","in","","0","0","0","https://twitter.com/llythruum/status/1618030859055165440","1181874349369741313","llythruum"
"1617769775236812801","Tue Jan 24 06:22:25 +0000 2023","9","Jurnal Penelitian Kebijakan Pendidikan (JPKP) Pusat Standar dan Kebijakan Pendidikan tahun 2023 mengundang Bpk/Ibu para peneliti analis kebijakan akademisi guru mahasiswa dan pemerhati pendidikan untuk mengirim naskah terkait kebijakan Merdeka Belajar - 1/2 #CallforPaper https://t.co/c8w7uACOKn","1617769775236812801","https://pbs.twimg.com/media/FnN5CIgaMAAmOTy.jpg","","in","Jakarta","0","1","2","https://twitter.com/pskp_kemdikbud/status/1617769775236812801","1541682778353598464","pskp_kemdikbud"
"1617767093797294081","Tue Jan 24 06:11:46 +0000 2023","4","Jurnal Penelitian Kebijakan Pendidikan (JPKP) Edisi I Volume 15 thn 2022 telah terbit. Ayo! Kunjungi dan unduh artikelnya di laman: https://t.co/Xi7RxiKISe #Kemdikbud #jurnal #pendidikan https://t.co/AE0e93s9z7","1617767093797294081","https://pbs.twimg.com/media/FnN2lGwacAAYEYY.jpg","","in","Jakarta","0","0","1","https://twitter.com/pskp_kemdikbud/status/1617767093797294081","1541682778353598464","pskp_kemdikbud"
"1617494826697781254","Mon Jan 23 12:09:52 +0000 2023","0","Ternyata gubernur dari latar belakang rektor dosen mendikbud pecatan seperti @aniesbaswedan tidak bisa membuat kebijakan yang membela pendidikan anak bangsa sehingga banyak yang putus sekolah di tingkat dasar. Audzubillahi min zhalik. Smg Manusia ini diingatkan olh Allah SWT","1617494826697781254","","","in","","0","0","0","https://twitter.com/Krisna0902022/status/1617494826697781254","1491438677674717186","Krisna0902022"
"1617451454234775558","Mon Jan 23 09:17:32 +0000 2023","0","Penguatan pendidikan mitigasi bencana kepekaan generasi muda terhadap sekitarnya bisa ditularkan melalui pendekatan berbasis budaya. Hal ini bisa dilakukan bila ada komunikasi aktif antar pemangku kebijakan. https://t.co/3QddHkjb0N","1617451454234775558","","","in","Kudus, Indonesia","0","0","0","https://twitter.com/admjurnalpantu1/status/1617451454234775558","930499079875866624","admjurnalpantu1"
"1617405760660725760","Mon Jan 23 06:15:57 +0000 2023","0","kuliah emang enak kok dan seru tapi s&amp;k berlaku alias tergantung jurusan dan kampus juga wkwkwk nah kampus dibagi lagi deh kampus sebagai suatu instansi pendidikan (kebijakan peraturan dll) dan kondisi individu / lingkungan orang-orangnya (pertemanan staff dll)","1617405760660725760","","","in","hyj & bjh department ","0","0","0","https://twitter.com/arserja/status/1617405760660725760","753442322377957376","arserja"
"1617366525568225281","Mon Jan 23 03:40:03 +0000 2023","0","Di akun alter tuh ga mesti ketemu yg 18+ ada juga ketemu yang bahas pendidikan sosial bahkan kebijakan publik wkwk","1617366525568225281","","","in","","0","0","0","https://twitter.com/azgardianranger/status/1617366525568225281","1470803520286703618","azgardianranger"
"1617118803762241536","Sun Jan 22 11:15:42 +0000 2023","0","kebijakan ini dikeluarin darimana siih? dinas pendidikan apa ya kok semua sekolah disini di kasih angket ini di kalian juga dikasih angket ini engga? https://t.co/d1lfOJwh3G","1617118803762241536","https://pbs.twimg.com/media/FnEo-0yakAA5PpI.jpg","","in","unlabeled. ","0","0","0","https://twitter.com/theylovejungwon/status/1617118803762241536","1478273708749844481","theylovejungwon"
"1616680142654550018","Sat Jan 21 06:12:37 +0000 2023","0","#jualbuku #tokobuku91 #bukubarubekas #bukukolpri #bukupreloved #bukuoriginal Coba cek ini deh: HUMAN CAPITAL KEPEMIMPINAN VISIONER DAN BEBERAPA KEBIJAKAN PENDIDIKAN Rp27.200 di toko bukubarubekas Tokopedia. Bisa bebas ongkir lho. https://t.co/hhvItNrB98 https://t.co/AT2VfngfbZ","1616680142654550018","https://pbs.twimg.com/media/Fm-aBVJaUAAn4RR.jpg","","in","Kota Medan, Sumatera Utara","0","0","0","https://twitter.com/BukuBaruBekasNi/status/1616680142654550018","1256284989169131525","BukuBaruBekasNi"
"1616626310264270849","Sat Jan 21 02:38:42 +0000 2023","16","Pak @ganjarpranowo membuat kebijakan untuk memberi insentif guru ngaji dan Madrasah Diniyah kebijakan ini adalah bukti sang Gubernur sangat perhatian kepada guru-guru yang mengajarkan pendidikan Islam. #GanjarUntukRILebihTangguh https://t.co/XKYIxrOW1H","1616626310264270849","https://pbs.twimg.com/media/Fm9pDZdaYAIH1yY.jpg","","in","Mojokerto, Jawa Timur","1","0","5","https://twitter.com/ahmad_bellamy/status/1616626310264270849","1081205704898179073","ahmad_bellamy"
"1616557282287919105","Fri Jan 20 22:04:24 +0000 2023","0","Digital Leadership dan Arah Kebijakan Pendidikan 2023 https://t.co/i1GnHf5ro9","1616557282287919105","","","in","New York City","0","0","0","https://twitter.com/apsny_news/status/1616557282287919105","1560289765018243075","apsny_news"
"1616556188178743296","Fri Jan 20 22:00:04 +0000 2023","0","Digital Leadership dan Arah Kebijakan Pendidikan 2023 https://t.co/UUDnAblm8W","1616556188178743296","","","in","Jakarta - Indonesia","0","1","0","https://twitter.com/mediaindonesia/status/1616556188178743296","68930552","mediaindonesia"
"1616450661461430275","Fri Jan 20 15:00:44 +0000 2023","0","[cm] adakah program studi yang membahas tentang peraturan atau kebijakan pendidikan? thanks","1616450661461430275","","","in","","0","1","0","https://twitter.com/collegemenfess/status/1616450661461430275","1046084008742801408","collegemenfess"
"1616222357529726976","Thu Jan 19 23:53:32 +0000 2023","0","Journal Penelitian Kebijakan Pendidikan is a peer-reviewed journal published by Pusat Standar dan Kebijakan Pendidikan (PSKP d/h Puslitjak) https://t.co/BKBsp6OjVo","1616222357529726976","","","in","Bandung, Indonesia","0","0","0","https://twitter.com/prajnamu/status/1616222357529726976","43258431","prajnamu"
"1616083811246428161","Thu Jan 19 14:43:00 +0000 2023","0","Kebijakan DAK Fisik Bidang Pendidikan TA 2022 ini penjelasan Disdikbud Rohil https://t.co/6VScjQANpF","1616083811246428161","","","in","","0","0","0","https://twitter.com/SaidYasril9/status/1616083811246428161","1557629239251177472","SaidYasril9"
"1616081991744770048","Thu Jan 19 14:35:46 +0000 2023","0","Kebijakan DAK Fisik Bidang Pendidikan TA 2022 ini penjelasan Disdikbud Rohil https://t.co/Ttt4QGdkaR","1616081991744770048","","","in","Riau, Indonesia","0","0","0","https://twitter.com/Line_LKH/status/1616081991744770048","1521905353394655232","Line_LKH"
"1616080841678921734","Thu Jan 19 14:31:12 +0000 2023","0","Kebijakan DAK Fisik Bidang Pendidikan TA 2022 ini penjelasan Disdikbud Rohil https://t.co/fhpfN3u3tb","1616080841678921734","","","in","Riau, Indonesia","0","0","0","https://twitter.com/Line_LKH/status/1616080841678921734","1521905353394655232","Line_LKH"
"1616037369756680193","Thu Jan 19 11:38:28 +0000 2023","2","Sistem pendidikan tiap ganti menteri ganti kebijakan tapi yang jarang disentuh tuh ya kesejahteraan guru. Trs yang namanya bimbingan konseling gapernah dibenerin malah kesannya jadi musuh siswa kan harusnya BK tuh diisi orang² yg ngerti tentang konseling","1616037369756680193","","","in","Somewhere I Belong","0","2","0","https://twitter.com/gaalantis/status/1616037369756680193","2581096952","gaalantis"
"1615981446073847808","Thu Jan 19 07:56:14 +0000 2023","0","KAKANWIL A YUSPAHRUDDIN KEMENKUMHAM JATENG: LPKA Kutoarjo Ikuti Penguatan Pelaksanaan Kebijakan Pendidikan&amp;Pengentasan Anak https://t.co/WbPNLXyBiS","1615981446073847808","","","in","Magelang, Jawa Tengah","0","0","0","https://twitter.com/Bapas_Magelang/status/1615981446073847808","2524075530","Bapas_Magelang"
"1615936393326338049","Thu Jan 19 04:57:13 +0000 2023","0","KAKANWIL A YUSPAHRUDDIN KEMENKUMHAM JATENG: LPKA Kutoarjo Ikuti Penguatan Pelaksanaan Kebijakan Pendidikan&amp;Pengentasan Anak https://t.co/RyLZQzRrxx","1615936393326338049","","","in","Wonogiri, Indonesia","0","0","0","https://twitter.com/LapasWonogiri/status/1615936393326338049","1025594486108303360","LapasWonogiri"
"1615894843624128518","Thu Jan 19 02:12:07 +0000 2023","0","KAKANWIL A YUSPAHRUDDIN KEMENKUMHAM JATENG: LPKA Kutoarjo Ikuti Penguatan Pelaksanaan Kebijakan Pendidikan&amp;Pengentasan Anak https://t.co/LvfPu3im2X","1615894843624128518","","","in","","0","0","0","https://twitter.com/BapasKlaten/status/1615894843624128518","1108560014602428416","BapasKlaten"
"1615893919723847681","Thu Jan 19 02:08:26 +0000 2023","0","103.KAKANWIL A YUSPAHRUDDIN KEMENKUMHAM JATENG: LPKA Kutoarjo Ikuti Penguatan Pelaksanaan Kebijakan Pendidikan&amp;Pengentasan Anak https://t.co/WYfbEPIDal","1615893919723847681","","","in","Wonosobo Jawa Tengah","0","0","0","https://twitter.com/Kanim_wonosobo/status/1615893919723847681","1155732608","Kanim_wonosobo"
"1615879920949006338","Thu Jan 19 01:12:49 +0000 2023","0","103.KAKANWIL A YUSPAHRUDDIN KEMENKUMHAM JATENG: LPKA Kutoarjo Ikuti Penguatan Pelaksanaan Kebijakan Pendidikan&amp;Pengentasan Anak https://t.co/x0bpelxtZS","1615879920949006338","","","in","Colomadu, Indonesia","0","0","0","https://twitter.com/KakanimSKA/status/1615879920949006338","1506882903841849344","KakanimSKA"
"1615864811589599232","Thu Jan 19 00:12:47 +0000 2023","0","103.KAKANWIL A YUSPAHRUDDIN KEMENKUMHAM JATENG: LPKA Kutoarjo Ikuti Penguatan Pelaksanaan Kebijakan Pendidikan&amp;Pengentasan Anak https://t.co/Yc97rue6As","1615864811589599232","","","in","Jl. Mayjend Sutoyo 61 Purworej","0","0","0","https://twitter.com/purworejo_rutan/status/1615864811589599232","993663424306429952","purworejo_rutan"
"1615849749567135745","Wed Jan 18 23:12:55 +0000 2023","0","KAKANWIL A YUSPAHRUDDIN KEMENKUMHAM JATENG: LPKA Kutoarjo Ikuti Penguatan Pelaksanaan Kebijakan Pendidikan&amp;Pengentasan Anak https://t.co/Ym8SpPEizy","1615849749567135745","","","in","Banjarnegara, Indonesia","0","0","0","https://twitter.com/RUTAN_BNA/status/1615849749567135745","2519139013","RUTAN_BNA"
"1615745926639013895","Wed Jan 18 16:20:22 +0000 2023","1","Harusnya anak UPI (mahasiswa dan tendik) punya andil besar terhadap kebijakan pendidikan dari dulu aing selalu cerewet ke Rema atau Pejabat. Tapi pertanyaanya mas nadim pernah ke UPI ga sih?","1615745926639013895","","","in","Bandung, Jawa Barat","1","2","2","https://twitter.com/agung00purnomo/status/1615745926639013895","1006223422098034688","agung00purnomo"
"1615727574990344193","Wed Jan 18 15:07:27 +0000 2023","0","103.KAKANWIL A YUSPAHRUDDIN KEMENKUMHAM JATENG: LPKA Kutoarjo Ikuti Penguatan Pelaksanaan Kebijakan Pendidikan&amp;Pengentasan Anak https://t.co/SDrCzt1vKF","1615727574990344193","","","in","Kudus, Indonesia","0","0","0","https://twitter.com/rutankudus/status/1615727574990344193","2526590341","rutankudus"
"1615697833004503040","Wed Jan 18 13:09:16 +0000 2023","0","KAKANWIL A YUSPAHRUDDIN KEMENKUMHAM JATENG: LPKA Kutoarjo Ikuti Penguatan Pelaksanaan Kebijakan Pendidikan&amp;Pengentasan Anak https://t.co/O9sMVeWego","1615697833004503040","","","in","","0","0","0","https://twitter.com/rutanjepara/status/1615697833004503040","1251324000724107265","rutanjepara"
"1615613040367652864","Wed Jan 18 07:32:20 +0000 2023","1","Kepala Kantor Kementerian Agama Kabupaten Bantul H. Ahmad Shidqi menjadi narasumber dalam Workshop Pembuatan Soal PAT dan UMAD dengan tema Kebijakan Pendidikan Madrasah . Kegiatan yang diselengarakan oleh MGMP IPS MTs Kabupaten Bantul berlangsung di MTsN 5 Bantul Rabu (18/01). https://t.co/LVAGOh6WEM","1615613040367652864","https://pbs.twimg.com/media/FmvPcCoagAA_-Lc.jpg","","in","Bantul, Indonesia","0","0","0","https://twitter.com/kemenagbantul/status/1615613040367652864","1045591552754511872","kemenagbantul"
"1615599760479768576","Wed Jan 18 06:39:33 +0000 2023","0","Menteri Pendidikan Kebudayaan Riset dan Teknologi (Mendikbud Ristek) Nadiem Makarim mengaku kebijakan Merdeka Belajar hadir bukan hanya sebagai kebijakan atau program dari pemerintah pusat melainkan sebagai gerakan. https://t.co/spN11QZgiN","1615599760479768576","https://pbs.twimg.com/media/FmvDZ9maMAE2rsm.jpg","","in","Yogyakarta, Indonesia","0","0","0","https://twitter.com/RanzKyleBuddies/status/1615599760479768576","1118867966","RanzKyleBuddies"
"1615557373581721600","Wed Jan 18 03:51:08 +0000 2023","0","Kebijakan ini bertentangan dengan kebijakan kesehatan KB Pendidikan dll","1615557373581721600","","","in","Indoesia","0","0","0","https://twitter.com/MelepasPenatmu/status/1615557373581721600","98605329","MelepasPenatmu"
"1615546037292400642","Wed Jan 18 03:06:05 +0000 2023","1","#SobatBahari kunci utama keberhasilan implementasi kebijakan ekonomi biru adalah SDM yang unggul. Dalam mewujudkannya @kkpgoid melalui #BRSDM tengah melaksanakan transformasi pendidikan kelautan dan perikanan melalui pembentukan Ocean Institute of Indonesia (OII) #KKPThrive https://t.co/4RAvPpAMl1","1615546037292400642","https://pbs.twimg.com/media/FmuSaLpaYAEblCQ.jpg","","in","Jl. AUP, Pasar Minggu, Jakarta","0","1","0","https://twitter.com/PoliteknikAUP/status/1615546037292400642","1548850252689448961","PoliteknikAUP"
"1615509365083238402","Wed Jan 18 00:40:22 +0000 2023","1","Repost @brsdm_kp &gt; #SobatBahari kunci utama keberhasilan implementasi kebijakan ekonomi biru a?SDM yg unggul.Dlm mewujudkannya @kkpgoid melalui#BRSDM tengah melaksanakan transformasi pendidikan kelautan&amp;perikanan melalui pembentukan Ocean Institute of Indonesia (OII) #KKPThrive https://t.co/kenrUCHPVH","1615509365083238402","https://pbs.twimg.com/media/FmtxMUiacAE7hyu.jpg","","in","labdata.lautpesisir@gmail.com","0","1","0","https://twitter.com/pusriskel/status/1615509365083238402","1421664739","pusriskel"
"1615508368994758656","Wed Jan 18 00:36:24 +0000 2023","4","#SobatBahari kunci utama keberhasilan implementasi kebijakan ekonomi biru adalah SDM yang unggul. Dalam mewujudkannya @kkpgoid melalui #BRSDM tengah melaksanakan transformasi pendidikan kelautan dan perikanan melalui pembentukan Ocean Institute of Indonesia (OII) #KKPThrive https://t.co/B5Ymi2mx1G","1615508368994758656","https://pbs.twimg.com/media/FmtwOJjaUAA2JlK.jpg","","in","Bali, Indonesia","0","0","0","https://twitter.com/bppsdm_lrpt/status/1615508368994758656","732741893876932608","bppsdm_lrpt"
"1615498521033216005","Tue Jan 17 23:57:16 +0000 2023","1","#SobatBahari kunci utama keberhasilan implementasi kebijakan ekonomi biru adalah SDM yang unggul. Dalam mewujudkannya @kkpgoid melalui #BRSDM tengah melaksanakan transformasi pendidikan kelautan dan perikanan melalui pembentukan Ocean Institute of Indonesia (OII) #KKPThrive https://t.co/4Dli1bo0ql","1615498521033216005","https://pbs.twimg.com/media/FmtnShiagAMrMXW.jpg","","in","","0","0","1","https://twitter.com/PKPjembrana/status/1615498521033216005","924178642980048896","PKPjembrana"
"1615496918750330880","Tue Jan 17 23:50:54 +0000 2023","1","#SobatBahari kunci utama keberhasilan implementasi kebijakan ekonomi biru adalah SDM yang unggul. Dalam mewujudkannya @kkpgoid melalui #BRSDM tengah melaksanakan transformasi pendidikan kelautan dan perikanan melalui pembentukan Ocean Institute of Indonesia (OII) #KKPThrive https://t.co/UXypUdJWDy","1615496918750330880","https://pbs.twimg.com/media/Fmtl3dZaYAAnBU0.jpg","","in","","0","0","0","https://twitter.com/pusriskan/status/1615496918750330880","715020557306101761","pusriskan"
"1615381066206048258","Tue Jan 17 16:10:33 +0000 2023","1","Sinergitas pelayanan pendidikan di Kabupaten Pandeglang yang semakin baik dengan dukungan kebijakan Bupati yang serius untuk melakukan penuntasan wajib belajar telah mendorong peningkatan angka melek huruf dari 95 47% (2021) menjadi 98 30% (2022). Hanya 1 7% yang buta huruf. https://t.co/vodweyQkxy","1615381066206048258","https://pbs.twimg.com/media/Fmr8fsUaMAMXGAX.jpg","","in","Pandeglang","0","0","0","https://twitter.com/dikpora_pdg/status/1615381066206048258","1558406387021271040","dikpora_pdg"
"1615373597077536769","Tue Jan 17 15:40:52 +0000 2023","0","#SobatBahari kunci utama keberhasilan implementasi kebijakan ekonomi biru adalah SDM yang unggul. Dalam mewujudkannya @kkpgoid melalui #BRSDM tengah melaksanakan transformasi pendidikan kelautan dan perikanan melalui pembentukan Ocean Institute of Indonesia (OII) #KKPThrive https://t.co/4Qvp31wasT","1615373597077536769","https://pbs.twimg.com/media/Fmr1ehEaUAEpdda.jpg","","in","LAMPUNG","0","1","0","https://twitter.com/NegeriSupm/status/1615373597077536769","1473472967946301442","NegeriSupm"
"1615366292743262209","Tue Jan 17 15:11:50 +0000 2023","2","Ka Badan Kesbangpol Jateng diwakili Analis Kebijakan Ahli Muda Sub Koordinator Pemilu Pendidikan dan Budaya Politik Bakesbangpol Jateng menjadi narasumber dalam kegiatan Prapendidikan bagi peserta PPDS dan Dokter Sub Spesialis Periode II Tahun 2023 (17/1). @ganjarpranowo https://t.co/ver8CnrxH6","1615366292743262209","https://pbs.twimg.com/ext_tw_video_thumb/1615366159687372801/pu/img/QZmY0ttnkXu35IaI.jpg","","in","Jl. A.Yani No.160, Semarang","0","0","0","https://twitter.com/kesbangpoljtg/status/1615366292743262209","2714014045","kesbangpoljtg"
"1615349667541450753","Tue Jan 17 14:05:47 +0000 2023","3","#SobatBahari kunci utama keberhasilan implementasi kebijakan ekonomi biru adalah SDM yang unggul. Dalam mewujudkannya @kkpgoid melalui #BRSDM tengah melaksanakan transformasi pendidikan kelautan dan perikanan melalui pembentukan Ocean Institute of Indonesia (OII) #KKPThrive https://t.co/bhwunmAByI","1615349667541450753","https://pbs.twimg.com/media/Fmrf9AmakAASXDc.jpg","","in","Pancoran Mas, Indonesia","0","1","2","https://twitter.com/balitbangdias/status/1615349667541450753","3000307226","balitbangdias"
"1615322494310977536","Tue Jan 17 12:17:48 +0000 2023","0","Orang cari dan mau kerja sulit pajak tetep harus dibayar. Prakerja dan bansos hanya sekedarnya saja bukan sepenuhnya. Pendidikan di nomor sekiankan. Kebijakan banyak yg tidak bijaksana. Korupsi tiada henti. Hukum tumpul ke atas tajam ke bawah. Ya jangan heran banyak yg miskin.","1615322494310977536","","","in","Bantul, Indonesian","0","0","0","https://twitter.com/abadisme/status/1615322494310977536","363530479","abadisme"
"1615307124413992960","Tue Jan 17 11:16:44 +0000 2023","0","L KARSInfo Amlapura Lembaga Pembinaan Khusus Anak (LPKA) Kelas II Karangasem mengikuti kegiatan penguatan pelaksanaan kebijakan pendidikan dan pengentasan Anak Tahun 2023 Selasa (17/1/2023). https://t.co/wHddiFgRli","1615307124413992960","https://pbs.twimg.com/media/Fmq5Q6PaAAAU0NF.jpg","","in","","0","0","0","https://twitter.com/LpkaK/status/1615307124413992960","1230742401171386368","LpkaK"
"1615291494474354689","Tue Jan 17 10:14:37 +0000 2023","3","#SobatBahari kunci utama keberhasilan implementasi kebijakan ekonomi biru adalah SDM yang unggul. Dalam mewujudkannya @kkpgoid melalui #BRSDM tengah melaksanakan transformasi pendidikan kelautan dan perikanan melalui pembentukan Ocean Institute of Indonesia (OII) #KKPThrive https://t.co/oB6pJd20fM","1615291494474354689","https://pbs.twimg.com/media/FmqrDV7aEAAtzye.jpg","","in","Maros Indonesia","0","1","1","https://twitter.com/BRPBAP3_Maros/status/1615291494474354689","2896394857","BRPBAP3_Maros"
"1615273801151049729","Tue Jan 17 09:04:19 +0000 2023","2","#SobatBahari kunci utama keberhasilan implementasi kebijakan ekonomi biru adalah SDM yang unggul. Dalam mewujudkannya @kkpgoid melalui #BRSDM tengah melaksanakan transformasi pendidikan kelautan dan perikanan melalui pembentukan Ocean Institute of Indonesia (OII) #KKPThrive https://t.co/vr7GclUhxR","1615273801151049729","https://pbs.twimg.com/media/Fmqa9KhaUAYfFp_.jpg","","in","Bantul - DI Yogyakarta","0","1","0","https://twitter.com/mekanisasiKP/status/1615273801151049729","579015296","mekanisasiKP"
"1615254028535099392","Tue Jan 17 07:45:45 +0000 2023","0","LPKA Kutoarjo Ikuti Penguatan Pelaksanaan Kebijakan Pendidikan dan Pengentasan Anak Tahun 2023 Baca Selengkapnya di https://t.co/OIAnsR9cnZ","1615254028535099392","","","in","ID, Kutoarjo, 54251","0","0","0","https://twitter.com/LPKA_Kutoarjo/status/1615254028535099392","1340831250","LPKA_Kutoarjo"
"1615106637647450112","Mon Jan 16 22:00:04 +0000 2023","0","Evaluasi Kebijakan Pendidikan Nasional https://t.co/UgFOnZ15ma","1615106637647450112","","","in","Jakarta - Indonesia","0","0","2","https://twitter.com/mediaindonesia/status/1615106637647450112","68930552","mediaindonesia"
"1615005804498915329","Mon Jan 16 15:19:23 +0000 2023","7","Kalau sebab dr video ini adalah perzinaan maka sebenarnya memuji pihak sekolah yang tidak menghukum dan memutuskan pendidikan perempuan justru mengubur masalah besar di dalamnya. Kalau masalah perzinaan ini beneran diurus sekolah ga perlu bikin kebijakan kayak begini. ‍️","1615005804498915329","","","in","Palestine will be free!","1","2","0","https://twitter.com/tasaralesya/status/1615005804498915329","1449259131383074816","tasaralesya"
"1614932440631627777","Mon Jan 16 10:27:52 +0000 2023","0","#BeritaJabar 5 Poin Keberatan P2G Atas Kebijakan Pendidikan Pemkot Depok #kebijakanpendidikan #pemkotdepok https://t.co/05ljkE0Ipi","1614932440631627777","","","in","Indonesia","0","0","0","https://twitter.com/jpnncom/status/1614932440631627777","79130206","jpnncom"
"1614926698604277761","Mon Jan 16 10:05:03 +0000 2023","0","5 Poin Keberatan P2G Atas Kebijakan Pendidikan Pemkot Depok #p2g https://t.co/05ljkE0Ipi","1614926698604277761","","","in","Indonesia","0","0","0","https://twitter.com/jpnncom/status/1614926698604277761","79130206","jpnncom"
"1614829247390179329","Mon Jan 16 03:37:49 +0000 2023","1","Kalau petani disarankan tanam porang sbg alternatif pangan sehat tapi konsumsi rakyat tetap didominasi terigu impor ya pasti harga porang anjlok. Pemerintah bantu dong dgn kebijakan dan pendidikan ttg pangan! https://t.co/GGJmDGLy8h","1614829247390179329","","","in","","0","0","0","https://twitter.com/andinie/status/1614829247390179329","17417729","andinie"
"1614818461829718016","Mon Jan 16 02:54:57 +0000 2023","1","Suruh siskamling menghadapi gerombolan bersenjata. Mending tarik selimut kita tidur ah.. Nyawa taruhannya kalau mati cuma santunan sekedarnya. Nasib anak istri gw bagaimana? Nasib pendidikan anak gw bgmn? Pemimpin itu mikir atuh kalau bikin kebijakan jgn asal bacot","1614818461829718016","","","in","Ciledug, Indonesia","0","0","0","https://twitter.com/212bowie/status/1614818461829718016","602655520","212bowie"
"1614630420922118146","Sun Jan 15 14:27:45 +0000 2023","7","Federasi Serikat Guru Indonesia mendukung kebijakan larangan siswa membawa mainan lato-lato ke sekolah. Ketua Dewan Pakar FSGI mengatakan edaran yang dikeluarkan dinas pendidikan tidak bertujuan melarang bermain lato-lato namun agar lingkungan sekolah tetap nyaman untuk belajar. https://t.co/Pjii9yNgKh","1614630420922118146","https://pbs.twimg.com/ext_tw_video_thumb/1614629638348902405/pu/img/8Md6K-tvKjlckB2L.jpg","","in","","0","0","1","https://twitter.com/Metro_TV/status/1614630420922118146","57261519","Metro_TV"
"1614610943035715589","Sun Jan 15 13:10:21 +0000 2023","0","ANALISIS KEBIJAKAN HUKUM POLITIK EKONOMI PENDIDIKAN DAN DAKWAH ISLAM ... https://t.co/7KvwJ27b9o via @YouTube","1614610943035715589","","","in","Ponorogo, Jawa Timur","0","0","0","https://twitter.com/iMasjidPonorogo/status/1614610943035715589","390486344","iMasjidPonorogo"
"1614602588472897538","Sun Jan 15 12:37:09 +0000 2023","1","Masih dengan pembiasaan pagi yaitu sholat duha dan membaca iqro alhamdulillah minggu pertama berjalan cukup lancar. Ditambah masih berusaha keras untuk menerapkan kebijakan naruto disekolah/dikelas. Dengan tema bidang pendidikan dan bidang kesehatan -c- https://t.co/gBvYxW8Sv8","1614602588472897538","https://pbs.twimg.com/media/Fmg4ashaYAISyQ-.jpg","","in","","0","1","0","https://twitter.com/missdestiantiaa/status/1614602588472897538","1611348597580398594","missdestiantiaa"
"1614571862130069507","Sun Jan 15 10:35:03 +0000 2023","1","/uny ada yg ambil MBKM Kebijakan dan Manajemen pendidikan sm dosen Drs. Argo Pambudi?","1614571862130069507","","","in","","0","6","0","https://twitter.com/UNYmfs/status/1614571862130069507","3105990024","UNYmfs"
"1614455455216205827","Sun Jan 15 02:52:30 +0000 2023","5","Percayalah di kota pelajar ini banyak sekolah yang biaya SPP-nya mendekati UMR buruh. Iya ini kota pelajar bukan karena kebijakan pendidikannya yang luar biasa bukan pula karena kemudahan akses penduduknya ke pendidikan.","1614455455216205827","","","in","Yogyakarta, Indonesia","0","0","0","https://twitter.com/syaeful_cahya/status/1614455455216205827","1333770794086793216","syaeful_cahya"
"1614105174272008192","Sat Jan 14 03:40:36 +0000 2023","0","FEDERASI Serikat Guru Indonesia (FSGI) mendukung kebijakan sejumlah Dinas Pendidikan di berbagai daerah yang mengeluarkan surat edaran melarang peserta didik membawa mainan lato-lato ke sekolah. #FSGI #Latolato #Lampungpostdi https://t.co/lc5RekOXHN","1614105174272008192","","","in","Lampung, Indonesia","0","0","0","https://twitter.com/lampungpostid/status/1614105174272008192","1079671739364167680","lampungpostid"
"1614102633123401730","Sat Jan 14 03:30:30 +0000 2023","46","Guru Sekolah Dasar Negeri Sobrah di Kabupaten Maduin Jawa Timur menggelar sidak lato-lato milik siswa. Mainan lato-lato dinilai mengganggu aktivitas belajar mengajar. Meski belum ada larangan resmi dari dinas pendidikan kebijakan sekolah ini diambil agar menciptakan kenyamanan. https://t.co/4smCsV3AVC","1614102633123401730","https://pbs.twimg.com/amplify_video_thumb/1614089716420444162/img/L76KXvEpuK9ROuTU.jpg","","in","Indonesia","4","7","10","https://twitter.com/KompasTV/status/1614102633123401730","71436318","KompasTV"
"1614088808877953024","Sat Jan 14 02:35:35 +0000 2023","0","Kebijakan nasional pendidikan tinggi mahasiswa tak berhenti kuliah karena alasan ekonomi https://t.co/YH597gm5S4","1614088808877953024","","","in","Jakarta Capital Region, Indone","0","0","0","https://twitter.com/validnewsid/status/1614088808877953024","874558344593195008","validnewsid"
"1614088803123335168","Sat Jan 14 02:35:33 +0000 2023","0","Kebijakan nasional pendidikan tinggi tidak boleh ada mahasiswa berhenti kuliah karena alasan ekonomi https://t.co/8VGu0P5lDA","1614088803123335168","","","in","Jakarta Capital Region, Indone","0","0","0","https://twitter.com/validnewsid/status/1614088803123335168","874558344593195008","validnewsid"
"1614078421705052162","Sat Jan 14 01:54:18 +0000 2023","0","Disatu sisi Men Keu melakukan akrobatik untuk mencukupkan anggaran pendidikan agar tercapai 20% padahal sejatinya hanya 6% (2012/2013). Sungguh luar biasa para pemangku kebijakan ini untuk melakukan tipu muslihat.","1614078421705052162","","","in","Jakarta Capital Region","0","0","0","https://twitter.com/decky_sc/status/1614078421705052162","1342279764","decky_sc"
"1614020289427574787","Fri Jan 13 22:03:18 +0000 2023","0","thinking about diklat bayar tu kebijakan dari kementrian pendidikan atau kebijakan pungutan dari UPT setempat ya","1614020289427574787","","","in","","0","1","0","https://twitter.com/qaefsi/status/1614020289427574787","1156066914717720576","qaefsi"
"1613929416345911296","Fri Jan 13 16:02:12 +0000 2023","0","Pendidikan bagaikan barang mewah bagi masyarakat kurang mampu dewasa ini. Lagi-lagi UKT menjadi kendala utamanya. Koyok ngunu kok promosi-promosi wae ayo kuliah di kampus kami. Wahai pemangku kebijakan dunia pendidikan. Kuliah? BSI aja!","1613929416345911296","","","in","","0","0","0","https://twitter.com/nobbitass/status/1613929416345911296","1244671939844554774","nobbitass"
"1613891184673591297","Fri Jan 13 13:30:17 +0000 2023","3"," Selalu saya tekankan kebijakan nasional pendidikan tinggi bahwa tidak boleh ada mahasiswa yang sampai tidak bisa kuliah karena alasan ekonomi ujar Nizam. https://t.co/Xc07QqLtrq","1613891184673591297","","","in","NKRI","4","2","3","https://twitter.com/antaranews/status/1613891184673591297","18071520","antaranews"
"1613863610266292224","Fri Jan 13 11:40:43 +0000 2023","0","UKT mahal juga buat apa sih selain memperkaya kampus? Mending kebijakan pendidikan tinggi diperbaiki lagi bikin semua orang yang berniat belajar bisa mengakses pendidikan dengan mudah dan murah.","1613863610266292224","","","in","Hutan-hutan Sumatera","0","0","0","https://twitter.com/Sean_Alma/status/1613863610266292224","2834985456","Sean_Alma"
"1613812067341078534","Fri Jan 13 08:15:54 +0000 2023","0","Buntut dari kasus pelecehan seksual yang dilakukan oleh seorang ustaz Pesantren Tahfidz @ridwankamil meminta kepada Kementerian PPPA agar mendorong Menteri Agama melakukan penguatan kebijakan pencegahan di lingkungan satuan pendidikan berbasis keagamaan. https://t.co/ylhwCcVwes","1613812067341078534","","","in","","0","0","0","https://twitter.com/Adriana4688/status/1613812067341078534","1528966267306008576","Adriana4688"
"1613798713725710336","Fri Jan 13 07:22:50 +0000 2023","0","Buntut dari kasus pelecehan seksual yang dilakukan oleh seorang ustaz Pesantren Tahfidz @ridwankamil meminta kepada Kementerian PPPA agar mendorong Menteri Agama melakukan penguatan kebijakan pencegahan di lingkungan satuan pendidikan berbasis keagamaan. https://t.co/ucJd19quAi","1613798713725710336","","","in","Cianjur, Indonesia","0","0","0","https://twitter.com/AriefSuwandii/status/1613798713725710336","1297549075978391554","AriefSuwandii"
"1613795473323888640","Fri Jan 13 07:09:58 +0000 2023","0","Tiba tiba dadaku sesak membaca ini... Rest In peace mbak... semoga para pemimpin membaca dan bisa membuat kebijakan yang mempermudah biaya pendidikan di indonesia... sakit kalau biaya otsus papua dan kejadian korup korup..andai duit negara buat biaya anak tidak mampu untuk kuliah","1613795473323888640","","","in","indonesia","0","0","0","https://twitter.com/Andihari20/status/1613795473323888640","924877599913865217","Andihari20"
"1613781236593590275","Fri Jan 13 06:13:24 +0000 2023","0","Ini merupakan akibat kebijakan pemerintah yang kacau dlm dunia pendidikan. Guru kehilangan taringnya utk mengatur.. murid bermasalah tdk boleh di kembalikan pada orang tuanya hape berkeliaran.. mhn segera di tindak lanjuti dengan sebuah kebijakan yang utuh. @cholilnafis","1613781236593590275","","","in","syurga","0","0","0","https://twitter.com/GunungRaden/status/1613781236593590275","1077943329675866112","GunungRaden"
"1613755850174377984","Fri Jan 13 04:32:31 +0000 2023","0","FSGI Dukung Kebijakan Dinas Pendidikan Tentang Larangan Lato-Lato di Sekolah https://t.co/RIo7bwDLxL","1613755850174377984","","","in","","0","0","0","https://twitter.com/NabilaDestiani3/status/1613755850174377984","1336636054154039296","NabilaDestiani3"
"1613749588405686274","Fri Jan 13 04:07:38 +0000 2023","0","FSGI Dukung Kebijakan Dinas Pendidikan Tentang Larangan Lato-Lato di Sekolah https://t.co/2GYW253xM3","1613749588405686274","","","in","","0","0","0","https://twitter.com/dellariska0112/status/1613749588405686274","1585120083474403329","dellariska0112"
"1613746364076404736","Fri Jan 13 03:54:49 +0000 2023","0","Buntut dari kasus pelecehan seksual yang dilakukan oleh seorang ustaz Pesantren Tahfidz @ridwankamil meminta kepada Kementerian PPPA agar mendorong Menteri Agama melakukan penguatan kebijakan pencegahan di lingkungan satuan pendidikan berbasis keagamaan. https://t.co/IjlpfIVRyz","1613746364076404736","","","in","Cilacap, Jawa Tengah","0","0","0","https://twitter.com/YogiBaskoro0/status/1613746364076404736","1503374048784687107","YogiBaskoro0"
"1613744832098480129","Fri Jan 13 03:48:44 +0000 2023","3","FSGI Dukung Kebijakan Dinas Pendidikan Tentang Larangan Lato-Lato di Sekolah https://t.co/OMCxcAxQCY","1613744832098480129","","","in","","0","0","0","https://twitter.com/sinpotv/status/1613744832098480129","1012174601055449088","sinpotv"
"1613703549636218880","Fri Jan 13 01:04:42 +0000 2023","0","Buntut dari kasus pelecehan seksual yang dilakukan oleh seorang ustaz Pesantren Tahfidz @ridwankamil meminta kepada Kementerian PPPA agar mendorong Menteri Agama melakukan penguatan kebijakan pencegahan di lingkungan satuan pendidikan berbasis keagamaan. https://t.co/m65iyb21cD","1613703549636218880","","","in","Community of Madrid, Spain","0","0","0","https://twitter.com/BarryMurina/status/1613703549636218880","1593873545712410624","BarryMurina"
"1613688579561259008","Fri Jan 13 00:05:12 +0000 2023","3","Buntut dari kasus pelecehan seksual yang dilakukan oleh seorang ustaz Pesantren Tahfidz @ridwankamil meminta kepada Kementerian PPPA agar mendorong Menteri Agama melakukan penguatan kebijakan pencegahan di lingkungan satuan pendidikan berbasis keagamaan. https://t.co/PxnGrNd0hf","1613688579561259008","","","in","Ujungberung, Indonesia","1","1","3","https://twitter.com/AldiNeno/status/1613688579561259008","2314935228","AldiNeno"
"1613587849991061505","Thu Jan 12 17:24:57 +0000 2023","0","Sejak dia bilang metode kebijakannya adalah hyper-experiment-ing gw langsung skeptis kalau dia beneran paham dampak kebijakan dirinya ke pendidikan di Indonesia.","1613587849991061505","","","in","Republik Indonesia","0","0","0","https://twitter.com/adnanmbrk/status/1613587849991061505","77713908","adnanmbrk"
"1613536971774906368","Thu Jan 12 14:02:46 +0000 2023","1","Kisah Alm Riska menunjukkan betapa bobroknya tata kelola pendidikan di indonesia. Bisa kita sadari bahwa komersialisasi pendidikan nyata adanya dan di perparah dengan kebijakan kampus yang sangat memberatkan serta kontra terhadap kepentingan mahasiswa.","1613536971774906368","","","in","","0","0","0","https://twitter.com/bimaryyyo/status/1613536971774906368","1542723245589565440","bimaryyyo"
"1613514051195408392","Thu Jan 12 12:31:42 +0000 2023","10","Semoga almarhumah Khusnul khatimah. Semoga semua pemilik mimpi yang memperjuangkan pendidikan diparingi berkah sehat dan mampu. Semoga pengampu kebijakan Pendidikan Tinggi memiliki hati yang luas untuk memikirkan keadaan riil dan memberikan biaya murah","1613514051195408392","","","in","Lagi di Indonesia ","0","1","1","https://twitter.com/ellyn_31/status/1613514051195408392","1205820812416053248","ellyn_31"
"1613438998894239744","Thu Jan 12 07:33:28 +0000 2023","0","Pendidikan dikomersilkan Kesehatan dikomersilkan Air dikomersilkan Pemangku kebijakan di negara ini memang sudah terlalu lama mati rasa. Kebacut! Saya masih memegang teguh pendirian mengenai perguruan tinggi adalah salah satu scam terbesar di negara ini. Tapi...","1613438998894239744","","","in","Indonesia","0","0","0","https://twitter.com/rsapu7ra/status/1613438998894239744","68458096","rsapu7ra"
"1613398827796684803","Thu Jan 12 04:53:50 +0000 2023","2","Pendidikan di Indonesia sudah lama tertinggal jauh dr negara lain. Sbg salah satu orang yg berjuang di situ sering dpt kata2 negatif dr kolega &amp; ancaman dipecat dr atasan krn dianggap tdk ikuti kebijakan pemerintah.","1613398827796684803","","","in","Indonesia","0","1","0","https://twitter.com/ririn_nathaliak/status/1613398827796684803","156171638","ririn_nathaliak"
"1613383852323672065","Thu Jan 12 03:54:20 +0000 2023","4","diskursus kebijakan pendidikan ini atleast terjadi lah di kepengurusan nadiem sekarang. my take banyak yang praise MBKM tapi banyak juga yang point out masalah fundamental gaji guru &amp; tenaga pendidik serta penerapan sistem pendidikan neoliberalisme di indonesia. menarik parah.","1613383852323672065","","","in","","0","2","0","https://twitter.com/IrawanNabiel/status/1613383852323672065","1132483128327491591","IrawanNabiel"
"1613359567081181191","Thu Jan 12 02:17:50 +0000 2023","4","20 tahun sejak BHMN UKT makin mahal kebijakan liberalisasi pendidikan emang cuma bikin susah anak2 muda yang ingin bermimpi besar mengubah nasib. seandainya PTN masih subsidi negara UKT PTN seperti UIN yang disubsidi kemenag. ga semua kebijakan anti subsidi berdampak baik.","1613359567081181191","","","in","Indonesia","0","0","1","https://twitter.com/wewegomb/status/1613359567081181191","1247107238373642241","wewegomb"
"1613353360052350983","Thu Jan 12 01:53:10 +0000 2023","0","Berita yang menarik membahas mengenai pelaksanaan kebijakan dunia pendidikan dari sudut pandang pembelajar. Sila dicermati https://t.co/LIcDOfnEYO","1613353360052350983","https://pbs.twimg.com/media/FmPIVFpagAEGtMe.jpg","","in","Kota Bandung, Jawa Barat","0","0","0","https://twitter.com/doessense/status/1613353360052350983","366578674","doessense"
"1613342368761278467","Thu Jan 12 01:09:29 +0000 2023","2","Misalnya dalam konteks penerimaan peserta didik baru (PPDB) selalu saja ada kegaduhan dan ketidaksinkronan kesepahaman dan kebijakan antara pemerintah pusat dan daerah. #pendidikan #opini","1613342368761278467","","","in","","0","0","0","https://twitter.com/anggiafriansyah/status/1613342368761278467","122671780","anggiafriansyah"
"1613311959784620038","Wed Jan 11 23:08:39 +0000 2023","0","Sekalipun pekerjaan saya sebagai guru les terancam karena kebijakan yang beliau buat asalkan beliau bisa menuntaskan masalah pendidikan di Indonesia saya rela.","1613311959784620038","","","in","","0","0","0","https://twitter.com/xtbsyahrul/status/1613311959784620038","238116397","xtbsyahrul"
"1613000906584489985","Wed Jan 11 02:32:38 +0000 2023","0","KEPEMIMPINAN PENDIDIKAN: TEORI DAN KEBIJAKAN (Dr. Jejen Musfah II) Dalam buku ini dibahas antara lain: konsep pemimpin gaya kepemimpinan model kepemimpinan kepemimpinan perempuan etika kepemimpinan manajemen konflik kompetensi kepala sekolah ... (1) https://t.co/7tQLsgTMB3","1613000906584489985","https://pbs.twimg.com/media/FmKHw8yaAAACj8B.jpg","","in","Jl. Tambra Raya No. 23 Jaktim","0","0","0","https://twitter.com/Prenadamedia2/status/1613000906584489985","821897566442786818","Prenadamedia2"
"1612753110094733312","Tue Jan 10 10:07:59 +0000 2023","4","MaPAN.. Magang bareng PAN Inilah teman2 mahasiswa yang terpilih untuk Magang di PAN. Mereka akan kami libatkan dalam berbagai pendidikan politik dan kebijakan di PAN sebagai pengalaman sekaligus pembelajaran. Semangat guys! https://t.co/4preduToOB","1612753110094733312","https://pbs.twimg.com/media/FmGmZGUagAA-shx.jpg","","in","Indonesia","0","0","0","https://twitter.com/eddy_soeparno/status/1612753110094733312","3091912583","eddy_soeparno"
"1612751100196560897","Tue Jan 10 10:00:00 +0000 2023","6","Sejak diberlakukan tahun 2020 kebijakan Merdeka Belajar Kampus Merdeka telah mengguncang praktik pendidikan formal khususnya di perguruan tinggi. Guncangan Kampus Merdeka #Opini 10 Januari 2023 https://t.co/TdyFwa2R0D https://t.co/L86UoKln1Z","1612751100196560897","https://pbs.twimg.com/media/FmF3AUAaMAAMBt7.jpg","","in","Palmerah, Jakarta","1","0","1","https://twitter.com/hariankompas/status/1612751100196560897","255866913","hariankompas"
"1612712874048385024","Tue Jan 10 07:28:06 +0000 2023","12",". TNI-Polri Mengawal maksimal Program Pemerintah di Papua Soft Approach : Edukasi Sosialisasi Peningkatan SDM Peningkatan Pendidikan Hard Approach : Menindak tegas pihak yang ingin menggagalkan kebijakan Pemerintah demi kesejahteraan masyarakat Papua . https://t.co/baqZOhStOv","1612712874048385024","https://pbs.twimg.com/media/FmGBz17aEAA1Gd3.jpg","","in","in the night sky","2","4","8","https://twitter.com/Pr1nceOfWolves/status/1612712874048385024","1392977109929402371","Pr1nceOfWolves"
"1612688960802951169","Tue Jan 10 05:53:05 +0000 2023","1","[Musyarawah Mahasiswa Kebijakan Pendidikan 2022] Assalamualaikum Wr. Wb. Halo semuanya! https://t.co/U0UkClme47","1612688960802951169","https://pbs.twimg.com/media/FmFsEBQaUAAws8P.jpg","","in","FIPP UNY","0","1","0","https://twitter.com/himakpuny/status/1612688960802951169","2914840327","himakpuny"
"1612663243977412613","Tue Jan 10 04:10:53 +0000 2023","0","Kebijakan tolol dr regime Afganistan (bila info ini benar). Perempuan TIDAK BOLEH KE DOKTER LAKI2 harus ke dokter perempuan. Tp PEREMPUAN tidak diberi kesempatan mendapatkan pendidikan tinggi (semisal kedokteran). Perempuan bisa mampus kabehlah bila caranya spt ini !!! https://t.co/HufcKahXip","1612663243977412613","https://pbs.twimg.com/media/FmFUqwjaYAA9wZi.jpg","","in","","0","0","0","https://twitter.com/MazdaMazida/status/1612663243977412613","2944611793","MazdaMazida"
"1612581529888395265","Mon Jan 09 22:46:11 +0000 2023","1","Sistem zonasi yang terbukti telah melahirkan satuan pendidikan berprestasi disambut baik dan selaras dengan diberlakukannya kebijakan pemerintah dalam memberikan Reward (hadiah). Kepala Sub Bagian Penyusunan Program dan Evaluasi Disdikbud Kabupaten Jombang Ana Arisanti S.E. https://t.co/YCzhrsv0aP","1612581529888395265","https://pbs.twimg.com/media/FmEKWQaaUAMDhKw.jpg","","in","Kabupaten Jombang, Jawa Timur","0","0","0","https://twitter.com/spmedia_jbg/status/1612581529888395265","770727666","spmedia_jbg"
"1612432755723472898","Mon Jan 09 12:55:01 +0000 2023","3","W liat beberapa kampus yg mencetak calon buruh pendidikan punya sekolah laboratorium ini apa artinya sejak awal mereka melihat siswa tu sebagai objek kebijakan atau bahkan kelinci percobaan bukannya pemangku kepentingan dlm layanan publik?","1612432755723472898","","","in","","0","0","0","https://twitter.com/CeletukWarga/status/1612432755723472898","1279726915469733889","CeletukWarga"
"1612399533131980800","Mon Jan 09 10:43:00 +0000 2023","2","Secara administratif Pemkot Depok dianggap tak melaksanakan tugasnya sesuai dengan aturan. Selain itu ada unsur dugaan pidana serta pelanggaran terhadap sistem pendidikan nasional buntut kebijakan alih fungsi lahan. https://t.co/3gQ4aLuHaN #Metropolitan #AdadiKompas","1612399533131980800","","","in","Palmerah, Jakarta","0","0","2","https://twitter.com/hariankompas/status/1612399533131980800","255866913","hariankompas"
"1612324627858214912","Mon Jan 09 05:45:21 +0000 2023","0","Sejumlah kebijakan pendidikan menuai kontroversi. Peta jalan pendidikan terus ditagih berbagai pihak. Mendikbudristek mengklaim berbagai capaian kebijakan. Selengkapnya klik link https://t.co/X0koii7Joh https://t.co/TBtpHVlBX8","1612324627858214912","https://pbs.twimg.com/media/FmAgp38acAAXMwS.jpg","","in","Indonesia","0","0","1","https://twitter.com/GatraMediaGroup/status/1612324627858214912","2295403266","GatraMediaGroup"
"1612317333426679809","Mon Jan 09 05:16:22 +0000 2023","1","Jika Anda seorang PNS yg bekerja di Badan Pemeriksa Keuangan Republik Indonesia (BPK RI) memiliki semangat mempelajari kebijakan dan administrasi publik dan tertarik melanjutkan pendidikan tinggi di 🇮🇩 dan 🇦🇺 maka program Beasiswa Split-Site Masters ini cocok untuk Anda! https://t.co/xtyxMHq0iF","1612317333426679809","https://pbs.twimg.com/media/FmAaB_CaEAA9uSi.jpg","","in","Australian Consulate-General","1","0","1","https://twitter.com/KonJenBali/status/1612317333426679809","718264211625943042","KonJenBali"
"1612268041282240517","Mon Jan 09 02:00:30 +0000 2023","0","Direktur Jenderal Pendidikan Anak Usia Dini Pendidikan Dasar dan Pendidikan Menengah Iwan Syahril mengajak seluruh ekosistem pendidikan untuk mendorong hadirnya transformasi dengan memperhatikan beberapa perubahan kebijakan. #MedcomID https://t.co/kM3hEtLXcC","1612268041282240517","","","in","Jakarta Capital Region, Indone","0","0","0","https://twitter.com/medcom_id/status/1612268041282240517","902837643024539651","medcom_id"
"1612086730638729218","Sun Jan 08 14:00:02 +0000 2023","0","Direktur Jenderal Pendidikan Anak Usia Dini Pendidikan Dasar dan Pendidikan Menengah Iwan Syahril mengajak seluruh ekosistem pendidikan untuk mendorong hadirnya transformasi dengan memperhatikan beberapa perubahan kebijakan. #MedcomID https://t.co/kM3hEtLXcC","1612086730638729218","","","in","Jakarta Capital Region, Indone","0","0","0","https://twitter.com/medcom_id/status/1612086730638729218","902837643024539651","medcom_id"
"1612039124772585474","Sun Jan 08 10:50:52 +0000 2023","1","Kesedihan adlh gara2 satu kebijakan yg salah prioritas skrg rumah ibadah/masjid dibenturkan dgn ruang publik lainnya seolah masjid bukan ruang publik seolah di masjid tidak ada pendidikan...padahal masjid smestinya tmpt pendidikan (agama syariat ilmu kehidupan)..","1612039124772585474","","","in","Indonesia","0","0","0","https://twitter.com/sayyidsatrio/status/1612039124772585474","87807415","sayyidsatrio"
"1611892550981529602","Sun Jan 08 01:08:26 +0000 2023","4","[askrl] pejabrut pembuat kebijakan kurikulum pendidikan di Indonesia kenapa gak menyekolahkan dan menguliahkan anaknya di sekolah negeri Indonesia ya? ada sih anak pejabrut tertentu di negeri itu juga sekolah/ptn fav. selebihnya sekolah kurikulum internasional atau bahkan (cont)","1611892550981529602","","","in","Jakarta, Indonesia","2","4","0","https://twitter.com/Askrlfess/status/1611892550981529602","1197225394866282496","Askrlfess"
"1611865284398448640","Sat Jan 07 23:20:05 +0000 2023","6","Anak-anak penyandang disabilitas menghadapi hambatan terus-menerus untuk mendapatkan pendidikan karena diskriminasi stigma dan kegagalan para pengambil kebijakan. Mari pastikan setiap anak memiliki akses ke #InclusiveEducation Dari @UNICEFEducation https://t.co/UhyqHJ8Bnr","1611865284398448640","https://pbs.twimg.com/media/Fl5-7hgagAAOVfV.jpg","","in","Indonesia 🇮🇩","0","0","2","https://twitter.com/AlphaARachman/status/1611865284398448640","118469158","AlphaARachman"
"1611711928023539714","Sat Jan 07 13:10:42 +0000 2023","1","Surabaya - Kementerian Pendidikan dan Kebudayaan Indonesia membuat kebijakan inovasi baru #smashnews #beritaterbaru #beritaterkini #beritaterupdate #kabarterbaru #kabarterkini #pengembangandesawisata #mahasiswa https://t.co/dzyoK5Wu8j https://t.co/dpsGdN9TXo","1611711928023539714","https://pbs.twimg.com/media/Fl3zdCRacAI2DAw.jpg","","in","Desa Warungdowo, Pasuruan","0","0","0","https://twitter.com/SmashNewsCorp/status/1611711928023539714","1473273170681499648","SmashNewsCorp"
"1611520542791831553","Sat Jan 07 00:30:12 +0000 2023","4","Kadang mikir mungkin mangpaat dr exchange salah satunya bisa terbuka pikiran soal prioritas kebijakan publik krn akhirnya merasakan/melihat hak-hak dasar yg ga dikasih sama negara sendiri selama ini (transportasi umum memadai dan gratis kualitas air bagus pendidikan gratis...)","1611520542791831553","","","in","","0","1","0","https://twitter.com/hilyanadhira/status/1611520542791831553","294098128","hilyanadhira"
"1610919604762681350","Thu Jan 05 08:42:17 +0000 2023","0","Pengamat Apresiasi Kebijakan Jokowi Gelontorkan Ratusan Triliun Buat Pendidikan: Atasi Ketimpangan Hingga Pelosok https://t.co/HRkdDzEEdF","1610919604762681350","","","in","Jakarta, Indonesia","0","0","0","https://twitter.com/fajaronline/status/1610919604762681350","89877164","fajaronline"
"1610914629701468160","Thu Jan 05 08:22:31 +0000 2023","0","Pengamat Apresiasi Kebijakan Jokowi Gelontorkan Ratusan Triliun Buat Pendidikan: Atasi Ketimpangan Hingga Pelosok https://t.co/aoGmU87aML","1610914629701468160","","","in","","0","0","0","https://twitter.com/kerangkapikir/status/1610914629701468160","1244825429078241281","kerangkapikir"
"1610904650097786880","Thu Jan 05 07:42:52 +0000 2023","0","Pengamat Apresiasi Kebijakan Jokowi Gelontorkan Ratusan Triliun Buat Pendidikan: Atasi Ketimpangan Hingga Pelosok https://t.co/u54k5JgEYO #ErwinAkib #Jokowi #KebijakanJokowi","1610904650097786880","","","in","Jakarta, Indonesia","0","0","0","https://twitter.com/fajaronline/status/1610904650097786880","89877164","fajaronline"
"1610831303481626625","Thu Jan 05 02:51:25 +0000 2023","87","Hehehe simpen dulu yaa dek latto-lattonya di rumah Dinas Pendidikan Kabupaten Pesisir Barat di Provinsi Lampung melarang siswa untuk membawa latto-latto ke sekolah. Kebijakan ini dilakukan lantaran keberadaan latto-latto di sekolah dianggap akan mengganggu fokus. https://t.co/sjNQ27gxLq","1610831303481626625","https://pbs.twimg.com/media/FlrSh3uacAEs2wt.jpg","","in","Jakarta Capital Region","9","6","12","https://twitter.com/asumsico/status/1610831303481626625","829366551446818816","asumsico"
"1610661079084040192","Wed Jan 04 15:35:00 +0000 2023","1","Kebijakan implementasi kurikulum merdeka disambut baik oleh seluruh guru-guru PAUD di Kecamatan Sukaresmi dengan antusias mengikuti workshop penyusunan kurikulum operasional satuan pendidikan (KOSP) modul ajar dan modul praktik. https://t.co/rWm2lGD979","1610661079084040192","https://pbs.twimg.com/media/Flo3sjaacAIrwK7.jpg","","in","Pandeglang","0","0","0","https://twitter.com/dikpora_pdg/status/1610661079084040192","1558406387021271040","dikpora_pdg"
"1610657054297055233","Wed Jan 04 15:19:00 +0000 2023","1","sch! menurut kalian dari tiga jurusan ini yang prospek kerjanya bagus yang mana? adakah kakak kakak yg jurusan ini? kalo ada boleh dong spill plus minusnya hehehe - manajemen pendidikan - teknologi pendidikan - kebijakan pendidikan","1610657054297055233","","","in","Paid Promote/ Partnership 👇🏻","0","2","0","https://twitter.com/schfess/status/1610657054297055233","1201673806156161025","schfess"
"1610535374563975168","Wed Jan 04 07:15:30 +0000 2023","0","Kebijakan dunia pendidikan sepanjang 2022 masih memiliki banyak catatan. Salah satunya peningkatan fasilitas serta pemberdayaan perempuan di dunia pendidikan. #MedcomID https://t.co/XX7UMLSPlP","1610535374563975168","","","in","Jakarta Capital Region, Indone","0","0","0","https://twitter.com/medcom_id/status/1610535374563975168","902837643024539651","medcom_id"
"1610456612841586689","Wed Jan 04 02:02:31 +0000 2023","0","Degradasi moral parah sejak era rezim dg jargon revolusi mental.. Mental tata krama kesopanan karakter anak2 milenial sngt terancam. Mending jaman pak @SBYudhoyono pak menteri @tifsembiring block situs2 porno mskipun tdk cukup. Kebijakan rezim now mengabaikan pendidikan karakter.","1610456612841586689","","","in","","0","0","0","https://twitter.com/pria_iwan/status/1610456612841586689","1350804360658251780","pria_iwan"
"1610444552137224192","Wed Jan 04 01:14:36 +0000 2023","0","Kebijakan pembangunan tersebut meliputi penghapusan kemiskinan ekstrem peningkatan kualitas sumber daya manusia di bidang kesehatan dan pendidikan. Selain itu juga ada program Kartu Prakerja yang merupakan salah satu andalannya. #InfrastrukturRIMaju https://t.co/ALWDsyj4Hr","1610444552137224192","https://pbs.twimg.com/media/FllyyJIagAEsIiY.jpg","","in","Menggala","0","0","0","https://twitter.com/nunutNgiyub/status/1610444552137224192","1447500779468718082","nunutNgiyub"
"1610441632259661826","Wed Jan 04 01:03:00 +0000 2023","1","Kebijakan pembangunan tersebut meliputi penghapusan kemiskinan ekstrem peningkatan kualitas SDM di bidang kesehatan dan pendidikan serta program kartu Prakerja yang merupakan salah satu andalan. #InfrastrukturRIMaju https://t.co/K9qHodj78k","1610441632259661826","https://pbs.twimg.com/media/FllulkKaUAActTb.jpg","","in","","0","0","1","https://twitter.com/Curseezd/status/1610441632259661826","1496809286735138820","Curseezd"
"1609823072433090561","Mon Jan 02 08:05:04 +0000 2023","0","Di sektor pendidikan sejumlah kebijakan seperti peningkatan kualitas guru baik lewat upaya peningkatan kompetensi guru dan pengangkatan guru honorer masih menghadapi beberapa kendala. https://t.co/Zw7IOxGqME","1609823072433090561","","","in","Jakarta - Indonesia","0","0","0","https://twitter.com/mediaindonesia/status/1609823072433090561","68930552","mediaindonesia"
"1609520705036759040","Sun Jan 01 12:03:34 +0000 2023","33"," Gaes masalah pendidikan Indonesia dari 20 tahun lalu sama sama aja... Studi kebijakan SMK aja yang bagus banyk yang 10+ tahun umurnya...","1609520705036759040","","","in","Jakarta, Indonesia","1","2","7","https://twitter.com/goldydharmawan/status/1609520705036759040","154494791","goldydharmawan"
"1609435967848615937","Sun Jan 01 06:26:51 +0000 2023","0","Audit siatem pendidikan kita kebijakan dan penggunaan anggaran ditenggarai sekedar menjadikan SDM kita tenaga pekerja sedangkan asing akan menjadi leader para pekerja.","1609435967848615937","","","in","Indonesia","0","0","0","https://twitter.com/partaimurba/status/1609435967848615937","276330740","partaimurba"
