"conversation_id_str","created_at","favorite_count","full_text","id_str","image_url","in_reply_to_screen_name","lang","location","quote_count","reply_count","retweet_count","tweet_url","user_id_str","username"
"1332770965990875142","Sat Nov 28 19:38:54 +0000 2020","1","Jika vaksin tidak wajib ada kemungkinan kebijakan lain akan memaksa vaksinasi. dalam bisnis penerbangan pendidikan pekerjaan dll yang memerlukan informasi perihal vaksinasi diri. Pertanyaannya apakah anda siap di vaksin? Gak ah...","1332770965990875142","","","in","Nagara Dukha","0","0","0","https://twitter.com/PotMode/status/1332770965990875142","167677354","PotMode"
"1332617617534664706","Sat Nov 28 09:29:33 +0000 2020","0","Selain itu pemerintah juga menyadari berbagai kesulitan yang dialami para guru di era pandemi ini. Untuk itu pemerintah telah mengeluarkan berbagai kebijakan untuk mendukung guru agar tetap dapat menjalankan pendidikan secara baik sekaligus membantu kesejahteraan para guru. https://t.co/HfX8TBAFAB","1332617617534664706","https://pbs.twimg.com/media/En5opsLVoAIV9l1.jpg","","in","Kota Surabaya, Jawa Timur","0","0","0","https://twitter.com/Cak_X01/status/1332617617534664706","1408025444","Cak_X01"
"1332607235290132482","Sat Nov 28 08:48:18 +0000 2020","1","#DebatPublikCilegon Ratu Ati Marliati-Sokhidin: Dalam melakukan kebijakan BOSDA kami sudah mengalokasikan APBD untuk bidang pendidikan khusus pada saat Covid-19 seperti sekarang. Kalau kami dipilih kami akan terus menambah alokasi APBD ke BOSDA. #PemilihanSerentak2020MetroTV https://t.co/IYjxi058fh","1332607235290132482","https://pbs.twimg.com/media/En5fM1qUYAMSkb1.jpg","","in","","0","0","1","https://twitter.com/Metro_TV/status/1332607235290132482","57261519","Metro_TV"
"1332596239943094272","Sat Nov 28 08:04:36 +0000 2020","4","Kebijakan PTN-BH ini sangat berperan besar pada mekanisme penerimaaan jalur SNMPTN dan SBMPTN khususnya jalur mandiri. Dilihat dari pemangkasan kuota hal ini menimbulkan tidak meratanya pendidikan bagi masyarakat kelas menengah kebawah. #KawalPTNBHUNAIR #UFOFISIPUNAIR2020","1332596239943094272","","","in","","0","0","0","https://twitter.com/seringsedihnya/status/1332596239943094272","1250668265925275648","seringsedihnya"
"1332595340965396480","Sat Nov 28 08:01:02 +0000 2020","2","Dalam kebijakan PTN-BH pun ketentuan uang pangkal dihapuskan. Tapi hal tsb malah disiasati dengan cara pengurangan kuota jalur SNMPTN &amp; SBMPTN yang akhirnya memperkecil peluang kalangan menengah kebawah untuk mengenyam pendidikan yang layak. #KawalPTNBHUNAIR #UFOFISIPUNAIR2020","1332595340965396480","","","in","maze in the mirror","0","0","1","https://twitter.com/LUQY_twt/status/1332595340965396480","897451941315268609","LUQY_twt"
"1332594300916355073","Sat Nov 28 07:56:54 +0000 2020","1","Profit oriented untuk meng-update esensi pendidikan sih boleh dengan mengatur kebijakan uang pangkal saya disini bukannya ngelarang tetapi akademisi jg harus tau batesan dong. Profit oriented harus mengatur income-nya sesuai kebijakan ekonomi. #KawalPTNBH #UFOFISIPUNAIR2020","1332594300916355073","","","in","Jakarta, Indonesia","0","0","0","https://twitter.com/yxg_quy/status/1332594300916355073","1145033398882164736","yxg_quy"
"1332594164668583936","Sat Nov 28 07:56:21 +0000 2020","9","Dengan menambah kuota jalur Mandiri besar dana mempengaruhi diterima/tidaknya mahasiswa. kebijakan itu terlihat jalur Mandiri digunakan memenuhi pendanaan kampus. Karna pendidikan bukan menjadi hak setiap orang kelas atas. #KawalPTNBHUNAIR #UFOFISIPUNAIR2020","1332594164668583936","","","in","","0","0","0","https://twitter.com/novendramra/status/1332594164668583936","1332178765821091840","novendramra"
"1332593451313946624","Sat Nov 28 07:53:31 +0000 2020","3","kebijakan PTN-BH tidak seharusnya menggeser tujuan utama pendidikan apalagi menjadikannya identik dengan 'uang' #KawalPTNBHUNAIR #UFOFISIPUNAIR2020","1332593451313946624","","","in","","0","0","0","https://twitter.com/starry__nightt/status/1332593451313946624","1273142251787554817","starry__nightt"
"1332592556538953730","Sat Nov 28 07:49:58 +0000 2020","11","Kebijakan PTN-BH ini membuat pendidikan layaknya sebuah alat komersial. Iya sih uang pangkal jadi dihapuskan tapi kok kuota SNMPTN dan SBMPTN malah berkurang? dan kuota Mandiri malah bertambah? seolah memperkecil peluang bagi menengah kebawah. #KawalPTNBHUNAIR #UFOFISIPUNAIR2020","1332592556538953730","","","in","🇮🇩 ","0","0","0","https://twitter.com/collegelore13/status/1332592556538953730","1142858786710806528","collegelore13"
"1332592551753256960","Sat Nov 28 07:49:57 +0000 2020","0","Adanya PTN-BH ini bukan ketidakmerataan pendidikan yang harusnya ada. Namun harusnya dengan kebijakan ini mampu membuka kesempatan belajar lebih luas lagi. Yakinkan kami bahwa kamu (Kebijakan PTN-BH) adalah pilihan yang tepat. #KawalPTNBHUNAIR #UFOFISIPUNAIR2020","1332592551753256960","","","in","","0","0","0","https://twitter.com/Safing121/status/1332592551753256960","1332333946101665792","Safing121"
"1332591221122822146","Sat Nov 28 07:44:40 +0000 2020","2","kampus didirikan untuk fungsi pendidikan. ptn-bh ditetapkan sebagai bentuk kebijakan. namun kolaborasi yang didapatkan tidak sesuai harapan. miris. #KawalPTNBHUNAIR #UFOFISIPUNAIR2020","1332591221122822146","","","in","nouisheart","0","0","0","https://twitter.com/nouistalgiaa/status/1332591221122822146","1273438444316811264","nouistalgiaa"
"1332588982106918912","Sat Nov 28 07:35:46 +0000 2020","1","Undang-undang nomor 12 tahun 2012 tentang PTN BH menimbulkan polemik di ranah kampus maupun masyarakat bisa dibilang secara umum bagi saya ptn-bh merupakan suatu kebijakan pemerintah di dunia pendidikan. #KawalPTNBHUNAIR #UFOFISIPUNAIR2020","1332588982106918912","","","in","","0","0","0","https://twitter.com/iqbalmanufa/status/1332588982106918912","1305555007979188224","iqbalmanufa"
"1332588478438129665","Sat Nov 28 07:33:46 +0000 2020","1","Kebijakan PTN-BH memungkinkan perguruan tinggi sebagai institusi pendidikan bergeser esensinya menjadi profit oriented. Kualitas pendidikan harus berubah jadi lebih baik dong Jangan duid mulu yg dipikir #KawalPTNBHUNAIR #UFOFISIPUNAIR2020","1332588478438129665","","","in","","0","0","0","https://twitter.com/abrarghifar/status/1332588478438129665","1301959560786108417","abrarghifar"
"1332587602998747136","Sat Nov 28 07:30:17 +0000 2020","10","Sudah sepantasnya Universitas mengeluarkan kebijakan agar mempermudah semua kalangan untuk berkuliah seperti kemudahan mengangsur pembayaran biaya pendidikan. #KawalPTNBHUNAIR #UFOFISIPUNAIR","1332587602998747136","","","in","","0","0","0","https://twitter.com/annoyinggirl91/status/1332587602998747136","1330483474365521926","annoyinggirl91"
"1332587015473250304","Sat Nov 28 07:27:57 +0000 2020","0","Dari kebijakan PTN BH univ pun dengan sesuka hati bisa bekerja sama dengan pihak swasta seharusnya univ berfokus untuk mutu pendidikan bukan malah untuk branding pihak swasta. #KawalPTNBHUNAIR #UFOFISIPUNAIR2020","1332587015473250304","","","in","","0","0","0","https://twitter.com/saya_ialah/status/1332587015473250304","2181720985","saya_ialah"
"1332585768628305922","Sat Nov 28 07:23:00 +0000 2020","1","Di tahun 2019 Unair sempat naikin UKT nya sampai hampir 300%. Itu karena PTN-BH memang dibebasin buat nentuin UKT sendiri. Kebijakan gitu dikhawatiriin bakal buat Unair jadi kaya institusi yang profit oriented bukan lagi institusi pendidikan. #KawalPTNBHUNAIR #UFOFISIPUNAIR2020","1332585768628305922","","","in","earth","0","0","0","https://twitter.com/perlefh/status/1332585768628305922","1331998612088180737","perlefh"
"1332585440453435394","Sat Nov 28 07:21:41 +0000 2020","0","dengan adanya kebijakan PTN-BH seolah2 pendidikan itu dijadikan sebagai instrumen untuk diperdagangkan. kuota snmptn dan sbmptn dikurangin akhirnya calon mahasiswa semakin bersaing dan jalan satu2nya itu lewat jalur mandiri. #KawalPTNBHUNAIR #UFOFISIPUNAIR2020","1332585440453435394","","","in","ca/pa | she/her","0","1","0","https://twitter.com/fIowerpoems/status/1332585440453435394","956455472910843904","fIowerpoems"
"1332585231245733889","Sat Nov 28 07:20:52 +0000 2020","18","Halo Rakyat Twitter! Kali ini aku mau sedikit menanggapi tentang kebijakan PTN-BH. Jadi dengan adanya kebijakan ini kampus berpotensi jadi suatu bentuk praktik komersialisasi pendidikan tinggi. Next tweet untuk tuntutan lebih lengkapnya!!!! #KawalPTNBHUNAIR #UFOFISIPUNAIR2020","1332585231245733889","","","in","","0","0","0","https://twitter.com/miikoko_/status/1332585231245733889","1331939617814179841","miikoko_"
"1332583408095006720","Sat Nov 28 07:13:37 +0000 2020","4","Niat hati berkuliah mengenyam pendidikan malah disuruh makan bangunan. Mana masih muda mau bersaing sama hotel bintang 10 makan semen minum pasir aja seharga jual ginjal. yah gini akibat kalau kebijakan menguntungkan orang orang besar. #KawalPTNBHUNAIR #UFOFISIPUNAIR2020","1332583408095006720","","","in","","0","0","0","https://twitter.com/urgirlhaw/status/1332583408095006720","1443203246","urgirlhaw"
"1332583093832585219","Sat Nov 28 07:12:22 +0000 2020","1","Dengan adanya kebijakan PTN_BH seolah-olah pendidikan sedang berusaha untuk dijadikan sebagai instrumen untuk diperdagangkan. Dalam kebijakan PTN-BH ketentuan uang pangkal dihapuskan. Namun hal itu malah dimanfaatkan oleh pihak kampus. #KawalPTNBHUNAIR #UFOFISIPUNAIR2020","1332583093832585219","","","in","","0","0","0","https://twitter.com/ilypann/status/1332583093832585219","1167636145326481413","ilypann"
"1332582778962026496","Sat Nov 28 07:11:07 +0000 2020","0","Kebijakan PTN-BH berpeluang menjadikan perguruan tinggi yg sebelumnya 'institusi pendidikan' mengalami pergeseran esensi menjadi 'profit oriented'. Hal ini bisa terjadi karena PTN-BH memiliki kewenangan untuk mengatur besaran UKT-nya sendiri. #KawalPTNBHUNAIR #UFOFISIPUNAIR2020","1332582778962026496","","","in","","0","0","0","https://twitter.com/rtzmdnarn/status/1332582778962026496","718372945438105600","rtzmdnarn"
"1332581662178217986","Sat Nov 28 07:06:41 +0000 2020","0"," PTN-BH a thread PTN-BH atau Perguruan Tinggi Negeri Berbadan Hukum merupakan salah satu kebijakan yang diciptakan untuk menghasilkan pendidikan yang bermutu. Dimana dalam Peraturan Pemerintah Nomor 8 Tahun 2020 Tentang Bentuk dan Mekanisme ... #KawalPTNBHUNAIR #UFOFISIPUNAIR","1332581662178217986","","","in","","0","1","0","https://twitter.com/ntistza/status/1332581662178217986","2256290492","ntistza"
"1332580905727115264","Sat Nov 28 07:03:40 +0000 2020","0","Kebijakan PTNBH merupakan kebijakan yang memberikan kewenangan terhadap pihak universitas dalam membuat peraturan serta menetapkan biaya atau anggaran pendidikan tanpa campur tangan pemerintah. #KawalPTNBHUNAIR #UFOFISIPUNAIR2020","1332580905727115264","","","in","","0","1","0","https://twitter.com/salwaazzarans/status/1332580905727115264","1332294791418114048","salwaazzarans"
"1332580756195930113","Sat Nov 28 07:03:05 +0000 2020","23","Kebijakan PTN-BH seharusnya dapat mengembalikan hakikat pendidikan yang semestinya yaitu mengembangkan kualitas akademik di Unair bukan hanya berfokus pada pengembangan infrastruktur saja. #KawalPTNBHUNAIR #UFOFISIPUNAIR2020","1332580756195930113","","","in","","1","0","0","https://twitter.com/iniheni22/status/1332580756195930113","1297905932433727488","iniheni22"
"1332263865371955207","Fri Nov 27 10:03:52 +0000 2020","0","Rakorda LLDikti Wilayah III Jakarta: Implementasi Kebijakan Merdeka Belajar Kampus Merdeka Dalam Reka Cipta Pemulihan Pandemi Covid-19 Lembaga Layanan Pendidikan Tinggi (LLDikti) Wilayah III Jakarta menggelar Rapat Koordinasi Daerah (Rakorda)- https://t.co/JsY8JgowXE","1332263865371955207","https://pbs.twimg.com/media/En0m6z-UwAEuY0q.jpg","","in","Jakarta Timur, DKI Jakarta","0","1","0","https://twitter.com/lldikti3/status/1332263865371955207","1082480504983543808","lldikti3"
"1332016074015948800","Thu Nov 26 17:39:14 +0000 2020","0","Lah ini mah banyak dan luas banget maunya ambil dari sisi apa dulu? Dari kebijakan pemerintah pusat atau daerah bisa segi pendidikan bisa sisi kesehatan bisa sisi ekonomi juga bisa.","1332016074015948800","","","in","(Kei)nara Greisy. 🍉","0","0","0","https://twitter.com/moonkneight/status/1332016074015948800","863744277985153024","moonkneight"
"1331956352214679557","Thu Nov 26 13:41:55 +0000 2020","0","[WEBINAR NASIONAL PENDIDIKAN] Aktualisasi Kebijakan Merdeka Belajar- Kampus Merdeka di Era Pandemi Halo Kema Unpad! Pasti banyak banget yaa dari kita yang masih bingung tentang program Kampus Merdeka. Nah jangan khawatir Di webinar kali ini kita bakal tau lebih lanjut- https://t.co/IiyvkRlxCP","1331956352214679557","https://pbs.twimg.com/media/EnwPO9OVQAEUrcr.jpg","","in","Gd. Rektorat Unpad, Jatinangor","0","1","0","https://twitter.com/RadioUnpad/status/1331956352214679557","378379827","RadioUnpad"
"1331905536728698882","Thu Nov 26 10:20:00 +0000 2020","0","Kebijakan anggaran TKDD mendorong pemerintah daerah memulihkan ekonomi pendidikan dan kesehatan dalam rangka mendukung penguatan ekonomi nasional. https://t.co/7LLvmqMpsR","1331905536728698882","","","in","Jakarta Capital Region","0","0","0","https://twitter.com/akuratco/status/1331905536728698882","786549338818224128","akuratco"
"1331878658932260864","Thu Nov 26 08:33:12 +0000 2020","2","Mendengar isi hati guru guru honorer TK di Pulau Rote NTT. Dalam situasi tersulit mereka masih semangat. Tantangan pendidikan di daerah 3T sangat berat. Hanya dengan mendengar langsung dari pendidik kita di pelosok nusantara kita bisa memastikan kebijakan kita dirasakan. https://t.co/QXVZ0yr2fl","1331878658932260864","https://pbs.twimg.com/ext_tw_video_thumb/1331878609334661121/pu/img/flFpVOsKsV77O_Wr.jpg","","in","","0","0","1","https://twitter.com/MasMenteri/status/1331878658932260864","891564038781415424","MasMenteri"
"1331870310430248961","Thu Nov 26 08:00:01 +0000 2020","20"," Arah kebijakan APBN 2021 adalah akselerasi pemulihan ekonomi dan transformasi. Prioritas utamanya untuk sektor SDM kesehatan pendidikan perlindungan sosial serta infrastruktur kata Kepala @BKFKemenkeu Febrio Kacaribu. Selengkapnya https://t.co/zSPUfUucI9 https://t.co/OykFvp1LO2","1331870310430248961","https://pbs.twimg.com/media/EnuVAHBUcAQQqC1.png","","in","Indonesia","0","2","8","https://twitter.com/KemenkeuRI/status/1331870310430248961","600673907","KemenkeuRI"
"1331857223207718912","Thu Nov 26 07:08:01 +0000 2020","0","Kesatria Pendidikan Vol. 3 hadir untuk membahas berita seputar kebijakan belajar tatap muka yang kerennya lagi pembicara kali ini adalah Kak Fauzan yang pastinya akan bombastis banget! Jangan lewatkan malam ini jam 19.00 WIB!! Gerakan UI Mengajar 10 #BersamaMenujuTakTerbatas https://t.co/RfaPevLh4I","1331857223207718912","https://pbs.twimg.com/media/Enu1CcKVgAAmqlV.jpg","","in","Depok, Jawa Barat, Indonesia","0","1","0","https://twitter.com/UIMengajar/status/1331857223207718912","297837371","UIMengajar"
"1331825182495838209","Thu Nov 26 05:00:42 +0000 2020","11","Selain fokus untuk memperbaiki regulasi dan birokrasi serta kebijakan terhadap guru honorer pemerintah juga harus memperhatikan masalah kualitas tenaga pengajar yang punya peran penting untuk masa depan pendidikan di Indonesia. https://t.co/uQB2pg6Hp6 - Siti Parhani #terkini","1331825182495838209","","","in","Jakarta","0","0","8","https://twitter.com/magdaleneid/status/1331825182495838209","1521159020","magdaleneid"
"1331735637314002944","Wed Nov 25 23:04:53 +0000 2020","0"," .@Periksalah Dgn Baik Masalah Kebijakan Utama Cont; Perawatan Kesehatan Pendidikan Sarana - Pekerjaan Pembangungan dll -- Kemudian Eksplorasi Alternatif - Ulas Dampak Pilihan Anda Pd Gub. Saat ini; Menuntut Yang Sekarang Dibutuhkan Pendidikan Yang Baik Pekerjaan Dan Karier ","1331735637314002944","","","in","Indonesian","0","0","0","https://twitter.com/anwarwardy/status/1331735637314002944","116073474","anwarwardy"
"1331586940424970241","Wed Nov 25 13:14:00 +0000 2020","0","Sekolah Dibuka Apa Kata Siswa? Menteri Pendidikan dan Kebudayaan Nadiem Makarim mengeluarkan kebijakan terkait sekolah tatap muka di tengah pandemi. Nadiem kini memperbolehkan pembelajaran tatap muka mulai semester genap 2020/2021 mulai dari tingkat sekolah dasar hingga https://t.co/44OyO1kuoj","1331586940424970241","https://pbs.twimg.com/media/Enq_Q3ZUUA463bi.jpg","","in","ÜT: -6.1931033,106.7670326","0","1","0","https://twitter.com/MNCChannels/status/1331586940424970241","318886784","MNCChannels"
"1331584853674868736","Wed Nov 25 13:05:43 +0000 2020","0","Kesatria Pendidikan hadir lagi untuk membahas berita seputar kebijakan KBM tatap muka yang baru saja dibahas kerennya lagi pembicara kali ini adalah Kak Fauzan. Waktu: Kamis 26 November 2020 Media: Live Instagram Gerakan UI Mengajar 10 #BersamaMenujuTakTerbatas https://t.co/7x8IbJ66pL","1331584853674868736","https://pbs.twimg.com/media/Enq9WueVkAEiFeb.jpg","","in","Depok, Jawa Barat, Indonesia","0","0","0","https://twitter.com/UIMengajar/status/1331584853674868736","297837371","UIMengajar"
"1331575458077446148","Wed Nov 25 12:28:23 +0000 2020","0","Dalam buku politik kebijakan pengembangan kurikulum di Indonesia (2019) Faktor internal yang mempengaruhi pengembangan kurikulum adalah: 1. Peserta didik meliputi bakat kemampuan kebutuhan pendidikan serta usia dan latar belakang sosial. @AmrilmuhammadMp #AmrilMuhammad_UNJ","1331575458077446148","","","in","","1","1","11","https://twitter.com/afifahdmynt/status/1331575458077446148","1275945430967136256","afifahdmynt"
"1331545835461492738","Wed Nov 25 10:30:40 +0000 2020","1","Sekolah Dibuka Apa Kata Siswa? Menteri Pendidikan dan Kebudayaan Nadiem Makarim mengeluarkan kebijakan terkait sekolah tatap muka di tengah pandemi. https://t.co/hkZzkTAwAi","1331545835461492738","https://pbs.twimg.com/media/EnqZ4EGVEAAPr2I.jpg","","in","Jakarta, Indonesia","0","1","0","https://twitter.com/inewsdotid/status/1331545835461492738","944180887171743745","inewsdotid"
"1331485775498600448","Wed Nov 25 06:32:01 +0000 2020","0","Kepedulian dunia akademisi pemangku kebijakan dan Aktifis dunia pendidikan serta penegak hukum di negeri ini ditonton oleh rakyat mengenai pejabat yg dlm memimpin menggunakan ijazah yg tdk legitimate membiarkan hal ini terjadi sama dg mencoreng dunia pendidikan. #Batam_KEPRI","1331485775498600448","","","in","indonesia","0","0","0","https://twitter.com/jongsumatera/status/1331485775498600448","261182507","jongsumatera"
"1331467286515916803","Wed Nov 25 05:18:33 +0000 2020","6","Kemendikbud menyebutkan ada sembilan kebijakan yang telah dijalankan selama pandemi Covid-19 dengan tujuan proses pendidikan berjalan lancar. https://t.co/r5gbeSrCNi","1331467286515916803","","","in","Jakarta","0","0","0","https://twitter.com/kompascom/status/1331467286515916803","23343960","kompascom"
"1331437159002349571","Wed Nov 25 03:18:50 +0000 2020","2","Guru melaksakanakan segala kebijakan pemerintah dalam bidang pendidikan. #TerimaKasihGuru PGRI","1331437159002349571","","","in","East Java, Indonesia","0","0","0","https://twitter.com/NurazizaShima/status/1331437159002349571","1172059682568990720","NurazizaShima"
"1331428575010975744","Wed Nov 25 02:44:43 +0000 2020","3","Perbaikan pendidikan tidak boleh terbatas pada ruang-ruang kebijakan dan regulasi https://t.co/fRFLSZogxh","1331428575010975744","","","in","Jakarta, Indonesia","0","0","0","https://twitter.com/republikaonline/status/1331428575010975744","22126902","republikaonline"
"1331422930467655681","Wed Nov 25 02:22:17 +0000 2020","0","Kebijakan peningkatan kesejahteraan bidang pendidikan itu ditujukan kepada pendidik dan tenaga kependidikan. Ini dimulai dari 2015 hingga tahun ini melalui Bankeu Pemprov Kaltara sebagai insentif bagi mereka. https://t.co/zf7woYplri","1331422930467655681","","","in","Tj. Selor, Kalimantan Utara","0","0","0","https://twitter.com/adpimkaltara/status/1331422930467655681","1694110556","adpimkaltara"
"1331252832150818818","Tue Nov 24 15:06:23 +0000 2020","0","KEBIJAKAN KEMENTERIAN AGAMA DALAM PENDIDIKAN DI MADRASAH Oleh: Petrus Pedo Beke https://t.co/CHnYyn49Vu. - ppt download https://t.co/iFkEa6poGz","1331252832150818818","","","in","","0","0","0","https://twitter.com/aby_bangdoel/status/1331252832150818818","555635800","aby_bangdoel"
"1331227312646287360","Tue Nov 24 13:24:58 +0000 2020","7","Supaya tdk lagi kecolongan kebijakan terus kita hrs berat2 sdkt dg perbanyak sekolah gerakan sekolah kebijakan pendidikan politik dll. Spy tdk baca2 filsafat Soe Hoe Gie dll marah2 ttg eksploitasi pekerja tpi jg ikut dapat cuan dari acara2 ttg revolusi industri 4.0","1331227312646287360","","","in","","0","0","0","https://twitter.com/CeletukWarga/status/1331227312646287360","1279726915469733889","CeletukWarga"
"1331221781697482755","Tue Nov 24 13:03:00 +0000 2020","25","Menteri Pendidikan dan Kebudayaan RI Nadiem Makarim memberikan kebijakan untuk sekolah tatap muka yang akan berlaku pada Januari 2021. #PramborsNews https://t.co/MgIyjQXg1T https://t.co/acYS4BIkPi","1331221781697482755","https://pbs.twimg.com/media/EnkAzzaVcAE397Q.jpg","","in","Indonesia","14","5","9","https://twitter.com/Prambors/status/1331221781697482755","34149837","Prambors"
"1331207282890330112","Tue Nov 24 12:05:23 +0000 2020","0","Menteri Pendidikan dan Kebudayaan (Mendikbud) Nadiem Makarim mengizinkan pembelajaran tatap muka pada awal tahun 2021. Kebijakan ini disambut gembira berbagai kalangan meski belum didukung Satgas Penanganan COVID-19. https://t.co/KSXqaAimf6","1331207282890330112","","","in","Kalimantan Timur","0","0","0","https://twitter.com/nomorsatukaltim/status/1331207282890330112","1290851538991108096","nomorsatukaltim"
"1331114415240794112","Tue Nov 24 05:56:22 +0000 2020","1","[WEBINAR NASIONAL PENDIDIKAN] Halo Kema Unpad! Kebijakan baru yang telah dibuat oleh kemdikbud meninggalkan banyak pertanyaan bagi banyak orang terutama mahasiswa. Lalu bagaimana penerapan -c- https://t.co/KZaztbi7hI","1331114415240794112","https://pbs.twimg.com/media/EnkRcw6UYAE3JlU.jpg","","in","","0","1","0","https://twitter.com/bem_unpad/status/1331114415240794112","198228819","bem_unpad"
"1331070008869355520","Tue Nov 24 02:59:54 +0000 2020","2","Pimpinan Komisi Pendidikan Dewan Perwakilan Rakyat mendukung kebijakan pemerintah yang mengizinkan sekolah memulai kegiatan belajar tatap muka awal tahun depan. #KoranTempo https://t.co/wymSHKR6lO https://t.co/2nXhGuMVlQ","1331070008869355520","https://pbs.twimg.com/media/EnjoIgpUcAA1xzu.jpg","","in","Indonesia","0","0","1","https://twitter.com/tempodotco/status/1331070008869355520","18129942","tempodotco"
"1330651268520443904","Sun Nov 22 23:15:59 +0000 2020","1","Sistem PJJ masa pandemi merupakan lompatan besar dlm dunia pendidikan. Teruskan kebijakan ini perbaiki yg masih salah lengkapi yg masih kurang. Jangan mundur ke belakang urungkan niat thun dpan kembali pd pmblajran tatap muka. Bkn hnya krn alasan covid tapi krn sudah saatnya.","1330651268520443904","","","in","","0","0","0","https://twitter.com/TeguhPr49318664/status/1330651268520443904","1087088999599038464","TeguhPr49318664"
"1330520045219426304","Sun Nov 22 14:34:33 +0000 2020","0","Menteri Pendidikan dan Kebudayaan (Mendikbud) Nadiem Anwar Makarim mengeluarkan kebijakan terkait sekolah tatap muka di tengah pandemi.Melansir aturan anyar Nadiem mengizinkan kepala derah dan kantor wilayah Kementerian Agama untuk menentukan sendiri pembelajaran tatap muka.","1330520045219426304","","","in","","0","1","0","https://twitter.com/Agustina_DJ7/status/1330520045219426304","126919821","Agustina_DJ7"
"1330466278776115200","Sun Nov 22 11:00:54 +0000 2020","1","Warga Jakarta sepertinya harus terbiasa dengan buka tutupnya PSBB oleh gubernur DKI Jakarta Anies Baswedan.kebijakan mantan menteri pendidikan ini secara teori bagus tapi kadang juga di langgar sendiri oleh gubernur DKI yang kemarin membuat blunder dengan memberikan ijin HRS","1330466278776115200","","","in","Surakarta, Jawa Tengah","0","1","1","https://twitter.com/AlbertSolo2/status/1330466278776115200","980097559736721408","AlbertSolo2"
"1330427949724487681","Sun Nov 22 08:28:36 +0000 2020","0","#BelajarTatapMuka #NadeimMakarim Menteri Pendidikan dan Kebudayaan (Mendikbud) Nadiem Makarim buka suara soal kebijakan pemerintah terkait pembelajaran tatap muka. https://t.co/g3XRZ7w5so","1330427949724487681","","","in","Aceh","0","0","0","https://twitter.com/serambinews/status/1330427949724487681","64635651","serambinews"
"1330422903586787328","Sun Nov 22 08:08:32 +0000 2020","0","Peta Jalan Pendidikan (PJP) 2020-2035 akan menjadi bekal arah kebijakan sektor pendidikan. Dengan adanya peta jalan pendidikan arah pendidikan nasional kedepannya akan lebih konsisten dan berkelanjutan dan tidak terpengaruh lagi oleh suksesi politik. https://t.co/gGy381KuPo","1330422903586787328","","","in","Jakarta","0","0","0","https://twitter.com/belajarapapun_/status/1330422903586787328","1298552130740002817","belajarapapun_"
"1330390554165846017","Sun Nov 22 06:00:00 +0000 2020","16","#DetikNetwork Menteri Pendidikan dan Kebudayaan Nadiem Makarim mengeluarkan kebijakan terkait sekolah tatap muka di tengah pandemi. Baca di sini: https://t.co/NybTFANBxm","1330390554165846017","","","in","","3","0","1","https://twitter.com/CNNIndonesia/status/1330390554165846017","17128975","CNNIndonesia"
"1330301904069545989","Sun Nov 22 00:07:44 +0000 2020","3","Menteri Pendidikan dan Kebudayaan (Mendikbud) Nadiem Anwar Makarim mengeluarkan kebijakan terkait sekolah tatap muka di tengah pandemi. #BarisanProKerja #InvestasiBukanAncaman https://t.co/Y1JP37KTqz","1330301904069545989","","","in","Yogyakarta, Indonesia","0","1","0","https://twitter.com/NyiAgeng_Jogja/status/1330301904069545989","1035804488009826304","NyiAgeng_Jogja"
"1330153531102408710","Sat Nov 21 14:18:09 +0000 2020","5","Menteri Pendidikan dan Kebudayaan (Mendikbud) Nadiem Anwar Makarim mengeluarkan kebijakan terkait sekolah tatap muka di tengah pandemi. Ini sesuai arahan Presiden Jokowi untuk mencari keseimbangan.. https://t.co/6qAxaSM2Mo","1330153531102408710","","","in","Medan dan Jakarta, Indonesia","0","0","3","https://twitter.com/Paltiwest/status/1330153531102408710","214159664","Paltiwest"
"1330105782147407874","Sat Nov 21 11:08:25 +0000 2020","1","Menteri Pendidikan dan Kebudayaan (Mendikbud) Nadiem Anwar Makarim mengeluarkan kebijakan terkait sekolah tatap muka di tengah pandemi. #DukungRegulasiBersih #BarisanProKerja https://t.co/Y1JP37KTqz","1330105782147407874","","","in","Yogyakarta, Indonesia","0","0","0","https://twitter.com/NyiAgeng_Jogja/status/1330105782147407874","1035804488009826304","NyiAgeng_Jogja"
"1330103543005650946","Sat Nov 21 10:59:31 +0000 2020","0","Ya semoga ada kebijakan dan kepastian yg terbaik dari pak menteri dan juga dr pihak sekolah. Pendidikan jg hrs berjalan kan ","1330103543005650946","","","in","","0","0","0","https://twitter.com/febriwln_/status/1330103543005650946","240633890","febriwln_"
"1330074513007124483","Sat Nov 21 09:04:10 +0000 2020","4","Pakar Kebijakan Pendidikan UNY: Pembelajaran Daring Harus Tetap Dipertahankan https://t.co/C66XZ9EJ4I","1330074513007124483","","","in","Jl Jend Sudirman 52 Yogyakarta","0","0","3","https://twitter.com/tribunjogja/status/1330074513007124483","223476605","tribunjogja"
"1330072802230153216","Sat Nov 21 08:57:22 +0000 2020","0","Pakar Kebijakan Pendidikan UNY: Pembelajaran Daring Harus Tetap Dipertahankan https://t.co/fiNIpDCoD2 via @tribunjogja","1330072802230153216","","","in","Jl Jend Sudirman 52 Yogyakarta","0","0","0","https://twitter.com/tribunjogja/status/1330072802230153216","223476605","tribunjogja"
"1330030795403235328","Sat Nov 21 06:10:27 +0000 2020","1","Dinas Pendidikan (Disdik) Provinsi Jawa Barat (Jabar) menyebut pihaknya pun telah menyiapkan serangkaian langkah guna menjalankan kebijakan tersebut. https://t.co/aN8ae74VFl","1330030795403235328","","","in","Bandung, West Java, Indonesia","0","0","2","https://twitter.com/PRFMnews/status/1330030795403235328","150589950","PRFMnews"
"1329990979433074689","Sat Nov 21 03:32:14 +0000 2020","1","Kebijakan pembelajaran tatap muka di perguruan tinggi masih digodok Direktorat Jenderal Pendidikan Tinggi. https://t.co/BFYGvGuZoW","1329990979433074689","","","in","Jakarta - Indonesia","1","1","0","https://twitter.com/mediaindonesia/status/1329990979433074689","68930552","mediaindonesia"
"1329737522964881410","Fri Nov 20 10:45:05 +0000 2020","0","Mulai Januari 2021 Kebijakan Pembelajaran Tatap Muka Dimulai dari Pemberian Izin oleh Pemerintah Daerah/Kantor Kemenag dan Tetap Dilanjutkan dengan Izin Berjenjang dari Satuan Pendidikan dan Orangtua","1329737522964881410","","","in","","0","0","0","https://twitter.com/dinihuda/status/1329737522964881410","61678976","dinihuda"
"1329718438365859840","Fri Nov 20 09:29:15 +0000 2020","3","Gini2 emg kebijakan offline udah dibolehin tapi tidak wajib dan juga banyak aspek yang harus diperhatiin dan harus ada persetujuan dari Pemda institusi pendidikan setempat dan orang tua. Jika dari hal tadi ada yg tidak setuju/belum siap maka pembelajaran offline ditunda ","1329718438365859840","","","in","","0","1","0","https://twitter.com/lordgabut/status/1329718438365859840","1120182795580522496","lordgabut"
"1329714211803389952","Fri Nov 20 09:12:27 +0000 2020","0","Terus ini menteri pendidikan yg harusnya buat keputusan tentang pembelajaran di masa pandemi semester ganjil 2021 malah basically lepas tangan dan bilang ini bukan urusan gw tapi terserah pemda sekolah dan orang tua. Kek hah??????? Kek gitu namanya kebijakan?","1329714211803389952","","","in","","0","0","0","https://twitter.com/mathiolla/status/1329714211803389952","230035069","mathiolla"
"1329676859143929856","Fri Nov 20 06:44:02 +0000 2020","1","Dalam buku politik kebijakan pengembangan kurikulum di Indonesia (2019) Kurikulum merupakan salah satu bagian penting dari sistem pendidikan suatu negara. Dalam hal itu maka apa yang memengaruhi penyelenggaraannya secara langsung (cont..) @AmrilmuhammadMp #AmrilMuhammad_UNJ","1329676859143929856","","","in","","1","1","7","https://twitter.com/afifahdmynt/status/1329676859143929856","1275945430967136256","afifahdmynt"
"1329676284243316738","Fri Nov 20 06:41:45 +0000 2020","0","Kebijakan Pemerintah Terhadap Pendidikan di Era New Normal utas Oleh : Akbar Brilian Utama","1329676284243316738","","","in","","0","1","0","https://twitter.com/19as_don/status/1329676284243316738","1233248330156781568","19as_don"
"1329671630004449282","Fri Nov 20 06:23:15 +0000 2020","1","Koordinator Nasional Perhimpunan untuk Pendidikan dan Guru (P2G) Satriwan Salim meminta pemerintah tak tergesa-gesa merevisi Surat Keputusan Bersama (SKB) 4 Menteri tentang penyesuaian kebijakan pembelajaran di masa pandemi. https://t.co/dqXv6AitZP","1329671630004449282","https://pbs.twimg.com/media/EnPxSiqUYAAPF6O.jpg","","in","Jakarta Capital Region","1","0","0","https://twitter.com/RRIPrograma3/status/1329671630004449282","1129936609","RRIPrograma3"
"1329662522647986177","Fri Nov 20 05:47:03 +0000 2020","2","PJP Membuat Kebijakan Pendidikan Kian Terukur https://t.co/LrzkDvlNHU https://t.co/mzYC2kt1cZ","1329662522647986177","https://pbs.twimg.com/media/EnPo-9CVQAIabvj.jpg","","in","Jakarta, Indonesia","0","0","0","https://twitter.com/DPR_RI/status/1329662522647986177","211415705","DPR_RI"
"1329635429226749952","Fri Nov 20 03:59:24 +0000 2020","0","Merdeka Belajar-Kampus Merdeka (MBKM) merupakan kebijakan dari Menteri Pendidikan dan Kebudayaan (Mendikbud) Nadiem Makariem. Implementasi dari kebijakan MBKM adalah hak belajar tiga semester di luar program studi dalam delapan bentuk kegiatan. https://t.co/CHaoIw7AGU","1329635429226749952","","","in","East Java, Indonesia","0","0","0","https://twitter.com/nuonlinejatim/status/1329635429226749952","1307604987124486144","nuonlinejatim"
"1329588569753587713","Fri Nov 20 00:53:12 +0000 2020","0","assakamualaikum wr wb. selamat pagi pak syaiful huda saya masyarakat depok kec darangadan purwakarta saya selaku tenaga honorer tenaga struktural didinas pendidikan mengharap kan kebijakan honorer di angkat P3K secara otomatis","1329588569753587713","","","in","","0","0","0","https://twitter.com/EddyAdams17/status/1329588569753587713","1308970617383911424","EddyAdams17"
"1329582388142194689","Fri Nov 20 00:28:38 +0000 2020","16","BAGI PAGI -2 Analisis Kebijakan Pendidikan. Tau kan kebijakan pendidikan di kita itu sudah salah sejak dalam niat. https://t.co/SlLsBgIoQN","1329582388142194689","","","in","","0","0","2","https://twitter.com/BukuKITA10/status/1329582388142194689","1288353772226265089","BukuKITA10"
"1329398524333617153","Thu Nov 19 12:18:01 +0000 2020","0","semoga bisa terwujud. kebijakan ini musti didukung. mungkin dengan transformasi birokrasi sehingga berkurangnya eselon atau pejabat yg tidak relevan bisa dialokasikan buat tenaga kerja di bidang pendidikan.","1329398524333617153","","","in","","0","0","0","https://twitter.com/standalone582/status/1329398524333617153","7306172","standalone582"
"1329351156137562114","Thu Nov 19 09:09:48 +0000 2020","0","Lanjut.... Memimpin rapat Kajian konsep peta jalan pendidikan 2020-2035 Kemendikbud RI dan belanja masalah aspek kebijakan pendidikan dasar menengah dan kejuruan (merdeka belajar). Semangat hari kamis! https://t.co/ihs8NN208W","1329351156137562114","https://pbs.twimg.com/media/EnLN0_dVcAM2fx-.jpg","","in","","0","0","0","https://twitter.com/hetifah1/status/1329351156137562114","1328506157829218305","hetifah1"
"1329141153518653445","Wed Nov 18 19:15:19 +0000 2020","2","Pakar Kebijakan Publik dan Guru Besar Ilmu Politik Universitas Pendidikan Indonesia (UPI) Prof. Cecep Darmawan menganggap lumrah dalam negara hukum untuk uji materi suatu Undang-Undang. Termasuk terhadap UU Cipta Kerja. https://t.co/soBNwgL47K #BarisanProKerja https://t.co/OQuEutV14a","1329141153518653445","https://pbs.twimg.com/media/EnIOzh2VcAAmqyV.jpg","","in","Indonesia","0","1","0","https://twitter.com/nalarpolitik/status/1329141153518653445","894646050719318023","nalarpolitik"
"1328970337241874433","Wed Nov 18 07:56:34 +0000 2020","2","#DebatPublikSemarang pertanyaan: kebijakan apa yang kelak akan diambil paslon dalam memberikan peningkatan akses pendidikan secara adil pada masyarakat difabel? #PemilihanSerentak2020MetroTV Live: https://t.co/1FagC34Atk https://t.co/grFjY6eyuR","1328970337241874433","https://pbs.twimg.com/media/EnFzdvwVEAE0P2U.png","","in","","0","0","0","https://twitter.com/Metro_TV/status/1328970337241874433","57261519","Metro_TV"
"1328956856052703234","Wed Nov 18 07:02:59 +0000 2020","0","#DebatPublikSemarang Pertanyaan: data keberadaan sekolah di kota Semarang menunjukkan sekolah swasta berimbang keberadaannya dengan sekolah negeri. Kebijakan apa yang akan diberikan pada sekolah swasta dalam meningkatkan layanan &amp; mutu pendidikan? #PemilihanSerentak2020MetroTV https://t.co/5ZjzDamNMd","1328956856052703234","https://pbs.twimg.com/media/EnFnJJiXEAInAcC.png","","in","","0","0","0","https://twitter.com/Metro_TV/status/1328956856052703234","57261519","Metro_TV"
"1328953856903016450","Wed Nov 18 06:51:04 +0000 2020","0","Pembentukan peta jalan pendidikan diperlukan sebagai dasar penentuan arah kebijakan pendidikan nasional. https://t.co/aIfV1wV013","1328953856903016450","","","in","Jakarta","0","1","0","https://twitter.com/kompascom/status/1328953856903016450","23343960","kompascom"
"1328916420533522433","Wed Nov 18 04:22:19 +0000 2020","0","Kebijakan ini dikeluarkan oleh MCCC PP Muhammadiyah dan ditujukan kepada seluruh Amal Usaha Muhammadiyah (AUM) bidang pendidikan pada bulan september hingga waktu yang belum ditentukan. #TerimaKasihMuhammadiyah #Milad108","1328916420533522433","","","in","Yogyakarta, Indonesia","0","0","0","https://twitter.com/lgh_khun/status/1328916420533522433","1002539872253407232","lgh_khun"
"1328900810437136384","Wed Nov 18 03:20:17 +0000 2020","0","Kebijakan ini dikeluarkan oleh MCCC PP Muhammadiyah dan ditujukan kepada seluruh Amal Usaha Muhammadiyah (AUM) bidang pendidikan pada bulan september hingga waktu yang belum ditentukan. #TerimaKasihMuhammadiyah #Milad108 @RadioMuh https://t.co/jdXbnsm9K8","1328900810437136384","","","in","Yogyakarta, Indonesia","2","0","2","https://twitter.com/Andika_rv2811/status/1328900810437136384","3172417165","Andika_rv2811"
"1328348052327809024","Mon Nov 16 14:43:49 +0000 2020","0","Sinergitas Pemerintah &amp; dunia Pendidikan Kebijakan Publik dg Penguatan R&amp;D dr Pendidikan Tinggi akan semakin meng akuratkan memantapkan sekaligus meminimalisasi gagalnya kebijakan itu sendiri. Upaya Maksimal dan Luar Biasa Bu Menteri @idafauziyah @cakimiNOW @cw_rusydie","1328348052327809024","","","in","","0","0","0","https://twitter.com/muhammadrobbah/status/1328348052327809024","504006390","muhammadrobbah"
"1328320614818574336","Mon Nov 16 12:54:48 +0000 2020","0","RT KemenkeuRI: Proyek-proyek infrastruktur yang harus tertunda di tahun ini akan menjadi proritas di tahun 2021. Selain infrastruktur kebijakan strategis 2021 juga diarahkan untuk pembangunan bidang pendidikan kesehatan perlindungan sosial ketahanan pangan pariwisata ","1328320614818574336","","","in","Banda Aceh, Indonesia","0","0","0","https://twitter.com/djpbaceh/status/1328320614818574336","841528595990294528","djpbaceh"
"1328254302314381312","Mon Nov 16 08:31:18 +0000 2020","0","Tahun ini Global Entrepreneuship Week dirayakan tanggal 16-22 November di seluruh dunia dengan empat tema: Pendidikan Ekosistem Inklusi dan Kebijakan. https://t.co/EDTWroIttl","1328254302314381312","https://pbs.twimg.com/media/Em7oNOoVEAELLDa.jpg","","in","Pacific Place Mall, Jakarta","0","1","1","https://twitter.com/atamerica/status/1328254302314381312","161482772","atamerica"
"1328207320271122432","Mon Nov 16 05:24:36 +0000 2020","10","Perhimpunan untuk Pendidikan dan Guru menyarankan Kemendikbud agar kebijakan pembelajaran jarak jauh diteruskan sampai akhir tahun. #TempoNasional https://t.co/hn3eceWJhE","1328207320271122432","","","in","Indonesia","0","1","3","https://twitter.com/tempodotco/status/1328207320271122432","18129942","tempodotco"
"1328195076904812544","Mon Nov 16 04:35:57 +0000 2020","11","Kerjasama ini diharapkan mampu mendukung kebijakan Kementerian Pendidikan dan Kebudayaan terkait Kampus Merdeka. Kampus Merdeka menuntut agar sumber daya perguruan tinggi tidak hanya terkukung di dalam kampus. #upnvyupdate https://t.co/4ENgyy0dVO","1328195076904812544","https://pbs.twimg.com/ext_tw_video_thumb/1328195053899051009/pu/img/6gkoTdpor2kSWkb7.jpg","","in","Yogyakarta, Indonesia","0","1","1","https://twitter.com/UPNVY_Official/status/1328195076904812544","797865185180422144","UPNVY_Official"
"1327915952659316736","Sun Nov 15 10:06:49 +0000 2020","0","16).Mmberantas ideologi transnasional khilafah di negara ini yg mnyusup ke bidang2 pendidikan ekonomi dll tdk bs dgn melihara buzzer&amp;HateSpeech Pak @jokowi tp hrs dgn kebijakan&amp;aturan yg tegas&amp;ketat dgn syarat Presiden WIBAWA klo nggak kacau.@KSPgoid @mohmahfudmd @PDI_Perjuangan","1327915952659316736","","","in","","0","0","0","https://twitter.com/NYatiDjafar/status/1327915952659316736","2202684200","NYatiDjafar"
"1327844786972225539","Sun Nov 15 05:24:02 +0000 2020","1","Talkshow di BNPB. Omong2 ttg kebijakan instansi penanggungjawab pendidikan yg walau sudah 8 bulan berselang namun masih melihat Pandemi Covid sebagai force majeure https://t.co/paiwOBxbVK","1327844786972225539","https://pbs.twimg.com/media/Em1zy3KVcAAL_tG.jpg","","in","","0","1","0","https://twitter.com/AdrianusMeliala/status/1327844786972225539","2234430708","AdrianusMeliala"
"1327778455480528897","Sun Nov 15 01:00:27 +0000 2020","0","Zaman skrg Tidak Ada Pendidikan Moril yg Diberikan pada Publik utk Publik memiliki Jalan Pikiran yg Jernih dan utk Merawat Akal Sehatnya. Justru Tiap Minggu Publik sllu Disuguhkan dg Kontradiksi oleh Pemangku Kekuasaan. Beda Hari Beda Kebijakan nya. Publik pun Kebingungan.","1327778455480528897","","","in","DKI Jakarta, Indonesia","0","0","0","https://twitter.com/ganarmdhn/status/1327778455480528897","4757391673","ganarmdhn"
"1327742112201285633","Sat Nov 14 22:36:02 +0000 2020","1","Ahli kebijakan publik dari Universitas Pendidikan Indonesia (UPI) Prof Cecep Darmawan menilai selama ini banyak regulasi yang bertabrakan dan tumpang tindih. #UUCiptaKerja https://t.co/URaHDdGzZ8","1327742112201285633","","","in","Indonesia","0","0","0","https://twitter.com/jpnncom/status/1327742112201285633","79130206","jpnncom"
"1327577344521822210","Sat Nov 14 11:41:18 +0000 2020","0","Masih bingung bahas apa buat tugas paper. Isu pendidikan yang merubah kebijakan pendidikan dan keguruan.......????","1327577344521822210","","","in","","0","0","0","https://twitter.com/zaeminhyuck/status/1327577344521822210","964793633860800512","zaeminhyuck"
"1327541795069128705","Sat Nov 14 09:20:03 +0000 2020","2","Pengamat pendidikan Indra Charismiadji mengkritisi kebijakan digitalisasi sekolah yang fokus pada pengadaan laptop dengan Anggaran 3 triliun #IndraCharismiadji https://t.co/4boNZThXyQ","1327541795069128705","","","in","Indonesia","0","1","0","https://twitter.com/jpnncom/status/1327541795069128705","79130206","jpnncom"
"1327444234102841344","Sat Nov 14 02:52:22 +0000 2020","0","Pengamat berharap UU Ciptaker beri kepastian hukum dalam berusaha Medan Top&amp;nbsp;- Pakar kebijakan publik dari Universitas Pendidikan Indonesia (UPI) Prof Cecep Darmawan berhar... https://t.co/ZnmlpwoDIb https://t.co/0vFmQpVp8s","1327444234102841344","https://pbs.twimg.com/media/EmwHfxaW8AAPZrq.jpg","","in","","0","0","0","https://twitter.com/MedTop12/status/1327444234102841344","1302285066882564096","MedTop12"
"1327442525683142656","Sat Nov 14 02:45:35 +0000 2020","0","Pengamat berharap UU Ciptaker beri kepastian hukum dalam berusaha Medan Top&amp;nbsp;- Pakar kebijakan publik dari Universitas Pendidikan Indonesia (UPI) Prof Cecep Darmawan berhar... https://t.co/ZnmlpwoDIb https://t.co/gP7GzkvMsT","1327442525683142656","https://pbs.twimg.com/media/EmwF8U9XIAEbXmK.jpg","","in","","0","0","0","https://twitter.com/MedTop12/status/1327442525683142656","1302285066882564096","MedTop12"
"1327189307736563717","Fri Nov 13 09:59:23 +0000 2020","2","Untuk mengupas problematisasi yang hadir dalam sulitnya askes jaringan nirkabel dalam dunia pendidikan di desa KOMAP menghadirkan Webinar dengan Topik Dampak Kebijakan E-Learning Terhadap Masyarakat Desa. Informasi selengkapnya cek di bawah ini ⁣ #KOMAPUGM2020⁣ #webinarkomap https://t.co/mAaPXETMnG","1327189307736563717","https://pbs.twimg.com/media/EmsfoSlVoAA2eE7.jpg","","in","UGM, Yogyakarta","0","0","0","https://twitter.com/komapugm/status/1327189307736563717","227241946","komapugm"
"1327184546832400387","Fri Nov 13 09:40:28 +0000 2020","14","Belakangan ini yang speak up masalah pendidikan ini makin banyak ya Bagus sih lu jadinya neken para pemangku kebijakan buat bikin sistem yang lebih baik In other hand org-org yng misuh kaya gitu kerjanya ngapain selain speak up SiSpeN IndO jElEk bangET mau pindah negara aja ?","1327184546832400387","","","in","Bandung, Jawa Barat","0","2","0","https://twitter.com/zohmabokpeuyeum/status/1327184546832400387","2738611432","zohmabokpeuyeum"
"1327073401224142848","Fri Nov 13 02:18:49 +0000 2020","0","Pembahasan buku ini berfokus dua keilmuan: (1) Mengkaji tentang pendidikan pendidik motivator fasilitator dan cara mengajar pada lembaga pendidikan; (2) Ekonomi Islam mengkaji tentang kebijakan ekonomi Islam perbankan syariah ... (3)","1327073401224142848","","","in","Jl. Tambra Raya No. 23 Jaktim","0","0","0","https://twitter.com/Prenadamedia2/status/1327073401224142848","821897566442786818","Prenadamedia2"
"1326898292735700992","Thu Nov 12 14:43:00 +0000 2020","1","Merdeka belajar episode 6 baru dikeluarkan oleh pemerintah. Salah satu kebijakan utama adalah transformasi pendanaan pendidikan tinggi yang lebih baik. Tapi ada yang sudah tahu Merdeka Belajar Episode 6 ini kan? #Headline https://t.co/bH7b6X6Yg4","1326898292735700992","","","in","Indonesia","0","0","0","https://twitter.com/kompasiana/status/1326898292735700992","23786106","kompasiana"
"1326804113787588608","Thu Nov 12 08:28:46 +0000 2020","0","RT majalahSM Saat menjabat sebagai Mendikbud Muhadjir dinilai berhasil menyelesaikan masalah pendidikan dengan mengeluarkan kebijakan sistem zonasi. https://t.co/VLO4HCEcqc ","1326804113787588608","","","in","","0","0","0","https://twitter.com/netizenmu/status/1326804113787588608","846924902019977216","netizenmu"
"1326734773948211202","Thu Nov 12 03:53:14 +0000 2020","0","Bantuan Kuota Pendidikan Terobosan Kebijakan Pemerintah Indonesia https://t.co/QHY92Gp77U","1326734773948211202","","","in","","0","0","0","https://twitter.com/alif__id/status/1326734773948211202","829312610747179010","alif__id"
"1326705349836070914","Thu Nov 12 01:56:19 +0000 2020","16","Saat menjabat sebagai Mendikbud Muhadjir dinilai berhasil menyelesaikan masalah pendidikan dengan mengeluarkan kebijakan sistem zonasi. https://t.co/jjYNZVBQBX","1326705349836070914","","","in","Yogyakarta","0","1","0","https://twitter.com/majalahSM/status/1326705349836070914","836611718","majalahSM"
"1326703375186944000","Thu Nov 12 01:48:28 +0000 2020","0","Panduan Program Kompetisi Kampus Merdeka Kebijakan Kampus Merdeka yang telah diluncurkan oleh Menteri Pendidikan dan Kebudayaan merupakan salah satu kebijakan yang akan menjadi modal dasar kemajuan pendidikan tinggi di Indonesia. #Repost Sumber: https://t.co/GfQP3gTIBr https://t.co/yDUC2NFdbr","1326703375186944000","https://pbs.twimg.com/media/EmllsBiUYAMrbQN.jpg","","in","Badung, Bali","0","0","0","https://twitter.com/putulino/status/1326703375186944000","286928498","putulino"
"1326528984079769602","Wed Nov 11 14:15:30 +0000 2020","0","Kebijakan Pendidikan Masa Pandemi https://t.co/g2oELFuy0U","1326528984079769602","","","in","","0","0","0","https://twitter.com/redaksiskala/status/1326528984079769602","609745574","redaksiskala"
"1326402868182736896","Wed Nov 11 05:54:21 +0000 2020","2","Pemerintah Kota Bekasi tengah mempersiapkan untuk kembali memberlakukan kegiatan belajar - mengajar tatap muka di tengah pandemi Covid-19. Kebijakan tsb pun kini sedang dibahas Dinas Pendidikan Kota Bekasi. #MostUpdate1058","1326402868182736896","","","in","JAKARTA","0","0","0","https://twitter.com/most1058/status/1326402868182736896","85805755","most1058"
"1326398687350829057","Wed Nov 11 05:37:45 +0000 2020","0","Cant wait bgt pasti banyak ceritaaaa Tapi jg kau belajar besok uts lisan kebijakan pendidikan ya tuhaan mau nangis ae rasane","1326398687350829057","","","in","brisbane ","0","0","0","https://twitter.com/enhabae/status/1326398687350829057","1288724482727632901","enhabae"
"1326376635852083202","Wed Nov 11 04:10:07 +0000 2020","0","bapak presiden @jokowi dana asuransi pendidikan anak KAMI yg di salah gunakan oleh @AXA_Mandiri dan kami pun sekarg merugi mohon kebijakan bapak dalm hal ini. @ojkindonesia @JulienSteimer @HandojoKusuma @OmbudsmanRI137 @MataNajwa @nadiemmakarim @JulienSteimer","1326376635852083202","","","in","","0","0","0","https://twitter.com/IrawatiNora/status/1326376635852083202","1299237490344116229","IrawatiNora"
"1326331822402232322","Wed Nov 11 01:12:03 +0000 2020","4","Kebijakan PSBB Kurang Efektif di Bidang Pendidikan Transportasi Umum dan Industri Tekstil https://t.co/exf2b4frUT","1326331822402232322","","","in","Indonesia","0","0","2","https://twitter.com/kompasiana/status/1326331822402232322","23786106","kompasiana"
"1326204767241076736","Tue Nov 10 16:47:10 +0000 2020","2","Kerja sama itu sesuai dengan kebijakan Menteri Pendidikan dan Kebudayaan Nadiem Anwar Nadiem guna meningkatkan kualitas daya saing perguruan tinggi secara global https://t.co/NI4AbeIhFg","1326204767241076736","","","in","Jakarta - Indonesia","0","0","0","https://twitter.com/mediaindonesia/status/1326204767241076736","68930552","mediaindonesia"
"1326192120168771585","Tue Nov 10 15:56:55 +0000 2020","0","Jika masalahnya adalah miras coba main ke jepang gayn org mabuk disana tetep sopan krn bawah sadar mereka terdidik dgn baik. Kasih kebijakan yg memajukan sistem pendidikan bukan malah nyalahin miras Lagian kebanyakan org minum tu niatnya ga buat mabuk ashu","1326192120168771585","","","in","Kediri - Ketapang","0","0","0","https://twitter.com/nemui_janai/status/1326192120168771585","2233655870","nemui_janai"
"1326188971303448576","Tue Nov 10 15:44:24 +0000 2020","0","Kebijakan Pendidikan Masa Pandemi https://t.co/g2oELFuy0U","1326188971303448576","","","in","","0","0","0","https://twitter.com/redaksiskala/status/1326188971303448576","609745574","redaksiskala"
"1326133943977054208","Tue Nov 10 12:05:45 +0000 2020","0","Cek Artikel kami dengan Judul : Kebijakan PJJ Dalam Sekularisme-Kapitalisme Hanya Sistem Pendidikan Islam Satu-satunya Solusi https://t.co/p1xDpIUuzx . Semoga Allah memberikan keberkahan untuk kita semua. https://t.co/uz7cdlaDbk","1326133943977054208","https://pbs.twimg.com/media/Emdfy4FW4AEKjRB.png","","in","","0","0","0","https://twitter.com/ProaktifM/status/1326133943977054208","1248026899290279936","ProaktifM"
"1326127551803088897","Tue Nov 10 11:40:21 +0000 2020","3","Bantuan Kuota Pendidikan Terobosan Kebijakan Pemerintah Indonesia https://t.co/Sso1P8Hizc","1326127551803088897","","","in","Jawa Timur, Indonesia","0","0","2","https://twitter.com/nujatim_channel/status/1326127551803088897","723405093668708352","nujatim_channel"
"1326059422523686922","Tue Nov 10 07:09:37 +0000 2020","1","RI 2020 butuh Pahlawan ber-basis Moral dalam Pembuatan Kebijakan Publik yg Berkeadilan &amp; Penyebaran Pendidikan Politik Demokrasi Pancasila Konkret implementatif https://t.co/w5CknSIGdD","1326059422523686922","https://pbs.twimg.com/media/Emcb_0FUcAA-RH3.jpg","","in","Email : ibswpusat@gmail.com","1","0","0","https://twitter.com/ibswNova/status/1326059422523686922","1201488523","ibswNova"
"1325947641805434881","Mon Nov 09 23:45:27 +0000 2020","0","Para pakar menilai tugas BPIP adalah merumuskan arah kebijakan dari Ideologi Pancasila dan menyusun standardisasi pendidikan pelatihan dan rekomendasi berdasarkan hasil kajian. Lembaga ini diisi oleh para negarawan dan orang-orang yang memahami ruh Pancasila. #PancasilaFinal https://t.co/upLr0ktczE","1325947641805434881","https://pbs.twimg.com/media/Ema2WJSU8AAO2FV.jpg","","in","","0","0","0","https://twitter.com/JawaraRobi/status/1325947641805434881","1295316494402764800","JawaraRobi"
"1325935905283076096","Mon Nov 09 22:58:49 +0000 2020","2","Pemerintah berkomitmen mengeluarkan peraturan terkait penyesuaian persyaratan jabatan akademis lektor kepala dan guru besar. Hal ini dilatarbelakangi oleh kebijakan Merdeka Belajar untuk pendidikan tinggi. #Humaniora #adadikompas https://t.co/7VugpM9Woi","1325935905283076096","","","in","Palmerah, Jakarta","0","0","0","https://twitter.com/hariankompas/status/1325935905283076096","255866913","hariankompas"
"1325743314935582720","Mon Nov 09 10:13:32 +0000 2020","0","PORTALJABAR BANDUNG - Pakar kebijakan publik dari Universitas Pendidikan Indonesia (UPI) Prof Cecep ... https://t.co/yrLjfp05Yp @satgascovid19id #COVID19 #coronavirus #bandung #UPI","1325743314935582720","","","in","West Java, Indonesia","0","0","1","https://twitter.com/portaljabarnet/status/1325743314935582720","768080522618601472","portaljabarnet"
"1325607635052187654","Mon Nov 09 01:14:23 +0000 2020","2","Dalam buku politik kebijakan pengembangan kurikulum di Indonesia (2019) Landasan yuridis kurikulum 2013 merujuk pada : 1. RPJMM 2010-2014 sektor pendidikan tentang perubahan metodologi pembelajaran dan penataan kurikulum; (cont..) @AmrilmuhammadMp #AmrilMuhammad_UNJ","1325607635052187654","","","in","","1","1","10","https://twitter.com/afifahdmynt/status/1325607635052187654","1275945430967136256","afifahdmynt"
"1325603394162061312","Mon Nov 09 00:57:32 +0000 2020","0","Bantuan Kuota Pendidikan Terobosan Kebijakan Pemerintah Indonesia https://t.co/smNPQNZULz #timesindonesia #ketahananinformasi #beritabaik","1325603394162061312","","","in","Wisma Mas Isman Jakarta","0","0","0","https://twitter.com/timescoid/status/1325603394162061312","1052798082419580928","timescoid"
"1325097270426038272","Sat Nov 07 15:26:23 +0000 2020","17","Saya dukung kebijakan anda Pak Mentri. Kekerasan di dlm dunia pendidikan harus diakhiri. Pendidikan adalah proses memanusiakan manusia bukan malah menjadikan manusia sebagai predator.","1325097270426038272","","","in","Jakarta Capital Region","0","0","5","https://twitter.com/LuqmanBeeNKRI/status/1325097270426038272","1185472145800871936","LuqmanBeeNKRI"
"1324857855279730688","Fri Nov 06 23:35:02 +0000 2020","0","Kebijakan Pendidikan yang Hasilkan Warga Negara Produktif https://t.co/8WwXPmYlfO","1324857855279730688","","","in","Indonesia","0","1","2","https://twitter.com/kompasiana/status/1324857855279730688","23786106","kompasiana"
"1324645029059522561","Fri Nov 06 09:29:20 +0000 2020","16","Ayo ikuti webinar Voice of PPs UT Seri-12 Kuliah Umum Mata Kuliah Kebijakan dan Pengembangan Kurikulum Pendidikan Dasar (MPDR5105) Sabtu 7 Nov 2020 09.00 12.00 WIB. Pendaftaran https://t.co/AG8lSLK3lm Info selengkapnya hub CP pada poster. #UniversitasTerbuka #PPSUT #VOP12 https://t.co/BbKceEgIuI","1324645029059522561","https://pbs.twimg.com/media/EmIVmE8UYAAiN7Y.jpg","","in","Indonesia","0","2","1","https://twitter.com/UnivTerbuka/status/1324645029059522561","126557271","UnivTerbuka"
"1324625330955415554","Fri Nov 06 08:11:03 +0000 2020","2","Kepala Dinas Pendidikan (Kadisdik) Riau Zul Ikram belum berencana untuk mengeluarkan kebijakan sekolah tatap muka di SMA/SMK. Sumber: https://t.co/nzK0yp2O4s #infoPKU #Pekanbaru #sekolahtatapmuka https://t.co/PpxV5z4cLg","1324625330955415554","https://pbs.twimg.com/media/EmIDt3GVoAAC01o.jpg","","in","Pekanbaru","0","1","1","https://twitter.com/infoPKU/status/1324625330955415554","168590064","infoPKU"
"1324617971273101312","Fri Nov 06 07:41:49 +0000 2020","0","https://t.co/x2XGvSSQTC Kepala Dinas Pendidikan (Kadisdik) Riau Zul Ikram belum berencana untuk mengeluarkan kebijakan sekolah tatap muka di SMA/SMK.","1324617971273101312","","","in","Duri, Riau, Indonesia","0","0","0","https://twitter.com/info_DURI/status/1324617971273101312","324249599","info_DURI"
"1324267465489014784","Thu Nov 05 08:29:02 +0000 2020","0","Kemendikbud Akan Naikkan Dana BOS untuk Daerah 3T Pada 2021: Menurut Nadiem kebijakan itu sebagai upaya pemerintah menjangkau dan meningkatkan kualitas pendidikan di daerah 3T agar mampu bersaing dengan sekolah-sekolah di kawasan perkotaan. https://t.co/n1ngEb0uFP","1324267465489014784","","","in","Indonesia","0","0","1","https://twitter.com/merdekadotcom/status/1324267465489014784","456426648","merdekadotcom"
"1324208005647200257","Thu Nov 05 04:32:45 +0000 2020","0","Pemerintah mengeluarkan kebijakan Penghentian Pemberian Izin Baru (PPIB) hutan alam primer dan lahan gambut dengan Instruksi Presiden No 5 thn 2019. Yuk kita cintai alam Indonesia! IG: @lpdp_ri FB:@lpdpkementeriankeuanganri Tw: @LPDP_RI LI: @Lembaga Pengelola Dana Pendidikan https://t.co/UTewOpxTec","1324208005647200257","https://pbs.twimg.com/media/EmCIJzPVgAAlyXu.jpg","","in","medan, north sumatera","0","2","0","https://twitter.com/saya_kiruka/status/1324208005647200257","1097490582","saya_kiruka"
"1324207102391250944","Thu Nov 05 04:29:10 +0000 2020","0","Pemerintah mengeluarkan kebijakan Penghentian Pemberian Izin Baru (PPIB) hutan alam primer dan lahan gambut dengan Instruksi Presiden No 5 thn 2019.Yuk kita cintai alam Indonesia! IG: @lpdp_ri FB:@lpdpkementeriankeuanganri Twit: @LPDP_RI LI: @Lembaga Pengelola Dana Pendidikan","1324207102391250944","","","in","medan, north sumatera","0","0","0","https://twitter.com/saya_kiruka/status/1324207102391250944","1097490582","saya_kiruka"
"1324201061658238976","Thu Nov 05 04:05:10 +0000 2020","0","bapak presiden @jokowi dana asuransi pendidikan anak KAMI yg di salah gunakan oleh @AXA_Mandiri dan kami pun sekarg merugi mohon kebijakan bapak dalm hal ini. @ojkindonesia @JulienSteimer @HandojoKusuma @OmbudsmanRI137 @MataNajwa @nadiemmakarim @JulienSteimer","1324201061658238976","","","in","","0","0","0","https://twitter.com/IrawatiNora/status/1324201061658238976","1299237490344116229","IrawatiNora"
"1324166296825597952","Thu Nov 05 01:47:01 +0000 2020","3","Dalam buku politik kebijakan pengembangan kurikulum di Indonesia (2019) Kurikulum 2013 dikembangkan menggunakan filosofi sebagai berikut: 1. Pendidikan berakar pada budaya bangsa untuk membangun kehidupan bangsa masa kini dan masa mendatang. @AmrilmuhammadMp #AmrilMuhammad_UNJ","1324166296825597952","","","in","","1","1","13","https://twitter.com/afifahdmynt/status/1324166296825597952","1275945430967136256","afifahdmynt"
"1324139750496743424","Thu Nov 05 00:01:32 +0000 2020","0","Capaian dan Harapan Pendidikan di Tengah Pandemi Covid-19: Berbagai penyesuaian kebijakan pendidikan di masa pandemi Covid-19 menjadi pencapaian tersendiri bagi Kementerian Pendidikan dan Kebudayaan (Kemendikbud). Di antaranya adalah kebijakan tentang https://t.co/iIRL6dJv3d","1324139750496743424","","","in","Indonesia","0","0","0","https://twitter.com/merdekadotcom/status/1324139750496743424","456426648","merdekadotcom"
"1323974002964983808","Wed Nov 04 13:02:55 +0000 2020","0","[MAGANG ONLINE / WFH] Program Magang di Pusat Studi Pendidikan dan Kebijakan (PSPK) Siapkan CV (wajib) dan dokumen pendukung lainnya sesuai dengan posisi pilihan kamu. Lengkapi berkas pendaftaranmu pada link tertera max. 15 November 2020. Join Telegram: https://t.co/AYxiBc1ive https://t.co/qDXH9tGkRy","1323974002964983808","https://pbs.twimg.com/media/El-zLTPVMAEFCe1.jpg","","in","","0","0","0","https://twitter.com/edulantern/status/1323974002964983808","775925195282362368","edulantern"
"1323967994565832704","Wed Nov 04 12:39:02 +0000 2020","2","Bangkit Pulihkan Negeri untuk Indonesia Maju: Transformasi yang tanggap dan berkelanjutan di bidang pendidikan dan kebudayaan menjadi salah satu fokus pemerintah agar masyarakat maju bangkit dan pulih dari situasi pandemi Covid-19. Berbagai kebijakan https://t.co/rRiYsiGCrB","1323967994565832704","","","in","Indonesia","0","0","0","https://twitter.com/merdekadotcom/status/1323967994565832704","456426648","merdekadotcom"
"1323931083121946624","Wed Nov 04 10:12:22 +0000 2020","0","EVALUASI PENDIDIKAN: Pemahaman Dosen tentang isi kebijakan KKNI https://t.co/1K7WRMIEZo","1323931083121946624","","","in","Indonesia","0","0","0","https://twitter.com/gratias21/status/1323931083121946624","49918805","gratias21"
"1323930213814661120","Wed Nov 04 10:08:55 +0000 2020","0","EVALUASI PENDIDIKAN: Pedoman Wawancara Evaluasi Kebijakan Penerapan K... https://t.co/GybA7IGnHI","1323930213814661120","","","in","Indonesia","0","0","0","https://twitter.com/gratias21/status/1323930213814661120","49918805","gratias21"
"1323860023806746627","Wed Nov 04 05:30:00 +0000 2020","0","#InfoGenWaniPooll Kemendikbud luncurkan Merdeka Belajar Episode Keenam yaitu Transformasi Dana Pemerintah untuk Pendidikan Tinggi yang diresmikan Presiden Joko Widodo secara virtual kemarin. Kebijakan ini diluncurkan dalam mewujudkan SDM yang unggul.","1323860023806746627","","","in","ÜT: -7.31889,112.73386","0","0","0","https://twitter.com/gen1031fmsby/status/1323860023806746627","124402522","gen1031fmsby"
"1323630889067302912","Tue Nov 03 14:19:30 +0000 2020","11","Pakar kebijakan publik dari Universitas Pendidikan Indonesia (UPI) Cecep Darmawan menyorot salah ketik pada halaman 6 UU Cipta Kerja. https://t.co/lv2657tRAq","1323630889067302912","","","in","","1","3","3","https://twitter.com/detikcom/status/1323630889067302912","69183155","detikcom"
"1323554468357550081","Tue Nov 03 09:15:50 +0000 2020","0","Menteri Pendidikan dan Kebudayaan (Mendikbud) Nadiem Makarim kembali meluncurkan kebijakan merdeka belajar episode ke enam yakni tentang transformasi dana pemerintah untuk perguruan tinggi. https://t.co/CUpWvgKgFc lewat @MonitorCoID","1323554468357550081","","","in","Cipete, Jakarta Selatan","0","0","0","https://twitter.com/MonitorCOID/status/1323554468357550081","3029835496","MonitorCOID"
"1323463083109486592","Tue Nov 03 03:12:42 +0000 2020","0","Beberapa kebijakan telah Nadiem Makarim ciptakan selama menjabat sebagai Menteri Pendidikan dan Kebudayaan RI selama satu tahun ini. Selama satu tahun ini Nadiem juga dinilai dan telah menerima rapor atas kinerjanya sebagai Mendikbud RI. https://t.co/ly1IxvFauB","1323463083109486592","","","in","Jakarta","0","0","0","https://twitter.com/belajarapapun_/status/1323463083109486592","1298552130740002817","belajarapapun_"
"1323431446690758656","Tue Nov 03 01:06:59 +0000 2020","0","Apa yang dialami jika kebijakan pendidikan mengekang perfoma terbaik guru? Bagaimana dengan anak didik? Diskusi Daring bersama pegiat #pendidikan dan pak Tyas. bagi yang berminat ayo daftar! https://t.co/6fHE1jt1G8","1323431446690758656","https://pbs.twimg.com/media/El3F4YFVcAEhWL7.jpg","","in","West Java, Indonesia","0","0","0","https://twitter.com/Yemmi_Liu/status/1323431446690758656","712261573","Yemmi_Liu"
"1323382825148575744","Mon Nov 02 21:53:47 +0000 2020","0","Pusat Pengembangan Kebijakan Pembangunan (P2KP) Unhas bekerja sama dengan Pusat Pembinaan Pendidikan dan Pelatihan Perencana (Pusbindiklatren) Bappenas menyelenggarakan serangkaian pendidikan dan pelatihan perencana. #unhas #dursbel https://t.co/wO0gQSmItN","1323382825148575744","https://pbs.twimg.com/media/El2ZqMNVMAA8UjH.jpg","","in","Makassar, Indonesia","0","0","0","https://twitter.com/dursbel/status/1323382825148575744","1264605043476455435","dursbel"
"1323212078140715008","Mon Nov 02 10:35:18 +0000 2020","2","Dinas Pendidikan Hambat Penerapan Kebijakan PJJ https://t.co/eZ56EyT3i2","1323212078140715008","","","in","Jakarta","0","0","0","https://twitter.com/jawapos/status/1323212078140715008","2392460208","jawapos"
"1323141915248787456","Mon Nov 02 05:56:30 +0000 2020","0","bapak presiden @jokowi dana asuransi pendidikan anak KAMI yg di salah gunakan oleh @AXA_Mandiri dan kami pun sekarg merugi mohon kebijakan bapak dalm hal ini. @ojkindonesia @JulienSteimer @HandojoKusuma @OmbudsmanRI137 @MataNajwa @nadiemmakarim","1323141915248787456","","","in","","0","0","0","https://twitter.com/IrawatiNora/status/1323141915248787456","1299237490344116229","IrawatiNora"
"1323128171252707328","Mon Nov 02 05:01:53 +0000 2020","0","FSGI: Kebijakan PJJ Tidak Ditaati Dinas Pendidikan https://t.co/p6nSGkPxul","1323128171252707328","","","in","Jakarta Capital Region, Indone","0","0","0","https://twitter.com/medcom_id/status/1323128171252707328","902837643024539651","medcom_id"
"1322728252893356033","Sun Nov 01 02:32:45 +0000 2020","1","Gubernur Anies Baswedan meluncurkan Kartu Pekerja Jakarta. Program kebijakan ini dalam rangka peningkatan kesejahteraan pekerja dengan meringankan beban biaya transportasi pangan dan pendidikan. https://t.co/PxWmfQIj2y","1322728252893356033","","","in","","0","0","0","https://twitter.com/NKRIndonesia79/status/1322728252893356033","579089730","NKRIndonesia79"
"1322725525526245377","Sun Nov 01 02:21:54 +0000 2020","353","Gubernur Anies Baswedan meluncurkan Kartu Pekerja Jakarta. Program kebijakan ini dalam rangka peningkatan kesejahteraan pekerja dengan meringankan beban biaya transportasi pangan dan pendidikan. https://t.co/BUtUkQ0MgJ","1322725525526245377","","","in","あなたの心に","1","6","60","https://twitter.com/MCAOps/status/1322725525526245377","1476693997","MCAOps"
