"conversation_id_str","created_at","favorite_count","full_text","id_str","image_url","in_reply_to_screen_name","lang","location","quote_count","reply_count","retweet_count","tweet_url","user_id_str","username"
"1487697684047618048","Sun Jan 30 08:02:22 +0000 2022","62","Semua kebijakan yg dikeluarkan Menteri BUMN Erick Thohir utk kemajuan bangsa Indonesia Melalui program CSR BUMN pak @erickthohir menyemangati anak² agar tetap mendapatkan pendidikan dimasa pandemi. #CSRBUMNUntukIndonesia https://t.co/WCIAOAAsKs","1487697684047618048","https://pbs.twimg.com/ext_tw_video_thumb/1487697349153472513/pu/img/3HpjVeblvA9-L5d_.jpg","","in","","5","10","51","https://twitter.com/Nirfi_17/status/1487697684047618048","507286213","Nirfi_17"
"1487582021367267331","Sun Jan 30 00:22:46 +0000 2022","0","Yang punya surat keputusan bersama sehubungan kebijakan tidak wajib vaksin dari menteri pendidikan bagi anak2 minta di bagi dong...","1487582021367267331","","","in","@lMulk","1","0","0","https://twitter.com/peludedy/status/1487582021367267331","1002352002","peludedy"
"1487426505328103428","Sat Jan 29 14:04:48 +0000 2022","3","SKB 4 menteri: bahwa kesehatan dan keselamatan semua warga satuan pendidikan merupakan prioritas utama yang wajib dipertimbangkan dalam menetapkan kebijakan pembelajaran di masa pandemi COVID-19;","1487426505328103428","","","in","","0","1","5","https://twitter.com/dansatriana/status/1487426505328103428","701007367","dansatriana"
"1487393243637895168","Sat Jan 29 11:52:38 +0000 2022","1","Bidang Pembinaan SD bersama Bidang Pembinaan Ketenagaan Dinas Pendidikan dan Kebudayaan (Disdikbud) Kabupaten Jombang sedang meramu kebijakan merger bagi satuan pendidikan yang berpotensi di jenjang SD. https://t.co/99lvuaGkCE","1487393243637895168","https://pbs.twimg.com/media/FKRIPicaMAQYQ8v.jpg","","in","Kabupaten Jombang, Jawa Timur","0","0","0","https://twitter.com/spmedia_jbg/status/1487393243637895168","770727666","spmedia_jbg"
"1487069685476519936","Fri Jan 28 14:26:56 +0000 2022","16","Pemangku kebijakan membuat aturan dan kurikulum yg berubah2. Guru pendidik anak dan orang tua adalah KORBAN SEBENARNYA DALAM SEBUAH PROYEK DI DUNIA PENDIDIKAN Oknum guru di Buton hukum muridnya dengan memerintahkan untuk memakan sampah pelastik https://t.co/aeI37FsfFS","1487069685476519936","","","in","","0","1","10","https://twitter.com/Ndons_Back/status/1487069685476519936","1289954556411969537","Ndons_Back"
"1487039607728340992","Fri Jan 28 12:27:24 +0000 2022","1","Kukira konsep 'jawasentris' hanya ada pada posisi presiden kebijakan pemerintah pendidikan bermutu kebangkitan ekonomi. Ternyata dilingkungan kerja ada juga bukan maksud anti konsep etnisitas tp kesan yg terbangun ada 'gap' etnis. ajakki juga bahasa jawa kah atau ajarki","1487039607728340992","","","in","Indonesia","0","3","4","https://twitter.com/imranns_/status/1487039607728340992","605557164","imranns_"
"1486950599774007296","Fri Jan 28 06:33:43 +0000 2022","0","Ketua Persatuan Guru Republik Indonesia (PGRI) Lampung Ilyas Efendi menilai kebijakan penghapusan honorer akan merugikan nasib sarjana pendidikan. #penghapusanhonorer #sarjanapendidikan #lampostco https://t.co/uJEdrQqx0C","1486950599774007296","","","in","Lampung, Indonesia","0","0","0","https://twitter.com/lampungpost_/status/1486950599774007296","961851659692400640","lampungpost_"
"1486697034216140800","Thu Jan 27 13:46:09 +0000 2022","2"," Dapodik tidak hanya digunakan di satuan pendidikan melainkan digunakan sebagai dasar perencanaan program pendidikan di Indonesia termasuk mengintervensi program dan kebijakan pemerintah pusat hingga daerah sehingga data yang diinput dalam Dapodik harus benar tanpa manipulasi https://t.co/UIwdHSey3T","1486697034216140800","https://pbs.twimg.com/media/FKHPA8OVcAE2jXc.jpg","","in","Gorontalo, Indonesia","0","1","0","https://twitter.com/bpmp_gorontalo/status/1486697034216140800","1297917987521888256","bpmp_gorontalo"
"1486639279765819395","Thu Jan 27 09:56:39 +0000 2022","0","Para penentu kebijakan pendidikan pasti tau lah kebijakan anggaran pendidikan di negara-2 Skandinavia Jerman Inggris Australia dan Malaysia yg memastikan jaminan yg aman bagi warganya memperoleh pendidikan tanpa menyusahkan orang tuanya.","1486639279765819395","","","in","jakarta","0","0","0","https://twitter.com/adsudibyo/status/1486639279765819395","1050019147","adsudibyo"
"1486163300329013248","Wed Jan 26 02:25:17 +0000 2022","0","Yang kaya gini biasanya jarang diakui di internal kampus &amp; terpinggirkan dr diskusi2 kebijakan pendidikan. Akhirnya kurikulum &amp; proses pembelajaran semakin jauh dr realita.","1486163300329013248","","","in","Zihuatanejo ","0","0","0","https://twitter.com/thedufresne/status/1486163300329013248","70120802","thedufresne"
"1486128871007453184","Wed Jan 26 00:08:28 +0000 2022","2","Pendidikan setara Diploma 1 bidang penjaminan mutu industri pangan merupakan langkah awal yang sejalan dengan kebijakan pemerintah #BersatuDukungNKRIMaju https://t.co/ZSL1GSF66g","1486128871007453184","https://pbs.twimg.com/media/FJ_KUPnaAAA19P3.jpg","","in","","0","0","1","https://twitter.com/Poetri_srikandi/status/1486128871007453184","1380426911491313668","Poetri_srikandi"
"1486111644803645442","Tue Jan 25 23:00:01 +0000 2022","0","Pendidikan setara D1 bidang penjamjn mutu industri pangan merupakan langkah awal yg sejalan dengan kebijakan pembangunan vokasi industri #BersatuDukungNKRIMaju https://t.co/zQ9vpP97S4","1486111644803645442","https://pbs.twimg.com/media/FJ-35ataIAU2mci.jpg","","in","","0","0","0","https://twitter.com/pinkeukty/status/1486111644803645442","1224088812","pinkeukty"
"1486111641393528834","Tue Jan 25 23:00:00 +0000 2022","1","Pendidikan setara diploma 1(D1) Bidang penjaminan mutu industri pangan saat ini program tersebut juga merupakan langkah awal yang sejalan dengan kebijakan pembangunan vokasi industri bertaraf global menuju corporate university #BersatuDukungNKRIMaju https://t.co/IRvj3gUkaq","1486111641393528834","https://pbs.twimg.com/media/FJ-ssMUagAEgH7i.jpg","","in","","0","0","0","https://twitter.com/JannahHidayah1/status/1486111641393528834","1463155431296036865","JannahHidayah1"
"1485946013039083523","Tue Jan 25 12:01:51 +0000 2022","6","emang pada dasarnya di kecamatan konoha itu yang sistem pendidikan nya pinter makin pinter yang bodo di biarin. kebijakan anjing setiap ada acara pasti yang pinter dapet free village","1485946013039083523","","","in","Bandung, Jawa Barat","0","2","0","https://twitter.com/rbymthfkrfzn/status/1485946013039083523","1232479539957092352","rbymthfkrfzn"
"1485786693567401986","Tue Jan 25 01:28:46 +0000 2022","1","Kami berinvestasi dalam pendidikan karena akses yang setara terhadap pendidikan berkualitas mengarahkan Indonesia menuju kemandirian. Baca lebih lanjut di Kebijakan Pendidikan kami: https://t.co/PUnx7FISU8 #EducationDay https://t.co/QeDskfhD5r","1485786693567401986","https://pbs.twimg.com/media/FJ6TH-jXoAEdtJo.jpg","","in","Jakarta, Indonesia","0","0","0","https://twitter.com/usaidindonesia/status/1485786693567401986","198898768","usaidindonesia"
"1485662876606283778","Mon Jan 24 17:16:46 +0000 2022","0","Halo pak @nadiemmakarim bolehkah saya magang di kementrian pendidikan? Saya ingin membuat kebijakan kebijakan baru untuk mahasiswa yang plonga plongo seperti saya","1485662876606283778","","","in","minang","0","1","0","https://twitter.com/Txtdarizikra/status/1485662876606283778","1203210137831272448","Txtdarizikra"
"1485617190011346959","Mon Jan 24 14:15:14 +0000 2022","0","Akselerasi Digital Kebijakan Presiden Jokowi Bantu Pendidikan Masyarakat https://t.co/XKSGsr0MCx","1485617190011346959","","","in","Kepulauan Riau","0","0","0","https://twitter.com/Metrosidiknews/status/1485617190011346959","928483794289434625","Metrosidiknews"
"1485607371095539715","Mon Jan 24 13:36:13 +0000 2022","0","PP Muhammadiyah Minta Naskah Akademik Kebijakan Pendidikan Nasional https://t.co/wdTLLpdfj6","1485607371095539715","","","in","Semarang - Jawa Tengah","0","0","0","https://twitter.com/kuasakatacom/status/1485607371095539715","1234794521126473728","kuasakatacom"
"1485603862136631300","Mon Jan 24 13:22:16 +0000 2022","7","PP Muhammadiyah Minta Naskah Akademik Kebijakan Pendidikan Nasional https://t.co/8SFbA7OeeT https://t.co/qcmSrzGZlO","1485603862136631300","https://pbs.twimg.com/media/FJ3stq9aIAYZ0U2.jpg","","in","Kota Yogyakarta","0","1","1","https://twitter.com/bukupembaharu/status/1485603862136631300","1304372603595837440","bukupembaharu"
"1485567490918813696","Mon Jan 24 10:57:45 +0000 2022","0","#RECFONFRIENDS Sbg pusat kajian gizi &amp; pangan regional bermandat pendidikan pelatihan diseminasi &amp; peningkatan kapasitas SDM di bidang gizi sdh 11 tahun #SEAMEORECFON menjalankan kegiatan sesuai rencana strategis &amp; target sejalan dg kebijakan nasional melalui @Kemdikbud_RI","1485567490918813696","","","in","Utan Kayu 1A 1/8 Jakarta Timur","0","1","0","https://twitter.com/seameorecfon/status/1485567490918813696","2655659994","seameorecfon"
"1485546105048043520","Mon Jan 24 09:32:46 +0000 2022","0","Harapannya batal utk selamanya. Fokus aja dg kesejahteraan rakyat keadilan yg merata pendidikan terjangkau rakyat gak kehilangan hutan &amp; mata pencaharian. fokus aja udh sama kebijakan yg berpihak ke rakyat di bawah.","1485546105048043520","","","in","Earth","0","0","0","https://twitter.com/nurii_run/status/1485546105048043520","225622893","nurii_run"
"1485504132081676290","Mon Jan 24 06:45:59 +0000 2022","4","Sepertinya begitu. PTN punya relasi yg kuat dg pemerintah entah utk kepentingan riset program pendidikan atau pengambilan kebijakan. Makin gede suatu PTN makin banyak intervensi pemerintah. Sebaliknya makin kecil PTN makin independen. Apakah negara lain jg bgini?","1485504132081676290","","","in","Indonesia","0","0","1","https://twitter.com/ardeks/status/1485504132081676290","131079316","ardeks"
"1485476907026370562","Mon Jan 24 04:57:48 +0000 2022","3","Kerja sama ini bertujuan untuk mendukung transformasi program Merdeka Belajar Kampus Merdeka dan kebijakan strategis lain yang dikeluarkan Menteri Pendidikan Nadiem Makarim. #TempoBisnis https://t.co/mpKePILtJx","1485476907026370562","","","in","Indonesia","0","0","0","https://twitter.com/tempodotco/status/1485476907026370562","18129942","tempodotco"
"1485458308115091458","Mon Jan 24 03:43:53 +0000 2022","0","Kebijakan PTM yang dijalankan Pemerintah diharapkan mampu menekan ancaman learning loss terhadap para pelajar serta mengejar ketertinggalan kualitas pendidikan yang selama ini dilaksanakan secara online. https://t.co/grbqyVF6aH","1485458308115091458","https://pbs.twimg.com/media/FJ1obRcaUAUgjsU.jpg","","in","","0","0","0","https://twitter.com/PolitikLingkar/status/1485458308115091458","1069401364067868673","PolitikLingkar"
"1485400633259991041","Sun Jan 23 23:54:43 +0000 2022","0","Selalu ada 2 sisi dari setiap kebijakan. Pro dan kontra. Termasuk soal PTM ini. Ada dari sisi kesehatan sisi pendidikan atau sisi2 lainnya.","1485400633259991041","","","in","","0","0","0","https://twitter.com/anggitpang/status/1485400633259991041","1296229990124535809","anggitpang"
"1485195009142190082","Sun Jan 23 10:17:38 +0000 2022","2","Era Pak Harto keluarga Aparatur Negara diberi ruang untuk sekolah di sekolah negeri sampai sarjana. Sekolah negeri bayar tapi murah biaya operasional sekolah dapat ditanggung bea siswa oleh Negara. Layanan pendidikan dasar diberlakukan kebijakan afirmasi bagi keluarga aparat.","1485195009142190082","","","in","Jakarta Selatan, DKI Jakarta","0","0","1","https://twitter.com/iwanalidarmawan/status/1485195009142190082","229832704","iwanalidarmawan"
"1484881438399168512","Sat Jan 22 13:31:37 +0000 2022","0","Untuk memastikan seluruh informasi program maupun kebijakan di tingkat pusat dapat diterima dengan baik oleh penyelenggara pendidikan dan mendapatkan dukungan dari dinas pendidikan dan instansi terkait ditingkat daerah https://t.co/zqkkIVoA0K","1484881438399168512","https://pbs.twimg.com/media/FJtbwG2acAIHhkq.jpg","","in","Gorontalo, Indonesia","0","1","0","https://twitter.com/bpmp_gorontalo/status/1484881438399168512","1297917987521888256","bpmp_gorontalo"
"1484816559835348994","Sat Jan 22 09:13:49 +0000 2022","6","Gw mandor. Kalau ada kebijakan KemenPU-PR yang mengarahkan dan bahkan mewajibkan dengan ancaman ambil hak pendidikan agar anak kecil ikut kerja diproyek jelas gw bakal bersuara menentang. Saat ada beberapa yang mati ketiban balok masa bilang turut prihatin aja gw ga mau.","1484816559835348994","","","in","Indonesia","0","1","3","https://twitter.com/ruliemaulana/status/1484816559835348994","185320244","ruliemaulana"
"1484695471469834243","Sat Jan 22 01:12:39 +0000 2022","0","RT muhammadiyah Terkait kemungkinan kebijakan pembelajaran tatap muka (PTM) terbatas Sekretaris Dikdasmen PP Muhammadiyah Alpa Amirrachman menilai yang terpenting ialah keselamatan warga sekolah dan kualitas pendidikan. https://t.co/VTyurCvfD6 #PembelajaranTatapMuka #Muhamm ","1484695471469834243","","","in","","0","0","0","https://twitter.com/netizenmu/status/1484695471469834243","846924902019977216","netizenmu"
"1484684738648543234","Sat Jan 22 00:30:00 +0000 2022","30","Terkait kemungkinan kebijakan pembelajaran tatap muka (PTM) terbatas Sekretaris Dikdasmen PP Muhammadiyah Alpa Amirrachman menilai yang terpenting ialah keselamatan warga sekolah dan kualitas pendidikan. https://t.co/PKQaZrE7wV #PembelajaranTatapMuka #Muhammadiyah","1484684738648543234","","","in","Indonesia","0","0","3","https://twitter.com/muhammadiyah/status/1484684738648543234","73309923","muhammadiyah"
"1484668831431901186","Fri Jan 21 23:26:47 +0000 2022","0","Daerah dan Kebijakan Pendidikan di Halmahera Selatan https://t.co/RHEKN5n0Qc","1484668831431901186","","","in","Jakarta, Indonesia","0","0","0","https://twitter.com/MediaNasional1/status/1484668831431901186","927783842349383680","MediaNasional1"
"1484595843684777985","Fri Jan 21 18:36:46 +0000 2022","0","statistika penelitian analisis kebijakan pendidikan sejarah asia tenggara","1484595843684777985","","","in","kim jongdae, oh sehun, tiffany","0","0","0","https://twitter.com/Archiekin1/status/1484595843684777985","1369652863463395329","Archiekin1"
"1484595727620009985","Fri Jan 21 18:36:18 +0000 2022","0","Kebijakan Pemerintah dan Peningkatan Kualitas Pendidikan di Indonesia https://t.co/yRDymw2EwF via @KartiniTv","1484595727620009985","","","in","Rembang","0","0","0","https://twitter.com/KartiniTv/status/1484595727620009985","1350269296803368960","KartiniTv"
"1484503732432048133","Fri Jan 21 12:30:45 +0000 2022","0","Kebijakan 3 5 tahun tuh emang ngga cocok kalo dikasih pas ditengah tengah Pendidikan ","1484503732432048133","","","in","","0","0","0","https://twitter.com/kaixong/status/1484503732432048133","1389047181437378565","kaixong"
"1484408075381800963","Fri Jan 21 06:10:38 +0000 2022","3","Transformasi di bidang pendidikan terus digulirkan pemerintah guna menjawab dinamika zaman. Kebijakan terkini soal kurikulum paradigma baru atau yang lebih dikenal dengan istilah Kurikulum Prototipe mulai menarik perhatian publik. https://t.co/1VFbzhwrtd","1484408075381800963","https://pbs.twimg.com/media/FJmtRwXaAAQQPLF.jpg","","in","Jakarta Capital Region","0","1","0","https://twitter.com/Disdik_DKI/status/1484408075381800963","941916333301567488","Disdik_DKI"
"1484161312175230976","Thu Jan 20 13:50:05 +0000 2022","0","Muhammadiyah: Kebijakan PPPK Ancam Penyelenggara Pendidikan Swasta https://t.co/zIFwzoT9Mc","1484161312175230976","","","in","Solo, Central Java, Indonesia","0","0","0","https://twitter.com/soloposdotcom/status/1484161312175230976","155169715","soloposdotcom"
"1484033738778767369","Thu Jan 20 05:23:09 +0000 2022","0","Deklarasi Gab Sek Ramah Anak di Yay Badan Wakaf Ma'had Islam Kota Pekalongan bersama Bp Walikota Bunda Literasi DPRD Pekalongan BNN menunjukkan komitmen komunitas pendidikan yg mendukung Kebijakan Kota Pekalongan sbg Kota Ramah Anak (19/01/2022). @pdkjateng @ganjarpranowo https://t.co/SBvtwZ95FS","1484033738778767369","https://pbs.twimg.com/media/FJhYdjpaMAY6JGO.jpg","","in","Soekarno Hatta No. 96 Kendal","0","0","0","https://twitter.com/cabdin13/status/1484033738778767369","1293724092156088320","cabdin13"
"1484001032539672588","Thu Jan 20 03:13:12 +0000 2022","0","Musyawarah Guru Mata Pelajaran Ilmu Pengetahuan Sosial (MGMP IPS) SMP/Mts Wilayah 1 Sumedang KEBIJAKAN DINAS PENDIDIKAN DALAM RANGKA PENGEMBANGAN MUTU PENDIDIKAN @ SMPN 1 Tanjungsari https://t.co/0ykqpTyLf5","1484001032539672588","","","in","","0","0","0","https://twitter.com/SmpMitra/status/1484001032539672588","1179576768627273728","SmpMitra"
"1483787203662987265","Wed Jan 19 13:03:31 +0000 2022","4","Kabupaten Serdang Bedagai Sumatra Utara mulai menerapkan pembelajaran tatap muka (PTM) terbatas 100 persen. Kebijakan berlaku di jenjang pendidikan SD dan SMP. https://t.co/sBwgeijN7h","1483787203662987265","https://pbs.twimg.com/media/FJd4mARaQAUyBI7.jpg","","in","Indonesia","0","3","0","https://twitter.com/PDI_Perjuangan/status/1483787203662987265","153407983","PDI_Perjuangan"
"1483773558392504320","Wed Jan 19 12:09:18 +0000 2022","0","Kepala Badan Standar Kurikulum dan Asesmen Pendidikan Kemendikbudristek Anindito Aditomo mengatakan bahwa kebijakan kurikulum nasional akan dikaji ulang pada tahun 2024.","1483773558392504320","","","in","Jakarta Capital Region","0","0","0","https://twitter.com/T_IndonesiaPost/status/1483773558392504320","1352549823321264128","T_IndonesiaPost"
"1483772134342393858","Wed Jan 19 12:03:38 +0000 2022","0","Kepala Badan Standar Kurikulum dan Asesmen Pendidikan Kemendikbudristek Anindito Aditomo menjelaskan kebijakan kurikulum nasional akan dikaji ulang pada 2024. #Kemendikbudristek #Kurikulum https://t.co/kt3gZswiS4","1483772134342393858","","","in","Indonesia","0","0","0","https://twitter.com/chatnews_id/status/1483772134342393858","1430542109044477958","chatnews_id"
"1483723357900410882","Wed Jan 19 08:49:49 +0000 2022","0","#Kom10 Sekjen Kemendikbudristek: Kebijakan penataan organisasi Lembaga Layanan Pendidikan Tinggi (LLDIKTI) https://t.co/jHM1jGqcBy","1483723357900410882","https://pbs.twimg.com/media/FJc-hreaAAEByQq.jpg","","in","","0","0","0","https://twitter.com/WikiDPR3/status/1483723357900410882","3550855092","WikiDPR3"
"1483719975877898240","Wed Jan 19 08:36:23 +0000 2022","0","#Kom10 Sekjen Kemendikbudristek : Untuk Dikti meskipun nilai partisipasinya sebesar 31 19% namun dgn kebijakan yg sama2 kita gaungkan melalui KIP Kuliah dgn bantuan sosial yg sgt byk kesenjangan antar kelompok masyarakat utk mengakses pendidikan tinggi sgt berkurang.","1483719975877898240","","","in","","0","0","0","https://twitter.com/WikiDPR3/status/1483719975877898240","3550855092","WikiDPR3"
"1483669105173733376","Wed Jan 19 05:14:14 +0000 2022","0","Pengen banget ngobrol sama yang bikin kebijakan SNMPTN. atau seenggaknya pengen banget ngobrol sama orang yg bener-bener paham bahkan ahli di bidang penilaian dan kurikulum pendidikan. Mau tau perpeaktif yang bener dan aslinya tuh gimana sih ??!","1483669105173733376","","","in","","0","0","0","https://twitter.com/ridjac12/status/1483669105173733376","3244588458","ridjac12"
"1483666832284602369","Wed Jan 19 05:05:12 +0000 2022","0","Mendapat Sorotan Media Internasional Kebijakan Pemkot Kediri Perhatikan Pendidikan Anak Yatim Korban Covid-19 https://t.co/xuX2JQmHBy","1483666832284602369","","","in","Perum Citra Raya C2/18,Jombang","0","0","0","https://twitter.com/SinergiPapers/status/1483666832284602369","1446709896636887041","SinergiPapers"
"1483447239729381378","Tue Jan 18 14:32:37 +0000 2022","1","Hot Take: Selama ini desentraliasi informasi-pendidikan-akses di luar Jawa SANGAT JOMPLANG. Jawa itu makan energi byk tp tanah kalimantan isinya byar-pet mulu. Blm ngmg pendidikan. Klo semua pemangku kebijakan tinggal di senayan gmn mrk bisa empati? Gw vote Ibukota pindah","1483447239729381378","","","in","Norway","0","2","0","https://twitter.com/Adtarie/status/1483447239729381378","165640105","Adtarie"
"1483438349671333890","Tue Jan 18 13:57:18 +0000 2022","0","Dian Kristiandi: Pendidikan Jadi Prioritas Dalam Arah Kebijakan Pembangunan di Jepara https://t.co/rRAsziSvaO","1483438349671333890","","","in","Semarang - Jawa Tengah","0","0","0","https://twitter.com/kuasakatacom/status/1483438349671333890","1234794521126473728","kuasakatacom"
"1483419446173908992","Tue Jan 18 12:42:11 +0000 2022","0","Pendidikan Jadi Prioritas Dalam Arah Kebijakan Pembangunan di Jepara https://t.co/7wLlzoFgvn lewat @Wartapati","1483419446173908992","","","in","ex Karsidenan Pati","0","0","0","https://twitter.com/wartatimes/status/1483419446173908992","2477890021","wartatimes"
"1483382279250771976","Tue Jan 18 10:14:29 +0000 2022","0","Para avangers (pelajar) Yunani dalam memprotes kebijakan pendidikan di saat pandemi‼️ https://t.co/FvtkFHZXFG","1483382279250771976","https://pbs.twimg.com/ext_tw_video_thumb/1483382207825981442/pu/img/QifM9Ual2VGoQ5KZ.jpg","","in","","0","0","0","https://twitter.com/EsTeh__28/status/1483382279250771976","1483011583152640000","EsTeh__28"
"1483338405526511618","Tue Jan 18 07:20:09 +0000 2022","22","pendidikan menjadi prioritas dalam perkembangan di papua maupun papua barat banyak banget kebijakan pemerintah untuk memudahkan orang asli papua dalam menjalankan pendidikan di dalam negeri bahkan ke luar negeri https://t.co/vyouT6UKOp","1483338405526511618","","","in","","3","34","0","https://twitter.com/sundingjalila/status/1483338405526511618","1432297518","sundingjalila"
"1482974719930511360","Mon Jan 17 07:15:00 +0000 2022","1","Kepala Bidang Hubungan Masyarakat (Humas) Dinas Pendidikan DKI Jakarta Taga Radja menyatakan tidak ada perubahan kebijakan pelaksanaan pembelajaran tatap muka (PTM) 100 persen meski beberapa sekolah di Ibu Kota ditutup karena kasus Covid-19. #SmartNews @kompascom https://t.co/lyVOKI1rak","1482974719930511360","https://pbs.twimg.com/media/FJRh6p9aQAILsHt.jpg","","in","Jl. Kebahagiaan No.4-14Jakarta","0","0","0","https://twitter.com/RadioSmartFM/status/1482974719930511360","177084452","RadioSmartFM"
"1482969582805471237","Mon Jan 17 06:54:35 +0000 2022","0","Media Internasional Sorot Kebijakan Pemkot Kediri Soal Pendidikan Anak Yatim Korban Covid-19 https://t.co/OPqsjYASip","1482969582805471237","","","in","Indonesia","0","0","0","https://twitter.com/pikiran_rakyat/status/1482969582805471237","58880688","pikiran_rakyat"
"1482719773867839491","Sun Jan 16 14:21:56 +0000 2022","0","Kebijakan Wali Kota Kediri Abdullah Abu Bakar dalam penanganan Covid-19 mendapat sorotan dari jaringan TV internasional. Program Pemerintah Kota (Pemkot) untuk membiayai pendidikan dan kehidupan anak-anak yatim terdampak pandemi menjadi bagian dari dok https://t.co/DwKlwbbMYN","1482719773867839491","","","in","Jalan cipta menanggal 1 no 35 ","0","0","0","https://twitter.com/bangsaonline/status/1482719773867839491","2385543769","bangsaonline"
"1482501272314183681","Sat Jan 15 23:53:41 +0000 2022","1","Analogi bodoh guwe... Ada negara yang tidak butuh formalitas agama dan hanya mengandalkan pendidikan formal. Republik ini justru butuh keduanya lalu dgn mudah dibentur kan oleh sang Bohir... Namun para pemangku yg brkepentingn n pngambil kebijakan akhirnya mngandalkn pimpinan..","1482501272314183681","","","in","","0","0","1","https://twitter.com/caloproperty/status/1482501272314183681","3243020725","caloproperty"
"1482071293365452802","Fri Jan 14 19:25:06 +0000 2022","1","Sch! Guys menurut kalian Mending manaa ??? ini lebih gede peluang yg mana Yaa?? pil 1: unpad- ilmu administrasi bisnis pil 2: UNY kebijakan pendidikan","1482071293365452802","","","in","Paid Promote/ Partnership 👇🏻","0","0","0","https://twitter.com/schfess/status/1482071293365452802","1201673806156161025","schfess"
"1481743636782252038","Thu Jan 13 21:43:07 +0000 2022","0","Udah tau sejak dari awal yang salah kebijakan pemerintah mulai dari akses pendidikan kualifikasi penerimaan kerja termasuk skill digital yang dikemas dengan prakerja. Aneh aneh ajaa akun UU Cipta Kerja.","1481743636782252038","","","in","Sleman, Indonesia","0","0","0","https://twitter.com/819uta/status/1481743636782252038","262750853","819uta"
"1481603572098035712","Thu Jan 13 12:26:33 +0000 2022","1","Rektor UMJ: Hentikan Kebijakan Pendidikan yang Bias Negeri https://t.co/evygHBPBvP","1481603572098035712","","","in","Kota Medan, Sumatera Utara","0","0","0","https://twitter.com/tajdid_id/status/1481603572098035712","1152587089227026434","tajdid_id"
"1481566252682338304","Thu Jan 13 09:58:15 +0000 2022","2","RT majalahSM Peta pendidikan di Indonesia itu sulit diketahui dan ditelaah. Ketika ditanya secara ideologis maka akan sulit untuk digambarkan. Setiap kali berganti Menteri maka berganti pula kebijakan yang ada. https://t.co/SPJ00lKBut ","1481566252682338304","","","in","","0","0","0","https://twitter.com/netizenmu/status/1481566252682338304","846924902019977216","netizenmu"
"1481561744988581888","Thu Jan 13 09:40:20 +0000 2022","0","Bagaimana klo yg sudah ada ijazah lanjutan (S2) sblm jd cpns? Klau harus mengulang sekolah lg dg degree yg sama bukannya jd buang waktu pak? Tolong kalau bisa kembalikan kebijakan Suket Pendidikan utk regulasi PI @kempanrb","1481561744988581888","","","in","Seoul, South Korea","0","0","0","https://twitter.com/been_kyu/status/1481561744988581888","1292092284226244609","been_kyu"
"1481557100514152451","Thu Jan 13 09:21:53 +0000 2022","51","Peta pendidikan di Indonesia itu sulit diketahui dan ditelaah. Ketika ditanya secara ideologis maka akan sulit untuk digambarkan. Setiap kali berganti Menteri maka berganti pula kebijakan yang ada. https://t.co/0WWLXZBima","1481557100514152451","","","in","Yogyakarta","1","1","6","https://twitter.com/majalahSM/status/1481557100514152451","836611718","majalahSM"
"1481435896046321669","Thu Jan 13 01:20:16 +0000 2022","0","Intinya elu yaa cocoklogi aja sih. Emang apa bagusnya kebijakan pemerintah Indonesia terkait dunia pendidikan sih?","1481435896046321669","","","in","Magelang, Jawa Tengah","0","0","0","https://twitter.com/kopididid/status/1481435896046321669","1049711295799296001","kopididid"
"1481221579191500801","Wed Jan 12 11:08:38 +0000 2022","5","Dalam masa pandemi biaya pendidikan semakin tinggi. Hal tersebut diperparah dengan kebijakan semrawut dari rektorat!! #KALIJAGAMENGGUGAT #uangkuliahtinggi #uinjogja #uinsuka","1481221579191500801","","","in","","0","0","1","https://twitter.com/ayatfr2/status/1481221579191500801","1193550246749466625","ayatfr2"
"1481199756202455040","Wed Jan 12 09:41:55 +0000 2022","1","Jerman adl negara kapitalis namun bukan berarti negara kapitalis tidak bisa memiliki kebijakan sosialis spt pendidikan gratis. Kanselir yang saat ini menjabat memang dari partai Sosdem namun pemerintahannya sendiri tidak hanya Sosdem tapi juga dari FDP (kapitalis) dan Green.","1481199756202455040","","","in","","1","0","2","https://twitter.com/sekarayunita/status/1481199756202455040","1095888301712699393","sekarayunita"
"1481099738598768641","Wed Jan 12 03:04:29 +0000 2022","1","Bukik Setiawan Sebut Kebijakan Pendidikan Harus Berdasarkan Riset https://t.co/ktTecNsDzn via @Bestari","1481099738598768641","","","in","Surakarta, Jawa Tengah","0","0","1","https://twitter.com/bukik/status/1481099738598768641","16734434","bukik"
"1481056354320416768","Wed Jan 12 00:12:06 +0000 2022","0","Topik Diskusi Pagi ini: Bagaimana Menjaga Marwah Perguruan Tinggi?. Berikut pendapat Guru Besar Universitas Pendidikan Indonesia Bandung/pengamat kebijakan pendidikan Prof Cecep Darmawan #NOW #LIVE #TOPIK #marwah #perguruantinggi #gelarakademisi","1481056354320416768","","","in","Semarang, Jawa Tengah","0","0","0","https://twitter.com/RadioIdolaSMG/status/1481056354320416768","385894867","RadioIdolaSMG"
"1481029661832658948","Tue Jan 11 22:26:02 +0000 2022","27","Suatu hari di tahun 2010 Ibu Ani Yudhoyono menjelaskan kpd saya apa alasan seorang Perempuan untuk masuk politik agar bisa memperjuangkan kebijakan yg mampu melindungi kaum Perempuan seperti kesehatan pendidikan &amp; sektor ekonomi rumah tangga. Al Fatehah u Ibu Ani Ytc https://t.co/zpiUglMipB","1481029661832658948","https://pbs.twimg.com/media/FI2sn_MaAAQtEWB.jpg","","in","Indonesia","1","0","10","https://twitter.com/isari68/status/1481029661832658948","114401638","isari68"
"1480878290927689731","Tue Jan 11 12:24:32 +0000 2022","0","Hampir 2 tahun mengikuti perubahan kebijakan &amp; sistem pendidikan di Perguruan Tinggi Indonesia (ya karena ada tuntutan karir jg) kesimpulan sementara: Semakin lama Perguruan Tinggi gak ada bedanya dengan perusahan outsourcing karena sama-sama tujuannya menyediakan tenaga kerja.","1480878290927689731","","","in","ÜT: -7.967901,112.660737","0","1","0","https://twitter.com/Lian_NOUS/status/1480878290927689731","109200819","Lian_NOUS"
"1480869426937294854","Tue Jan 11 11:49:19 +0000 2022","0","Sistem pendidikan kedokteran ini kalo ga menyusahkan generasi baru apakah yg bikin kebijakan bakal epilepsi tipe grand mal? wkwkwk kalo bisa dipersulit kenapa harus dipermudah","1480869426937294854","","","in","","0","0","0","https://twitter.com/lucentbeam12/status/1480869426937294854","1169942824206229504","lucentbeam12"
"1480832288195690497","Tue Jan 11 09:21:44 +0000 2022","4","[ACTA DIURNA EDISI #1] Setiap kebijakan sangat berpengaruh dalam pengambilan setiap keputusan di tatanan kampus apalagi di lingkungan pendidikan. Acap kali terjadi permasalahan karena minimnya informasi dari pihak kampus ataupun fakultas yang dapat merugikan mahasiswa. https://t.co/z5Dde2Uvny","1480832288195690497","https://pbs.twimg.com/media/FIz5GpUVkAIvPAP.jpg","","in","Bandung, Jawa Barat, Indonesia","0","1","1","https://twitter.com/tweetKMJ/status/1480832288195690497","255132473","tweetKMJ"
"1480811476889731072","Tue Jan 11 07:59:02 +0000 2022","4","Rektor UMJ: Hentikan Kebijakan Pendidikan yang Bias Negeri https://t.co/zZClueavbM @mamunmurod_","1480811476889731072","","","in","","0","0","1","https://twitter.com/sihalohoisme/status/1480811476889731072","773193366","sihalohoisme"
"1480749428906491907","Tue Jan 11 03:52:29 +0000 2022","0","Kebijakan Kemendikbud Nadim Makarim untuk membuat kurikulum prototipe mendapat apresiasi dari pengamat pendidikan dan penulis Bukik Setiawan https://t.co/Wy7s2IqRRG","1480749428906491907","","","in","","0","0","0","https://twitter.com/jurnalismeinve1/status/1480749428906491907","1417699325400866819","jurnalismeinve1"
"1480713743906471938","Tue Jan 11 01:30:41 +0000 2022","4","Bukik Pengamat Pendidikan mengapresiasi kebijakan Mendikbudristek @nadiemmakarim atas terciptanya kurikulum prototipe. Langkah ini merupakan sebuah terobosan besar dalam dunia pendidikan Indonesia. @Kemdikbud_RI https://t.co/V5lUSM2ch9","1480713743906471938","https://pbs.twimg.com/media/FIyNSAuVUAArd-X.jpg","","in","Medan ","0","0","4","https://twitter.com/M3juahjuah/status/1480713743906471938","1070343155319369728","M3juahjuah"
"1480698742286139393","Tue Jan 11 00:31:04 +0000 2022","1","Rekomendasi kebijakan jangka menengah pandemi Covid-19 disusun untuk keluarga pendidikan tempat kerja dan masyarakat. https://t.co/Jt4ELubles","1480698742286139393","","","in","Jakarta","0","0","0","https://twitter.com/kompascom/status/1480698742286139393","23343960","kompascom"
"1480613650192683009","Mon Jan 10 18:52:57 +0000 2022","9","Dengan alasan atau tidak pembayaran Ukt 100% selama PTM tidak 100% maka jelas satu kebijakan itu sifatnya menindas Pertuanan di ranah pendidikan nih bos senggol dong #UINRMSMenggugat","1480613650192683009","","","in","","2","1","6","https://twitter.com/Msyafri__/status/1480613650192683009","1284840467834654721","Msyafri__"
"1480560552434757634","Mon Jan 10 15:21:57 +0000 2022","3","Menyikapi kebijakan kampus yang memberlakukan PTM 50% dengan tuntutan pembayaran UKT 100% tentu sangat merugikan dan menguntungkan bagi birokrasi di sisi lain tiap-tiap warga negara berhak atas hak mendapatkan pendidikan yang mewajibkan negara untuk membiayainya #UINRMSMenggugat","1480560552434757634","","","in","","0","2","1","https://twitter.com/Msyafri__/status/1480560552434757634","1284840467834654721","Msyafri__"
"1480529358292865025","Mon Jan 10 13:18:00 +0000 2022","0","Kebijakan ini menunjukan negara sebagai aktor aktif yang mensponsori kebijakan neoliberal. Omong kosong student debt/loan ditujukan membantu pendidikan pelajar karena yang terjadi sebenarnya adalah pengalihan hak pendidikan sebagai tanggungjawab negara ke skema finansialisasi.","1480529358292865025","","","in","","0","0","0","https://twitter.com/ahaveniceday_/status/1480529358292865025","1478658286509383681","ahaveniceday_"
"1480517379335483392","Mon Jan 10 12:30:24 +0000 2022","0","Kmren sempet bahas ini di kelas kebijakan pendidikan","1480517379335483392","","","in","","0","1","0","https://twitter.com/onhiraeth/status/1480517379335483392","1185195467144978432","onhiraeth"
"1480502981325844481","Mon Jan 10 11:33:11 +0000 2022","13","Langkah Nadiem Dinilai Terobosan Besar Atas Penerapan Kurikulum Prototipe Banyak kalangan yang mendukung kebijakan Nadiem Makarim terkait kurikulum prototipe guna memulihkan pendidikan Indonesia. Salah satu dukungan itu datang dari pengamat pendidikan @bukik keren bukan? https://t.co/L2o553b6cM","1480502981325844481","https://pbs.twimg.com/media/FIvNmGnVQAARr2A.jpg","","in","","0","1","4","https://twitter.com/MasMenteri/status/1480502981325844481","891564038781415424","MasMenteri"
"1480480743172149250","Mon Jan 10 10:04:49 +0000 2022","0","Gila yah. Banyak juga yang pro sama kebijakan student loan ini. Amanat UU warga negara berhak mendapatkan pendidikan bukan membeli pendidikan. Dan juga student loan itu jerat kemiskinan anak muda Amerika. Kok bisa bisanya dijadikan salah satu solusi mengatasi kemiskinan ","1480480743172149250","","","in","","0","0","0","https://twitter.com/moneylopers/status/1480480743172149250","1103631456637661184","moneylopers"
"1480412824681598978","Mon Jan 10 05:34:56 +0000 2022","65","Selain mendebat kebijakan 'student loan' yang menormalisasi utang penting untuk mendebat bagaimana institusi pendidikan dasar dan pendidikan tinggi ini turut mereproduksi hubungan sosial produksi kapitalisme. Akses terhadap pendidikan dan substansinya perlu dimajukan bersamaan.","1480412824681598978","","","in","Indonesia","0","1","19","https://twitter.com/Sutamiamin/status/1480412824681598978","1593499549","Sutamiamin"
"1480401354975707137","Mon Jan 10 04:49:22 +0000 2022","0","Hahaha Aduh ini uda daru dese season 1 di omongin in 2016 or 2015 kayaknya Waktu itu lagi aktif kuliah ya sebelum ppl Ya gimana ya kan emang kebijakan dia neobliberal Jekas bertentang dengan UUD Aku banyak tweets gini karena ngerasin sulitnya akses pendidikan kita Sekian","1480401354975707137","","","in","Closer","0","0","0","https://twitter.com/fallin_autum/status/1480401354975707137","1166982408425504768","fallin_autum"
"1480396012665511936","Mon Jan 10 04:28:08 +0000 2022","20"," Kita tidak boleh memberi ruang buat orang2 yang membuat rusuh... Bagaimana jika sebuah kebijakan peraturan telah membuat hidup kita rusuh dalam mencari nafkah berusaha mendapatkan pendidikan yg layak mendapatkan layanan kesehatan yg layak. Diskrimninasi administrasi? ","1480396012665511936","","","in","","0","0","4","https://twitter.com/Kapteng3/status/1480396012665511936","1338297374993567744","Kapteng3"
"1480364534002970624","Mon Jan 10 02:23:03 +0000 2022","0"," Nih gpp gw kasih pendidikan tp bayar ya. Gabisa bayar gapapa ntr2 aja lunasinnya pake loan aja YANG PENTING LU BAYAR. Jangan semuamua kebijakan negara lain plek ketiplek dianut di negara sendiri apa pak","1480364534002970624","","","in","","0","0","0","https://twitter.com/myaaaaamon/status/1480364534002970624","1405866744523026435","myaaaaamon"
"1480352352905302017","Mon Jan 10 01:34:39 +0000 2022","25","Ga terlalu familiar sama isu student loan dan gabisa nyimpulin pro atau kontra tapi ini kebijakan yang beresiko juga jangan sampai kaya di US sana. Dan ada alternatif skema pembiayaan pendidikan tinggi selain student loan juga di negara lain - it's not the only way.","1480352352905302017","","","in","New York, USA","0","1","4","https://twitter.com/fariss_rachman/status/1480352352905302017","517522934","fariss_rachman"
"1480330882317631489","Mon Jan 10 00:09:20 +0000 2022","0","Kayaknya harus nyiapin deposito khusus biaya pendidikan anak di masa depan apalagi ada rencana kebijakan student loan. Big nooo. My kids should far away from debt","1480330882317631489","","","in","Indonesia","0","0","0","https://twitter.com/ambubucin/status/1480330882317631489","222373381","ambubucin"
"1480317133418496000","Sun Jan 09 23:14:42 +0000 2022","1","Narasi kapan tahun udah ada kebijakan ini sampe ormawa rame-rame bikin kajian untuk menolak sistem ini. 1. Hutang tak lantas menyetarakan sistem pendidikan 2. Tanggungan untuk membayar bisa seberat KPR rumah bertahun2 3. Keterikatan kerja setelah lulus 4. BISNIS BIAR MAKIN CUAN","1480317133418496000","","","in","Semarang, Jawa Tengah","0","1","0","https://twitter.com/talkharisma/status/1480317133418496000","1141557705846353921","talkharisma"
"1480221972084580356","Sun Jan 09 16:56:33 +0000 2022","0","Aduh enggak deh student loan jangan kasian ini bukan solusi tpi sekedar kebijakan reaktif doang banyak ko inovasi rombak pendidikan klo mau daya saing naik dan tingkat pendidikan jd tinggi mah tpi bukan student loan","1480221972084580356","","","in","Indonesia","0","0","0","https://twitter.com/_cing/status/1480221972084580356","62513898","_cing"
"1480202994792558592","Sun Jan 09 15:41:09 +0000 2022","8","Duh kebijakan student loan ga bijak. Mungkin benar semua jadi bisa kuliah but no yang ada makin susah nanti pendidikan dikapitalisasi.","1480202994792558592","","","in","Jakarta Selatan, DKI Jakarta","0","1","0","https://twitter.com/suriamalia_/status/1480202994792558592","322546233","suriamalia_"
"1480163338646556674","Sun Jan 09 13:03:34 +0000 2022","3660","Kebijakan ini menunjukan negara sebagai aktor aktif yang mensponsori kebijakan neoliberal. Omong kosong student debt/loan ditujukan membantu pendidikan pelajar karena yang terjadi sebenarnya adalah pengalihan hak pendidikan sebagai tanggungjawab negara ke skema finansialisasi.","1480163338646556674","","","in","","69","39","1418","https://twitter.com/Mythicalforest/status/1480163338646556674","1206518264811020289","Mythicalforest"
"1480146040422494208","Sun Jan 09 11:54:50 +0000 2022","0","Sebagai mahasiswa FKIP gue mau tingkatin kualitas guru secara merata terlebih dulu. Ga lupa survei kondisi pendidikan di seluruh peloson negeri itu gimana sebelum rumusin kebijakan. Dan ga lupa buat naikin gaji guru ben cangkem wong sing ngomong dadi guru ra sepiro iso meneng","1480146040422494208","","","in","titik kelana monolog","0","1","0","https://twitter.com/wibupusing/status/1480146040422494208","1355005079632269313","wibupusing"
"1480119306948005888","Sun Jan 09 10:08:36 +0000 2022","3","Notes dari aku : 1. Strategi marketing politik begini harusnya diimbangi dengan kebijakan parpol untuk menaruh perempuan di nomor atas saat Pileg karena partisipasi perempuan juga ga sampe ambang batas yang ditetapkan. 2. Jogetan its okey tapi nilai dan pendidikan politiknya","1480119306948005888","","","in","Semarang, Jawa Tengah","0","1","3","https://twitter.com/talkharisma/status/1480119306948005888","1141557705846353921","talkharisma"
"1480067079625601024","Sun Jan 09 06:41:04 +0000 2022","1","Kebijakan pendidikan gratis Subsidi pendidikan agar murah Disuruh hutang Jokowi ancene mbuh sejak dalam pikiran.","1480067079625601024","","","in","","0","0","0","https://twitter.com/gnaynam/status/1480067079625601024","1305914328479010817","gnaynam"
"1480030125118746624","Sun Jan 09 04:14:14 +0000 2022","19","Bukan fafifuwasweswos. Sekarang semua kebijakan pendidikan berdasar riset. Dan yg ngomong memang ahli di bidangnyaaa Bismillah optimis untuk masa depan pendidikan Indonesia https://t.co/fSNKr8XBRg #kurikulumprototipe #merdekabelajar https://t.co/2cbm9dEWD8","1480030125118746624","https://pbs.twimg.com/media/FIofjfQVkAY8pyC.jpg","","in","Jakarta and Frankfurt","1","0","3","https://twitter.com/adekumala/status/1480030125118746624","30654287","adekumala"
"1479729697395146753","Sat Jan 08 08:20:26 +0000 2022","2","Kesimpulan : Dengan adanya KKN ini mahasiswa diharapkan dapat membantu terlaksananya kebijakan pendidikan karakter di Dusun nya. Adapun mahasiswa yang melakukan KKN juga harus memiliki akhlak dan akidah yang baik. Nama : Navy Setyawati Kel : KKN 164 #KKNUMY #UMYYOGYA @kknumy https://t.co/94EuSJTFgT","1479729697395146753","https://pbs.twimg.com/media/FIkOUHMVEAAIhUT.jpg","","in","","0","0","0","https://twitter.com/navysheen/status/1479729697395146753","1265907499179233281","navysheen"
"1479413019029344258","Fri Jan 07 11:22:04 +0000 2022","1","MENYIKAPI KEBIJAKAN PEMERINTAH BIDANG PENDIDIKAN!!... #JemberMUPodcast 51 https://t.co/ypRfRfl4eX https://t.co/fpjj7dECsu","1479413019029344258","https://pbs.twimg.com/media/FIfuTQiVgAEJRcu.jpg","","in","Jember, Jawa Timur","0","0","0","https://twitter.com/negeri_indah/status/1479413019029344258","725863416984793089","negeri_indah"
"1479083775208280065","Thu Jan 06 13:33:46 +0000 2022","1","Saya kok tidak paham dg kebijakan Mendikbud Ristek yg mengganti secara berjamaah kepala-kepala LLDikti. Selalu dan tak henti bikin gaduh dunia pendidikan kita. Berharap persoalan ini mendapat perhatian serius dari Presiden Jokowi. Penting agar Presiden segera ganti Nadim Makarim.","1479083775208280065","","","in","","0","0","2","https://twitter.com/mamunalbarbasy/status/1479083775208280065","2231022889","mamunalbarbasy"
"1479024555045752833","Thu Jan 06 09:38:27 +0000 2022","0","Dalam rangka memenuhi kebutuhan guru dan memperjuangkan hak para guru honorer melalui kebijakan rekrutmen guru PPPK tahun 2021 Kementerian Pendidikan Kebudayaan Riset dan Teknologi (Kemdikbudristek) bersama https://t.co/6TDHqqz94i","1479024555045752833","https://pbs.twimg.com/ext_tw_video_thumb/1479024348769910785/pu/img/kIkjM3psKitbJ1bm.jpg","","in","","0","0","1","https://twitter.com/updatecpns_com/status/1479024555045752833","1251162101508222977","updatecpns_com"
"1479018758815379456","Thu Jan 06 09:15:25 +0000 2022","0","Gw malah merasa pemerintah pinter2 euy itu yg sampai levelnya dirjen pasti minimal doktor lah pendidikan klo pun S2 juga S2nya macem2 cuman ya pas bikin kebijakan gak pakai hati aja sih pak mungkin pas rapat kbanyakan debat ego krn pinter2 ujung2nya outputnya malah ngasal we","1479018758815379456","","","in","ÜT: -7.769627,110.378316","0","0","0","https://twitter.com/aull_udell/status/1479018758815379456","60601072","aull_udell"
"1478916872913362946","Thu Jan 06 02:30:34 +0000 2022","2","Kebijakan pemerintah stop ekspor batubara bukan hanya demi kepentingan energi nasional saja..tapi juga selamatkan mobilitas pekerja kesehatan.. pendidikan dan ekonomi..🇮🇩🇮🇩 . . #NasionalismeEnergi Coal 4 Nation https://t.co/6g8iYtqUR4","1478916872913362946","https://pbs.twimg.com/media/FIYrDOLVUAAjUdu.jpg","","in","close to U","0","0","1","https://twitter.com/stisana_/status/1478916872913362946","2874941746","stisana_"
"1478882375647969281","Thu Jan 06 00:13:29 +0000 2022","0","Topik Diskusi Pagi ini: Outlook 2022. Learn Unlearn dan Relearn. Berikut pendapat Guru Besar Universitas Pendidikan Indonesia Bandung/pengamat kebijakan pendidikan Prof Cecep Darmawan #NOW #LIVE #TOPIK #learn #unlearn #relearn","1478882375647969281","","","in","Semarang, Jawa Tengah","0","0","0","https://twitter.com/RadioIdolaSMG/status/1478882375647969281","385894867","RadioIdolaSMG"
"1478718211860353025","Wed Jan 05 13:21:09 +0000 2022","5","FSGI menilai PTM masih riskan. Sejumlah kritik diutarakan untuk mengevaluasi kebijakan baru yang berdampak besar pada pendidikan ini. https://t.co/EtZyoEZoNf","1478718211860353025","","","in","","1","0","0","https://twitter.com/detikcom/status/1478718211860353025","69183155","detikcom"
"1478702127698436098","Wed Jan 05 12:17:14 +0000 2022","22","Sahabat Demokrat berikut 7 Kebijakan di Era Presiden Ke-6 Susilo Bambang Yudhoyono mengenai Guru &amp; Pendidikan!! Harapan Rakyat Perjuangan Demokrat #PDBersamaRakyat Demokrat bareng AHY https://t.co/lGJlsCT3SI","1478702127698436098","https://pbs.twimg.com/media/FIVnv11VUAEwb-G.jpg","","in","Lampung, Indonesia.","0","1","6","https://twitter.com/SayutiRaden2/status/1478702127698436098","1113738855625007104","SayutiRaden2"
"1478592537958883330","Wed Jan 05 05:01:46 +0000 2022","0","#BeritaSampit Gaji Tenaga Kontrak Pendidikan Sarjana Akan Berbeda Dari SMA https://t.co/32Ja10cO9A SAMPIT - Bupati Kotawaringin Timur Halikinnor mengeluarkan kebijakan terhadap Tenaga Kontrak (Tekon) ... https://t.co/v2DgpYjLWH","1478592537958883330","https://pbs.twimg.com/media/FIUEEzzVkAQDI-s.jpg","","in","Kalimantan Tengah, Indonesia","0","0","0","https://twitter.com/beritasampit_id/status/1478592537958883330","965831602403078145","beritasampit_id"
"1478409891211448320","Tue Jan 04 16:56:00 +0000 2022","0"," PTM masih berjalan sementara belum ada kebijakan untuk disetop kata Kasubag Humas Dinas Pendidikan DKI Jakarta Taga Radja Gah di Jakarta Sumber: https://t.co/eDPsXBUr0T","1478409891211448320","","","in","Jakarta - Indonesia","0","0","0","https://twitter.com/mediaindonesia/status/1478409891211448320","68930552","mediaindonesia"
"1478340120948649985","Tue Jan 04 12:18:45 +0000 2022","1"," PTM masih berjalan sementara belum ada kebijakan untuk disetop kata Kasubag Humas Dinas Pendidikan DKI Jakarta Taga Radja Gah di Jakarta Selasa (4/1). https://t.co/02XRsyvTIE","1478340120948649985","","","in","Jakarta - Indonesia","0","0","0","https://twitter.com/mediaindonesia/status/1478340120948649985","68930552","mediaindonesia"
"1478269114086936578","Tue Jan 04 07:36:36 +0000 2022","1"," (PTM masih) berjalan sementara belum ada kebijakan untuk distop kata Kasubag Humas Dinas Pendidikan DKI Jakarta. https://t.co/zuyabbCjWJ","1478269114086936578","","","in","Jakarta","0","1","0","https://twitter.com/kompascom/status/1478269114086936578","23343960","kompascom"
"1478240926434689026","Tue Jan 04 05:44:35 +0000 2022","0","Menurut Abetnego kebijakan pembelajaran tatap muka 100 persen perlu didukung. Sebab kondisi pendidikan tertinggal selama pandemi terjadi. https://t.co/ZtSvx1VWbH","1478240926434689026","","","in","Jakarta","0","1","0","https://twitter.com/kompascom/status/1478240926434689026","23343960","kompascom"
"1478213535532421121","Tue Jan 04 03:55:45 +0000 2022","0","Apresiasi Kebijakan Pemerintah Tentang Digitalisasi Pendidikan Ayo Perketat Prokes https://t.co/CuyHHUvtjU","1478213535532421121","https://pbs.twimg.com/media/FIOrX0VVgAE9mz2.jpg","","in","Cilegon, Banten","0","0","0","https://twitter.com/anggairama2/status/1478213535532421121","1356912884601638913","anggairama2"
"1478195507184820226","Tue Jan 04 02:44:07 +0000 2022","0","Apresiasi kebijakan pemerintah Presiden Jokowi tentang digitalisasi pendidikan. Ayo Perketat Prokes https://t.co/6Upk8SbzlV","1478195507184820226","https://pbs.twimg.com/media/FIOa-trVEAg-kdQ.jpg","","in","Nangro Aceh Darussalam, Indone","0","0","0","https://twitter.com/ShareInfoSaja/status/1478195507184820226","1356610985591595010","ShareInfoSaja"
"1478185966133071877","Tue Jan 04 02:06:12 +0000 2022","1","Apresiasi kebijakan pemerintah tentang digitalisasi pendidikan. Ayo Perketat Prokes https://t.co/csw1XyGagd","1478185966133071877","https://pbs.twimg.com/media/FIOSTBxVcAAW9oE.jpg","","in","","0","0","0","https://twitter.com/bhineka_indo/status/1478185966133071877","1451151443629539331","bhineka_indo"
"1478183584401821696","Tue Jan 04 01:56:44 +0000 2022","4","Pembelajaran Tatap Muka Terbatas kembali digelar mulai besok. Hal ini berdasarkan kalender pendidikan bahwa tanggal 3 Januari 2022 merupakan hari pertama Semester Genap TA 2021/2022 sesuai dengan kebijakan Pemerintah Pusat serta melihat kondisi pandemi Jakarta yang terkendali. https://t.co/hTI7Vyex7V","1478183584401821696","https://pbs.twimg.com/media/FIOQDGgVcAA6CS3.jpg","","in","Jakarta, Indonesia","0","1","1","https://twitter.com/BinaMargaDKI/status/1478183584401821696","459754101","BinaMargaDKI"
"1478041262498320388","Mon Jan 03 16:31:12 +0000 2022","0","Analis Kebijakan Madya Bidang Penerangan Masyarakat Divisi Humas Polri Kombes Trunoyudo W Andiko mengatakan bahwa mantan pegawai KPK yang menjadi ASN Polri telah mengikuti pendidikan di Pusat Pendidikan Administrasi (Pusdikmin) Polri Bandung. https://t.co/VSttxOtxVF","1478041262498320388","","","in","DKI Jakarta, Indonesia","0","0","0","https://twitter.com/voidotid/status/1478041262498320388","1186946650595418116","voidotid"
"1477928086368780294","Mon Jan 03 09:01:29 +0000 2022","5","Hari Ini Aliansi Masyarakat Peduli Pendidikan (AMPP) Pekanbaru Mengadakan Aksi Penolakan di Halaman Gedung DPRD Pekanbaru Terkait Dengan Kebijakan Dinas Pendidikan Kota Pekanbaru Yang Akan Mengalih Fungsikan SDN 01 di Jln. A Yani Pekanbaru menjadi Pusat Berbelanjaan. #SaveSDN01 https://t.co/8eyIUUbUcK","1477928086368780294","https://pbs.twimg.com/media/FIKnu4oVEAIEyFl.jpg","","in","pekanbaru","0","1","3","https://twitter.com/ardiriau1/status/1477928086368780294","1441300011225026564","ardiriau1"
"1477917464713478150","Mon Jan 03 08:19:16 +0000 2022","0","Pembelajaran Tatap Muka (PTM) Terbatas kembali digelar mulai besok. Hal ini berdasarkan kalender pendidikan bahwa tanggal 3 Januari 2022 merupakan hari pertama Semester Genap Tahun Ajaran 2021/2022 sesuai dengan kebijakan Pemerintah Pusat serta meliha https://t.co/b1b7cJX9Ba https://t.co/vKa0bzMbbU","1477917464713478150","https://pbs.twimg.com/media/FIKeGhFWYAIPXsY.jpg","","in","DKI Jakarta, Indonesia","0","0","0","https://twitter.com/dinkesJKT/status/1477917464713478150","942558493604638720","dinkesJKT"
"1477845066190233606","Mon Jan 03 03:31:35 +0000 2022","0","Pemerintah Provinsi DKI Jakarta mulai kembali menerapkan pembelajaran tatap muka (PTM) terbatas pada hari ini Senin (3/1/2022). Penerapan PTM dilakukan setelah menyesuaikan kebijakan pemerintah pusat di saat masa pandemi Covid-19. Kepala Dinas Pendidikan Provinsi DKI Jakarta https://t.co/lFsUUJBZOI","1477845066190233606","https://pbs.twimg.com/media/FIJcP8TVQAg_WQR.jpg","","in","Jakarta, Indonesia","0","1","0","https://twitter.com/884OkezoneRadio/status/1477845066190233606","44571893","884OkezoneRadio"
"1477218044866797569","Sat Jan 01 10:00:01 +0000 2022","0",":(( kebijakan nya mirip2 sama prtrn di kntr w jir... apaka kebijakan ini emng impact ke dunia pendidikan tinggi jg yah?","1477218044866797569","","","in","Bandung","0","0","0","https://twitter.com/minulinal/status/1477218044866797569","1323969079","minulinal"
"1477149187582181376","Sat Jan 01 05:26:25 +0000 2022","0","MDMC Pamekasan Gelar Lokakarya Risiko dan Kebijakan Penanganan Covid-19 Pada Sector Pendidikan https://t.co/hfDhLJkS2e","1477149187582181376","","","in","Kota Surabaya, Jawa Timur","0","0","0","https://twitter.com/Red_GlobalNews/status/1477149187582181376","3322138490","Red_GlobalNews"
"1477132642952826888","Sat Jan 01 04:20:40 +0000 2022","0","MDMC Pamekasan Gelar Lokakarya Risiko dan Kebijakan Penanganan Covid-19 Pada Sector Pendidikan https://t.co/7rWViBYAy8","1477132642952826888","","","in","","0","0","0","https://twitter.com/DutaJatim/status/1477132642952826888","1266251843954343937","DutaJatim"
