"conversation_id_str","created_at","favorite_count","full_text","id_str","image_url","in_reply_to_screen_name","lang","location","quote_count","reply_count","retweet_count","tweet_url","user_id_str","username"
"1641444060836802568","Thu Mar 30 14:15:35 +0000 2023","2","Kepala Kantor Bahasa Provinsi NTB memenuhi undangan Balai Penjamin Mutu Pendidikan Provinsi NTB untuk menghadiri Internalisasi Penguatan Pemahaman Kebijakan Merdeka Belajar Bagi Pegawai BPMP Provinsi NTB Kamis (30/3). https://t.co/UqOM60IS98. https://t.co/df3KCAZZmr","1641444060836802568","https://pbs.twimg.com/media/FseUqaNaYAEB5J9.jpg","","in","Kota Mataram, NTB","0","0","0","https://twitter.com/kb_ntb/status/1641444060836802568","1022005239287885825","kb_ntb"
"1641436657193984002","Thu Mar 30 13:46:10 +0000 2023","16","Setelah campak terus polio Di beberapa negara anak baru boleh akses pendidikan di sekolah negeri kalo udah divaksinasi lengkap. Di Indonesia apa bisa dibuat kebijakan serupa ya? Tentunya juga berkonsultasi dengan organisasi keagamaan terutama MUI soal status halal.","1641436657193984002","","","in","🇮🇩🇦🇺","0","2","5","https://twitter.com/alandakariza/status/1641436657193984002","12450932","alandakariza"
"1641326822221828097","Thu Mar 30 06:29:43 +0000 2023","2","need joki wawasan pendidikan Mengapa kebijakan pendidikan di Indonesia sering berganti? pendapat max 3 halaman dl jam 4 hari ini drop harga yaa #joki #jokitugaskuliah #jokitugas","1641326822221828097","","","in","","0","24","0","https://twitter.com/heytothehey/status/1641326822221828097","1559862539994877953","heytothehey"
"1641311652032450560","Thu Mar 30 05:29:26 +0000 2023","0","Yup. Kebijakan bagus. Karena kebijakan anak SD harus sudah bisa apalagi diseleksi itu kek gw mikirnya apa artinya pendidikan? Kritik dari ortu gw dimana 2 adek gw dulu dari TK atau PAUD yang seharusnya bermain sambil belajar ternyata fokus agar anak bisa calistung.","1641311652032450560","","","in","Sukoharjo","0","0","0","https://twitter.com/diptawea/status/1641311652032450560","139976869","diptawea"
"1641309027857575937","Thu Mar 30 05:19:00 +0000 2023","0","Ngerasa banget yg namanya insecure sekarang. Diujung Pendidikan yg gak tau apa ujungnya ini kebijakan banyak berubah ditengah jalan. Gw harus ngeliat orang² disekeliling/seumuran gw udh punya income sendiri. Beban banget pas pulang kerumah liat ortu udah pada menua ","1641309027857575937","","","in","","0","1","0","https://twitter.com/yahsambat/status/1641309027857575937","1103156302446878721","yahsambat"
"1641158458820141057","Wed Mar 29 19:20:42 +0000 2023","1","ya Tuhan cape banget ama kebijakan mendadak dari mentri pendidikan untuk akt23","1641158458820141057","","","in","","0","0","0","https://twitter.com/chocopallate/status/1641158458820141057","1325000065962840064","chocopallate"
"1641088882279350277","Wed Mar 29 14:44:14 +0000 2023","0","Kalo ngomongin pendidikan di Indonesia tu menurut gue gak bisa disamaratakan. Kalo di daerah yg terpencil ya harusnya ada kebijakan beda dari pada di kota. Kalo ngikut yg di kota udah tertinggal jadi makin tertinggal karna fasilitas aja gak ada.","1641088882279350277","","","in","","0","1","0","https://twitter.com/Horangiehae/status/1641088882279350277","1436871103427743744","Horangiehae"
"1641036073345114115","Wed Mar 29 11:14:23 +0000 2023","0","Gue tau niat reformasi kurikulum/kebijakan pendidikan itu bagus tp pada akhirnya semua dibebankan ke guru tanpa support system yg jelas. Kualitas pendidikan jg bergantung sama tenaga pendidik well-being dari segi finansial sama job satisfaction.","1641036073345114115","","","in","","0","1","0","https://twitter.com/Tinax____/status/1641036073345114115","970978190","Tinax____"
"1640947915316408321","Wed Mar 29 05:24:05 +0000 2023","27","#SahabatDikbud #MerdekaBelajar Episode ke-24 merupakan kebijakan yang mendasari transisi PAUD ke SD/ MI/ sederajat yang menyenangkan dimulai sejak tahun ajaran baru. Oleh karena itu ada tiga target capaian yang harus dilakukan satuan pendidikan. #MB24 #TransisiPAUDSD https://t.co/kxeXx4A6d9","1640947915316408321","https://pbs.twimg.com/media/FsXRbqbXsAAABb_.jpg","","in","Jakarta","1","1","13","https://twitter.com/Kemdikbud_RI/status/1640947915316408321","631701837","Kemdikbud_RI"
"1640785301550546945","Tue Mar 28 18:37:54 +0000 2023","0","Selamat jam sekarang #SahabatBPMP! Dalam rangka mendukung implementasi Kurikulum Merdeka sebagai Kebijakan Merdeka Belajar Episode ke-15 Kemendikbudristek mempersembahkan seri webinar untuk semua stakeholder pendidikan. https://t.co/2T6IlI87HW","1640785301550546945","https://pbs.twimg.com/media/FsU9C8OaAAAk2EQ.jpg","","in","Pangkalpinang","0","1","0","https://twitter.com/BPMP_Babel/status/1640785301550546945","1117789620568150016","BPMP_Babel"
"1640607894407368705","Tue Mar 28 06:52:57 +0000 2023","9","Kementerian Pendidikan Kebudayaan Riset dan Teknologi (Kemendikbudristek) terus berinovasi dengan menghadirkan berbagai terobosan kebijakan Merdeka Belajar. Episode Merdeka Belajar ke 15 yang telah diluncurkan yaitu Kurikulum Merdeka dan Platform Merdeka Mengajar. https://t.co/FOtNCA0EWc","1640607894407368705","https://pbs.twimg.com/media/FsScLBFaEAE7Vw9.jpg","","in","Padang Utara, Indonesia","0","0","0","https://twitter.com/lpmp_sumbar/status/1640607894407368705","1085712552095494146","lpmp_sumbar"
"1640596404761677824","Tue Mar 28 06:07:18 +0000 2023","0","Aplikasi Penelitian Evaluasi Implementasi Kebijakan Mutu Pendidikan. Oleh; Donna M. Sampaleng M. Th. M. Pd. K Tahun 2016 191 Halaman Harga 25.000 Minat? Order: DM or Klik link WA https://t.co/KHH9496apg https://t.co/qKAG6q6vLj","1640596404761677824","https://pbs.twimg.com/media/FsSRtv6aEAAxSPz.jpg","","in","Jagakarsa, Indonesia","0","0","0","https://twitter.com/WarungSejarahRI/status/1640596404761677824","2362274258","WarungSejarahRI"
"1640523459909545985","Tue Mar 28 01:17:26 +0000 2023","17","Kitorang Warga Papua Dukung Kebijakan Otsus Papua Adanya dana Otsus di Provinsi Papua dimaksudkan untuk mengejar ketertinggalan daerah tersebut terutama dalam pembangunan bidang pendidikan kesehatan dan percepatan pengembangan infrastruktur daerah. #KKBTerorisWajibDiberantas https://t.co/cWeVVr4mJz","1640523459909545985","https://pbs.twimg.com/media/FsRPZDRaIAIvwyU.jpg","","in","Indonesian","2","8","15","https://twitter.com/Clara_Shinta99/status/1640523459909545985","322559270","Clara_Shinta99"
"1640519368823173123","Tue Mar 28 01:01:11 +0000 2023","0","Dewan Pengawas Pendidikan Gunungkidul 2022-2027 diharapkan mampu melaksakan tugas dan fungsinya dengan baik mewadahi dan menyalurkan aspirasi dan prakarsa masyarakat dalam melahirkan kebijakan program pendidikan dan pelayanan pendidikan yang bermutu. https://t.co/dlF1hmsdwB https://t.co/jVKXEHNBK6","1640519368823173123","https://pbs.twimg.com/media/FsRLp48aIAASnr8.jpg","","in","Wonosari Gunungkidul","0","0","0","https://twitter.com/Dhaksinarga89FM/status/1640519368823173123","1618439876659277824","Dhaksinarga89FM"
"1640200880678133761","Mon Mar 27 03:55:38 +0000 2023","0","ini juga berlaku di bidang pendidikan maaf banget beberapa kebijakan tidak/belum cocok penerapannya utk beberapa daerah","1640200880678133761","","","in","","0","0","0","https://twitter.com/oobymraed/status/1640200880678133761","1289509730931470336","oobymraed"
"1639643903266787329","Sat Mar 25 15:02:24 +0000 2023","0","Kalau kita berhasil mendapat kebijakan dr perusahaan- benefit tambahan baik pendidikan maupun Pendapatan jangan sia-siakan dan jangan turunkan performa kerja. Itu bisa jadi batu sandungan shg teman2 lain bisa gak dpt kebijakan tersebut.","1639643903266787329","","","in","Kota Jambi, Jambi","0","0","0","https://twitter.com/liusciputera/status/1639643903266787329","1638231671001731072","liusciputera"
"1639573895060811776","Sat Mar 25 10:24:13 +0000 2023","12","Amanah baru sebagai anggota Dewan Pertimbangan Komite Mts 31 Jakarta. | Mengawal segala kebijakan dan pelaksanaannya untuk peningkatan mutu pendidikan dan karakter siswa/i. Bismillah.. https://t.co/f17MDczhz3","1639573895060811776","https://pbs.twimg.com/media/FsDvwgJakAUPD-S.jpg","","in","","0","0","0","https://twitter.com/amin_agustin/status/1639573895060811776","1168417286","amin_agustin"
"1639483726051831808","Sat Mar 25 04:25:55 +0000 2023","1","Kebijakan terkait kualitas pendidikan hendaknya menyasar pada sejauh mana para guru mengoptimalkan perannya sebagai teman seperjalanan bagi para muridnya dalam rangka menumbuhkembangkan potensi bakat dan minat murid. https://t.co/cLFr99MZcA #Opini #AdadiKompas","1639483726051831808","","","in","Palmerah, Jakarta","0","0","1","https://twitter.com/KompasData/status/1639483726051831808","771030588","KompasData"
"1639478560418312198","Sat Mar 25 04:05:23 +0000 2023","2","Kebijakan terkait kualitas pendidikan hendaknya menyasar pada sejauh mana para guru mengoptimalkan perannya sebagai teman seperjalanan bagi para muridnya dalam rangka menumbuhkembangkan potensi bakat dan minat murid. https://t.co/eI3qPFxrO0 #Opini #AdadiKompas","1639478560418312198","","","in","Palmerah, Jakarta","0","0","2","https://twitter.com/hariankompas/status/1639478560418312198","255866913","hariankompas"
"1639293579968540674","Fri Mar 24 15:50:20 +0000 2023","1","kebijakan butuh riset butuh kajian yang mendalam butuh banyak variabel untuk menjawab masalah Pendidikan kita seperti nyuruh anak bebek berenang di lautan bebas. Esensinya apa?","1639293579968540674","","","in","Ternate","0","0","0","https://twitter.com/irawan_abae/status/1639293579968540674","1379322471703191553","irawan_abae"
"1639277429226106885","Fri Mar 24 14:46:10 +0000 2023","0","Tuntut Libatkan Anak Muda dalam Pengambilan Kebijakan Garda Institute Lakukan Audiensi ke DPRD DIY https://t.co/Tv9A1JTZf2 #DAERAH #KotaYogyakarta #PENDIDIKAN #DIY #GardaInstitute https://t.co/6WrSlNUS3t","1639277429226106885","https://pbs.twimg.com/media/Fr_iIlYWAAI93YR.jpg","","in","Jakarta Pusat, DKI Jakarta","0","0","0","https://twitter.com/Beritabaruco/status/1639277429226106885","1139396104347250688","Beritabaruco"
"1639263830789292039","Fri Mar 24 13:52:07 +0000 2023","16","Kegagalan untuk Viral dari jalur prestasi mengambil jalan Viral dari jalur kebodohan. Kenapa pendidikan itu penting nak? Agar kamu bisa memiliki kebijakan toleransi berpikir panjang sebelum bertindak bukan pamer nyali tanpa nalar tapi ujungnya maaf maaf bombay .","1639263830789292039","","","in","","0","1","4","https://twitter.com/tjapoenglaut/status/1639263830789292039","1232172352806379520","tjapoenglaut"
"1639169004605702146","Fri Mar 24 07:35:19 +0000 2023","0","Ga semua orang jagoan. Ga semua orang siap. Ga semua orang bisa jawab. Ga semua dapat pendidikan khusus. Variabel ini harus ada di kebijakan yang bersifat umum. Kalo tidak akan kerepotan dalam adaptasi dan mahal. Niat menghemat malah keluar dana taktis yang ga bisa dikontrol.","1639169004605702146","","","in","jakarta","0","0","0","https://twitter.com/zonderzulu/status/1639169004605702146","53044347","zonderzulu"
"1638876505827872768","Thu Mar 23 12:13:02 +0000 2023","28","Kenapa pendidikan itu penting nak? Agar kamu bisa memiliki kebijakan toleransi berpikir panjang sebelum bertindak bukan pamer nyali tanpa nalar tapi ujungnya maaf maaf bombay . Sekolah nak jadilah pribadi yang baik.","1638876505827872768","","","in","","0","2","7","https://twitter.com/tjapoenglaut/status/1638876505827872768","1232172352806379520","tjapoenglaut"
"1638848194254880770","Thu Mar 23 10:20:32 +0000 2023","0","Saya sudah ketawa dari kebijakan itu molai di terapkan karena tidak ada korelasinya sekolah lebih pagi dan kualitas pendidikan https://t.co/Tum1VNu54J","1638848194254880770","","","in","","0","0","0","https://twitter.com/AzzaamIII/status/1638848194254880770","1489875744016965632","AzzaamIII"
"1638798752684318723","Thu Mar 23 07:04:04 +0000 2023","2","Buku ini wajib dibaca pelajar SMA mahasiswa para orangtua para pengambil kebijakan di institusi pendidikan anak start-up anak muda berkarya pengemudi ojek online agar kita dapat memutuskan seberapa penting sebenarnya nilai sebuah ijazah. Foto kiriman pembaca: @fthlhdyh_ https://t.co/4dmfIuOpKM","1638798752684318723","https://pbs.twimg.com/media/Fr4uXB3agAMpu7Q.jpg","","in","Indonesia","0","0","2","https://twitter.com/JS_Khairen/status/1638798752684318723","74468796","JS_Khairen"
"1638509697010630656","Wed Mar 22 11:55:28 +0000 2023","23","Mana paham admin @beacukaiRI kenapa ada kebijakan begitu. Mereka ni cuma pelaksana pendidikan jg D1 aja. Ya kalo yang bikin kebijakan kan menterinya ga sih @KemenkeuRI","1638509697010630656","","","in","Seoul, Republic of Korea","1","0","11","https://twitter.com/truzlover/status/1638509697010630656","78052012","truzlover"
"1638435730153250817","Wed Mar 22 07:01:33 +0000 2023","49","Pendidikan tinggi abad 21 sudah seharusnya tidak dikurung dalam disiplin ilmu yang kaku seperti ini. Semakin banyak kajian yg multidisipliner dan interdisipliner. Kalau tdk diakomodasi jangan harap bisa maju. Semoga menteri pendidikan 2024 mengubah kebijakan ini. Amiin....","1638435730153250817","","","in","Firenze, Toscana","1","4","19","https://twitter.com/famajiid/status/1638435730153250817","579954781","famajiid"
"1638416207387975680","Wed Mar 22 05:43:58 +0000 2023","335","Selain kebijakan mengenai biaya SNBT ada kebijakan baru mengenai skema penerima Kipk. Jdi saat dinyatakan menjadi penerima Kipk nnti akan ada: 1. Penerima Kipk yang menerima biaya pendidikan &amp; biaya hidup. 2. Penerima Kipk yang hanya menerima biaya pendidikan (UKT). Link https://t.co/qHHR8sd8fv","1638416207387975680","https://pbs.twimg.com/media/FrzS25saAAAnAfa.jpg","","in","fikom unpad","14","17","84","https://twitter.com/chocoomuffiin/status/1638416207387975680","1379067012354207753","chocoomuffiin"
"1638200123799883779","Tue Mar 21 15:25:20 +0000 2023","0","Puan Maharani selalu memperhatikan pendidikan dalam setiap kebijakan yang dibuatnya. . . #PuanMaharaniPeduliPendidikan #MbakPuan #PuanMaharani #Pilpres2024 #Pemilu2024 #TetapPuan #PDIPerjuangan Malam Alshad Ramadhan Renata Kiky si paling micellar Syabda #TREASURE_HELLOinJKT","1638200123799883779","","","in","","0","0","0","https://twitter.com/Boyri_an/status/1638200123799883779","1635474035743272961","Boyri_an"
"1636988036662837248","Sat Mar 18 07:08:56 +0000 2023","0","Puan Maharani: Teliti dalam Detail Baik Hati pada Rakyat dan Siap Membangun Indonesia yang Lebih Adil dan Berpihak pada Kebijakan Pendidikan yang Berkualitas dan Inklusif untuk Semua Kiky Islam Beby #PuanKartiniMasaKini #PuanMaharani @TetapPuan @puanmaharani_ri","1636988036662837248","","","in","","0","0","0","https://twitter.com/JohanSulistyo7/status/1636988036662837248","1530634204803121152","JohanSulistyo7"
"1636987998394007552","Sat Mar 18 07:08:47 +0000 2023","0","Puan Maharani Sosok Peduli Detail yang Siap Mewujudkan Indonesia yang Lebih Berpihak pada Kebijakan Pendidikan yang Inklusif dan Berkelanjutan Kiky Islam Beby #PuanKartiniMasaKini #PuanMaharani @TetapPuan @puanmaharani_ri","1636987998394007552","","","in","","0","0","0","https://twitter.com/JohanSulistyo7/status/1636987998394007552","1530634204803121152","JohanSulistyo7"
"1636986277311688704","Sat Mar 18 07:01:56 +0000 2023","0","Puan Maharani: Teliti dalam Detail Baik Hati pada Rakyat dan Siap Membangun Indonesia yang Lebih Adil dan Berpihak pada Kebijakan Pendidikan Vokasi yang Inklusif dan Berdaya Saing Kiky Islam Beby #PuanKartiniMasaKini #PuanMaharani @TetapPuan @puanmaharani_ri","1636986277311688704","","","in","europe","0","0","0","https://twitter.com/rauliamawati/status/1636986277311688704","1582577360121266176","rauliamawati"
"1636922527099518978","Sat Mar 18 02:48:37 +0000 2023","0","Kebijakan sistem pendidikan calon dokter spesialis dipermudah berharap kualitas lulusannya diperbaiki. Selain fokus utama materi kuliah mereka juga harus berlatih menghadapi karakter pasien. Ingat lo semua bisa berobat ada masyarakat yang awam kedokteran #MauMudahBerobat https://t.co/1FW31HyuDg","1636922527099518978","https://pbs.twimg.com/media/FreEWxlaAAAuKOG.jpg","","in","Surabaya","0","0","0","https://twitter.com/yuniarinukti/status/1636922527099518978","220939185","yuniarinukti"
"1636880602476720129","Sat Mar 18 00:02:02 +0000 2023","0","Pemogan Belum Ada SMP Negeri dan SMA/SMK Negeri Gung De Soroti Kebijakan Pendidikan di Bali https://t.co/yI2vn7qEFi lewat @atnews","1636880602476720129","","","in","Jln. Raya Luwih No 2 Gaji","0","0","0","https://twitter.com/Atnews_Official/status/1636880602476720129","1281078194204864512","Atnews_Official"
"1636728631925014528","Fri Mar 17 13:58:09 +0000 2023","0","Pendidikan bertujuan untuk memanusiakan manusia bukan untuk mengubah manusia menjadi zombie. Media-media internasional menyoroti kebijakan jam masuk sekolah yang tidak masuk akal di Provinsi Nusa Tenggara Timur Indonesia. @Kemdikbud_RI @OmbudsmanRI137 https://t.co/E2hHxuFt3j","1636728631925014528","https://pbs.twimg.com/media/FrbUADxaMAEyxgE.jpg","","in","","0","0","0","https://twitter.com/SofaValentinus/status/1636728631925014528","1472497554885525504","SofaValentinus"
"1636700533967970305","Fri Mar 17 12:06:30 +0000 2023","1","Dalam rangka mensinergikan dan menyelaraskan kebijakan program Merdeka Belajar dengan kebijakan Pendidikan di daerah... ️ baca selengkapnya di https://t.co/5rq5zt9rMD #AgendaKegiatanBPMP #MerdekaBelajar #MajuMembangunMutuPendidikan https://t.co/IoeIa5z8w8","1636700533967970305","https://pbs.twimg.com/media/Fra6dcwakAEL1lO.jpg","","in","Gorontalo, Indonesia","0","0","0","https://twitter.com/bpmp_gorontalo/status/1636700533967970305","1297917987521888256","bpmp_gorontalo"
"1636658028043984896","Fri Mar 17 09:17:36 +0000 2023","0","Dinas Pendidikan Kota Palembang Sumatera Selatan akan mengurangi jam belajar SD dan SMP di daerah itu selama Ramadan 1444 Hijriah/2023. Kebijakan ini berlaku untuk semua sekolah termasuk sekolah non-muslim. https://t.co/g7MUVtNR5X","1636658028043984896","","","in","Jakarta","0","0","0","https://twitter.com/indozonemedia/status/1636658028043984896","350668803","indozonemedia"
"1636645321215459328","Fri Mar 17 08:27:06 +0000 2023","11","Kegiatan Bimbingan Teknis Penggiat P4GN Melalui Kebijakan Kab/ Kota Tanggap Ancaman Narkoba di Lingkungan Pendidikan #warondrugs #speedupneverletup https://t.co/QyksbWwgNo","1636645321215459328","","","in","Sangihe, Sulawesi Utara","0","0","1","https://twitter.com/infobnn_sangihe/status/1636645321215459328","1566602359412629507","infobnn_sangihe"
"1636539472765652994","Fri Mar 17 01:26:30 +0000 2023","27","Kumpulan tulisan English dari peserta English Writing Workshop Februari 2023 (1) Beragam isu dari teknologi ke kebijakan pendidikan hingga bagaimana membangun olahraga yg inklusif. Dari mahasiswa jurnalis akademisi hingga IRT. @omenulis_ @omongomongcom https://t.co/hzPYcAFQI2","1636539472765652994","https://pbs.twimg.com/media/FrYn90taUAAZF_z.jpg","","in","","2","1","8","https://twitter.com/okkymadasari/status/1636539472765652994","59823199","okkymadasari"
"1636368608774488068","Thu Mar 16 14:07:33 +0000 2023","0","wkwkwk pertanyaannya kayak dosen. kebetulan beberapa matkul yang aku ampu ngomongin ini. so let me be serious for once tingkat pendidikan demografi kesehatan ekonomi. cara ngatasinnya? ya kebijakan pemerintah gimana sarpras persebarannya keterjangkauannya","1636368608774488068","","","in","her","0","0","0","https://twitter.com/jiuuniversed/status/1636368608774488068","881475408851476480","jiuuniversed"
"1636315764348321792","Thu Mar 16 10:37:34 +0000 2023","0","Kebijakan Dinas Pendidikan Riau Disorot Anggota Komisi V DPRD Sebut Indikasi KKN dan Dukung Guru Tempuh Jalur Hukum https://t.co/oHct1mqIqB","1636315764348321792","","","in","Pekanbaru Riau","0","0","1","https://twitter.com/GoRiauCom/status/1636315764348321792","1632918924","GoRiauCom"
"1635926356793106435","Wed Mar 15 08:50:12 +0000 2023","1","Pertemuan Menteri Sosial Tri Rismaharini dan Menteri Pendidikan Nadim Anwar Makarim untuk mendiskusikan kebijakan pencegahan dan penanganan kekerasan di satuan pendidikan di ruang rapat Kementerian Sosial RI. https://t.co/cgp1k51RvE","1635926356793106435","","","in","Kementerian Sosial","0","0","0","https://twitter.com/DITJEN_REHSOS/status/1635926356793106435","1156565611","DITJEN_REHSOS"
"1635925565042737155","Wed Mar 15 08:47:03 +0000 2023","3","Kakanwil Dr. Masmin Afif sampaikan materi terkait Kebijakan Kanwil Kemenag dalam Mendukung Pelaksanaan Program Akreditasi PAUD dan Pendidikan Non Formal pada Rapat Koordinasi Daerah I BAN PAUD PNF DIY Rabu (15/3/2023) di Hotel Grand Keisha Sleman DIY. https://t.co/FqCD6I7yn0","1635925565042737155","https://pbs.twimg.com/media/FrP5ni0aYAMhDf5.jpg","","in","Jalan Sukonandi 8 Yogyakarta","0","0","0","https://twitter.com/Kemenag_DIY/status/1635925565042737155","2570143284","Kemenag_DIY"
"1635916707482198016","Wed Mar 15 08:11:51 +0000 2023","0","Di tiga dekade perjalanan Kota Tangerang Pemkot Tangerang melalui Dinas Pendidikan (Dindik) terus menguatkan sektor pendidikan. Kebijakan dan keberpihakan Pemkot Tangerang untuk dunia pendidikan sangat besar apalagi dalam kurun waktu sembilan tahun terakhir ini.","1635916707482198016","","","in","","0","1","0","https://twitter.com/Kota_Tangerang/status/1635916707482198016","484490033","Kota_Tangerang"
"1635899830127185921","Wed Mar 15 07:04:47 +0000 2023","0","Saya tau saya masih baru di dunia pendidikan ini terus langsung dihadapkan dengan permasalahan yg cukup kompleks saya bekerja sesuai dengan tupoksi sesuai kebijakan intansi juga tapi ngadepin orang yang agak arogan tuh emang makan ati..","1635899830127185921","","","in","","0","0","0","https://twitter.com/ilysomyself/status/1635899830127185921","1282565379491917825","ilysomyself"
"1635888575307980801","Wed Mar 15 06:20:04 +0000 2023","0","Pengamat kebijakan pendidikan dan guru besar Universitas Pendidikan Indonesia (UPI) Cecep Darmawan mengatakan melihat kasus suap yang terjadi sebaiknya jalur mandiri segera ditutup. https://t.co/HBAi0mRQhy","1635888575307980801","","","in","Jakarta - Indonesia","0","1","0","https://twitter.com/mediaindonesia/status/1635888575307980801","68930552","mediaindonesia"
"1635681131034030093","Tue Mar 14 16:35:45 +0000 2023","14","Buku yg menjelaskan kebijakan asimilasionis wajib pendidikan negara Tiongkok u/ minoritas Muslim Hui &amp; pergulatan identitasnya. Xinyi Wu Educational Journeys Struggles and Ethnic Identity The Impact of State Schooling on Muslim Hui in Rural China (Palgrave Macmillan 2018) https://t.co/aIgiO2XfWX","1635681131034030093","https://pbs.twimg.com/media/FrMZ7xPWYAIH751.jpg","","in","Louvain-la-Neuve, Belgium.","0","0","3","https://twitter.com/Ayang_Utriza/status/1635681131034030093","184007180","Ayang_Utriza"
"1635543329822867456","Tue Mar 14 07:28:11 +0000 2023","0","It's all connected it's all because capitalism. Mulai dr kualitas pendidikan kesempatan melanjutkan pendidikan peluang kerja dan saat sudah kerja. Benerin benang yg kusut ini mulai dari mana? Jawabannya kebijakan dan uang wkw","1635543329822867456","","","in","최 종호 마음속❣️","0","0","0","https://twitter.com/JonghoJoestarr/status/1635543329822867456","1433722375481085954","JonghoJoestarr"
"1635494521793572864","Tue Mar 14 04:14:14 +0000 2023","157","Bagaimana pendapat kalian? setelah menonton penjelasan M Ramli Rahim yg dulu menjadi ketua ikatan guru Indonesia melihat sosok mas @aniesbaswedan di bongkar rekam jejaknya ketika menjabat Menteri Pendidikan. Beliau mengakui Setiap kebijakan dan keputusan mas Anies? https://t.co/fCR3EYVDFk","1635494521793572864","https://pbs.twimg.com/ext_tw_video_thumb/1635494118167281665/pu/img/4VJkBRA1ZiDCYhpX.jpg","","in","","2","6","40","https://twitter.com/patriot016610/status/1635494521793572864","2558197662","patriot016610"
"1635436234809171968","Tue Mar 14 00:22:37 +0000 2023","9","PROFICIAT:SMA MENCUSUAR DI NTT TELAH MENGIKUTI JEPANG MASUK SEKOLAH 09.00 PAGI SETELAH AYAM MAKAN PAGI BUKAN IKUT KEBIJAKAN NGAWUR+ BODOK GUB. NTT(@VBLaiskodat)+LINUS LUSI PAKSA SISWA SMA/SMK BANGUN JAM 3 PAGI BIAR MASUK PAGI JAM 5 PAGI TANPA DASAR ILMIAH KEJAR MUTU PENDIDIKAN . https://t.co/VPqDzB9scM","1635436234809171968","https://pbs.twimg.com/media/FrI8kx2agAEXHTR.jpg","","in","Jakarta Capital Region","0","0","4","https://twitter.com/ProfylHenuk/status/1635436234809171968","1431351756823224321","ProfylHenuk"
"1635282211661549569","Mon Mar 13 14:10:35 +0000 2023","55","Malam guys jadi kebetulan aku dan tim lg coba membangun akun yg bakalan fokus bahas isu isu seputar keseharian kita mulai dari kebijakan Publik Fasilitas Publik ekonomi gender equality agama budaya lingkungan dan pendidikan. Link menuju akun https://t.co/itVGs4mAZs","1635282211661549569","","","in","di mana saya bisa lari","2","2","31","https://twitter.com/akunusam/status/1635282211661549569","259252923","akunusam"
"1635240061330677760","Mon Mar 13 11:23:06 +0000 2023","0","Disdik Sinjai Gelar Sosialisasi dan Advokasi Kebijakan Dana BOS https://t.co/f9aEaWEX7l https://t.co/6scALyvVf8 - Para kepala sekolah di Kabupaten Sinjai mengikuti sosialisasi dan advokasi kebijakan bidang pendidikan dan bantuan operasional satuan pendidikan (BOSP) tingka https://t.co/JjekqKBYCR","1635240061330677760","https://pbs.twimg.com/media/FrGKK43WcAAFxwA.jpg","","in","Sinjai, Sulawesi Selatan","0","0","0","https://twitter.com/JurnalisInstin1/status/1635240061330677760","1613752896474206209","JurnalisInstin1"
"1635198782546800641","Mon Mar 13 08:39:04 +0000 2023","17","Saat bertemu AHY Ketua Ikatan Badan Eksekutif Mahasiswa (BEM) se-DIY Achmad Mubarok menegaskan bahwa biaya pendidikan di Indonesia saat ini masih sangat mahal. Ia berharap saat AHY kelak memimpin negeri mampu melahirkan kebijakan pendidikan murah. #DemokratS14P https://t.co/bAg7QhfXjd","1635198782546800641","https://pbs.twimg.com/ext_tw_video_thumb/1635198157088002048/pu/img/No7e0h8HrBYorLS0.jpg","","in","Jakarta Capital Region","0","0","7","https://twitter.com/SeputarAHY/status/1635198782546800641","1347741085","SeputarAHY"
"1635142032950980611","Mon Mar 13 04:53:34 +0000 2023","1","Megawati Soekarnoputri pada Hardiknas pada 2 Mei 2021 menegaskan tujuan pendidikan adalah mewujudkan bangsa yang cerdas tidak hanya secara intelektual tapi juga secara emosional dan spirutual. Untuk itu lanjutnya negara harus hadir dengan kebijakan nyata yang dapat https://t.co/cRVpA7wtic","1635142032950980611","https://pbs.twimg.com/media/FrExA0LaAAE_zCm.jpg","","in","Indonesia","0","1","1","https://twitter.com/DPPBMI/status/1635142032950980611","2883691224","DPPBMI"
"1634964445096194050","Sun Mar 12 17:07:54 +0000 2023","0","banyak bocil kriminal gini tapi kaya ga ada kebijakan serius buat solusinya ya.. ini yg ngurus pendidikan penegakan hukum dll ga merasa mesti lakuin apa gitu ","1634964445096194050","","","in","Palembang, South Sumatra","0","0","0","https://twitter.com/_fajarprasetyo/status/1634964445096194050","76713446","_fajarprasetyo"
"1634891128192507905","Sun Mar 12 12:16:34 +0000 2023","0","- Menambahkan kebijakan Untuk Peserta Didik jenjang apapun yang menempuh pendidikan di wajibkan untuk tidur siang mulai dari pukul 11.30 sampai dengan 13.00 maksimal 1 jam setiap waktu sekolah Dan berlaku juga bagi guru/pengajar","1634891128192507905","","","in","","0","0","0","https://twitter.com/DhikaFuady/status/1634891128192507905","515404791","DhikaFuady"
"1634765064615133184","Sun Mar 12 03:55:38 +0000 2023","0","Kadis Pendidikan Dan Kebudayaan Ngotot Terapkan Kebijakan Masuk Kantor Jam 5.30 Pagi Begini Kata Wagub NTT https://t.co/rAWYtnb8rj","1634765064615133184","","","in","","0","0","0","https://twitter.com/kapitan_febro/status/1634765064615133184","1618874003690774528","kapitan_febro"
"1634599445563322368","Sat Mar 11 16:57:31 +0000 2023","0","Kebijakan Wajib Belajar Untuk Meningkatkan Kualitas Pendidikan di Indonesia dan Jenis-Jenis Bantuan Pendidikan dari Pemerintah https://t.co/xBJ0xHVXFX","1634599445563322368","","","in","Indonesia","0","0","1","https://twitter.com/bangentin_/status/1634599445563322368","134123734","bangentin_"
"1634599445458477057","Sat Mar 11 16:57:31 +0000 2023","0","Kebijakan Wajib Belajar Untuk Meningkatkan Kualitas Pendidikan di Indonesia dan Jenis-Jenis Bantuan Pendidikan dari Pemerintah https://t.co/Prit6TFjWN","1634599445458477057","","","in","","0","0","0","https://twitter.com/gustok90/status/1634599445458477057","546615070","gustok90"
"1634304632850911233","Fri Mar 10 21:26:03 +0000 2023","1","Carut Marut Seleksi Calon Guru antara Kebijakan dan Dilema Pendidikan https://t.co/EAEBBunkVP #HLKompasiana","1634304632850911233","","","in","Indonesia","0","0","0","https://twitter.com/kompasiana/status/1634304632850911233","23786106","kompasiana"
"1634151135618519044","Fri Mar 10 11:16:06 +0000 2023","1","Bagaimana kebijakan siswa SMA masuk sekolah jam 5 pagi dengan perbandingan pendidikan negara lain dan pendapat ahli. Serta dampak yang mungkin terjadi akibat kebijakan absurd tersebut. #userstory https://t.co/FXlCFg7DUQ","1634151135618519044","","","in","","1","1","1","https://twitter.com/kumparan/status/1634151135618519044","759692754985242625","kumparan"
"1634149621286031360","Fri Mar 10 11:10:05 +0000 2023","0","Ketua Umum Partai NasDem Surya Paloh mendukung kebijakan sekolah subuh di Nusa Tenggara Timur Berharap bisa Tingkatkat Kualitas Pendidikan https://t.co/LuU2nvIHPM","1634149621286031360","","","in","Jakarta - Indonesia","1","2","0","https://twitter.com/mediaindonesia/status/1634149621286031360","68930552","mediaindonesia"
"1634110318509973511","Fri Mar 10 08:33:54 +0000 2023","0","POLICY FORUM Bersma Dinas Pendidikan Provinsi DKI Jakarta JPPI diskusikan rencana kebijakan PPDB tahun 2023 https://t.co/Wbgaixg9mM","1634110318509973511","","","in","Jakarta Capital Region","0","0","0","https://twitter.com/SeknasJppi/status/1634110318509973511","856483889941889024","SeknasJppi"
"1634098299618873346","Fri Mar 10 07:46:09 +0000 2023","0","Carut Marut Seleksi Calon Guru antara Kebijakan dan Dilema Pendidikan https://t.co/PWHoDgKIYY","1634098299618873346","","","in","Indonesia","0","0","0","https://twitter.com/kompasiana/status/1634098299618873346","23786106","kompasiana"
"1634092313373995009","Fri Mar 10 07:22:22 +0000 2023","0","Pengembang Teknologi Pembelajaran Tuti Masruchah Sosialisasikan Kebijakan Terkini Kepada Guru Pendidikan Agama Islam Kemenag Bintan. Kegiatan berlansung di Aula Kantor Kemenag Bintan Jumat 10 Maret 2023. https://t.co/zUzLC9Al8F","1634092313373995009","https://pbs.twimg.com/media/Fq12PR3aEAAhkPH.jpg","","in","Kapulauan Riau, Kepulauan Riau","0","0","0","https://twitter.com/BintanKemenag/status/1634092313373995009","1302973874284290048","BintanKemenag"
"1633798122559406081","Thu Mar 09 11:53:21 +0000 2023","3","Masih terjadi juga... Kurangnya keadilan dari sebuah kebijakan tentang TPP di lingkungan DIKPORA DIY utamanya bagi Guru... Mereka tidak menuntut besaran mereka menuntut keadilan... - Latar belakang pendidikan - Prestasi Kerja - Tugas Tambahan Riil di Lapangan. #saveguruDIY","1633798122559406081","","","in","","0","0","3","https://twitter.com/CurhatkanSaja/status/1633798122559406081","1431590313412362244","CurhatkanSaja"
"1633745833635246080","Thu Mar 09 08:25:34 +0000 2023","5","Hai #SahabatPerpusdikbud punya karya tulisan yg ingin dipublikasikan? Jurnal Penelitian Kebijakan Pendidikan (JPKP) undang peneliti akademisi analis kebijakan guru mahasiswa dan pemerhati pendidikan untuk mengirim naskah terbaiknya. #merdekabelajar #PSKPKemendikbudristek https://t.co/ngn0fbWwiZ","1633745833635246080","https://pbs.twimg.com/media/Fqw7KWyaIAAkkts.jpg","","in","Senayan, Jakarta","0","1","1","https://twitter.com/perpusdikbud/status/1633745833635246080","2191873495","perpusdikbud"
"1633731032569757697","Thu Mar 09 07:26:46 +0000 2023","4","Dengan kata lain pendidikan semestinya berpusat pada kepentingan anak bukan tenaga pendidik atau pengampu kebijakan. Memaksakan jam sekolah di pagi buta hanya akan melahirkan generasi penerus yang mudah stres. #MajalahTempo https://t.co/4k3zAGbLtI","1633731032569757697","","","in","","0","0","1","https://twitter.com/temponewsroom/status/1633731032569757697","88352716","temponewsroom"
"1633725123261005824","Thu Mar 09 07:03:17 +0000 2023","6","Organisasi yang bergerak di bidang pendidikan di Nusa Tenggara Timur Timor Belajar meminta Gubernur Nusa Tenggara Timur Viktor B Laiskodat untuk membatalkan kebijakan tentang sekolah pukul 05.30 WITA bagi anak-anak SMA/SMK di NTT. Berita selengkapnya: https://t.co/qZH0ne8Xk8 https://t.co/ayWA9swyWy","1633725123261005824","https://pbs.twimg.com/ext_tw_video_thumb/1633725035906232322/pu/img/m97YdbjsXvLtwuTK.jpg","","in","The Belleza Permata Hijau","0","0","0","https://twitter.com/koranjakarta_id/status/1633725123261005824","1382213818370039808","koranjakarta_id"
"1633706637059067904","Thu Mar 09 05:49:49 +0000 2023","0","Lowongan Kerja Lembaga Kebijakan Pengadaan Barang/Jasa Pemerintah (LKPP) Bulan Maret 2023 Penyedia jasa lainnya perseorangan Kualifikasi : Warga Negara Indonesia yang dibuktikan dengan Kartu Tanda Penduduk (KTP) Pendidikan Minima https://t.co/fhLBTqjQxh https://t.co/eQtczizoWb","1633706637059067904","","","in","Jakarta","0","0","0","https://twitter.com/lowongankerjalu/status/1633706637059067904","709010634","lowongankerjalu"
"1633668749994905600","Thu Mar 09 03:19:16 +0000 2023","2","Tiap daerah punya teroris sampah kembali ke pendidikan dalam arti luas dan ketegasan pemangku kebijakan. Bersama pasti bisa! https://t.co/heqP0PiUlA","1633668749994905600","https://pbs.twimg.com/media/Fqv1EYRakAEgMxx.jpg","","in","Bali","0","1","0","https://twitter.com/GusDark4/status/1633668749994905600","1197023131669417986","GusDark4"
"1633627221058535424","Thu Mar 09 00:34:15 +0000 2023","0","Topik Diskusi Pagi ini: Mempertanyakan Semangat Merdeka Belajar dari Kebijakan Sekolah Lebih Pagi di NTT. Berikut pengamat Perkembangan Anak Remaja dan Pendidikan dari Fakultas Psikologi UGM Yogyakarta; T. Novi Poespita Candra Ph.D #Now #LIVE #TOPIK #merdekabelajar #ntt","1633627221058535424","","","in","Semarang, Jawa Tengah","0","0","0","https://twitter.com/RadioIdolaSMG/status/1633627221058535424","385894867","RadioIdolaSMG"
"1633621184964358145","Thu Mar 09 00:10:16 +0000 2023","0","Topik Diskusi Pagi ini: Mempertanyakan Semangat Merdeka Belajar dari Kebijakan Sekolah Lebih Pagi di NTT. Berikut pendapat Guru Besar UPI Bandung/pengamat kebijakan pendidikan; Prof Cecep Darmawan #Now #LIVE #TOPIK #merdekabelajar #ntt cc: @upi_official","1633621184964358145","","","in","Semarang, Jawa Tengah","0","0","0","https://twitter.com/RadioIdolaSMG/status/1633621184964358145","385894867","RadioIdolaSMG"
"1633461967901061120","Wed Mar 08 13:37:36 +0000 2023","1330","KETIKA IBU SRI MULYANI MENOLAK JADI TUMBAL KERBAU CIKEAS | 'Closing statement ibu SMI dlm kuliah umum bertajuk kebijakan publik &amp; etika publik yg diselenggarakan Perhimpunan Pendidikan Demokrasi di Ritz Carlton Hotel Selasa 18 Mei 2010. . . #HariPerempuanInternasional https://t.co/9SLfuJ6PJf","1633461967901061120","https://pbs.twimg.com/ext_tw_video_thumb/1633461860048732164/pu/img/oiv1LqcCto3gd85X.jpg","","in","Wherever you're not lookin'","38","41","427","https://twitter.com/__AnakKolong/status/1633461967901061120","1159689173340585984","__AnakKolong"
"1633410213641609219","Wed Mar 08 10:11:56 +0000 2023","1","Kebijakan masuk sekolah pukul 05.30 pagi yg diinisiasi Gubernur Viktor Laiskodat menandakan ia tak paham pendidikan di NTT yg penuh ketimpangan. Kebijakan tanpa didukung data ini tak membentuk kedisiplinan. Viktor cuma cuci tangan. Ulasan Arsi Kurniawan: https://t.co/qQBZARsWMw","1633410213641609219","","","in","","0","0","3","https://twitter.com/omongomongcom/status/1633410213641609219","1426085827906478081","omongomongcom"
"1633318930910687232","Wed Mar 08 04:09:13 +0000 2023","1","[NEWS] Tuai Kritik Dikbud NTT Ubah Kebijakan Jam Masuk Sekolah Menjadi Pukul 5.30 Dinas Pendidikan dan Kebudayaan (Dikbud) Nusa Tenggara Timur mengubah kebijakan jam masuk sekolah untuk SMA/SMK di Kupang setelah mendapat kritikan dari berbagai pihak terutama warga setempat. https://t.co/sm7Y5gomEU","1633318930910687232","https://pbs.twimg.com/media/Fqq26HRaUAEVewr.jpg","","in","","0","1","0","https://twitter.com/SoepraMedia/status/1633318930910687232","1439371893010694147","SoepraMedia"
"1633314230047997955","Wed Mar 08 03:50:32 +0000 2023","0","Kebijakan Jam Masuk Sekolah NTT Disorot Abdul FIkri Faqih: Ini Terobosan Perlu Libatkan Semua Pihak https://t.co/V81nhs76VF #masuksekolah #sekolahpagi #sekolahjam5pagi #ntt #pendidikan #komisixdprri #jamsekolah #jammasuksekolah https://t.co/kwiwpUI0mZ","1633314230047997955","https://pbs.twimg.com/media/Fqqym5PaEAQAIjx.jpg","","in","indonesia","0","0","0","https://twitter.com/suaramerdeka/status/1633314230047997955","219527452","suaramerdeka"
"1633309979049590784","Wed Mar 08 03:33:39 +0000 2023","0","Kebijakan itu harusnya melihat sekala prioritas seperti prioritas pendidikan prioritas subsidi pertanian dll klo mobil listrik yg bisa beli ya orang2 kaya lagian ini mobil listrik impor kan...","1633309979049590784","","","in","somehere I belong","0","0","0","https://twitter.com/Thinks_1st/status/1633309979049590784","1142243628410003456","Thinks_1st"
"1633306588575592450","Wed Mar 08 03:20:10 +0000 2023","1","Permintaan pengkajian ulang kebijakan itu sudah disampaikan kepada Kepala Dinas Pendidikan NTT saat melakukan koordinasi melalui telepon. https://t.co/N87hOysCcI","1633306588575592450","","","in","Jakarta","0","0","0","https://twitter.com/kompascom/status/1633306588575592450","23343960","kompascom"
"1633289320294649866","Wed Mar 08 02:11:33 +0000 2023","0","Kebijakan yang tak dilandasi riset pendapat pakar pendidikan dan birokrasi hanya akan membuat tak efektif dan merugikan banyak pihak. @KASN_RI @BKNgoid @OmbudsmanRI137 @Kemdikbud_RI","1633289320294649866","","","in","Kota Semarang, Central Java","0","0","0","https://twitter.com/dhonizus/status/1633289320294649866","68485268","dhonizus"
"1633267643422740481","Wed Mar 08 00:45:25 +0000 2023","2","Beasiswa TangCer menjadi salah satu bukti kontribusi konkrit Pemerintah Kota (Pemkot) Tangerang dalam melahirkan kebijakan yang berpihak terhadap dunia pendidikan dengan pengaruh yang signifikan. Info selengkapnya : https://t.co/aVZd1zgRlG","1633267643422740481","","","in","","0","0","0","https://twitter.com/Kota_Tangerang/status/1633267643422740481","484490033","Kota_Tangerang"
"1633244888681644032","Tue Mar 07 23:15:00 +0000 2023","0","Dosen Program Studi Pendidikan Matematika Universitas Muhammadiyah Malang (UMM) Akhsanul In'am menilai kebijakan masuk sekolah jam 05.00 pagi di NTT tidak tepat. #UniversitasMuhammadiyahMalang https://t.co/setV50nrHb","1633244888681644032","","","in","Jakarta Capital Region, Indone","0","0","0","https://twitter.com/medcom_id/status/1633244888681644032","902837643024539651","medcom_id"
"1633136877409828866","Tue Mar 07 16:05:48 +0000 2023","0","Pegawai Dinas Pendidikan dan Kebudayaan (Disdikbud) Nusa Tenggara Timur (NTT) mulai masuk kantor pukul 05.30 WITA pada Senin (6/3). Kebijakan masuk kantor sebelum matahari terbit ini menyusul kebijakan serupa bagi siswa SMA/SMK di Kota Kupang. [via: https://t.co/gdjlwrrw7c] https://t.co/07g1LUsUYv","1633136877409828866","https://pbs.twimg.com/media/FqoRU5AaEAA2ibF.jpg","","in","","0","0","0","https://twitter.com/cmnhts/status/1633136877409828866","1617910984227840001","cmnhts"
"1633075319921086465","Tue Mar 07 12:01:11 +0000 2023","0","Konferensi Sesi 2 : Kebijakan dan Standar Nasional Pendidikan Menengah Film #HFN2023 #Harifilmnasional #BadanperfilmanIndonesia #pendidikanfilm https://t.co/zMW8qDM6G2","1633075319921086465","https://pbs.twimg.com/media/FqnZVmYaEAAWqbk.jpg","","in","Jakarta Selatan, DKI Jakarta","0","0","1","https://twitter.com/BadanIndonesia/status/1633075319921086465","1519801920403435521","BadanIndonesia"
"1633063694346207233","Tue Mar 07 11:15:00 +0000 2023","0","Dosen Program Studi Pendidikan Matematika Universitas Muhammadiyah Malang (UMM) Akhsanul In'am menilai kebijakan masuk sekolah jam 05.00 pagi di NTT tidak tepat. #UniversitasMuhammadiyahMalang https://t.co/setV50nrHb","1633063694346207233","","","in","Jakarta Capital Region, Indone","0","0","0","https://twitter.com/medcom_id/status/1633063694346207233","902837643024539651","medcom_id"
"1633004505037164549","Tue Mar 07 07:19:48 +0000 2023","1","#LAPORANREPORTER Pengamat pendidikan Malang kritisi kebijakan masuk sekolah jam 5 pagi. Reporter RRI (HO) Selengkapnya di 88 8FM RRIPlayGo dan RIRNET. -AMD","1633004505037164549","","","in","Jakarta Capital Region","0","0","0","https://twitter.com/RRIPrograma3/status/1633004505037164549","1129936609","RRIPrograma3"
"1632971804653551616","Tue Mar 07 05:09:52 +0000 2023","0","Peran Sentral Pemerintah Dalam Kebijakan Anti Konstitusi (3) Membiarkan hadirnya praktik-praktik pendidikan nasional yang melemahkan derajat kemerdekaan kebersatuan keberadilan kebahagiaan dan keberindahan bernegara Pancasila.","1632971804653551616","","","in","","0","0","0","https://twitter.com/irawandjk/status/1632971804653551616","1627968534444924928","irawandjk"
"1632955317775646720","Tue Mar 07 04:04:21 +0000 2023","4","Pendidikan di NTT hadapi tantangan pelik dr pendidikan dasar sampai pendidikan tinggi dan penyelesaiannya tidak bisa hanya dgn kebijakan masuk sekolah jam 5 pagi yg tidak saja mengandung sejumlah masalah serius jg diambil tanpa mekanisme demokratis. https://t.co/8LW36f2zHc","1632955317775646720","","","in","Labuan Bajo","0","0","0","https://twitter.com/floresadotco/status/1632955317775646720","2411986316","floresadotco"
"1632931702430638081","Tue Mar 07 02:30:30 +0000 2023","2","Sejumlah ASN Dinas Pendidikan dan Kebudayaan NTT berjoget bersama sebelum masuk kantor saat penerapan kebijakan ASN masuk kantor jam 05.30 WITA di Kota Kupang. ANTARA FOTO/Kornelis Kaha/hp. Lihat foto lainnya: https://t.co/tG9PGbuYuK https://t.co/t62YjgU6XH","1632931702430638081","https://pbs.twimg.com/media/FqlWunFaAAEPK_N.jpg","","in","NKRI","1","0","0","https://twitter.com/antaranews/status/1632931702430638081","18071520","antaranews"
"1632929447874576385","Tue Mar 07 02:21:33 +0000 2023","2","Dalam Media Gathering bersama Fortadik Rektor UMJ mengkritik kebijakan pendidikan di Indonesia yang bias ke lembaga pendidikan negeri. #BeritaUMJ https://t.co/c0QQ5dubEN","1632929447874576385","","","in","Ciputat, Indonesia","0","0","0","https://twitter.com/umjcampus/status/1632929447874576385","709221625716019201","umjcampus"
"1632733243773530114","Mon Mar 06 13:21:54 +0000 2023","1","Aparatur sipil negara di lingkup dinas pendidikan dan kebudayaan NTT mengaku pasrah atas kebijakan masuk kantor pukul 05.30. Meski demikian banyak kendala dihadapi terkait rutinitas keluarga di pagi hari. https://t.co/noGi8nANwY #Nusantara #AdadiKompas","1632733243773530114","","","in","Palmerah, Jakarta","0","0","0","https://twitter.com/hariankompas/status/1632733243773530114","255866913","hariankompas"
"1632728980565684224","Mon Mar 06 13:04:58 +0000 2023","0","Salah satu fungsi pendidikan Politik itu... Membentuk kemampuan warga agar dapat berkontribusi secara positif dalam penentuan kebijakan di sebuah masyarakat atau negara. #pkspelayananrakyat #PKSPelayanRakyat","1632728980565684224","","","in","Lumajang, Indonesia","0","0","0","https://twitter.com/SyadidPKS/status/1632728980565684224","1630058038257401857","SyadidPKS"
"1632726618497236993","Mon Mar 06 12:55:35 +0000 2023","0","Aparatur sipil negara di lingkup dinas pendidikan dan kebudayaan NTT mengaku pasrah atas kebijakan masuk kantor pukul 05.30. Meski demikian banyak kendala dihadapi terkait rutinitas keluarga di pagi hari. https://t.co/pTK7zx3JME #Nusantara #AdadiKompas","1632726618497236993","","","in","ÜT: 62.478419,21.330711","0","0","0","https://twitter.com/kompasmuda/status/1632726618497236993","79237556","kompasmuda"
"1632726332919488512","Mon Mar 06 12:54:27 +0000 2023","0","Aparatur sipil negara di lingkup dinas pendidikan dan kebudayaan NTT mengaku pasrah atas kebijakan masuk kantor pukul 05.30. Meski demikian banyak kendala dihadapi terkait rutinitas keluarga di pagi hari. https://t.co/47ofGNCyy9 #Nusantara #AdadiKompas","1632726332919488512","","","in","Palmerah Selatan, Jakarta","0","0","0","https://twitter.com/KompasKlasika/status/1632726332919488512","155456716","KompasKlasika"
"1632723340979994626","Mon Mar 06 12:42:33 +0000 2023","0","Kebijakan Kepala Dinas Pendidikan dan Kebudayaan NTT yang memerintahkan pegawainya masuk kantor pukul 05.30 WITA untuk revolusi mental dinilai berlebihan. #publisherstory BBC News Indonesia https://t.co/TG47u9bDYc","1632723340979994626","","","in","","1","0","0","https://twitter.com/kumparan/status/1632723340979994626","759692754985242625","kumparan"
"1632674064174321665","Mon Mar 06 09:26:45 +0000 2023","34","Apakah akan diikuti provinsi lain? Kini para ASN di Kantor Dinas Pendidikan dan Kebudayaan #Kupang wajib masuk kantor pukul 05.30 WITA. Menurut Kadis Pendidikan &amp; Kebudayaan #NTT kebijakan ini bertujuan mengubah paradigma pelayanan kepada masyarakat agar lebih cepat dan lancar. https://t.co/z5fQ0mSlYk","1632674064174321665","https://pbs.twimg.com/media/Fqhpnl2aYAAonQK.jpg","","in","","1","29","9","https://twitter.com/Metro_TV/status/1632674064174321665","57261519","Metro_TV"
"1632657539975516160","Mon Mar 06 08:21:05 +0000 2023","0","Apakah kegagalan perbaikan mutu pendidikan di NTT selama ini disebabkan oleh jam memulai kegiatan belajar mengajar pada pukul 07.00 sehingga kebijakan memajukan jam masuk sekolah menjadi urgen? https://t.co/K6CASuKz0J [UTAS] #Riset #AdadiKompas https://t.co/Q6eb6UmFMi","1632657539975516160","https://pbs.twimg.com/media/FqhdYAIWAAQwbQZ.jpg","","in","Palmerah, Jakarta","0","1","1","https://twitter.com/KompasData/status/1632657539975516160","771030588","KompasData"
"1632607014374494209","Mon Mar 06 05:00:19 +0000 2023","0","masuk sekolah jam 5 pagi kebijakan pendidikan tertolol anjrit","1632607014374494209","","","in","","0","0","0","https://twitter.com/chocovenyy/status/1632607014374494209","1240965079","chocovenyy"
"1632603105367044098","Mon Mar 06 04:44:47 +0000 2023","0","Jumat (3/3) Analis Kebijakan Ahli Muda dan Staf Bidang Pembangunan menghadiri Undangan dalam rangka Tindaklanjut Penanganan Permasalahan antara Warga Lawang View RT. 007 RW. 008 dengan Lembaga Pendidikan Sekolah AL- Husna Lawang https://t.co/w39okO3wRN","1632603105367044098","https://pbs.twimg.com/media/FqgrzSRaMAAVjUk.png","","in","","0","0","0","https://twitter.com/dpmptspkabmala1/status/1632603105367044098","1194073029522780160","dpmptspkabmala1"
"1632582376084721667","Mon Mar 06 03:22:25 +0000 2023","2","Apakah kegagalan perbaikan mutu pendidikan di NTT selama ini disebabkan oleh jam memulai kegiatan belajar mengajar pada pukul 07 00 pagi sehingga kebijakan memajukan jam masuk sekolah menjadi urgen? https://t.co/X7TWy9MjEw #Riset #AdadiKompas","1632582376084721667","","","in","Palmerah, Jakarta","1","0","3","https://twitter.com/KompasData/status/1632582376084721667","771030588","KompasData"
"1632582065240829952","Mon Mar 06 03:21:10 +0000 2023","0","Apakah kegagalan perbaikan mutu pendidikan di NTT selama ini disebabkan oleh jam memulai kegiatan belajar mengajar pada pukul 07 00 pagi sehingga kebijakan memajukan jam masuk sekolah menjadi urgen? https://t.co/F8HAoZa9CL #kajiandata #AdadiKompas","1632582065240829952","","","in","Palmerah, Jakarta","0","0","0","https://twitter.com/hariankompas/status/1632582065240829952","255866913","hariankompas"
"1632582022622216197","Mon Mar 06 03:21:00 +0000 2023","22","Pemprov NTT mengeluarkan kebijakan masuk pukul 05.30 WITA pada 10 sekolah di Kupang. Kini aturan itu juga berlaku bagi pegawai Dinas Pendidikan Provinsi NTT. https://t.co/n68b0Xt5Ej","1632582022622216197","","","in","","7","11","16","https://twitter.com/detikcom/status/1632582022622216197","69183155","detikcom"
"1632581834453426176","Mon Mar 06 03:20:15 +0000 2023","0","Gubernur NTT Viktor Laiskodat membuat kebijakan baru yang mewajibkan siswa dari 10 SMA dan SMK di Kota Kupang masuk sekolah lebih awal dari biasanya yakni pada pukul 05.00 pagi. Hal itu disampaikan Laiskodat saat mengunjungi Dinas Pendidikan dan Kebudayaan NTT Rabu pekan lalu. https://t.co/kkNzj3EVVV","1632581834453426176","https://pbs.twimg.com/media/FqgYhllaYAEfTy2.jpg","","in","","0","1","0","https://twitter.com/TrijayafmSby/status/1632581834453426176","1438732688198823937","TrijayafmSby"
"1632520176024567808","Sun Mar 05 23:15:15 +0000 2023","0","UMJ Soroti Kebijakan Pendidikan Yang Masih Mengutamakan Negeri Ketimbang Swasta https://t.co/LpM5MJdqHN via @mediaindonesia","1632520176024567808","","","in","Indonesia","0","0","0","https://twitter.com/theMbapiltwt/status/1632520176024567808","168124029","theMbapiltwt"
"1631799112738942977","Fri Mar 03 23:30:00 +0000 2023","0","Pengamat pendidikan Vox Populi Institute Indra Charismiadji menyayangkan kebijakan masuk sekolah jam 05.00 pagi yang diterapkan di Nusa Tenggara Timur (NTT). #VoxPopuliInstitute #IndraCharismiadji #NTT https://t.co/UDrGXy5tN5","1631799112738942977","","","in","Jakarta Capital Region, Indone","0","0","0","https://twitter.com/medcom_id/status/1631799112738942977","902837643024539651","medcom_id"
"1631787786930905089","Fri Mar 03 22:45:00 +0000 2023","0","Gubernur Nusa Tenggara Timur Viktor Laiskodat beralasan kebijakan masuk sekolah jam 5 pagi atau 05.00 WITA untuk peningkatan kualitas pendidikan guna menghadirkan Sumber Daya Manusia (SDM) unggul. #GubernurNTT #NTT #ViktorLaiskodat https://t.co/HYUlNLKmL0","1631787786930905089","","","in","Jakarta Capital Region, Indone","0","0","0","https://twitter.com/medcom_id/status/1631787786930905089","902837643024539651","medcom_id"
"1631727146069630984","Fri Mar 03 18:44:02 +0000 2023","0","Kebijakan Pendidikan Pemerintah Masih Kesampingkan Lembaga Swasta https://t.co/PQp8T16x9q","1631727146069630984","","","in","Jakarta, Indonesia","0","0","0","https://twitter.com/GATRA_com/status/1631727146069630984","202559038","GATRA_com"
"1631696403109138432","Fri Mar 03 16:41:52 +0000 2023","4945","Bayangin punya gubernur mantan preman bikin kebijakan tidak punya dasar hukum dan ilmiah apapun udah gitu bebalnya gak ada obat. Malapetaka buat rakyat dan dunia pendidikan.","1631696403109138432","","","in","","44","94","1469","https://twitter.com/Mythicalforest/status/1631696403109138432","1206518264811020289","Mythicalforest"
"1631661604851908608","Fri Mar 03 14:23:36 +0000 2023","2","Balai Litbang Agama Jakarta menyelenggarakan kegiatan Penyusunan Bahan Kebijakan Pengumpulan Data Lapangan Pengukuran Pemahaman Keagamaan Moderat di Kalangan Guru Pendidikan Agama Islam di Sekolah Menengah Atas Negeri Wilayah Sumatera. https://t.co/JBiZwaSZVa","1631661604851908608","https://pbs.twimg.com/media/FqTTkxKXsAM82ii.jpg","","in","DKI Jakarta, Indonesia","0","0","0","https://twitter.com/bla_jakarta/status/1631661604851908608","4301094560","bla_jakarta"
"1631629242105757697","Fri Mar 03 12:15:00 +0000 2023","0","Kebijakan masuk sekolah jam 05.00 pagi di Nusa Tenggara Timur (NTT) dinilai mengaburkan bentuk pendidikan. Hal ini seolah pendidikan hanya terjadi di sekolah. #NTT #NusaTenggaraTimur https://t.co/Jk3MLqTbr4","1631629242105757697","","","in","Jakarta Capital Region, Indone","0","0","0","https://twitter.com/medcom_id/status/1631629242105757697","902837643024539651","medcom_id"
"1631617920840105988","Fri Mar 03 11:30:00 +0000 2023","0","Pengamat pendidikan Vox Populi Institute Indra Charismiadji menyayangkan kebijakan masuk sekolah jam 05.00 pagi yang diterapkan di Nusa Tenggara Timur (NTT). #VoxPopuliInstitute #IndraCharismiadji #NTT https://t.co/UDrGXy4VXx","1631617920840105988","","","in","Jakarta Capital Region, Indone","0","0","0","https://twitter.com/medcom_id/status/1631617920840105988","902837643024539651","medcom_id"
"1631612638429089794","Fri Mar 03 11:09:01 +0000 2023","0","NTT itu masih Rawan jam begitu. Kasian murid merasa dipaksakan. Tolong Pak menteri Pendidikan @Nadiem_Makarim berhentikan Kebijakan Gila Dan Kacau dari Gubernur asal @NasDem itu. @KomnasHAM apa ini bukan sebuah Pelanggaran HAM? Siswa Siswi merasa Terpaksa https://t.co/LU63z6VE7S","1631612638429089794","https://pbs.twimg.com/media/FqSnCqSaIAAzyXW.jpg","","in","East Borneo, Indonesia","0","0","0","https://twitter.com/Deahasan99/status/1631612638429089794","1555076818092273664","Deahasan99"
"1631606592922697728","Fri Mar 03 10:45:00 +0000 2023","0","Gubernur Nusa Tenggara Timur Viktor Laiskodat beralasan kebijakan masuk sekolah jam 5 pagi atau 05.00 WITA untuk peningkatan kualitas pendidikan guna menghadirkan Sumber Daya Manusia (SDM) unggul. #GubernurNTT #NTT #ViktorLaiskodat https://t.co/HYUlNLKmL0","1631606592922697728","","","in","Jakarta Capital Region, Indone","0","0","0","https://twitter.com/medcom_id/status/1631606592922697728","902837643024539651","medcom_id"
"1631595596221124608","Fri Mar 03 10:01:18 +0000 2023","0","teman2 peneliti (atau peminat spt sy hehe) kebijakan pendidikan tahun depan #CIES2024 temanya seru banget semoga ada rejeki kita bisa ketemu di sana. Pengen ikut nyimak kajian temen2 Indonesia dgn tema ini deh","1631595596221124608","","","in","Indonesia","0","0","0","https://twitter.com/nisafaridz/status/1631595596221124608","59621626","nisafaridz"
"1631579137411522560","Fri Mar 03 08:55:54 +0000 2023","2"," Masyarakat rindu kebijakan yg membantu rakyat kecil mengurangi kemiskinan &amp; pengangguran pendidikan &amp; kesehatan. Jangan sampai Indonesia tak adil hanya seolah-olah dikuasai &amp; dimiliki segelintir orang saja. Kita ingin Indonesia adil utk semuanya. AHY #Demokrat https://t.co/w7UPV2kJwp","1631579137411522560","https://pbs.twimg.com/media/FqSIkjtaUAQZmQj.jpg","","in","Cirebon, Jawa Barat","0","0","0","https://twitter.com/RanggaDemokrat/status/1631579137411522560","1347597863845392385","RanggaDemokrat"
"1631575727278551040","Fri Mar 03 08:42:21 +0000 2023","22","Ini komnas perlindungan anak @KPAI_official dan mentri pendidikan @nadiemmakarim ke mana? Sebelum kebijakan diaplikasikan bukankah musti ada riset dl yg hrs disetujui kementrian? ------- Mengganti papan tulis manual dgn yg elektrik saja butuh riset panjang. ","1631575727278551040","","","in","","0","8","11","https://twitter.com/rahmani_ima/status/1631575727278551040","1270061207404363776","rahmani_ima"
"1631573838583713792","Fri Mar 03 08:34:50 +0000 2023","0","Ini kah yg namanya buntu dalam membuat kebijakan harusnya kebijakan untuk pendidikan yg mengarah kekreatifitas anak jgn terlalu fokus kedisplinan anak https://t.co/u43R6mQPOH","1631573838583713792","","","in","Jakarta Capital Region","0","0","0","https://twitter.com/rikiseptiadi/status/1631573838583713792","53644814","rikiseptiadi"
"1631541863005159424","Fri Mar 03 06:27:47 +0000 2023","0","Buntut Kebijakan Siswa Masuk Sekolah Jam 5 Pagi KPAI Panggil Kadis Pendidikan NTT Linus Lusi https://t.co/qNP79ovoit","1631541863005159424","","","in","Indonesia","0","0","0","https://twitter.com/telegrafnesia/status/1631541863005159424","1216072857991536640","telegrafnesia"
"1631534927060799488","Fri Mar 03 06:00:13 +0000 2023","0","Ketika orang2 yang mengatur kebijakan pendidikan tidak berpendidikan inilah hasilnya","1631534927060799488","","","in","Indonesia","0","1","0","https://twitter.com/framwyrmsbane/status/1631534927060799488","1064022808001372160","framwyrmsbane"
"1631511595900874753","Fri Mar 03 04:27:31 +0000 2023","39","Ya kebijakan pendidikan yang dibuat oleh kepala daerah pro miras kek manalah kualitasnya...","1631511595900874753","","","in","","0","3","12","https://twitter.com/malakmalakmal/status/1631511595900874753","76241729","malakmalakmal"
"1631503994161090560","Fri Mar 03 03:57:18 +0000 2023","0","Pakar Perkembangan Anak Remaja dan Pendidikan Fakultas Psikologi UGM Novi Poespita Candra menilai kebijakan jam masuk sekolah pukul 05.30 Wita di Nusa Tenggara Timur (NTT) bakal berdampak buruk bagi siswa #ntt #pendidikan #duniapendidikan https://t.co/zqilPrjtvX","1631503994161090560","","","in","Jakarta Capital Region, Indone","0","0","0","https://twitter.com/medcom_id/status/1631503994161090560","902837643024539651","medcom_id"
"1631474038836170753","Fri Mar 03 01:58:16 +0000 2023","97"," Masyarakat rindu kebijakan yg membantu rakyat kecil mengurangi kemiskinan &amp; pengangguran pendidikan &amp; kesehatan. Jangan sampai Indonesia tak adil hanya seolah-olah dikuasai &amp; dimiliki segelintir orang saja. Kita ingin Indonesia adil utk semuanya. AHY #Demokrat https://t.co/BH0HeAzytj","1631474038836170753","https://pbs.twimg.com/media/FqQo-7zagAA2vDh.jpg","","in","Jakarta Capital Region","1","20","26","https://twitter.com/PDemokrat/status/1631474038836170753","248199104","PDemokrat"
"1631445467216363520","Fri Mar 03 00:04:44 +0000 2023","1","Kebijakan gubernur ini diterapkan di 10 SMA/SMK. Tujuannya untuk meningkatkan mutu pendidikan di NTT. Harus ada yg mengubah pikirannya dan para pembisiknya. Dia betul-betul salah langkah.","1631445467216363520","","","in","Jawa Timur, Indonesia","0","1","0","https://twitter.com/hilalalify/status/1631445467216363520","210850714","hilalalify"
"1631433753322037248","Thu Mar 02 23:18:12 +0000 2023","0","#SelamatPagiJogja | Kompas : Pendidikan Dasar dan Menengah. Kaji Ulang Kebijakan Masuk Sekolah Pukul 5.30 di NTT","1631433753322037248","","","in","Yogyakarta","0","0","0","https://twitter.com/sonorafmjogja/status/1631433753322037248","189059637","sonorafmjogja"
"1631427698932449280","Thu Mar 02 22:54:08 +0000 2023","0","Mengambil kebijakan kok berdasar siapa tau kalau ingin tingkatkan kualitas pendidikan ya dengan tingkatkan kualitas SDM pengajar dan tentu juga sarana prasarana bukan dengan dasar siapa tau!!!","1631427698932449280","","","in","semarang","0","0","0","https://twitter.com/far1zal/status/1631427698932449280","357669907","far1zal"
"1631423332653621249","Thu Mar 02 22:36:47 +0000 2023","0","DPRD NTT udah nolak. Gubernur ngotot. Emang kepala daerah bikin kebijakan tanpa persetujuan DPRD yg gampang kebijakan yang ga pake duit. Coba kalo Gubernur NTT mencontoh Gubernur NTB dmn ada kebijakan utk memberi beasiswa pendidikan ke LN bg org yg tinggal di NTB. Berani?","1631423332653621249","","","in","Seoul, Republic of Korea","0","0","1","https://twitter.com/truzlover/status/1631423332653621249","78052012","truzlover"
"1631297523586584576","Thu Mar 02 14:16:52 +0000 2023","0","Pemerintah daerah perlu memperhitungkan kembali dari setiap kebijakan pendidikan yang berdampak luas https://t.co/Y2oa1XhX3w","1631297523586584576","https://pbs.twimg.com/media/FqOIcpPaMAAOuqz.jpg","","in","","0","0","0","https://twitter.com/josmar_tarigan/status/1631297523586584576","1434480688367955975","josmar_tarigan"
"1631294659648421890","Thu Mar 02 14:05:29 +0000 2023","0","[JAM SEKOLAH MAJU MAJUKAH PENDIDIKAN?] Halooo sobat UPGRIS! Tau ngga sih kebijakan Gubernur Nusa Tenggara Timur (NTT) Viktor Bungtilu Laiskodat mengubah jam masuk sekolah? Melalui instruksinya Laiskodat menetapkan jam masuk di sejumlah sekolah di NTT dimulai pukul 05.30. https://t.co/sGHvIoWEzN","1631294659648421890","https://pbs.twimg.com/media/FqOF1XHWYAIeH3a.jpg","","in","Semarang, Indonesia","0","1","0","https://twitter.com/BEMUPGRIS_/status/1631294659648421890","967243362725117953","BEMUPGRIS_"
"1631272643927191553","Thu Mar 02 12:38:00 +0000 2023","0","Lagi rame sekolah jam 5 pagi di NTT satu hal yang gue yakin orang yang berinisiatif bikin kebijakan itu pasti bukan praktisi pendidikan atau minimal bukan orang dengan latar belakang pendidikan. Orang di lapangan masuk sekolah jam 7 aja guru-guru udah kelabakan.","1631272643927191553","","","in","Indonesia","0","1","0","https://twitter.com/mediocre_people/status/1631272643927191553","721275166936793088","mediocre_people"
"1631267070297124864","Thu Mar 02 12:15:51 +0000 2023","0","Sepertinya kebijakan ini masih tidak efektif untuk diterapkan untuk pendidikan Indonesia Sekian dan terimakasih ","1631267070297124864","","","in","","0","0","0","https://twitter.com/Yeol191/status/1631267070297124864","1225222572792352768","Yeol191"
"1631265670120849409","Thu Mar 02 12:10:17 +0000 2023","0","Ketua Dewan Pendidikan Nusa Tenggara Timur (NTT) Simon Riwu Kaho menyatakan bahwa kebijakan Pemerintah Provinsi NTT tentang jam pembelajaran siswa SMA yang dimulai pada pukul 05.30 Wita sangat keliru dan NTT harus mengikuti standar pendidikan nasional https://t.co/3B7cdccGGK","1631265670120849409","","","in","","0","0","0","https://twitter.com/inilahdotcom/status/1631265670120849409","46693036","inilahdotcom"
"1631249129707012098","Thu Mar 02 11:04:34 +0000 2023","3","Dalam beberapa hari kita bisa melihat borok paling mendasar dari pendidikan dan kebijakan politikus atasnya lalu bingung gak tahu mau ngapain :))","1631249129707012098","","","in","Bandung, Indonesia","0","1","0","https://twitter.com/prajnamu/status/1631249129707012098","43258431","prajnamu"
"1631224764693106689","Thu Mar 02 09:27:45 +0000 2023","0","Yg aku pikir dari kemarin soal kebijakan akrobat ini adalah apakah urusan di sekolah adalah satu-satunya urusan siswa dalam hidupnya. Aku masih sepakat pendidikan itu sepatutnya pragmatis life skill yang diperoleh dari pekerjaan domestik berhak diterima anak. Penting itu.","1631224764693106689","","","in","","0","0","1","https://twitter.com/thesmslng/status/1631224764693106689","1565798842217271296","thesmslng"
"1631219809047412736","Thu Mar 02 09:08:03 +0000 2023","5","Kebijakan Masuk Jam 5 pagi perlu dikaji kembali lebih lanjut. Terlebih Masuk jam 5 pagi bukan merupakan tolak ukur kualitas pendidikan. #HARAM Jam 5 Shelia Dara #KPKKenaPrank #KawalDavid https://t.co/t4ByP4BAAk","1631219809047412736","","","in","","0","0","0","https://twitter.com/MukhlisHaji1/status/1631219809047412736","1623316726397169666","MukhlisHaji1"
"1631219481103179776","Thu Mar 02 09:06:45 +0000 2023","4","Kebijakan Masuk Jam 5 pagi perlu dikaji kembali lebih lanjut. Terlebih Masuk jam 5 pagi bukan merupakan tolak ukur kualitas pendidikan. #HARAM Jam 5 Shelia Dara #KPKKenaPrank #KawalDavid https://t.co/nbyjrg5co2","1631219481103179776","","","in","","0","0","0","https://twitter.com/UmbuAdiputra/status/1631219481103179776","1622907729714237440","UmbuAdiputra"
"1631218859352166401","Thu Mar 02 09:04:17 +0000 2023","5","Kebijakan Masuk Jam 5 pagi perlu dikaji kembali lebih lanjut. Terlebih Masuk jam 5 pagi bukan merupakan tolak ukur kualitas pendidikan. #HARAM Jam 5 Shelia Dara #KPKKenaPrank #KawalDavid https://t.co/2YwJgLyWK4","1631218859352166401","","","in","","0","0","0","https://twitter.com/Gabut180898/status/1631218859352166401","1459084423475830786","Gabut180898"
"1631218689461846017","Thu Mar 02 09:03:36 +0000 2023","0","Serikat Guru Indonesia Kritik Kebijakan Masuk Sekolah Jam 5 Pagi di NTT https://t.co/ybE6WLhitD #beritaterkini #pendidikan #serikatguruindonesia #ntt #sekolahjam5pagi #Guru #jmipendidikan #jurnalmediaindonesia https://t.co/eWGnXzBFsK","1631218689461846017","https://pbs.twimg.com/media/FqNAuubaQAAVMAP.jpg","","in","DKI Jakarta, Cengkareng","0","0","0","https://twitter.com/jurnalmediaind1/status/1631218689461846017","4707808602","jurnalmediaind1"
"1631218529415614464","Thu Mar 02 09:02:58 +0000 2023","8","Kebijakan Masuk Jam 5 pagi perlu dikaji kembali lebih lanjut. Terlebih Masuk jam 5 pagi bukan merupakan tolak ukur kualitas pendidikan. #HARAM Jam 5 Shelia Dara #KPKKenaPrank #KawalDavid https://t.co/UtPQ431Wu6","1631218529415614464","","","in","East Nusa Tenggara, Indonesia","0","0","0","https://twitter.com/KhairunBalith/status/1631218529415614464","1526498345044217856","KhairunBalith"
"1631209871512338433","Thu Mar 02 08:28:34 +0000 2023","0","Dinas Pendidikan dan Kebudayaan Provinsi NTT merevisi kebijakan jam masuk sekolah untuk siswa kelas 12 jenjang SMA/SMK dari yang awalnya jam 5 pagi kini menjadi jam setengah 6 pagi. https://t.co/KGM0fwM2EJ #mediadigitalcpp #indotvlive #PemprovNTT #Ombudsman #NTT https://t.co/pLqIq5D8w8","1631209871512338433","https://pbs.twimg.com/media/FqM4qgYaIAEDLGy.jpg","","in","","0","0","0","https://twitter.com/mediadigitalcpp/status/1631209871512338433","1274996555909525504","mediadigitalcpp"
"1631207605073747968","Thu Mar 02 08:19:34 +0000 2023","0","Akhir-akhir ini dunia Pendidikan di Tanah Air diramaikan dengan permintaan Gubernur Nusa Tenggara Timur (NTT) Viktor Bungtilu Laiskodat agar aktivitas sekolah khusus bagi SMA dan SMK dimulai pukul 05.00 WITA. Banyak pihak yang mempertanyakan kebijakan https://t.co/8KebO45sxU","1631207605073747968","","","in","","0","0","0","https://twitter.com/inilahdotcom/status/1631207605073747968","46693036","inilahdotcom"
"1631206456442626049","Thu Mar 02 08:15:00 +0000 2023","0","Dinas Pendidikan NTT merevisi kebijakan jam masuk sekolah jenjang pendidikan SMA/SMK yang awalnya pada pukul 05.00 WITA terkini diputuskan menjadi pukul 05.30 WITA. NNN #iNews #DinasPendidikan #NTT #Sekolah #SMA #SMK #JamMasuk #Kupang#NusaTenggaraTimur https://t.co/NSX4YpjUQq","1631206456442626049","https://pbs.twimg.com/media/FqMfA76X0AARRv2.jpg","","in","iNews Tower Jakarta","0","1","0","https://twitter.com/SeputariNews/status/1631206456442626049","375995332","SeputariNews"
"1631173186963517442","Thu Mar 02 06:02:48 +0000 2023","0","Kebijakan itu tidak melalui kajian yang mendalam. Pun tidak ada dasar hukum yang mengaturnya. Komisi V DPRD Provinsi NTT yang menangani urusan pendidikan tidak dilibatkan untuk membicarakan hal tersebut. https://t.co/ybcGpBtphW","1631173186963517442","","","in","Bandung, Indonesia","0","0","0","https://twitter.com/prajnamu/status/1631173186963517442","43258431","prajnamu"
"1631157270053797893","Thu Mar 02 04:59:33 +0000 2023","0","Wow... Bangsa Indonesia memasuki Periode Pendidikan ala Kelinci Percobaan oleh Politikus Seperti kebijakan @DKIJakarta dengan alasan kemacetan. seorang anak harus sekolah lebih pagi dari buka jam kantor. Padahal anak butuh kesiapan. @litbangdikbud dibekukan oleh gaya politik.","1631157270053797893","","","in","🙈 ","0","1","0","https://twitter.com/sir_usil/status/1631157270053797893","1173836558","sir_usil"
"1631148060184125441","Thu Mar 02 04:22:57 +0000 2023","0","Heboh! Sekolah di NTT Masuk Jam 5 Pagi Kemendikbudristek Tanggapi Kebijakan Tersebut Simak berita selengkapnya klik link berikut https://t.co/kJVhgfdVO1 #NTT #Pendidikan #Sekolah #Kemendikbud https://t.co/aqwaldSCAt","1631148060184125441","https://pbs.twimg.com/media/FqMAgcqWcAAfqVk.jpg","","in","","0","0","0","https://twitter.com/Forum_Daerah/status/1631148060184125441","1348531762415038465","Forum_Daerah"
"1631140047121694720","Thu Mar 02 03:51:07 +0000 2023","5","The road to hell is paved with good intentions. Meski tujuan pemerintah NTT adalah meningkatkan capaian akademik siswa kebijakan yang dibuat tanpa mempertimbangkan kajian kebutuhan remaja justru bisa mengancam kesehatan dan kemunduran pendidikan mereka. https://t.co/9AzXt50vBo","1631140047121694720","","","in","Jakarta Capital Region","0","0","1","https://twitter.com/ConversationIDN/status/1631140047121694720","892211698030989312","ConversationIDN"
"1631135141946077184","Thu Mar 02 03:31:37 +0000 2023","0","Sekolah jam 5 pagi? Kalo mau buat gebrakan Pemerataan pendidikan yg baik saja dulu dititik daerah analisis baru buat kebijakan. https://t.co/enSRgPeL0s","1631135141946077184","","","in","Jakarta Pusat, DKI Jakarta","0","0","0","https://twitter.com/belmondoscorpio/status/1631135141946077184","889480678655401984","belmondoscorpio"
"1631115964350894080","Thu Mar 02 02:15:25 +0000 2023","0","Sekalian ikuti cara-cara pondok pesantren baru tidur lalu bangun lagi tengah malam melakukan rutinitas tidur kurang lebih tiga jam setiap hari kebijakan nanggung akademisi pendidikan yg memaksa tidak lain hanya akan menciptakan monster &amp; rebel ( pemberontak ) di kemudian hari","1631115964350894080","","","in","Indonesia","0","0","0","https://twitter.com/alamteGarr/status/1631115964350894080","931942638","alamteGarr"
"1631110631893114880","Thu Mar 02 01:54:13 +0000 2023","0","tolong dong ini kebijakan kurikulum jgn suka berubah ubah agak pusing y saya sbg anak 'pendidikan' dgn tugasnya","1631110631893114880","","","in","1404","0","1","0","https://twitter.com/kwetiwauu/status/1631110631893114880","1107894451836313605","kwetiwauu"
"1631110611823378432","Thu Mar 02 01:54:09 +0000 2023","0","Bikin kebijakan itu bukan sak det sak nyet bossss Apalagi bikin kebijakan di bidang pendidikan Sudah ada penelitian kah yg komperhensif tentang jam sekolah jam 5 pagi bisa meningkatkan prestasi atau semacamnya? Kalo cuma nafsu bikin kebijakan Yo ngapain ente jadi pejabat ...!!","1631110611823378432","","","in","","0","0","0","https://twitter.com/SururiWahyudi/status/1631110611823378432","2944789968","SururiWahyudi"
"1631109520616484864","Thu Mar 02 01:49:48 +0000 2023","0","VIRAL! Kadis Pendidikan Kota Kupang Rasa Lucu Dengan Kebijakan Siswa Masuk Sekolah Jam 5 Pagi: Saya Tak Mampu https://t.co/cw2nNrrs22","1631109520616484864","","","in","Indonesia","0","0","0","https://twitter.com/telegrafnesia/status/1631109520616484864","1216072857991536640","telegrafnesia"
"1631108513689894912","Thu Mar 02 01:45:48 +0000 2023","0"," sekarang mama tidak takut setan.. ini mama takutnya dengan gubernur.. Org kementerian pendidikan ngga ada yg kasih peninjauan ulg kebijakan yg ngga banget ini??","1631108513689894912","","","in","house of ravenclaw","0","0","0","https://twitter.com/philaluphia/status/1631108513689894912","36034561","philaluphia"
"1631089041876844544","Thu Mar 02 00:28:26 +0000 2023","0","sebagai orang yang bergelut di bidang pendidikan saya sangat tidak setuju dengan kebijakan ini","1631089041876844544","","","in","Indonesia","0","0","0","https://twitter.com/ha2ydo/status/1631089041876844544","102281451","ha2ydo"
"1631065907354128385","Wed Mar 01 22:56:30 +0000 2023","0","Serius nanya ini ga bisa diapa-apain kah? Maksudnya kayak pemerintah pusat/kementerian pendidikan nyuruh nyabut kebijakan ini. Kasian banget anjirr.","1631065907354128385","","","in","","0","0","0","https://twitter.com/sayasangatcapek/status/1631065907354128385","1562447214097891333","sayasangatcapek"
"1631065341760532480","Wed Mar 01 22:54:15 +0000 2023","10","SUDAH SEWAJARNYA KEBIJAKAN GUB. NTT (@VBLaiskodat VBL)MASUK SEKOLAH JAM 5.30 DIBATALKAN SOALNYA SUDAH DITOLAK @dprdntt WALAU TETAP DIPERTAHANKAN KADIS PENDIDIKAN NTT TANPA PAYUNG HUKUM JADI @Itjen_Kemdikbud SEGERA PERIKSANYA&amp;REKOMENDASIKAN DIBERHENTIKAN KARENA VBL TIPU WARGA NTT. https://t.co/RRgz2atMiY","1631065341760532480","https://pbs.twimg.com/media/FqK1Qz7aYAApCDp.jpg","","in","Jakarta Capital Region","1","1","3","https://twitter.com/ProfylHenuk/status/1631065341760532480","1431351756823224321","ProfylHenuk"
"1631059423320850432","Wed Mar 01 22:30:44 +0000 2023","36","Alasan mulia dibalik kebijakan keras tapi cerdas Viktor; APBD NTT 50 % untuk pendidikan tapi sulit masuk UI dan UGM. Lebih baik suport anak didik supaya tangguh hadapi hidup supaya kehidupan tidak keras pada mereka nanti. Pahit jangan cepat ditolak https://t.co/O5Sz2F90CE","1631059423320850432","","","in","","1","7","5","https://twitter.com/nusantara_one/status/1631059423320850432","1198400601517748224","nusantara_one"
"1631055518029471745","Wed Mar 01 22:15:13 +0000 2023","7","Gara-gara peraturan nyeleneh ini aku Dinas Pendidikan &amp; Kebudayaan Provinsi Nusa Tenggara Timur diserbu dengan hujatan netizen. Mayoritas warganet menilai kebijakan yang dikeluarkan Gubernur NTT ini sangat mengada-ada. https://t.co/BFWCHJ0U4I","1631055518029471745","","","in","Indonesia","0","0","7","https://twitter.com/hidcom/status/1631055518029471745","65991060","hidcom"
"1630998848951709696","Wed Mar 01 18:30:02 +0000 2023","2","Anak-anak NTT yang harus sekolah jam 5 pagi gara-gara kebijakan Gubernurnya yang sok-sok-an itu harus dibela. Enggak ada salahnya Presiden @Jokowi dan Pak Mentri Pendidikan @Kemdikbud_RI memberitahu sang gubernur kengawuran kebijakannya itu;","1630998848951709696","","","in","Jakarta Barat, Indonesia","0","0","0","https://twitter.com/tikasinaga/status/1630998848951709696","55773173","tikasinaga"
"1630969995982422016","Wed Mar 01 16:35:23 +0000 2023","0","Jasra mengatakan KPAI telah melakukan komunikasi terkait kebijakan sekolah tersebut dengan Kepala Dinas Pendidikan dan Kebudayaan NTT. KPAI mendapat penjelasan bahwa kebijakan tersebut akan diterapkan di 10 sekolah yang menjadi ikon Kota Kupang. https://t.co/xvHWF9o9U2","1630969995982422016","","","in","Jakarta - Indonesia","0","1","0","https://twitter.com/mediaindonesia/status/1630969995982422016","68930552","mediaindonesia"
"1630962766847832067","Wed Mar 01 16:06:40 +0000 2023","0","Nadiem haru tegur gubernur NTT lakukan kebijakan tidak wajar dan merusak pendidikan nasional GUBERNUR NTT BIKIN HEBOH PERINTAHKAN SISWA SMA MASUK JAM 5 PAGI. SALAH PAHAM DUNIA PENDIDIKAN https://t.co/0oA80Hl6sZ","1630962766847832067","","","in","Jakarta Timur, DKI Jakarta","0","0","0","https://twitter.com/SsPasadena/status/1630962766847832067","1616209097254375425","SsPasadena"
"1630938344673935360","Wed Mar 01 14:29:37 +0000 2023","0","Adanya 'kebijakan' sekolah masuk jam 5 pagi adalah bukti bahwa NTT butuh peningkatan kualitas pendidikan. Lo bayangin ibunya siapin sarapan jam berapa? Apa ga sekalian makan sahur aja?","1630938344673935360","","","in","gotham","0","1","0","https://twitter.com/randumulia/status/1630938344673935360","148608548","randumulia"
"1630934255193960449","Wed Mar 01 14:13:22 +0000 2023","0","Masuk Sekolah Jam 5.30 Pagi di NTT Apa Respon @Kemdikbud_RI ? Saat ini Kemendikbudristek tengah berkoordinasi intensif dengan pemerintah daerah dan dinas pendidikan di Provinsi NTT terkait penerapan kebijakan masuk sekolah jam 05.30 WITA yg dimaksud. https://t.co/jsKN7YJhi6","1630934255193960449","https://pbs.twimg.com/media/FqI-C-4aYAAhTNV.jpg","","in","","0","1","0","https://twitter.com/JuviaTalks/status/1630934255193960449","110682056","JuviaTalks"
"1630922650439622658","Wed Mar 01 13:27:15 +0000 2023","24","Pakar pendidikan Itje Chodijah menilai kebijakan masuk sekolah jam 5 pagi bisa merampas hak istirahat anak. #newsupdate #update #news #text https://t.co/OUE8oU5xi9","1630922650439622658","","","in","","2","3","9","https://twitter.com/kumparan/status/1630922650439622658","759692754985242625","kumparan"
"1630922149207887880","Wed Mar 01 13:25:16 +0000 2023","0","Nah ini satu lagi berita yang lagi heboh di dunia Maya ada kebijakan yang baru untuk pendidikan di wilayah TIMUR khususnya https://t.co/FxCnp45jb3 yang mewajibkan kegiatan belajar mengajar tingkat atas atau SMA Mulai dari Pukul.05.00 pagi. @GubernurNTT pak gimna tanggpnnya https://t.co/JEgOnDMVRl","1630922149207887880","https://pbs.twimg.com/ext_tw_video_thumb/1630922054450176000/pu/img/SzfYbBbZAH267dm-.jpg","","in","Virgin Islands, U.S.","0","0","0","https://twitter.com/GramXbo/status/1630922149207887880","1593518142608658433","GramXbo"
"1630922018513354752","Wed Mar 01 13:24:44 +0000 2023","0","KALO kebijakan yg diambil berdasar riset mendalam dan ada dasarnya mungkin bisa diterima. Tapi ini gaada dasar gaada landasan main buat keputusan aja. Dinas pendidikan dan jajaran juga gaada power karna pada takut mutasi. Waw selfish sekali sobat-sobat super.","1630922018513354752","","","in","","0","1","0","https://twitter.com/adisaaaaaaa/status/1630922018513354752","1739922397","adisaaaaaaa"
"1630916880574849025","Wed Mar 01 13:04:19 +0000 2023","2","Retno menilai salah satu alasan Viktor Laiskodat membuat kebijakan itu untuk tingkatkan kualitas pendidikan tidak tepat. #focus #sekolahjam5pagi #news #text https://t.co/Ovqd4wvoQ2","1630916880574849025","","","in","","0","0","0","https://twitter.com/kumparan/status/1630916880574849025","759692754985242625","kumparan"
"1630915288362373121","Wed Mar 01 12:58:00 +0000 2023","7","Dinas Pendidikan dan Kebudayaan NTT bikin riuh dunia pendidikan Tanah Air. Mereka membuat kebijakan jam masuk sekolah siswa SMA/SMK di Kota Kupang pukul 05.00 Wita. Berikut suasananya di hari pertama. https://t.co/hlbAPunKvx","1630915288362373121","https://pbs.twimg.com/ext_tw_video_thumb/1630915191268417537/pu/img/ISih4d7VVFqgG-es.jpg","","in","","0","1","5","https://twitter.com/detikcom/status/1630915288362373121","69183155","detikcom"
"1630912017027543040","Wed Mar 01 12:45:00 +0000 2023","0","Kebijakan masuk sekolah pukul 05.00 WITA di Nusa Tenggara Timur (NTT) menuai polemik di masyarakat. Kementerian Pendidikan Kebudayaan Riset dan Teknologi (Kemendikbudristek). #NTT https://t.co/Zqi8lahyAe","1630912017027543040","","","in","Jakarta Capital Region, Indone","0","0","0","https://twitter.com/medcom_id/status/1630912017027543040","902837643024539651","medcom_id"
"1630910606839803904","Wed Mar 01 12:39:24 +0000 2023","0","Kemendikbudristek saat ini tengah berkoordinasi intensif dengan pemerintah daerah dan dinas pendidikan di Provinsi Nusa Tenggara Timur terkait penerapan kebijakan tersebut https://t.co/1ZULCLvvQK","1630910606839803904","https://pbs.twimg.com/media/FqIoJ0IaIAM1VLL.jpg","","in","","0","0","0","https://twitter.com/cferies/status/1630910606839803904","926950385733976064","cferies"
"1630907357990629376","Wed Mar 01 12:26:29 +0000 2023","0","Baru jalan 2 bulan tahun ini kebijakan goblok di dunia pendidikan udh muncul aja ‍️","1630907357990629376","","","in","Tenggarong-Surabaya , Jatim ","0","0","0","https://twitter.com/fachtomi/status/1630907357990629376","129463553","fachtomi"
"1630904228725288961","Wed Mar 01 12:14:03 +0000 2023","0","Apa tanggapan Pak Mentri Pendidikan @nadiemmakarim tentang kebijakan Gubenur NTT Anak Sekolah masuk sekolah Jam 5 Pagi... Apakah hak siswa terlindungi dan aman dalam kebijakan tersebut","1630904228725288961","","","in","","0","0","0","https://twitter.com/Belanda2812/status/1630904228725288961","1468583880101744640","Belanda2812"
"1630903488879411201","Wed Mar 01 12:11:07 +0000 2023","0","Setan bingung mau nyesatin... Ada gps Sekarang jam getanyangan diperpendek karena ada kebijakan baru sekolah jam 5pagi... Ancen seru banget negeriku.... Konon kabarnya demi menata hidup baru pendidikan.... Yang Ada wajah ngantukan","1630903488879411201","","","in","Portsaid.51","0","0","0","https://twitter.com/Vi3Zet/status/1630903488879411201","1608862321874718721","Vi3Zet"
"1630895843493707777","Wed Mar 01 11:40:44 +0000 2023","0","INFOCIMAHI - Dunia pendidikan saat ini tengah dihebohkan oleh kebijakan baru dari Gubernur Nusa Tenggara Timur Victor Laiskodat. Selengkapnya di https://t.co/RUepCOPR5k #cimahi #infocimahi https://t.co/ZDBFAeECoH","1630895843493707777","https://pbs.twimg.com/media/FqIYcaFaIAAcI-i.jpg","","in","","0","0","0","https://twitter.com/infocimahico/status/1630895843493707777","574546780","infocimahico"
"1630888187907428352","Wed Mar 01 11:10:19 +0000 2023","0","Sejak up berita ini saya masih belum ketemu studi/landasan ilmiah yang mendasari kebijakan tersebut. Ya walaupun pemda di negeri kita tercinta ini emang sering di luar nalar kalo bikin kebijakan minimal kalo urusan pendidikan tolong tertib dong landasan berfikirnya","1630888187907428352","","","in","","0","0","0","https://twitter.com/ikziruka/status/1630888187907428352","1036452439270948865","ikziruka"
"1630874029279129602","Wed Mar 01 10:14:03 +0000 2023","0","Kementerian Pendidikan Kebudayaan Riset dan Teknologi (Kemendikbudristek) menggulirkan Kebijakan Merdeka Belajar episode 23. https://t.co/hB1oQ7pYRZ","1630874029279129602","","","in","Surabaya","0","0","0","https://twitter.com/ngopibareng_id/status/1630874029279129602","1291246080269545472","ngopibareng_id"
"1630864006692077570","Wed Mar 01 09:34:13 +0000 2023","1","Mengenai siswa SMA/SMK di kota Kupang NTT yg diwajibkan masuk sekolah pukul 05.30 Kepala Biro Kerja Sama dan Hubungan Masyarakat Kemendikbudristek Anang Ristanto mengatakan jika Pemda perlu memperhitungkan kembali dari setiap kebijakan pendidikan yg berdampak. @Kemdikbud_RI https://t.co/dD5O03vDii","1630864006692077570","https://pbs.twimg.com/media/FqH-J7BagAE7nGc.jpg","","in","Medan ","0","1","0","https://twitter.com/M3juahjuah/status/1630864006692077570","1070343155319369728","M3juahjuah"
"1630862702376800259","Wed Mar 01 09:29:02 +0000 2023","0","Pk mentri pendidikan tolong di cek itu....itu lagi caripopularitas..Sinode GMIT Minta Kebijakan Jam Masuk Sekolah Dikaji Ulang Gubernur NTT: yang tidak Mampu Mundur https://t.co/ZrZgG1GYsi","1630862702376800259","","","in","Indonesia","0","0","0","https://twitter.com/bangbo34939871/status/1630862702376800259","1590938123693084673","bangbo34939871"
"1630861994806116352","Wed Mar 01 09:26:14 +0000 2023","5","Please deh yang ambil kebijakan dunia pendidikan yg ada basic pengajar ngerti psikologi sosial kemasyarakatan dll. Apa murid2 harus berangkat gelap2an banyak bahaya semi begadang dan tinggalkan sholat subuh bagi yg muslim? Begal disediakan sasaran empuk. Murid sakit meningkat","1630861994806116352","","","in","","0","1","2","https://twitter.com/Amira79770872/status/1630861994806116352","1333071374114385922","Amira79770872"
"1630848059302367232","Wed Mar 01 08:30:51 +0000 2023","4","Irrelevansi Kebijakan Jam Berlajar dan Prioritas Pendidikan di NTT https://t.co/o9ZkFL2FLk @Itjen_Kemdikbud @jokowi @perpusdikbud #sekolahjam5pagi","1630848059302367232","","","in","Jakarta Capital Region","0","0","2","https://twitter.com/Alamsyah_lamm/status/1630848059302367232","1227237402860670977","Alamsyah_lamm"
"1630847402101071873","Wed Mar 01 08:28:14 +0000 2023","0","Tapi kebijakan ini adalah kebijakan yang amat sangat konyol &amp; tidak efektif. Aktivitas pendidikan yang diwujudkan dalam kegiatan sekolah bukan hanya menuntut siswa bodoh menjadi pintar tapi merubah pola perilaku yang tidak baik menjadi baik. Disamping itu sekolah harus bisa","1630847402101071873","","","in","Semarang, Jawa Tengah","0","1","0","https://twitter.com/talkharisma/status/1630847402101071873","1141557705846353921","talkharisma"
"1630834456507604992","Wed Mar 01 07:36:48 +0000 2023","101","Ketua DPRD NTT Emelia Julia Nomleni dari Partai @PDI_Perjuangan secara tegas menolak kebijakan tersebut karena dinilai bertentangan dengan kebijakan pemerintah pusat yakni memerdekakan pendidikan. https://t.co/z8N6SY2wN3","1630834456507604992","https://pbs.twimg.com/media/FqHjSXhaQAAVGO5.jpg","","in","Indonesia 🇮🇩","0","9","11","https://twitter.com/KakekHalal/status/1630834456507604992","821859629034409985","KakekHalal"
"1630829052264325120","Wed Mar 01 07:15:20 +0000 2023","0","Dari berbagai berita ttg pendidikan yg kadang bikin jengkel ini yg rasanya bikin darah mendidih. Sesat logika udah kata yg paling bener. Kalau bikin kebijakan tentang pendidikan bisa nggak diskusi dulu sama pakar pendidikan &amp; perkembangan anak?","1630829052264325120","","","in","","0","1","0","https://twitter.com/deariiissti/status/1630829052264325120","82834418","deariiissti"
"1630820473520132103","Wed Mar 01 06:41:14 +0000 2023","0","Kok bisa pemprov menerapkan kebijakan kepada institusi dibawah kementrian (pendidikan) emangnya seluas apa sih wewenang pemprov?","1630820473520132103","","","in","Kalo gak di Sepeda ya di Vespa","0","0","0","https://twitter.com/wance19/status/1630820473520132103","44274212","wance19"
"1630816445948129280","Wed Mar 01 06:25:14 +0000 2023","2","Gubernur NTT buat kebijakan tentang sekolah jam 5 pagi seenak jidat atau emang udah di approve sama menteri pendidikan ya?","1630816445948129280","","","in","Bali, Sulawesi","0","0","0","https://twitter.com/fircumolonimbus/status/1630816445948129280","634575071","fircumolonimbus"
"1630799663614906368","Wed Mar 01 05:18:33 +0000 2023","27","Kebijakan jam masuk sekolah sebelum matahari terbit yakni pukul 05.00 Wita untuk siswa SMA/SMK di Kota Kupang NTT bikin riuh dunia pendidikan Tanah Air. Via: detikBali https://t.co/D9IhgQ9bP8","1630799663614906368","","","in","","7","44","8","https://twitter.com/detikcom/status/1630799663614906368","69183155","detikcom"
"1630795231716167681","Wed Mar 01 05:00:56 +0000 2023","324","Menko PMK Muhadjir Effendy mengatakan kebijakan masuk sekolah jam 5 pagi berdasarkan keinginan Gubernur NTT untuk melakukan revolusi mental dari sektor pendidikan di Provinsi NTT. #focus #sekolahjam5pagi #news #oneliner https://t.co/FZiSgH3u9S https://t.co/RHENdQa4MC","1630795231716167681","https://pbs.twimg.com/media/FqG_eADWIAAhYK-.jpg","","in","","516","462","60","https://twitter.com/kumparan/status/1630795231716167681","759692754985242625","kumparan"
"1630795086098210816","Wed Mar 01 05:00:21 +0000 2023","669"," UTAS Kebijakan sekolah pagi mulai pukul 05.00 WITA untuk siswa SMA di NTT menuai kritik. Kebijakan Gubernur Viktor Laiskodat ini dipertanyakan relevansinya dengan penuntasan ketertinggalan mutu pendidikan di wilayah ini. https://t.co/7WVOQH38lg #Dikbud #AdadiKompas https://t.co/JhenAEfszm","1630795086098210816","https://pbs.twimg.com/media/FqG_b8_XwAAXm57.jpg","","in","Palmerah, Jakarta","118","120","150","https://twitter.com/hariankompas/status/1630795086098210816","255866913","hariankompas"
"1630792253940830213","Wed Mar 01 04:49:06 +0000 2023","0","Perhimpunan Pendidikan dan Guru (P2G) menilai bahwa kebijakan Pemerintah Provinsi Nusa Tenggara Timur (NTT) yang mengharuskan siswa masuk sekolah pukul 5 pagi tampaknya tidak didasarkan pada kajian akademis terlebih dahulu. https://t.co/TUb3s2wIh4 https://t.co/8GQ4AT0eC6","1630792253940830213","https://pbs.twimg.com/media/FqG80t1aUAAltXb.jpg","","in","","0","0","0","https://twitter.com/inilahdotcom/status/1630792253940830213","46693036","inilahdotcom"
"1630791362584145921","Wed Mar 01 04:45:34 +0000 2023","0","Kebijakan publik pendidikan semestinya menyelesaikan akar persoalan pendidikan di NTT. https://t.co/LaUxgavrbB","1630791362584145921","","","in","Jakarta","0","0","0","https://twitter.com/pijarguru/status/1630791362584145921","2483096305","pijarguru"
"1630775492071804930","Wed Mar 01 03:42:30 +0000 2023","2","Bukannya memperbaiki kurikulum kesejahteraan guru anggaran untuk pendidikan &amp; perbaikan lain2nya malah bikin aturan diluar akal sehat manusia gini. Mana dalihnya gitu pula. Agak heran pemangku jabatan itu pada gimana sih pas rapat pembentukan kebijakan? Gmn brainstorming nya?","1630775492071804930","","","in","Surakarta, Jawa Tengah","0","1","0","https://twitter.com/dhatuputra/status/1630775492071804930","1028005308","dhatuputra"
"1630770615216136192","Wed Mar 01 03:23:07 +0000 2023","0","Terlepas dari berbagai pro kontra sekolah SMA jam 5 pagi beta salut dgn para ASN (terutama Kadis Pendidikan) yang terus pasang badan utk kebijakan Gubernur NTT. Itu butuh skill dan energi yang luar biasa! Tidak semua orang bisa begitu.","1630770615216136192","","","in","diatas karang aku berpijak","0","2","0","https://twitter.com/LikyLed/status/1630770615216136192","175075505","LikyLed"
"1630769520322199553","Wed Mar 01 03:18:46 +0000 2023","0","Dunia pendidikan dihebohkan kebijakan Gubernur NTT Viktor Laiskodat yang meminta aktivitas sekolah khusus tingkat SMA di Kupang dilaksanakan mulai pukul 05.00 Wita https://t.co/fK9u5tn5pc","1630769520322199553","","","in","Kalimantan Timur","0","0","0","https://twitter.com/majalahtimur/status/1630769520322199553","1248038958560210944","majalahtimur"
"1630762033208762369","Wed Mar 01 02:49:01 +0000 2023","0","Kebijakan pemerintah NTT membuktikan bahwa mereka tidak mengerti/memahami problem pendidikan. Pendidikan terluar terbelakang solusinya anak-anak masuk sekolah jam 5 pagi.","1630762033208762369","","","in","Indonesia","0","1","0","https://twitter.com/WqinOharaa/status/1630762033208762369","1115115507433107462","WqinOharaa"
"1630761512985063424","Wed Mar 01 02:46:57 +0000 2023","1","Perhimpunan Pendidikan dan Guru (P2G) menilai kebijakan Pemprov NTT masuk sekolah pukul 05.00 Wita tampaknya tidak melalui kajian akademis terlebih dahulu. https://t.co/eesRnKcuw5","1630761512985063424","","","in","NKRI","0","0","0","https://twitter.com/antaranews/status/1630761512985063424","18071520","antaranews"
"1630756430973370370","Wed Mar 01 02:26:45 +0000 2023","103","Selain tidak berbasis bukti/data kebijakan seperti ini tidak memposisikan peserta didik sebagai subjek dan pertimbangan utama. Kebijakan tidak masuk akal yang semata ingin memaksakan ambisi pada peserta didik. Jauh dari nilai pendidikan sebagai proses yang partisipatoris.","1630756430973370370","","","in","","0","4","31","https://twitter.com/Mythicalforest/status/1630756430973370370","1206518264811020289","Mythicalforest"
"1630733744419278849","Wed Mar 01 00:56:36 +0000 2023","1","Overdosis. Jelas itu bentuk pelanggaran norma-norma pendidikan yg ramah anak dan humanis. Mana ini mendikbud RI. @NADIM_MAKARIM. Tolong bikin kebijakan perhatikan hak anak didik kita.","1630733744419278849","","","in","Kalimantan Timur, Indonesia❤❤","0","0","0","https://twitter.com/JameKakah/status/1630733744419278849","1604119448088346625","JameKakah"
