"conversation_id_str","created_at","favorite_count","full_text","id_str","image_url","in_reply_to_screen_name","lang","location","quote_count","reply_count","retweet_count","tweet_url","user_id_str","username"
"1322182943347859457","Fri Oct 30 14:25:53 +0000 2020","0","BINSAR HUTABARAT INSTITUTE https://t.co/lrs3lFX9QG Blog penelitian penulisan dan beragam artikel terkait pendidikan kebijakan publik agama dan negara agama dan masyarakat majemuk yang perlu dibaca sebagai pencerahan dalam kehidupan bersama dalam masyarakat.","1322182943347859457","","","in","Indonesia","0","0","0","https://twitter.com/gratias21/status/1322182943347859457","49918805","gratias21"
"1322016853070278658","Fri Oct 30 03:25:54 +0000 2020","2","Tulisan bagian kedua @benlaksana (Indoprogress) soal prinsip2 pendidikan demokratis di tengah masyarakat kapitalis. Kebijakan institusi pendidikan &amp; kurikulum seharusnya demokratis sehingga siswa bisa menjadi pembaca kritis masyarakatnya. Selengkapnya https://t.co/hOoBvKjp3C","1322016853070278658","","","in","Indonesia","0","0","1","https://twitter.com/SylvieTanaga/status/1322016853070278658","333397387","SylvieTanaga"
"1321996477112016896","Fri Oct 30 02:04:56 +0000 2020","0","bapak presiden @jokowi dana asuransi pendidikan anak KAMI yg di salah gunakan oleh @AXA_Mandiri dan kami pun sekarg merugi mohon kebijakan bapak dalm hal ini. @ojkindonesia @JulienSteimer @HandojoKusuma @OmbudsmanRI137 @MataNajwa @nadiemmakarim","1321996477112016896","","","in","","0","0","0","https://twitter.com/IrawatiNora/status/1321996477112016896","1299237490344116229","IrawatiNora"
"1321747837382660097","Thu Oct 29 09:36:55 +0000 2020","1","Mahasiswa menanyakan ke mana para elite yang sudah mengenyam pendidikan tinggi hingga ke luar negeri tapi hanya diam ketika melihat ada kebijakan yang melemahkan rakyat. Di mana gelar-gelar akademik mereka selama ini? https://t.co/strce8Yt8t","1321747837382660097","","","in","Indonesia","0","0","0","https://twitter.com/Ngelmuco/status/1321747837382660097","1015137964639191040","Ngelmuco"
"1321737380735279105","Thu Oct 29 08:55:22 +0000 2020","4"," Para elite yang sudah mengenyam pendidikan tinggi di luar negeri justru diam saja melihat kebijakan yang melemahkan rakyat. Di mana gelar-gelar akademik mereka selama ini? #AntiRezimJokowi https://t.co/j7KkxifBcz","1321737380735279105","","","in","","0","0","0","https://twitter.com/AbiyuDaus/status/1321737380735279105","1274436180176584704","AbiyuDaus"
"1321643075538542592","Thu Oct 29 02:40:38 +0000 2020","0","Gue kadang kepikiran kalo jd menteri pendidikan. Pasti pusing bgt dapet omelan dari mana2 meanwhile pak nadiem harus muter otak supaya kebijakan yg dikeluarkan bisa tepat sasaran.....apalagi situasi kondisi saat ini.","1321643075538542592","","","in","Jakarta, Indonesia","0","0","0","https://twitter.com/indiramlsr/status/1321643075538542592","1068350644442910721","indiramlsr"
"1321551952661020673","Wed Oct 28 20:38:33 +0000 2020","0","Orasi Ilmiah Dr Fredrik Kande: Model Proses Kebijakan Pendidikan Menengah Berbasis Daerah Tertinggal di NTT https://t.co/A6IpsZfrFc","1321551952661020673","","","in","","0","0","0","https://twitter.com/MautukaDemas/status/1321551952661020673","1270254397621075968","MautukaDemas"
"1321431312616468482","Wed Oct 28 12:39:10 +0000 2020","0","[ FORUM DISKUSI 4 ] Pendidikan merupakan kunci pembangunan sumber daya manusia. Selama pandemi covid-19 maka diterapkannya kebijakan physical distancing untuk memutus penyebaran wabah yang menjadikan perubahan konsep pembelajaran dari pendidikan formal di bangku sekolah menjadi https://t.co/orCwYcdv1E","1321431312616468482","https://pbs.twimg.com/media/Elaqu2dUUAIxUzm.jpg","","in","Kampus FEB Unsoed, Purwokerto","0","1","0","https://twitter.com/HMPE_Unsoed/status/1321431312616468482","3023225767","HMPE_Unsoed"
"1321293121674760194","Wed Oct 28 03:30:03 +0000 2020","3","Dalam buku politik kebijakan pengembangan kurikulum di Indonesia (2019) Tujuan pendidikan satuan pendidikan merupakan tahapan wujud sekolah menuju visi yang telah ditetapkan. Menurut Permendiknas Nomor 22 Tahun 2006 tentang Standar (cont..) @AmrilmuhammadMp #AmrilMuhammad_UNJ","1321293121674760194","","","in","","1","1","11","https://twitter.com/afifahdmynt/status/1321293121674760194","1275945430967136256","afifahdmynt"
"1321257265869975554","Wed Oct 28 01:07:34 +0000 2020","17","Transformasi yang tanggap dan berkelanjutan di bidang pendidikan dan kebudayaan menjadi salah satu fokus pemerintah agar masyarakat maju bangkit dan pulih dari situasi pandemi Covid-19. Berbagai kebijakan diterbitkan dan aneka program dilaksanakan. #kemendikbud https://t.co/tUX2fSOLR8","1321257265869975554","https://pbs.twimg.com/media/ElYMd9bVMAEAjJL.jpg","","in","","0","0","5","https://twitter.com/detikcom/status/1321257265869975554","69183155","detikcom"
"1321253986771451904","Wed Oct 28 00:54:32 +0000 2020","8","Berbagai penyesuaian kebijakan pendidikan di masa pandemi Covid-19 telah dilakukan Kementerian Pendidikan dan Kebudayaan. https://t.co/DE1gWCvLhZ","1321253986771451904","","","in","Jakarta","2","2","2","https://twitter.com/kompascom/status/1321253986771451904","23343960","kompascom"
"1321129638215602177","Tue Oct 27 16:40:25 +0000 2020","3","Para pembuat kebijakan sekali kali lihatlah ke bawah dengarkan keluhan pendidikan daring sangat tidak efektif ini terutama bagi anak2 sekolah dasar Btw gue juga daring gak ampe bunuh diri:) https://t.co/rvy29RPNR8","1321129638215602177","https://pbs.twimg.com/media/ElWYZzgVgAEfrai.jpg","","in","AB-B-BG-A","0","0","0","https://twitter.com/JJooo_13/status/1321129638215602177","1253659484787847168","JJooo_13"
"1320907047068520448","Tue Oct 27 01:55:55 +0000 2020","4","Dalam buku politik kebijakan pengembangan kurikulum di Indonesia (2019) Setiap satuan pendidikan harus memiliki visi. Visi itulah yang kemudian menjadi acuan dalam mengembangkan misi dan program-program pendidikan di setiap satuan pendidikan. @AmrilmuhammadMp #AmrilMuhammad_UNJ","1320907047068520448","","","in","","1","1","16","https://twitter.com/afifahdmynt/status/1320907047068520448","1275945430967136256","afifahdmynt"
"1320686650729525253","Mon Oct 26 11:20:09 +0000 2020","0","Kesimpulan: perlunya stakeholders bersama-sama membuat berbagai terobosan yang cepat didunia pendidikan selama pandemi dengan berbagai kebijakan dan bantuan serta solusi untuk pengajar siswa dan orang tua menghadapi ditengah ketidakpastian dunia. #KemenkeuMengajar #pendidikan https://t.co/ccz9HCaJeq","1320686650729525253","https://pbs.twimg.com/media/ElQFf9ZUUAE-9y1.jpg","","in","","0","0","0","https://twitter.com/siapataurelate/status/1320686650729525253","1312315763156373504","siapataurelate"
"1320647358426722306","Mon Oct 26 08:44:01 +0000 2020","0","Sudah satu tahun kereta Merdeka Belajar ala Nadiem berjalan di rel pendidikan Indonesia. Sejak Nadiem dilantik bersama para menteri di kabinet Indonesia Maju hingga hari ini tertuanglah sejumput kebijakan pendidikan yang mudah untuk diingat #Headline https://t.co/LwznPL3ajm","1320647358426722306","","","in","Indonesia","0","0","1","https://twitter.com/kompasiana/status/1320647358426722306","23786106","kompasiana"
"1320557354316746752","Mon Oct 26 02:46:22 +0000 2020","0","Kebijakan Pendidikan Dan Sekolah Yang Memiskinkan https://t.co/YpwcMiTdO4","1320557354316746752","","","in","bekasi, jawa barat","0","0","0","https://twitter.com/iskandarhelmi47/status/1320557354316746752","3879163633","iskandarhelmi47"
"1320555298474455041","Mon Oct 26 02:38:12 +0000 2020","0","Kebijakan Pendidikan Dan Sekolah Yang Memiskinkan https://t.co/95HT0kAxh6 @instran @Kemendikbud_RI @kemenkopmk @PerekonomianRI @Kemenag_RI @TamanSiswa_ @TS_garis_lucu @Tamansismelawan @KSPgoid","1320555298474455041","","","in","bekasi, jawa barat","0","0","0","https://twitter.com/iskandarhelmi47/status/1320555298474455041","3879163633","iskandarhelmi47"
"1320535465703829504","Mon Oct 26 01:19:24 +0000 2020","27","Badan Pendidikan Penelitian &amp; Penyuluhan Sosial (BP3S) lewat Puslitbang Kessos merespons isu² yg bakal dhadapi Kemensos melalui kebijakan riset https://t.co/GLDecZSZ6p Ini sesuai keinginan Mensos @juliaribatubara ttg pnanggulangan kemiskinan dpt dtuntaskn dgn pmberdayaan sosial","1320535465703829504","","","in","DKI Jakarta, Indonesia","0","0","7","https://twitter.com/ApriliaLin/status/1320535465703829504","834268510939287552","ApriliaLin"
"1320519142319874048","Mon Oct 26 00:14:32 +0000 2020","1","Berbagai kebijakan yang berpihak kepada masyarakat pendidikan dan kebudayaan dilakukan untuk menjamin kesempatan seluas-luasnya untuk bersekolah hingga kuliah. https://t.co/qFmyTJTFmW","1320519142319874048","","","in","","0","0","0","https://twitter.com/kumparan/status/1320519142319874048","759692754985242625","kumparan"
"1320417105552961536","Sun Oct 25 17:29:04 +0000 2020","0","Kasian mas nadiem. Ngurus pendidikan di masa pandemi gn emg berattt! Banyak kontranya jelas. Gampang bgt emg buat ngmg harusnya gn harusnya gt tp yg namanya kebijakan emg gabisa memuaskan seluruh rakyat","1320417105552961536","","","in","","0","0","0","https://twitter.com/rereynalda/status/1320417105552961536","1278007898","rereynalda"
"1320350661754515456","Sun Oct 25 13:05:03 +0000 2020","0","Setahun menjabat Menteri Pendidikan dan Kebudayaan (Mendikbud) Nadiem Makarim mendapatkan rapor merah sebagai hasil kinerjanya dari Federasi Serikat Guru Indonesia (FSGI). FSGI menilai beberapa kebijakan mantan CEO Gojek tersebut https://t.co/VZ0AMajiiD","1320350661754515456","https://pbs.twimg.com/media/ElLT7PRUwAAoRVA.jpg","","in","","0","1","0","https://twitter.com/NewsPresisi/status/1320350661754515456","1285509482743623680","NewsPresisi"
"1320345156218834944","Sun Oct 25 12:43:10 +0000 2020","0","Baru setahun menjabat kinerja Menteri Pendidikan Nadiem Makarim menjadi sorotan. Banyak kebijakan yang diambil Mendikbud menyangkut dunia pendidikan di Indonesia selama setahun menjabat. Dari dihapuskannya Ujian Nasional yang dinilai sebagai langkah berani Nadiem Makarim. https://t.co/Hk5DNy5OxF","1320345156218834944","https://pbs.twimg.com/media/ElLO61MU0AIGnpG.jpg","","in","Jakarta Capital Region","0","0","0","https://twitter.com/JakTimNews1/status/1320345156218834944","1320328879760756736","JakTimNews1"
"1320332241109577728","Sun Oct 25 11:51:51 +0000 2020","0","EVALUASI PENDIDIKAN: Pedoman Wawancara Evaluasi Kebijakan Penerapan K... https://t.co/GybA7IGnHI","1320332241109577728","","","in","Indonesia","0","0","0","https://twitter.com/gratias21/status/1320332241109577728","49918805","gratias21"
"1320329570457849856","Sun Oct 25 11:41:14 +0000 2020","0","EVALUASI PENDIDIKAN: Pedoman Wawancara Evaluasi Kebijakan Penerapan K... https://t.co/GybA7IGnHI Ini cara membuat instrumen wawancara.","1320329570457849856","","","in","Indonesia","0","0","0","https://twitter.com/gratias21/status/1320329570457849856","49918805","gratias21"
"1320258932921700353","Sun Oct 25 07:00:33 +0000 2020","1","[Cm] Jika kalian menjadi menteri pendidikan sebutkan satu kebijakan yang pengen diterapkan di perguruan tinggi indonesia","1320258932921700353","","","in","","1","0","0","https://twitter.com/collegemenfess/status/1320258932921700353","1046084008742801408","collegemenfess"
"1320236791681617920","Sun Oct 25 05:32:34 +0000 2020","0","Pendidikan politik tidak hanya sebatas databg ke tps tetapi pendidikan politik juga harus masuk pada levelmengkritisi kebijakan kepentingan rakyat. ~alawan riantoby #Pilkada2020 #Ngopisik #ngobrolinpilkadaasik #pilkadaserentak2020 #PilkadaSehat https://t.co/DQvpkwAXOp","1320236791681617920","https://pbs.twimg.com/media/ElJsXVwUcAAZ-TC.jpg","","in","Indonesia","0","0","0","https://twitter.com/ngopi_sik/status/1320236791681617920","1296716032686477314","ngopi_sik"
"1320097844942925824","Sat Oct 24 20:20:27 +0000 2020","3","Berbicara problematika pendidikan di Indonesia seperti takan ada habisnya. Entah dari kurikulum sistem pembelajaran infrastruktur dan kebijakan-kebijakan lainnya yg dirasa blm mengarah kpd tujuan pendidikan itu sendiri. Entah dr tingkat taman kanak² sampai tingkat universitas.","1320097844942925824","","","in","Cilacap, Jawa Tengah","0","1","0","https://twitter.com/moedjib_muhamad/status/1320097844942925824","948806284744146944","moedjib_muhamad"
"1319868242991534080","Sat Oct 24 05:08:05 +0000 2020","0","Dulu pas kecil mau jadi guru. Trs pas sma berubah mau ambil HI tp ortu gak izinin. Akhirny ambil jurusan pendidikan terus kuliah profesi pendidikan skrg belum jadi pendidik. Haha. Susah sih kalo menterinya ganti2 mulu jadi kebijakan jg berubah2 trs.","1319868242991534080","","","in","","0","1","0","https://twitter.com/daydiana17/status/1319868242991534080","1002203870","daydiana17"
"1319847667178983424","Sat Oct 24 03:46:20 +0000 2020","0","EVALUASI PENDIDIKAN: Pemahaman Dosen tentang isi kebijakan KKNI https://t.co/1K7WRMIEZo","1319847667178983424","","","in","Indonesia","0","0","0","https://twitter.com/gratias21/status/1319847667178983424","49918805","gratias21"
"1319780970073968640","Fri Oct 23 23:21:18 +0000 2020","0","#ResumeLiveDiscussion | Pertanyaannya Apa kebijakan setelah evaluasi? Mampukah sistem pendidikan saat ini memenuhi berbagai kelemahan yang ada pada siswa dan sekolah? Mampukah guru? Mampukah negara menyediakan sarana prasarana pendukung? https://t.co/5IM4PzCKL5 https://t.co/vZesCxKBFx","1319780970073968640","https://pbs.twimg.com/media/ElDNxn3VgAAxgdY.jpg","","in","","0","0","0","https://twitter.com/ReginaWafa/status/1319780970073968640","1252582434815819782","ReginaWafa"
"1319704093145792518","Fri Oct 23 18:15:49 +0000 2020","2","Pendidikan sejarah untuk politisi sebagai kebutuhan dasar yang mendesak. Bukan karena tak mampu tp karena omong kosong politisi bs jadi kebijakan yang berdampak. Gimana mau bedain Islam Politik dan Politik Islam jika Haji Snouck dipuji tanpa cela.","1319704093145792518","","","in","Malang!","0","1","0","https://twitter.com/wahidJumaizah/status/1319704093145792518","83807882","wahidJumaizah"
"1319553856087363585","Fri Oct 23 08:18:50 +0000 2020","1","#SatuTahunGusMenteri Banyak kebijakan mengarah pd penyediaan layanan dasar pendidikan n kesehatan #tppijatim @jokowi @halimiskandarnu @malik_haramain @imansyukri @taufikmadjid71 @fachrilabalado @azzameldzikrie @tppkemendes @KemenDesa @kpw4jatim @ahmad_dewanto @bakron_hadi https://t.co/MwatyzkwS8","1319553856087363585","https://pbs.twimg.com/media/Ek__PQoUYAg3GSn.jpg","","in","","0","0","0","https://twitter.com/EdyAgus_eap28/status/1319553856087363585","920908452481843200","EdyAgus_eap28"
"1319513075456749568","Fri Oct 23 05:36:47 +0000 2020","0","KEBIJAKAN DAN IMPLEMENTASI PENDIDIKAN KARAKTER BANGSA PADA SATUAN PENDIDIKAN Tim Pengembang PENDIDIKAN KARAKTER BANGSA. - ppt download https://t.co/zBA7ZQxZSU","1319513075456749568","","","in","Jakarta Pusat, DKI Jakarta","0","0","0","https://twitter.com/mashari_ali/status/1319513075456749568","1436045209","mashari_ali"
"1319468866385313792","Fri Oct 23 02:41:06 +0000 2020","0","Jadi kepikiran mungkin salah satu alasan institusi pendidikan tinggi kita sulit untuk maju adalah karena pengambil kebijakan (the gov) ga percaya akademisi hasil penelitian dan rekomendasi akademiknya sendiri ","1319468866385313792","","","in","The Capital","0","0","0","https://twitter.com/afaldana/status/1319468866385313792","1055910272819490818","afaldana"
"1319227620261650432","Thu Oct 22 10:42:29 +0000 2020","83","MENGUBAH PENDIDIKAN MENGUBAH MASYARAKAT Perubahan pendidikan kerap gagal karena tidak didukung publik. Ini berlaku pula untuk Asesmen Nasional. Kebijakan ini hanya akan berhasil jika diiringi dengan upaya serius untuk mengubah mindset publik tentang ujian dan tujuan pendidikan. https://t.co/xsv5jT0kTV","1319227620261650432","https://pbs.twimg.com/media/Ek7Whl2VMAAzgCz.jpg","","in","📌 Jakarta ","7","1","38","https://twitter.com/ninoaditomo/status/1319227620261650432","353389293","ninoaditomo"
"1319221495827099650","Thu Oct 22 10:18:09 +0000 2020","2","Asesmen Nasional merupakan kebijakan baru yang telah dikeluarkan oleh Kementerian Pendidikan dan Kebudayaan (Kemendikbud). Untuk selengkapnya bisa di akses link berikut. https://t.co/FVFuZNpBg0","1319221495827099650","","","in","Jakarta","0","0","3","https://twitter.com/belajarapapun_/status/1319221495827099650","1298552130740002817","belajarapapun_"
"1319209364561956864","Thu Oct 22 09:29:56 +0000 2020","2","Staf sub bidang pendidikan aparatur sedang mengikuti FGD Evaluasi Kebijakan Program Afirmasi Pusbindiklatren https://t.co/3BVYNxSP74","1319209364561956864","https://pbs.twimg.com/media/Ek7F67yUUAEceK2.jpg","","in","East Nusa Tenggara, Indonesia","0","0","0","https://twitter.com/Bkdprovinsintt/status/1319209364561956864","1262967945648578561","Bkdprovinsintt"
"1319160417206165505","Thu Oct 22 06:15:26 +0000 2020","1","#sahabatdisdik Menteri Pendidikan dan Kebudayaan Indonesia Bapak Nadiem Makarim menyampaikan kebijakan Asesmen Nasional . Mari kita simak bersama - sama https://t.co/Yi3u2tp8ZI","1319160417206165505","","","in","Jakarta Capital Region","0","0","0","https://twitter.com/Disdik_DKI/status/1319160417206165505","941916333301567488","Disdik_DKI"
"1319149080895836160","Thu Oct 22 05:30:24 +0000 2020","1","Pemerintah melakukan keseimbangan dengan alur perkembangan dunia namun tidak semua rakyat mampu mengikuti alur kebijakan pemerintah. Seharusnya sosial media dapat dijadikan sarana dalam meningkatkan kualitas pendidikan dan mental untuk memahami masa depan dalam dunia tiktok.","1319149080895836160","","","in","","0","0","0","https://twitter.com/Gamtosa/status/1319149080895836160","1269695144845963264","Gamtosa"
"1319149053649666048","Thu Oct 22 05:30:17 +0000 2020","1"," Ini lanjutan dari kebijakan kolonial yang sudah saya sebut di atas: tujuan utama pendidikan bukan menyiapkan cendekia yang berpikir kritis bekerja mandiri berwawasan inovatif dan kreatif. Namun pegawai negeri dan profesional yang siap kerja secara patuh. ","1319149053649666048","","","in","koNGo","0","2","1","https://twitter.com/NJinkyung/status/1319149053649666048","1229320293623025666","NJinkyung"
"1319137090458693632","Thu Oct 22 04:42:45 +0000 2020","0","... dan staf atministrasi; tdk adanya transparasi pengelolaan sumber keuangan; belum terdistribusinya pengelolaan pendidikan; dan banyaknya penyelenggaraan administrasi yg tdk sesuai aturan baku organisasi. Kiai merupakaan figur sentral penentu kebijakan pendidikan pesantren. (3)","1319137090458693632","","","in","Jl. Tambra Raya No. 23 Jaktim","0","0","0","https://twitter.com/Prenadamedia2/status/1319137090458693632","821897566442786818","Prenadamedia2"
"1319023420907008001","Wed Oct 21 21:11:04 +0000 2020","0","KEBIJAKAN NASIONAL PENDIDIKAN KARAKTER ppt download https://t.co/Jl3ZwIFo8d","1319023420907008001","","","in","","0","0","0","https://twitter.com/Sanjaya_Sgt/status/1319023420907008001","117075439","Sanjaya_Sgt"
"1318926292457197573","Wed Oct 21 14:45:07 +0000 2020","0","Kebijakan satu belum selesai tumpang tindih dnegan kebijakan baru yang lain. Ayo mari kita bincang-bincang seputar pendidikan di Indonesia. https://t.co/EFl4UfkyqK","1318926292457197573","https://pbs.twimg.com/media/Ek3Ed9PVkAI3p3p.jpg","","in","West Java, Indonesia","0","0","0","https://twitter.com/Yemmi_Liu/status/1318926292457197573","712261573","Yemmi_Liu"
"1318890024243466241","Wed Oct 21 12:21:00 +0000 2020","3","[cm] aku butuh banget pendapat kalian sbg mahasiswa menurut kalian apa kebijakan pemerintah di bidang pendidikan yang kurang sesuai sama sila Pancasila?","1318890024243466241","","","in","","0","1","1","https://twitter.com/collegemenfess/status/1318890024243466241","1046084008742801408","collegemenfess"
"1318835987007434753","Wed Oct 21 08:46:16 +0000 2020","1","Makin kesini makin ga ngerti sama keadaan Lifestyle ekonomi kesehatan kebijakan pemerintah publik undang-undang pendidikan Heummm","1318835987007434753","","","in","Bandung,Jawa barat","0","0","0","https://twitter.com/ankiskis/status/1318835987007434753","482584469","ankiskis"
"1318762569805438976","Wed Oct 21 03:54:32 +0000 2020","0","Dua Prinsip Kebijakan Pendidikan di Masa Pandemi COVID-19 https://t.co/mgypl2s2he","1318762569805438976","","","in","Jl. Tambra Raya No. 23 Jaktim","0","0","0","https://twitter.com/Prenadamedia2/status/1318762569805438976","821897566442786818","Prenadamedia2"
"1318762463991451648","Wed Oct 21 03:54:07 +0000 2020","0","Menilik Arah Kebijakan Kemendikbud Hadapi Persoalan Pendidikan di Masa Pandemi https://t.co/qqR5jv0cpQ","1318762463991451648","","","in","Jl. Tambra Raya No. 23 Jaktim","0","0","0","https://twitter.com/Prenadamedia2/status/1318762463991451648","821897566442786818","Prenadamedia2"
"1318762042635923458","Wed Oct 21 03:52:27 +0000 2020","0","Dua Prinsip Kebijakan Pendidikan di Masa Pandemi COVID-19 https://t.co/zJnNzBktw7","1318762042635923458","","","in","Jakarta, Indonesia","0","0","0","https://twitter.com/didienAZHAR/status/1318762042635923458","194590819","didienAZHAR"
"1318707404188524544","Wed Oct 21 00:15:20 +0000 2020","2","Di tengah pandemi Covid-19 ini salah satu dampak terbesarnya adalah pendidikan yang menjadikan semua pelajar baik dari tingkat SD SMP hingga SMA di wajibkan sekolah daring. Melihat dari kebijakan tersebut poster ini mewakili bahwa masalah apapun pendidikan harus tetap jalan https://t.co/ih2KYhF2c6","1318707404188524544","https://pbs.twimg.com/media/Ekz9WSGVkAA25o3.jpg","","in","","0","0","1","https://twitter.com/AyuHamri/status/1318707404188524544","1177559493892173824","AyuHamri"
"1318481794837008385","Tue Oct 20 09:18:50 +0000 2020","0","(3) Pengawas orangtua dan masyarakat yang peduli pendidikan sebagai bahan penambah wawasan tentang kebijakan dan peristiwa pendidikan. (5) ISBN: 978-602-422-025-9 Harga: Rp 60.000 - https://t.co/VkBrJNZFYD","1318481794837008385","","","in","Jl. Tambra Raya No. 23 Jaktim","0","0","0","https://twitter.com/Prenadamedia2/status/1318481794837008385","821897566442786818","Prenadamedia2"
"1318481756715053056","Tue Oct 20 09:18:41 +0000 2020","0","(2) Kepala sekolah ketua yayasan dekan rektor menteri kepala dinas bupati walikota gubernur dan anggota dewan sebagai bahan pertimbangan pengambilan kebijakan pendidikan. (4)","1318481756715053056","","","in","Jl. Tambra Raya No. 23 Jaktim","0","0","0","https://twitter.com/Prenadamedia2/status/1318481756715053056","821897566442786818","Prenadamedia2"
"1318481719922577408","Tue Oct 20 09:18:32 +0000 2020","0","Buku ini bisa diambil manfaat oleh banyak kalangan: (1) Dosen dan mahasiswa Program Studi Manajemen Pendidikan baik S-1 S-2 maupun S-3 bisa menjadikannya referensi dan bahan diskusi dalam matakuliah Analisis Kebijakan Pendidikan dan matakuliah Manajemen Pendidikan. (3)","1318481719922577408","","","in","Jl. Tambra Raya No. 23 Jaktim","0","0","0","https://twitter.com/Prenadamedia2/status/1318481719922577408","821897566442786818","Prenadamedia2"
"1318481636070096896","Tue Oct 20 09:18:12 +0000 2020","0","Opini pendidikan ditulis terkait kebijakan dan peristiwa seputar pendidikan dari pendidikan dasar pendidikan menengah hingga pendidikan tinggi. (2)","1318481636070096896","","","in","Jl. Tambra Raya No. 23 Jaktim","0","0","0","https://twitter.com/Prenadamedia2/status/1318481636070096896","821897566442786818","Prenadamedia2"
"1318481506558373888","Tue Oct 20 09:17:42 +0000 2020","0","ANALISIS KEBIJAKAN PENDIDIKAN (Dr. Jejen Musfah M.A.) Buku ini merupakan kumpulan opini pendidikan yang terbit di media massa sepanjang tahun 2015 yaitu di Republika SINDO Media lndonesia Radar Bogor Go Cakrawala dan Amanah. (1) https://t.co/kxcrOOK6vi","1318481506558373888","https://pbs.twimg.com/media/Ekwv7imVoAAagRC.jpg","","in","Jl. Tambra Raya No. 23 Jaktim","0","0","0","https://twitter.com/Prenadamedia2/status/1318481506558373888","821897566442786818","Prenadamedia2"
"1318480884396302336","Tue Oct 20 09:15:13 +0000 2020","1","Nelayan di Buton Selatan terus berburu hiu mereka tidak punya pilihan rendahnya pendidikan membuat mereka tidak melek finansial. Seberapa jauh efektifitas kebijakan dan regulasi? Liputan @RizaSalman4 https://t.co/YQOsPvtf4T via @ekuatorial @SIEJ_info","1318480884396302336","","","in","Indonesia","0","0","1","https://twitter.com/EkuatorialMap/status/1318480884396302336","2155701200","EkuatorialMap"
"1318472616978436096","Tue Oct 20 08:42:22 +0000 2020","0","Sejarah harus terus dipelajari diteliti dan disuguhkan pada semua generasi. Harus ada upaya pengawalan ketat atas kebijakan-kebijakan pendidikan yang dikeluarkan oleh Kemendikbud agar tetap ramah sejarah agar negara ini.. https://t.co/dtieuezkNh","1318472616978436096","","","in","","0","0","0","https://twitter.com/narasipost/status/1318472616978436096","1314724829895958532","narasipost"
"1318437714333609984","Tue Oct 20 06:23:41 +0000 2020","2","#MetroSiang Salah satu target dalam pemerintahan Presiden Joko Widodo dan Ma'ruf Amin berfokus pada pembangunan SDM unggul. Berbagai program dan kebijakan strategis dibuat termasuk meningkatkan anggaran pendidikan. https://t.co/SOzNo2G83M https://t.co/t6HfOQ7GY9","1318437714333609984","https://pbs.twimg.com/media/EkwIGV9VcAEWvMd.jpg","","in","","0","4","1","https://twitter.com/Metro_TV/status/1318437714333609984","57261519","Metro_TV"
"1318162815069290497","Mon Oct 19 12:11:20 +0000 2020","0","Dalam pendidikan globalisasi memberi pengaruh kuat terhadap kebijakan praktik dan kelembagaan pendidikan. Pendidikan diarahkan untuk menyiapkan orang dalam dunia kerja. #globalisasi #kehidupanmodern #peranglobalisasi #lampungpostid #modern https://t.co/SY6kuVFTUx","1318162815069290497","","","in","Lampung, Indonesia","0","0","0","https://twitter.com/lampungpostid/status/1318162815069290497","1079671739364167680","lampungpostid"
"1317987744929337352","Mon Oct 19 00:35:40 +0000 2020","1","Dalam buku politik kebijakan pengembangan kurikulum di Indonesia (2019) Pemberlakuan kurikulum 1994 berdasarkan Keputusan Menteri Pendidikan dan Kebudayaan Nomor 060/U/1993 tanggal 29 Februari 1993. @AmrilmuhammadMp #AmrilMuhammad_UNJ","1317987744929337352","","","in","","1","1","14","https://twitter.com/afifahdmynt/status/1317987744929337352","1275945430967136256","afifahdmynt"
"1317846274108837888","Sun Oct 18 15:13:30 +0000 2020","0","Innalilahi wainnailihi rojiun Miris sekali kalau sampai ada yg bunuh diri karena pendidikan:(( saya sbg tenaga pendidik sangat prihatin Mohon kebijakan nya pak menteri pendidikan dan kebudayaan agar diperhatikan @nadiemmakarim @Kemdikbud_RI","1317846274108837888","","","in","Cimahi","0","0","0","https://twitter.com/yusupaya/status/1317846274108837888","361289782","yusupaya"
"1317802826362310656","Sun Oct 18 12:20:52 +0000 2020","0","Pendidikan politik itu bukan demo menentang kebijakan pendidikan politik itu ikut Pemilu atau Pilkada. Milih penguasa. Paham?","1317802826362310656","","","in","Kendal, ID","0","1","0","https://twitter.com/NurFatonii/status/1317802826362310656","238259162","NurFatonii"
"1317717225579503616","Sun Oct 18 06:40:43 +0000 2020","0","Di twitter rame-rame Nadin Nadin emang mentri pendidikan bikin kebijakan apa lagi?","1317717225579503616","","","in","Indonesia","0","0","0","https://twitter.com/welmove_/status/1317717225579503616","93235070","welmove_"
"1317674255631351808","Sun Oct 18 03:49:58 +0000 2020","0","EVALUASI PENDIDIKAN: Ciri-Ciri umum Kebijakan Publik https://t.co/BAjeiBLIVB","1317674255631351808","","","in","Indonesia","0","0","0","https://twitter.com/gratias21/status/1317674255631351808","49918805","gratias21"
"1317664569955741699","Sun Oct 18 03:11:29 +0000 2020","0","Kita Balik lagi ke dunia santai2 aja. Tenaga Kerja. Pendidikan. Seni. Lingkungan Hidup dan ... Dukung Kebijakan Pemerintah! ","1317664569955741699","","","in","Jogja ","0","0","0","https://twitter.com/pak_kiki_upn/status/1317664569955741699","1296338359422316545","pak_kiki_upn"
"1317420952989302785","Sat Oct 17 11:03:26 +0000 2020","0","sore ini ngobrol sama pak jo penjual sop iga &amp; soto ayam di sebrang kampus depan unsoed. datang dari bogor sendirian pada 2010 cari nafkah buat anak &amp; keluarga di bogor. kecewa dengan kebijakan pemerintah terkait omnibus law penanganan covid dan sistem pendidikan.","1317420952989302785","","","in","","0","1","0","https://twitter.com/114brokenradio/status/1317420952989302785","1038830609848659973","114brokenradio"
"1317040616870572033","Fri Oct 16 09:52:07 +0000 2020","0","plis dong bapak ibu menteri pendidikan di masa depan jangan seenaknya ganti kebijakan-kebijakan kan kita jadi ribet sendiri nich huh kesal","1317040616870572033","","","in","she/her","0","0","0","https://twitter.com/koutarosca/status/1317040616870572033","1259224081385222145","koutarosca"
"1316978218415607809","Fri Oct 16 05:44:10 +0000 2020","10","Iklim politik kita sedemikian keruh karena diisi politisi yang membodohkan dan mengadu domba masyarakat padahal pendidikan politik lewat kebijakan yang berkeadilan dapat dilakukan dan mereka sengaja tidak melakukannya.","1316978218415607809","","","in","","0","0","1","https://twitter.com/tanikelana/status/1316978218415607809","731524442","tanikelana"
"1316950760924512257","Fri Oct 16 03:55:03 +0000 2020","0","Andai menteri pendidikan merilis peraturan mengenai kebijakan dosen agar tidak menyulitkan mahasiswa dalam membuat skripsi niscaya tak kan ada demo malah ingin anda jadi menteri selamanya.","1316950760924512257","","","in","","0","0","0","https://twitter.com/pengenapaajadah/status/1316950760924512257","1174587955794460672","pengenapaajadah"
"1316688822311157760","Thu Oct 15 10:34:12 +0000 2020","0","Aspek kesehatan cuci tangan dg sabun Cuci tangan sesuai tuntunan agama Strategi pembudayaan cuci tangan di institusi pendidikan SNI untuk produk sabun cuci tangan Pembangunan sarpras cuci tangan nasional Cuci tangan dari kebijakan kontroversial ","1316688822311157760","","","in","Liyue Harbor","0","0","0","https://twitter.com/maruppon/status/1316688822311157760","68590639","maruppon"
"1316629838157864961","Thu Oct 15 06:39:49 +0000 2020","0","EVALUASI PENDIDIKAN: Pemahaman Dosen tentang isi kebijakan KKNI https://t.co/1K7WRMIEZo","1316629838157864961","","","in","Indonesia","0","0","0","https://twitter.com/gratias21/status/1316629838157864961","49918805","gratias21"
"1316579311176933376","Thu Oct 15 03:19:03 +0000 2020","0","Terapin kekampus lebih asik lagi kayaknya. Udah saatnya segala kebijakan publik itu di uji dimimbar pendidikan. Jangan melulu lewat lembaga pemerintah aja. Science itu jujur.","1316579311176933376","","","in","Melayu-Bugis-Jawa-Tambi","0","0","0","https://twitter.com/Dewara_Wisnu/status/1316579311176933376","1139591653","Dewara_Wisnu"
"1316206475128139776","Wed Oct 14 02:37:32 +0000 2020","2","PKAPBN BKF Kemenkeu Ubaidi Socheh Hamidi menjelaskan pembiayaan paling tinggi dari kebijakan strategis APBN 2021 untuk pengembangan pendidikan. https://t.co/Ci6jzWolgS","1316206475128139776","","","in","Jakarta","0","0","0","https://twitter.com/kompascom/status/1316206475128139776","23343960","kompascom"
"1316206386368245760","Wed Oct 14 02:37:11 +0000 2020","0","Ini 7 Kebijakan Strategis APBN 2021 Alokasi Pendidikan Rp550 5 Triliun https://t.co/tqdOwK320I","1316206386368245760","","","in","","0","0","0","https://twitter.com/PortalMajaleng1/status/1316206386368245760","1295985737188311040","PortalMajaleng1"
"1316175880792600578","Wed Oct 14 00:35:58 +0000 2020","1","Kebijakan Assesmen Nasional sudah lama ditunggu oleh penggiat pendidikan. https://t.co/AxVR7lb3RV","1316175880792600578","","","in","Jakarta, Indonesia","0","0","0","https://twitter.com/republikaonline/status/1316175880792600578","22126902","republikaonline"
"1316033459349934080","Tue Oct 13 15:10:02 +0000 2020","0","#ProgramPermataSakti Program tersebut merupakan salah satu kebijakan dari Menteri Pendidikan dan Kebudayaan (Kemendikbud) Republik Indonesia dalam mendukung merdeka belajar kampus. https://t.co/cYvequzVIn","1316033459349934080","","","in","Kota Banda Aceh","0","0","0","https://twitter.com/acehsatumedia/status/1316033459349934080","4576140566","acehsatumedia"
"1315889206976081920","Tue Oct 13 05:36:49 +0000 2020","5","Selain memberikan hak kebebasan berpendatan kepada setiap individu pemangku kebijakan terkait pendidikan juga perlu memperhatikan beberapa prinsip - prinsip ini supaya kebijakan tersebut efektif dan sejalan dengan nilai - nilai demokrasi. https://t.co/wfh7R7llIX","1315889206976081920","https://pbs.twimg.com/media/EkL6QasUcAApSrJ.jpg","","in","Jakarta, Indonesia","0","2","2","https://twitter.com/wahidfoundation/status/1315889206976081920","480230317","wahidfoundation"
"1315829418003181570","Tue Oct 13 01:39:14 +0000 2020","0","3 Kebijakan Pendidikan yang Penting dari Joe Biden https://t.co/hhTSaL77jD","1315829418003181570","","","in","Jakarta Selatan, DKI Jakarta","0","0","0","https://twitter.com/matapolitikcom/status/1315829418003181570","1305034978661605377","matapolitikcom"
"1315789462396256256","Mon Oct 12 23:00:28 +0000 2020","0","Jawaban untuk Apakah kebijakan i Menteri Pendidikan memberi pulsa selama Pandemi Corona Virus 19 dapat membantu meningkatkan mutu pendidikan dan daya saing anak Indonesia? oleh Ria Ria https://t.co/JL43G8K3qi","1315789462396256256","","","in","Aceh ","0","0","0","https://twitter.com/IRWANDIZAKARIA/status/1315789462396256256","134423150","IRWANDIZAKARIA"
"1315559105491202049","Mon Oct 12 07:45:07 +0000 2020","0","https://t.co/LF5HFwdG23 - Pengamat dan Praktisi Pendidikan Satriwan Salim mengkritisi kebijakan Kementerian Pendidikan dan Kebudayaan (Kemendikbud) yang meminta mahasiswa tak ikut demonstrasi. Kampus pun diinstruksikan untuk sosialisasi UU Omnibus Law.","1315559105491202049","","","in","Jakarta","0","0","0","https://twitter.com/Satriwan_Salim/status/1315559105491202049","354794136","Satriwan_Salim"
"1315488045106302978","Mon Oct 12 03:02:45 +0000 2020","1","https://t.co/sslwz5DR3u Seperti yang kita ketahui kebijakan kampus merdeka yang merupakan inovasi baru yang diberikan oleh pemerintah Kementerian Pendidikan dan Kebudayaan (Kemendikbud) untuk memajukan mutu pendidikan khususnya dalam lingkup pendidikan tinggi jelasnya.","1315488045106302978","","","in","Universitas Negeri Makassar","0","0","0","https://twitter.com/lpmprofesiunm/status/1315488045106302978","468704267","lpmprofesiunm"
"1315485004508483585","Mon Oct 12 02:50:40 +0000 2020","8","Bapak. Wikan Sakarinto ST MSc PhD berkunjung ke Polines untuk berdiskusi tentang kebijakan pendidikan vokasi terkini. #PolinesJaya #PolinesMenginspirasi #PolinesVokasi #CommitedtoQuality #IDUKAPolines #mitrasDUDI #VokasiKuat #IndonesiaMaju #MenguatkanIndonesia https://t.co/q9rh20IQTz","1315485004508483585","https://pbs.twimg.com/media/EkGKdPCVcAMiBgw.jpg","","in","Kota Semarang, Jawa Tengah","1","1","0","https://twitter.com/PolinesOfficial/status/1315485004508483585","914628383308476416","PolinesOfficial"
"1315469341966528513","Mon Oct 12 01:48:26 +0000 2020","0","Koreksi berjamaah seluruh dewan guru di gedung serba guna. Kebijakan kabid. Pendidikan dan diawasi oleh bapak pimpinan. Mengoreksi lembar ujian santri/ wati dalam ujian mid semester 2020 https://t.co/YusrQabkNX","1315469341966528513","https://pbs.twimg.com/media/EkF8YsjUcAIh6Q2.jpg","","in","","0","0","0","https://twitter.com/LitbangM/status/1315469341966528513","1267697631427346434","LitbangM"
"1315297533107691520","Sun Oct 11 14:25:43 +0000 2020","0","Kemendikbud Keluarkan Kebijakan Asesmen Nasional untuk Evaluasi Pendidikan https://t.co/wGpFeWN0sw","1315297533107691520","","","in","Sibolga, Indonesia","0","0","0","https://twitter.com/SmartNews_Tpn/status/1315297533107691520","4746479472","SmartNews_Tpn"
"1315271377365069828","Sun Oct 11 12:41:47 +0000 2020","2","RUU Cipta Kerja Tidak membahas peraturan tentang kebilakan pendidikan formal dan non formal... Semua masih mengaju ke kebijakan seperti biasanya.. Jangan termakan Hoax... @jokowi https://t.co/DcXLeVVU3C","1315271377365069828","","","in","","0","0","1","https://twitter.com/DivaCatrii/status/1315271377365069828","1187174688612474881","DivaCatrii"
"1315270588756234240","Sun Oct 11 12:38:39 +0000 2020","0","RUU Cipta Kerja Tidak membahas peraturan tentang kebilakan pendidikan formal dan non formal... Semua masih mengaju ke kebijakan seperti biasanya.. Jangan termakan Hoax... @jokowi https://t.co/eM8jEJSMqk","1315270588756234240","","","in","","0","0","0","https://twitter.com/GueTionghoa/status/1315270588756234240","1192577659936464896","GueTionghoa"
"1315265511194730497","Sun Oct 11 12:18:28 +0000 2020","4","Deputi Kebijakan dan Strategi (Jakstra) Bakamla Laksda Bakamla Tatit E. Witjaksono S.E. https://t.co/J2IlCzdUnr.(Han) memberikan pembekalan kepada 85 Siswa Pendidikan Dasar Militer (Diklatsarmil) Bakamla RI di Gedung Bawean Pusdiklatsarmil Juanda Surabaya Sabtu (10/8/20). https://t.co/NmSSBAunV7","1315265511194730497","https://pbs.twimg.com/media/EkDDAjXVoAMmd1Z.jpg","","in","Jakarta Pusat, DKI Jakarta","0","0","0","https://twitter.com/HumasBakamlaRI/status/1315265511194730497","960462499349843969","HumasBakamlaRI"
"1315240236016836611","Sun Oct 11 10:38:02 +0000 2020","1","Pengamat pendidikan Satriwan Salim mengkritisi kebijakan Kemendikbud yang melarang mahasiswa demo dan meminta kampus ikut sosialisasi UU omnibus law #OmnibusLaw https://t.co/FHWow9JUQO","1315240236016836611","","","in","Indonesia","0","1","1","https://twitter.com/jpnncom/status/1315240236016836611","79130206","jpnncom"
"1315223684265598977","Sun Oct 11 09:32:16 +0000 2020","35",".@Kemdikbud_RI mengeluarkan kebijakan Asesmen Nasional yang dirancang tidak hanya sebagai pengganti ujian nasional dan ujian sekolah berstandar nasional tetapi sebagai penanda perubahan paradigma tentang evaluasi pendidikan. https://t.co/c25coU3I8b","1315223684265598977","","","in","Jakarta","0","2","15","https://twitter.com/setkabgoid/status/1315223684265598977","260686783","setkabgoid"
"1314915649559441409","Sat Oct 10 13:08:15 +0000 2020","0","Salah satu tujuan acara ini adalah mensosialisasikan kebijakan pernikahan masal antara Dunia Usaha dan Dunia Industri (DUDI) dengan satuan pendidikan vokasi.#vokasi https://t.co/DgCxGwtuEC","1314915649559441409","","","in","Batam, Kepulauan Riau","0","0","0","https://twitter.com/kepripostcom/status/1314915649559441409","1237785164","kepripostcom"
"1314792995724554240","Sat Oct 10 05:00:52 +0000 2020","8","Pantesan pendidikan dijadiin barang dagang. Nalar kritis kementrian mati. Masa disuruh manut aja tanpa mengkritisi kebijakan? Bahkan Draft Omnibus Law ae masih ngablu gatau yang final yang mane. Yaelah. @Kemendikbud_RI @Kemdikbud_RI https://t.co/du5soXANlJ","1314792995724554240","https://pbs.twimg.com/media/Ej8VQYtUYAAXD5l.jpg","","in","","0","3","3","https://twitter.com/Nisanurulhs/status/1314792995724554240","540059889","Nisanurulhs"
"1314770059147923456","Sat Oct 10 03:29:44 +0000 2020","0","Maraknya ruang2 kritisisme menandai membaiknya Pendidikan Demokrasi yg telah lama melembaga dengan baik dan tiap kebijakan publik telah mendapat kontrol dengan cermat. Anarkisme menjadi sentimen tak bertanggungjawab yg melukai denyut intelektualitas dan dialektika sehat. Terlalu","1314770059147923456","","","in","","0","0","0","https://twitter.com/arif_shofiyul/status/1314770059147923456","1287803315053445122","arif_shofiyul"
"1314710861622075392","Fri Oct 09 23:34:30 +0000 2020","0","Knp ya anarko isinya koq kebanyakan siswa STM..? Apakah ada yg krg tepat dgn kebijakan di bidang pendidikan menengah kejuruan? Atau SMK (Teknik utamanya) cuma jd tmpt penampungan siswa yg nakal/badung ?? IMHO hrsnya SMK itu bagus sekali lho tp kyknya msh dipandang seblh mata.","1314710861622075392","","","in","","0","0","0","https://twitter.com/HanjokoT/status/1314710861622075392","962311243905212416","HanjokoT"
"1314433464804937728","Fri Oct 09 05:12:13 +0000 2020","3","Dalam buku Manajemen Mutu Pendidikan (2016) bahwa ekonomi pasar bebas dan terpusat pemasok perlu diatur dan konsumen dilindungi. Kebijakan pemerintah harus dapat meminimalkan regulasi bisnis tanpa mengorbankan kepentingan konsumen @AmrilmuhammadMp #AmrilMuhammad_UNJ","1314433464804937728","","","in","","1","1","11","https://twitter.com/Sadikin_18A/status/1314433464804937728","1175670050914570240","Sadikin_18A"
"1314407111451832320","Fri Oct 09 03:27:30 +0000 2020","90","Guys ini aku barusan dapet sekumpulan ebook dari IG MKP UGM isinya related dengan Kebijakan Publik HI Ekonomi Gender Pendidikan Politik dll. Siapa tau berguna bagi camaba MKP/ Adm negara sebagai gambaran ttg materi yang bakal dipelajari Link: https://t.co/FzWYiqz2vL","1314407111451832320","","","in","","5","1","41","https://twitter.com/sadewamb/status/1314407111451832320","1295010713497264128","sadewamb"
"1314205812399587329","Thu Oct 08 14:07:37 +0000 2020","0","Ganti menteri ganti kebijakan ganti kurikulum... Kapan kita akhirnya menemukan formula yg pas untuk pendidikan kita","1314205812399587329","","","in","Seputaran  menteng & palangka","0","0","0","https://twitter.com/ridho_donjuan/status/1314205812399587329","143415908","ridho_donjuan"
"1314110543494438914","Thu Oct 08 07:49:03 +0000 2020","1","Mendikbud: Investasi Paling Berharga Adalah Sumber Daya Manusia: Nadiem menguraikan investasi dunia pendidikan tergambar juga dalam sejumlah kebijakan pihaknya kepada para guru. Misalnya seperti peningkatan profesionalisme para guru. https://t.co/dDy7xnU54v","1314110543494438914","","","in","Indonesia","0","1","0","https://twitter.com/merdekadotcom/status/1314110543494438914","456426648","merdekadotcom"
"1314072153344466945","Thu Oct 08 05:16:30 +0000 2020","0","Kebijakan pendidikan di Babel menggunakan pola gas dan rem. Bila kasus melonjak maka belajar tatap muka harus direm seperti saat ini kasus covid-19 kembali naik. https://t.co/kV6ywQinQ1","1314072153344466945","","","in","Jakarta - Indonesia","0","0","0","https://twitter.com/mediaindonesia/status/1314072153344466945","68930552","mediaindonesia"
"1314062286764597248","Thu Oct 08 04:37:17 +0000 2020","8","Tahun 2021 Menteri Pendidikan dan Kebudayaan (Mendikbud) Nadiem Makarim resmi mengganti Ujian Nasional (UN) menjadi Asesmen Nasional. Kemendikbud menyebut Asesmen Nasional sebagai penanda perubahan paradigma evaluasi pendidikan dan menjadi bagian dari kebijakan Merdeka Belajar. https://t.co/Y0Qeube3DM","1314062286764597248","https://pbs.twimg.com/ext_tw_video_thumb/1314062123757039616/pu/img/YWMyl6k555hZXAWu.jpg","","in","","1","0","3","https://twitter.com/MasMenteri/status/1314062286764597248","891564038781415424","MasMenteri"
"1314057257957552128","Thu Oct 08 04:17:18 +0000 2020","0","Dalam buku politik kebijakan pengembangan kurikulum di Indonesia (2019) Rentjana pelajaran terurai 1952 adalah kurikulum yang mengarah pada suatu tujuan sistem pendidikan nasional. @AmrilmuhammadMp #AmrilMuhammad_UNJ","1314057257957552128","","","in","","1","1","11","https://twitter.com/afifahdmynt/status/1314057257957552128","1275945430967136256","afifahdmynt"
"1314056179429961728","Thu Oct 08 04:13:01 +0000 2020","0","KEBIJAKAN PENDIDIKAN TERKAIT GURU DAN TENAGA KEPENDIDIKAN https://t.co/1olHwYBcEi #merdekabelajar #nadiemmakarim #pembaTIK2020 #merdekabelajar #tributetohendriwidiatmoko #guruberbagi #gurupenggerak","1314056179429961728","","","in","Banda Aceh","0","0","0","https://twitter.com/MuhammadAqsha89/status/1314056179429961728","3503990114","MuhammadAqsha89"
"1314045327192719362","Thu Oct 08 03:29:54 +0000 2020","1","Ayat duanya mengatakan ketentuan lbh lanjut pelaksanaan perizinan pd sektor pendidikan diatur dg Peraturan Pemerintah. Artinya pemerintah suatu hari nanti keluarkan kebijakan perizinan usaha pendidikan yg nyata2 bermuatan kapitalisasi pendidikan sebab sdh ada payung hukumnya.","1314045327192719362","","","in","Jakarta, Indonesia","0","0","1","https://twitter.com/didienAZHAR/status/1314045327192719362","194590819","didienAZHAR"
"1314045135022297090","Thu Oct 08 03:29:08 +0000 2020","2","Dikutip dari buku Manajemen Kurikulum dan Pembelajaran karya Teguh Triwiyanto (2015) Menteri Pendidikan mengeluarkan kebijakan berupa Peraturan Menteri Pendidikan Nasional Nomor 13 Th. 2007 tentang standar kompetensi kepala sekolah/madrasah. @AmrilmuhammadMp #AmrilMuhammad_UNJ","1314045135022297090","","","in","","1","1","14","https://twitter.com/Adrian_2018A/status/1314045135022297090","1302217742586576896","Adrian_2018A"
"1313901466067767298","Wed Oct 07 17:58:15 +0000 2020","1","Orang-orang : suara bagus tajwid berantakan DPR : pendidikan bagus kebijakan berantakan","1313901466067767298","","","in","Tangerang Selatan, Indonesia","0","0","0","https://twitter.com/AditamaMone/status/1313901466067767298","1024157923121934338","AditamaMone"
"1313823564609458177","Wed Oct 07 12:48:42 +0000 2020","0","Untuk kebijakan kurang tahu. Untuk tujuan aku bakalan fokus untuk membuat SDM meningkat dari aspek manapun. Pendidikan yang sangat penting perbaikan tatanan pemerintahan hubungan sosial yang lebih baik. https://t.co/wA5A5om130","1313823564609458177","","","in","","0","1","0","https://twitter.com/Jeongguk_fan/status/1313823564609458177","1301028689245659136","Jeongguk_fan"
"1313822578629177344","Wed Oct 07 12:44:47 +0000 2020","0","Tiap ganti menteri ganti kebijakan ternyata benar #fakta memang belum punya blue print pendidikan Indonesia @Kemendikbud_RI @jokowi","1313822578629177344","","","in","","0","0","0","https://twitter.com/aminoto7/status/1313822578629177344","208864321","aminoto7"
"1313720630169149440","Wed Oct 07 05:59:40 +0000 2020","0","Dalam pendidikan kita dipaksa untuk sepaham dengan si pembuat teori. Tanpa diberi kebebasan berpikir. Bisa jadi kurikulum dibuat utk kepengingan si pembuat kebijakan.","1313720630169149440","","","in","Indonesia","0","0","0","https://twitter.com/dianindaaa/status/1313720630169149440","1249704628482011136","dianindaaa"
"1313719352118718466","Wed Oct 07 05:54:35 +0000 2020","3","Sinyal Kuota Kemendikbud (5): Keragaman Pendidikan Setelah Kebijakan Pemberian Kuota https://t.co/ncBw15h2ox","1313719352118718466","","","in","","0","0","1","https://twitter.com/alif__id/status/1313719352118718466","829312610747179010","alif__id"
"1313714841094299648","Wed Oct 07 05:36:40 +0000 2020","2","Keuntungan atas kebijakan Otonomi Khusus dari Pemerintah Pusat kepada Papua dan Papua Barat adalah memberikan kesempatan bagi putra terbaik Papua dan Papua Barat untuk memposisikan diri sebagai pejabat daerah sesuai dengan keahlian dan profesi serta pendidikan yang ditempuh. https://t.co/V8aHk1QKim","1313714841094299648","https://pbs.twimg.com/media/EjtAr17UYAEhoXA.jpg","","in","","0","0","0","https://twitter.com/Joe12117228/status/1313714841094299648","1196566991584129024","Joe12117228"
"1313714378269548544","Wed Oct 07 05:34:50 +0000 2020","0","Dinas pendidikan membangun sistem aplikasi ruang guru yg dilaunching Bupati Johny Kamuru. Bupati mengatakan persoalan covid-19 telah mempengaruhi peningkatan SDM melalui pendidikan di semua jenjang utk itu perlu pemetaan persoalan yg terukur agar nantinya bisa mengambil kebijakan https://t.co/XOmWXiQ8fQ","1313714378269548544","https://pbs.twimg.com/ext_tw_video_thumb/1313714263655997440/pu/img/vTseVZDebnj1Bi95.jpg","","in","","0","0","0","https://twitter.com/TTelisik/status/1313714378269548544","1299861615534174209","TTelisik"
"1313713018786574336","Wed Oct 07 05:29:25 +0000 2020","2","Keuntungan atas kebijakan Otonomi Khusus dari Pemerintah Pusat kepada Papua dan Papua Barat adalah memberikan kesempatan bagi putra terbaik Papua dan Papua Barat untuk memposisikan diri sebagai pejabat daerah sesuai dengan keahlian dan profesi serta pendidikan yang ditempuh. https://t.co/tFvxVEfWxa","1313713018786574336","https://pbs.twimg.com/media/Ejs_BykU4AYBnDb.jpg","","in","","0","0","0","https://twitter.com/Rivo1014/status/1313713018786574336","1196389864339492864","Rivo1014"
"1313686854412070912","Wed Oct 07 03:45:27 +0000 2020","2","Keuntungan atas kebijakan Otonomi Khusus dari Pemerintah Pusat kepada Papua dan Papua Barat adalah memberikan kesempatan bagi putra terbaik Papua dan Papua Barat untuk memposisikan diri sebagai pejabat daerah sesuai dengan keahlian dan profesi serta pendidikan yang ditempuh. https://t.co/kyFBqABBfx","1313686854412070912","https://pbs.twimg.com/media/EjsnMtZUwAAukIA.jpg","","in","Jayapura - Papua","0","0","0","https://twitter.com/Airlangga_Ho/status/1313686854412070912","1196584339774947328","Airlangga_Ho"
"1313683251932721152","Wed Oct 07 03:31:08 +0000 2020","0","Vcon Rapat Kebijakan Pembelajaran di masa Pandemi Wakil Walikota beserta Sekda Kota Tegal didampingi Kepala Dinas pendidikan dan Kebudayaan Kota Tegal bersama Kemdikbud Kemendagri Gubernur Walikota dan Bupati se Indonesia. via @pdktegalkota #ElshintaEdisiSiang https://t.co/5xHnd6oet2","1313683251932721152","https://pbs.twimg.com/media/Ejsj8GdUcAAHeS_.jpg","","in","Tegal, Jawa Tengah","0","0","0","https://twitter.com/elshinta_tegal/status/1313683251932721152","1006054070077964289","elshinta_tegal"
"1313683030641242114","Wed Oct 07 03:30:16 +0000 2020","3","Dalam buku politik kebijakan pengembangan kurikulum di Indonesia (2019) Setelah kemerdekaan tepatnya tiga tahun setelah merdeka pemerintah mulai menyusun kurikulum sederhana dan pancasila ditetapkan sebagai asas pendidikan. @AmrilmuhammadMp #AmrilMuhammad_UNJ","1313683030641242114","","","in","","1","1","17","https://twitter.com/afifahdmynt/status/1313683030641242114","1275945430967136256","afifahdmynt"
"1313659589968064512","Wed Oct 07 01:57:07 +0000 2020","0","Vcon Rapat Kebijakan Pembelajaran di masa Pandemi Wakil Walikota beserta Sekda Kota Tegal didampingi Kepala Dinas pendidikan dan Kebudayaan Kota Tegal bersama Kemdikbud Kemendagri Gubernur Walikota dan Bupati se Indonesia https://t.co/txjnqUqhae","1313659589968064512","https://pbs.twimg.com/media/EjsOYAaVcAA6TJA.jpg","","in","Tegal, Jawa Tengah","0","0","0","https://twitter.com/pdktegalkota/status/1313659589968064512","1313081448711114752","pdktegalkota"
"1313492278015602689","Tue Oct 06 14:52:17 +0000 2020","0","##BeritaSampit Pendidikan Masa Pandemi Covid-19 di Kalteng Masih Terkendala Prasarana https://t.co/Pxo9UqYCpN PALANGAKA RAYA - Rapat pembahasan Kebijakan Umum Anggaran (KUA) yang dituangkan ... https://t.co/P3fqLnT9Wd","1313492278015602689","https://pbs.twimg.com/media/Ejp2Q9MWsAEC10J.jpg","","in","Kalimantan Tengah, Indonesia","0","0","0","https://twitter.com/beritasampit_id/status/1313492278015602689","965831602403078145","beritasampit_id"
"1313475323393081347","Tue Oct 06 13:44:54 +0000 2020","2","nahh yang dicari cari dan seharusnya dibuat untuk pendidikan politik pembaca tu kyk gini. apresiasi buat yang bikin. dengan membuat perbandingan maka pembaca akan dengan sendirinya menilai baik buruknya suatu kebijakan bahkan sampai ke dampaknya terhadap masing2 individu","1313475323393081347","","","in","","0","0","0","https://twitter.com/tituswindip/status/1313475323393081347","1316733079","tituswindip"
"1313471842624176129","Tue Oct 06 13:31:05 +0000 2020","20","Iya minim medis di lapangan. Berhubung institusi pendidikan menerapkan kebijakan untuk segala aktivitas saat pandemi ditutup. Jadi ga ada :(","1313471842624176129","","","in","DI DEPAN GEDUNG SATE!!! ","0","2","12","https://twitter.com/AksiKamisanBDG/status/1313471842624176129","2412610015","AksiKamisanBDG"
"1313469682096189441","Tue Oct 06 13:22:29 +0000 2020","0","Menteri Pendidikan dan Kebudayaan (Mendikbud) bersama Menteri Dalam Negeri (Mendagri) melakukan rapat koordinasi dengan seluruh kepala daerah untuk memastikan kebijakan pembelajaran di masa Pandemi Covid-19 terlaksana dengan baik di daerah. https://t.co/RLUVMcHwSn","1313469682096189441","","","in","Jakarta - Indonesia","0","0","0","https://twitter.com/mediaindonesia/status/1313469682096189441","68930552","mediaindonesia"
"1313432547049701377","Tue Oct 06 10:54:56 +0000 2020","0","hmm sistem rsku buruk sistem negaraku apalagi. mau bodo amat tapi ketika kita bodo amat kebijakan yang dibuat akan makin semena mena. kaya gini jadi berniat nerusin pendidikan dibidang manajemen rs/pemerintahan....","1313432547049701377","","","in","Fim’s Mind","0","0","0","https://twitter.com/kzhabs/status/1313432547049701377","1091980313016729601","kzhabs"
"1313422175383085056","Tue Oct 06 10:13:43 +0000 2020","3","Seminar literasi asesmen ganti jadwal ya teman2. Semoga yg sudah sempat mendaftar masih bisa mengikuti. Dalam seminar ini saya berbicara mewakili @pspk_id (Pusat Studi Pendidikan dan Kebijakan) yg menjadi mitra @Kemdikbud_RI dalam merancang kebijakan Asesmen Nasional 2021. https://t.co/1K8OhHsPZA","1313422175383085056","https://pbs.twimg.com/media/Ejo2geTU8AEzIFw.jpg","","in","📌 Jakarta ","0","0","2","https://twitter.com/ninoaditomo/status/1313422175383085056","353389293","ninoaditomo"
"1313408843888558086","Tue Oct 06 09:20:44 +0000 2020","0","Assosiasi buruh sudah lawan dokter sudah lawan kebijakan yg belok² ranah pendidikan masih diem² bae pdhl dana bos udah mulai di bisnisasi . Kan heran akutu. Mau maju tapi kok sendiri. ","1313408843888558086","","","in","East Java, Indonesia","0","0","0","https://twitter.com/sunsantuuuy/status/1313408843888558086","120027641","sunsantuuuy"
"1313352302871207936","Tue Oct 06 05:36:04 +0000 2020","1","Hari gini masih gak mau peduli sama politik? Semua sendi kehidupan kita khususnya di Kota Medan ditentukan oleh kebijakan-kebijakan politik mulai dari ekonomi pendidikan sosial ketenagakerjaan dll. #KPUMedan #KPUMelayani #Medan #PilkadaMedan2020 #Pilkada2020 #PilkadaMedan https://t.co/59EVZLffbI","1313352302871207936","https://pbs.twimg.com/ext_tw_video_thumb/1313352081319718912/pu/img/Ia8DUe3p21R4Ackr.jpg","","in","Jl.Kejaksaan No.37 Medan","0","1","1","https://twitter.com/kpu_kota_medan/status/1313352302871207936","4682366053","kpu_kota_medan"
"1313346608650616835","Tue Oct 06 05:13:26 +0000 2020","0","https://t.co/RXtktDJWIG. Tidak ada istilah Ganti Menteri Ganti Kebijakan Peta Jalan Pendidikan Harus Berkelanjutan https://t.co/db7q7zriDP","1313346608650616835","https://pbs.twimg.com/media/EjnxxGfVoAEVyUd.jpg","","in","jakarta","0","0","0","https://twitter.com/metro_aktual/status/1313346608650616835","929153600","metro_aktual"
"1313326893702148096","Tue Oct 06 03:55:06 +0000 2020","6","Dikutip dari buku Manajemen Mutu Pendidikan (2016) Dalam ekonomi pasar bebas dan terpusat pemasok perlu diatur dan konsumen dilindungi. Kebijakan pemerintah harus dapat meminimalkan regulasi bisnis tanpa mengorbankan kepentingan konsumen @AmrilmuhammadMp #AmrilMuhammad_UNJ","1313326893702148096","","","in","","1","1","17","https://twitter.com/Sadikin_18A/status/1313326893702148096","1175670050914570240","Sadikin_18A"
"1313312598683574272","Tue Oct 06 02:58:18 +0000 2020","0","Bukanya perbanyak Transfer of technology apa kebijakan di sektor pendidikan eee ini kebijakan malah bikin insecure amat . T_T","1313312598683574272","","","in","Unknown","0","0","0","https://twitter.com/amiruddinhdyt/status/1313312598683574272","231709393","amiruddinhdyt"
"1313274476264472577","Tue Oct 06 00:26:49 +0000 2020","1","#Sahabatdikbud Pandemi COVID-19 telah mengubah seluruh sistem tidak terkecuali pendidikan tingginya risiko penyebaran COVID-19 telah memaksa pemerintah menutup seluruh akses belajar di sekolah. Atas dasar inilah kebijakan Belajar dari Rumah lahir.","1313274476264472577","","","in","Jakarta Capital Region, Indonesia","0","2","0","https://twitter.com/litbangdikbud/status/1313274476264472577","3315015127","litbangdikbud"
"1313268813832491013","Tue Oct 06 00:04:19 +0000 2020","0","Kebijakan pendidikan gratis dinilai sudah tidak efektif. Apalagi dana BOS dari Pusat sudah besar. Selain itu anggaran pendidikan gratis dinilai membebani daerah #Pagiindah @radiotelstar","1313268813832491013","","","in","Makassar, Indonesia","0","0","0","https://twitter.com/radiotelstar/status/1313268813832491013","190230396","radiotelstar"
"1313247144191557632","Mon Oct 05 22:38:12 +0000 2020","0","Kan bener memulai membangun bangsa yg sejahtera dimulai dengan Membangun Kebijakan Publik kalai Kebijakan publik baik akan berdampak ke perbaikan ekonomi kemudahan akses pendidikan lalu kemudahan akses pangan dan kesehatan sehingga menjadi SDM yg optimal","1313247144191557632","","","in","Indonesia","0","1","0","https://twitter.com/dewantidhika/status/1313247144191557632","89934415","dewantidhika"
"1313230459854229504","Mon Oct 05 21:31:54 +0000 2020","1","Paristiyanti menambahkan kebijakan Merdeka Belajar-Kampus Merdeka akan mendorong transformasi pendidikan dan perekonomian Indonesia.. https://t.co/nrPZzME3yX","1313230459854229504","","","in","Jakarta - Indonesia","0","0","0","https://twitter.com/mediaindonesia/status/1313230459854229504","68930552","mediaindonesia"
"1313145796494127108","Mon Oct 05 15:55:29 +0000 2020","0","Pakar: Dengan Peta Jalan Pendidikan Tidak Ada Lagi Ganti Menteri Ganti Kebijakan https://t.co/gSWEMtHubE https://t.co/AL0dSNWhqW","1313145796494127108","https://pbs.twimg.com/media/Ejk7JIeUwAA0i1r.jpg","","in","Jakarta","0","1","1","https://twitter.com/Beritasatu/status/1313145796494127108","154102750","Beritasatu"
"1313126490079326209","Mon Oct 05 14:38:46 +0000 2020","0","Kalo kayak gini harus fair juga dong. 1. Rego lemah diatur ben ga menjulang tinggi. Bola bali Jouska encourage followernya buat bisa speak-up soal kebijakan harga tanah. 2. Biaya pendidikan anak diatur juga spy pendidikan yg baik bisa diakses kalangan ekonomi manapun. Tbc","1313126490079326209","","","in","Yogyakarta","0","1","0","https://twitter.com/indah0706/status/1313126490079326209","2275606098","indah0706"
"1313119682249936896","Mon Oct 05 14:11:43 +0000 2020","0","tahun 2014 saya pernah ingin kerja di Dinas Pendidikan. menjadi pembuat kebijakan pendidikan. Tuhan mengabulkannya 6 tahun kemudian. saya mungkin berjalan pelan tidak secepat teman lain tapi Tuhan mengarahkan utk sampai pada tujuan dengan aman.","1313119682249936896","","","in","","0","0","0","https://twitter.com/irameo/status/1313119682249936896","510027637","irameo"
"1313042529667805187","Mon Oct 05 09:05:08 +0000 2020","3","Menyambut mahasiswa baru Unika Atma Jaya Mendikbud Nadiem Anwar Makarim memberikan pesan kalau kebijakan kampus merdeka mendorong mahasiswa untuk terus belajar khususnya dalam menggali bakat sesuai minat dan meningkatkan keunggulan kompetensi di era baru pendidikan tinggi. https://t.co/uhXigIbsCq","1313042529667805187","https://pbs.twimg.com/media/EjjdOG_U8AAhhB1.jpg","","in","Jakarta","0","0","0","https://twitter.com/UnikaAtmaJaya/status/1313042529667805187","208480486","UnikaAtmaJaya"
"1312908545117974528","Mon Oct 05 00:12:44 +0000 2020","0","Topik Diskusi Pagi ini: Menerawang Peta Jalan Pendidikan Pasca dicabutnya Cluster Pendidikan dari Omnibus Law? Berikut pandangan Guru Besar Universitas Pendidikan Indonesia (UPI/pengamat kebijakan pendidikan Cecep Darmawan #NOW #LIVE #TOPIK #pendidikan #OmnibusLaw","1312908545117974528","","","in","Semarang, Jawa Tengah","0","0","0","https://twitter.com/RadioIdolaSMG/status/1312908545117974528","385894867","RadioIdolaSMG"
"1312784754198994944","Sun Oct 04 16:00:50 +0000 2020","7","Lanjutkan kebijakan Otonomi khusus Papua untuk perataan pendidikan dan ekonomi di Papua https://t.co/ifCL36m4Z2","1312784754198994944","https://pbs.twimg.com/media/EjfyNgCVkAIDuaE.jpg","","in","","1","0","2","https://twitter.com/jokedrahman19/status/1312784754198994944","1159462651409252352","jokedrahman19"
"1312724150977540098","Sun Oct 04 12:00:01 +0000 2020","1","Ahmad Basarah menyatakan memang tidak sepatutnya aparat pemerintah pembuat kebijakan pendidikan nasional memberikan instruksi yang kontra-produktif bagi kehidupan berbangsa dan bernegara yang berdasarkan ideologi Pancasila.","1312724150977540098","","","in","Jakarta Capital Region, Indone","0","0","0","https://twitter.com/telusur_co_id/status/1312724150977540098","843455665943150592","telusur_co_id"
"1312652314461696000","Sun Oct 04 07:14:34 +0000 2020","2","9 Agenda Besar PC ANSOR &amp; SATKORCAB KAB. BEKASI 1.Kepedulian Terhadap Pesantren 2.Ketenagakerjaan 3.Dana Covid 4.BUMD 5.Kesehatan 6.keberpihakan thdp Pendidikan Swasta 7.Pemuda &amp; Olahraga 8.Kebijakan Bupati Membangun masyarakat Kab. Bekasi 9.CSR Pemda Kab Bekasi https://t.co/d6ohg7GFR8","1312652314461696000","https://pbs.twimg.com/media/Ejd6TNsUwAEJrbC.jpg","","in","Bekasi, Jawa Barat","0","0","0","https://twitter.com/Kurtubi_ahmed82/status/1312652314461696000","823583821534593024","Kurtubi_ahmed82"
"1312641956531453954","Sun Oct 04 06:33:24 +0000 2020","0","Ada yang bilang: Keseluruhan tujuan pendidikan adalah mengubah cermin menjadi jendela. Emang ye ngomongin pendidikan itu nggak akan ada abis-nya. Di AI Podcast episode ke-4 ini kita bakal ngebahas tentang kebijakan pendidikan di masa pandemi. #amanatinstitute https://t.co/3AnP5k9gLd","1312641956531453954","https://pbs.twimg.com/ext_tw_video_thumb/1312641851275399168/pu/img/f3hVu-9qOUZx68hP.jpg","","in","","0","1","0","https://twitter.com/amanatinstitute/status/1312641956531453954","1271691008665772032","amanatinstitute"
"1312632691016134656","Sun Oct 04 05:56:35 +0000 2020","1","Salam Kampus Merdeka Indonesia Jaya #Sobatlldikti3 Kalian pasti udah pada tau dong kebijakan Kampus Merdeka yang digagas oleh Menteri Nadiem Makarim. Tujuan dari kebijakan ini untuk memberikan kebebasan dan otonomi kepada Lembaga Pendidikan agar merdeka dari birokratisasi. https://t.co/lxpUjTJgnT","1312632691016134656","https://pbs.twimg.com/media/EjdoeN_VcAAgaY8.jpg","","in","Jakarta Timur, DKI Jakarta","0","1","1","https://twitter.com/lldikti3/status/1312632691016134656","1082480504983543808","lldikti3"
"1312629919759777793","Sun Oct 04 05:45:35 +0000 2020","9","Pelemahan Pancasila terus berlangsung di era reformasi Di level kebijakan misalnya: adanya pencabutan TAP.MPR II/78 ttg P4 &amp; pembubaran BP7. Tak hanya itu UU Sisdiknas 20/2003 menghilangkan Pancasila sbg mata pelajaran wajib di lembaga pendidikan formal. #PancasilaInspirasiku https://t.co/0D8GzCuq7d","1312629919759777793","https://pbs.twimg.com/media/Ejdl6P8U8AAJWbP.jpg","","in","Indonesia 🇮🇩","4","2","5","https://twitter.com/silverQ28/status/1312629919759777793","1461172128","silverQ28"
"1312629453638443010","Sun Oct 04 05:43:43 +0000 2020","0","#MPDKotaLangsa Menanggapi itu Majelis Pendidikan Daerah (MPD) Kota Langsa menatakan mendukung kebijakan Belajar Dari Rumah (BDR) yang diterapkan oleh Pemko setempat. https://t.co/Tv7zD95ghg","1312629453638443010","","","in","Kota Banda Aceh","0","0","0","https://twitter.com/acehsatumedia/status/1312629453638443010","4576140566","acehsatumedia"
"1312395095065337857","Sat Oct 03 14:12:28 +0000 2020","0","Kebijakan desentralisasi membuka peluang untuk pelayanan. Namun di sisi lain memberi dampak disparitas antar daerah #hukumtataruang #penamillennials #pendidikan #shalaazz","1312395095065337857","","","in","Bandung","0","0","0","https://twitter.com/shalaazzcom/status/1312395095065337857","1128165792468488192","shalaazzcom"
"1312350950078595078","Sat Oct 03 11:17:03 +0000 2020","0","Buku ini berguna bagi mahasiswa studi kepemimpinan bagi pengusaha pimpinan perusahaan/organisasi kemasyarakatan dan pemerintahan berguna bagi guru kepala sekolah supervisor penentu utama kebijakan pendidikan pejabat birokrasi dlm urusan pemerintahan https://t.co/XccL28iSk5","1312350950078595078","","","in","Jl. Tambra Raya No. 23 Jaktim","0","0","0","https://twitter.com/Prenadamedia2/status/1312350950078595078","821897566442786818","Prenadamedia2"
"1312257448552488961","Sat Oct 03 05:05:30 +0000 2020","0","PERMINTAAN BERITA/ARTIKEL KAMPUS KITA Halo #sobatlldikti3 Dalam rangka mendorong amplifikasi implementasi kebijakan Kampus Merdeka bersama ini kami sampaikan bahwa saat ini Direktorat Jenderal Pendidikan Tinggi telah menyiapkan rubrik khusus bernama Kampus Kita https://t.co/BJnQ2kVdY0","1312257448552488961","https://pbs.twimg.com/media/EjYTMOXVgAEDAq0.jpg","","in","Jakarta Timur, DKI Jakarta","0","2","1","https://twitter.com/lldikti3/status/1312257448552488961","1082480504983543808","lldikti3"
"1312052684044730370","Fri Oct 02 15:31:51 +0000 2020","0","ipta: ptn Ipts: pts Jadi rakyat malay saat ini pada marah sama menteri pendidikan karena bikin kebijakan buat kuliah online secara dadakan sedangkan yg pada dtg dr daerah dan keluarga yg krg mampu udh korbanin uang dan tenaga buat daftar ulang nyari asrama/kostan..","1312052684044730370","","","in","arizona & room 19","0","1","0","https://twitter.com/nangpraw93/status/1312052684044730370","2336683638","nangpraw93"
"1311995565702434816","Fri Oct 02 11:44:53 +0000 2020","0","Menyoroti keluarnya berbagai kebijakan untuk menekan angka penyebaran Covid-19 dengan berbagai istilah baru. Terbaru adalah mini lockdown. efektifkah? Simak saat ini pembahasannya bersama Pemerhati Kebijakan Publik Universitas Pendidikan Indonesia (UPI) Prof Cecep Darmawan https://t.co/otHIseCGQe","1311995565702434816","https://pbs.twimg.com/media/EjUlAqVU8AMyxZx.jpg","","in","Bandung, West Java, Indonesia","0","3","0","https://twitter.com/PRFMnews/status/1311995565702434816","150589950","PRFMnews"
"1311956206106206208","Fri Oct 02 09:08:29 +0000 2020","766","ukhti: kalian sadar ga sih kalo basis pendidikan seks tuh dari barat dari eropa dari a b c.. makanya keluar dari tempurung organisasimu ya sister fillah. kebijakan itu pasti ada riset+survey dulu termasuk kalo mau bikin di indonesia diuji dulu ada matriks evaluasinya dst","1311956206106206208","","","in","Yogyakarta, Indonesia","11","15","215","https://twitter.com/mardiasih/status/1311956206106206208","164627338","mardiasih"
"1311929295976058884","Fri Oct 02 07:21:33 +0000 2020","1","Sempat Wajibkan Siswa SMA Baca Buku Felix Siauw Dinas Pendidikan Babel Batalkan Kebijakan https://t.co/Nwz3bWj8PI https://t.co/scjDzaDq6u","1311929295976058884","https://pbs.twimg.com/media/EjTovgcU0AEEvNs.jpg","","in","Yogyakarta, Indonesia","0","1","0","https://twitter.com/Harian_Jogja/status/1311929295976058884","118371948","Harian_Jogja"
"1311893654886285312","Fri Oct 02 04:59:55 +0000 2020","0","[Kampus Merdeka : Sebuah Proses] . . Kebijakan Kampus Merdeka yang dicanangkan oleh Kementerian Pendidikan dan Kebudayaan Republik Indonesia menjadi salah satu program Menteri Nadiem Nakarim di masa jabatannya. https://t.co/ExaBUw3jWd","1311893654886285312","https://pbs.twimg.com/media/EjTITZrVkAEGUUn.jpg","","in","Purwokerto, Jawa Tengah","0","1","0","https://twitter.com/KBMS_Unsoed/status/1311893654886285312","406482667","KBMS_Unsoed"
"1311561696918396928","Thu Oct 01 07:00:50 +0000 2020","0","Bandung. Untuk menindaklanjuti hasil evaluasi Pendidikan dari masing-masing LKT dan kebijakan pimpinan untuk meningkatkan profesionalisme dan tuntutan tugas peserta didik di lapangan. Selengkapnya: https://t.co/fw1VySx1H7 @tni_ad https://t.co/EWXPW6kiXK","1311561696918396928","https://pbs.twimg.com/media/EjOaZw_VoAAM0c0.jpg","","in","Kota Bandung, Indonesia","0","0","0","https://twitter.com/penkodiklatad/status/1311561696918396928","954182153184542722","penkodiklatad"
"1311559422703923200","Thu Oct 01 06:51:48 +0000 2020","5","#Tahukahkamu dr @MAG_NT ini menunjukkan hubungan historis #Makassar &amp; #AustraliaUtara ? Senang b temu dgn Prof Dwia Pulubuhu Rektor #UNHAS u/ membahas kolaborasi pendidikan 🇦🇺🇮🇩t masuk #AussieBanget &amp; #RISE &amp; dukungan u/ m perkuat kebijakan berbasis bukti melalui #AICPAIR https://t.co/TlRhR4kZKO","1311559422703923200","https://pbs.twimg.com/media/EjOYVhMU8AUri0V.jpg","","in","Makassar, Indonesia","0","0","0","https://twitter.com/KonJenMakassar/status/1311559422703923200","708984253715886080","KonJenMakassar"
"1311505064444350469","Thu Oct 01 03:15:48 +0000 2020","2","PILKADAku tetap berjalan Bangsaku bopeng-bopeng terjajah virus yg katanya Pendidikan bangsaku bobrok krna kebijakan tak masuk akal Negeriku di ambang jatuh terperosok jurang resesi Pemimpinku masihkah engkau tak sadar ??","1311505064444350469","","","in","Yomitan-son, Okinawa","0","0","0","https://twitter.com/nabas_tala/status/1311505064444350469","1958918798","nabas_tala"
