"conversation_id_str","created_at","favorite_count","full_text","id_str","image_url","in_reply_to_screen_name","lang","location","quote_count","reply_count","retweet_count","tweet_url","user_id_str","username"
"1497449110898888704","Sat Feb 26 05:51:03 +0000 2022","0","Pendidikan ini adalah kebutuhan dasar masyarakat yang tidak bisa lepas hanya kita bicara sekolah tapi juga bagaimana bicara ada keluarga dan juga lingkungan lalu ada kebijakan. https://t.co/K6zVd6xUXp","1497449110898888704","","","in","Jakarta","0","0","0","https://twitter.com/barisandata/status/1497449110898888704","1167087910811623426","barisandata"
"1497429571066826754","Sat Feb 26 04:33:25 +0000 2022","79","Bikin SIM pake BPJS Perpanjang STNK pake BPJS Beli tiket transportasi pake BPJS Urus KTP pake BPJS Jangan jangan bikin anak wajib BPJS Kebijakan yg tak disadari menjadi Boomerang. Yg ada rakyat males bayar pajak. Klo negara di urus orang bodoh gimana nasib pendidikan?","1497429571066826754","","","in","DKI Jakarta, Indonesia","0","8","7","https://twitter.com/Obay_Kusut1981/status/1497429571066826754","1465630153145417734","Obay_Kusut1981"
"1496815196177719296","Thu Feb 24 11:52:06 +0000 2022","0","2. Seandainya ... ada Anj*ng gimana? . Klo org yg katanya sekolah gak bisa nih pake kata seandainya klo mau bikin kebijakan. Klo hal ini dibenarkan bakal ricuh dunia pendidikan setiap ujian dijawab muridnya pake kata Seandainya @Kemenag_RI Toa Masjid ckck","1496815196177719296","","","in","Bogor","0","0","0","https://twitter.com/aa_derah/status/1496815196177719296","448957463","aa_derah"
"1496746442349703168","Thu Feb 24 07:18:54 +0000 2022","1","#artikeluinjkt Penguatan Mata Kuliah Wajib Kurikulum (MKWK) Pendidikan Tinggi : Perspektif Analisis Kebijakan (Part 2) Penulis : Abdul Rozak (dosen PIPS FITK UIN Jakarta dan pemerhati pendidikan) Selengkapnya ⬇️⬇️ https://t.co/Rodse8tLTM https://t.co/1C6UoT1kDY","1496746442349703168","https://pbs.twimg.com/media/FMWC5g5VcAALxSt.jpg","","in","Jl. Ir.H.Juanda No.95 Ciputat","0","0","0","https://twitter.com/uinjktofficial/status/1496746442349703168","828907566","uinjktofficial"
"1496739948854054912","Thu Feb 24 06:53:06 +0000 2022","0","Berat pundak sektor pendidikan Indonesia semangat buat tenaga pengajar dan orang yang membuat kebijakan untuk meningkatkan dan pemerataan akses pendidikan","1496739948854054912","","","in","111°0'–114°4'BT 7°12'–8°48' LS","0","0","0","https://twitter.com/notqbl/status/1496739948854054912","1031792012394020864","notqbl"
"1496703024785289220","Thu Feb 24 04:26:23 +0000 2022","4","Tahun 2022 Indonesia harus menurunkan kemiskinan ekstrem. Pemerintah juga sudah menyusun sejumlah kebijakan prioritas di tahun 2023 dengan meningkatkan kualitas sumber daya manusia khususnya sektor pendidikan &amp; kesehatan @jokowi Gas Pol Pemulihan Ekonomi https://t.co/fEDtZR01oR","1496703024785289220","https://pbs.twimg.com/media/FMVbdmoVEAEdHO_.jpg","","in","Jabar","0","0","3","https://twitter.com/ReshtuA/status/1496703024785289220","1327548607319343104","ReshtuA"
"1496587440391290881","Wed Feb 23 20:47:05 +0000 2022","0","Aliansi Kebijakan Pendidikan Kirim Surat Terbuka Menyoal RUU Sisdiknas https://t.co/kSDTubEquD https://t.co/dbKVrBfsjl","1496587440391290881","https://pbs.twimg.com/media/FMTyWKsVkAU_phs.jpg","","in","","0","0","0","https://twitter.com/kampusinfo/status/1496587440391290881","755251740","kampusinfo"
"1496479924525617160","Wed Feb 23 13:39:51 +0000 2022","0","[MILD REPORT] Kebijakan diskriminatif oleh Pemerintah Karnataka India yang melarang penggunaan hijab di sekolah dinilai sangat meminggirkan HAM. Pelajar muslim dipaksa untuk memilih antara pendidikan atau agama. Berbagai kecaman pun mengalir deras untuk menyuarakan penolakan. https://t.co/079YIWCZsf","1496479924525617160","https://pbs.twimg.com/media/FMSQjouakAoW1iN.jpg","","in","Surabaya","0","1","0","https://twitter.com/retorikafisipua/status/1496479924525617160","2776346712","retorikafisipua"
"1496450424588873734","Wed Feb 23 11:42:38 +0000 2022","5","Kebijakan @Kemdikbud_RI yg masih kontroversial; Kurikulum Merdeka dan RUU Sistem Pendidikan Nasional. Dua kebijakan publik yang minim partisipasi dari publik. Mari bergabung di acara Satu Frekuensi APKS @PBPGRI_OFFICIAL Bicara di forum yg tepat santun &amp; terhormat. Ditunggu https://t.co/BMfwX06iXt","1496450424588873734","https://pbs.twimg.com/media/FMR1upraIAIkLEa.jpg","","in","","1","1","5","https://twitter.com/endang_yl/status/1496450424588873734","331619459","endang_yl"
"1496447294027321345","Wed Feb 23 11:30:12 +0000 2022","17","Ada dua produk kebijakan Kemdikbudristek yg skr masih kontroversial yaitu Kurikulum Merdeka dan RUU Sistem Pendidikan Nasional. Keduanya mrp produk kebijakan publik tapi minim masukan dr publik","1496447294027321345","","","in","Jakarta","1","0","4","https://twitter.com/Darmaningtyas/status/1496447294027321345","368674205","Darmaningtyas"
"1496424271618347013","Wed Feb 23 09:58:43 +0000 2022","2","Aliansi Pendorong Keterbukaan Kebijakan Pendidikan surati DPR &amp;Kemdikbud Dikti perihal RUU Sisdiknas https://t.co/7qpF5Pcfrw","1496424271618347013","","","in","DKI Jakarta, Indonesia","0","0","0","https://twitter.com/redaksijakarta2/status/1496424271618347013","1177590639019446273","redaksijakarta2"
"1496380629088628739","Wed Feb 23 07:05:18 +0000 2022","2","[Cm] kakak-kakak ada yang punya ebook tentang kebijakan pendidikan? Makasih sebelumnya","1496380629088628739","","","in","","0","0","0","https://twitter.com/collegemenfess/status/1496380629088628739","1046084008742801408","collegemenfess"
"1496369009029124102","Wed Feb 23 06:19:07 +0000 2022","0","SchApp! gais ada yang tau soal prodi kebijakan pendidikan gak yaa nanti itu yang di pelajari apa aja sama prospek kerjanya","1496369009029124102","","","in","Paid Promote/ Partnership 👇🏻","0","0","0","https://twitter.com/schfess/status/1496369009029124102","1201673806156161025","schfess"
"1496130291928338438","Tue Feb 22 14:30:33 +0000 2022","60","Dapat kiriman bukti terbit buku saya (edisi revisi): Kebijakan Pendidikan @muhammadiyah: 1911-1942. Semoga berkah dan manfaat Matur nuwun @UadPress @klik_uad https://t.co/AGslfi3EYf","1496130291928338438","https://pbs.twimg.com/media/FMNSjkeXIAQHgFT.jpg","","in","","0","2","7","https://twitter.com/FaredSetiawan/status/1496130291928338438","448575726","FaredSetiawan"
"1496071015008505859","Tue Feb 22 10:35:00 +0000 2022","1","Kebijakan pendidikan kedokteran saat ini membuat banyak dokter kesulitan mengembangkan dunia sosial hingga politiknya di luar profesi. #pendidikandokter https://t.co/9Elq75kwpL","1496071015008505859","","","in","Jakarta","0","0","1","https://twitter.com/HukumOnline/status/1496071015008505859","125297822","HukumOnline"
"1495764035123302402","Mon Feb 21 14:15:10 +0000 2022","0","Tantangan Kebijakan Pendidikan Global di Abad 21 https://t.co/wkbO7WutJh","1495764035123302402","","","in","Indonesia","0","0","0","https://twitter.com/kompasiana/status/1495764035123302402","23786106","kompasiana"
"1495729801188950017","Mon Feb 21 11:59:08 +0000 2022","0","Resmi Terbentuk APPAD Bertujuan Menolak Kebijakan Vaksin Mengorbankan Pendidikan Anak https://t.co/VPdSjWyhAu https://t.co/mxHaWVns6b","1495729801188950017","https://pbs.twimg.com/media/FMHmU_4VcAA2-4u.jpg","","in","Kota Dumai, Riau","0","0","0","https://twitter.com/kangalex1706/status/1495729801188950017","561286765","kangalex1706"
"1495619782858911746","Mon Feb 21 04:41:58 +0000 2022","3","Bagaimana ketentuan tentang pelaksanaan DAK Fisik tahun 2022? Mari kita simak penjelasannya dalam webinar Kebijakan DAK Fisik Bidang Pendidikan Tahun 2022 yang akan dilaksanakan pada: ️ Selasa 22 Februari 2022 ⏰ Pukul 09.00 WIB ️ Youtube Ditpsdtv https://t.co/1Z6EkUBPH6","1495619782858911746","https://pbs.twimg.com/media/FMGCQteakAEa1TU.jpg","","in","","0","1","1","https://twitter.com/ditpsd_dikbud/status/1495619782858911746","1087249529303224320","ditpsd_dikbud"
"1495030569607909377","Sat Feb 19 13:40:38 +0000 2022","1","Amany tampak berpendirian teguh dengan kebijakan yang diambilnya. Dirinya lantas meminta forum UKM merombaki sistem pendidikan anggota dan pengurus: maksimal setengah tahun. Namun terkecuali untuk Resimen Mahasiswa (Menwa). https://t.co/PWxB7j5VdU","1495030569607909377","https://pbs.twimg.com/media/FL9qUvMVEAE8hlV.jpg","","in","Ciputat, Indonesia","0","1","0","https://twitter.com/lpminstitut/status/1495030569607909377","16637045","lpminstitut"
"1494994600129609731","Sat Feb 19 11:17:42 +0000 2022","0","Menteri PPN Suharso Monoarfa mengatakan saat ini pemerintah tengah menyusun sejumlah kebijakan prioritas untuk tahun 2023 yaitu meningkatkan kualitas sumber daya manusia khususnya di sektor pendidikan dan kesehatan guna menurunkan angka kemiskinan ekstrem di Indonesia. https://t.co/VQsFsDwJDr","1494994600129609731","https://pbs.twimg.com/media/FL9JqFwakAU6cvL.jpg","","in","Jakarta Capital Region, Indone","0","0","0","https://twitter.com/OcheEnod/status/1494994600129609731","1346112074410201094","OcheEnod"
"1494994542575374337","Sat Feb 19 11:17:29 +0000 2022","0","Menteri PPN Suharso Monoarfa mengatakan saat ini pemerintah tengah menyusun sejumlah kebijakan prioritas untuk tahun 2023 yaitu meningkatkan kualitas sumber daya manusia khususnya di sektor pendidikan dan kesehatan guna menurunkan angka kemiskinan ekstrem di Indonesia. https://t.co/2Yn48ka6mc","1494994542575374337","https://pbs.twimg.com/media/FL9Jmw4aMAERX7i.jpg","","in","Indonesia","0","0","0","https://twitter.com/Batman_Monyok/status/1494994542575374337","2244925418","Batman_Monyok"
"1494919822559174657","Sat Feb 19 06:20:34 +0000 2022","2","Sch! Jurusan di UNY yg bener manajemen pendidikan atau kebijakan pendidikan? ・・・ Trivia: Anjing akan keracunan jika diberi makan cokelat.","1494919822559174657","","","in","RULES 👉","0","1","0","https://twitter.com/SchoolfessID/status/1494919822559174657","1244113314398875649","SchoolfessID"
"1494724026979467264","Fri Feb 18 17:22:33 +0000 2022","0","Pemerintah menyusun kebijakan prioritas di tahun 2023 yaitu peningkatan sumber daya manusia khususnya sektor pendidikan dan kesehatan. Presiden @jokowi gaspol pemulihan ekonomi. https://t.co/dKuvfZgdkG","1494724026979467264","https://pbs.twimg.com/media/FL5TkykaQAUud4z.jpg","","in","Indonesia","0","0","1","https://twitter.com/Syahrudin_Alam/status/1494724026979467264","1236973050039398400","Syahrudin_Alam"
"1494706553198641152","Fri Feb 18 16:13:07 +0000 2022","1","Pemerintah menyusun kebijakan prioritas di tahun 2023 yaitu peningkatan sumber daya manusia khususnya sektor pendidikan dan kesehatan. Presiden Jokowi gaspol pemulihan ekonomi. https://t.co/Cp6797KASO","1494706553198641152","https://pbs.twimg.com/media/FL5DrrTakAE6qbF.jpg","","in","","0","0","0","https://twitter.com/Fentika_95/status/1494706553198641152","1235492809517359104","Fentika_95"
"1494701342081773568","Fri Feb 18 15:52:24 +0000 2022","0","SMK Boarding menjadi brand bagi SMK di JaTeng yang mempersiapkan lulusan agar tersalurkan ke dunia kerja / siap berwirasusaha yang mengutamakan pendidikan karakter karena pola pengasuhannya adalah dengan asrama. Mantap pak Ganjar kebijakan yang sangat membantu rakyat kecil! https://t.co/oOHEmwiMW4","1494701342081773568","https://pbs.twimg.com/media/FL4-8K8VcAIvBfu.jpg","","in","Istana Presiden","0","0","0","https://twitter.com/KancaneGP/status/1494701342081773568","1088823493905461248","KancaneGP"
"1494484644602937347","Fri Feb 18 01:31:20 +0000 2022","0","Sbg salah 1 daerah yg fokus dlm pengembangan pendidikan generasi muda &amp; SDM Pemprov Bengkulu hingga saat ini terus berbenah. Salah satunya melalui Gerakan Pramuka dg melakukan penguatan infrastruktur baik secara kepengurusan maupun kebijakan anggaran. https://t.co/Lh3yhtTF7F","1494484644602937347","","","in","Bengkulu, Indonesia","0","0","0","https://twitter.com/mediacenterBKL/status/1494484644602937347","740725770629173248","mediacenterBKL"
"1494483419799388160","Fri Feb 18 01:26:28 +0000 2022","21","Bagi yang ingin mengetahui arah dan alasan yang melandasi kebijakan kurikulum @Kemdikbud_RI sila simak wawancara saya dengan @medcom_id berikut. Mengurai Wajah Kurikulum Merdeka: Saatnya Kembali ke Jantung Pendidikan https://t.co/MMFnP9pgq5","1494483419799388160","","","in","📌 Jakarta ","1","3","4","https://twitter.com/ninoaditomo/status/1494483419799388160","353389293","ninoaditomo"
"1494480554791956482","Fri Feb 18 01:15:05 +0000 2022","16","Peningkatan Produktivitas untuk Transformasi Ekonomi yang Inklusif dan Berkelanjutan adalah Tema Kebijakan RKP Tahun 2023. 8 Arah Kebijakan RKP Tahun 2023 : 1. Percepatan penghapusan kemiskinan ekstrim 2. Peningkatan kualitas SDM dalam kesehatan &amp; pendidikan 3. Penanggulangan... https://t.co/6fk8eFXMiK","1494480554791956482","https://pbs.twimg.com/media/FL12JL6aIAEDyhp.jpg","","in","","1","5","13","https://twitter.com/Penyair_Berdiri/status/1494480554791956482","1240137086331748352","Penyair_Berdiri"
"1494283027479810050","Thu Feb 17 12:10:10 +0000 2022","17","Program dan kebijakan @erickthohir berhasil mengangkat marwah pesantren sebagai lembaga pendidikan dan juga membentuk sumber daya manusia yang tangguh. #DenganETMerdekaBerdaulat https://t.co/aQWd3RYSss","1494283027479810050","https://pbs.twimg.com/media/FLzCfa1VIAgInwd.jpg","","in","","0","0","14","https://twitter.com/Mbok_Lurah/status/1494283027479810050","849618822709379076","Mbok_Lurah"
"1494279677019815944","Thu Feb 17 11:56:52 +0000 2022","18","Halo #InsanDikti Memasuki semester baru Direktorat Jenderal Pendidikan Tinggi Riset dan Teknologi mengeluarkan kebijakan terkait penyelenggaraan pembelajaran semester genap tahun akademik 2021/2022 melalui Keputusan Dirjen Diktiristek Nomor 2 Tahun 2022. https://t.co/2PNEcx9THf","1494279677019815944","https://pbs.twimg.com/media/FLy-44eaQAIKOh4.jpg","","in","Jl Pintu Satu Senayan, Jakarta","1","1","4","https://twitter.com/ditjendikti/status/1494279677019815944","855008917247545344","ditjendikti"
"1494267381434118147","Thu Feb 17 11:08:00 +0000 2022","2","Pemerintah Jokowi targetkan penurunan angka kemiskinan ekstrim hingga tiga juta penduduk di tahun 2023 serta menyusun sejumlah kebijakan prioritas bagi peningkatan SDM utamanya sektor pendidikan dan kesehatan. https://t.co/wKquqAljpn","1494267381434118147","https://pbs.twimg.com/media/FLy0Q3yVIAAGu7M.jpg","","in","","0","0","1","https://twitter.com/Deje_Vendra/status/1494267381434118147","1377474137807986695","Deje_Vendra"
"1494261707287724033","Thu Feb 17 10:45:27 +0000 2022","19","Selain kemiskinan Pemerintah juga menyusun sejumlah kebijakan prioritas pada tahun 2023 yakni peningkatan kualitas sumber daya manusia dalam hal ini pendidikan dan kesehatan. https://t.co/zYUKYTTaUM @jokowi Gas Pol Pemulihan Ekonomi https://t.co/26PGJPuYnJ","1494261707287724033","https://pbs.twimg.com/media/FLyvGLKagAgRn1i.jpg","","in","Indonesia🇮🇩🇮🇩 ","0","0","1","https://twitter.com/BujangeGR/status/1494261707287724033","1132290734046892032","BujangeGR"
"1494205880564600832","Thu Feb 17 07:03:37 +0000 2022","15","Menempuh pendidikan bukan hal yang mudah didapatkan oleh perempuan di Hindia Belanda. STOVIA sebelumnya gak menerima peserta didik perempuan. Sampai pada akhirnya salah seorang Feminis Belanda mengkritik kebijakan tsb. Yaitu Aletta Jacobs https://t.co/CWGXyxeJy7","1494205880564600832","","","in","","0","2","7","https://twitter.com/Nisanurulhs/status/1494205880564600832","540059889","Nisanurulhs"
"1493970624724672513","Wed Feb 16 15:28:48 +0000 2022","0","Ada ga sih studi tentang tingkat pendidikan dan kebijakan pemerintah dan impactnya thd selera tontonan masyarakat di suatu negara?","1493970624724672513","","","in","Jakarta - Indonesia","0","0","0","https://twitter.com/mosyaifan/status/1493970624724672513","79145871","mosyaifan"
"1493933836333318144","Wed Feb 16 13:02:37 +0000 2022","2","#SahabatBawaslu Menyongsong Pemilu Serentak 2024 Anggota Bawaslu Mochammad Afifuddin meminta Pusat Penelitian Pengembangan Pendidikan dan Pelatihan (Puslitbangdiklat) Bawaslu untuk memetakan kebijakan strategis pengawasan pemilu. #repost @bawasluri https://t.co/mR767zpHML","1493933836333318144","https://pbs.twimg.com/media/FLuE2uFaMAE7k30.jpg","","in","Tasikmalaya, Jawa Barat","0","1","1","https://twitter.com/bawaslukabtasik/status/1493933836333318144","1065606489216184320","bawaslukabtasik"
"1493933058050822146","Wed Feb 16 12:59:31 +0000 2022","2","#SahabatBawaslu Menyongsong Pemilu Serentak 2024 Anggota Bawaslu Mochammad Afifuddin meminta Pusat Penelitian Pengembangan Pendidikan dan Pelatihan (Puslitbangdiklat) Bawaslu untuk memetakan kebijakan strategis pengawasan pemilu. #repost @bawasluri https://t.co/XviNdBlB2k","1493933058050822146","https://pbs.twimg.com/media/FLuEJUGaQAIsfgD.jpg","","in","Tasikmalaya, Jawa Barat","0","1","1","https://twitter.com/bawaslukabtasik/status/1493933058050822146","1065606489216184320","bawaslukabtasik"
"1493784787865448449","Wed Feb 16 03:10:21 +0000 2022","0","Kemendikbudristek mengakselerasi dan meningkatkan pendanaan satuan pendidikan. Melalui MB 16 pemerintah melanjutkan reformasi kebijakan utk BOS pada Merdeka Belajar episode Keenam Belas : Akselerasi dan Peningkatan Pendanaan PAUD dan Pendidikan Kesetaraan. @Kemdikbud_RI https://t.co/neWjL1J8QJ","1493784787865448449","https://pbs.twimg.com/media/FLr6HoXaIAADedk.jpg","","in","Indonesia","0","1","0","https://twitter.com/digifeeder/status/1493784787865448449","1316551516321312768","digifeeder"
"1493765284737724421","Wed Feb 16 01:52:51 +0000 2022","1","Merdeka Belajar 16 Akselerasi dan Peningkatan Pendanaan Pendidikan Lewat MB16 ini pemerintah akan melanjutkan reformasi kebijakan untuk BOS yaitu Bantuan Operasional Penyelenggaraan PAUD dan Bantuan Operasional Penyelenggaraan Pendidikan Kesetaraan. @Kemdikbud_RI https://t.co/b3YogDqy6f","1493765284737724421","https://pbs.twimg.com/media/FLrriauaMAIp6gh.jpg","","in","Medan ","0","1","1","https://twitter.com/M3juahjuah/status/1493765284737724421","1070343155319369728","M3juahjuah"
"1493620769158418434","Tue Feb 15 16:18:36 +0000 2022","1","Ia meyakini kebijakan tersebut diyakini telah memberikan dampak positif bagi para tenaga pendidikan. https://t.co/74DqgGu4Qu","1493620769158418434","","","in","Jakarta - Indonesia","0","0","0","https://twitter.com/mediaindonesia/status/1493620769158418434","68930552","mediaindonesia"
"1493594024455946251","Tue Feb 15 14:32:19 +0000 2022","17","Pemerintah melalui @Kemdikbud_RI @KemenkeuRI dan @Kemendagri berkolaborasi menghadirkan transformasi pada kebijakan dana BOP PAUD dan Pendidikan Kesetaraan yang semakin akuntabel sederhana dalam pengelolaan dan berkeadilan. #KabarKabinet https://t.co/zmoCMfrI7z https://t.co/syPUy6Icpw","1493594024455946251","https://pbs.twimg.com/media/FLpPjPuXoAgeuz8.jpg","","in","Jakarta","0","2","5","https://twitter.com/setkabgoid/status/1493594024455946251","260686783","setkabgoid"
"1493572070651076611","Tue Feb 15 13:05:05 +0000 2022","1","Menyongsong Pemilu Serentak 2024 Anggota Bawaslu Mochammad Afifuddin meminta Pusat Penelitian Pengembangan Pendidikan dan Pelatihan (Puslitbangdiklat) Bawaslu untuk memetakan kebijakan strategis pengawasan pemilu. @bawaslu_RI @Bawaslu_Jabar https://t.co/a0Pje0d5i4","1493572070651076611","https://pbs.twimg.com/media/FLo74ToaUAAGJh4.jpg","","in","Depok, Indonesia","0","1","0","https://twitter.com/BawasluDepok_/status/1493572070651076611","1254617731522916355","BawasluDepok_"
"1493464625891123202","Tue Feb 15 05:58:08 +0000 2022","31","#SahabatBawaslu Menyongsong Pemilu Serentak 2024 Anggota Bawaslu Mochammad Afifuddin meminta Pusat Penelitian Pengembangan Pendidikan dan Pelatihan (Puslitbangdiklat) Bawaslu untuk memetakan kebijakan strategis pengawasan pemilu. https://t.co/ozWdGGge6C","1493464625891123202","https://pbs.twimg.com/media/FLnaGG8agAIBQHb.jpg","","in","Jl MH Thamrin 14 Jakarta Pusat","0","2","10","https://twitter.com/bawaslu_RI/status/1493464625891123202","762574790645342208","bawaslu_RI"
"1493379254813597697","Tue Feb 15 00:18:54 +0000 2022","32","#SahabatDikbud keberhasilan terobosan kebijakan dana BOS menjadi dasar pertimbangan pemerintah menerapkan kebijakan akselerasi penyaluran &amp; peningkatan pendanaan Bantuan Operasional Penyelenggaraan (BOP) PAUD dan BOP Pendidikan Kesetaraan pada 2022. #MerdekaBelajar #MB16 https://t.co/byQWnGaeVT","1493379254813597697","https://pbs.twimg.com/media/FLmMgkXakAECAqh.jpg","","in","Jakarta","0","25","6","https://twitter.com/Kemdikbud_RI/status/1493379254813597697","631701837","Kemdikbud_RI"
"1493241884503773186","Mon Feb 14 15:13:03 +0000 2022","3","Kebijakan Pemerintah Kota Padang Sumater Barat untuk memberlakukan SE Disdikbud soal vaksinasi anak di anggap mengabaikan hak atas pendidikan. #publisherstory https://t.co/U3IbBW2iLM","1493241884503773186","","","in","","0","0","0","https://twitter.com/kumparan/status/1493241884503773186","759692754985242625","kumparan"
"1493119539038490625","Mon Feb 14 07:06:53 +0000 2022","0","#Baleg #RUUPendidikanKedokteran Mendikbudristek RI : harus selalu harmonis dengan kebijakan pelayanan kesehatan pemerintah. Saat ini sedang menyiapkan RUU ttg Sistem Pendidikan Nasional sehingga penyelarasan perundangan bidang pendidikan (2)","1493119539038490625","","","in","","0","0","0","https://twitter.com/WikiDPR1/status/1493119539038490625","3550695012","WikiDPR1"
"1493119481555476483","Mon Feb 14 07:06:39 +0000 2022","0","#Baleg #RUUPendidikanKedokteran Mendikbudristek RI : Masalah dengan pendalaman undang-undang yg relevan saya persilahkan kepada Dirjen Dikti namun sebelum itu mungkin yang terpenting adalah bahwa kami sangat merasa bahwa kebijakan peningkatan kualitas pendidikan... (1)","1493119481555476483","","","in","","0","0","0","https://twitter.com/WikiDPR1/status/1493119481555476483","3550695012","WikiDPR1"
"1493015694820081664","Mon Feb 14 00:14:15 +0000 2022","42","Kesenjangan pendapatan menimbulkan ksenjangan2 lainnya antara lain dlm akses pendidikan kesehatan &amp;permodalan. Akhirnya ia mnurunkan tingkat &amp;kualitas prtumbuhan ekonomi serta merusak kohesi sosial &amp;trust. Ksenjangan pndapatan sering diperburuk kebijakan publik yg tdk tepat!","1493015694820081664","","","in","Indonesia","2","2","14","https://twitter.com/hermantoregar/status/1493015694820081664","459689725","hermantoregar"
"1492841161652064259","Sun Feb 13 12:40:43 +0000 2022","0","BMPS Kota Bekasi Sebut Kesetaraan Kebijakan Pendidikan Harus Diperbaiki https://t.co/X5sRATDcYv","1492841161652064259","","","in","Jakarta","0","0","0","https://twitter.com/HernaDiana/status/1492841161652064259","113337647","HernaDiana"
"1492833258153082883","Sun Feb 13 12:09:18 +0000 2022","8","Pemerintah pusat mengembalikan 10% dana otsus ke sektor pendidikan untuk Pemprov Papua. Langkah itu harus dilakukan demi kelangsungan dan keberlanjutan kebijakan pembangunan sumber daya manusia Papua melalui Program Beasiswa Unggul Papua. https://t.co/HOGGMd5Nl3","1492833258153082883","","","in","🇲🇨peace","1","1","6","https://twitter.com/ariestarico2/status/1492833258153082883","497702911","ariestarico2"
"1492808846594969605","Sun Feb 13 10:32:18 +0000 2022","2","Halo KM ITS! Audiensi kebijakan PTM Terbatas dan Portal Gate telah dilaksanakan pada hari Jumat 11 Februari 2022. Dihadiri oleh Direktorat Pendidikan ITS Biro Sarana dan Prasarana ITS Direktorat Kemahasiswaan ITS dan BEM ITS. https://t.co/VpiOoORIQw","1492808846594969605","https://pbs.twimg.com/media/FLeFuxqakAEGXSp.jpg","","in","Gedung SCC ITS Lt. 2, Surabaya","0","1","1","https://twitter.com/BEM_ITS/status/1492808846594969605","75362544","BEM_ITS"
"1492728179588743168","Sun Feb 13 05:11:46 +0000 2022","0","Kementerian Ketenagakerjaan @KemnakerRI mengungkapkan salah satu konsep atau rekomendasi yang akan ditawarkan dalam Presidensi G20 Indonesia 2022 yakni kebijakan tentang pendidikan dan pelatihan (diklat) vokasi berbasis komunitas (BLK Komunitas). https://t.co/3Y8OoTb8F6","1492728179588743168","","","in","Indonesia","0","0","0","https://twitter.com/indonesiago_id/status/1492728179588743168","1166311360898072577","indonesiago_id"
"1492718973967732738","Sun Feb 13 04:35:11 +0000 2022","0","Remind me 2015 si doi menteri pendidikan dengan kebijakan coba cobanya. Mengubur semua harapan","1492718973967732738","","","in","HOMEBASE","0","0","0","https://twitter.com/M_affanakbar/status/1492718973967732738","708706536","M_affanakbar"
"1492716370395799556","Sun Feb 13 04:24:50 +0000 2022","7","[1/6] Program Merdeka Belajar Kampus Merdeka (MBKM) pertama kali diterapkan oleh Mas Menteri Nadiem Makarim pada tahun 2020. MBKM diharapkan dapat membawa transformasi pendidikan dan kebudayaan melalui berbagai kebijakan. Lantas bagaimanakah pelaksanaannya? https://t.co/TFm1UYyTP1","1492716370395799556","https://pbs.twimg.com/media/FLcxnyGagAEthHa.jpg","","in","Jalan Ganeca 10, Bandung","0","1","2","https://twitter.com/boulevarditb/status/1492716370395799556","199560996","boulevarditb"
"1492680767645704193","Sun Feb 13 02:03:22 +0000 2022","0","Hrbat Bbm naik pak @jokowi sdh biasa rakyat Indonesia terserah penguasa. Tp tolong apakah kebijakan itu menopang indeks kesehatan daya beli pendidikan lbh baik?","1492680767645704193","","","in","","0","0","0","https://twitter.com/RuswandaDani/status/1492680767645704193","1445302646261182464","RuswandaDani"
"1492512166632574978","Sat Feb 12 14:53:24 +0000 2022","2","Baik Ka Min tks. Kaka @Mvhy99 ayo bantu sampaikan detail jalan Pendidikan ke https://t.co/Jooj0IRw5m smga bisa diteruskan ke pemangku kebijakan setempat utk kasih bangun jalan yg layak dan aman bagi noge2 ke sekolah salam.","1492512166632574978","","","in","Rumah Kucing","0","0","0","https://twitter.com/lintang_ayoe/status/1492512166632574978","1104015217246138368","lintang_ayoe"
"1492490717142593539","Sat Feb 12 13:28:10 +0000 2022","0","Puluhan tahun ounya menteri pendidikan cuman bisa ngabisin anggaran baru kali ini ada yang bisa ngasi kebijakan yang positif. https://t.co/wDD2O7wfMX","1492490717142593539","","","in","Batubulan, Gianyar, Bali","0","1","0","https://twitter.com/OteTatsuya/status/1492490717142593539","30229423","OteTatsuya"
"1492439054327349250","Sat Feb 12 10:02:53 +0000 2022","0","Karya ini disarikan dari hasil penelitian sehingga para pembaca khususnya para akademisi dan pemegang kebijakan strategis di perguruan tinggi dan bidang pendidikan patut menjadikannya sebagai bahan referensi yang berkaitan dengan revitalisasi LPTK. (4)","1492439054327349250","","","in","Jl. Tambra Raya No. 23 Jaktim","0","0","0","https://twitter.com/Prenadamedia2/status/1492439054327349250","821897566442786818","Prenadamedia2"
"1492035983453212677","Fri Feb 11 07:21:13 +0000 2022","1","UAJY Soroti Kebijakan dan Praksis Pendidikan Inklusi di Jogja https://t.co/3TfnozQ8Hw","1492035983453212677","","","in","Yogyakarta","0","0","1","https://twitter.com/TuguJogja_id/status/1492035983453212677","541613750","TuguJogja_id"
"1491974612296421376","Fri Feb 11 03:17:21 +0000 2022","2","2 kebijakan penting yang akan mengubah sistem pendidikan diluncurkan hari ini. Sedang LIVE sekarang https://t.co/oXEoazLNG7 https://t.co/AkOi6SoE5Y","1491974612296421376","https://pbs.twimg.com/media/FLSPAL8VUAEycgn.jpg","","in","Jakarta. Salatiga. ","0","1","0","https://twitter.com/ainunchomsun/status/1491974612296421376","41765351","ainunchomsun"
"1491921977741033472","Thu Feb 10 23:48:12 +0000 2022","4","Kakanwil Musta'in Ahamad menuturkan kebijakan Kanwil Kemenag Prov. Jateng di bidang pendidikan seusai mengikuti Dialog Pemuda Lintas Agama di Vihara Watugong Senin (7/2). #KemenagJatengMajeng https://t.co/MrMuA0atOq","1491921977741033472","https://pbs.twimg.com/ext_tw_video_thumb/1491921692142497792/pu/img/BkyTkMlTuA2rAiBD.jpg","","in","Semarang, Jawa Tengah","0","0","0","https://twitter.com/KemenagJateng/status/1491921977741033472","2989121466","KemenagJateng"
"1491909303145435136","Thu Feb 10 22:57:50 +0000 2022","0","Mudah2 an mas @AgusYudhoyono bisa meniru pak @SBYudhoyono dalam berdemokrasi karena beliau pak sby sangat2 menghormati guru dan pendidikan kebijakan nya pro rakyat dan guru ️","1491909303145435136","","","in","Politeknik undip, tembalang","0","0","1","https://twitter.com/LukmanDwiYuliar/status/1491909303145435136","746406924","LukmanDwiYuliar"
"1491747362918010880","Thu Feb 10 12:14:21 +0000 2022","4","Adanya kebijakan untuk pendidikan beasiswa dapat meningkatkan mutu kualitas sumber daya manusia orang asli Papua untuk dapat membangun daerahnya sendiri. Papua jaya selalu bersama NKRI https://t.co/cIyDre7CiI","1491747362918010880","https://pbs.twimg.com/media/FLPAMwAaQAE3N_r.jpg","","in","","0","1","0","https://twitter.com/ApriliciaArifah/status/1491747362918010880","1416384756841783300","ApriliciaArifah"
"1491680861200150528","Thu Feb 10 07:50:06 +0000 2022","0","Presidensi G20 Kemnaker Tawarkan Kebijakan Pendidikan Pelatihan Vokasi Berbasis Komunitas https://t.co/uyQaBgDh3W https://t.co/doA2wkg3I3","1491680861200150528","https://pbs.twimg.com/media/FLOD1pyVQAAb89H.jpg","","in","","0","0","0","https://twitter.com/FaktaNew5/status/1491680861200150528","886813456875143168","FaktaNew5"
"1491613371896004616","Thu Feb 10 03:21:55 +0000 2022","5","#SiaranPersKemnaker Presidensi G20 @KemnakerRI Tawarkan Kebijakan Pendidikan Pelatihan Vokasi Berbasis Komunitas https://t.co/AEXAuFdRO0","1491613371896004616","https://pbs.twimg.com/media/FLM3qiWVQAIt1nY.jpg","","in","www.goo.gl/maps/B7uJW3NksVv","0","1","2","https://twitter.com/KemnakerRI/status/1491613371896004616","409757397","KemnakerRI"
"1491567590539472900","Thu Feb 10 00:20:00 +0000 2022","4","Mantan Mendiknas Yahya A Muhaimin di era Presiden Abdurrahman Wahid tutup usia. Salah satu kebijakan pendidikannya mengakui pendidikan luar sekolah sama pentingnya dengan persekolahan. #Obituari #AdadiKompas https://t.co/rA9nQapUJV","1491567590539472900","","","in","Palmerah, Jakarta","1","0","0","https://twitter.com/hariankompas/status/1491567590539472900","255866913","hariankompas"
"1491562560486666240","Thu Feb 10 00:00:00 +0000 2022","0","Dengan adanya kebijakan untuk pendidikan beasiswa dapat meningkatkan mutu kualitas sumber daya manusia orang asli Papua untuk dapat membangun daerahnya sendiri #DamaiTanpaKKB #PapuaIndonesia https://t.co/06REvPHAkt","1491562560486666240","https://pbs.twimg.com/media/FLMHofaaQAAbQLI.jpg","","in","ɪɴᴀᴄᴛɪvᴇ.","0","0","0","https://twitter.com/ttysoshi/status/1491562560486666240","607106383","ttysoshi"
"1491337188944257026","Wed Feb 09 09:04:28 +0000 2022","0","Dewan Pendidikan Tegur Bupati Cianjur Soal Kebijakan PTM https://t.co/SjjE3nD85R","1491337188944257026","","","in","Kota Bandung, Jawa Barat","0","0","0","https://twitter.com/ayobandungcom/status/1491337188944257026","2985307064","ayobandungcom"
"1491304993429004289","Wed Feb 09 06:56:32 +0000 2022","8"," Rancangan Arah Kebijakan Untuk Mencapai Target IPM 2022. 1) Meningkatkan akses dan mutu pelayanan kesehatan 2) Meningkatkan pemerataan layanan pendidikan berkualitas 3) Upaya dibidang ekonomi untuk meningkatkan pendapatan masyarakat dengan kemiskinan kronis https://t.co/yFO5cmUCVy","1491304993429004289","https://pbs.twimg.com/media/FLIt_LzacAcb3Ri.jpg","","in","DKI Jakarta, Indonesia","1","3","8","https://twitter.com/aiiptu/status/1491304993429004289","1009255291790036992","aiiptu"
"1491293974291750912","Wed Feb 09 06:12:45 +0000 2022","0","Pengamat Pendidikan Apreasiasi Kebijakan PJJ Pemkot Tangsel https://t.co/RxTxK63KLf","1491293974291750912","","","in","","0","0","0","https://twitter.com/BeritarayaIDN/status/1491293974291750912","1451676830763667460","BeritarayaIDN"
"1491287660815474688","Wed Feb 09 05:47:39 +0000 2022","0","Pemerintah Kota Tangerang Selatan telah menetapkan kebijakan pembelajaran jarak jauh (PJJ) pada seluruh jenjang pendidikan selama dua pekan. https://t.co/5dGWgHGV5K","1491287660815474688","","","in","Jakarta","1","0","0","https://twitter.com/kompascom/status/1491287660815474688","23343960","kompascom"
"1491172158763986944","Tue Feb 08 22:08:41 +0000 2022","11","Ketua DPC Partai Persatuan Pembangunan (PPP) Kota Padang Maidestal Hari Mahesa mendukung kebijakan Dinas Pendidikan Kota Padang yang menginstruksikan hanya siswa yang sudah divaksin yang bisa mengikuti Pembelajaran Tatap Muka (PTM). #PartaiPPP https://t.co/vOY7bff5WX","1491172158763986944","","","in","Jl Diponegoro no.60 Jakarta","0","0","3","https://twitter.com/DPP_PPP/status/1491172158763986944","219664498","DPP_PPP"
"1491042285571633152","Tue Feb 08 13:32:37 +0000 2022","0","Hukum dan kebijakan tidak pernah di buat masyarakat menengah ke bawah. Sepertinya akan bijaksana kalau yg membuat hukum dan kebijakan adalah institusi pendidikan tinggi seluruh Indonesia selain minim intervensi &amp; kepentingan keluarannya tentu saja akan lebih berbobot.","1491042285571633152","","","in","","0","0","0","https://twitter.com/logikaki/status/1491042285571633152","1370352847649267715","logikaki"
"1491019292414189571","Tue Feb 08 12:01:15 +0000 2022","91","Kebijakan dibuat untuk mengatasi masalah di masyarakat. Karena itu Tanggung Jawab Sosial dan Lingkungan (TJSL) BUMN kami fokuskan pada pendidikan lingkungan dan pendampingan UMKM. Pelaksanaannya harus tepat sasaran dan bermanfaat untuk masyarakat. https://t.co/MGi2zWFiYR","1491019292414189571","https://pbs.twimg.com/ext_tw_video_thumb/1491018969603796998/pu/img/-h1zjludevC8Qa3x.jpg","","in","Indonesia","2","18","20","https://twitter.com/erickthohir/status/1491019292414189571","43088704","erickthohir"
"1490877707336495107","Tue Feb 08 02:38:39 +0000 2022","0","Merdeka Belajar dalam langkah Kebijakan Transformasi Pendidikan Indonesia https://t.co/5KGtxAa8r3","1490877707336495107","","","in","Bumi Allah","0","0","0","https://twitter.com/PenaMabda/status/1490877707336495107","1242741183551434752","PenaMabda"
"1490613858637025289","Mon Feb 07 09:10:12 +0000 2022","1","tritnya michaelpsenger scr singkat: CCP mengelabui dunia soal asal muasal covid-19 lalu maksa kebijakan otoriter (lockdown) di dlm negeri utk jd contoh keberhasilan china mengkontaminasi persebaran covid-19. kemudian CCP lewat institusi pendidikan publik di inggris &amp; eropa /c","1490613858637025289","","","in","red pill of consciousness","0","1","0","https://twitter.com/NEBOBORAVILLAIN/status/1490613858637025289","1234525962043158529","NEBOBORAVILLAIN"
"1490577827720138754","Mon Feb 07 06:47:02 +0000 2022","1"," Karena adanya kebijakan dari Satgas COVID-19 Kabupaten Tangerang mereka tetap akan mengikuti proses belajar dengan sistem PJJ. kata Kepala Dinas Pendidikan (Disdik) Kabupaten Tangerang Syaifullah https://t.co/Zc66LnlfdY","1490577827720138754","","","in","DKI Jakarta, Indonesia","0","0","0","https://twitter.com/voidotid/status/1490577827720138754","1186946650595418116","voidotid"
"1490573808637415431","Mon Feb 07 06:31:04 +0000 2022","1","Pengamat Kebijakan Publik Universitas Pendidikan Indonesia (UPI) Cecep Darmawan menilai perlu ada revisi peraturan wali kota (Perwalkot) Bandung terkait penetapan sanksi denda yang melanggar protokol kesehatan (prokes) bagi perusahaan besar. https://t.co/Q4SOfgMXTV https://t.co/eH0rpTt5U2","1490573808637415431","https://pbs.twimg.com/media/FK-U-siVgAMtfs5.jpg","","in","","0","0","0","https://twitter.com/IDNTimes/status/1490573808637415431","388190238","IDNTimes"
"1490543511762276353","Mon Feb 07 04:30:40 +0000 2022","0","Pemerintah Kota (Pemkot) Bandar Lampung mengeluarkan kebijakan agar semua peserta didik naik kelas. #Bandarlampung #Beritaterkini #Pendidikan #lampostco https://t.co/54n31dR3Hi","1490543511762276353","","","in","Lampung, Indonesia","0","0","1","https://twitter.com/lampungpost_/status/1490543511762276353","961851659692400640","lampungpost_"
"1490539896649379842","Mon Feb 07 04:16:18 +0000 2022","3","Tahun 2016 diskusi sama aktivis2/penggiat pendidikan. Kebanyakan (hampir semua) gagal mendefinisikan berpikir bebas dalam tataran praktis dan kebijakan. Btw ngikutin kebutuhan industri aja belum pernah berhasil secara nasional. Kenapa? Kegagalannya sama aja. ","1490539896649379842","","","in","Jakarta Capital Region","0","1","0","https://twitter.com/ditya_sd/status/1490539896649379842","60908827","ditya_sd"
"1490534236146872322","Mon Feb 07 03:53:49 +0000 2022","1","Kebijakan peralihan dari PTM menjadi PJJ yang diistruksikan Kantor Kementerian Agama kota Semarang serupa dengan kebijakan Dinas Pendidikan Kota Semarang yang telah keluar lebih dulu. https://t.co/svn1lrLHo6","1490534236146872322","","","in","Semarang","0","0","0","https://twitter.com/edukasiaid/status/1490534236146872322","3125580314","edukasiaid"
"1490513656961925120","Mon Feb 07 02:32:02 +0000 2022","0","Susah buat kuliah lagi. Gak ada kebijakan perpanjangan waktu pembayaran dr kampus. Gak tau lagi harus cuti atau berhenti kuliah.Pengen jd generasi penerus tp biaya pendidikan sngt susah walau hanya minta kemunduran pembayaran. Minta petunjuknya @ditjendikti sy masih ingin maju","1490513656961925120","","","in","","0","0","1","https://twitter.com/chasseur69_/status/1490513656961925120","1420252571680133123","chasseur69_"
"1490311129905520647","Sun Feb 06 13:07:16 +0000 2022","0","Rencana demi rencana tersusun rapi dan siap tinggal eksekusi. Eh dikacaukan oleh kebijakan yg katanya penuh pertimbangan dan matang. Kalian para esmelon memang melebihi Bandung Bondowoso yg cuma bisa membuat 999 candi dalam semalam. Sekelas lembaga pendidikan lho!","1490311129905520647","","","in","Indonesia","0","0","0","https://twitter.com/harissusu/status/1490311129905520647","481141990","harissusu"
"1490282829783384070","Sun Feb 06 11:14:49 +0000 2022","202","Selalu mendukung upaya jaminan sosial: kesehatan pendidikan sosial. Harapannya juga ke banyak sektor penghidupan lainnya. Kebijakan baik demi peningkatan hidup orang banyak lebih baik. Bismillah","1490282829783384070","","","in","","0","0","50","https://twitter.com/tanikelana/status/1490282829783384070","731524442","tanikelana"
"1490186571051528193","Sun Feb 06 04:52:19 +0000 2022","2","Ikuti acara NGOPI SEKSI (Ngobrol Pintar Seputar Kebijakan Edukasi) dg topik EVALUASI DAN PROSPEK PENDIDIKAN INDONESIA 2022 Minggu 6 Feb Jam 14:30-17:00 WIB. Aplikasi YouTube Live Streaming https://t.co/p7Emho7Pim Registrasi untuk e-sertifikat https://t.co/KyJ4yXA8U5 https://t.co/MdnXQQwNwF","1490186571051528193","https://pbs.twimg.com/media/FK40WFlVUAIGSiA.jpg","","in","Jakarta","0","0","0","https://twitter.com/Darmaningtyas/status/1490186571051528193","368674205","Darmaningtyas"
"1490156248863735809","Sun Feb 06 02:51:50 +0000 2022","20","Ganjar Pranowo Minta PTM Mengikuti Kebijakan Level Daerah @ganjarpranowo || Kami menyesuaikan kab/kota. Kalau kemudian satu kab/kota memutuskan harus dievaluasi maka seluruh layer pendidikan harus mengikuti. Jadi tidak harus seragam #GANTARI🇲🇨 https://t.co/me51O8L0Rn","1490156248863735809","","","in","","1","1","13","https://twitter.com/aan_muba/status/1490156248863735809","1226725839099707392","aan_muba"
"1490011084392222727","Sat Feb 05 17:15:00 +0000 2022","1","Komisi Perlindungan Anak Indonesia (KPAI) mengapresiasi langkah Kementerian Pendidikan Kebudayaan Riset dan Teknologi yang menerbitkan diskresi kebijakan pembelajaran tatap muka 100 persen di tengah melonjaknya varian omicron. via @voaindonesia https://t.co/ZOY7K675uO https://t.co/F8TKy5JkyT","1490011084392222727","https://pbs.twimg.com/media/FK2MRBjVQAMdLKs.jpg","","in","","0","0","0","https://twitter.com/RadioElshinta/status/1490011084392222727","121640063","RadioElshinta"
"1489977116691030023","Sat Feb 05 15:00:01 +0000 2022","1","Komisi Perlindungan Anak Indonesia (KPAI) mengapresiasi langkah Kementerian Pendidikan Kebudayaan Riset dan Teknologi yang menerbitkan diskresi kebijakan pembelajaran tatap muka 100 persen di tengah melonjaknya varian omicron. https://t.co/DbGEKuDyJ7","1489977116691030023","","","in","Washington, DC","0","0","0","https://twitter.com/voaindonesia/status/1489977116691030023","75077164","voaindonesia"
"1489790725747507200","Sat Feb 05 02:39:22 +0000 2022","0","Waka urusan kurikulum semua sekolah di Indonesia adalah orang-orang yang paling pusing dan sibuk sejak 2019 - sekarang. Dan para pejabat kementerian pendidikan yang seenaknya bikin kebijakan dan ganti kurikulum di masa pandemi adalah penanggung dosanya.","1489790725747507200","","","in","Indonesia","0","0","0","https://twitter.com/mgaluhoktap/status/1489790725747507200","454558842","mgaluhoktap"
"1489744919128248322","Fri Feb 04 23:37:21 +0000 2022","38","#nawakngalam Kebijakan Pembelajaran Tatap Muka (#PTM) pada satuan pendidikan di Kota Malang disesuaikan menjadi maksimal 50 persen jumlah siswa terhitung mulai Jumat 4 Februari 2022. Hal ini sebagai respon setelah mengevaluasi tren naiknya angka kasus #COVID19 https://t.co/nxWzq9rKbN","1489744919128248322","https://pbs.twimg.com/media/FKyjGk6VgAAlACv.jpg","","in","Kota Malang, Jawa Timur","3","5","20","https://twitter.com/PemkotMalang/status/1489744919128248322","259149698","PemkotMalang"
"1489585429238415362","Fri Feb 04 13:03:36 +0000 2022","22","#KawanBRIN ingin kuliah tanpa biaya? #KawanBRIN harus simak konten berikut karena Badan Riset dan Inovasi Nasional (BRIN) mengeluarkan kebijakan biaya nol rupiah untuk melanjutkan pendidikan di Politeknik Teknologi Nuklir Indonesia yang berada di Yogyakarta. https://t.co/yVZpKoW9nq","1489585429238415362","https://pbs.twimg.com/media/FKwR-OHacAAW_1t.jpg","","in","Gedung BJ Habibie","4","2","13","https://twitter.com/brin_indonesia/status/1489585429238415362","90363665","brin_indonesia"
"1489579026146476041","Fri Feb 04 12:38:09 +0000 2022","2","dan Pemangku Kebijakan dunia pendidikan masih mingkem mempertontonkan KENGEYELAN kecepatan mengejar Learning Lost dg PTM VS Kecepatan Tingkat penyebaran Omicron. sakuareeeepmu Ndul !!!!!","1489579026146476041","","","in","","0","0","1","https://twitter.com/tjapoenglaut/status/1489579026146476041","1232172352806379520","tjapoenglaut"
"1489549677897072641","Fri Feb 04 10:41:32 +0000 2022","0","Sekjen Kementerian Pendidikan Suharti mengatakan kebijakan itu diambil untuk menjauhkan anak-anak dari risiko tertular COVID-19. https://t.co/qY9vHezBaO","1489549677897072641","","","in","Jakarta, Indonesia","0","0","0","https://twitter.com/beritaKBR/status/1489549677897072641","124390203","beritaKBR"
"1489448627999326213","Fri Feb 04 04:00:00 +0000 2022","9","Plt Kepala Dinas Pendidikan Perpustakaan dan Arsip Daerah Provinsi Papua Protasius Lobia mengatakan pihaknya mengikuti kebijakan kab/kota terkait rencana kembali memberlakukan sistem belajar online menyikapi peningkatan kasus COVID -19 per 1 Feb 2022. https://t.co/G9SlxnHnQc","1489448627999326213","","","in","Papua, Indonesia","0","1","4","https://twitter.com/PemprovPapua/status/1489448627999326213","905987034388381696","PemprovPapua"
"1489434306250358788","Fri Feb 04 03:03:05 +0000 2022","1","PTM TERBATAS 50% DIBERLAKUKAN MULAI 3 FEBRUARI 2022 BAGI DAERAH PPKM LEVEL 2! Ada POIN PENTING yang disampaikan oleh Sesjen @Kemdikbud_RI Bu Suharti terkait kebijakan diskresi yang diterbitkan oleh Kemendikbudristek. Moga jadi kabar baik dan ketenangan ya bagi satuan pendidikan! https://t.co/N1UWpqk1i2","1489434306250358788","https://pbs.twimg.com/media/FKuImmUUcAQ2Dds.jpg","","in","","0","0","1","https://twitter.com/MasMenteri/status/1489434306250358788","891564038781415424","MasMenteri"
"1489293757899964424","Thu Feb 03 17:44:36 +0000 2022","1","!upi sebagai lulusan pendidikan gimana tanggapan kalian terkait kebijakan guru pppk dan pns? plus-minusnya apa aja?","1489293757899964424","","","in","lg mejeng di partere","0","1","1","https://twitter.com/UPIfess/status/1489293757899964424","1084456172395016193","UPIfess"
"1489279937970249731","Thu Feb 03 16:49:41 +0000 2022","0","Apa disich bedanya PPKM dan PTM itu...? Yang satu mementingkan Kesehatan dengan pencegahan penularan. Yang satu mementingkan pendidikan dengan mengabaikan penularan. Binguuuuuuuuuuuung Gue dengan kebijakan - kebijakan yang ada semua ini yang penuh simpang - siur. https://t.co/Ln0tk6oGOy","1489279937970249731","https://pbs.twimg.com/media/FKr8L2vVQAILIes.jpg","","in","","0","0","0","https://twitter.com/BinAnsyari/status/1489279937970249731","1371393948011225091","BinAnsyari"
"1489241161533640705","Thu Feb 03 14:15:36 +0000 2022","9","Pendidikan Penting Kesehatan Penting. Kebijakan ini berorientasi kepada keduanya. Menag Gus @YaqutCQoumas ini contoh pemimpin yang melihat rakyat dg pandangan kasih sayang. Sehat terus Gus.","1489241161533640705","","","in","Jakarta Capital Region","0","0","3","https://twitter.com/LuqmanBeeNKRI/status/1489241161533640705","1185472145800871936","LuqmanBeeNKRI"
"1489175586526302210","Thu Feb 03 09:55:02 +0000 2022","0","ptn! disini ada kakak2 yg lolos sbm di kebijakan pendidikan uny ngga? mau izin nanya2","1489175586526302210","","","in","RULES 👉","0","0","0","https://twitter.com/sbmptnfess/status/1489175586526302210","1205629250423779328","sbmptnfess"
"1489154188433149952","Thu Feb 03 08:30:00 +0000 2022","7","Dinas Pendidikan dan Olahraga Pemprov Daerah Istimewa Yogyakarta (DIY) mengubah kebijakan PTM 100 persen menjadi 50 persen. Hal itu menyusul lonjakan kasus COVID-19 di DIY khususnya klaster sekolah https://t.co/EdFY7hkY7g","1489154188433149952","","","in","Indonesia","0","1","4","https://twitter.com/TirtoID/status/1489154188433149952","4187275698","TirtoID"
"1489084989668999169","Thu Feb 03 03:55:02 +0000 2022","0","Laporan baru kami yang didukung @DFAT menyajikan rekomendasi kebijakan dalam mewujudkan pendidikan inklusif dan menggali potensi anak berkebutuhan khusus di Indonesia. Selengkapnya https://t.co/zz4CdaLFj0 https://t.co/fKylNBahcI","1489084989668999169","https://pbs.twimg.com/media/FKpK6ECXsAE42Vg.jpg","","in","","0","0","0","https://twitter.com/BankDunia/status/1489084989668999169","137894459","BankDunia"
"1488781057457414145","Wed Feb 02 07:47:18 +0000 2022","0","Dinas Pendidikan (Disdik) Kabupaten Klaten mengeluarkan kebijakan baru mengenai pelaksanaan pembelajaran tatap muka (PTM) terbatas untuk PAUD SD dan SMP terhitung mulai 3 Februari 2022. https://t.co/QynUvMzTyL","1488781057457414145","","","in","Klaten, Jawa Tengah","0","0","0","https://twitter.com/Klaten_Oke/status/1488781057457414145","542376296","Klaten_Oke"
"1488708757710196739","Wed Feb 02 03:00:01 +0000 2022","25","Kesel dengan omicron yang sudah transmisi lokal ini. Coba pintu keluar masuk asing &amp; kebijakan karantina dilakukan ketat. Pendidikan jadi korban lagi. Sini sudah siapkan SOP ini itu &amp; ada harapan untuk PTM. Rakyat kecil juga yg jadi korban.","1488708757710196739","","","in","Liyue Harbor","0","5","15","https://twitter.com/maruppon/status/1488708757710196739","68590639","maruppon"
"1488433479591538688","Tue Feb 01 08:46:09 +0000 2022","0","#BeritaTerkini PTM Berlanjut Begini Pesan KCD Pendidikan Wilayah II Untuk Pemkot Depok #ptmberlanjut #KCDWilayahII #kebijakan https://t.co/Q0zltZC3L8","1488433479591538688","","","in","Indonesia","0","0","1","https://twitter.com/jpnncom/status/1488433479591538688","79130206","jpnncom"
"1488433196354076673","Tue Feb 01 08:45:02 +0000 2022","0","KCD Pendidikan Wilayah II meminta agar kepala daerah benar-benar memastikan keselamatan siswa dan guru di tengah lonjakan Covid-19 di Depok #kebijakan https://t.co/Q0zltZT6N8","1488433196354076673","","","in","Indonesia","0","0","0","https://twitter.com/jpnncom/status/1488433196354076673","79130206","jpnncom"
"1488380334719012866","Tue Feb 01 05:14:59 +0000 2022","0","Karya ini disarikan dari hasil penelitian sehingga para pembaca khususnya para akademisi dan pemegang kebijakan strategis di perguruan tinggi dan bidang pendidikan patut menjadikannya sebagai bahan referensi yang berkaitan dengan revitalisasi LPTK. (7)","1488380334719012866","","","in","Jl. Tambra Raya No. 23 Jaktim","0","0","0","https://twitter.com/Prenadamedia2/status/1488380334719012866","821897566442786818","Prenadamedia2"
