"conversation_id_str","created_at","favorite_count","full_text","id_str","image_url","in_reply_to_screen_name","lang","location","quote_count","reply_count","retweet_count","tweet_url","user_id_str","username"
"1233008129031323650","Thu Feb 27 12:37:00 +0000 2020","0","Isdianto dalam sambutannya menyatakan mendukung kebijakan Menteri Pendidikan @_NadiemMakarim #kepripediaje https://t.co/51aK2CmCvw","1233008129031323650","","","in","Kepulauan Riau, Indonesia","0","0","0","https://twitter.com/kepripediacom/status/1233008129031323650","1093636091003817984","kepripediacom"
"1233002732698488834","Thu Feb 27 12:15:34 +0000 2020","37","Awal tahun ini Kemendikbud mengumumkan kebijakan pendidikan untuk perguruan tinggi bernama Kampus Merdeka bagian dari program Merdeka Belajar. https://t.co/GRt2jD5ctB","1233002732698488834","","","in","Jakarta","1","1","10","https://twitter.com/kompascom/status/1233002732698488834","23343960","kompascom"
"1232953518471905281","Thu Feb 27 09:00:00 +0000 2020","0","Kebijakan Pemerintah Menyamaratakan Pendidikan Nasional Bukan Sebagai Solusi https://t.co/RJNBrhaL40","1232953518471905281","","","in","Jakarta","0","0","0","https://twitter.com/indonesiana/status/1232953518471905281","250555040","indonesiana"
"1232933530533027840","Thu Feb 27 07:40:35 +0000 2020","0","[SPTV] Forum Perangkat Daerah Rumuskan Kebijakan Pendidikan Jombang Tahun 2021 https://t.co/NlfhNYWmlo https://t.co/37rH5vnomI","1232933530533027840","https://pbs.twimg.com/media/ERxCgxwXYAA8U76.jpg","","in","","0","0","0","https://twitter.com/rapendikjbg/status/1232933530533027840","1225262430244102146","rapendikjbg"
"1232837023603417089","Thu Feb 27 01:17:06 +0000 2020","0","Dewan Pendidikan Kawal Kebijakan Pemerataan Akses Pendidikan https://t.co/0EIKwoULnQ via @Metro","1232837023603417089","","","in","Palu","0","0","0","https://twitter.com/metrosulawesi/status/1232837023603417089","2594382462","metrosulawesi"
"1232703864047980544","Wed Feb 26 16:27:58 +0000 2020","1","Ya gimana ya. Ya emang susah kalau lu mau 100% nyerahin pendidikan anak ke sekolah. Ya kalau mau maju ya jalan dua-dua nya. Sebagus apapun kebijakan publik kalau individunya gak ikut menciptakan suasana yang kondusif ya wassalam.","1232703864047980544","","","in","jjk's scar enthusiast","0","0","1","https://twitter.com/jeoncux/status/1232703864047980544","875534005969367040","jeoncux"
"1232681310683942912","Wed Feb 26 14:58:21 +0000 2020","44","Gue tuh bukan kontra DO buat anak nakal. Gue kontra DO sebagai pilihan terakhir. Makanya gw tanya Setelah DO mau diapain? Lepasin aja nih? Usaha pemerintah dan institusi pendidikan sampai sini aja? Anak nakal anomali deviant itu udah buang aja? Itu kebijakan publik terakhir?","1232681310683942912","","","in","","10","38","4","https://twitter.com/tubirfess/status/1232681310683942912","865777701671415808","tubirfess"
"1232651677389357059","Wed Feb 26 13:00:36 +0000 2020","3","Pengamat politik nasional dari UI: Kalau saya lihat peluang Anies Baswedan maju sebagai calon presiden di pilpres 2024 semakin menyusut karena dia sudah dua kali gagal dalam kebijakan yang dia buat baik ketika menjadi menteri pendidikan Nasional ataupun sebagai gubernur DKI","1232651677389357059","","","in","Surakarta, Jawa Tengah","0","0","1","https://twitter.com/AlbertSolo2/status/1232651677389357059","980097559736721408","AlbertSolo2"
"1232571069934002177","Wed Feb 26 07:40:17 +0000 2020","0","PILMAPRES 2020 Dalam rangka pengembangan Kompetisi di Era Revolusi Industri 4.0 dan Implementasi Kebijakan kampus Merdeka bersama ini disampaikan bahwa Pusat Prestasi Nasional Kementerian Pendidikan dan https://t.co/OBuRHRk9gs","1232571069934002177","","","in","","0","0","0","https://twitter.com/stmikpnk/status/1232571069934002177","1030727411271233536","stmikpnk"
"1232531167011692544","Wed Feb 26 05:01:44 +0000 2020","1","Dalam rangka pelaksanaan kebijakan Merdeka Belajar dan Kampus Merdeka KBRI Singapura memfasilitasi pertemuan delegasi Kementerian Pendidikan Singapura dengan Menteri Pendidikan dan Kebudayaan Nadim Makarim utk membahas potensial kerjasama Indonesia - Singapura dalam","1232531167011692544","","","in"," 7 Chatsworth Rd, Singapore ","0","1","0","https://twitter.com/kbrisingapura/status/1232531167011692544","2964714444","kbrisingapura"
"1232328366633537536","Tue Feb 25 15:35:52 +0000 2020","2","Kalau diwajibkan PPG buat apa ada program studi Pendidikan xxxx (kecuali PAUD dan PGSD)? Andai memang PPG merupakan pintu gerbang utk menjadi guru sebaiknya ada kebijakan yg lebih visioner dan lebih efektif. @_NadiemMakarim","1232328366633537536","","","in","Pare-Lamongan-Jogja-Semarang","0","2","2","https://twitter.com/icukprayogi/status/1232328366633537536","58825602","icukprayogi"
"1232316841944473600","Tue Feb 25 14:50:05 +0000 2020","0","Kepala Dinas Pendidikan Jatim Apresiasi Kebijakan Inovatif Bupati Banyuwangi https://t.co/EaDDUezZaH https://t.co/VnYPVzGFPf","1232316841944473600","https://pbs.twimg.com/media/ERoRowtUYAEa_SO.jpg","","in","","0","0","0","https://twitter.com/ArahJatim/status/1232316841944473600","937620426913595392","ArahJatim"
"1232242417878757376","Tue Feb 25 09:54:21 +0000 2020","1","Selasa 25022020 Rapat dg Kelompok Kerja Kepala Sekolah (K3S) SMA Swasta Kota Banjarmasin dan Dinas Pendidikan dan Kebudayaan Prov Kalsel dg Agenda : Audiensi dalam rangka Kebijakan Pemerintah yang tidak berpihak https://t.co/o3vF4jigoi","1232242417878757376","","","in","Batulicin, Kalimantan Selatan","0","0","0","https://twitter.com/syaripuddin_m/status/1232242417878757376","298513768","syaripuddin_m"
"1232231247847407618","Tue Feb 25 09:09:57 +0000 2020","0","Universitas Pendidikan Ganesha (Undiksha) Singaraja Bali menjadi tuan rumah pertemuan yang membahas Kampus Merdeka kebijakan yang digagas Menteri Pendidikan Kebudayaan (Mendikbud) Nadiem Makarim. #NadiemMakarim #Undiksha #Bali https://t.co/xrAw3Lh02s","1232231247847407618","","","in","Jakarta, Indonesia","0","0","0","https://twitter.com/inewsdotid/status/1232231247847407618","944180887171743745","inewsdotid"
"1231966841226113027","Mon Feb 24 15:39:18 +0000 2020","0","Banyuwangi - Tak kurang dari 630 kepala SMA SMK dan Pendidikan Khusus - Pendidikan Layanan Khusus (PK PLK) di Jawa Timur menyerap spirit inovasi kebijakan dari Bupati Banyuwangi Abdullah Azwar Anas. Hal tersebut https://t.co/bcnsbk3Jko","1231966841226113027","","","in","Jl. KH. Agus Salim No. 05, Ban","0","0","1","https://twitter.com/DispendikBwi/status/1231966841226113027","2910494443","DispendikBwi"
"1231949765962846208","Mon Feb 24 14:31:27 +0000 2020","0","Saya menilai kebijakan Kampus Merdeka akan menghadapi tantangan terutama dalam hal persoalan mengubah mental mahasiswa. Secara konseptual program yang baru saja diluncurkan oleh Kementerian Pendidikan dan https://t.co/GKINsg4Fo0","1231949765962846208","","","in","Banten, Indonesia","0","0","0","https://twitter.com/ESupriatno/status/1231949765962846208","461081359","ESupriatno"
"1231897523322621952","Mon Feb 24 11:03:51 +0000 2020","0","#kom10 Perwakilan pimpinan PTS se-Sumut: Kami ingatkan jg jangan sampai kebijakan kampus merdeka melupakan pendidikan moral dan akhlak. Kami di daerah sangat mengutamakan hal itu. Jngn sampai magang 3 semester itu akan membuat kita melupakan pendidikan moral dan akhlak.","1231897523322621952","","","in","","0","0","0","https://twitter.com/WikiDPR3/status/1231897523322621952","3550855092","WikiDPR3"
"1231882308736692224","Mon Feb 24 10:03:24 +0000 2020","0"," Judul: Kebijakan Kepala Sekolah dan Mutu Pendidikan Penulis: Heri Indarto S.Pd. M.Pd #jejak #jejakpustaka #kebijakansekolah #penerbitbukujogja #penerbitjejakpustaka https://t.co/EJ8a26MEJj","1231882308736692224","https://pbs.twimg.com/media/ERiGa3dW4AA5Yyc.jpg","","in","Indonesia","0","0","0","https://twitter.com/ceritanamanama/status/1231882308736692224","1214212496359165952","ceritanamanama"
"1231829246428860416","Mon Feb 24 06:32:33 +0000 2020","0","Kebijakan Disruptif Pendidikan Tinggi https://t.co/Fz2qyM3ZvC","1231829246428860416","","","in","Kabupaten Kediri, Indonesia","0","0","0","https://twitter.com/yff_online/status/1231829246428860416","1682432324","yff_online"
"1231771773022003200","Mon Feb 24 02:44:10 +0000 2020","0"," Judul: Kebijakan Kepala Sekolah dan Mutu Pendidikan Penulis: Heri Indarto S.Pd. M.Pd #jejak #jejakpustaka #kebijakansekolah #penerbitbukujogja #penerbitjejakpustaka https://t.co/c0pK4LLORh","1231771773022003200","https://pbs.twimg.com/media/ERgh4vYUcAASlby.jpg","","in","Indonesia","0","0","0","https://twitter.com/ceritanamanama/status/1231771773022003200","1214212496359165952","ceritanamanama"
"1231331463154536449","Sat Feb 22 21:34:32 +0000 2020","0","Presiden Jokowi Sudah Kalau Kamu? Pentingnya data hasil pendataan Sensus Penduduk akan menentukan kebijakan pembangunan di masa depan. Kebijakan terkait pendidikan transportasi kesehatan serta fasilitas lainnya https://t.co/J8Yw4osCov","1231331463154536449","","","in","Bandung, Jawa Barat","0","0","0","https://twitter.com/fpshjabar/status/1231331463154536449","1139172360127504392","fpshjabar"
"1231223799539847168","Sat Feb 22 14:26:43 +0000 2020","1","5 makul to get to know me: 1. Filsafat Pendidikan 2. Advokasi Pendidikan 3. Sosio dan Antropologi Pendidikan 4. Analisis isu-isu kebijakan pendidikan 5. Epistemologi dan Logika Pendidikan","1231223799539847168","","","in","","0","1","0","https://twitter.com/primanggita/status/1231223799539847168","1227616195","primanggita"
"1231221950938329089","Sat Feb 22 14:19:22 +0000 2020","0","Kemenag tidak mampu membiayai Pendidikan Profesi Guru (PPG) kami. Pemda juga ragu2 untuk mengambil kebijakan. Lantas bagaimana hak sertifikasi guru kami bisa kami dapatkan jika semua pihak angkat tangan? Sudah lama kami dilalaikan pak.. Salam dari Guru PAI @jokowi https://t.co/rUiVkFqWDd","1231221950938329089","https://pbs.twimg.com/media/ERYspJWW4AAApmK.jpg","","in","Probolinggo","0","0","0","https://twitter.com/RhieyArt/status/1231221950938329089","241813584","RhieyArt"
"1231180387096788994","Sat Feb 22 11:34:13 +0000 2020","5","Berdebat dengan pemerintah tidak akan ada habisnya tolong bapak menteri @_NadiemMakarim terlebih bapak presiden @jokowi bagaimana nasib generasi penerus Indonesia ini yg ingin mewujudkan cita² negara apabila pendidikan saja kami dibatasi oleh biaya dan terkendala kebijakan baru?","1231180387096788994","","","in","Surakarta, Jawa Tengah","0","1","1","https://twitter.com/kentankkfc07/status/1231180387096788994","1206346090863198208","kentankkfc07"
"1231178390834540544","Sat Feb 22 11:26:17 +0000 2020","0","Olah rasa olah pikir olah hati dan olah raga merupakan kebijakan pembangunan pendidikan nasional #KOSN 2020 #team sepak bola #SDN 5 pemongkong lombok timur https://t.co/7yogYMYunJ","1231178390834540544","https://pbs.twimg.com/media/ERYGMk8UYAUJfyn.jpg","","in","West Nusa Tenggara, Indonesia","0","0","0","https://twitter.com/AbiManobe/status/1231178390834540544","1136456689140477952","AbiManobe"
"1231154133148819458","Sat Feb 22 09:49:53 +0000 2020","1584","Ada banyak hal di otak saya saat membaca seorang komisioner KPAI pejabat publik yang dipilih melalui pansel berpendapat seperti ini. 1. Ini efek Pendidikan Kespro yang lemah selama ini. 2. Proses seleksi KPAI ini bagaimana ya? 3. Kebijakan apa yg akan dihasilkan KPAI.","1231154133148819458","","","in","...bersama yang lemah...","59","162","1065","https://twitter.com/AlissaWahid/status/1231154133148819458","108375032","AlissaWahid"
"1231008604297166848","Sat Feb 22 00:11:36 +0000 2020","6","Dinas Pendidikan Kabupaten Sleman mengevaluasi kebijakan aktivitas luar sekolah di musim hujan. Hal ini menyusul musibah para murid SMPN 1 Turi Sleman saat susur sungai Jumat (21/2/2020). #Nusantara #AdadiKompas https://t.co/ofNEhpl5eN","1231008604297166848","","","in","Palmerah, Jakarta","1","0","0","https://twitter.com/hariankompas/status/1231008604297166848","255866913","hariankompas"
"1230995694082592768","Fri Feb 21 23:20:18 +0000 2020","28","[cm] kalian ada yg pernah baca situs ttg alasan kenapa nadiem makarim buat 4 kebijakan baru dalam pendidikan ini?? Please yg tau drop dibawah atau link berita yg pernah bahas ini. Terimakasih https://t.co/O9yGYMhT8G","1230995694082592768","https://pbs.twimg.com/media/ERVgDydVUAA4SjE.jpg","","in","","0","3","0","https://twitter.com/collegemenfess/status/1230995694082592768","1046084008742801408","collegemenfess"
"1230995553078480896","Fri Feb 21 23:19:45 +0000 2020","1","Upaya yang luar biasa. Investasi dalam pendidikan adalah investasi dalam sumber daya manusia. Kebijakan seperti ini akan menggerakkan Indonesia menuju masa depan yang lebih baik.","1230995553078480896","","","in","JNU, New Delhi, India","0","0","1","https://twitter.com/gautamjhajnu/status/1230995553078480896","793393493519458304","gautamjhajnu"
"1230988535986941952","Fri Feb 21 22:51:52 +0000 2020","0","Analisa Kebijakan Pendidikan Agama Islam pada Masa Belanda Jepang dan Orde Lama #PendidikanIslam https://t.co/CeE3hPiDVg via @JumalAhmad","1230988535986941952","","","in","","0","0","1","https://twitter.com/JumalAhmad/status/1230988535986941952","1922628014","JumalAhmad"
"1230987054625853440","Fri Feb 21 22:45:59 +0000 2020","0","Semoga kebijakan jilid IV Kementerian Pendidikan dan Kebudayaan...memuat Tupoksi Operator di Sekolah yang dengan segala macam keluh kesahnya... #Kemdikbud #merdekabelajar","1230987054625853440","","","in","","0","0","0","https://twitter.com/andiirwansyah89/status/1230987054625853440","1679797886","andiirwansyah89"
"1230873416783269889","Fri Feb 21 15:14:25 +0000 2020","4","SETUJU DENGAN KEBIJAKAN DAN SISTEM PENDIDIKAN TERBARU ?? https://t.co/QislUJRZxK Kebijakan serta sistem pendidikan di Indonesia mengalami kemajuan. Berikut pendapat Ketua PBNU terkait terobosan terbaru sistem pendidikan Indonesia. Simak Selengkapnya di Youtube NU CHANNEL https://t.co/SoZvOolGsC","1230873416783269889","https://pbs.twimg.com/media/ERTw11ZXkAkrt1J.jpg","","in","Nusantara","0","0","1","https://twitter.com/nuchannels/status/1230873416783269889","762247247585161216","nuchannels"
"1230867256638308352","Fri Feb 21 14:49:57 +0000 2020","0","5 matkul to get know me: 1. Standarisasi pendidikan 2. Aliansi dan jejaring pendidikan 3. Kebijakan pembiayaan pendidikan 4. Evaluasi pendidikan 5. Analisis isu-isu kebijakan pendidikan","1230867256638308352","","","in","Yogyakarta, Indonesia","0","1","0","https://twitter.com/wannabesugdad/status/1230867256638308352","1156721011993145347","wannabesugdad"
"1230850536817201153","Fri Feb 21 13:43:30 +0000 2020","2","5 matkul to get to know me: 1. Pedagogika 2. Psikologi Pendidikan 3. Statistika 4. Kebijakan&amp;Inovasi Pendidikan 5. Konsep Dasar (IPA IPS B.INGGRIS B.INDO MTK) +RPP","1230850536817201153","","","in","","0","0","0","https://twitter.com/justalfiy/status/1230850536817201153","1646838608","justalfiy"
"1230835874113261570","Fri Feb 21 12:45:14 +0000 2020","4","[cm] ada yang anak kebijakan pendidikan uny disini? mau tanya-tanya nih makasih","1230835874113261570","","","in","","0","0","0","https://twitter.com/collegemenfess/status/1230835874113261570","1046084008742801408","collegemenfess"
"1230822005919715328","Fri Feb 21 11:50:08 +0000 2020","3","Menteri Pendidikan dan Kebudayaan Nadiem Anwar Makarim telah menetapkan empat pokok kebijakan pendidikan Merdeka Belajar . Apa tujuannya? #Opini #KawandalamPerubahan Baca : https://t.co/SfsD8p6iHh https://t.co/KWnQijboBa","1230822005919715328","https://pbs.twimg.com/media/ERTCFAlUcAAsaXr.jpg","","in","Palmerah, Jakarta","0","1","0","https://twitter.com/hariankompas/status/1230822005919715328","255866913","hariankompas"
"1230814271371542529","Fri Feb 21 11:19:24 +0000 2020","0","5 matkul to get to know me: 1. Pendidikan Inklusi 2. Pedagogika 3. Kebijakan dan Inovasi Pendidikan 4. Kurikulum dan Pembelajaran 5. Perkembangan Peserta Didik","1230814271371542529","","","in","송하영 가슴","0","0","0","https://twitter.com/callmeabuabu/status/1230814271371542529","1071357772975923201","callmeabuabu"
"1230809389277204480","Fri Feb 21 11:00:00 +0000 2020","4","Menteri Pendidikan dan Kebudayaan (Mendikbud) Nadiem Makarim menegaskan tidak pernah menetapkan kebijakan Sumbangan Pendidikan Sekolah (SPP) melalui dompet digital. POT . #Mendikbud #DompetDigital #SPPOnline #NadiemMakarim #iNewsSiang #iNews https://t.co/pLbDSKxoza","1230809389277204480","https://pbs.twimg.com/media/ERSdbUAWkAER72w.jpg","","in","iNews Tower Jakarta","0","0","4","https://twitter.com/SeputariNews/status/1230809389277204480","375995332","SeputariNews"
"1230794048895504384","Fri Feb 21 09:59:02 +0000 2020","13","Selamat santai sore mari bicara efektifitas dan nilai keadilan dalam kebijakan Anggaran Pendidikan Jawa Tengah Monggo sekedar Urun Rembuk @ganjarpranowo @cakimiNOW @yusuf_ch @Sukirman_Kir @_syarifabdillah @hamid_amx @pkbjawatengah @DPP_PKB https://t.co/ky1QrgPevZ","1230794048895504384","","","in","Jawa Tengah ","0","1","9","https://twitter.com/FPKB_DPRDJateng/status/1230794048895504384","1215902266105856000","FPKB_DPRDJateng"
"1230782662849245186","Fri Feb 21 09:13:48 +0000 2020","0","Pemerintah mengubah kebijakan penyaluran dan penggunaan dana Bantuan Operasional Sekolah (BOS). Menteri Pendidikan dan Kebudayaan (Mendikbud) Nadiem Anwar Makarim menyatakan melalui kebijakan Merdeka Belajar episode https://t.co/6UhWW4ywTm","1230782662849245186","","","in","","0","0","0","https://twitter.com/SmkSewon/status/1230782662849245186","1192589914228920320","SmkSewon"
"1230733501810401280","Fri Feb 21 05:58:27 +0000 2020","2","Pemerintah mengubah kebijakan penyaluran dan penggunaan dana Bantuan Operasional Sekolah (BOS). Menteri Pendidikan dan Kebudayaan (Mendikbud) Nadiem Anwar Makarim menyatakan melalui kebijakan Merdeka Belajar episode https://t.co/xhvLiD2XOF","1230733501810401280","","","in","Jakarta Capital Region","0","0","1","https://twitter.com/gtk_kemdikbud/status/1230733501810401280","985739715096731649","gtk_kemdikbud"
"1230672486485909504","Fri Feb 21 01:56:00 +0000 2020","0","Antara politik dan pendidikan itu saling melengkapi. Politik menjaganya dari atas dari tataran kebijakan dan pendidikan merawatnya dari bawah ia membentuk seseorang. #HLkompasiana https://t.co/AowdKq5Rh7","1230672486485909504","","","in","Indonesia","0","0","2","https://twitter.com/kompasiana/status/1230672486485909504","23786106","kompasiana"
"1230480073716719616","Thu Feb 20 13:11:25 +0000 2020","0","#BayarSPP #GoPay Menteri Pendidikan dan Kebudayaan Nadiem Makarim menyatakan pembayaran sumbangan pembinaan pendidikan atau SPP yang kini bisa pakai GoPay bukan kebijakan Kementerian Pendidikan dan Kebudayaan. https://t.co/Unow3z932j","1230480073716719616","","","in","Aceh","0","0","0","https://twitter.com/serambinews/status/1230480073716719616","64635651","serambinews"
"1230431775307886592","Thu Feb 20 09:59:30 +0000 2020","0","Analisis Kebijakan Pendidikan - ROSDA... https://t.co/16Nwj5fIhL","1230431775307886592","","","in","","0","0","0","https://twitter.com/adhimasbhre/status/1230431775307886592","2808233744","adhimasbhre"
"1230296006584987648","Thu Feb 20 01:00:00 +0000 2020","6","Manajemen Gojek menyatakan pembayaran SPP sekolah dan biaya pendidikan lainnya melalui aplikasi Gobills tidak berkaitan dengan kebijakan Kemendikbud. https://t.co/l5OrIw0DIO","1230296006584987648","","","in","Indonesia","2","3","3","https://twitter.com/tempodotco/status/1230296006584987648","18129942","tempodotco"
"1230097836852670464","Wed Feb 19 11:52:33 +0000 2020","0","Gadget: Gojek Sebut Pembayaran SPP Tak Berkaitan dengan Kebijakan Mendikbud Nadiem: https://t.co/9wyJqFg86X JAKARTA - Manajemen Gojek mengatakan pembayaran SPP dan biaya pendidikan lainnya melalui fitur Gobills merupakan inisiatif perluasan https://t.co/ie4EgdCslu https://t.co/7OOAo0s0U8","1230097836852670464","https://pbs.twimg.com/media/ERIvdqqUcAIsU3G.jpg","","in","Kalimantan Timur, Indonesia","0","0","0","https://twitter.com/KaltimBerita/status/1230097836852670464","1536217758","KaltimBerita"
"1230082238877855744","Wed Feb 19 10:50:34 +0000 2020","1","&lt;&lt;&lt;&lt; News Unika &gt;&gt;&gt;&gt; Unika Tandatangani MoU Dengan PT Fuboru Indonesia: Seiring dengan munculnya kebijakan Kampus Merdeka oleh Menteri Pendidikan dan Kebudayaan (Mendikbud) Republik Indonesia Nadiem Makarim yang salah satunya adalah https://t.co/kM3VsAyql6 &lt;&lt;&lt;&lt; News Unika &gt;&gt;&gt;&gt; https://t.co/0GSf2aMeUp","1230082238877855744","https://pbs.twimg.com/media/ERIhRwXUcAIjKsZ.jpg","","in","Semarang, Indonesia","0","0","1","https://twitter.com/unikasoegija/status/1230082238877855744","632555123","unikasoegija"
"1230080890413338624","Wed Feb 19 10:45:12 +0000 2020","1","Kebijakan Baru BOS Benarkah Melepas Belenggu Sekolah? #sekolah #pendidikan #dana #BOS #kebijakan #siswa #guru https://t.co/TWezhgoPaG","1230080890413338624","","","in","","0","0","0","https://twitter.com/armedyanto/status/1230080890413338624","155980624","armedyanto"
"1230017911630319619","Wed Feb 19 06:34:57 +0000 2020","2","Dalam rangka pelaksanaan Pendidikan Profesi Guru (PPG) Kementerian Agama Direktorat GTK Madrasah menggelar rapat harmonisasi kebijakan pelaksanaan PPG Tahun 2020 di Jakarta Senin (17/2). Rapat ini membahas https://t.co/PyJM1cTNmO","1230017911630319619","","","in","DKI Jakarta, Indonesia","0","0","0","https://twitter.com/gtk_madrasah/status/1230017911630319619","859364209099919360","gtk_madrasah"
"1230017233570516994","Wed Feb 19 06:32:15 +0000 2020","0","Tuntutan itu diantaranya peninjauan kembali kebijakan yang dinilai tidak pro rakyat Rencana Pembangunan Jangka Menengah Daerah (RPJMD) perbaikan infrastruktur pendidikan kesehatan pengangguran hingga banjir. https://t.co/rQ3tbpkYdw","1230017233570516994","","","in","","0","0","0","https://twitter.com/redaksiduaempat/status/1230017233570516994","1122778923845050368","redaksiduaempat"
"1230002310283067392","Wed Feb 19 05:32:57 +0000 2020","0","Apanya yg sulit? Masalah utama pendidikan itu cuma 2 kualitas guru (tenaga pendidikan) dan kurikulum saja. Selebihnya soal teknis menyangkut sapras standar norma prosedur kreteria operasional kebijakan dan implementasi 2 masalah utama tsb saja.","1230002310283067392","","","in","Indonesia","0","0","0","https://twitter.com/devganov/status/1230002310283067392","2793367113","devganov"
"1229990048382062593","Wed Feb 19 04:44:14 +0000 2020","6","Manajemen Gojek menyatakan pembayaran SPP sekolah dan biaya pendidikan lainnya melalui aplikasi Gobills tidak berkaitan dengan kebijakan Kemendikbud. https://t.co/l5OrIw0DIO","1229990048382062593","","","in","Indonesia","2","3","2","https://twitter.com/tempodotco/status/1229990048382062593","18129942","tempodotco"
"1229976268281536513","Wed Feb 19 03:49:28 +0000 2020","39","Manajemen GoPay mengatakan pembayaran SPP via GoBills tidak terkait dengan kebijakan Kementerian Pendidikan dan Kebudayaan ataupun institusi pemerintah manapun. https://t.co/UDQTADwZPT","1229976268281536513","","","in","Indonesia","6","34","8","https://twitter.com/tempodotco/status/1229976268281536513","18129942","tempodotco"
"1229929108450111489","Wed Feb 19 00:42:05 +0000 2020","4","[Diskusi Publik] Mari berdiskusi bersama di Diskusi Publik dengan tema Paradigma Pendidikan Dalam Merespon Kebijakan Baru Kampus Merdeka Dan Arah Gerakan Mahasiswa Unhas . See you #apakabarhimajie https://t.co/pogZmKLSkL","1229929108450111489","https://pbs.twimg.com/ext_tw_video_thumb/1229928936424869888/pu/img/umWcmP9e7s2T5pJI.jpg","","in","Universitas Hasanuddin","0","0","0","https://twitter.com/apakabarhimajie/status/1229929108450111489","573212910","apakabarhimajie"
"1229923236218982400","Wed Feb 19 00:18:45 +0000 2020","0","Wanita yang terlalu mendominasi hal-hal prinsipil yang seharusnya didominasi oleh pria jatuhnya akan timpang. Timpang dalam pengambilang keputusan kebijakan pendidikan anak termasuk tidak jelasnya kunci surga. Karena kunci surga yang ada pada pria/suami diambil alih. Kejam","1229923236218982400","","","in","","0","0","0","https://twitter.com/dzulfikarizqi/status/1229923236218982400","1226084210407927808","dzulfikarizqi"
"1229897529719836673","Tue Feb 18 22:36:36 +0000 2020","0","Gojek: Pembayaran SPP tidak ada kaitan Kemendikbud: Manajemen Gojek menyatakan pembayaran SPP dan biaya pendidikan lainnya melalui fitur Gobills merupakan inisiatif perluasan penggunaan layanan dan tidak berkaitan dengan kebijakan Kementerian Pendidikan https://t.co/JxvkYXMGje https://t.co/iYX1IaFFGv","1229897529719836673","https://pbs.twimg.com/media/ERF5SRwVAAUMZTX.jpg","","in","Denpasar, Bali","0","0","1","https://twitter.com/antaranews_bali/status/1229897529719836673","91941244","antaranews_bali"
"1229867586159923200","Tue Feb 18 20:37:37 +0000 2020","2","Wagub Ajak PGRI Bahas Kebijakan Pendidikan Wagub sangat mengapresiasi PGRI Provinsi Jawa tengah yang selama ini partisipasif turut serta dan bekerja sama membangun pendidikan. Tidak hanya itu wagub juga menilai PGRI sangat aktif dalam memperjuangkan kesejahteraan guru. https://t.co/GwlvyTxKmZ","1229867586159923200","https://pbs.twimg.com/media/ERFeBpgVAAA1_hu.jpg","","in","Semarang Tengah, Indonesia","0","0","1","https://twitter.com/pgrijateng/status/1229867586159923200","875229486513405952","pgrijateng"
"1229811322839154688","Tue Feb 18 16:54:02 +0000 2020","0","Bayar Sekolah Pakai GoPay Bukan Kebijakan Kementerian Pendidikan dan Kebudayaan https://t.co/dW0A08uMpV https://t.co/8Wa1O9dOmz","1229811322839154688","https://pbs.twimg.com/media/EREq4YQUcAAe7ed.jpg","","in","Yogyakarta, Indonesia","0","0","0","https://twitter.com/Harian_Jogja/status/1229811322839154688","118371948","Harian_Jogja"
"1229809311427121152","Tue Feb 18 16:46:03 +0000 2020","0","Manajemen Gojek mengatakan pembayaran SPP dan biaya pendidikan lainnya melalui fitur Gobills merupakan inisiatif perusahaan dan tidak berkaitan dengan kebijakan kementerian yang dipimpin Nadiem Makarim. #Gojek https://t.co/rimguOGjk2","1229809311427121152","","","in","Indonesia","0","1","0","https://twitter.com/jpnncom/status/1229809311427121152","79130206","jpnncom"
"1229743479779135491","Tue Feb 18 12:24:27 +0000 2020","0","4 Catatan GM Pendidikan Dompet Dhuafa untuk Kebijakan BOS https://t.co/yAwqSNC5pd","1229743479779135491","","","in","","0","0","0","https://twitter.com/bnr_id/status/1229743479779135491","1070248749455171584","bnr_id"
"1229731603133255680","Tue Feb 18 11:37:16 +0000 2020","1","Aku senang sekali ada tweets tentang #AAC2020 dalam bahasa Indonesia. Tahun ini ada banyak panel pada topik kebijakan pembangunan Indonesia pendidikan di Indonesia dll","1229731603133255680","","","in","Canberra, Australia","0","0","0","https://twitter.com/ashbetteridge/status/1229731603133255680","7479642","ashbetteridge"
"1229722372665528320","Tue Feb 18 11:00:35 +0000 2020","0","Sekolah Diberi Keleluasaan Mengelola Dana BOS Reguler https://t.co/40ex7yWxDv #danabos #sekolah #pendidikan Kebijakan trfer langsung dana BOS ke Sekolah diapresiasi banyak pihak. Hal tersebut dinilai memangkas birokrasi dan waktu sehingga oprasional sekolah dapat berjalan","1229722372665528320","","","in","Bekasi, Jawa Barat","0","0","0","https://twitter.com/kanalbekasi/status/1229722372665528320","972053033243652097","kanalbekasi"
"1229676418700849152","Tue Feb 18 07:57:59 +0000 2020","1","Penyederhanaan Rencana Pelaksanaan Pembelajaran (RPP) menjadi salah satu inisiatif Mendikbud Nadiem Makarim dalam mengeluarkan kebijakan pendidikan Merdeka Belajar . Menurut Mendikbud inisiatif penyederhanaan RPP https://t.co/jd5vMHXy1V","1229676418700849152","","","in","Jakarta Capital Region","0","1","1","https://twitter.com/gtk_kemdikbud/status/1229676418700849152","985739715096731649","gtk_kemdikbud"
"1229644904017448960","Tue Feb 18 05:52:45 +0000 2020","0","Inovasi Kebijakan Pendidikan di Berau #PesonaBerau https://t.co/aIXa1giC6i","1229644904017448960","","","in","Berau Kalimantan Timur","0","0","1","https://twitter.com/rizki10surya/status/1229644904017448960","1219914333938831360","rizki10surya"
"1229639660139270145","Tue Feb 18 05:31:55 +0000 2020","0","Bagi guru dan pemangku kebijakan pendidikan KIR amat menggugah kita sastra pun demikian. Sejak dini kita gaungkan anak2 mandiri dalam karya ..... https://t.co/mF0bPFNtsn","1229639660139270145","https://pbs.twimg.com/media/ERCOjveU4AIpZJr.jpg","","in","Jakarta Selatan, DKI Jakarta","0","0","0","https://twitter.com/hikam_husnul/status/1229639660139270145","1016856648478908416","hikam_husnul"
"1229634063172018178","Tue Feb 18 05:09:40 +0000 2020","0","Pembayaran SPP di beberapa sekolah sudah dapat dilakukan dengan pembayaran elektronik GoPay. Kementerian Pendidikan dan Kebudayaan (Kemdikbud) mendukung kebijakan dari kerja sama teknologi di bidang https://t.co/j2zKRW7Yim","1229634063172018178","","","in","Bandung Indonesia","0","0","0","https://twitter.com/aboutbdgcom/status/1229634063172018178","1712843610","aboutbdgcom"
"1229632902725435393","Tue Feb 18 05:05:04 +0000 2020","0","Menteri Nadiem terbitkan surat edaran kebijakan Merdeka Belajar apa itu? https://t.co/eKsfUlSkcw #Pendidikan","1229632902725435393","","","in","Jakarta, Indonesia","0","0","0","https://twitter.com/KontanNews/status/1229632902725435393","43799886","KontanNews"
"1229573785927348225","Tue Feb 18 01:10:09 +0000 2020","0","Proyek @gopayindonesia yg dibawa oleh Menteri Pendidikan @Nadiem_Makarim sebagai aplikasi pembayaran sekolah dinilai banyak pihak sebagai bentuk investasi KKN.Monopoli dan kebijakan pembayaran elektronik sbg ilegal regulasi. Cc: @RamliRizal @DPR_RI @bank_indonesia @KPK_RI","1229573785927348225","","","in","Yogyakarta, Indonesia","0","0","0","https://twitter.com/elmahfudzi/status/1229573785927348225","1086222959599996928","elmahfudzi"
"1229571233806766082","Tue Feb 18 01:00:01 +0000 2020","0","Inovasi Kebijakan Pendidikan di Berau https://t.co/QvDpFRGbXN","1229571233806766082","","","in","Jakarta","0","0","0","https://twitter.com/indonesiana/status/1229571233806766082","250555040","indonesiana"
"1229548036256403457","Mon Feb 17 23:27:50 +0000 2020","0","Pemerintah mengubah kebijakan penyaluran dan penggunaan dana Bantuan Operasional Sekolah (BOS). Menteri Pendidikan dan Kebudayaan (Mendikbud) Nadiem Anwar Makarim menyatakan melalui kebijakan Merdeka Belajar episode https://t.co/VZavuMV1Gd","1229548036256403457","","","in","Ponorogo, Indonesia","0","0","0","https://twitter.com/PngDindik/status/1229548036256403457","1198429504768626693","PngDindik"
"1229482740354969600","Mon Feb 17 19:08:22 +0000 2020","0","4 Catatan GM Pendidikan Dompet Dhuafa untuk Kebijakan BOS - https://t.co/AdR098grr1 via @Shareaholic","1229482740354969600","","","in","Jawa Barat -Indonesia.","0","0","0","https://twitter.com/martinusnussah/status/1229482740354969600","97858954","martinusnussah"
"1229453968788451328","Mon Feb 17 17:14:02 +0000 2020","0","Empat Catatan GM Pendidikan Dompet Dhuafa untuk Kebijakan BOS https://t.co/5jPDWuefJV https://t.co/X0uksfnImx","1229453968788451328","https://pbs.twimg.com/media/EQ_l3nkUEAUIePR.jpg","","in","Tembilahan","0","0","1","https://twitter.com/harian_riau/status/1229453968788451328","4596322698","harian_riau"
"1229378561376571392","Mon Feb 17 12:14:24 +0000 2020","0","[DISKUSI PUBLIK] Yuk berdiskusi bersama di Diskusi Publik dengan tema Paradigma Pendidikan Dalam Merespon Kebijakan Baru Kampus Merdeka Dan Arah Gerakan Mahasiswa Unhas pada : Kamis 20 Februari 2020 16.00 Wita -Selesai Student Center FEB UH See you https://t.co/MibkkAosUK","1229378561376571392","https://pbs.twimg.com/media/EQ-hQBfU0AALOYs.jpg","","in","Universitas Hasanuddin","0","0","0","https://twitter.com/apakabarhimajie/status/1229378561376571392","573212910","apakabarhimajie"
"1229361110718894080","Mon Feb 17 11:05:03 +0000 2020","2","Melawan Liberalisasi Pendidikan. Kampus Merdeka point ketiga tentang kebijakan Nadiem menjadikan PTN menjadi agen - agen kapitalis. Waktu magang di perpanjang ? Ajang perusahaan² licik mencari buruh dengan upah rendah. :))","1229361110718894080","","","in","","0","1","0","https://twitter.com/ibnudp_/status/1229361110718894080","1175931914999361538","ibnudp_"
"1229357726603644931","Mon Feb 17 10:51:37 +0000 2020","0","Universitas Pendidikan Nasional (Undiknas) Bali telah menerapkan kebijakan Kampus Merdeka yang diusung Menteri Pendidikan dan Kebudayaan (Mendikbud) Nadiem Makarim. Kebijakan itu bahkan telah diterapkan jauh sebelum dicetuskan Mendikbud. https://t.co/cwSZQHSEQl","1229357726603644931","","","in","Jakarta, Indonesia","0","0","0","https://twitter.com/inewsdotid/status/1229357726603644931","944180887171743745","inewsdotid"
"1229352176599756801","Mon Feb 17 10:29:33 +0000 2020","0","Ayolah Dunia pendidikan jangan dikomersialkan dong.... Terus kalau nadiem di reshuffle ganti kebijakan bayar SPP lagi dong...","1229352176599756801","","","in","East Nusa Tenggara, Indonesia","0","0","0","https://twitter.com/kagunganerwin/status/1229352176599756801","1207445695914885123","kagunganerwin"
"1229349536142888961","Mon Feb 17 10:19:04 +0000 2020","1","Sebenernya budget kita 20% untuk pendidikan udah dalam undang2. Termasuk besar. Masalahnya anggaran sebesar itu banyak habis di birokrasi (ga cuman korupsi sistem ga efisien) dan implementasi kebijakan pendidikan butuh waktu lama buat keliahatan dampaknya.","1229349536142888961","","","in","","0","0","1","https://twitter.com/lapconq/status/1229349536142888961","54535903","lapconq"
"1229330534410551297","Mon Feb 17 09:03:33 +0000 2020","0","Mendikbud seharusnya membuat kebijakan yang menyentuh persoalan dunia pendidikan kalo soal mempermudah pembayaran spp dikhwatirkan bisa memutus interaksi ortu siswa dengan pihak sekolah","1229330534410551297","","","in","Medan, Indonesia","0","0","0","https://twitter.com/ArtCoki/status/1229330534410551297","1001204824296251392","ArtCoki"
"1229323618774990850","Mon Feb 17 08:36:05 +0000 2020","0","Universitas Pendidikan Nasional terapkan Kampus Merdeka : Rektor Universitas Pendidikan Nasional Dr Nyoman Sri Subawa ST SSos MM mengatakan pihaknya telah menerapkan kebijakan Kampus Merdeka bahkan sebelum Menteri Pendidikan dan Kebudayaan Nadiem https://t.co/Dshd8fjN0C https://t.co/KkMDKtD4GW","1229323618774990850","https://pbs.twimg.com/media/EQ9vURJUcAAP6_y.jpg","","in","Denpasar, Bali","0","0","1","https://twitter.com/antaranews_bali/status/1229323618774990850","91941244","antaranews_bali"
"1229313703771656192","Mon Feb 17 07:56:41 +0000 2020","1","thread dr Cak Fu ini menegaskan bhw penanganan kasus perundungan thd anak difabel bukan kmdn memindahkan mreka dr sekolah inklusi. Melainkan pentingnya meningkatkan pemahaman ttg kebijakan inklusi kpd seluruh stakeholder termasuk memenuhi prasyarat pendidikan inklusi.","1229313703771656192","","","in","Gunkid,HiddenParadiseOfJogja","0","0","1","https://twitter.com/Suci_oechi/status/1229313703771656192","186659346","Suci_oechi"
"1229307193293443072","Mon Feb 17 07:30:48 +0000 2020","4","Menteri Pendidikan Indonesia Nadiem Makariem baru saja melakukan gebrakan kebijakan dalam dunia pendidikan yang dikenal dengan Merdeka Belajar . https://t.co/0LPuCIAvkU","1229307193293443072","","","in","Indonesia","0","0","3","https://twitter.com/qureta/status/1229307193293443072","723416653","qureta"
"1229294164250169344","Mon Feb 17 06:39:02 +0000 2020","0","Universitas Pendidikan Nasional terapkan kebijakan Kampus Merdeka https://t.co/hPeqdHEkf2","1229294164250169344","","","in","","0","0","0","https://twitter.com/topinfo_id/status/1229294164250169344","1215289012551741443","topinfo_id"
"1229263351315750912","Mon Feb 17 04:36:36 +0000 2020","0","Model pembelajaran dan pengajaran pendidikan budaya serta pendidikan karakter atau membangun karakter (character building) ini menjadi program penting yang telah terintegrasi dalam kebijakan penyelenggaraan pendidikan dasar menengah dan perguruan tinggi. (2)","1229263351315750912","","","in","Jl. Tambra Raya No. 23 Jaktim","0","0","0","https://twitter.com/Prenadamedia2/status/1229263351315750912","821897566442786818","Prenadamedia2"
"1228966592513441792","Sun Feb 16 08:57:23 +0000 2020","0","RT muhammadiyah Jadi tidak adil kalau hanya karena satu kasus sekolah ditutup. Sebaiknya para pejabat pemerintah memahami masalah secara komprehensif dan tidak mengambil kebijakan yang emosional. https://t.co/wOjzsyF20j #Muhammadiyah #Pendidikan #Purwo https://t.co/2UpnDI89vE ","1228966592513441792","https://pbs.twimg.com/media/EQyrnTnUwAE-yR5.jpg","","in","","0","0","0","https://twitter.com/netizenmu/status/1228966592513441792","846924902019977216","netizenmu"
"1228773819323543552","Sat Feb 15 20:11:22 +0000 2020","1","Benar pak banyak yang memilki KIP adalah orang yang berkecukupan sedangkan yang kekurangan harus Banting tulang dan kadang rela memutuskan pendidikan demi pertahanan hidup! Mohon kebijakan pak @jokowi","1228773819323543552","","","in","Cikarang, Indonesia","0","0","0","https://twitter.com/Nurhalimatus9/status/1228773819323543552","1227406569849020416","Nurhalimatus9"
"1228700258655338496","Sat Feb 15 15:19:04 +0000 2020","6","Sosialisasi ttg kebijakan sangatlah penting apalagi yg berkaitan dgn pendidikan. Kebijakan KIP kuliah ini terkesan tergesa-gesa krn byk masyarakat yg belum mempunyai KIP. Mereka jg butuh arahan dan saya berharap smg tdk ada pihak yg dirugikan kedepannya. #kembalikanbidikmisi https://t.co/oB0MsAMHiY","1228700258655338496","https://pbs.twimg.com/media/EQ04W4xU0AAV_GK.jpg","","in","","1","0","1","https://twitter.com/Prakment/status/1228700258655338496","1080487565952659457","Prakment"
"1228664235665674240","Sat Feb 15 12:55:55 +0000 2020","42","tolong pemerintah dengarlah suara para pejuang ptn yang memiliki keterbatasan biaya untuk meneruskan pendidikan. jangan kalian persulit dengan kebijakan yang masih simpang siur diberitakan. kami butuh kepastian bukan wacana.","1228664235665674240","","","in","","0","1","5","https://twitter.com/ailoafmi/status/1228664235665674240","1192827187381948416","ailoafmi"
"1228654631951093763","Sat Feb 15 12:17:46 +0000 2020","0","Saya mohon kepada pemerintah yg membuat kebijakan untuk mengubah kembali peraturan dri kip kuliah. Banyak yg membutuhkan. Tdk pnya kip pelajar bkn berarti sdh mampu untuk lanjut. Tolong bantu kami. Kami ingin mengenyam pendidikan yg lebih tnggi lagi. #kembalikanbidikmisi","1228654631951093763","","","in","","0","0","0","https://twitter.com/lonelysm22/status/1228654631951093763","1119259728540921858","lonelysm22"
"1228641158332502016","Sat Feb 15 11:24:13 +0000 2020","1","kebijakan pak mendikbud nadiem di bidang pendidikan tinggi banyak yang sesuai buat mecahin masalah tenaga kerja terdidik di indonesia. dukung aja lah. buat jangka pendek cocok. buat berantas pengangguran. orang itu kenyang dulu baru mikir yang rumit-rumit!","1228641158332502016","","","in","Depok, Jawa Barat","0","0","0","https://twitter.com/abutajir3/status/1228641158332502016","1101087554156130304","abutajir3"
"1228616451906363398","Sat Feb 15 09:46:03 +0000 2020","9"," Data hasil sensus penduduk itu sangat penting informasi yang kita isi akan menentukan kebijakan pembangunan ke depan sehingga tahu daerah mana yang membutuhkan tambahan fasilitas pendidikan kesehatan transportasi dan semuanya kata Presiden @jokowi. https://t.co/W2cn3Er1lI","1228616451906363398","","","in","NKRI","0","0","1","https://twitter.com/antaranews/status/1228616451906363398","18071520","antaranews"
"1228596630603124736","Sat Feb 15 08:27:17 +0000 2020","0","RT muhammadiyah Jadi tidak adil kalau hanya karena satu kasus sekolah ditutup. Sebaiknya para pejabat pemerintah memahami masalah secara komprehensif dan tidak mengambil kebijakan yang emosional. https://t.co/wOjzsyF20j #Muhammadiyah #Pendidikan #Purwo https://t.co/2UpnDI89vE ","1228596630603124736","https://pbs.twimg.com/media/EQyrnTnUwAE-yR5.jpg","","in","","0","0","0","https://twitter.com/netizenmu/status/1228596630603124736","846924902019977216","netizenmu"
"1228577205019652096","Sat Feb 15 07:10:06 +0000 2020","0","Konsep Merdeka Belajar yang menjadi gebrakan baru sempat menuai pro dan kontra. Dalam kebijakan tersebut ada empat penyesuaian di lingkup pendidikan tinggi. Baca selengkapnya di https://t.co/n46ChsJz5a #duniadosen #infodosen #ptbhh #kampusmerdeka #akreditasi https://t.co/3OX5ozYL7j","1228577205019652096","https://pbs.twimg.com/media/EQzIdO_XkAE3Eq8.jpg","","in","Yogyakarta, Indonesia","0","0","0","https://twitter.com/Duniadosencom/status/1228577205019652096","1084648935568764928","Duniadosencom"
"1228531312362831872","Sat Feb 15 04:07:44 +0000 2020","0","Data Harus Akurat Agar Kebijakan Pendidikan Tidak Keliru - https://t.co/sPUAsOCkSJ","1228531312362831872","","","in","Jakarta","0","0","0","https://twitter.com/kalderanews/status/1228531312362831872","817669043792420864","kalderanews"
"1228507111031599106","Sat Feb 15 02:31:34 +0000 2020","0","Dinas Pendidikan Akan Segera Sosialisasikan Kebijakan Baru Mendikbud - Tribun Manado https://t.co/IX7zjfI1Tw https://t.co/1Ym2q43DiR","1228507111031599106","https://pbs.twimg.com/media/EQyItQcUwAAX8Bd.jpg","","in","Jakarta Capital Region","0","0","0","https://twitter.com/SeknasJppi/status/1228507111031599106","856483889941889024","SeknasJppi"
"1228427864023789569","Fri Feb 14 21:16:40 +0000 2020","0","hari ini mimpi bahas pendidikan. wah keren ini. beres sakit siap jadi pembuat kebijakan atau jadi orang bijak. hujf","1228427864023789569","","","in","Pemakaman","0","0","0","https://twitter.com/pelacurakhirat/status/1228427864023789569","738149976","pelacurakhirat"
"1228334106104090625","Fri Feb 14 15:04:06 +0000 2020","0","Menunggu arah kebijakan mas menteri berikut nya dan aplikasinya di realita pendidikan di Indonesia","1228334106104090625","","","in","","0","0","0","https://twitter.com/Dewiesaka1/status/1228334106104090625","1223906747179388928","Dewiesaka1"
"1228277070481870849","Fri Feb 14 11:17:28 +0000 2020","3","#PrimeTimeNews Erlangga: Dalam UU otonomi daerah Pendidikan merupakan bagian yang diserahkan kepada daerah. Kebijakan yang dibuat oleh Pemerintah Pusat sering lamban diteruskan oleh Pemda maka dari itu terjadi lag information. https://t.co/SOzNo2G83M https://t.co/OxVg74NUt5","1228277070481870849","https://pbs.twimg.com/media/EQu3e2wU8AA31pg.png","","in","","0","0","1","https://twitter.com/Metro_TV/status/1228277070481870849","57261519","Metro_TV"
"1228217908389502977","Fri Feb 14 07:22:23 +0000 2020","0","Kebijakan baru Menteri Pendidikan dan Kebudayaan (Mendikbud) Nadiem Anwar Makarim yakni mentransfer dana BOS (Bantuan Operasional Sekolah) langsung ke rekening sekolah adalah untuk memberikan diskresi kepada kepala https://t.co/LqIO2pAS5q","1228217908389502977","","","in","Indonesia","0","0","1","https://twitter.com/sekolahdasar/status/1228217908389502977","112983336","sekolahdasar"
"1228203035261693954","Fri Feb 14 06:23:17 +0000 2020","2","Data2 otentik seperti ini yg gagal direkam statistik &amp; Dapodik sebagai alas kebijakan pendidikan. Disparitas (mutu) pendidikan semakin jauh kalau kebijakan hanya melihat angka tidak fakta.","1228203035261693954","","","in","Indonesia","0","0","0","https://twitter.com/RidwanSaifuddin/status/1228203035261693954","885789115710492672","RidwanSaifuddin"
"1228090251274383360","Thu Feb 13 22:55:07 +0000 2020","133","Ketua Komisi X DPR mengacungi jempol menaikan batasan penggunaan dana Bantuan Operasional Sekolah dari 15% ke 50% untuk gaji tenaga honorer. Kebijakan akan berdampak positif peningkatan kualitas pendidikan. @cakimiNOW @Kemendikbud_RI @KemenkeuRI https://t.co/hvjPB5D39m","1228090251274383360","","","in","Bandung, Jawa Barat","3","12","67","https://twitter.com/SyaifulHooda/status/1228090251274383360","893313470208253953","SyaifulHooda"
"1228009471928086534","Thu Feb 13 17:34:08 +0000 2020","0","Tegel Ruang Kelas Lukai Kaki Murid Kadis Pendidikan Gowa: Itu Kebijakan Sekolah https://t.co/v486SS0ee8","1228009471928086534","","","in","Gowa, Sulawesi Selatan","0","0","0","https://twitter.com/kabargowa/status/1228009471928086534","627232461","kabargowa"
"1227956674649968641","Thu Feb 13 14:04:20 +0000 2020","1","Kekerasan radikalisme sikap misoginistik jadi parasit lembaga pendidikan tapi kebijakan negara di sektor pendidikan lebih berorientasi penuhi kebutuhan-tenaga-terampil industri. Jadi fungsi pendidikan ini apa?","1227956674649968641","","","in","Jakarta","0","0","0","https://twitter.com/withrif/status/1227956674649968641","108009903","withrif"
"1227920505233014785","Thu Feb 13 11:40:36 +0000 2020","1","Nadiem Makarim menghapus ujian nasional melalui kebijakan merdeka belajar. Dalam Surat Edaran Mendikbud No.1 Thn 2020 disebutkan kelulusan peserta didik ditentukan melalui ujian sekolah yg diselenggarakan oleh satuan pendidikan berdasarkan penilaian hasil belajar dari para guru","1227920505233014785","","","in","Jakarta","0","0","1","https://twitter.com/pasfm/status/1227920505233014785","145121986","pasfm"
"1227890844381798401","Thu Feb 13 09:42:45 +0000 2020","0","Selain Kebijakan 'Merdeka Belajar' baru-baru ini Menteri Pendidikan dan Kebudayaan Republik Indonesia mengeluarkan kebijakan baru dengan nama 'Kampus Merdeka'. Sebuah kebijakan yang terdiri atas 4 poin mengenai pendidikan tinggi di Indonesia.⁣⁣ https://t.co/fzhNh4H0TN","1227890844381798401","https://pbs.twimg.com/media/EQpYKqUUEAAjKyY.jpg","","in","Grogol Jakarta Barat","0","0","0","https://twitter.com/kifeb_trisakti/status/1227890844381798401","1379157619","kifeb_trisakti"
"1227858396407189504","Thu Feb 13 07:33:48 +0000 2020","4","Kebijakan publik berlandaskan kebudayaan untuk bidang kesehatan pendidikan seni etika ekonomi dan sosial #JejakBudayaMbakPuan #SolidBergerakUntukIndonesiaRaya @jokowi @Kiyai_MarufAmin @msoekarnoputri @Hasto_66 @Sri_Untari67 @PDI_Perjuangan @avinML @dodingrahmadi https://t.co/Tw74vANGDM","1227858396407189504","https://pbs.twimg.com/media/EQo6sS0VUAAetgF.jpg","","in","Trenggalek, Indonesia","0","0","3","https://twitter.com/MerahTaruna/status/1227858396407189504","968891469879656451","MerahTaruna"
"1227858279604211712","Thu Feb 13 07:33:21 +0000 2020","1","Kebijakan publik berlandaskan kebudayaan untuk bidang kesehatan pendidikan seni etika ekonomi dan sosial #JejakBudayaMbakPuan #SolidBergerakUntukIndonesiaRaya @jokowi @Kiyai_MarufAmin @msoekarnoputri @Hasto_66 @Sri_Untari67 @PDI_Perjuangan @avinML @dodingrahmadi https://t.co/4qAlO55Z4n","1227858279604211712","https://pbs.twimg.com/media/EQo6lRdVUAUnmWg.jpg","","in","Trenggalek, Indonesia","0","0","1","https://twitter.com/MerahTaruna/status/1227858279604211712","968891469879656451","MerahTaruna"
"1227857047984623616","Thu Feb 13 07:28:27 +0000 2020","1","Puan akan menjelaskan tandangan sekaligus upaya dan solusi juga bagaimana negara harus diberdayakan untuk menerapkan kebijakan publik berlandaskan kebudayaan untuk bidang kesehatan pendidikan seni etika ekonomi dan sosial. #JejakBudayaMbakPuan https://t.co/JnWOxs1Ko5","1227857047984623616","https://pbs.twimg.com/media/EQo5dCbUYAEevl_.jpg","","in","","0","0","1","https://twitter.com/budhi_budheng/status/1227857047984623616","1216593794763612162","budhi_budheng"
"1227833801402798086","Thu Feb 13 05:56:04 +0000 2020","75","#SahabatDikbud Mendikbud bertemu dan berdiskusi dengan para duta besar dan mitra pembangunan di Gerha Utama Kemdikbud Jakarta Rabu siang (12/2). Pertemuan tersebut membahas tentang arah kebijakan dan potensi kolaborasi bidang pendidikan dan kebudayaan. https://t.co/i9kzms95wy","1227833801402798086","https://pbs.twimg.com/media/EQokVNSUEAAMEQs.jpg","","in","Jakarta","4","2","13","https://twitter.com/Kemdikbud_RI/status/1227833801402798086","631701837","Kemdikbud_RI"
"1227776087238770688","Thu Feb 13 02:06:44 +0000 2020","0","Membangun pendidikan dasar kebijakan strategis ini kata Bupati Tanggamus. https://t.co/yVjfEBo3Vv https://t.co/aDmp0PSxWz","1227776087238770688","https://pbs.twimg.com/media/EQnv2EEWsAA_3P2.jpg","","in","Bandar Lampung, Lampung","0","0","0","https://twitter.com/sinarmerdeka_id/status/1227776087238770688","852620716948176896","sinarmerdeka_id"
"1227526909069864960","Wed Feb 12 09:36:36 +0000 2020","0","Ujian Sekolah Berstandar Nasional (USBN) diganti menjadi Ujian yang diselenggarakan oleh satuan pendidikan. Hal ini menjadi gebrakan awal Mas Menteri Nadiem Makarim. Ternyata kebijakan ini diseriusi dengan https://t.co/mOk3aQKvj9","1227526909069864960","","","in","West Java, Indonesia","0","0","0","https://twitter.com/sdit_aliya/status/1227526909069864960","4856683428","sdit_aliya"
"1227519535596658688","Wed Feb 12 09:07:18 +0000 2020","0","Lembaga Ombudsman (LO) DIY menerima Observasi Lapangan dari Dosen dan beberapa mahasiswa Jurusan Filsafat dan Sosiologi Pendidikan Program Studi Kebijakan Pendidikan Universitas Negeri Yogyyakarta (UNY) pada Rabu https://t.co/zU6gqHPs1H","1227519535596658688","","","in","Daerah Istimewa Yogyakarta","0","0","0","https://twitter.com/ombudsmanjogja/status/1227519535596658688","2293646640","ombudsmanjogja"
"1227487685364744193","Wed Feb 12 07:00:44 +0000 2020","0","Kebijakan baru dari Kementerian Pendidikan dan Kebudayaan (Kemendikbud) RI saat ini adalah mendorong Perguruan Tinggi Negeri (PTN) untuk menjadi berbadan hukum atau berstatus PTN BH. . . Baca selengkapnya di https://t.co/DMeNz6Mu9f . . #duniadosen #infodosen #ptnbh #badanhukum https://t.co/NBVLEmw6d7","1227487685364744193","https://pbs.twimg.com/media/EQjpiyYW4AY-r-f.jpg","","in","Yogyakarta, Indonesia","0","0","0","https://twitter.com/Duniadosencom/status/1227487685364744193","1084648935568764928","Duniadosencom"
"1227421037781905408","Wed Feb 12 02:35:54 +0000 2020","0","Menteri Dalam Negeri Bersama Menteri Pendidikan Dan Kebudayaan Kami Memberikan Konferensi Pers Mengenai Kebijakan Transfer Ke Daerah Dana Desa Yang Di Fokuskan Untuk Mendukung Akselerasi Peningkatan Kualitas SDM: https://t.co/Qj9s7Y01pA https://t.co/FfqvK6DiY4","1227421037781905408","https://pbs.twimg.com/media/EQis7E1UYAAzY5B.jpg","","in","","0","0","0","https://twitter.com/barometer99/status/1227421037781905408","1175125849592356864","barometer99"
"1227417088920211456","Wed Feb 12 02:20:12 +0000 2020","344","Akan jauh lebih bermanfaat jika bapak memastikan Pancasila pertama-tama diterapkan dalam kebijakan publik; dihayati oleh presiden dan para menterinya; diterapkan dalam setiap kebijakan ekonomi politik hukum maupun pendidikan dan budaya. https://t.co/UUlxRFFzYy","1227417088920211456","","","in","","6","35","147","https://twitter.com/faridgaban/status/1227417088920211456","336088756","faridgaban"
"1227289698470510592","Tue Feb 11 17:54:00 +0000 2020","0","Citra sangat buruk pendidikan yang sangat memalukan. Sebaiknya jujur saha dibuat kebijakan untuk kelestariannya jika kalian tak mampu hentikan. Semoga dihukum berat sampai kepala sekolahnya.","1227289698470510592","","","in","Indonesia","0","0","0","https://twitter.com/BaraFaba/status/1227289698470510592","2982738380","BaraFaba"
"1227158994080288768","Tue Feb 11 09:14:38 +0000 2020","1","Dan semoga orang tersebut cukup 1 periode saja dan diusut tuntas setiap kebijakan selama dia menjabat. Kalo cuma menghambur-hamburkan anggaran ga perlu pendidikan tinggi. Cukup bacot doang klo salah anak buah yg backup.","1227158994080288768","","","in","DKI Jakarta, Indonesia","0","0","0","https://twitter.com/DolinSimbolon/status/1227158994080288768","1045767982058680325","DolinSimbolon"
"1227089537056169987","Tue Feb 11 04:38:38 +0000 2020","0","Menteri Pendidikan dan Kebudayaan mengeluarkan kebijakan merdeka belajar episode 3 yang fokus terhadap penyaluran dan penggunaan dana Bantuan Operasional Sekolah (BOS). (SIMAK) Penjelasan Sekretaris Jenderal Federasi Serikat Guru Indonesia Heru Purnomo. https://t.co/eOwoefm2BY","1227089537056169987","https://pbs.twimg.com/media/EQd_RIAUwAAoMV3.jpg","","in","","0","1","2","https://twitter.com/RadioElshinta/status/1227089537056169987","121640063","RadioElshinta"
"1227085831061393409","Tue Feb 11 04:23:54 +0000 2020","0","#kom10 Dirjen PAUD dan Dikdas dan Dikmen: dengan adanya reorganisasi inifokus kita mhd sedikit berbeda. Tugas utamanya adalah menyelenggarakan perumusan dan pelaksanaan kebijakan di bidang pendidikan anak usia dini pendidikan dasar dan pendidikan menengah.","1227085831061393409","","","in","","0","1","1","https://twitter.com/WikiDPR3/status/1227085831061393409","3550855092","WikiDPR3"
"1226901445439455237","Mon Feb 10 16:11:13 +0000 2020","5","Kita sudah membahas: KEBIJAKAN MENTERI PENDIDIKAN DAN BUDAYA BERTAJUK KAMPUS MERDEKA https://t.co/FNSzuBJmUd","1226901445439455237","https://pbs.twimg.com/media/EQbUWsoVUAI1Rki.jpg","","in","Bumi Sawerigading","0","0","0","https://twitter.com/septiani_amzar/status/1226901445439455237","1115100251231117313","septiani_amzar"
"1226859318047166465","Mon Feb 10 13:23:50 +0000 2020","0","Bravo untuk sinergi 3 kementerian dalam melakukan inovasi kebijakan pendidikan dalam hal ini pengelolaan dana bos #danabos #MerdekaBelajar https://t.co/cvH6iQOiP7","1226859318047166465","https://pbs.twimg.com/media/EQauCoLVUAQNhzz.jpg","","in","","0","0","0","https://twitter.com/taminovatif/status/1226859318047166465","2392179145","taminovatif"
"1226856896319016962","Mon Feb 10 13:14:12 +0000 2020","0","Menteri Pendidikan dan Kebudayaan (Mendikbud) Nadiem Anwar Makarim menyatakan melalui kebijakan Merdeka Belajar episode ketiga penggunaan dana BOS dibuat fleksibel salah satunya sebagai langkah awal untuk meningkatan kesejahteraan guru-guru honorer. #DanaBOS #MerdekaBelajar","1226856896319016962","","","in","","0","0","0","https://twitter.com/Lia_Irfan/status/1226856896319016962","58677137","Lia_Irfan"
"1226851649282564096","Mon Feb 10 12:53:21 +0000 2020","0","#SahabatItjen Mendikbud Nadiem Makarim menyampaikan paket kebijakan pendidikan ketiga mengenai Perubahan Mekanisme Bantuan Operasional Sekolah (BOS) 2020 dalam acara Sinergi Pengelolaan Dana Bantuan Operasional https://t.co/2J4AKI7FW9","1226851649282564096","","","in","I'm Here","0","0","0","https://twitter.com/Enji7755/status/1226851649282564096","81057089","Enji7755"
"1226833059464396800","Mon Feb 10 11:39:29 +0000 2020","0","Menteri Pendidikan dan Kebudayaan (Mendikbud) Nadiem Anwar Makarim kembali meluncurkan kebijakan Merdeka Belajar. Diberi tajuk Kampus Merdeka kali ini terdapat empat penyesuaian kebijakan di lingkup pendidikan tinggi. #kampusmerdeka #skm #Oscar2020 #TemanTapiMenikah2 https://t.co/NeDTBtf4F2","1226833059464396800","https://pbs.twimg.com/media/EQaWKJFU4AA--Zi.jpg","","in","","1","0","0","https://twitter.com/MentengKopi/status/1226833059464396800","1222751440898101253","MentengKopi"
"1226824672592965632","Mon Feb 10 11:06:09 +0000 2020","0","RT KemenkeuRI: Anak-anak Indonesia nggak perlu merasakan terhambatnya kegiatan belajar. Guru dan kepala sekolah tak lagi pusing memikirkan dana untuk menjalankan sekolahnya. Kebijakan ini ada untuk mereka untuk kita semua untuk pendidikan Indonesia. Semangat #MerdekaBelaj ","1226824672592965632","","","in","Banda Aceh, Indonesia","0","0","0","https://twitter.com/djpbaceh/status/1226824672592965632","841528595990294528","djpbaceh"
"1226822203272048640","Mon Feb 10 10:56:21 +0000 2020","0","Kepala Dinas Pendidikan Kota Batam Hendri Apresiasi Kebijakan Rudi Terkait Virus Corona https://t.co/qWc6rPEHgB https://t.co/ydatY80Pex","1226822203272048640","https://pbs.twimg.com/media/EQaMSsnWAAEuABq.jpg","","in","Kota Batam, Kepulauan Riau","0","0","0","https://twitter.com/suryakepricom/status/1226822203272048640","1163060640098897921","suryakepricom"
"1226822195550261248","Mon Feb 10 10:56:19 +0000 2020","0","Kepala Dinas Pendidikan Kota Batam Hendri Apresiasi Kebijakan Rudi Terkait Virus Corona https://t.co/dGlLDPFtX6 https://t.co/bcHi1jHoJv","1226822195550261248","https://pbs.twimg.com/media/EQaMSPbX0AAiELY.jpg","","in","","0","0","0","https://twitter.com/eddymesakh/status/1226822195550261248","82850695","eddymesakh"
"1226810004553887744","Mon Feb 10 10:07:52 +0000 2020","0","Dinas Pendidikan menerapkam kebijakan baru terkait pelaksanaan UNBK. Test Uji Coba Ujian Nasional yang semula menggunakan kertas kini beralih dengan sistem CBT (Computer Based Test). Benarkah akan lebih efektif dan efisien ?","1226810004553887744","","","in","Indonesia","0","0","0","https://twitter.com/diyanpd/status/1226810004553887744","1950856032","diyanpd"
"1226787961502461952","Mon Feb 10 08:40:17 +0000 2020","0","#kom10 BPP ABUJAPI : problem utama dr pendidikan vokasi bidang pengamanan bahwa Polri selaku pembuat kebijakan blm maksimal melalukan penyesuaian kebijakan terkait industri pengamanan dmn pendekatan yg dilakukan sampai dgn saat ini adalah pendekatan kewenangan.","1226787961502461952","","","in","","0","0","0","https://twitter.com/WikiDPR3/status/1226787961502461952","3550855092","WikiDPR3"
"1226786822614745088","Mon Feb 10 08:35:45 +0000 2020","80","#SahabatItjen Mendikbud Nadiem Makarim menyampaikan paket kebijakan pendidikan ketiga mengenai Perubahan Mekanisme Bantuan Operasional Sekolah (BOS) 2020 dalam acara Sinergi Pengelolaan Dana Bantuan Operasional Sekolah dan Dana Desa Berbasis Kinerja Senin(10/2). #MerdekaBelajar https://t.co/LM5CteLOPK","1226786822614745088","https://pbs.twimg.com/media/EQZsHDzVUAIz1oH.jpg","","in","Jakarta Pusat, DKI Jakarta","6","18","55","https://twitter.com/Itjen_Kemdikbud/status/1226786822614745088","3391398021","Itjen_Kemdikbud"
"1226728796830629888","Mon Feb 10 04:45:11 +0000 2020","0","#kom8 Dirjen PJS: Kebijakan program JSK antara lain penurunan angka gizi buruk dan stunting peningkatan pencapaian taraf pendidikan dan pengangguran angka putus sekolah dan peningkatan inklusi keuangan pd kelompok masyarakat yg berpenghasilan...(1)","1226728796830629888","","","in","","0","0","0","https://twitter.com/WikiDPR3/status/1226728796830629888","3550855092","WikiDPR3"
"1226720426782609410","Mon Feb 10 04:11:55 +0000 2020","1","#Repost @dibelmawa . . Halo #InsanDikti! Sudah tahu mengenai Kebijakan Kampus Merdeka yang baru saja diluncurkan? Jumat 24 Januari dalam rapat koordinasi kebijakan pendidikan tinggi Mendikbud Nadiem Makarim https://t.co/cGDwu8vwZI","1226720426782609410","","","in","","0","0","0","https://twitter.com/lldiktiwilayah1/status/1226720426782609410","1042979004980985858","lldiktiwilayah1"
"1226497224571531264","Sun Feb 09 13:25:00 +0000 2020","7","Harusnya jiwa dari Kebijakan Kampus Merdeka dan Merdeka Belajar ada dalam sejajarnya pendidikan tinggi dengan para pengelola perusahaan. Ada sinergi lebih singkatnya. #HLkompasiana https://t.co/QbgoX1lcnU","1226497224571531264","","","in","Indonesia","0","0","1","https://twitter.com/kompasiana/status/1226497224571531264","23786106","kompasiana"
"1226160250123718657","Sat Feb 08 15:05:59 +0000 2020","3","Kita tetap mengawal dan mengkritisi setiap kebijakan pendidikan yang tidak memiliki visi kerakyatan. Kawan bagaimana pendapat kalian tentang kebijakan baru ttg pendidikan oleh Mendikbud Nadiem Makarim? #Pendidikan #nadiemmakarim #pendidikanmahal","1226160250123718657","","","in","Yogyakarta, Indonesia","0","0","0","https://twitter.com/GNPendidikan/status/1226160250123718657","1226151757346000896","GNPendidikan"
"1226091719529136128","Sat Feb 08 10:33:40 +0000 2020","0","Sudah gagal menjadi pendidik. Kuliah kebijakan pendidikan merem kah ?","1226091719529136128","","","in","","0","0","0","https://twitter.com/Achzey_/status/1226091719529136128","817538162","Achzey_"
"1226072277667573763","Sat Feb 08 09:16:24 +0000 2020","0","Ada beberapa kebijakan kampus merdeka yg patut diapresiasi agar dpt mengikuti spirit pendidikan global. https://t.co/IQwXGIYq4o","1226072277667573763","","","in","Jakarta","0","0","1","https://twitter.com/pijarguru/status/1226072277667573763","2483096305","pijarguru"
"1225965101351624704","Sat Feb 08 02:10:32 +0000 2020","1","Persoalan pendidikan tidak mungkin diselesaikan dengan satu kebijakan dan jika terlalu banyak kebijakan juga akan menghambat. Sinergitas masyarakat wali murid guru tenaga kependidikan dan pemerintah harus https://t.co/ovhBgYA3oy","1225965101351624704","","","in","Lamlhom Lhoknga Aceh Raya","0","0","0","https://twitter.com/IrvanBakriTM/status/1225965101351624704","497721350","IrvanBakriTM"
"1225688327182962688","Fri Feb 07 07:50:44 +0000 2020","0","(3) Penyelenggara dan pimpinan pendidikan di level dasar menengah dan tinggi. (4) Peneliti bidang kebijakan dan praksis pendidikan. (5) Pejabat pemerintah bidang pendidikan utk bahan pengambilan kebijakan. (4) ISBN: 978-602-422-285-7 Harga: Rp 70.000 - https://t.co/lYFtJGaZPP","1225688327182962688","","","in","Jl. Tambra Raya No. 23 Jaktim","0","0","0","https://twitter.com/Prenadamedia2/status/1225688327182962688","821897566442786818","Prenadamedia2"
"1225688246086094848","Fri Feb 07 07:50:24 +0000 2020","0","Buku ini dapat dijadikan referensi bagi: (1) Dosen dan mahasiswa S-1 S-2 dan S-3 pada matakuliah analisis kebijakan pendidikan di program studi manajemen pendidikan. (2) Mahasiswa S-1 S-2 dan S-3 pada umumnya. (3)","1225688246086094848","","","in","Jl. Tambra Raya No. 23 Jaktim","0","0","0","https://twitter.com/Prenadamedia2/status/1225688246086094848","821897566442786818","Prenadamedia2"
"1225688134693732352","Fri Feb 07 07:49:58 +0000 2020","2","ANALISIS KEBIJAKAN PENDIDIKAN Mengurai Krisis Karakter Bangsa (Dr. Jejen Musfah II M.A.) Buku Analisis Kebijakan Pendidikan: Mengurai Krisis Karakter Bangsa ini merupakan buku kedua dari kumpul- an opini yg pernah ditulis oleh penulis yg sama dg judul berbeda. (1) https://t.co/QkIVh4jlDO","1225688134693732352","https://pbs.twimg.com/media/EQKE2OLU0AAS248.jpg","","in","Jl. Tambra Raya No. 23 Jaktim","0","0","0","https://twitter.com/Prenadamedia2/status/1225688134693732352","821897566442786818","Prenadamedia2"
"1225682080987615234","Fri Feb 07 07:25:54 +0000 2020","0","KEBIJAKAN DAN IMPLEMENTASI PERIZINAN BERUSAHA TERINTEGRASI SECARA ELEKTRONIK SEKTOR PENDIDIKAN DAN KEBUDAYAAN https://t.co/N9yWjwXxcs","1225682080987615234","","","in","","0","0","0","https://twitter.com/BinaCenter/status/1225682080987615234","1220617856372506624","BinaCenter"
"1225645385646895104","Fri Feb 07 05:00:05 +0000 2020","1","Pak @jokowi mhn kebijakan pendidikan tdk semata sekedar menciptakan pekerja. Pendidikan bkn sekedar menjawab hal2 praktis spt yg dikatakan oleh Prof. Soetandyo (alm) ini. Mtr nuwun https://t.co/lNgCvsbZ7j","1225645385646895104","https://pbs.twimg.com/media/EQJd-YKUEAM8Ky4.jpg","","in","surabaya","0","0","0","https://twitter.com/wahyukris/status/1225645385646895104","52741716","wahyukris"
"1225577466607128576","Fri Feb 07 00:30:12 +0000 2020","1","Guru Besar Ilmu Pendidikan UIN Walisongo Tanggapi Kebijakan 'Kampus Merdeka' https://t.co/6XZsUY9dly","1225577466607128576","","","in","Ideapress@gmail.com","0","0","0","https://twitter.com/LPMIdea/status/1225577466607128576","1515729762","LPMIdea"
"1225459534329786368","Thu Feb 06 16:41:35 +0000 2020","0","Kebijakan sistem zonasi yang berkeadilan menjadi harapan bagi sekolah khususnya lembaga pendidikan swasta. Program zonasi diharapkan tidak semata akses pendidikan berasaskan domisili melainkan juga https://t.co/i0U1t05q4e","1225459534329786368","","","in","","0","0","0","https://twitter.com/malpostonline/status/1225459534329786368","986315476375502848","malpostonline"
"1225407584330338305","Thu Feb 06 13:15:09 +0000 2020","8","Kebijakan Kampus Merdeka Ala Pak Menteri Pendidikan dan Kebudayaan Bapak @_NadiemMakarim #Bemkmunp https://t.co/xvMBLNgnAq","1225407584330338305","https://pbs.twimg.com/media/EQGFh25VAAAEJUF.jpg","","in","Padang","0","0","4","https://twitter.com/bemkmunp/status/1225407584330338305","1096669347920044032","bemkmunp"
"1225366933161201664","Thu Feb 06 10:33:37 +0000 2020","6","Pemikiran menarik dr Mas @AchsanulQosasi bhw pengelolaan lembaga pendidikan agama sebaiknya diserahkan ke Kemendikbud agar ada keselerasan kebijakan pendidikan. Kemenag fokus mengurusi masalah toleransi dan kemudahan menjalankan ajaran agama. @fadjroeL https://t.co/Hv4Q2Il2Z4","1225366933161201664","","","in","Republik Indonesia","1","0","0","https://twitter.com/AfriadiRosdi/status/1225366933161201664","3166091814","AfriadiRosdi"
"1225327113969889280","Thu Feb 06 07:55:24 +0000 2020","1","#baleg Pengusul RUU Pendidikan Kedokteran: PP No.4 Tahun 2014 tenrang Penyelenggaraan Pendidikan dan Pengelolaan Perguruan Tinggi menyatakan bahwa pergiruan tinggi memiliki otonomi di bisang akademik yg meliputi penerapan norma dan kebijakan operasional","1225327113969889280","","","in","","0","0","1","https://twitter.com/WikiDPR1/status/1225327113969889280","3550695012","WikiDPR1"
"1225135868505022464","Wed Feb 05 19:15:27 +0000 2020","0","Kritik Atas Kebijakan dan Kurikulum Pendidikan Nasional https://t.co/E448cHs5jr","1225135868505022464","","","in","Tomage-Fakfak, Indonesia","0","0","0","https://twitter.com/Reiza_Patters/status/1225135868505022464","30766806","Reiza_Patters"
"1224970566513364994","Wed Feb 05 08:18:36 +0000 2020","0","#Repost @dibelmawa Halo #InsanDikti! Sudah tahu mengenai Kebijakan Kampus Merdeka yang baru saja diluncurkan? Jumat 24 Januari dalam rapat koordinasi kebijakan pendidikan tinggi Mendikbud Nadiem https://t.co/PP5G2pjExn","1224970566513364994","","","in","Bali, Indonesia","0","0","0","https://twitter.com/UdayanaUniv/status/1224970566513364994","239306803","UdayanaUniv"
"1224879406373433344","Wed Feb 05 02:16:22 +0000 2020","3","Maaf yeee My President.. beda kelas a 6g sono Pengalaman hidup... Pendidikan Strata sosial seorang pemimpin. Kharisma seorang pemimpin. Kebijakan kerakyatan. Gak bs cm didapat dari Selfie ~ Pencitraan ~ Suap sana suap sini ... Mau didandani gimanapun kalo OON ya ttp OON","1224879406373433344","","","in","","0","0","0","https://twitter.com/Tukangsayur2019/status/1224879406373433344","1071969110240583680","Tukangsayur2019"
"1224715817847123968","Tue Feb 04 15:26:19 +0000 2020","1","dengan kebijakan pemenuhan hak atas pangan berbasis reforma agraria dan kedaulatan pangan -yang meletakan pendidikan sebagai regenerasi dan inovasi pertanian. https://t.co/hBe2wLWace","1224715817847123968","https://pbs.twimg.com/media/EP8QYtGXsAIXuUy.jpg","","in","","0","1","0","https://twitter.com/bung_gunawan/status/1224715817847123968","235768227","bung_gunawan"
"1224715525126639617","Tue Feb 04 15:25:09 +0000 2020","0","Nah dalam kontek pangan yang bergizi tentu beda antara harmonisasi perUUan dalam rangka pangan murah guna menopang kebijakan upah buruh sebagai keunggulan komparatif -yang meletakan pendidikan sebagai sekrup kapitalisme - https://t.co/BkF8Yad0Cv","1224715525126639617","https://pbs.twimg.com/media/EP8QO2sUEAE43h1.jpg","","in","","0","0","0","https://twitter.com/bung_gunawan/status/1224715525126639617","235768227","bung_gunawan"
"1224686601927823361","Tue Feb 04 13:30:14 +0000 2020","7","Bangga Indonesia aktif di Group of Friends (GoF) utk Energi Berkesinambungan. Kebijakan pengalihan dana subsidi BBM ke sektor produktif mrp salah satu komitmen Pemri capai #SDG trmsk di bidang pendidikan ‍ kesehatan ‍&amp; pemb infrastruktur #IniDiplomasi #IndonesianWay","1224686601927823361","","","in","Jakarta Capital Region","0","0","4","https://twitter.com/DTDjani/status/1224686601927823361","708324934594985984","DTDjani"
"1224673121594003458","Tue Feb 04 12:36:40 +0000 2020","0","Makin sini kebijakan pendidikan makin ga relevan perasaan","1224673121594003458","","","in","Cianjur, Indonesia","0","0","0","https://twitter.com/midunzy/status/1224673121594003458","1081027278543319041","midunzy"
"1224639743830450177","Tue Feb 04 10:24:02 +0000 2020","0","Kebijakan Peningkatan Mutu Pendidikan Berbasis Al-Qur an Pada Tk https://t.co/F1uyrfuAv8","1224639743830450177","","","in","Purwokerto","0","0","0","https://twitter.com/BanyumasDaily/status/1224639743830450177","786414868748308481","BanyumasDaily"
"1224627851330146304","Tue Feb 04 09:36:46 +0000 2020","1"," Future shock (kejutan masa depan. Alvin Toffler. Sebenarnya lebih ke keadaan saat ini dimana manusia dan lembaga pendidikan harus bisa beradaptasi dengan ada nya perubahan/revolusi dari setiap kebijakan baru gitu sih.","1224627851330146304","","","in","","0","0","0","https://twitter.com/Hssssl5/status/1224627851330146304","1152480588210692096","Hssssl5"
"1224620297535528960","Tue Feb 04 09:06:45 +0000 2020","0","Merdeka Belajar Menuju Pendidikan yang Humanistik Menteri Pendidikan dan Kebudayaan Republik Indonesia (Mendikbud RI) Nadiem Makarim mengeluarkan empat poin kebijakan baru dalam pelaksanaan pendidikan di https://t.co/HTOg5In4iM","1224620297535528960","","","in","Kabupaten Jombang, Jawa Timur","0","0","0","https://twitter.com/spmedia_jbg/status/1224620297535528960","770727666","spmedia_jbg"
"1224586836686753793","Tue Feb 04 06:53:48 +0000 2020","0","INTOLERANSI DALAM BUKU PENDIDIKAN ISLAM? Telaah Atas Isi dan Kebijakan Produksi (Didin Syafruddin dkk) Buku ini menyajikan tiga topik pokok terkait masalah munculnya muatan radikal dan intoleran dalam buku ajar PAI. (1) https://t.co/trrpP7Ygox","1224586836686753793","https://pbs.twimg.com/media/EP6bO9SUcAAAMld.jpg","","in","Jl. Tambra Raya No. 23 Jaktim","0","0","0","https://twitter.com/Prenadamedia2/status/1224586836686753793","821897566442786818","Prenadamedia2"
"1224576248162082817","Tue Feb 04 06:11:43 +0000 2020","0","Dinas Pendidikan Kabupaten Natuna Provinsi Kepri mencabut surat edaran Sekretaris Daerah tentang kebijakan meliburkan sekolah. https://t.co/4sh1q70ciA","1224576248162082817","","","in","Kembangan, Indonesia","0","0","0","https://twitter.com/ceknricekcom_id/status/1224576248162082817","145511335","ceknricekcom_id"
"1224570873287327744","Tue Feb 04 05:50:22 +0000 2020","0","Dinas Pendidikan Natuna cabut surat edaran kebijakan meliburkan sekolah https://t.co/P3Xl0Detr8","1224570873287327744","","","in","Makassar, Sulawesi Selatan","0","0","0","https://twitter.com/antaramakassar/status/1224570873287327744","1288496856","antaramakassar"
"1224562014388752384","Tue Feb 04 05:15:10 +0000 2020","0","#Opini | Liberalisasi pendidikan ini telah ada pada titik sempurna. Kita hanya disibukkan menjadi tenaga kerja. Masihkah berharap kebijakan ini akan membawakan keberhasilan? Jika keuntungan materi yang didapat memang iya . https://t.co/Sg5cfZ2Ksl","1224562014388752384","https://pbs.twimg.com/media/EP6EpewU4AAaM0o.jpg","","in","","0","0","0","https://twitter.com/UmmatDokter/status/1224562014388752384","1209211373722329088","UmmatDokter"
"1224420073495916544","Mon Feb 03 19:51:08 +0000 2020","1","Oke kembali ke topic kali ini kita membahas tentang kebijakan Pak Nadiem Makarim selaku Menteri Pendidikan dgn mengusung wacana Kampus Merdeka; Merdeka Belajar ","1224420073495916544","","","in","Stamford Bridge","0","10","0","https://twitter.com/KatasandiSans/status/1224420073495916544","716098092","KatasandiSans"
"1224322502031073282","Mon Feb 03 13:23:25 +0000 2020","0","Kebijakan Pemprov Jateng menghapuskan sumbangan pengembangan pendidikan (SPP) tingkat sekolah menengah atas (SMA) Negeri mampu menahan laju inflasi periode Desember 2019 https://t.co/xI5JglFvOR","1224322502031073282","https://pbs.twimg.com/media/EP2q06bVUAANgbp.jpg","","in","Semarang, Jawa Tengah","0","0","0","https://twitter.com/semarangpedia/status/1224322502031073282","706757867240435712","semarangpedia"
"1224310396485373952","Mon Feb 03 12:35:19 +0000 2020","1","[PROGRAM KAMPUS MERDEKA] Assalamu'alaikum Selamat Malam KM Fateta! Menteri Pendidikan dan kebudayaan Nadiem Makarim mengeluarkan empat kebijakan Merdeka Belajar di lingkup pendidikan tinggi bernama Kampus Merdeka. Info selengkapnya lihat postingan di bawah https://t.co/CwdTb6ARgV","1224310396485373952","https://pbs.twimg.com/media/EP2fzsoUcAEECVr.jpg","","in","","0","0","0","https://twitter.com/bemkmfatetaua/status/1224310396485373952","1204949814082859008","bemkmfatetaua"
"1224306007955755014","Mon Feb 03 12:17:53 +0000 2020","2","Mendikbud Nadiem Makarim sejak kemunculannya terus buat terobosan. Kali ini hadir kebijakan baru dalam pendidikan tinggi yang menuai komentar beragam. Tersusun atas empat poin apa saja kebijakannya? Selengkapnya https://t.co/e3XIWcH9ia -Semangat Berbagi dan Menginspirasi-","1224306007955755014","","","in","Universitas Mulawarman","0","0","0","https://twitter.com/SketsaUnmul/status/1224306007955755014","286460061","SketsaUnmul"
"1224250471600144384","Mon Feb 03 08:37:12 +0000 2020","0","c. pelaksanaan kebijakan penetapan standar dan penjaminan mutu dosen dan tenaga kependidikan pada pendidikan vokasi; #fungsiditjenvokasi #vokasi #kamivokasi","1224250471600144384","","","in","DKI Jakarta","0","0","0","https://twitter.com/KamiVokasi/status/1224250471600144384","1220182867239559169","KamiVokasi"
"1224250385470148609","Mon Feb 03 08:36:52 +0000 2020","0","b. pelaksanaan kebijakan di bidang penetapan standar dan penjaminan mutu peserta didik sarana prasarana dan tata kelola pendidikan vokasi pendidikan kejuruan dan pendidikan keterampilan dan pelatihan kerja; #fungsiditjenvokasi #vokasi #kamivokasi","1224250385470148609","","","in","DKI Jakarta","0","0","0","https://twitter.com/KamiVokasi/status/1224250385470148609","1220182867239559169","KamiVokasi"
"1224249982653349888","Mon Feb 03 08:35:15 +0000 2020","0","Direktorat Jenderal Pendidikan Vokasi menyelenggarakan fungsi sebagai: a. perumusan kebijakan di bidang pendidikan vokasi pendidikan kejuruan dan pendidikan keterampilan dan pelatihan kerja;","1224249982653349888","","","in","DKI Jakarta","0","0","0","https://twitter.com/KamiVokasi/status/1224249982653349888","1220182867239559169","KamiVokasi"
"1224249543958519808","Mon Feb 03 08:33:31 +0000 2020","0","Dalam Permendikbud tersebut disebutkan Direktorat Jenderal Pendidikan Vokasi mempunyai tugas menyelenggarakan perumusan dan pelaksanaan kebijakan di bidang pendidikan vokasi.","1224249543958519808","","","in","DKI Jakarta","0","0","0","https://twitter.com/KamiVokasi/status/1224249543958519808","1220182867239559169","KamiVokasi"
"1224140420994617344","Mon Feb 03 01:19:54 +0000 2020","1","Tulisan Jusuf Kala mengkritik kebijakan penghapusan UN (Kompas 20/12/2019). Izinkan saya menyegarkan ingatan kita betapa buruknya situasi pendidikan ketika UN menjadi gembok yang harus dibuka untuk keluar gerbang kelulusan. #Opini #KawandalamPerubahan https://t.co/S5cHdbSsTF","1224140420994617344","","","in","Palmerah, Jakarta","0","0","1","https://twitter.com/hariankompas/status/1224140420994617344","255866913","hariankompas"
"1223945267507937280","Sun Feb 02 12:24:26 +0000 2020","2","Di antara materi-materi leadership self development personal branding public speaking pergerakan mahasiswa emang yang tadi si yang gacor advokasi kebijakan pendidikan tinggi pematerinya keren parah ga serius amat tapi ga terlalu banyak becanda poinnya nyampe top lah","1223945267507937280","","","in","","0","0","0","https://twitter.com/lagimaintenance/status/1223945267507937280","1119436351969976320","lagimaintenance"
"1223909438765043712","Sun Feb 02 10:02:03 +0000 2020","0","[KAMPUS MERDEKA MENURUT PAK MENTERI] 107/KI/II Menteri Pendidikan dan Kebudayaan (Mendikbud) Nadiem Makarim memaparkan empat kebijakan Kampus Merdeka dalam rapat kerja dengan Komisi X DPR di Kompleks Parlemen https://t.co/USyN2hPSJ9","1223909438765043712","","","in","Indonesia","0","0","0","https://twitter.com/IBEMPI/status/1223909438765043712","336511199","IBEMPI"
"1223664320145281024","Sat Feb 01 17:48:03 +0000 2020","1","[PERJALANAN KI HAJAR DEWANTARA] Bapak Pendidikan Nasional di Indonesia Ki Hadjar Dewantara. Ia adalah seorang pahlawan nasional yang berani menentang kebijakan pendidikan pemerintah Hindia Belanda pada masa https://t.co/MnfFpNNjoE","1223664320145281024","","","in","Kota Palembang, Sumatera Selat","0","0","0","https://twitter.com/kelanasatoe/status/1223664320145281024","1186603526996185088","kelanasatoe"
"1223552590513934337","Sat Feb 01 10:24:04 +0000 2020","0","Kebijakan Bupati Dorong Kemajuan dalam Bidang Pendidikan https://t.co/JNXg4afuE4 https://t.co/IbgQ6Er8k6","1223552590513934337","https://pbs.twimg.com/media/EPrumNcX4AAHvD2.jpg","","in","Purwokerto","0","0","0","https://twitter.com/BanyumasDaily/status/1223552590513934337","786414868748308481","BanyumasDaily"
"1223524270640259072","Sat Feb 01 08:31:32 +0000 2020","16","Emang cocok disebut #TokohReformasiPendidikan. Optimis nih kedepannya pendidikan Indonesia bakal jauh lebih maju dg kebijakan Mas Menteri Nadiem. Salut! #MerdekaBelajar #KampusMerdeka https://t.co/BRp8jTBbck","1223524270640259072","https://pbs.twimg.com/ext_tw_video_thumb/1223523761485336576/pu/img/uRzGVNGLgnLPG_QM.jpg","","in","","7","89","19","https://twitter.com/MasMenteri/status/1223524270640259072","891564038781415424","MasMenteri"
"1223482386110918657","Sat Feb 01 05:45:06 +0000 2020","0","Reposted from @liputan6dotcom Menteri Pendidikan dan Kebudayaan Nadiem Makarim mengaku tengah mempersiapkan kebijakan baru lagi untuk membenahi dunia pendidikan di Indonesia. ⠀⠀⠀⠀⠀⠀⠀⠀⠀ Hal tersebut disampaikan Nadiem https://t.co/0pTdBGEwny","1223482386110918657","","","in","South Sulawesi, Indonesia","0","0","0","https://twitter.com/wtp_igers/status/1223482386110918657","1028058881493102592","wtp_igers"
"1223413317244313600","Sat Feb 01 01:10:39 +0000 2020","1","Setuju ... tapi masihkah Jurusan Sejarah dianggap berguna ada dalam gebrakan perubahan kebijakan pendidikan tinggi?","1223413317244313600","","","in","Indonesia","0","0","0","https://twitter.com/bayukr/status/1223413317244313600","133567028","bayukr"
