"conversation_id_str","created_at","favorite_count","full_text","id_str","image_url","in_reply_to_screen_name","lang","location","quote_count","reply_count","retweet_count","tweet_url","user_id_str","username"
"1553459050209153024","Sat Jul 30 19:14:34 +0000 2022","0","Memahami Analisis Kebijakan dalam Dunia Pendidikan https://t.co/FO7qo2Cp9W #HLKompasiana","1553459050209153024","","","in","Indonesia","0","0","0","https://twitter.com/kompasiana/status/1553459050209153024","23786106","kompasiana"
"1553346952368365569","Sat Jul 30 11:49:07 +0000 2022","0","Memahami Analisis Kebijakan dalam Dunia Pendidikan https://t.co/9YrXYiuDHy","1553346952368365569","","","in","Indonesia","0","0","0","https://twitter.com/kompasiana/status/1553346952368365569","23786106","kompasiana"
"1553334281497296896","Sat Jul 30 10:58:46 +0000 2022","1","️ ADVOKASI JURUSAN FSP 2022 ️ Hallo mahasiswa Kebijakan Pendidikan Ini nih acara yang kita tunggu-tunggu yaitu ADVOKASI 2022 ️ https://t.co/RbXT8M42eQ","1553334281497296896","https://pbs.twimg.com/media/FY6NSr6VsAAKJL-.jpg","","in","FIPP UNY","0","1","0","https://twitter.com/himakpuny/status/1553334281497296896","2914840327","himakpuny"
"1553319395677483008","Sat Jul 30 09:59:37 +0000 2022","0","Kebijakan Pemerintah tentang Bantuan Biaya Pendidikan Apakah Sudah Merata? https://t.co/GHz8RjvpuW","1553319395677483008","","","in","Indonesia","0","0","0","https://twitter.com/kompasiana/status/1553319395677483008","23786106","kompasiana"
"1553318320463417344","Sat Jul 30 09:55:21 +0000 2022","14","Kebijakan pendidikan sll berkorelasi dg arah politik. Sampai 1992 siswi dilarang menggunakan jilbab tapi skr sebaliknya wajib berjilbab yg tdk berjilbab malah kena intimidasi dr guru. Padahal larangan/kewajiban berjilbab ini tdk berkorelasi positip/negatif dg proses kecerdasan","1553318320463417344","","","in","Jakarta","2","2","6","https://twitter.com/Darmaningtyas/status/1553318320463417344","368674205","Darmaningtyas"
"1553108177478004737","Fri Jul 29 20:00:19 +0000 2022","0","Covid 19 masih naik turun namun kebijakan mentri pendidikan anak anak sekolah PTM 100% penting sekali menjaga Imunitas Anak agar siap Back to School beginilah perjuangan emak emak menjaga buah hatinya #DearDREAMWeLoveYou https://t.co/T8VkihOYxz","1553108177478004737","","","in","Bogor, Jawa Barat","0","0","0","https://twitter.com/tutiarien/status/1553108177478004737","2799601309","tutiarien"
"1552983387815964672","Fri Jul 29 11:44:27 +0000 2022","5","Selain melakukan pendampingan dan advokasi kebijakan LBH APIK Jakarta juga aktif melakukan sosialisasi dan edukasi tentang pencegahan dan penanganan kekerasan seksual kepada institusi pendidikan lho! Ingin tahu selengkapnya? Cek video berikut ini ya! #LBHAPIKJakarta https://t.co/2NrWDE8uyq","1552983387815964672","https://pbs.twimg.com/ext_tw_video_thumb/1552983153517936640/pu/img/-zvORUib5ko0-ZIQ.jpg","","in","Jakarta Timur, DKI Jakarta","0","0","0","https://twitter.com/LBHAPIK/status/1552983387815964672","204377165","LBHAPIK"
"1552977121386979329","Fri Jul 29 11:19:33 +0000 2022","1","pendidikan tinggi adalah salah satu cara untuk mengantar kita cara berfikir cara mencari dan mengolah informasi sebagai bahan pengambilan keputusan atau kebijakan secara komprehensif dan terintegrasi","1552977121386979329","","","in","Kasihan, Indonesia","0","0","1","https://twitter.com/deanbatuapung/status/1552977121386979329","700606453","deanbatuapung"
"1552878604203069440","Fri Jul 29 04:48:04 +0000 2022","4","Sebagai rakyat RI boleh dong sya berpendapat sebaiknya kementrian pendidikan punya kekuatan super bila perlu di jadikan kementrian utama setara Perdana Mentri krn dari sanalah masa depan bangsa di pertaruhkan kebijakan kementrian pndidikan adalah pola penting masa depan bangsa","1552878604203069440","","","in","DKI Jakarta, Indonesia","0","1","2","https://twitter.com/blantik_pedhet2/status/1552878604203069440","815290931003826176","blantik_pedhet2"
"1552853018810257408","Fri Jul 29 03:06:24 +0000 2022","3","Kemdikbudristek meluncurkan empat program kebijakan pendidikan Merdeka Belajar termasuk Asesmen Nasional Berbasis Komputer (ANBK). Apa bedanya dengan Ujian Nasional Berbasis Komputer (UNBK)? #TempoNasional https://t.co/OYAXVXl8oM","1552853018810257408","","","in","Indonesia","0","0","0","https://twitter.com/tempodotco/status/1552853018810257408","18129942","tempodotco"
"1552749901100236801","Thu Jul 28 20:16:39 +0000 2022","1","Baca reply disini justru kok malah menyalahkan adanya program lpdp? Padahal yg harusnya digaris bawahi adalah oknum-oknum yg melanggar kebijakan dari beasiswa lpdp. Ini kok malah pada out of topic ke arah mendingan alih fungsikan uangnya untuk pemerataan pendidikan dlm negeri ","1552749901100236801","","","in","Personal Account - ♀️","0","1","0","https://twitter.com/Alvasooya/status/1552749901100236801","1152120580461625346","Alvasooya"
"1552665309609308166","Thu Jul 28 14:40:31 +0000 2022","0"," Aku cinta kamu tapi kamu ga cinta aku ya? Ucapku kepada matkul kebijakan pendidikan saya sudah stress pak.","1552665309609308166","","","in","20 || Solomon","0","0","0","https://twitter.com/KANG_TH02/status/1552665309609308166","1336663311421607936","KANG_TH02"
"1552596613264470016","Thu Jul 28 10:07:33 +0000 2022","1","Jika pembenahan sudah dilakukan namun oknum yang mencoba menggali keuntungan tetap masih ada dan pemegang tampuk kebijakan itu-itu juga maka pendidikan dasar yang diselenggarakan pemerintah ya begini-begini saja. Ya to? (Hanifatul Hijriati) https://t.co/m7GSIsG6M4 #Pendidikan","1552596613264470016","","","in","","1","0","1","https://twitter.com/GhibahinID/status/1552596613264470016","1482624177169641472","GhibahinID"
"1552569337177075714","Thu Jul 28 08:19:09 +0000 2022","4","Salah satu alasan pilih pendidikan mtk mtknya dapet soshumnya dapet. Kok belajar soshum? Ya itu filsafat (umum mtk pendidikan) analisis kebijakan pendidikan analisis kurikulum psikologi belajar itu semua makul wajib kami Ya logis ya humanis cielah wkwk ","1552569337177075714","","","in","","0","2","2","https://twitter.com/martasholihah/status/1552569337177075714","2323295358","martasholihah"
"1552542254413164545","Thu Jul 28 06:31:32 +0000 2022","2","Kalau mereka keluar kenyataan kerana mereka percaya masih boleh dididik dan disedarkan. Kalau kenyataan mereka ini dikeluarkan atas kebijakan yang digerakkan operator politik tertentu tercemar dan rosak sistem pendidikan tinggi negara kita.","1552542254413164545","","","in","KUL ","1","0","2","https://twitter.com/haziqazfarishak/status/1552542254413164545","433465345","haziqazfarishak"
"1552513742772252673","Thu Jul 28 04:38:15 +0000 2022","1","Rabu (27/7) Sebagai upaya mendukung Kebijakan Merdeka Belajar maka Bidang PAUD dan Dikmas pada Dinas Pendidikan dan Kebudayaan Kab. Pemalang melakukan kegiatan pendampingan Login dan Pemanfaatan Platform Merdeka Mengajar jenjang PAUD dan PKBM. https://t.co/23m73oFItG","1552513742772252673","https://pbs.twimg.com/media/FYujAyXagAAsN5G.jpg","","in","Jl. Merbabu No. 2 Mulyoharjo","0","1","0","https://twitter.com/dindikbudpml/status/1552513742772252673","714284306433060864","dindikbudpml"
"1552500882679398403","Thu Jul 28 03:47:09 +0000 2022","0","Pro Kontra Kebijakan Anak SD di Banyumas Lima Hari Sekolah Bupati : Diuji Coba Dulu #Banyumas #BupatiBanyumas #DinasPendidikanBanyumas #HariAnakNasional #HeadlineNews #IrAchmadHusein #Pendidikan #Purwokerto #SD #SekolahDasar https://t.co/XViXVN293Z","1552500882679398403","","","in","Banyumas, Indonesia","0","0","1","https://twitter.com/radarmasnetwork/status/1552500882679398403","3245882905","radarmasnetwork"
"1552500391106994178","Thu Jul 28 03:45:11 +0000 2022","4","Selepas diskusi kebijakan Merdeka Belajar Kampus Merdeka. Kehormatan banget diajak wefie sama Prof Nizam Dirjen Diktiristek. Bismillah. Kita dukung terus transformasi pendidikan Indonesia. 🇲🇨 https://t.co/LkLoY5t0bx","1552500391106994178","","","in","Home: Jakarta. Play: World.","0","0","0","https://twitter.com/indrakubik/status/1552500391106994178","69721101","indrakubik"
"1552464088785190914","Thu Jul 28 01:20:56 +0000 2022","20","PAGI INI!! Yuk dapatkan informasi kebijakan Beasiswa LPDP terkini dan testimoni dari penerima manfaatnya dalam: SOSIALISASI BEASISWA TARGETED- PENDIDIKAN KADER ULAMA/ULAMA PEREMPUAN ⏰ Jam 10.00 WIB https://t.co/FWGGvKnZOQ #DiriuntukNegeri https://t.co/DVcTBtF9Jr","1552464088785190914","https://pbs.twimg.com/media/FYt1n5NaUAA_6Xu.jpg","","in","Jakarta Pusat, DKI Jakarta","0","6","6","https://twitter.com/LPDP_RI/status/1552464088785190914","1527305923","LPDP_RI"
"1552460253526388737","Thu Jul 28 01:05:42 +0000 2022","3","gen z hrs byk strugle pendidikan makin mahal rumah makin ndak kebeli biaya kesehatan makin mahal berharap saja pertumbuhan ekonomi makin bagus + gov py kebijakan baik.","1552460253526388737","","","in","Indonesia","0","0","3","https://twitter.com/fairusizzudin/status/1552460253526388737","1458711194","fairusizzudin"
"1552219103712010241","Wed Jul 27 09:07:27 +0000 2022","4"," Meski tampak senyap pemerintah secara sistematis mengintervensi via kebijakan dan sekaligus intervensi pola pikir kegiatan konferensi akademis di Indonesia atas nama regulator pendidikan. Ini artikel bagus.","1552219103712010241","","","in","Indonesia","0","0","2","https://twitter.com/ruliemaulana/status/1552219103712010241","185320244","ruliemaulana"
"1552188636233232385","Wed Jul 27 07:06:23 +0000 2022","13","Hebat salut Begini mestinya Provinsi saat diberi kewenangan mengurus pendidikan SLTA harus mencari terobosan2 pd jenjang akhir persekolahan ini. Jgn hanya sekedar ambil kewenangan buat kebijakan Seragam gratis SPP gratis sekedar populis Seperti xxxxxx","1552188636233232385","","","in","Kota Surabaya, Jawa Timur","0","3","2","https://twitter.com/ferrykoto/status/1552188636233232385","24893875","ferrykoto"
"1552158108612382720","Wed Jul 27 05:05:05 +0000 2022","0","Kemendikbudristek Terkesima dengan Pelaksanaan Kurikulum Merdeka di Jember. Jember (https://t.co/ksziGGG4m3) Kepala Badan Standar dan Kebijakan Pendidikan Kementerian Pendidikan https://t.co/SRSlc4mTdl #bupatihendysiswanto #kurikulummerdeka #kurikulummerdekabelajar","1552158108612382720","","","in","Surabaya","0","0","0","https://twitter.com/beritajatimcom/status/1552158108612382720","21287066","beritajatimcom"
"1552133939053359104","Wed Jul 27 03:29:02 +0000 2022","0","Banyak Guruh2 yg mengeluh kebijakan pak Mentri pendidikan kebudayaan Riset dan Teknologi Bapak Madiem makarim sekaligus pendiri Gojek Kurikulum berubah terus Tau knpa? Data BPS feb 2022 Pengangguran 1. Sarjana :14 % dari total jumlah penduduk indonesia 2.SMU : 2.4 jt","1552133939053359104","","","in","","0","0","0","https://twitter.com/Wibowo17139422/status/1552133939053359104","1297913247287271424","Wibowo17139422"
"1551968169291808768","Tue Jul 26 16:30:20 +0000 2022","0","Sebenernya agak menyesal menaruh kebijakan pendidikan di pil 1 harusnya mah pendidikan akuntansi aja ya tapi ya udah lah nggak papa dapet kuliah di wates jangan cuman dirumah aja udah enggak pernah main kuliah nya deket kayaknya memang berjodoh sama wates ya walaupun masih","1551968169291808768","","","in","Dimana Aku","0","1","0","https://twitter.com/dembotdemby/status/1551968169291808768","3505781958","dembotdemby"
"1551825079751032833","Tue Jul 26 07:01:45 +0000 2022","0","Bupati Sidenreng Rappang H. Dollah Mando menerima penghargaan dari Direktur Jenderal Pendidikan Agama Islam Kementerian Agama (Kemenag) RI atas partisipasi dan kontribusi dalam pengembangan dan kebijakan positif bagi Pendidikan Agama Islam di sekolah. https://t.co/8D08xeyXQi","1551825079751032833","","","in","Indonesia","0","0","0","https://twitter.com/Bram_Edo/status/1551825079751032833","380446310","Bram_Edo"
"1551825000138952704","Tue Jul 26 07:01:26 +0000 2022","0","Bupati Sidenreng Rappang H. Dollah Mando menerima penghargaan dari Direktur Jenderal Pendidikan Agama Islam Kementerian Agama (Kemenag) RI atas partisipasi dan kontribusi dalam pengembangan dan kebijakan positif bagi Pendidikan Agama Islam di sekolah. https://t.co/d4UPFGKuLa","1551825000138952704","","","in","Indonesia","0","0","0","https://twitter.com/pewartacoid/status/1551825000138952704","287200809","pewartacoid"
"1551824933202055168","Tue Jul 26 07:01:10 +0000 2022","2","Bupati Sidenreng Rappang H. Dollah Mando menerima penghargaan dari Direktur Jenderal Pendidikan Agama Islam Kementerian Agama (Kemenag) RI atas partisipasi dan kontribusi dalam pengembangan dan kebijakan positif bagi Pendidikan Agama Islam di sekolah. https://t.co/EsXRFQ6XlX","1551824933202055168","","","in","Indonesia","0","0","0","https://twitter.com/pewartanetwork/status/1551824933202055168","1496596149150826496","pewartanetwork"
"1551813254372298752","Tue Jul 26 06:14:45 +0000 2022","1","#SobatBelajar pada Jumat 22 Juli 2022 Ditjen PAUD Dikdas dan Dikmen menyelenggarakan Sosialisasi dan Koordinasi Kebijakan Satuan Pendidikan Kerja Sama (SPK) Tahun 2022 dengan agenda Sosialisasi Implementasi Kurikulum Merdeka pada SPK. https://t.co/etknGPzTO1","1551813254372298752","https://pbs.twimg.com/media/FYkl6ZoX0AAXwNt.jpg","","in","Jakarta Capital Region","0","1","1","https://twitter.com/PAUDDikdasmen/status/1551813254372298752","809758186479566848","PAUDDikdasmen"
"1551810585116950529","Tue Jul 26 06:04:09 +0000 2022","13","Sahabat pendidikan Silakan menyaksikan episode Perdana PERSPEKTIF (Perbincangan Pendidikan Inspiratif) Siniar Resmi dari Pusat Standar dan Kebijakan Pendidikan BSKAP Kemendikbudristek Selengkapnya: https://t.co/xV8QKGN6MX https://t.co/bcoiTLxdDj #Kemdikbud #BSKAP #PSKP https://t.co/L3venu6H2F","1551810585116950529","https://pbs.twimg.com/media/FYkjAKkWYAAaR6J.jpg","","in","Jakarta","1","2","5","https://twitter.com/pskp_kemdikbud/status/1551810585116950529","1541682778353598464","pskp_kemdikbud"
"1551751015556591617","Tue Jul 26 02:07:26 +0000 2022","2","Baru keliatan kan ternyata permasalahan anak-anak Citayam ini struktural bukan karena mereka malas atau gimana. Ekonomi pendidikan kebijakan pemerintah itu semua berpengaruh.","1551751015556591617","","","in","","0","1","0","https://twitter.com/mirsperbs/status/1551751015556591617","1421100780212289540","mirsperbs"
"1551494073977950209","Mon Jul 25 09:06:27 +0000 2022","0","Ini udah puluhan tahun makan banyak korban tapi menteri pendidikan ga ada kebijakan apapun soal ospek berbahaya ini.","1551494073977950209","","","in","Bekasi, Jawa Barat","0","0","0","https://twitter.com/pmanlixious/status/1551494073977950209","1361422247978704896","pmanlixious"
"1551426176501002240","Mon Jul 25 04:36:39 +0000 2022","0","Memahami Analisis Kebijakan Pendidikan https://t.co/44AT9e974o","1551426176501002240","","","in","Indonesia","0","0","0","https://twitter.com/kompasiana/status/1551426176501002240","23786106","kompasiana"
"1551387254652026880","Mon Jul 25 02:01:59 +0000 2022","4","https://t.co/l3846RkCcZ BNNK Kotawaringin Barat melaksanakan kegiatan Konsolidasi Kebijakan Kabupaten/Kota Tanggap Ancaman Narkoba (KOTAN) pada Lingkungan Pendidikan. #WarOnDrugs #IndonesiaBersinar https://t.co/0ckwKnx7Ki","1551387254652026880","https://pbs.twimg.com/media/FYeicN7aIAARpCp.jpg","","in","Pangkalan Bun","0","0","0","https://twitter.com/INFOBNNKKOBAR/status/1551387254652026880","1220166395637354496","INFOBNNKKOBAR"
"1551376297691348992","Mon Jul 25 01:18:27 +0000 2022","0","Bapak Noya sekaligus menyampaikan materi Kebijakan Revitalisasi Bahasa Tobelo di Halmahera Utara yang didahului oleh paparan Implementasi Peraturan Bahasa Daerah di Halmahera Utara oleh Bapak Hertje Manuel selaku Kepala Dinas Pendidikan dan Kebudayaan Kabupaten Halmahera Utara.","1551376297691348992","","","in","Rum, Tidore, Maluku Utara","0","0","0","https://twitter.com/KantorBhsMalut/status/1551376297691348992","830382608194301952","KantorBhsMalut"
"1551067611567271936","Sun Jul 24 04:51:50 +0000 2022","0","Polemik Kebijakan Rektor Menurunkan Mutu Pendidikan SBM ITB https://t.co/jmIv91m6F6","1551067611567271936","","","in","Bandung, Indonesia","0","0","0","https://twitter.com/fahidayat72/status/1551067611567271936","2578608955","fahidayat72"
"1551041170213462016","Sun Jul 24 03:06:46 +0000 2022","0","Kebijakan Zonasi yang bikin babak belur Indonesia konflik2 diametral beginilah yang timbul akibat salah kelola pendidikan @Itjen_Kemdikbud","1551041170213462016","","","in","indonesia","0","1","0","https://twitter.com/harjonoabi/status/1551041170213462016","231327294","harjonoabi"
"1550895989828882434","Sat Jul 23 17:29:52 +0000 2022","0","Keseragaman peraturan pendidikan membuat provinsi lain stuck karna Jakarta peraturan sekolah jam 6:30 karna patokan macetnya kota jakarta. Seandainya setiap provinsi memiliki kebijakan masing² mungkin akan ada daya tarik untuk bersekolah di provinsi selain Jakarta.","1550895989828882434","","","in","","0","1","0","https://twitter.com/Randitamaaa/status/1550895989828882434","1162249248697511936","Randitamaaa"
"1550753963053838337","Sat Jul 23 08:05:31 +0000 2022","4","Seriusan itu drive classroom n yt bakal diblokir? Trus gmn nasib jutaan pengguna akun https://t.co/bAa9rl3QlF dr Kementrian Pendidikan yg pake akun itu utk pembelajaran? Emang ga ngobrol2 dulu ya sesama kementrian kalo mau ngeluarin kebijakan tuh?","1550753963053838337","","","in","","0","0","0","https://twitter.com/PutihnyaTas/status/1550753963053838337","1354751031037419522","PutihnyaTas"
"1550659114795429888","Sat Jul 23 01:48:37 +0000 2022","32","Pada ribut KW dpt undangan BWC. Dah tinggal liat nanti kebijakan sepolwan gimana. Kalo memang dikasih ijin buat ikut ya bagus. Kalo ga yaudah kelarin dulu pendidikan nanti baru mengabdi lagi lewat jalur prestasi. Ga lama kok ga sampe setaun.","1550659114795429888","","","in","","0","2","1","https://twitter.com/magenta_jingga/status/1550659114795429888","1259996080701181955","magenta_jingga"
"1550657448087678978","Sat Jul 23 01:42:00 +0000 2022","5","FGD dan Advokasi Kebijakan Program Standarisasi Kompetensi Dosen Pendidikan Pancasila dan Kewarganegaraan https://t.co/4MvLcCY9hm #advokasi #pendidikan #pancasila #Muhammadiyah #aminabdullah","1550657448087678978","","","in","Surakarta, Indonesia","0","0","0","https://twitter.com/KalimahsawaID/status/1550657448087678978","369885940","KalimahsawaID"
"1550129609278390272","Thu Jul 21 14:44:33 +0000 2022","0","Kementerian Pendidikan Kebudayaan Riset dan Teknologi (@pusdatin_dikbud ) meluncurkan program Wirausaha Merdeka yang merupakan bagian dari implementasi kebijakan Merdeka Belajar Kampus Merdeka (MBKM). https://t.co/0YDtV0upSO","1550129609278390272","","","in","","0","0","0","https://twitter.com/AnakSarah1/status/1550129609278390272","1308779583680860160","AnakSarah1"
"1549987286930321408","Thu Jul 21 05:19:01 +0000 2022","4","Jurnal Pendidikan Kebijakan Pendidikan menerbitkan penelitian dan kajian di bidang pendidikan kebijakan. Ruang lingkupnya adalah manajemen praktik terbaik kurikulum penilaian kebijakan teknologi pendidikan dan bahasa. Akses jurnal di https://t.co/QjZD4j542H #Perpusdikbud https://t.co/Yd5mhIs5pf","1549987286930321408","https://pbs.twimg.com/media/FYKobIhaIAIu_cb.jpg","","in","Senayan, Jakarta","0","0","0","https://twitter.com/perpusdikbud/status/1549987286930321408","2191873495","perpusdikbud"
"1549958494769385473","Thu Jul 21 03:24:36 +0000 2022","2","Sobat Puskot tau gak sih apa yang dimaksud dengan Merdeka Belajar? Apa saja yang menjadi pokok-pokok kebijakan dalam #MerdekaBelajar yang sudah #Mendikbud tetapkan? Lalu seberapa besar sih pengaruh bagi aspek Pendidikan di Indonesia? https://t.co/Shvqd7BQuF","1549958494769385473","https://pbs.twimg.com/media/FYKPCVEVQAEw47N.jpg","","in","Jl. Suroto Kotabaru Yogyakarta","0","1","0","https://twitter.com/puskotjogja/status/1549958494769385473","283328677","puskotjogja"
"1549951487194894336","Thu Jul 21 02:56:45 +0000 2022","0","https://t.co/IxTr9dJKgc - Bupati Ony Anwar Harsono terima kunjungan Plt. Kepala Pusat Standart dan Kebijakan Pendidikan Kementerian Pendidikan Kebudayaan Riset dan Teknologi Irsyad Zamjani beserta rombongan di Kediaman Bupati Ngawi Jalan Hasanudin Rabu (20/07/2...... https://t.co/7QxG0gySkf","1549951487194894336","https://pbs.twimg.com/media/FYKIqgWXgAA25VP.jpg","","in","surabaya","0","0","0","https://twitter.com/PakrwCom/status/1549951487194894336","1346374027690921986","PakrwCom"
"1549945233349431296","Thu Jul 21 02:31:54 +0000 2022","0","Kebijakan kocar kacir tidak terarah dan mubaszir#pendidikan","1549945233349431296","","","in","Halim","0","0","0","https://twitter.com/AnitaYuliana12/status/1549945233349431296","929671308","AnitaYuliana12"
"1549941626512244736","Thu Jul 21 02:17:34 +0000 2022","3","Sebanyak 2.760 guru dinyatakan lolos dari pendidikan Guru Penggerak pada angkatan ketiga. Mereka diharapkan menjadi garda terdepan dalam kebijakan merdeka belajar dan membawa transformasi pendidikan. https://t.co/uKDhUBJY6B Nadiem Solusi Pendidikan @MasMenteri @nadiemmakarim","1549941626512244736","","","in","Berastagi, Indonesia","0","7","3","https://twitter.com/Jndrvl/status/1549941626512244736","1087313516107784193","Jndrvl"
"1549923595513499648","Thu Jul 21 01:05:56 +0000 2022","5","Sebanyak 2.760 guru dinyatakan lolos dari pendidikan Guru Penggerak pada angkatan ini. Guru adalah sebagai Penggerak yg akan menjadi garda terdepan dalam kebijakan Merdeka Belajar. @MasMenteri @nadiemmakarim Nadiem Solusi Pendidikan https://t.co/AaraWYMGFv","1549923595513499648","","","in","Jakarta Capital Region","0","5","5","https://twitter.com/vinsiey/status/1549923595513499648","984472743864188928","vinsiey"
"1549920896617365504","Thu Jul 21 00:55:12 +0000 2022","6","Nadiem Solusi Pendidikan Sebanyak 2.760 guru dinyatakan lolos dari pendidikan Guru Penggerak yang akan menjadi garda terdepan dalam kebijakan Merdeka Belajar &amp; membawa transformasi Pendidikan. sumber : https://t.co/UuW2gbhH53️ @nadiemmakarim @MasMenteri","1549920896617365504","","","in","","0","3","4","https://twitter.com/hartatikasnan/status/1549920896617365504","834624488587272192","hartatikasnan"
"1549902162469064705","Wed Jul 20 23:40:45 +0000 2022","4","Guru Penggerak menjadi garda terdepan dalam kebijakan Merdeka Belajar. Sebanyak 2.760 guru telah lolos dari pendidikan Guru Penggerak. Artinya kedepan transformasi pendidikan di era Mas @nadiemmakarim semakin kuat. Nadiem Solusi Pendidikan @MasMenteri https://t.co/DvfvToPCsN","1549902162469064705","","","in","Jawa Barat, Indonesia","0","6","3","https://twitter.com/hvezar/status/1549902162469064705","2286227730","hvezar"
"1549901596754030593","Wed Jul 20 23:38:31 +0000 2022","10","Pakar Pendidikan Cecep Darmawan menilai pemerintah harus serius menerapkan kebijakan Kurikulum Merdeka. Terutama pada tingkat SMA yg seharusnya siswa di beri kebebasan dalam belajar sesuai dengan tagline Kurikulum Merdeka. Nadiem Solusi Pendidikan @nadiemmakarim @MasMenteri https://t.co/VNGnUgZdwx","1549901596754030593","https://pbs.twimg.com/media/FYJbSSWUYAAwM4H.jpg","","in","Batavia","0","5","8","https://twitter.com/putragheka/status/1549901596754030593","1242426711213367296","putragheka"
"1549755000028827648","Wed Jul 20 13:55:59 +0000 2022","0","Kebijakan yang amburadul#sekolah#pendidikan#guru","1549755000028827648","","","in","Halim","0","0","0","https://twitter.com/AnitaYuliana12/status/1549755000028827648","929671308","AnitaYuliana12"
"1549726628200468482","Wed Jul 20 12:03:15 +0000 2022","0","Kampus Merdeka Batch 3 : Alur Pengajuan SPTJM Halo Sobat FIKTI! Kampus Merdeka merupakan kebijakan Menteri Pendidikan dan Kebudayaan yang bertujuan mendorong mahasiswa untuk menguasai berbagai keilmuan yang berguna untuk memasuki dunia kerja. Dalam pendaftaran kampus - https://t.co/SEnG551g3f","1549726628200468482","https://pbs.twimg.com/media/FYG8JDsaAAATrQ-.jpg","","in","Universitas Gunadarma","0","1","0","https://twitter.com/UG_BEMFIKTI/status/1549726628200468482","409340668","UG_BEMFIKTI"
"1549711032272072705","Wed Jul 20 11:01:16 +0000 2022","5","#TemanPemilih Hari ini KPU Kota Sukabumi menerima kunjungan mahasiswa dalam rangka Riset terkait dengan kebijakan Sosialisasi Pemilu dan Pendidikan Pemilih di Kota Sukabumi https://t.co/nu82P3m1mS","1549711032272072705","https://pbs.twimg.com/media/FYGttX2UsAAbOKm.jpg","","in","Jl. Otto Iskandardinata no.175","0","0","0","https://twitter.com/kpukotasukabumi/status/1549711032272072705","1059353226506493952","kpukotasukabumi"
"1549688666720587776","Wed Jul 20 09:32:24 +0000 2022","2"," PRA ADVOKASI KEBIJAKAN PENDIDIKAN FIP UNY Himpunan Mahasiswa Kebijakan Pendidikan https://t.co/RMIvn8k3un","1549688666720587776","https://pbs.twimg.com/media/FYGZnKtUcAA4vVC.jpg","","in","FIPP UNY","0","1","0","https://twitter.com/himakpuny/status/1549688666720587776","2914840327","himakpuny"
"1549682395728621568","Wed Jul 20 09:07:29 +0000 2022","2","Kementerian Pendidikan dan Kebudayaan (Kemendikbud) meluncurkan Program Pertukaran Mahasiswa Merdeka sebagai salah satu wujud implementasi kebijakan Merdeka Belajar Kampus Merdeka (MBKM). https://t.co/7OxLfH1iiq","1549682395728621568","https://pbs.twimg.com/media/FYGT7B1VsAAXZ0u.jpg","","in","Jl DR TD Pardede No.21 Medan","0","1","0","https://twitter.com/UnivDarmaAgung/status/1549682395728621568","1513717235654615044","UnivDarmaAgung"
"1549644667008196608","Wed Jul 20 06:37:34 +0000 2022","1","Program SMK Pusat Keunggulan adalah wujud nyata dari upaya pembenahan pendidikan vokasi oleh Kemendikbud yang masuk dalam rangkaian program kebijakan Merdeka Belajar . https://t.co/Btu9GB3Rz8","1549644667008196608","https://pbs.twimg.com/media/FYFxeJbagAANGeD.jpg","","in","indonesia","0","1","1","https://twitter.com/pnugroho28/status/1549644667008196608","4721766133","pnugroho28"
"1549354001501523968","Tue Jul 19 11:22:34 +0000 2022","16","Kampus hijau tapi biaya tak terjangkau!Apa ini kampus impian?sedangkan biaya pendidikan dengan cara paksaan! Apalagi ada kebijakan wajib Ma'had.Kampus kemanusiaan &amp; peradaban/kampus penjebakan dalam situasi ekonomi kesulitan? Ingat UIN!!! kita ngga semua sultan #dijebakuinws https://t.co/XSd7NCZzKD","1549354001501523968","https://pbs.twimg.com/media/FYBpQCBUsAAx2uu.jpg","","in","","0","0","2","https://twitter.com/Nrfiaa25/status/1549354001501523968","1549267365950472192","Nrfiaa25"
"1549353033976655872","Tue Jul 19 11:18:43 +0000 2022","1","Arti penting dari stakeholder dalam merespon dinamika kebutuhan talenta digital global kontemporer. Kebijakan dalam pengelolaan pendidikan di bidang digital dan peran perempuan di bidang transformasi digital. @PlateJohnny @kemkominfo https://t.co/W3jz667s7K","1549353033976655872","https://pbs.twimg.com/media/FX1JgZRUIAA-BV-.jpg","","in","","0","0","0","https://twitter.com/1ms1C/status/1549353033976655872","1255870456797650944","1ms1C"
"1549343832310878210","Tue Jul 19 10:42:09 +0000 2022","5","Problem paling besar ialah tidak adilnya kebijakan yang tidak berdasarkan kemanusiaan. Padahal jelas beda antara mewajibkan dan membolehkan tapi bijak amatirmu lebih memilih yang pertama. Tapi kenapa pendidikan seperti berdagang? #dijebakuinws","1549343832310878210","","","in","Jawa Tengah, Indonesia","0","0","1","https://twitter.com/ahmadpkmdn/status/1549343832310878210","1135433444916207616","ahmadpkmdn"
"1549307109543940096","Tue Jul 19 08:16:14 +0000 2022","38","Ketika orangtua menaruh harapan besar dipundak anaknya utk mengenyam pendidikan di bangku perkuliahan akan tetapi harapan besar tersebut seolah-olah pupus dgn adanya kebijakan yg tidak berpihak kepada mereka. Bukalah hati nurani mu wahai birokrat kampus! #dijebakuinws https://t.co/aWj9WkkkdH","1549307109543940096","https://pbs.twimg.com/media/FYA-mpaacAEpBOq.jpg","","in","","0","0","6","https://twitter.com/bocah_gaje/status/1549307109543940096","1537140777775931393","bocah_gaje"
"1549306990345986048","Tue Jul 19 08:15:45 +0000 2022","0","Talkshow Dialog Sosial Politik Mercury FM The Series bersama FISIP Unair Surabaya. Tema : Kebijakan Merdeka Belajar Kampu Merdeka (MBKM Terhadap Peningkatan Mutu Pendidikan di Indonesia Nasum : Agie Nugroho Soegiono S.IAN M.P.P (Dosen Administrasi Publik). https://t.co/KKpz1wtFZn","1549306990345986048","https://pbs.twimg.com/media/FYA-fH9aIAAggKT.jpg","","in","Kota Surabaya, East Java","0","0","0","https://twitter.com/radiomercury96/status/1549306990345986048","102267519","radiomercury96"
"1549282638422482944","Tue Jul 19 06:38:59 +0000 2022","0","Jangan lupa.....!! Ikuti Dialog Sosial Politik Kebijakan Merdeka Belajar Kampu merdeka (MBKM )Terhadap Peningkatan Mutu Pendidikan di Indonesia Hasil kerjasama Radio Mercury bersama FISIP Unair yang kami kemas dalam program Mercury The Series. https://t.co/Ld8hFBh1re","1549282638422482944","https://pbs.twimg.com/media/FYAoVhyaIAArR61.jpg","","in","Kota Surabaya, East Java","0","0","0","https://twitter.com/radiomercury96/status/1549282638422482944","102267519","radiomercury96"
"1549031052332900353","Mon Jul 18 13:59:17 +0000 2022","2","Lagi-lagi pesantren adalah tempat yg tidak terpengaruh dengan kebijakan yg berkaitan dengan pendidikan. Saat covid harus online. Pesantren masih tatap muka. Saat kebijakan sekolah 5 hari pesantren juga masih sama dgn jadwalnya.","1549031052332900353","","","in","yogyakarta","0","0","0","https://twitter.com/dj_ramdhani/status/1549031052332900353","976414928","dj_ramdhani"
"1548979500943556608","Mon Jul 18 10:34:26 +0000 2022","1","UU Advokat tidak mengatur detil soal durasi pendidikan profesi. Pelaksanaannya selama ini sepenuhnya tergantung kebijakan organisasi advokat. https://t.co/CsQHGzH4EB","1548979500943556608","","","in","Jakarta","0","0","0","https://twitter.com/HukumOnline/status/1548979500943556608","125297822","HukumOnline"
"1548978786690928640","Mon Jul 18 10:31:36 +0000 2022","0","Kebijakan Pendidikan","1548978786690928640","","","in","","0","0","0","https://twitter.com/Mukhlishasbull1/status/1548978786690928640","1299301776818991105","Mukhlishasbull1"
"1548974040240365568","Mon Jul 18 10:12:44 +0000 2022","0","Semoga tibatiba ada kebijakan baru dari mentri pendidikan dan pemerintah kalo lulus kuliah gaperlu ada skripsi dan tugas akhir mulai dari angkatan 18 amiin","1548974040240365568","","","in","Indonesia","0","3","0","https://twitter.com/Nonokunnn/status/1548974040240365568","903999936","Nonokunnn"
"1548944665151520768","Mon Jul 18 08:16:00 +0000 2022","8","Sekolah guru dan orangtua harus diingatkan untuk tidak membagikan informasi pribadi anak di media sosial. Departemen yang ngurus pendidikan juga seharusnya ngeh dengan hal ini dan memberikan arahan atau kebijakan untuk tidak membagikan data anak di awal tahun ajaran baru.","1548944665151520768","","","in","Burundi","0","1","6","https://twitter.com/sociogeeks_/status/1548944665151520768","146365198","sociogeeks_"
"1548940156883058688","Mon Jul 18 07:58:05 +0000 2022","0","[BILIK INFO] Halo #ArekFISIP! Yuk ikuti Talkshow FISIP x Radio Mercury The Series Episode 3 bertajuk Dialog Sosial Politik: Kebijakan MBKM terhadap Peningkatan Mutu Pendidikan di Indonesia dengan Agie Nugroho Soegiono S.IAN. M.P.P. (Departemen Administrasi Publik) https://t.co/xiheOXu1dO","1548940156883058688","https://pbs.twimg.com/media/FX7w22_acAAWJFf.jpg","","in","Kota Surabaya, Jawa Timur","0","1","0","https://twitter.com/FISIP_UA/status/1548940156883058688","715069484650737666","FISIP_UA"
"1548911782063878144","Mon Jul 18 06:05:20 +0000 2022","3","Kepala Dinas Pendidikan (Kadisdik) Kota Bogor Hanafi menyampaikan perihal kebijakan peraturan pembelajaran di sekolah. #infobogor #beritabogor #beritahariini #sekolahbogor #welovebogor https://t.co/bvx4wNVtou","1548911782063878144","https://pbs.twimg.com/media/FX7XDooUsAAKxcy.jpg","","in","Bogor Tengah, Indonesia","1","2","1","https://twitter.com/infobogor/status/1548911782063878144","107321054","infobogor"
"1548893741502857216","Mon Jul 18 04:53:39 +0000 2022","1","Kementerian Pendidikan Kebudayaan Riset dan Teknologi (Kemendikbudristek) meluncurkan program Wirausaha Merdeka yang merupakan bagian dari implementasi kebijakan Merdeka Belajar Kampus Merdeka (MBKM). @jokowi @ChanaRangers @ApriliaLin @__RismaWidiono_ https://t.co/PjAhaSvcrN","1548893741502857216","","","in","","0","0","7","https://twitter.com/tolakbigotnkri/status/1548893741502857216","1095278812181389312","tolakbigotnkri"
"1548888142601564161","Mon Jul 18 04:31:24 +0000 2022","7","Kurikulum Merdeka Harus Diterapkan Serentak Cecep Darmawan Guru Besar Universitas Pendidikan Indonesia (UPI) menilai pemerintah harus serius mengimplementasikan kebijakan tersebut. https://t.co/0EiUC8eP5I Kurikulum Merdeka Nadiem @MasMenteri","1548888142601564161","","","in","Berastagi, Indonesia","0","10","5","https://twitter.com/Jndrvl/status/1548888142601564161","1087313516107784193","Jndrvl"
"1548874586812747776","Mon Jul 18 03:37:32 +0000 2022","0","Mendukung kebijakan Jokowi-Ma'ruf yang terbukti berhasil di berbagai bidang salah satunya di bidang pendidikan. Mantap. https://t.co/7orDTwttkc","1548874586812747776","https://pbs.twimg.com/media/FX60ySZagAArp-C.jpg","","in","bandung","0","0","0","https://twitter.com/RayyanrRamadan/status/1548874586812747776","1349227179452686336","RayyanrRamadan"
"1548864006970306560","Mon Jul 18 02:55:30 +0000 2022","0","Marger sekolah SD Negeri di manado di paksakan dan janggal. Pemerintah kota manado dengan kebijakan margernya telah menelantarkan anak sekolah pada SD N 114 tuminting manado. Pendidikan koq dikorbankan demi tujuan yang tidak jelas dari pemerintah kota manado.","1548864006970306560","","","in","Kota Manado, Sulawesi Utara","0","0","0","https://twitter.com/JaneWalukow/status/1548864006970306560","1338693769793703936","JaneWalukow"
"1548855277331824640","Mon Jul 18 02:20:49 +0000 2022","3","[cm] menurut kalian anak pendidikan dengan kebijakan sekarang masih mau jadi guru ga?","1548855277331824640","","","in","","1","1","1","https://twitter.com/collegemenfess/status/1548855277331824640","1046084008742801408","collegemenfess"
"1548845947882717184","Mon Jul 18 01:43:44 +0000 2022","17","Pencapaian Jokowi-Maaruf bukan saja di bidang infrastruktur dgn Membangun Indonesia saja. Tp di semua aspeek. Tak terkecuali di bidang Pendidikan. Di Bidang Pendidikan Pemerintah mengusung Kebijakan Merdeka Belajar. Diharapkan pemerataan pendidikan terjadi di Indonesia https://t.co/XorGP3NEPu","1548845947882717184","https://pbs.twimg.com/media/FX6bLTcaAAEnD_H.jpg","","in","Indonesia","1","7","15","https://twitter.com/catatankaqihati/status/1548845947882717184","1057158238779539456","catatankaqihati"
"1548841071274168320","Mon Jul 18 01:24:22 +0000 2022","14","Pencapaian Presiden Jokowi-Maruf di bidang pendidikan Salah satu pencapaian pemerintah mengusung kebijakan Merdeka Belajar langkah tersebut dilakukan menjawab berbagai tantangan di sektor pendidikan. https://t.co/qLTjznx1GK","1548841071274168320","https://pbs.twimg.com/media/FX6WvggagAAsd-E.jpg","","in","Indonesian","0","5","14","https://twitter.com/Clara_Shinta99/status/1548841071274168320","322559270","Clara_Shinta99"
"1548839445713276929","Mon Jul 18 01:17:54 +0000 2022","14","Untuk lebih memajukan Dunia Pendidikan Pemerintahan Jokowi-Ma'Ruf Amin melakukan langkah jitu utk menjawab tantangan pada sektor pendidikan misalnya saja : * Kebijakan Merdeka Belajar Dengan kebijakan Merdeka Belajar maka pendidikan akan mencapai kemajuan https://t.co/fp6zUETwMq","1548839445713276929","https://pbs.twimg.com/media/FX6VQ6pakAAzNR4.jpg","","in","Indonesia","1","8","14","https://twitter.com/KangCendol_33/status/1548839445713276929","1189240370804117505","KangCendol_33"
"1548838895634108416","Mon Jul 18 01:15:43 +0000 2022","17","Pemerintah menyebut beberapa langkah dilakukan untuk menjawab berbagai tantangan di sektor pendidikan. Kebijakan Merdeka Belajar merupakan langkah untuk mentransformasi pendidikan demi terwujudnya Sumber Daya Manusia (SDM) Unggul Indonesia yang memiliki Profil Pelajar Pancasila https://t.co/0OUusNEyDf","1548838895634108416","https://pbs.twimg.com/media/FX6UxGJUsAABX2O.jpg","","in","Indonesia","1","5","15","https://twitter.com/Saodah1234/status/1548838895634108416","1272953532535062529","Saodah1234"
"1548838504242679808","Mon Jul 18 01:14:10 +0000 2022","19","Di bidang Pendidikan Capaian Pemerintah naik maju dengan mengusung kebijakan Merdeka Belajar Moeldoko menyatakan kondisi ekonomi indonesia lebih baik dari negara Asia Tenggara Lainnya. Dengan Kunci utama pertumbuhan ekonomi yang positip ada pada tingkat konsumsi &amp; Investasi. https://t.co/gFoVcnKatm","1548838504242679808","https://pbs.twimg.com/media/FX6UaBZVUAAahOT.jpg","","in","Indonesia","2","3","16","https://twitter.com/Anggita_lung/status/1548838504242679808","2907040202","Anggita_lung"
"1548836233052205056","Mon Jul 18 01:05:08 +0000 2022","15","Moeldoko menyatakan kondisi ekonomi indonesia lebih baik dari negara Asia Tenggara Lainnya. Dengan Kunci utama pertumbuhan ekonomi yang positip ada pada tingkat konsumsi &amp; Investasi. Di bidang Pendidikan pun Capaian Pemerintah naik maju dengan mengusung kebijakan Merdeka Belajar https://t.co/Dy2ESaXwcN","1548836233052205056","https://pbs.twimg.com/media/FX6SVr3UYAEGHGO.jpg","","in","","0","5","15","https://twitter.com/Penyair_Berdiri/status/1548836233052205056","1240137086331748352","Penyair_Berdiri"
"1548829052332814336","Mon Jul 18 00:36:36 +0000 2022","10","Kementerian Pendidikan Kebudayaan Riset dan Teknologi (Kemendikbudristek) meluncurkan program Wirausaha Merdeka yang merupakan bagian dari implementasi kebijakan Merdeka Belajar Kampus Merdeka. @jokowi https://t.co/5uSwLpFb6z","1548829052332814336","","","in","Indonesia ","0","0","6","https://twitter.com/sandra_hut/status/1548829052332814336","1143026541275672577","sandra_hut"
"1548796676907106304","Sun Jul 17 22:27:57 +0000 2022","10","Dukungan dan dorongan Erick Thohir untuk ekosistem pendidikan pesantren di Indonesia dilakukan dengan program dan kebijakan yang mengakomodir pendidikan umat. Para santri harus menjadi penggerak perekonomian nasional Indonesia. @erickthohir #BangkitBersamaET https://t.co/dC0ZRuCI1r","1548796676907106304","https://pbs.twimg.com/ext_tw_video_thumb/1548796579045572613/pu/img/ou2aJtzCYZOfvtuE.jpg","","in","","0","0","8","https://twitter.com/Aprilia_wiji/status/1548796676907106304","326453024","Aprilia_wiji"
"1548672719998570499","Sun Jul 17 14:15:24 +0000 2022","0","Kementerian Pendidikan Kebudayaan Riset dan Teknologi (Kemendikbudristek) meluncurkan program Wirausaha Merdeka yang merupakan bagian dari implementasi kebijakan Merdeka Belajar Kampus Merdeka (MBKM). https://t.co/cgYW6zx7nM","1548672719998570499","https://pbs.twimg.com/media/FX39oYiagAEU-1-.jpg","","in","Yogyakarta, Indonesia","0","0","0","https://twitter.com/RanzKyleBuddies/status/1548672719998570499","1118867966","RanzKyleBuddies"
"1548640987706040321","Sun Jul 17 12:09:18 +0000 2022","1"," ┈┈ ┈┈ ⊰⊱ ┈┈ ┈┈ LOMBA FOTOGRAFI HIMA KEBIJAKAN PENDIDIKAN UNY 2022 ┈┈ ┈┈ ⊰⊱ ┈┈ ┈┈ https://t.co/q0TSmjNGTa","1548640987706040321","https://pbs.twimg.com/media/FX3gvghVUAEjmHT.jpg","","in","FIPP UNY","0","1","1","https://twitter.com/himakpuny/status/1548640987706040321","2914840327","himakpuny"
"1548608742031503363","Sun Jul 17 10:01:10 +0000 2022","0","[Catatan Perjuangan 100 Hari Adkesma] Hidup Mahasiswa!! Halo Gensoed! Hari ini tepat 100 hari kami melaksanakan amanah sebagai pelayan advokasi berupa pengawalan serta pendampingan terhadap isu Kebijakan isu Biaya Pendidikan isu Kesejahteraan Mahasiswa https://t.co/nrXEQEB1rv","1548608742031503363","https://pbs.twimg.com/media/FX3Db2kakAAtVaO.jpg","","in","Universitas Jenderal Soedirman","0","1","0","https://twitter.com/Batir_Unsoed/status/1548608742031503363","1373591189459365896","Batir_Unsoed"
"1548539613957857280","Sun Jul 17 05:26:29 +0000 2022","0","Problem (seolah2 ada) kuota karena masih sulitnya kampus non Trisula pendidikan ngejar Trisula ini.sementara pemerintah NKRI mau gimanapun berkelit punya kebijakan khusus tuk Trisula ini. Akuin aja https://t.co/a4tc6ZP8bh","1548539613957857280","","","in","الولايات المتحدة","0","0","0","https://twitter.com/mynameprada/status/1548539613957857280","1152110797293670401","mynameprada"
"1548474680549330945","Sun Jul 17 01:08:27 +0000 2022","1","Menkominfo @PlateJohnny mengatakan arti penting dari stakeholder dalam merespon dinamika kebutuhan talenta digital global kontemporer kebijakan dlm pengelolaan pendidikan di bidang digital dan peran perempuan di bidang transformasi digital. @jokowi @kemkominfo https://t.co/A0JGMAB8gk","1548474680549330945","https://pbs.twimg.com/media/FX1JgZRUIAA-BV-.jpg","","in","DKI Jakarta Indonesia","0","0","0","https://twitter.com/Jifi/status/1548474680549330945","14934218","Jifi"
"1548304898399563776","Sat Jul 16 13:53:48 +0000 2022","0","Dukung Melalui Kebijakan Anggaran Ketua DPRD Dorong Komite Pendidikan Kota Bekasi Optimalisasi Peran #pondokgede #jatimakmur #jatiwaringin #jatibening #jatibeningbaru #jaticempaka @pks_pondokgede https://t.co/FAO5xy5jHo","1548304898399563776","","","in","","0","0","0","https://twitter.com/PKS_PondokGede/status/1548304898399563776","1488435746495107076","PKS_PondokGede"
"1548137656709967872","Sat Jul 16 02:49:15 +0000 2022","0","Yang dapat anggaran kan anggota dewan anggota dewan yang perlu aktif merubah penggunanaan anggarannya dari sekedar bagi2 menjadi pendidikan politik. Kalau anggota dewan yang sudah dibayar dan memang kerjaannya merumuskan kebijakan kesusahan ya apalagi masyarakat.","1548137656709967872","","","in","Jakarta","0","0","0","https://twitter.com/farhan_fevrier/status/1548137656709967872","127091984","farhan_fevrier"
"1548119568446394368","Sat Jul 16 01:37:22 +0000 2022","14","Kemendikbud kembali ingatkan pelaksanaan PTM harus terapkan prokes secara ketat prinsip kebijakan pendidikan di masa pandemi Covid-19 ini yaitu kesehatan dan keselamatan dan tumbuh kembang peserta didik serta kondisi psikososial. #WaspadaLonjakanPakaiMasker #PastiIndonesiaMaju https://t.co/a1QhUdnmIP","1548119568446394368","https://pbs.twimg.com/ext_tw_video_thumb/1548119433604141056/pu/img/SDV-gy-Q0XqBlNjH.jpg","","in","","2","7","14","https://twitter.com/riegosee/status/1548119568446394368","988378254","riegosee"
"1548112691902169089","Sat Jul 16 01:10:02 +0000 2022","1","ptn! 1. teknologi pendidikan UNY 2. kebijakan pendidikan UNY bener ga ya urutannya? thanks","1548112691902169089","","","in","RULES 👉","0","1","1","https://twitter.com/sbmptnfess/status/1548112691902169089","1205629250423779328","sbmptnfess"
"1548092560891346946","Fri Jul 15 23:50:03 +0000 2022","1","PTN! Rata rata buat masuk ke UNY teknik pendidikan sama kebijakan pendidikan itu berapaa yaa? Samaa kira kira peluang masuknya lebih gede yang manaa yaa? TIA Pliss bnget bntu sender ","1548092560891346946","","","in","RULES 👉","0","1","0","https://twitter.com/sbmptnfess/status/1548092560891346946","1205629250423779328","sbmptnfess"
"1548006246066065408","Fri Jul 15 18:07:04 +0000 2022","1","Kementerian Pendidikan Kebudayaan Riset dan Teknologi (Kemendikbudristek) meluncurkan program Wirausaha Merdeka yang merupakan bagian dari implementasi kebijakan Merdeka Belajar Kampus Merdeka (MBKM). https://t.co/q1BvLbGIZQ","1548006246066065408","","","in","DKI Jakarta, Indonesia","0","0","0","https://twitter.com/voidotid/status/1548006246066065408","1186946650595418116","voidotid"
"1547926658753052674","Fri Jul 15 12:50:49 +0000 2022","1","Kak! Rata rata buat masuk ke UNY teknik pendidikan sama kebijakan pendidikan itu berapaa yaa? Samaa kira kira peluang masuknya lebih gede yang manaa yaa? TIA Pliss bnget bntu sender ","1547926658753052674","","","in","𝗥𝗨𝗟𝗘𝗦 ⮕","0","1","0","https://twitter.com/fauzanfess/status/1547926658753052674","1529430952463986688","fauzanfess"
"1547918905565671426","Fri Jul 15 12:20:00 +0000 2022","3","PTN! 1. teknologi pendidikan UNY 2. kebijakan pendidikan UNY bener ga ya urutan pilihannya? makasii","1547918905565671426","","","in","","0","0","0","https://twitter.com/utbkfess/status/1547918905565671426","1241016981865693186","utbkfess"
"1547697445689491456","Thu Jul 14 21:40:00 +0000 2022","2","amankahh buat mandiri uny jalur nilai utbk kebijakan pendidikan atau teknologi pendidikan? ptn! https://t.co/r5mLEmoxoR","1547697445689491456","https://pbs.twimg.com/media/FXoflDYacAEPeTV.jpg","","in","RULES 👉","0","2","0","https://twitter.com/sbmptnfess/status/1547697445689491456","1205629250423779328","sbmptnfess"
"1547527104979292160","Thu Jul 14 10:23:08 +0000 2022","24","Menteri BUMN Erick Thohir menyatakan komitmennya untuk mendukung program kebijakan baru Merdeka Belajar Kampus Merdeka (MKBM) yang telah diluncurkan oleh Kementerian Pendidikan Kebudayaan Riset dan Teknologi (Kemendikbudristek). #BangkitBersamaET https://t.co/HQJF5zFUD0","1547527104979292160","https://pbs.twimg.com/media/FXnrsfLVUAAAs25.jpg","","in","NKRI","0","3","21","https://twitter.com/terbucinz/status/1547527104979292160","742024154644381696","terbucinz"
"1547509275450392577","Thu Jul 14 09:12:17 +0000 2022","0","RT muhammadiyah Dalam kebutuhan menumbuhkan wawasan dan kesadaran ramah lingkungan SMP Muhammadiyah Loa Kulu membuat terobosan berkemajuan dengan kebijakan baru yaitu menerapkan pembayaran Sumbangan Pembinaan Pendidikan (SPP) dengan sampah plastik. https://t.co/Ak7284q0DC # ","1547509275450392577","","","in","","0","0","0","https://twitter.com/netizenmu/status/1547509275450392577","846924902019977216","netizenmu"
"1547506195451314176","Thu Jul 14 09:00:02 +0000 2022","23","Dalam kebutuhan menumbuhkan wawasan dan kesadaran ramah lingkungan SMP Muhammadiyah Loa Kulu membuat terobosan berkemajuan dengan kebijakan baru yaitu menerapkan pembayaran Sumbangan Pembinaan Pendidikan (SPP) dengan sampah plastik. https://t.co/xiYqNgNaZ1 #Muhammadiyah","1547506195451314176","","","in","Indonesia","0","0","2","https://twitter.com/muhammadiyah/status/1547506195451314176","73309923","muhammadiyah"
"1547462155578261504","Thu Jul 14 06:05:03 +0000 2022","2","Ptn! Saran nilai segini aman ngga buat daftar psikologi UNY rata-rata 589 atau prefer ke BK/kebijakan pendidikan ya? Makasiih https://t.co/WWohNM3W58","1547462155578261504","https://pbs.twimg.com/media/FXmtHcKUUAEjKrP.jpg","","in","RULES 👉","0","1","0","https://twitter.com/sbmptnfess/status/1547462155578261504","1205629250423779328","sbmptnfess"
"1547421366802345990","Thu Jul 14 03:22:58 +0000 2022","11","Terkait dengan program kebijakan baru Merdeka Belajar Kampus Merdeka (MKBM) yang telah diluncurkan oleh Kemendikbudristek. Menteri BUMN Erick Thohir berharap program ini bisa menjadi link and match antara dunia pendidikan dan lapangan pekerjaan #BangkitBersamaET https://t.co/hURPFjYUwV","1547421366802345990","https://pbs.twimg.com/media/FXmLhVJaQAIfdP3.jpg","","in","twitter.com","0","2","9","https://twitter.com/mulanbilqis/status/1547421366802345990","1138727688","mulanbilqis"
"1547405781175193600","Thu Jul 14 02:21:02 +0000 2022","5","Menteri BUMN Erick Thohir menyampaikan komitmen untuk mendukung program kebijakan baru Merdeka Belajar Kampus Merdeka (MKBM) yang telah diluncurkan oleh Kementerian Pendidikan Kebudayaan Riset dan Teknologi (Kemendikbudristek). #BangkitBersamaET https://t.co/cyzZeZ2OPp","1547405781175193600","https://pbs.twimg.com/media/FXl9W21VsAAOhYX.jpg","","in","Semarang, Jawa Tengah","1","0","4","https://twitter.com/jo_anezt/status/1547405781175193600","1421527261409275906","jo_anezt"
"1547241124343037952","Wed Jul 13 15:26:45 +0000 2022","0","Pendidikan Yang Mahal - JUMAL AHMAD - Pendidikan mahal dan makin mahalnya biaya sekolah ini tidak lepas dari kebijakan pemerintah yang menerapkan MBS(manajemen berbasis sekolah). https://t.co/29QdoF8CjA","1547241124343037952","","","in","Jakarta Selatan, DKI Jakarta","0","0","0","https://twitter.com/character_icd/status/1547241124343037952","3114290293","character_icd"
"1547227833616855042","Wed Jul 13 14:33:56 +0000 2022","16","Menteri BUMN @erickthohir menyatakan komitmennya untuk mendukung program kebijakan baru Merdeka Belajar Kampus Merdeka (MKBM) yang telah diluncurkan oleh Kementerian Pendidikan Kebudayaan Riset dan Teknologi (Kemendikbudristek). #BangkitBersamaET https://t.co/v0oSQfPnGf","1547227833616855042","https://pbs.twimg.com/media/FXjbg5LagAEbVM9.jpg","","in","","0","1","11","https://twitter.com/CassandraRKA/status/1547227833616855042","1243076846515662848","CassandraRKA"
"1547101612841517056","Wed Jul 13 06:12:22 +0000 2022","4","(3) Pelatihan dan ujian sertifikasi kompetensi ini merupakan kerjasama antara Pusat Pendidikan Pertanian BPPSDMP PPMKP &amp; Lembaga Kebijakan Pengadaan Barang/Jasa Pemerintah (LKPP) yang bertujuan untuk meningkatkan kompetensi SDM dalam hal pengelolaan pengadaan barjas pemerintah","1547101612841517056","","","in","Bogor, Jawa Barat","0","1","0","https://twitter.com/ppmkpciawi/status/1547101612841517056","826240112266612736","ppmkpciawi"
"1547088647962632192","Wed Jul 13 05:20:51 +0000 2022","1","ada yang lolos uny kebijakan pendidikan gak?? skor utbk nya berapaa yaa","1547088647962632192","","","in","do not follow","0","0","0","https://twitter.com/heereath/status/1547088647962632192","1484450840425291777","heereath"
"1547033567569772544","Wed Jul 13 01:41:59 +0000 2022","0","Pas sekolah emang paling males sama temen yg sok kritis sama kebijakan pendidikan/sekolah. Macem jam masuk unas ujian dll padahal aslinya males aja gitu. Tapi krn ya emang bakatnya ada di mulut ada jg yg ngangguk sepakat. Lagian mau masuk jam brp sih? 11 siang?","1547033567569772544","","","in","Zanzibar North, Tanzania","0","0","0","https://twitter.com/sheserendipity_/status/1547033567569772544","272353927","sheserendipity_"
"1547029570985283584","Wed Jul 13 01:26:06 +0000 2022","0","Problem di pendidikan kita itu ibarat penyakit kronik dan sistemik. Pemangku kebijakan pendidikan pun selama menjabat lebih pengen 'bikin nama' daripada 'bikin sistem' membuat problemnya ini jadi gak selesai.","1547029570985283584","","","in","","0","0","0","https://twitter.com/doelkamdi_46/status/1547029570985283584","1270000243354906624","doelkamdi_46"
"1546974762823348224","Tue Jul 12 21:48:19 +0000 2022","0","Kenapa g ada kebijakan jangka panjang dgn memprioritaskan anggaran ke sektor pendidikan dan kesehatan daripada infrastruktur.","1546974762823348224","","","in","Bikini Bottom","0","0","0","https://twitter.com/frdhani/status/1546974762823348224","1182925204772667392","frdhani"
"1546900899381276672","Tue Jul 12 16:54:49 +0000 2022","8","Mohon maaf atas sinyal saya yang lemot seperti kebijakan pendidikan Maafin hamba Kak @Jchengky1 dan Kak @RyaWiedy https://t.co/VWQYik8PCm","1546900899381276672","","","in","","2","3","0","https://twitter.com/Rafilsafat/status/1546900899381276672","1394861409356316674","Rafilsafat"
"1546830517638922240","Tue Jul 12 12:15:08 +0000 2022","3","[askrl] Pengen dapat suami yang sejalan sama visi ku dia bekerja di bidang pembuatan kebijakan terus aku di bidang pendidikan lalu kita pindah dan kerja di ibu kota baru sekaligus ngembangin properti sana bangun kos-kos an dan usaha di dekat kampus baru terus ortu ku (cont)","1546830517638922240","","","in","Jakarta, Indonesia","0","2","0","https://twitter.com/Askrlfess/status/1546830517638922240","1197225394866282496","Askrlfess"
"1546789962007207939","Tue Jul 12 09:33:59 +0000 2022","0","Setelah terjun ke dunia pendidikan dan jadi panitia penerimaan siswa baru gue baru sadar sistem zonasi itu perlu banget dievaluasi secara serius oleh pembuat kebijakan...","1546789962007207939","","","in","Jakarta Capital Region, Indone","0","2","0","https://twitter.com/txtndorokanjeng/status/1546789962007207939","265968124","txtndorokanjeng"
"1546692088011427841","Tue Jul 12 03:05:04 +0000 2022","2","Rapat Koordinasi tingkat Provinsi terkait Kebijakan Pendidikan Kemdikbud Ristek bersama Pemerintah Daerah Selengkapnya: https://t.co/L63sflfWuI","1546692088011427841","","","in","Padang Utara, Indonesia","0","0","0","https://twitter.com/lpmp_sumbar/status/1546692088011427841","1085712552095494146","lpmp_sumbar"
"1546444966641438721","Mon Jul 11 10:43:06 +0000 2022","2","Asdep Pengelolaan Bahan Kebijakan pada 5 Juli berkunjung ke Politeknik Negeri Batam untuk melaksanakan FGD dengan tema Talent Competitiveness dan Peran Pendidikan Vokasi utamanya dalam usaha Indonesia untuk dapat memanfaatkan potensi industri digital yang belum maksimal. https://t.co/cZtUtGqJK9","1546444966641438721","https://pbs.twimg.com/media/FXYTeqeakAEltrs.jpg","","in","Jakarta","0","1","0","https://twitter.com/dephublemmas/status/1546444966641438721","1527167333407395841","dephublemmas"
"1546363525077123074","Mon Jul 11 05:19:29 +0000 2022","0","Memahami Kebijakan DAK Fisik Bidang Pendidikan Tahun 2022 https://t.co/6Hrmg2WR8T","1546363525077123074","","","in","Takalar, Sulawesi Selatan","0","0","0","https://twitter.com/lambusimedia/status/1546363525077123074","1297716656668438528","lambusimedia"
"1546355613533290496","Mon Jul 11 04:48:02 +0000 2022","70","Giliran kebijakan konyol kayak gini cepet banget ngidenya. Yang orang-orang butuh: 1. Kerangka hukum yang jelas menyeluruh berpihak. 2. Proses penyelidikan &amp; penyidikan yg tepat waktu manusiawi menghargai hak korban. 3. Institusi pendidikan &amp; kerja yg melindungi hak korban.","1546355613533290496","","","in","Away","0","2","25","https://twitter.com/jauntyallegory/status/1546355613533290496","47903535","jauntyallegory"
"1546213854623191040","Sun Jul 10 19:24:44 +0000 2022","0","Perbedaan kondisi finansial yang menjadi latar belakang kemudian akan memberikan opsi terus atau putus? Unpad sebagai perguruan tinggi negeri harus memiliki kebijakan UKT yang berkeadilan dan lebih mengutamakan pendidikan dan edukasi.","1546213854623191040","","","in","Waropen","0","0","0","https://twitter.com/NisaFit05651805/status/1546213854623191040","1319198147785097218","NisaFit05651805"
"1546119177970536449","Sun Jul 10 13:08:32 +0000 2022","9","Fi awakmu kritisi kebijakan sekolah yang sudah jadi hierarki aturan dari sebuah pemerintahan pusat pendidikan. Apakah kamu berani mengkritisi kewajiban vaksinasi hingga berepisode? ","1546119177970536449","","","in","Surabaya, Indonesia ","0","1","1","https://twitter.com/alvinrio_1501/status/1546119177970536449","3249664333","alvinrio_1501"
"1546100868235378690","Sun Jul 10 11:55:46 +0000 2022","4","Film dokumenter ini sy pikir WAJIB ditonton o/ para pemegang kebijakan dlm bidang pendidikan &amp; agama terutama orang tua. Kisah nyata yang mengerikan bahwa monster itu tidak dilahirkan tapi 'diciptakan'. Keluarga &amp; lembaga agama berperan besar (1) https://t.co/5zz5doxox3","1546100868235378690","","","in","","0","1","0","https://twitter.com/rahmani_ima/status/1546100868235378690","1270061207404363776","rahmani_ima"
"1545975731108614144","Sun Jul 10 03:38:31 +0000 2022","1","Selamat pagi sobat BNN Bnnk Bangka melaksanakan kegiatan konsolidasi kebijakan kota tanggap ancaman narkoba pada lingkungan pendidikan (07 Juli 2022) #warondrugs#indonesiabersinar https://t.co/aFn3uizzPh","1545975731108614144","https://pbs.twimg.com/ext_tw_video_thumb/1545975596488224774/pu/img/Yew9T-3r2Odgrv6S.jpg","","in","Bangka, Bangka Belitung","0","0","0","https://twitter.com/infobnnk_bangka/status/1545975731108614144","1407329928060837891","infobnnk_bangka"
"1545942395036246016","Sun Jul 10 01:26:03 +0000 2022","0","Saya paham kebijakan zonasi untuk pemerataan pendidikan. Namun sayangnya implementasi kebijakan ini masih kedapatan hambatan bahkan melahirkan masalah baru. Seharusnya perspektif wilayah jangan hanya dilihat dari kacamata pulau jawa saja.","1545942395036246016","","","in","Lembang","0","1","0","https://twitter.com/gamalingg/status/1545942395036246016","1239884057229443072","gamalingg"
"1545942363918307334","Sun Jul 10 01:25:56 +0000 2022","0","Implementasi Kebijakan Merdeka Belajar Jenjang Pendidikan SMA https://t.co/7hXFvsPaE1 lewat @bu GURUKU","1545942363918307334","","","in","","0","0","0","https://twitter.com/BGuruku/status/1545942363918307334","2350841605","BGuruku"
"1545761414605746180","Sat Jul 09 13:26:54 +0000 2022","1","Betul pendidikan yang esensial harus dikedepankan. Selain menumbuhkan bibit berpikir kritis ia juga dapat memantik pembuat kebijakan ke arah perubahan yang lebih baik. Banyak yang harus dikritisi juga misal: supply jurusan dari SMK yang ga match sama dunia kerja yg asli.","1545761414605746180","","","in","","0","0","0","https://twitter.com/damsqy/status/1545761414605746180","110031908","damsqy"
"1545755670213165056","Sat Jul 09 13:04:05 +0000 2022","0","Murid bukan objek pasif mereka adalah subjek aktif dalam kegiatan pendidikan bagi mereka. Seharusnya mereka dilibatkan dalam menentukan aturan dan kebijakan atas mereka.","1545755670213165056","","","in","yogyakarta","0","1","0","https://twitter.com/May1stVenusia/status/1545755670213165056","372174813","May1stVenusia"
"1545401739788300288","Fri Jul 08 13:37:41 +0000 2022","3","Direktur Pendidikan Diniyah dan Pondok Pesantren Kemenag Waryono mengatakan pencabutan izin pesantren merupakan kebijakan negara. Tetapi peran pendidikan dan dakwahnya tidak bisa dibubarkan. https://t.co/qk9x7D5aP9","1545401739788300288","","","in","Indonesia","1","1","3","https://twitter.com/NephilaXmus/status/1545401739788300288","62764588","NephilaXmus"
"1545274311728308224","Fri Jul 08 05:11:20 +0000 2022","9","Berbicara pada pertemuan puncak kebijakan pendidikan pada hari Kamis Perdana Menteri India Narendra Modi mengecam sistem pendidikan yg diwarisi dari masa kolonial Inggris dan mendesak reformasi yg dapat membantu negara itu bergerak maju. https://t.co/idxC1E3LTy","1545274311728308224","https://pbs.twimg.com/media/FXHqy8aakAA1ogF.jpg","","in","Indonesia","0","0","0","https://twitter.com/Vendra_Deje/status/1545274311728308224","384176072","Vendra_Deje"
"1545261144285364224","Fri Jul 08 04:19:01 +0000 2022","0","Lowongan Kerja Non PNS Direktorat Pengembangan UMKM dan Koperasi Kementerian PPN Bappenas Bulan Juli 2022 Staf Pendukung Analis Kebijakan/Perencanaan Kualifikasi : Bukan PNS/Anggota TNI/Polri Pendidikan S1 IPK minimal 3.00 dari sk https://t.co/6cibZP3EdA https://t.co/yWEZh6RXr1","1545261144285364224","","","in","Jakarta","0","0","0","https://twitter.com/lowongankerjalu/status/1545261144285364224","709010634","lowongankerjalu"
"1545250921600675840","Fri Jul 08 03:38:23 +0000 2022","0","Segera Terbit (2022) Seri Kajian: Analisis Kebijakan dan Kapita Selekta Pendidikan Islam di Indonesia MEMBANGUN PENDIDIKAN ISLAM YANG UNGGUL DAN BERDAYA SAING TINGGI (Prof. Dr. H. Abuddin Nata M.A) https://t.co/KtT9Qn8CWQ","1545250921600675840","https://pbs.twimg.com/media/FXHVggwaUAE5RA0.jpg","","in","Jl. Tambra Raya No. 23 Jaktim","0","0","0","https://twitter.com/Prenadamedia2/status/1545250921600675840","821897566442786818","Prenadamedia2"
"1545221022873690112","Fri Jul 08 01:39:35 +0000 2022","0","Merdeka Belajar BBPMP Sumbar Bersama Pemda Gelar Rakor Kebijakan Pendidikan https://t.co/CERNOC7XMR lewat @spiritsumbar","1545221022873690112","","","in","Kota Padang, Sumatera Barat","0","0","0","https://twitter.com/SpiritSumbar/status/1545221022873690112","517679398","SpiritSumbar"
"1544981103374729219","Thu Jul 07 09:46:14 +0000 2022","1","*Padang Panjang Himas_Kakankemenag Kota Padang Panjang bersama Kasi Penmad hadiri Rakor dengan Pemerintah Daerah Terkait Kebijakan Pendidikan di Hotel Truntum Padang. Kamis dan Jum'at 7 s.d 8 Juli 2022.* ... https://t.co/L6gd788QL0","1544981103374729219","","","in","https://goo.gl/maps/m3QWb6WYcj","0","0","0","https://twitter.com/KemenagPadang/status/1544981103374729219","1394867172980117504","KemenagPadang"
"1544534763163099137","Wed Jul 06 04:12:38 +0000 2022","0","Zonasi Pendidikan Kebijakan Baik Tapi... https://t.co/d3MZSiymwE","1544534763163099137","","","in","Indonesia","0","0","0","https://twitter.com/kompasiana/status/1544534763163099137","23786106","kompasiana"
"1544295601948753921","Tue Jul 05 12:22:17 +0000 2022","11","Rabu 6 Juli 2022 ada Kepala Dinas Perpustakaan dan Arsip serta Kepala Dinas Pendidikan Lebak di acara TPK pertemuan ke-2. TPK mempertemukan pengambil kebijakan dan pihak-pihak yang berkepentingan. Besok kami mengundang MGMP Wilbi Forum Taman Baca dan guru-guru. Jumpa besok. https://t.co/SlPaF4KDTG","1544295601948753921","https://pbs.twimg.com/media/FW5wqVGakAAL_uN.jpg","","in","Rangkasbitung, Indonesia","0","1","2","https://twitter.com/MultatuliMuseum/status/1544295601948753921","1511219957035462662","MultatuliMuseum"
