"conversation_id_str","created_at","favorite_count","full_text","id_str","image_url","in_reply_to_screen_name","lang","location","quote_count","reply_count","retweet_count","tweet_url","user_id_str","username"
"1685795837010653184","Sun Jul 30 23:33:42 +0000 2023","0","Kebijakan di Bidang Pendidikan yang Dikritisi Anies dan Prabowo Ganjar Singgung Metode Belajar #Pilpres2024 #capres #Anies #Prabowo #Ganjar #Pendidikan https://t.co/CRuw09oOC1 lewat @tribunkaltim","1685795837010653184","","","in","Balikpapan, Indonesia","0","0","0","https://twitter.com/tribunkaltim/status/1685795837010653184","103551225","tribunkaltim"
"1685666278676312064","Sun Jul 30 14:58:53 +0000 2023","28","Soal PPDB zonasi banyak media yang kesannya ngelimpahin salahnya ke pak muhadjir padahal di video ini jelas2 mas Nadiem Makarim mendukung warisan kebijakan itu soalnya emang bagus buat pemerataan pendidikan yang lebih adil. https://t.co/HZcPYOVkdU","1685666278676312064","https://pbs.twimg.com/ext_tw_video_thumb/1685665850597269505/pu/img/QShTsnG0pZHRt5Mc.jpg","","in","@TheKampreters @PEKOK","1","1","7","https://twitter.com/EllaZefa/status/1685666278676312064","77341903","EllaZefa"
"1685657116114309120","Sun Jul 30 14:22:29 +0000 2023","144","PPDB Zonasi Banyak Masalah Nadiem: Itu Bukan Kebijakan Saya tapi Pak Muhadjir. Dulu Nadim ini digadang2 akan majukan dunia pendidikan krn dia dianggap cerdas krn baru mendirikan Gojek saat itu. Faktanya awak ga tau apa prestasinya yg awak ingat cuma urusi soal hijab!","1685657116114309120","","","in","Bekasi - Indonesia","3","12","25","https://twitter.com/bachrum_achmadi/status/1685657116114309120","105085302","bachrum_achmadi"
"1685646914765848576","Sun Jul 30 13:41:56 +0000 2023","9"," Namun Nadiem menuturkan kebijakan tersebut tetap penting untuk dilaksanakan. Kebijakan tersebut untuk mengurangi kesenjangan pendidikan yang tidak merata di Indonesia ","1685646914765848576","","","in","Indonesia","0","0","3","https://twitter.com/LaodeMSyarif/status/1685646914765848576","869378846","LaodeMSyarif"
"1685625463023017984","Sun Jul 30 12:16:42 +0000 2023","1","Pendidikan Indonesia dinilai jalan di tempat alias stagnan. Banyak program dan kebijakan diluncurkan untuk kemajuan pendidikan tetapi sering kali tidak berkelanjutan. #Dikbud #AdadiKompas https://t.co/9kfXNG2ucX","1685625463023017984","","","in","ÜT: 62.478419,21.330711","0","0","1","https://twitter.com/kompasmuda/status/1685625463023017984","79237556","kompasmuda"
"1685621165652414464","Sun Jul 30 11:59:37 +0000 2023","2","Pendidikan Indonesia dinilai jalan di tempat alias stagnan. Banyak program dan kebijakan diluncurkan untuk kemajuan pendidikan tetapi sering kali tidak berkelanjutan. #Dikbud #AdadiKompas https://t.co/EfARfyOWM9","1685621165652414464","","","in","Palmerah, Jakarta","0","0","1","https://twitter.com/hariankompas/status/1685621165652414464","255866913","hariankompas"
"1685611649544425472","Sun Jul 30 11:21:49 +0000 2023","0","Menteri Pendidikan Kebudayaan Riset dan Teknologi Republik Indonesia atau Mendikbud Ristek Nadiem Makarim menyebut sistem zonasi di Penerimaan Peserta Didik Baru (PPDB) bukan kebijakan yang ia buat. https://t.co/PtA3ZpIbkV","1685611649544425472","","","in","Jakarta Capital Region","1","0","0","https://twitter.com/suaradotcom/status/1685611649544425472","2340155395","suaradotcom"
"1685602531924496385","Sun Jul 30 10:45:35 +0000 2023","49","Pendidikan @aniesbaswedan ini S-1 Ekonomi UGM S-2 Public Management Amerika S-3 Ilmu Politik Amerika dengan beasis Fulbright. Tapi soal kebijakan publik dan ekonomi dia tampak lebih condong ke model Welfare State Eropa Barat. Wa bil khusus Jerman ","1685602531924496385","","","in","Indonesia","0","3","11","https://twitter.com/NephilaXmus/status/1685602531924496385","62764588","NephilaXmus"
"1685597851328626689","Sun Jul 30 10:26:59 +0000 2023","0","Ooh zonasi di pendidikan kata nadiem itu peninggalan pa muhajir dan itu jd beban sejak nadiem jd menteri...jd kemana aja tuh menteri... Padahal di masyarakat kuat narasi itu akibat kebijakan pa @aniesbaswedan ...kedabrus! @satriohendri @musniumar @RelawanAniess","1685597851328626689","","","in","","0","0","0","https://twitter.com/wiryodisoerdjo/status/1685597851328626689","1604306429216624640","wiryodisoerdjo"
"1685585796655648768","Sun Jul 30 09:39:05 +0000 2023","0","Menteri Pendidikan Kebudayaan Riset dan Teknologi (Mendikbud Ristek) Nadiem Makarim menyatakan bahwa kebijakan PPDB berdasarkan zonasi bukanlah keputusan dari dirinya melainkan merupakan program sebelumnya yang dibuat oleh Menteri Muhadjir Effendy. https://t.co/wEBu6qRQ52","1685585796655648768","https://pbs.twimg.com/ext_tw_video_thumb/1685585473543266304/pu/img/TnXJzitwHcc_2p-0.jpg","","in","Kalimantan Barat","0","1","0","https://twitter.com/NewsDinda/status/1685585796655648768","1630082867182321664","NewsDinda"
"1685550036250484736","Sun Jul 30 07:16:59 +0000 2023","0","yg kelewat tua mestinya masuk sekolah khusus.. kejar paket. jangan masuk sekolah umum dan ambil jatah anak yg memang lebih layak. hapus tuh kebijakan ngacok. rusak bener pendidikan gegara kebijakan dungu","1685550036250484736","","","in","unknown","0","0","0","https://twitter.com/IyoeNew/status/1685550036250484736","1006171363202105344","IyoeNew"
"1685540998460719105","Sun Jul 30 06:41:04 +0000 2023","0","Menteri Pendidikan Kebudayaan Riset dan Teknologi (Mendikbudristek) Nadiem Anwar Makarim berkewajiban mengamankan kebijakan PPDB sistem zonasi https://t.co/FlPkz5iG51","1685540998460719105","","","in","Surabaya","0","0","0","https://twitter.com/ngopibareng_id/status/1685540998460719105","1291246080269545472","ngopibareng_id"
"1685532648985542656","Sun Jul 30 06:07:53 +0000 2023","20","Pak @ganjarpranowo mengambil langkah agar masyarakat yang tidak mampu bisa bersekolah. Kebijakan di Jawa Tengah memberikan biaya pendidikan dengan APBD. Harusnya diduplikasi kader @PDI_Perjuangan di daerah buat visi misi CALEG/CAKADA Insya Allah Hattrick 2024. @puanmaharani_ri https://t.co/rVc9Bp4Kex","1685532648985542656","https://pbs.twimg.com/media/F2Q3AkybgAA3_Zm.jpg","","in","","1","2","14","https://twitter.com/Penyair_Berdiri/status/1685532648985542656","1240137086331748352","Penyair_Berdiri"
"1685529048028725248","Sun Jul 30 05:53:35 +0000 2023","274","Menteri Pendidikan Kebudayaan Riset dan Teknologi (Mendikbudristek) RI Nadiem Makarim angkat bicara terkait ramainya pro kontra sistem zonasi proses Penerimaan Peserta Didik Baru (PPDB). Menurut Mendikbud Nadiem meski banyak pro kontra kebijakan sistem zonasi itu harus tetap https://t.co/KnUopdQrI3","1685529048028725248","https://pbs.twimg.com/media/F2QzoRWacAA-pNp.jpg","","in","Pulo Gadung, Indonesia","49","363","59","https://twitter.com/tvOneNews/status/1685529048028725248","55507370","tvOneNews"
"1685516615918776320","Sun Jul 30 05:04:11 +0000 2023","0","Terjebak antara pengen kesetaraan versus kompetisi? Menjadi tidak efektif jika kesetaraan menghilangkan kompetisi apakah ada ukuran dengan kebijakan ini mampu menaikkan kualitas pendidikan baik dari kualitas siswa itu sendiri? @nadiemmakarim #kemendikbud","1685516615918776320","","","in","Jakarta Pusat, DKI Jakarta","0","0","0","https://twitter.com/asmiatimalik/status/1685516615918776320","1687497925","asmiatimalik"
"1685508685085487104","Sun Jul 30 04:32:40 +0000 2023","0","Menurut gw yahh harus ada sistem dan kurikulum khusus buat masalah pendidikan di Indonesia jadi gak ganti ganti kebijakan dan kurikulum. Yang pakem gitu loh kayak negara negara lain. Kesannya jadi percobaan terus sistem pendidikan di Indonesia.","1685508685085487104","","","in","Kota Yogyakarta, Yogyakarta","0","0","0","https://twitter.com/cornetocokelatt/status/1685508685085487104","1086595471387156485","cornetocokelatt"
"1685470270440849408","Sun Jul 30 02:00:01 +0000 2023","0","Nadiem Makarim menyebut sistem zonasi pendidikan merupakan kebijakan menteri sebelumnya Muhadjir Effendy https://t.co/X3JSNeppjS","1685470270440849408","","","in","Jakarta, Indonesia","1","0","0","https://twitter.com/inewsdotid/status/1685470270440849408","944180887171743745","inewsdotid"
"1685470264191295488","Sun Jul 30 02:00:00 +0000 2023","0","Nadiem Makarim menyebut sistem zonasi pendidikan merupakan kebijakan menteri sebelumnya Muhadjir Effendy https://t.co/MJt5qGAJQL","1685470264191295488","","","in","iNews Tower","0","0","0","https://twitter.com/officialinews_/status/1685470264191295488","132078023","officialinews_"
"1685461257498099713","Sun Jul 30 01:24:12 +0000 2023","1","Pemerataan pendidikan IMHO tdk terlepas dari pemerataan kualitas pendidik &amp; jumah skola yg cukup. Yang jadi problem kan maksa kebijakan zonasi tapi kualitas pendidik / skolanya tdk ditingkatkan jg. Klo ada murid berpotensi masuk ke lingk skola yg gak bagus ya hilang potensinya.","1685461257498099713","","","in","ÜT: -6.224839,106.8046413","0","0","0","https://twitter.com/heru198/status/1685461257498099713","51645917","heru198"
"1685274260787388416","Sat Jul 29 13:01:09 +0000 2023","140","Mendikbudristek Nadiem Makarim menjadi salah satu pembicara di Belajaraya 2023 pada Sabtu 29 Juli 2023. Dalam kesempatan itu Nadiem menceritakan tantangannya mengurus pendidikan di Indonesia termasuk soal kebijakan. #newsupdate #update #news #quote #kumparan https://t.co/D6j0lM1AOw","1685274260787388416","https://pbs.twimg.com/media/F2NL5L1XQAAQfI-.jpg","","in","","19","124","19","https://twitter.com/kumparan/status/1685274260787388416","759692754985242625","kumparan"
"1685225032866557952","Sat Jul 29 09:45:32 +0000 2023","3","Kebijakan Sekolah Gratis yang digagas Ganjar Pranowo Tingkatkan Angka Partisipasi Sekolah Anak SMA hingga 12%! Angka Partisipasi Sekolah (APS) merupakan indikator yang menggambarkan seberapa besar kesempatan individu memperoleh pendidikan. @ganjarpranowo https://t.co/MW7uHt4Bnk","1685225032866557952","https://pbs.twimg.com/media/F2MfPG-bIAEa723.jpg","","in","Indonesia","0","1","2","https://twitter.com/YudhaShanny2/status/1685225032866557952","1244292531090624512","YudhaShanny2"
"1685164384027627521","Sat Jul 29 05:44:32 +0000 2023","0","Anies: Banyak Aktivis Pendidikan Kenapa Pemerintah Tak Ajak Mereka Terlibat Bikin Kebijakan https://t.co/tJFiH0V5ML","1685164384027627521","","","in","Jakarta","1","0","0","https://twitter.com/liputan6dotcom/status/1685164384027627521","47596019","liputan6dotcom"
"1685109722087927808","Sat Jul 29 02:07:20 +0000 2023","6","Indonesia berhasil melaksanakan Dialog Kebijakan Pendidikan Anak Usia Dini (PAUD) di ASEAN atau Southeast Asia Policy Dialogue on Early Childhood Care and Education (SEA PD on ECCE) selama 2 hari dan melahirkan komitmen bersama menteri pendidikan dari 10 negara https://t.co/GLVujuGbZM","1685109722087927808","https://pbs.twimg.com/ext_tw_video_thumb/1685109432878018560/pu/img/vIiTPq1LUTYOMxx1.jpg","","in","","0","0","1","https://twitter.com/ditpsd_dikbud/status/1685109722087927808","1087249529303224320","ditpsd_dikbud"
"1685033570971312129","Fri Jul 28 21:04:44 +0000 2023","0","Subsidi dicabut diganti pendidikan dan kesehatan gratis itu baru kebijakan yg masuk akal ku. Toh juga subsidi2an bukannya tepat sasaran","1685033570971312129","","","in","","0","0","0","https://twitter.com/adityaposman/status/1685033570971312129","1523464464280219648","adityaposman"
"1684950502889410560","Fri Jul 28 15:34:39 +0000 2023","0","Repost @nadiemmakarim Dialog Kebijakan Asia Tenggara tentang Pengasuhan dan Pendidikan Anak Usia Dini https://t.co/vWRBcUrvBY","1684950502889410560","https://pbs.twimg.com/ext_tw_video_thumb/1684950420571987968/pu/img/pIpTFUjng6JD22Rq.jpg","","in","Diplomatiq Quarter, Riyadh","0","0","0","https://twitter.com/atdikbud_riyadh/status/1684950502889410560","4912375329","atdikbud_riyadh"
"1684928920830029825","Fri Jul 28 14:08:53 +0000 2023","1","Bima: Optimal peran pemerintah dengan keterbatasan yang ada agar ada persaingan dengan kebijakan pemerintah agar standar mutu sama baik di pusat dan daerah.Kesadaran Pemda penting untuk wajib secara adil memperbaiki kualitas pendidikan u menunjukkan kebijakan terbaik di daerahnya","1684928920830029825","","","in","Jakarta, Indonesia","0","1","1","https://twitter.com/bebasdotid/status/1684928920830029825","3013290668","bebasdotid"
"1684858735716687872","Fri Jul 28 09:30:00 +0000 2023","0","#EDUtechIndo Join Indonesia s K-12 educators on 3 Aug as they discuss the future of education. Bergabunglah dengan para pendidik dan pembuat kebijakan K-12 Indonesia pada tanggal 3 Agustus saat mereka membahas masa depan pendidikan: https://t.co/zVUFG9xNNj https://t.co/1qK8gBvU7t","1684858735716687872","https://pbs.twimg.com/media/F2HBrAKb0AAw5C5.jpg","","in","Singapore","0","0","0","https://twitter.com/edutech_asia/status/1684858735716687872","738224155422642176","edutech_asia"
"1684828346520408064","Fri Jul 28 07:29:15 +0000 2023","0","Pengadilan Negeri Singaraja mendapatkan kunjungan dari Badan Penelitian dan Pengembangan &amp; Pendidikan dan Pelatihan Hukum dan Peradilan (Litbang Kumdil) Mahkamah Agung Republik Indonesia pada 26 Juli 2023 dalam rangka wawancara untuk penyusunan naskah kebijakan. https://t.co/UMNJ0a5rbc","1684828346520408064","https://pbs.twimg.com/media/F2G2BUiaAAABiq7.jpg","","in","Buleleng, Indonesia","0","0","0","https://twitter.com/pnsingaraja/status/1684828346520408064","1280115523909332992","pnsingaraja"
"1684804666218213376","Fri Jul 28 05:55:09 +0000 2023","13","#SahabatDikbud Indonesia berhasil melaksanakan Dialog Kebijakan Pendidikan Anak Usia Dini (PAUD) di ASEAN atau forum Southeast Asia Policy Dialogue on Early Childhood Care and Education (SEA PD on ECCE) selama 2 hari dan melahirkan komitmen bersama menteri pendidikan dari 11 https://t.co/kOMThzRSoE","1684804666218213376","https://pbs.twimg.com/ext_tw_video_thumb/1684804580440416256/pu/img/071deYRIpVNC4ZFu.jpg","","in","Jakarta","0","2","4","https://twitter.com/Kemdikbud_RI/status/1684804666218213376","631701837","Kemdikbud_RI"
"1684789780415172608","Fri Jul 28 04:56:00 +0000 2023","1","Muhadjir Effendy dipercaya oleh Presiden Jokowi untuk menggantikan Anies Baswedan yang di- reshuffle sbg Mendikbud. Menjadi menteri selama tiga thn 2016-2019. Selama itu juga @muhadjir_ef membuat berbagai kebijakan dan terobosan utk memperbaiki sistem pendidikan di Indonesia.","1684789780415172608","","","in","Lowokwaru, Indonesia","0","0","1","https://twitter.com/dohdle/status/1684789780415172608","808710146369011712","dohdle"
"1684774204305248257","Fri Jul 28 03:54:06 +0000 2023","0","Reportase Diskusi Hybrid Situasi Industri Medical Wellness dan Kebijakan Pendidikan untuk Tenaga Medical Wellness 25 Juli 2023 https://t.co/BXIfn6otoL","1684774204305248257","","","in","Yogyakarta","0","0","0","https://twitter.com/pkmkugm_/status/1684774204305248257","1258241001853841408","pkmkugm_"
"1684730387820662784","Fri Jul 28 00:59:59 +0000 2023","0","Tahun ajaran baru 2023-2024 telah berjalan dua pekan beragam aktivitas kegiatan belajar pun telah kembali normal. Kota Tangerang secara konsisten mendukung penuh kebijakan nasional dalam penerapan Kurikulum Merdeka pada satuan pendidikan.","1684730387820662784","","","in","","0","1","0","https://twitter.com/Kota_Tangerang/status/1684730387820662784","484490033","Kota_Tangerang"
"1684722648767717376","Fri Jul 28 00:29:14 +0000 2023","1","Muhadjir Effendy dipercaya Presiden Jokowi menggantikan Anies Baswedan yg direshuffle sbg Mendikbud. Muhadjir pun jadi menteri slama tiga tahun yakni 2016-2019. Selama itu jga Muhadjir membuat berbagai kebijakan &amp; terobosan untuk memperbaiki sistem pendidikan di Indonesia.","1684722648767717376","","","in","","0","0","0","https://twitter.com/olavinaaa/status/1684722648767717376","2932154357","olavinaaa"
"1684708243438968832","Thu Jul 27 23:32:00 +0000 2023","0","Muhadjir Effendy dipercaya oleh Presiden Jokowi menggantikan Anies Baswedan yg direshuffle sbg Mendikbud. @muhadjir_ef menjadi menteri selama tiga tahun yakni dari 2016-2019. Selama itu juga Muhadjir membuat berbagai kebijakan dan terobosan untuk memperbaiki sistem pendidikan.","1684708243438968832","","","in","","0","0","0","https://twitter.com/amoraacinta/status/1684708243438968832","2986762657","amoraacinta"
"1684586715347046402","Thu Jul 27 15:29:05 +0000 2023","1","Menko Muhadjir menilai sistem zonasi PPDB bertujuan untuk mewujudkan pemerataan kualitas pendidikan di berbagai daerah. Dalam tinjauan tersebut Menko Muhadjir meminta kepada seluruh pihak terkait untuk bekerja sama perihal pemetaan pengawasan dalam menjalankan kebijakan tsb. https://t.co/1g1zpnLs3Z","1684586715347046402","https://pbs.twimg.com/media/F2DasCEb0AA0JaL.jpg","","in","Jakarta Capital Region","0","0","1","https://twitter.com/menko_muhadjir/status/1684586715347046402","1625701311487561728","menko_muhadjir"
"1684574673101787140","Thu Jul 27 14:41:14 +0000 2023","0","Indonesia Dinilai Sukses Gelar Dialog Kebijakan Pendidikan dan Layanan Anak Usia Dini Tingkat ASEAN @jurnalguruid https://t.co/FYqnLzLXic","1684574673101787140","","","in","","0","0","0","https://twitter.com/jurnalguruid/status/1684574673101787140","1588196535208005633","jurnalguruid"
"1684569087081603082","Thu Jul 27 14:19:02 +0000 2023","163","Dari institusi pendidikan sudah menawarkan solusi. Pertanyaannya apakah institusi pemerintahan sudah menerapkannya menjadi sebuah kebijakan dan program? ","1684569087081603082","","","in","Sleman, Indonesia","1","1","19","https://twitter.com/Txtdariiugm/status/1684569087081603082","1278305887942144000","Txtdariiugm"
"1684553750915190784","Thu Jul 27 13:18:06 +0000 2023","0","Indonesia Dinilai Sukses Gelar Dialog Kebijakan Pendidikan dan Layanan Anak Usia Dini Tingkat ASEAN @jurnalguruid https://t.co/wtGyNqcl7l #ASEAN @giazzOuell @masmerdi @mas_luc @OZANMEMBLE @SandraRatnasari @Vinzdevil @yustinaw @FeryantoHadi @ASEAN @MasMenteri @PAUDDikdasmen","1684553750915190784","","","in","Ladang Cabe","0","0","0","https://twitter.com/gratis_cabe/status/1684553750915190784","2365245594","gratis_cabe"
"1684552580364668930","Thu Jul 27 13:13:27 +0000 2023","0","Indonesia Dinilai Sukses Gelar Dialog Kebijakan Pendidikan dan Layanan Anak Usia Dini Tingkat ASEAN @jurnalguruid https://t.co/wtGyNqcl7l #ASEAN @dewiambaratna @budimalau @ahbuch @akgni @herrybarus @aquarini @nirwarkot @pradanikribow @syafrilelain1 @unescojakarta @INAASEANJkt https://t.co/a7KoX6Rawi","1684552580364668930","https://pbs.twimg.com/media/F2C7mnhacAAqCdQ.jpg","","in","Ladang Cabe","0","0","0","https://twitter.com/gratis_cabe/status/1684552580364668930","2365245594","gratis_cabe"
"1684546542240251905","Thu Jul 27 12:49:27 +0000 2023","0","Pendidikan memiliki urgensi tinggi guna kemajuan bangsa dan kesejahteraan masyarakat Indonesia. Adanya keadilan di lingkungan pendidikan juga merupakan hak yang seharusnya didapatkan oleh semua warga negara. Akan tetapi dalam pelaksanaannya ternyata masih ada beberapa kebijakan https://t.co/960db2eDzo","1684546542240251905","https://pbs.twimg.com/media/F2C2IJhaIAA32gD.jpg","","in","Malang, East Java","0","1","0","https://twitter.com/BEMFAPETUB/status/1684546542240251905","2191413192","BEMFAPETUB"
"1684483227564777472","Thu Jul 27 08:37:52 +0000 2023","0","Indonesia Sukses Gelar Dialog Kebijakan Pendidikan dan Layanan Anak Usia Dini Tingkat ASEAN https://t.co/EslE6yooT2","1684483227564777472","","","in","Jakarta","0","0","0","https://twitter.com/InfoPublikIP/status/1684483227564777472","275580050","InfoPublikIP"
"1684439933711446016","Thu Jul 27 05:45:50 +0000 2023","0","Bhabinkamtibmas Kel. Bontang Lestari Bripka Syamsiar Fadly A Md menghadiri Rapat tentang Kebijakan Implementasi Pendidikan Anak Usia Dini Holistik-Integratif (PAUD HI https://t.co/3OiTHmdTHW","1684439933711446016","https://pbs.twimg.com/media/F2BVL8jakAAeX_p.jpg","","in","","0","0","0","https://twitter.com/PolsekBonsel/status/1684439933711446016","1586968739622240256","PolsekBonsel"
"1684142132347686912","Wed Jul 26 10:02:28 +0000 2023","1","PENGAMAT kebijakan pendidikan Cecep Darmawan menyampaikan apresiasi atas niat baik Dewan Perwakilan Rakyat (DPR) RI yang akan membentuk panitia kerja (panja) untuk menyelesaikan masalah penerimaan peserta didik baru (PPDB). Sumber: https://t.co/EOTTEIpWs9","1684142132347686912","","","in","Jakarta - Indonesia","0","0","0","https://twitter.com/mediaindonesia/status/1684142132347686912","68930552","mediaindonesia"
"1684127895021846528","Wed Jul 26 09:05:54 +0000 2023","7","TVR 120 -Komisi X DPR RI :Dorong Kebijakan Pemerataan Pembiayaan PTN Dan PTS Komisi X DPR RI meminta Pemerintah memaksimalkan Alokasi Dana Pendidikan untuk melakukan Program Bantuan Pembiayaan yang merata kepada seluruh PTN. #tvrparlemen #dprri #tvr120 https://t.co/Cou3vx9Mv7","1684127895021846528","","","in","Gedung DPR RI, Jakarta","0","1","0","https://twitter.com/tvr_parlemen/status/1684127895021846528","1389817105722187778","tvr_parlemen"
"1684098727148154880","Wed Jul 26 07:10:00 +0000 2023","7","ini tujuan beliau Muhadjir Effendy @muhadjir_ef membuat kebijakan zonasi agar semua bisa mendapatkan akses pendidikan yang sama https://t.co/ijCd3iU4ih","1684098727148154880","https://pbs.twimg.com/media/F15sIS6agAAhcxv.jpg","","in","","0","0","5","https://twitter.com/randi_latu/status/1684098727148154880","1631374880213196800","randi_latu"
"1684046225325314048","Wed Jul 26 03:41:22 +0000 2023","0","Reportase Diskusi Hybrid Situasi Industri Medical Wellness dan Kebijakan Pendidikan untuk Tenaga Medical Wellness 25 Juli 2023 https://t.co/BXIfn6otoL","1684046225325314048","","","in","Yogyakarta","0","0","0","https://twitter.com/pkmkugm_/status/1684046225325314048","1258241001853841408","pkmkugm_"
"1684034572240183297","Wed Jul 26 02:55:04 +0000 2023","13","#SahabatDikbud pada hari pertama (25/7) penyelenggaraan Dialog Kebijakan Pendidikan Anak Usia Dini di ASEAN (SEA Policy Dialogue on ECCE) para peserta mengikuti tiga sesi pleno yang membahas tentang Layanan PAUD Universal dan Transisi ke Pendidikan Dasar Guru dan Tenaga https://t.co/Dg9EG8K30T","1684034572240183297","https://pbs.twimg.com/ext_tw_video_thumb/1684034518272065536/pu/img/sSj2WmDm-HX7d3rB.jpg","","in","Jakarta","0","0","4","https://twitter.com/Kemdikbud_RI/status/1684034572240183297","631701837","Kemdikbud_RI"
"1683837213476548614","Tue Jul 25 13:50:50 +0000 2023","5","10 tahun mahasiswa berjuang agar sistem UKT diperbaiki . Sepuluh tahun pula nominal uang kuliah mengikuti logika pasar yg terus naik melampaui laju inflasi. Jelas sudah sistem UKT harus diganti. Di sinilah kebijakan pendidikan gratis menjadi urgensi! #PendidikanHarusGratis","1683837213476548614","","","in","Gejayan","0","0","3","https://twitter.com/GejayanCalling/status/1683837213476548614","1255128730025865218","GejayanCalling"
"1683803677377826817","Tue Jul 25 11:37:34 +0000 2023","1","PENGAMAT kebijakan pendidikan Cecep Darmawan menyampaikan pendidikan anak usia dini (PAUD) harus dijadikan sebagai pendidikan formal dan menjadi syarat masuk sekolah dasar (SD). Sumber: https://t.co/sShTzakCHf","1683803677377826817","","","in","Jakarta - Indonesia","0","0","0","https://twitter.com/mediaindonesia/status/1683803677377826817","68930552","mediaindonesia"
"1683770508834398208","Tue Jul 25 09:25:46 +0000 2023","0","Dengan kebijakan-kebijakan inovatifnya Pak Ganjar berhasil menggerakkan seluruh elemen pendidikan untuk berkolaborasi secara efektif menghasilkan peningkatan mutu pendidikan https://t.co/3LAsH1s3Vf","1683770508834398208","https://pbs.twimg.com/ext_tw_video_thumb/1683770436960788480/pu/img/4NGfIHiBvfC9Y1tz.jpg","","in","Depok, Indonesia","0","0","0","https://twitter.com/ferdyy4_/status/1683770508834398208","1551567825176711169","ferdyy4_"
"1683703732851314694","Tue Jul 25 05:00:26 +0000 2023","1","Banyak org tua demi pendidikan anaknya mau gunakan cara curang &amp; pihak sekolahpun punya andil mungkin mrk salah tp itu jg krn sistem zonasi yg salah. Kita jg ingatkan pembuat kebijakan agar jgn bodoh &amp; hrs evaluasi aturan yg salah. Sistem zonasi unfaedah. https://t.co/D6XPsij9jS","1683703732851314694","","","in","Di Kolong Langit","0","0","0","https://twitter.com/andagandung_33/status/1683703732851314694","1604750520677433345","andagandung_33"
"1683635676552544256","Tue Jul 25 00:30:00 +0000 2023","0","Kepala Dinas Pendidikan (Dindik) Jawa Timur Aries Agung Paewai langsung mengeluarkan kebijakan baru meski belum sebulan menjabat. #AniesAgungPaewai https://t.co/Br48e7zREE","1683635676552544256","","","in","Jakarta Capital Region, Indone","0","0","0","https://twitter.com/medcom_id/status/1683635676552544256","902837643024539651","medcom_id"
"1683454481814654976","Mon Jul 24 12:30:00 +0000 2023","0","Kepala Dinas Pendidikan (Dindik) Jawa Timur Aries Agung Paewai langsung mengeluarkan kebijakan baru meski belum sebulan menjabat. #AniesAgungPaewai https://t.co/Br48e7Apuc","1683454481814654976","","","in","Jakarta Capital Region, Indone","0","0","0","https://twitter.com/medcom_id/status/1683454481814654976","902837643024539651","medcom_id"
"1683421067694702592","Mon Jul 24 10:17:13 +0000 2023","1","#SobatPAUD Kemendikbudristek akan menyelenggarakan Dialog Kebijakan Pendidikan Anak Usia Dini (Southeast Asia Policy Dialogue on Early Childhood Care and Education/ SEAPD on ECCE) pada 25 s.d. 26 Juli 2023 di Jakarta. #MerdekaBelajar #DialogPAUDdiASEAN #KeketuaanASEAN2023 https://t.co/nZzFK0czUA","1683421067694702592","https://pbs.twimg.com/ext_tw_video_thumb/1683420055567212544/pu/img/TavZjgTgIe1BV-oL.jpg","","in","","0","1","1","https://twitter.com/paudpedia/status/1683421067694702592","1227029291398885376","paudpedia"
"1683399921943314433","Mon Jul 24 08:53:12 +0000 2023","21","#SahabatDikbud Kemendikbudristek akan menyelenggarakan Dialog Kebijakan Pendidikan Anak Usia Dini (Southeast Asia Policy Dialogue on Early Childhood Care and Education/ SEAPD on ECCE) pada 25 s.d. 26 Juli 2023 di Jakarta. Acara akan dihadiri Mendikbudristek @nadiemmakarim https://t.co/dAo7F99H5Y","1683399921943314433","https://pbs.twimg.com/ext_tw_video_thumb/1683398628910694401/pu/img/f8qgDOBI7w0ugzeI.jpg","","in","Jakarta","2","3","6","https://twitter.com/Kemdikbud_RI/status/1683399921943314433","631701837","Kemdikbud_RI"
"1683376062867308544","Mon Jul 24 07:18:23 +0000 2023","1","Kebijakannya bapak ellon itu kaya kebijakan mentri2 pendidikan Indonesia deh. Kesannya menggebrak banget tapi ga ada guna sama sekali. Malah bikin rusuh hal yang uda settle dan bagus","1683376062867308544","","","in","","0","0","0","https://twitter.com/rosehip_taejin/status/1683376062867308544","1281273068942286856","rosehip_taejin"
"1682909045102092288","Sun Jul 23 00:22:37 +0000 2023","0","No salty menurutku di jogja emg ga prnh kasih solusi u/ tiap kebijakan yg ada like a trash parkir liar pungli pendidikan kemiskinan dst. Tumpang tindih kdg lbh mendukung banyak wisatawan drpd keluhan warga diy tp kalo gini bkn wisatawan kapok wkwk jd maksud ngana kumaha weh","1682909045102092288","","","in","","0","0","0","https://twitter.com/av0cadiess/status/1682909045102092288","1465717109065801734","av0cadiess"
"1681121363879407617","Tue Jul 18 01:59:01 +0000 2023","1","Bukan cuma HUKUM dll yang RUSAK diREZIM ini.....juga PENDIDIKAN!Haji Alm Eyang Harto dulu terbukti OMONGANnya 20 TAHUN KEDEPAN. MENDIKBUD cuma bisa diKANTRO doang sekalinya KELIHATAN buat ATURAN n KEBIJAKAN yg gak bisa diIKUTI PELAJAR n ORANG TUA PELAJAR......situ WARAS?! https://t.co/3Xq1M17w9x","1681121363879407617","https://pbs.twimg.com/ext_tw_video_thumb/1681121292542709761/pu/img/JfOXEJ45kXJUphGj.jpg","","in","","0","0","0","https://twitter.com/ArdoyantoE/status/1681121363879407617","1434495317496381443","ArdoyantoE"
"1681116530770325504","Tue Jul 18 01:39:49 +0000 2023","0","Sadar gak sih para pejabat ini bahwa kebijakan zonasi yang diberlakukan oleh mereka tapi tidak bersamaan dengan penyamarataan kualitas fasilitas pendidikan antar zonasi itu penyebab dari semua ini?","1681116530770325504","","","in","Kota Bekasi, Indonesia","0","0","0","https://twitter.com/sripraba95/status/1681116530770325504","2215859544","sripraba95"
"1680978496779333632","Mon Jul 17 16:31:19 +0000 2023","0","HAHAHAHAHA skak pisan ieu. moal ngilu jonasi2 ah InsyaAllah budak mah moal ka negri sing aya rejekina ya Allah rudet masataka abi ningal kebijakan pendidikan gararoblog.","1680978496779333632","","","in","Bandung","0","1","0","https://twitter.com/MangAyod/status/1680978496779333632","530873005","MangAyod"
"1680937436451581953","Mon Jul 17 13:48:09 +0000 2023","0","Peningkatan investasi dalam penelitian pendidikan dan penyebaran hasil penelitian akan memperkuat dasar ilmiah dalam pengambilan kebijakan pendidikan. #seruuubos","1680937436451581953","","","in","","0","0","0","https://twitter.com/AjiTeguh04/status/1680937436451581953","65543322","AjiTeguh04"
"1680921411400105984","Mon Jul 17 12:44:29 +0000 2023","0","Kepala Ombudsman Perwakilan Kepulauan Riau Lagat Siadari menyoroti kebijakan Dinas Pendidikan Kepri akan menambah Rombel di SMAN 2 Tanjungpinang. Baca berita selengkapnya : https://t.co/FnWKKRNp6l https://t.co/C50R1SJTqc","1680921411400105984","https://pbs.twimg.com/media/F1PVHTnaMAABpnA.jpg","","in","Kepulauan Riau","0","0","0","https://twitter.com/SijoriToday/status/1680921411400105984","705184121543225346","SijoriToday"
"1680910344062136320","Mon Jul 17 12:00:30 +0000 2023","1","kebijakan pendidikan paling awikwok sih zonasi bikin banyak anak 'dititip' ke kk orang lain buat dapet sekolah bagus. sekolah bagus juga jadi turun kualitasnya karena yg masuk cuma modal rumah deket kalo memang mau pemerataan ga gini caranya","1680910344062136320","","","in","127.0.0.1","0","2","0","https://twitter.com/_upilicious/status/1680910344062136320","2910743894","_upilicious"
"1680848042667442176","Mon Jul 17 07:52:56 +0000 2023","1","Hari pertama sekolah ternyata membuat ekonomi kampungku fluktuatif. Para orang tua diharuskan untuk mengantar anak ke sekolah saat dimulainya tahun pelajaran baru seingat saya kebijakan ini diterapkan saat pak Anis menjadi Menteri Pendidikan. Rata-rata dikampungku orang tua","1680848042667442176","","","in","Cirebon","0","1","0","https://twitter.com/ai_MarLeni/status/1680848042667442176","82808199","ai_MarLeni"
"1680815421182844929","Mon Jul 17 05:43:19 +0000 2023","0","Sejak di bangku sekolah sudah diajari menjadi penjahat. Sebaiknya @Kemdikbud_RI segera meninjau ulang kebijakan yang berpotensi membuka peluang dimana oknum orangtua berpotensi melakukan kejahatan pendidikan karena ini berhubungan dengan masa depan dan mental anak didik. https://t.co/8aCncYT6Qn","1680815421182844929","https://pbs.twimg.com/media/F1N0tp2aMAA622z.jpg","","in","Jakarta, Indonesia","0","1","2","https://twitter.com/sastro_pecel/status/1680815421182844929","310796543","sastro_pecel"
"1680797546829217793","Mon Jul 17 04:32:17 +0000 2023","175","Banyak anak yang tidak mampu dalam ekonomi berjuang untuk mendapat pendidikan tinggi dan layak serta berharap besar kepada pemerintah yaitu program KIPK. Namun kebijakan KIPK tahun ini berubah dgn adanya skema 1&amp;2 serta penurunan kuota KIPK. #KIPKuliah #TambahKuotaKIPKuliah https://t.co/tnHze9omb9","1680797546829217793","https://pbs.twimg.com/media/F1NkdhAaYAA3AEX.jpg","","in","","3","16","54","https://twitter.com/casastudy/status/1680797546829217793","1600850298888769541","casastudy"
"1680579837159788544","Sun Jul 16 14:07:11 +0000 2023","15","Pungli dan korupsi ini pasti hilang kalau kebijakan pendidikan diambil pusat semua lewat Omnibus Pendidikan. Buka lebar-lebar kemudahan investasi SMP asing dan guru SMP asing. Omnibus Yang Baik Hati","1680579837159788544","","","in","Indonesia","0","5","4","https://twitter.com/ruliemaulana/status/1680579837159788544","185320244","ruliemaulana"
"1680469483494985728","Sun Jul 16 06:48:41 +0000 2023","1","Emang masih hype ya muda-mudaan masuk PTN? Padahal kebijakan dari Kementerian Pendidikan aja usia minimal masuk SD itu 6 5 tahun karena kesiapan anak utk masuk Pendidikan formal ya di usia itu dan kelas akselerasi sdh dihapuskan...","1680469483494985728","","","in","Bandung-Lampung","0","0","0","https://twitter.com/vioUul/status/1680469483494985728","80635893","vioUul"
"1680442533674110976","Sun Jul 16 05:01:35 +0000 2023","0","Ini kebijakan Menteri pendidikan sebelum2nya juga. Niatnya ok pemerataan kesempatan belajar. Pelaksanaanya kacau karena mis manajemen pemda dan ortu yg halalkan cara agar anaknya masuk sekolah favorit. Btw SMP kewenangan kab/kota. SMA kewenangan propinsi","1680442533674110976","","","in","Jakarta","0","0","0","https://twitter.com/budiyonow/status/1680442533674110976","134666980","budiyonow"
"1680273690175610880","Sat Jul 15 17:50:40 +0000 2023","0","buat menteri pendidikan : STOP NGACAK NGACAK KURIKULUM AMA KEBIJAKAN PTN DAN SEKOLAH LAINNYA LU KAGA KASIAN APA Y AMA ANAK BANGSA PLS","1680273690175610880","","","in","","0","0","0","https://twitter.com/chiqwaa/status/1680273690175610880","1386655634574086146","chiqwaa"
"1680160440096296960","Sat Jul 15 10:20:39 +0000 2023","0","Tidak hanya sektor pendidikan sy rasa semua sektor selalu berubah-ubah apalagi ketika pergantian periode kepemimpinan. Padahal bisa jd kebijakan pd periode sebelumnya sudah cukup bagus. Kalian cuma terlalu ego dan enggan mengakui itu pd periode kalian.","1680160440096296960","","","in","","0","1","0","https://twitter.com/fentyfni/status/1680160440096296960","543288247","fentyfni"
"1680141642123321345","Sat Jul 15 09:05:57 +0000 2023","0","Sistem yg terlalu dipaksakan oleh pembuat kebijakan. Bagaimana bisa sistem ini digunakan disaat pemerataan pendidikan belum dilaksanakan.","1680141642123321345","","","in","Kota Madiun, Jawa Timur","0","0","0","https://twitter.com/makanricegood/status/1680141642123321345","1188990609551310848","makanricegood"
"1680001762424651776","Fri Jul 14 23:50:07 +0000 2023","0","Mayoritas demografi Indonesia dari sisi pendidikan dan ekonomi tergolong pada kategori menengah ke bawah. Masyarakat kurang peka dan sadar bahwa kebijakan pemerintah sangatlah berpengaruh pada kehidupan masyarakat","1680001762424651776","","","in","","0","1","0","https://twitter.com/Ulteriorsname/status/1680001762424651776","1356237024743706624","Ulteriorsname"
"1679873437656039429","Fri Jul 14 15:20:12 +0000 2023","1","Kabid Perencanaan Pendidikan &amp; SIMPEG dan Analis Perencanaan SDM Aparatur melaksanakan Konsultasi &amp; Koordinasi terkait Penetapan Formasi PPPK dan hal yang berkaitan dengan pengadaan ASN di Kementerian PAN-RB dengan ibu Widaryati Hestiarsih S.Kom Analis Kebijakan Ahli Madya https://t.co/wc79FnLjpl","1679873437656039429","https://pbs.twimg.com/media/F1Ab_OCaIAAsmwD.jpg","","in","East Nusa Tenggara, Indonesia","0","0","0","https://twitter.com/Bkdprovinsintt/status/1679873437656039429","1262967945648578561","Bkdprovinsintt"
"1679866141249007616","Fri Jul 14 14:51:13 +0000 2023","2","PKS mendukung kebijakan pembangunan manusia yang holistik yang meliputi pendidikan kesehatan dan kesejahteraan sosial. #OrenKeren8 https://t.co/6I9rOqjtAr","1679866141249007616","https://pbs.twimg.com/media/F1AVWm_aQAA_YiS.jpg","","in","Margaasih, Indonesia","0","0","0","https://twitter.com/Untungsuropa/status/1679866141249007616","815831168704614400","Untungsuropa"
"1679853478787825665","Fri Jul 14 14:00:54 +0000 2023","12","Zonasi itu kebijakan ga sembarangan ga asal nerapin hanya demi tidak ada sekolah favorit . School district di US itu dibahas di ratusan paper ga hanya di jurnal pendidikan tapi ekonomi sampai urban planning karena implikasinya kemana-mana.","1679853478787825665","","","in","between dream and reality","1","1","5","https://twitter.com/aparatur_spill/status/1679853478787825665","73840517","aparatur_spill"
"1679830096109240320","Fri Jul 14 12:27:59 +0000 2023","10","Kebijakan Presiden @jokowi Dengan menambah formasi guru di Papua percepatan pembangunan sekolah di daerah terisolir agar anak2 Papua dapat mengakses pendidikan salah satu bukti nya . . . #AtensiJokowiUntukPapua https://t.co/KfsVmZDQrw","1679830096109240320","https://pbs.twimg.com/media/F0_0kfeagAA63hR.jpg","","in","Kota Surabaya, Jawa Timur","2","3","10","https://twitter.com/isty112/status/1679830096109240320","1294631892168241153","isty112"
"1679826490199011329","Fri Jul 14 12:13:39 +0000 2023","0","Jawaban Prabowo mebenai kebijakan tentang bisnis UMKM dan pendidikan. #Prabowo https://t.co/hxlordiL1O","1679826490199011329","https://pbs.twimg.com/ext_tw_video_thumb/1679826376642416641/pu/img/n7u8mGYG9uu24GTt.jpg","","in","","0","0","0","https://twitter.com/InfluencerIDN/status/1679826490199011329","1330316263864799236","InfluencerIDN"
"1679821632687468547","Fri Jul 14 11:54:21 +0000 2023","8","Kebijakan Presiden @jokowi Dengan menambah formasi guru di Papua percepatan pembangunan sekolah di daerah terisolir agar anak2 Papua dapat mengakses pendidikan salah satu bukti nya. #AtensiJokowiUntukPapua https://t.co/g8m66EjyeA","1679821632687468547","https://pbs.twimg.com/media/F0_s1AjacAEXJ3p.jpg","","in","Menggala","2","1","7","https://twitter.com/nunutNgiyub/status/1679821632687468547","1447500779468718082","nunutNgiyub"
"1679803016634044416","Fri Jul 14 10:40:23 +0000 2023","0","1. Sekolah gratis itu kebijakan populis yang harus kita cermati 2. Kalau ada hitungan jumlah total pembiayaan pendidikan selama setahun dari angka inilah kita mulai 3. Rumusnya adalah Dana Bos (pemerintah) + Sumbangan Siswa = total biaya pendidikan setahun","1679803016634044416","","","in","Bogor,Bandung,Jakarta,Cianjur","0","1","0","https://twitter.com/mmmisbah/status/1679803016634044416","74660679","mmmisbah"
"1679743741182226435","Fri Jul 14 06:44:50 +0000 2023","0","Zonasi emang kebijakan pendidikan tergoblok yg pernah ada kayaknya","1679743741182226435","","","in","","0","0","0","https://twitter.com/Ariandriano/status/1679743741182226435","69010577","Ariandriano"
"1679741623872425984","Fri Jul 14 06:36:25 +0000 2023","1","Dalam meningkatkan kualitas pendidikan vokasi Kemenperin terdapat evaluasi eksternal dan internal sebagai referensi pengambilan kebijakan. Karenanya untuk memudahkan tugas penyusunan dokumen serta penilaian internal BPSDMI menyusun aplikasi fitur penjaminan mutu. https://t.co/VIBiSLZjr5","1679741623872425984","https://pbs.twimg.com/media/F0-kEqMakAAU1i7.jpg","","in","Kby. Baru, Jakarta Selatan","0","0","0","https://twitter.com/BPSDMI_Kemperin/status/1679741623872425984","1170867086165303297","BPSDMI_Kemperin"
"1679720963993382913","Fri Jul 14 05:14:20 +0000 2023","0","Terungkapnya manipulasi domisili dalam sistem zonasi PPDB 2023 harus disikapi serius. Komisi X DPR RI akan memanggil Menteri Pendidikan Kebudayaan Riset dan Teknologi Nadiem Makarim buntut gaduh kebijakan dan pelaksanaan PPDB 2023. https://t.co/ns6OyEQSsE https://t.co/8PzRXE7RhL","1679720963993382913","https://pbs.twimg.com/media/F0-RTqDaYAEvi7h.jpg","","in","Indonesia","1","1","0","https://twitter.com/CNNIDdaily/status/1679720963993382913","3306771829","CNNIDdaily"
"1679709588176900096","Fri Jul 14 04:29:07 +0000 2023","11","Siapapun yang meloloskan aturan adanya materi temarik buat anak kelas 1 2 3 SD sederajat itu tidak pantas bikin kebijakan pendidikan. Fundamental calistung masih belum ada langsung disodori soal cerita dengan kosakata yang kadang tidak masuk akal buat anak kelas 1.","1679709588176900096","","","in","","2","1","5","https://twitter.com/kamuitubeda/status/1679709588176900096","57228856","kamuitubeda"
"1679702096906706944","Fri Jul 14 03:59:21 +0000 2023","0","kemudahan akses kesehatan stabilitas negara kebijakan yang ga gampang berubah jaminan pendidikan untuk anak. Gue pernah denger dari pengalaman beberapa orang yang cabut status kewarganegaraannya rata-rata karena ini terutama dampak besar buat anak-anak mereka nanti.","1679702096906706944","","","in","Lombardy, Italy","0","1","0","https://twitter.com/faqihlubis/status/1679702096906706944","1038031505535062016","faqihlubis"
"1679656776067870720","Fri Jul 14 00:59:16 +0000 2023","0","pendidikan yg tinggi bisa di kalahkan oleh pengalaman sedang pendidikan dan pengalaman bisa dgn mudah di kalahkan oleh kecerdasan namun kecerdasan lumpuh tanpa kebijakan sedang kebijakan mesti terlahir dari ketulusan _kataBLUESku_ KopiPagiJumatBarokah https://t.co/d81hVjPAsG","1679656776067870720","https://pbs.twimg.com/media/F09W7igaAAAulSu.jpg","","in","ngontrak di bumiNYA","0","0","0","https://twitter.com/mathsoul1/status/1679656776067870720","542565359","mathsoul1"
"1679480482193637376","Thu Jul 13 13:18:44 +0000 2023","1","Dua Kementrian yg Mengelola Kebijakan Pendidikan Sosial Keagamaan Mengalami Kekacauan dalam Kinerja dan Membuat Kebijakan... Kemenag Penanganan Ibadah Haji sangat Buruk Banyak Lansia Terlantar sementara Bus nya Kosong... Mana Wapres dan Menag..","1679480482193637376","","","in","Djakarta Evicentrum","0","1","0","https://twitter.com/RanggaWijayaka/status/1679480482193637376","484517405","RanggaWijayaka"
"1679449101849731072","Thu Jul 13 11:14:03 +0000 2023","0","Hai #SobATRBPN Hari ini PPSDM Kementerian ATR/BPN bekerjasama dengan Pusat Pendidikan dan Pelatihan Pengadaan Barang/Jasa Lembaga Kebijakan Pengadaan Barang/Jasa Pemerintah (LKPP) mengadakan Ujian Sertifikasi Pengadaan Barang/Jasa Tingkat Dasar Level 1 Angkatan IV Tahun 2023 ","1679449101849731072","","","in","Jl Akses Tol Cimanggis, Cikeas","0","1","2","https://twitter.com/PPSDM_ATRBPN/status/1679449101849731072","2905550185","PPSDM_ATRBPN"
"1679444612325449731","Thu Jul 13 10:56:12 +0000 2023","21","Ketegasan menindak pungli di sekolah2 Gub. Jateng @ganjarpranowo mendapat apresiasi &amp; dukungan dari akademisi pakar hingga para orang tua siswa. Penegasan terhadap oknum pelaku pungli di sekolahan mendapat kecaman dari Pakar Kebijakan Pendidikan tindakan itu tdk dibenarkan. https://t.co/BZN5O0qIJS","1679444612325449731","https://pbs.twimg.com/media/F06V9tuaUAE574G.jpg","","in","","0","0","13","https://twitter.com/__wantaNKRI/status/1679444612325449731","1325364675534467073","__wantaNKRI"
"1679325105607049218","Thu Jul 13 03:01:20 +0000 2023","0","Hayalanku : @Kemenag_RI membuat kebijakan setiap institusi/lembaga pendidikan Agama wajib memberikan materi ajar soal ADAB/ETIKA baik terhadap orang tua sesama lingkungan dan berbangsa bernegara khususnya ditingkat dasar.","1679325105607049218","","","in","","0","0","0","https://twitter.com/RiuTheCommoners/status/1679325105607049218","1509189021645238274","RiuTheCommoners"
"1679306261287030786","Thu Jul 13 01:46:27 +0000 2023","0","Argumennya selalu berkutat pada anak lebih pinter punya hak lebih atas pendidikan. Bukan mendukung sepenuhnnya zonasi cuman ya ngapain capek2 protes akan kebijakan yg gk ngaruh sama permasalahan utama pendidikan Indonesia. Zonasi atau merit itu kurang lebih sama aja.","1679306261287030786","","","in","","0","1","0","https://twitter.com/bugykoda/status/1679306261287030786","1398502752435654659","bugykoda"
"1679287196526977024","Thu Jul 13 00:30:41 +0000 2023","0","Baik itu Presiden ataupun menteri-menteri jika mengubah kebijakan tatanan negara yang telah diberlakukan bersiap-siaplah. Kalau untuk kesehatan dan pendidikan jelas krusial. Jika dihapus/ dikurangi.. Gue sendiri anti jadi pejabat takut gak kuat perhitungan hisabnya.. Berat!","1679287196526977024","","","in","Jakarta, Indonesia","0","0","0","https://twitter.com/ImaginarySteady/status/1679287196526977024","2556873745","ImaginarySteady"
"1679239109729210368","Wed Jul 12 21:19:37 +0000 2023","1","Kapan kebijakan pendidikan tidak bikin orang tua dan anak stres yang lemah juga yang tersisih Desak Ubah Sistem Zonasi https://t.co/ceq97z2aUU https://t.co/c7oXZubE77","1679239109729210368","https://pbs.twimg.com/media/F03bEhIaUAAXm45.jpg","","in","","0","0","0","https://twitter.com/yangmi3prnew/status/1679239109729210368","1531957384213843970","yangmi3prnew"
"1679181118652944384","Wed Jul 12 17:29:11 +0000 2023","0","Kebijakan Rezim ini Semakin Brutal Apalagi Disektor Pendidikan dgn Kebijakan yg Sangat Menyusahkan Rakyat. Bagaimana Anak Bangsa ini bisa Cerdas Kalau Ekonomi Rakyat Saja Merayap Sementara Korupsi Meroket dn Sekarang Membebani Orang Tua Murid dgn Biaya Seragam??? @myputun https://t.co/zRSGZ2BwZo","1679181118652944384","https://pbs.twimg.com/ext_tw_video_thumb/1679181060322791426/pu/img/dGoTG_3PyB6kMbQ6.jpg","","in","Al Mulku, Moloku Kie Raha","0","0","0","https://twitter.com/PutunMy/status/1679181118652944384","1567483663545438209","PutunMy"
"1679173646601027584","Wed Jul 12 16:59:29 +0000 2023","0","Kebijakan dan Teknis Pengelolaan Pendidikan nya itu DIBENERIN dulu... Regulasinya juga ditinjau ulang... Hanya sedukit-sedikut sebentar-sebentar berubah tapi gak ada efek dan hasil.... Tetaplah mendasarksn pada Nikai Agama dan Kebangsaan... Jangan asal aja dong... https://t.co/fmhao74Ba9","1679173646601027584","https://pbs.twimg.com/media/F02fiEwaMAEaeLO.jpg","","in","","0","0","0","https://twitter.com/BudiHandayani72/status/1679173646601027584","1599589587285733376","BudiHandayani72"
"1679170517721579520","Wed Jul 12 16:47:03 +0000 2023","0","Kebijakan Ganjar Pranowo Dipuji Pakar Pendidikan Surabaya. Pakar pendidikan Surabaya menilai tindakan tegas Gubernur Jawa Tengah Ganjar Pranowo bebastugaskan Kepala SMKN 1 Sale karena pungli #PendidikanKesehatan #ganjarpranowo via @beritajatimcom https://t.co/Ri6xurZ2mY","1679170517721579520","","","in","Surabaya","0","0","0","https://twitter.com/beritajatimcom/status/1679170517721579520","21287066","beritajatimcom"
"1679142220212101120","Wed Jul 12 14:54:36 +0000 2023","0","Ganjar Pecat Kepsek karena Pungli Begini Penilaian Pakar Kebijakan Pendidikan UPI https://t.co/N1GkFuIgqv #rembang #wartarembang #wartatimes","1679142220212101120","","","in","ex Karsidenan Pati","0","0","0","https://twitter.com/wartatimes/status/1679142220212101120","2477890021","wartatimes"
"1679138242636001281","Wed Jul 12 14:38:48 +0000 2023","1","Pendidikan Harus diberikan aksee seluas²nya Kepada Seluruh Anak Bangsa .. Jangan ada pengkotak²an . PKB hadir untuk memberikan masukan Kepada Mas Mentri Pendidikan Untuk Mengkaji Ulang Kebijakan itu.. #PemerataanPendidikan #MuhaiminIskandar #Partai https://t.co/yw3chxB3F7","1679138242636001281","https://pbs.twimg.com/media/F01-cgoXgAEmd1p.jpg","","in","","0","0","0","https://twitter.com/PutraKe63206620/status/1679138242636001281","1611370179681988608","PutraKe63206620"
"1679128029996494853","Wed Jul 12 13:58:13 +0000 2023","1","Pemerintah harus mempertimbangkan kebijakan pendidikan harus di tinjau ulang terutama dana yang 20% dari anggaran kebanyakan habis di fisik #pemerataanpendidikan #MuhaiminIskandar #PartaiKebangkitanBangsa PKB 1 Presiden 2024 https://t.co/Wh5TCY9Gpa","1679128029996494853","https://pbs.twimg.com/ext_tw_video_thumb/1679127708981239811/pu/img/HGkPaLc9N7e1pjWt.jpg","","in","","0","0","0","https://twitter.com/BarofaGaza/status/1679128029996494853","1573909860030087168","BarofaGaza"
"1679123454409441281","Wed Jul 12 13:40:02 +0000 2023","3","ptn! mohon bantuannya ada yang tau ga prodi KEBIJAKAN PENDIDIKAN UNY perlu pake portofolio atau engga? diketerangannya gini soalnya https://t.co/SFbuVRug8I","1679123454409441281","https://pbs.twimg.com/media/F01xj6oWwAACIvW.jpg","","in","RULES 👉","0","1","2","https://twitter.com/sbmptnfess/status/1679123454409441281","1205629250423779328","sbmptnfess"
"1679114273715527680","Wed Jul 12 13:03:33 +0000 2023","1","Ganjar Pranowo menerapkan kebijakan yang berfokus pada peningkatan kualitas hidup masyarakat miskin termasuk akses yang lebih baik terhadap layanan kesehatan dan pendidikan. #bersamaganjar #ganjaruntukindonesia #ganjarpresiden2024 https://t.co/Udrq4PgrWY","1679114273715527680","https://pbs.twimg.com/media/F01phlyaAAE9m5g.jpg","","in","","0","0","0","https://twitter.com/NinaSetiy/status/1679114273715527680","1474246522552258562","NinaSetiy"
"1679113322149597184","Wed Jul 12 12:59:47 +0000 2023","1","#PemerataanPendidikan #MuhaiminIskandar #PartaiKebangkitanBangsa @cakimiNOW @irfan_aja84 @BagusMuhaiminS1 Kita Harus Mendukung Penuh Kebijakan yang menyentuh permasalahan pendidikan di Negeri Ini terlebih perbaikan mutu https://t.co/rnzCj07apF","1679113322149597184","https://pbs.twimg.com/media/F01oqZFaIAAW0qm.jpg","","in","","0","0","0","https://twitter.com/Hafiszan17/status/1679113322149597184","1589952432414814209","Hafiszan17"
"1679110513861726208","Wed Jul 12 12:48:37 +0000 2023","0","Pendidikan Hak Semua Warga dengan Kualitas yang Sama. Kebijakan Zonasi Bukan Solusi. Semua Harus Naik Kelas Pendidikannya. @cakimiNOW @nadiemmakarim @SyaifulHooda https://t.co/oCDlrGsrv5","1679110513861726208","https://pbs.twimg.com/media/F01mHESaAAA1bIb.jpg","","in","","0","0","0","https://twitter.com/muhammadrobbah/status/1679110513861726208","504006390","muhammadrobbah"
"1679012735420612608","Wed Jul 12 06:20:05 +0000 2023","1","Pengamat Kebijakan Pendidikan Cecep Darmawan mengatakan berbagai kecurangan dalam Penerimaan Peserta Didik Baru (PPDB) merupakan buntut dari persoalan disparitas kualitas sekolah. https://t.co/QhxXuL5aSw","1679012735420612608","","","in","Jakarta - Indonesia","1","0","0","https://twitter.com/mediaindonesia/status/1679012735420612608","68930552","mediaindonesia"
"1679001888229064704","Wed Jul 12 05:36:59 +0000 2023","9","Menanti respons dari @Kemdikbud_RI terkait dengan isu kebijakan Zonasi PPDB dan juga mungkin sekaligus terkait Zonasi Pendidikan in general. Meanwhile a good read: https://t.co/VLBBRqlqLi","1679001888229064704","","","in","Jakarta Selatan, DKI Jakarta","0","1","0","https://twitter.com/barrysianturi/status/1679001888229064704","2237377454","barrysianturi"
"1678995031825473537","Wed Jul 12 05:09:44 +0000 2023","0","ada zonasi &amp; penghapusan ujian nasional adalah kebijakan paling blinder di dunia pendidikan untuk saat ini","1678995031825473537","","","in","Citayam, Indonesia (Cindo)","0","1","0","https://twitter.com/prodbysugaofbts/status/1678995031825473537","2456598302","prodbysugaofbts"
"1678990664846184450","Wed Jul 12 04:52:23 +0000 2023","19","Loophole dari suatu kebijakan pasti selalu ada. Belajar baik dengan bimbel atau sendiri masih berdasarkan kemampuan esensi dari pendidikan. Mampu bayar beli rumah deket sekolah? bukan merit based system lagi tapi bikin keuangan morat marit.","1678990664846184450","","","in","Milky way, Sol, Earth, Cinere","0","1","5","https://twitter.com/kamentrader/status/1678990664846184450","75786723","kamentrader"
"1678763879562887168","Tue Jul 11 13:51:13 +0000 2023","0","Wakil Ketua MPR RI Ahmad Muzani menyebut sistem zonasi Pendaftaran Penerimaan Peserta Didik Baru (PPDB) dihadirkan untuk pemerataan sekolah namun pihak Kementerian Pendidikan dan Kebudayaan (Kemendikbud) belum memberikan terobosan untuk kebijakan ini https://t.co/V3fr59Mq1N","1678763879562887168","","","in","","0","0","0","https://twitter.com/inilahdotcom/status/1678763879562887168","46693036","inilahdotcom"
"1678713756074016770","Tue Jul 11 10:32:03 +0000 2023","42","Wawancara Data Awal Casis TN 34 dilaksanakan hari Senin 10 Juli 2023 oleh Pengurus dan Pamong. Kegiatan ini dimaksudkan untuk menginventarisasi data awal calon siswa yang akan dijadikan dasar dari kebijakan dan proses pendidikan yang diberikan kepada siswa baru kelas X. https://t.co/qI92o2DB1K","1678713756074016770","https://pbs.twimg.com/media/F0v9LHhacAA-DNh.jpg","","in","Magelang, Jawa Tengah","0","0","2","https://twitter.com/SMATN/status/1678713756074016770","169086797","SMATN"
"1678705449082966016","Tue Jul 11 09:59:02 +0000 2023","0","Pengamat kebijakan pendidikan dari Universitas Pendidikan Indonesia (UPI) Cecep Darmawan mengatakan bahwa permasalahan PPDB (penerimaan peserta didik baru) khususnya dari sisi jalur zonasi disebabkan masih adanya disparitas standarisasi sekolah. Sumber: ","1678705449082966016","","","in","Jakarta - Indonesia","0","0","0","https://twitter.com/mediaindonesia/status/1678705449082966016","68930552","mediaindonesia"
"1678693118122811392","Tue Jul 11 09:10:02 +0000 2023","4","PTN! spill skor utbk yg lolos Kebijakan Pendidikan UNY","1678693118122811392","","","in","RULES 👉","0","0","0","https://twitter.com/sbmptnfess/status/1678693118122811392","1205629250423779328","sbmptnfess"
"1678691483426377728","Tue Jul 11 09:03:32 +0000 2023","1","TVR 120 - Komisi X DPR RI : Evaluasi Pelaksanaan Kebijakan Asesmen Nasional Pendidikan Guna memberikan Kontribusi yang lebih baik untuk Pendidikan Serta Mengukur Kualitas Mutu Pendidikan Nasional. #tvrparlemen #dprri #tvr120 https://t.co/bi8I2eSpnB","1678691483426377728","","","in","Gedung DPR RI, Jakarta","0","0","0","https://twitter.com/tvr_parlemen/status/1678691483426377728","1389817105722187778","tvr_parlemen"
"1678656537894727682","Tue Jul 11 06:44:41 +0000 2023","1","Sebenarnya gw kepikiran mau ambil pendidikan aja tapi pas tau gaji guru sama sekarang ada kebijakan marketplace ogah dah. Minimal gaji guru ditinggiin sama buat aturan jangan ribet²","1678656537894727682","","","in","50:50 💛💛","0","1","0","https://twitter.com/ReaksiZatBarbar/status/1678656537894727682","1540582787153293312","ReaksiZatBarbar"
"1678579185399513088","Tue Jul 11 01:37:18 +0000 2023","114","Wakil Ketua Komisi X DPR RI dari F-PKS Abdul Fikri Faqih mengajak seluruh pihak untuk kembali kepada nilai dan pilar utama negara Indonesia yakni Pancasila dan UUD 1945 dalam setiap pembahasan kebijakan termasuk soal pengembangan literasi dan memajukan sektor pendidikan. https://t.co/LiX6GHJICj","1678579185399513088","https://pbs.twimg.com/ext_tw_video_thumb/1678579046844891136/pu/img/wxBznDAXmIot6lq3.jpg","","in","Jakarta Capital Region","1","5","41","https://twitter.com/FPKSDPRRI/status/1678579185399513088","91255162","FPKSDPRRI"
"1678523242116464641","Mon Jul 10 21:55:01 +0000 2023","0","kalo finlandia dijadiin acuan buat standar kebijakan pendidikan di Indonesia gua rasa kurang cocok sih. Gak adil dijadiin acuan terus yang terbaik di sana belum tentu terbaik di sini.","1678523242116464641","","","in","/tmp","0","0","0","https://twitter.com/txtcybr/status/1678523242116464641","214377772","txtcybr"
"1678492244121378816","Mon Jul 10 19:51:50 +0000 2023","6","Yes cuma universitas negeri selain UIN/IAIN yg full diatur kemendikbud. Kayaknya pak nadiem bilang hal sejenis di podcast pak gita. Betapa susahnya bikin kebijakan tanpa bisa full menyediakan stick and carrot mechanism yg sesuai untuk satuan pendidikan negeri di Indonesia","1678492244121378816","","","in","","0","0","1","https://twitter.com/hazmi_ash/status/1678492244121378816","258372282","hazmi_ash"
"1678338455741530112","Mon Jul 10 09:40:44 +0000 2023","5","Semenjak nih org jd Menteri makin kagak jelas pendidikan di Indonesia. Ngeluarin kebijakan tp bkn hal yg dibutuhin malah cenderung nyusahin. Kesenjangan kesejahteraan pendidik makin terasa keinginan sekolah pun menurun krn makin mahal.","1678338455741530112","","","in","her","0","0","0","https://twitter.com/kyuisann/status/1678338455741530112","2188557480","kyuisann"
"1678336671472054272","Mon Jul 10 09:33:39 +0000 2023","3","#sanakBBPMP Pada hari Rabu tanggal 5 Juli 2023 Balai Besar Penjaminan Mutu Pendidikan Provinsi Sumatera Barat melakukan Survei Persepsi Pubik terkait kebijakan program prioritas Kemendikbudristek. https://t.co/YVXxOSOhM8","1678336671472054272","","","in","Padang Utara, Indonesia","0","0","0","https://twitter.com/lpmp_sumbar/status/1678336671472054272","1085712552095494146","lpmp_sumbar"
"1678309144137457664","Mon Jul 10 07:44:16 +0000 2023","21"," Bikin iri profesi lain dan protes soal anggaran. Apalagi ga instan hasilnya. Di sini belum diterapkan aja si pembuat kebijakan anggaran udah bikin riset2an yg outputnya diarahkan ke peningkatan gaji guru tidak meningkatan kualitas pendidikan . ","1678309144137457664","","","in","","0","1","3","https://twitter.com/PedpaoN/status/1678309144137457664","1251702127694450688","PedpaoN"
"1678271310038978564","Mon Jul 10 05:13:55 +0000 2023","0","Wah keren nih. Apa sih PPDB Zonasi sob? Nih ada thread bagus dari @ndorokakung Kebijakan @Kemdikbud_RI terkait pendidikan termasuk jalur zonasi sudah sesuai ya sob. Meski masih ada kekurangannya di beberapa sektor untuk mengatasi penyesuaian. https://t.co/vuu1qQ8lks","1678271310038978564","https://pbs.twimg.com/media/F0pq2_CaYAIfKfq.jpg","","in","West Java, Indonesia","0","1","0","https://twitter.com/botunaq/status/1678271310038978564","1233921189023666177","botunaq"
"1678258498554191872","Mon Jul 10 04:23:01 +0000 2023","33","Ruswadi Ketua Kegiatan sebut bhw Anies Baswedan naikkan upah Pekerja DKI yg tinggi dgn tak mengacu pada Omnibus Law selain itu jg ada Kebijakan naik bus Gratis pendidikan &amp;sembako di Subsidi..Deklarasi diikuti Perwakilan buruh garmen tani nelayan ojek online https://t.co/IPqQ7Ri1mV","1678258498554191872","https://pbs.twimg.com/media/F0pfNCgaAAAGpIT.jpg","","in","","0","1","12","https://twitter.com/HermanBudiSant4/status/1678258498554191872","1504042037896613888","HermanBudiSant4"
"1678235166102417408","Mon Jul 10 02:50:18 +0000 2023","1","Prihatin baca berita ini. Kebijakan sistem zonasi kan dibuat untuk pemerataan pendidikan supaya adil &amp; pendidikan berkualitas dirasakan semua. Jadi butuh kerja sama dari pemerintah pusat &amp; daerah. Sayang banget kalau ada preseden buruk seperti ini. #PPDB https://t.co/BxUquDwn6h","1678235166102417408","","","in","Jakarta-Tangerang, Indonesia","0","1","1","https://twitter.com/IndahAriani/status/1678235166102417408","63065042","IndahAriani"
"1678221421561155584","Mon Jul 10 01:55:41 +0000 2023","0","Belajar tentang PPDB Zonasi bareng @ndorokakung Kebijakan Kemendikbudristek mengenai pendidikan sdh termasuk jalur zonasi yg benar meskipun masih ada kekurangannya karena membutuhkan waktu utk mencapai hasil yg diinginkan. @Kemdikbud_RI https://t.co/p3vlitH7er","1678221421561155584","https://pbs.twimg.com/media/F0o9fHGaEAAxlNl.jpg","","in","","0","1","0","https://twitter.com/Hoshrii/status/1678221421561155584","1424606491","Hoshrii"
"1677950766814994433","Sun Jul 09 08:00:12 +0000 2023","8","Masalah sprt ini muncul karena sistem zonasi yg dimaksud bawa pemerataan pendidikan tu maunya siswanya yg berkompetisi bikin sekolahnya maju bukannya pemerataan kualitas &amp; kuantitas guru + fasilitas. Karena basis pengetahuan dari kebijakan aja udh aneh y hasilnya jadi kek gini.","1677950766814994433","","","in","","0","0","0","https://twitter.com/CeletukWarga/status/1677950766814994433","1279726915469733889","CeletukWarga"
"1677916007313342465","Sun Jul 09 05:42:04 +0000 2023","0","Pendidikan sering kali menjadi kebijakan yang dinomorsekiankan. Hal ini memicu isu sosial semakin marak terjadi sekaligus menjadi pengingat pemerintah dalam menentukan arah kebijakan. #userstory https://t.co/rYersQrLar","1677916007313342465","","","in","","0","0","0","https://twitter.com/kumparan/status/1677916007313342465","759692754985242625","kumparan"
"1677886184159313920","Sun Jul 09 03:43:34 +0000 2023","0","Belajar Bareng @ndorokakung tentang PPDB Zonasi Kebijakan Kemendikbudristek terkait pendidikan termasuk jalur zonasi sudah benar meskipun masih ada kekurangannya karena membutuhkan waktu utk mencapai hasil yg diinginkan. @Kemdikbud_RI https://t.co/gDw5m4AdZM","1677886184159313920","https://pbs.twimg.com/media/F0kMl7faAAAH3KD.jpg","","in","Medan ","0","1","0","https://twitter.com/M3juahjuah/status/1677886184159313920","1070343155319369728","M3juahjuah"
"1677589770124541953","Sat Jul 08 08:05:43 +0000 2023","0","Kajian Digital Chapter IV : Untuk Apa Pendidikan? Bagaimana Pendidikan hari ini? Realitas pendidikan ditengah -tengah masyarakat masih dalam belenggu kebijakan dan penguasaan tangan kekuasaan elit politik. https://t.co/4EKkCh0UrI","1677589770124541953","https://pbs.twimg.com/media/F0f_AFRagAE7q-c.jpg","","in","Universitas Hasanuddin","0","0","0","https://twitter.com/himaseiunhas0/status/1677589770124541953","1340674885677326337","himaseiunhas0"
"1677584504238804998","Sat Jul 08 07:44:48 +0000 2023","22","Dalam mengentaskan kemiskinan Gubernur Jawa Tengah @ganjarpranowo membuat kebijakan terobosan di sektor pendidikan. Ganjar membangun SMK Negeri Jateng sekolah asrama gratis yang khusus diperuntukkan bagi siswa miskin. Model sekolah ini rupanya hanya ada satu di Indonesia. https://t.co/u3TiSLUO8y","1677584504238804998","https://pbs.twimg.com/media/F0f6Nv6acAES8ra.jpg","","in","Kota Pekalongan, Jawa Tengah","0","2","20","https://twitter.com/Marbot_Udien/status/1677584504238804998","3827798354","Marbot_Udien"
"1677511142737084416","Sat Jul 08 02:53:17 +0000 2023","0","Selamat atas Dilantiknya Bapak Aries Agung Paewai S. STP. MM. Kepala Dinas Pendidikan Provinsi Jawa Timur @dindik_jatim Semoga kualitas pendidikan di jawa timur semakin meningkat melalui kebijakan-kebijakan yang akan di terapkan . . . . . . #dinaspendidikan #pendidikan https://t.co/yjWBoa38wN","1677511142737084416","https://pbs.twimg.com/media/F0e3a0FaEAAW-bl.jpg","","in","031-8299413 / 081234441997","0","1","0","https://twitter.com/homeschool_pena/status/1677511142737084416","1271924016","homeschool_pena"
"1677495196991492097","Sat Jul 08 01:49:55 +0000 2023","2","Tolonglah yang bikin kebijakan buat pendidikan next time yg emang pernah jadi pendidik &amp; pengajar di Indonesia jadi kebijakannya gak ngawang dan riil memang yg dibutuhkan di sini.","1677495196991492097","","","in","Banguntapan Bantul","0","0","0","https://twitter.com/nurazizahangga/status/1677495196991492097","2295642846","nurazizahangga"
"1677301462576300032","Fri Jul 07 13:00:06 +0000 2023","0","Koordinator Perhimpunan Pendidikan dan Guru (P2G) Nasional Satriwan Salim mengungkapkan masih banyaknya kerja sama antar oknum yang ingin anaknya masuk ke sekolah unggulan sehingga menurutnya hal ini menjadi salah satu faktor penyebab kebijakan proses https://t.co/XQr3G2RJJy","1677301462576300032","","","in","","0","0","0","https://twitter.com/inilahdotcom/status/1677301462576300032","46693036","inilahdotcom"
"1677284947651072000","Fri Jul 07 11:54:28 +0000 2023","0","#Catatan bagi pemegang kebijakan tentang potret praktik pendidikan kita : Pengakuan Orang Tua Siswa Dimintai Duit Rp 3 Juta untuk Dapat Kursi di PPDB Jalur Zonasi https://t.co/xAXYMKMygS","1677284947651072000","","","in","Jakarta Selatan, DKI Jakarta","0","0","0","https://twitter.com/aquidd/status/1677284947651072000","204488287","aquidd"
"1677270357466841089","Fri Jul 07 10:56:30 +0000 2023","0","#WhatsOnUnas #UnasNews Jakarta (Unas) Prodi Administrasi Publik Unas melangsungkan Kuliah Umum dengan tema Kebijakan Perwakilan RI di Luar Negeri : Upaya Perlindungan Anak Pekerja Migran Melalui Fasilitas Pendidikan di Semenanjung Malaysia https://t.co/Hy8YRGvA2B","1677270357466841089","","","in","Jakarta, Indonesia","0","0","0","https://twitter.com/UNAS1949/status/1677270357466841089","56605444","UNAS1949"
"1677250890728894465","Fri Jul 07 09:39:08 +0000 2023","16","SMERU melalui Program RISE di Indonesia meneliti mekanisme penyebaran inovasi kebijakan pendidikan di tingkat daerah dan bekerja sama dengan Pemprov DKI Jakarta melakukan kajian untuk merancang sistem pengembangan profesionalisme guru (PPG) berbasis kebutuhan. https://t.co/cZhjhuToEY","1677250890728894465","https://pbs.twimg.com/media/F0bKpXraEAU85np.jpg","","in","Jakarta Pusat, DKI Jakarta","0","2","7","https://twitter.com/SMERUInstitute/status/1677250890728894465","942851575","SMERUInstitute"
"1677208578141327361","Fri Jul 07 06:51:00 +0000 2023","0","Coba ada kajian tentang permasalahan Sekolah swasta terhadap dampak dari kebijakan baru tentang Zonasi Afirmasi dan Prestasi yang lebih menguntungkan sistem PPDB sekolah Negeri. Kompetisi atau memang monopoli pendidikan?","1677208578141327361","","","in","Kebumen, Indonesia","1","0","0","https://twitter.com/kangtoer/status/1677208578141327361","276662629","kangtoer"
"1677158345969655808","Fri Jul 07 03:31:24 +0000 2023","0","Hai #SobATRBPN Bekerjasama dengan Pusat Pendidikan dan Pelatihan Pengadaan Barang/Jasa Lembaga Kebijakan Pengadaan Barang/Jasa Pemerintah (LKPP) hari ini PPSDM Kementerian ATR/BPN menyelenggarakan Ujian Sertifikasi Pengadaan Barang/Jasa Pemerintah Level 1 Angkatan II https://t.co/FqNkg3jDMs","1677158345969655808","https://pbs.twimg.com/media/F0Z2kjRaEAEjntz.jpg","","in","Jl. Poros Bengkulu - Curup","0","0","0","https://twitter.com/KantahKabBT/status/1677158345969655808","2999489478","KantahKabBT"
"1676990327423639553","Thu Jul 06 16:23:45 +0000 2023","0","Sistem Zonasi adalah kebijakan politik orang kota menggilas orang desa. #pendidikan : solusi persatuan @UNICEFIndonesia @DPR_RI @DPDRI @mprgoid @Kemenag_RI @Kemdikbud_RI","1676990327423639553","","","in","Jakarta Barat, DKI Jakarta","0","0","0","https://twitter.com/al_istiqomahJKT/status/1676990327423639553","738568184802906112","al_istiqomahJKT"
"1676957816022794243","Thu Jul 06 14:14:34 +0000 2023","0","Hai #SobATRBPN Bekerjasama dengan Pusat Pendidikan dan Pelatihan Pengadaan Barang/Jasa Lembaga Kebijakan Pengadaan Barang/Jasa Pemerintah (LKPP) hari ini PPSDM Kementerian ATR/BPN menyelenggarakan Ujian Sertifikasi Pengadaan Barang/Jasa Pemerintah Level 1 Angkatan II. https://t.co/UQ3bDsfLj5","1676957816022794243","https://pbs.twimg.com/media/F0XAO-7aYAYsEUD.jpg","","in","Tais, Bengkulu","0","0","0","https://twitter.com/KantahKabSeluma/status/1676957816022794243","970504358788919296","KantahKabSeluma"
"1676901751746883584","Thu Jul 06 10:31:47 +0000 2023","1","Hai #SobATRBPN Bekerjasama dengan Pusat Pendidikan dan Pelatihan Pengadaan Barang/Jasa Lembaga Kebijakan Pengadaan Barang/Jasa Pemerintah (LKPP) hari ini PPSDM Kementerian ATR/BPN menyelenggarakan Ujian Sertifikasi ","1676901751746883584","","","in","Jl Akses Tol Cimanggis, Cikeas","0","1","2","https://twitter.com/PPSDM_ATRBPN/status/1676901751746883584","2905550185","PPSDM_ATRBPN"
"1676901691688632321","Thu Jul 06 10:31:33 +0000 2023","0","Kebijakan pendidikan baru masalah baru. Welcome stakeholders. We present new rencana aksi to solve this","1676901691688632321","","","in","Indonesia","0","0","1","https://twitter.com/justomatplain/status/1676901691688632321","953082550146146305","justomatplain"
"1676893756673638401","Thu Jul 06 10:00:01 +0000 2023","0","Anak-anak PMI di Malaysia secara umum terlepas dari status legalitasnya masih mengalami keterbatasan akses pendidikan karena kebijakan pendidikan yang restriktif terhadap anak non-warga negara Malaysia. https://t.co/14l2fUB5Dx #terkini","1676893756673638401","","","in","Jakarta","0","0","0","https://twitter.com/magdaleneid/status/1676893756673638401","1521159020","magdaleneid"
"1676819229121839105","Thu Jul 06 05:03:52 +0000 2023","1","Hmm.. Mengenai kebijakan dlm bersosial media strategi dr tenaga pendidik adalah meningkatkan kualitas pendidikan itu sendiri. Seperti apa yg hrs ditanamkan pd anak apa yg hrs jd titik fokus anak disosial media dll. Pengecekan scr berkala justru-","1676819229121839105","","","in","","0","1","0","https://twitter.com/januarif4u/status/1676819229121839105","1380845820468064258","januarif4u"
"1676754182777491456","Thu Jul 06 00:45:24 +0000 2023","0","ini kenapa pendidikan indonesia ga maju maju yang bikin kebijakan suka gatau lapangan kek maksud lo baik sih biar yang diterima di sekolah tuh jaraknya ga jauh tapi SNBP LO KIRA NGAMBILNYA DARI SEKOLAH ANTAH BERANTAH APA UNGGULAN YH?","1676754182777491456","","","in","caratland","0","1","0","https://twitter.com/godbooseoksoon/status/1676754182777491456","1351512201299836929","godbooseoksoon"
"1676751989466873856","Thu Jul 06 00:36:41 +0000 2023","0","Topik Diskusi Pagi ini: Survei KPK: Semakin Tinggi Pendidikan Integritas Turun. Apa faktornya? Lalu apa upaya yang harus dilakukan?. Berikut Guru Besar UPI Bandung/pengamat kebijakan pendidikan; Prof Cecep Darmawan #Now #LIVE #TOPIK #surveikpk #integritas cc: @upi_official","1676751989466873856","","","in","Semarang, Jawa Tengah","0","0","0","https://twitter.com/RadioIdolaSMG/status/1676751989466873856","385894867","RadioIdolaSMG"
"1676566779274076166","Wed Jul 05 12:20:43 +0000 2023","6","Kebijakan pendidikan yang tidak melihat kondisi lapangan itu akhirnya merugikan masyarakat. Menerapkan sistem zonasi spt negara2 maju tanpa melihat penyeberan sekolah2 negeri","1676566779274076166","","","in","Jakarta","2","1","0","https://twitter.com/Darmaningtyas/status/1676566779274076166","368674205","Darmaningtyas"
"1676503381454757888","Wed Jul 05 08:08:48 +0000 2023","0","Seorang guru bisa menjadikan siswanya seorang pemimpin hebat Tapi seorang pemimpin hebat belum tentu bisa membuat kebijakan hebat untuk mensejahterakan nasib guru. #pendidikan https://t.co/G4TRzazYMG","1676503381454757888","https://pbs.twimg.com/media/F0Qi7u5aEAI9T15.jpg","","in","Mojokerto","0","0","0","https://twitter.com/MochShofiyuddin/status/1676503381454757888","347328773","MochShofiyuddin"
"1676492382160973826","Wed Jul 05 07:25:06 +0000 2023","5","Kadang sedih kalo mendengar curhatan kepala sekolah yg terbebani macam2 persoalan birokrasi tapi sering jengkel jg kalo melihat kepala sekolah bikin kebijakan terkait dg uang yang membebani masyarakat dan tidak ada hubungannya dg peningkatan kualitas pendidikan kecuali bisnis","1676492382160973826","","","in","Jakarta","0","0","0","https://twitter.com/Darmaningtyas/status/1676492382160973826","368674205","Darmaningtyas"
"1675021744007172096","Sat Jul 01 06:01:18 +0000 2023","0","disisi lain kebijakan marketplace juga mempunyai dampak positif di antaranya adalah mengurangi jalur orang dalam di dunia pendidikan karena yg dapat menjadi guru adalah orang yg berkompeten dan profesional","1675021744007172096","","","in","Kab. Nganjuk","0","0","0","https://twitter.com/fajaragung2000/status/1675021744007172096","1110368969335005184","fajaragung2000"
