"conversation_id_str","created_at","favorite_count","full_text","id_str","image_url","in_reply_to_screen_name","lang","location","quote_count","reply_count","retweet_count","tweet_url","user_id_str","username"
"1774083087758237711","Sat Mar 30 14:35:43 +0000 2024","3","Seringnya orang bilang kebijakan pemerintah di bidang pendidikan tdk merata. Yuk simak testimoni P Syarifuddin guru didaerah 3T yg berhasil lulus progrm lpdp dan kemendikbudristek microcredential dr Harvard scr istimewa. https://t.co/nuL2mX7dp6","1774083087758237711","","","in","Palembang","0","0","1","https://twitter.com/arman_syah/status/1774083087758237711","43368788","arman_syah"
"1773950577850147169","Sat Mar 30 05:49:10 +0000 2024","0","Kelas menengah semakin terhimpit dan terjepit. Tolong lah pemangku kebijakan berempati dikit. Inflasi pendidikan tinggi. Inflasi kesehatan tinggi. Pajak naik. Beli rumah cicil KPR 15 tahun belum lagi harga properti hari senin naik .","1773950577850147169","","","in","Semesta Alam","0","1","0","https://twitter.com/gunsitoruss/status/1773950577850147169","1212660082271350785","gunsitoruss"
"1773937725034709238","Sat Mar 30 04:58:06 +0000 2024","0","apapun kebijakan pendidikan skrng tuh malah ruined the sistem","1773937725034709238","","","in","Central Java, Indonesia","0","0","0","https://twitter.com/anggagilangp_/status/1773937725034709238","2251549686","anggagilangp_"
"1773936743689126285","Sat Mar 30 04:54:12 +0000 2024","11","Mas percaya nggak kalo kebijakan uang hangus kayak gitu itu bagian dari permainan mafia pendidikan? Saya juga pernah jadi korban malah levelnya cuman untuk masuk SMP.","1773936743689126285","","","in","","0","1","3","https://twitter.com/gandjar_bondan/status/1773936743689126285","289712324","gandjar_bondan"
"1773758171628388624","Fri Mar 29 17:04:37 +0000 2024","3288","Ramaikan biar yang bikin kebijakan bisa berempati dikit sama kelas menengah yang serba kejepit. Inflasi pendidikan tinggi. Inflasi kesehatan tinggi. Pajak naik. Beli rumah cicil KPR 25 tahun belum lagi harga properti hari senin naik .","1773758171628388624","","","in","Instagram: @fellexandro","52","30","2392","https://twitter.com/fellexandro/status/1773758171628388624","233936130","fellexandro"
"1773676623734231230","Fri Mar 29 11:40:35 +0000 2024","0","Sch! Guys mending Pil 1 : kebijakan pendidikan uny Pil 2: teknologi pendidikan unnes Atau Pil 1 : teknologi pendidikan unnes Pil 2 : kebijakan pendidikan uny","1773676623734231230","","","in","Paid Promote/ Partnership 👇🏻","0","1","0","https://twitter.com/schfess/status/1773676623734231230","1201673806156161025","schfess"
"1773596418848010666","Fri Mar 29 06:21:52 +0000 2024","2","pantesan bikin kebijakan pendidikan ga ada mata pelajaran /gabung maunya literasi semua penalaran aja UTBK juga literasi ga perlu tau hukum/rumus/konsep/istilah sejenisnya yg penting nalar aja makanya semua peraturan dan perundang2an ditabrak semua yg penting nalarnya masuk","1773596418848010666","","","in","Jakarta","0","1","1","https://twitter.com/fai_bigheart/status/1773596418848010666","406285405","fai_bigheart"
"1773590927245820336","Fri Mar 29 06:00:03 +0000 2024","0","ptn! bantu pilih mending Pil 1 : kebijakan pendidikan uny Pil 2: teknologi pendidikan unnes Atau Pil 1 : teknologi pendidikan unnes Pil 2 : kebijakan pendidikan uny","1773590927245820336","","","in","RULES 👉","0","1","0","https://twitter.com/sbmptnfess/status/1773590927245820336","1205629250423779328","sbmptnfess"
"1773560830946127985","Fri Mar 29 04:00:27 +0000 2024","0","Kebijakan Pendidikan: dari Filosofi ke Implementasi Dr. H. A. Rusdiana M.M. Pustaka Setia 2015 263 halaman Rp. 25.000 - #kebijakanpendidikan #arusdiana https://t.co/Nl4SXua5G4","1773560830946127985","https://pbs.twimg.com/media/GJz0LAza0AAmDlL.jpg","","in","Kota Medan, Sumatera Utara","0","1","0","https://twitter.com/ynzpenjualbuku/status/1773560830946127985","1340768529331589120","ynzpenjualbuku"
"1773383475577725293","Thu Mar 28 16:15:43 +0000 2024","3","ini yang disampaikan afkar beberapa minggu yang lalu mengenai keresahan dia hidup di komunitas ini. keresahan tentang feodalisme pendidikan yang sempat dialaminya saat masih nyantri. hanya mempertanyakan kenapa kebijakan pondok yang melaksanakan acara di minggu ujian sekolah","1773383475577725293","","","in","pogung heritage ","0","1","0","https://twitter.com/rrriidho/status/1773383475577725293","1251541065150001152","rrriidho"
"1773352040699207785","Thu Mar 28 14:10:48 +0000 2024","9","Buka Puasa Bersama PSPK (Pusat Studi Pendidikan dan Kebijakan) bersama sahabat2 pendidikan Mbak Ela Mas Ulil Mbak Nisa Mas Nino Mbak Elin Mbak Jazz dll. 28.03.2024. https://t.co/HzWRfL92Mg","1773352040699207785","https://pbs.twimg.com/media/GJw2RaIXEAAU6ho.jpg","","in","Indonesia 🇮🇩","1","1","3","https://twitter.com/AlphaARachman/status/1773352040699207785","118469158","AlphaARachman"
"1773305718147277031","Thu Mar 28 11:06:44 +0000 2024","0","Setiap melakukan perubahan kebijakan di bidang pendidikan pemerintah selalu abai kondisi di lapangan. Mereka hny memberi komando dari kantor tanpa memetakan kondisi sesungguhnya di sekolah sekolah. Sistem zonasi tp sekolah tak di bangun. Hadeh.... https://t.co/sovQJqYj17","1773305718147277031","","","in","","0","0","0","https://twitter.com/SimbolonBilma/status/1773305718147277031","1551434984371564546","SimbolonBilma"
"1773229085935698167","Thu Mar 28 06:02:13 +0000 2024","0","Lebih penting mana makan gratis sama pendidikan gratis? Lebih penting kedua nya lah Makan gratis utk mencegah stunting (di negara maju ada kok yg ngadain ntuh kebijakan). Tentu ada kelebihan dan kekurangannya","1773229085935698167","","","in","kemiling ","0","2","0","https://twitter.com/bzzxra/status/1773229085935698167","1389518293493424129","bzzxra"
"1773208571250942217","Thu Mar 28 04:40:42 +0000 2024","7","Ngerinya uang kuliah ini bisa naik 2-3x lipat inflasi kalo skema student loan dilazimkan. (Saat itu) Menteri Pendidikan Amerika William J Bennett menulis di tahun 1987 teorinya bahwa kebijakan federal berupa student loan membuat universitas bisa menaikkan biaya seenaknya.","1773208571250942217","","","in","","1","0","0","https://twitter.com/lutfithe13th/status/1773208571250942217","6689892","lutfithe13th"
"1773192613887160348","Thu Mar 28 03:37:18 +0000 2024","0","Pendidikan Islam di Thailand : Merangkul Kebinekaan dalam Kebijakan Pendidikan https://t.co/E2TGn4SYrP #Thailand #MuslimThailand #Islam #Islami #Syariah","1773192613887160348","","","in","Riau, Indoneisa","0","0","0","https://twitter.com/tanpauangmuka/status/1773192613887160348","2887293560","tanpauangmuka"
"1773155413136986399","Thu Mar 28 01:09:28 +0000 2024","0","Selamat pagi Indonesia. Pendidikan Indonesia memasuki babak baru dengan keluarnya Permendikbud Nomor 12 Tahun 2024 tentang Kurikulum PAUD Sekolah Dasar dan Sekolah Menengah. Kebijakan yang menurut bbrp pihak didasarkan pd paradigma liberalisme dengan ciri fleksibilitas","1773155413136986399","","","in","","0","0","0","https://twitter.com/RomoParyanto/status/1773155413136986399","1395283781712367618","RomoParyanto"
"1773093444916830480","Wed Mar 27 21:03:14 +0000 2024","0","Itulah kenapa pendidikan di indonesia ga jelas. Angkat pembuat kebijakan yg gapernah tau ada di ranah tsb dari bawah","1773093444916830480","","","in","","0","0","0","https://twitter.com/WansCahMams/status/1773093444916830480","898801866741383170","WansCahMams"
"1773080088944198104","Wed Mar 27 20:10:10 +0000 2024","0","W muak sih tiap ganti menteri pendidikan ngubah kurikulum. Berapa banyak angkatan yg udah jadi kelinci percobaan dari setiap kebijakan ngawur kek gini coba?","1773080088944198104","","","in","Es be ye","0","0","0","https://twitter.com/andree_enyadua/status/1773080088944198104","1505203487902093313","andree_enyadua"
"1773034794768580833","Wed Mar 27 17:10:11 +0000 2024","0","Pak Nadiem ini menyulut kemarahan warga NKRI. Kau ini antek Komunis ya ?? Kalau sampai beneran terjadi mapel Agama dihapus dari kurikulum pendidikan hidup anda dan keluarga mungkin tak akan tenang sedetik pun hingga anda mengatakan siapa yang memesan kebijakan tsb.","1773034794768580833","","","in","","0","0","0","https://twitter.com/henry_vandell/status/1773034794768580833","241232789","henry_vandell"
"1772754135286522052","Tue Mar 26 22:34:56 +0000 2024","6","Semoga pas anak-anak kicik di rmh msk umur sekolah kurikulum udah ganti &amp; dosa besar pendidikan yg namanya Nadiem itu udah ga jd pemangku kebijakan apa apa lg di pemerintahan.","1772754135286522052","","","in","Jakarta Capital Region","0","0","0","https://twitter.com/danaedeanedo/status/1772754135286522052","1100311555785117696","danaedeanedo"
"1772533944925224995","Tue Mar 26 07:59:59 +0000 2024","0","Pemkab Bekasi menerima Kunjungan Kerja Tim Spesifik dari Komisi X Dewan Perwakilan Rakyat Republik Indonesia (DPR RI) di Bidang Pendidikan dalam rangka membahas kebijakan pemerintah daerah tentang pencegahan dan penanganan kekerasan di lingkungan satuan pendidikan. https://t.co/lMMNmvxrk4","1772533944925224995","https://pbs.twimg.com/media/GJlONLPacAAxJNy.jpg","","in","Bekasi, Jawa Barat","0","1","0","https://twitter.com/pemkabekasi/status/1772533944925224995","834221193485901824","pemkabekasi"
"1772526845763924021","Tue Mar 26 07:31:46 +0000 2024","0","dapet info kebijakan pendidikan yg daftar 600an dan yg keterima cuma 8 orang....","1772526845763924021","","","in","","0","2","0","https://twitter.com/aliplolosptn/status/1772526845763924021","1740305051703554048","aliplolosptn"
"1772246642684535258","Mon Mar 25 12:58:21 +0000 2024","0","Salam perpisahan buat kang @AlfianBahri47 Mari kita kawal kebijakan pendidikan negeri ini dengan mengkritik sekeras-kerasnya dan membantu sebesar-besarnya! #lawanmiskonsepsi https://t.co/P9GxBor31a","1772246642684535258","","","in","Barabai","0","0","0","https://twitter.com/karuniaku/status/1772246642684535258","106447372","karuniaku"
"1772202248476475485","Mon Mar 25 10:01:56 +0000 2024","0","Konselor Kebijakan Pertahanan🇦🇺 Mr Chris McIlwain bertemu dgn Aspers Panglima TNI Marsda TNI Arif Widianto utk mendiskusikan pertemuan Sub-Komite Pendidikan &amp; Pelatihan Gabungan🇦🇺🇮🇩 yg akan datang di🇦🇺. Kerja sama pendidikan adalah bagian mendasar dari hubungan pertahanan kita. https://t.co/PMJ4gseW56","1772202248476475485","https://pbs.twimg.com/media/GJgggXlbUAANC25.jpg","","in","Jakarta, Indonesia","0","0","0","https://twitter.com/IKAHANid/status/1772202248476475485","284397640","IKAHANid"
"1772194738143203705","Mon Mar 25 09:32:06 +0000 2024","3","Muhamad Nur Purnamasidi menegaskan Kemenhub dan Kemendikbudristek harus melakukan penyelerasan kebijakan terkait kurikulum pendidikan SMK penerbangan. #partaigolkar #golkarprabowo #golkarpedia #prabowogibran2024 #MuhamadNurPurnamasidi https://t.co/8na3j7UaMb https://t.co/WgKgyuevph","1772194738143203705","https://pbs.twimg.com/media/GJgZuM-boAA7c4Z.jpg","","in","","0","0","5","https://twitter.com/Golkar_News/status/1772194738143203705","1576559606083424256","Golkar_News"
"1771893310552220121","Sun Mar 24 13:34:20 +0000 2024","0","Walaupun sa bukan marxian tulen tapi bahasan soal kemiskinan struktural memang sepantasnya di bicarakan di forum2 publik. Baik sebagai premis tuk mengkritisi kebijakan negara maupun pendidikan guna mengcounter wacana govt tentang kemiskinan hanya properti bukan individu","1771893310552220121","","","in","Indonesia","0","0","0","https://twitter.com/tutuspambudi/status/1771893310552220121","89136386","tutuspambudi"
"1771820598702059599","Sun Mar 24 08:45:24 +0000 2024","2","I agree with this tweet on so many levels. Gw yakin bgt banyak kebijakan transum pendidikan ketenagakerjaan perencanaan kesehatan dkk. itu emang bener u/ tackle masalah yg REAL tp krn policy makernya gak terdampak secara langsung jadinya problem solvingnya shallow bgt","1771820598702059599","","","in","","0","1","0","https://twitter.com/youonev/status/1771820598702059599","235069572","youonev"
"1771743411051368658","Sun Mar 24 03:38:41 +0000 2024","0","Kayak kurikulum pendidikan nggak tau ini tuh kalo bikin kebijakan nggak ada uji coba dulu apa gimana ya? Ambil sampel di sekolah pelosok sekolah kota sekolah elit gitu. Trus nanti hasil uji coba di evaluasi baru ngeluarin kebijakan.","1771743411051368658","","","in","esp #redvelvet & #bts","0","1","0","https://twitter.com/likestoptherain/status/1771743411051368658","1378653078392467460","likestoptherain"
"1771464934028632126","Sat Mar 23 09:12:07 +0000 2024","48","Gua yakin pendidikan Luh tinggi buk Tpi ko belegug parah si.!! Gak bisa bedain mana benci personal mana benci kebijakan nya Jngn terlalu mencintai manusia melebihi rasa cintamu pada tuhan mu Faham kan.??","1771464934028632126","","","in","İstanbul, Türkiye","1","5","10","https://twitter.com/Karinbahary2/status/1771464934028632126","1070798687327186945","Karinbahary2"
"1771386919353565457","Sat Mar 23 04:02:07 +0000 2024","0"," ngomongin kualitas guru padahal yang harus di pinpoint kebijakan pemerintah di pendidikan yang ga masuk akal","1771386919353565457","","","in","she/her | bi aroace ","0","1","0","https://twitter.com/txtdaricloudy/status/1771386919353565457","1400750417844133894","txtdaricloudy"
"1771381537076089082","Sat Mar 23 03:40:43 +0000 2024","0","Apa yg buat kamu gigih banget mau lanjut S2? Karna aku mau terus belajar aku beneran pgn trs belajar. Terlalu muluk kalo aku bilang mau terus sekolah sampe jadi Profesor. Terus aku ubah deh kebijakan pendidikan. Intinya aku mau berkontribusi ttg pendidikan sih kalo bisa ya..","1771381537076089082","","","in","DKI Jakarta, Indonesia","0","0","0","https://twitter.com/nayeppeuji/status/1771381537076089082","1309683698434895873","nayeppeuji"
"1771357332880212227","Sat Mar 23 02:04:33 +0000 2024","0","Terkait kebijakan pendidikan kita berharap pemerintah peka dalam mendengar suara yang jernih dari lapangan pendidikan. https://t.co/59KhSJ6Cla #Opini #AdadiKompas","1771357332880212227","","","in","Palmerah, Jakarta","0","0","2","https://twitter.com/hariankompas/status/1771357332880212227","255866913","hariankompas"
"1771357330007060864","Sat Mar 23 02:04:32 +0000 2024","0","Terkait kebijakan pendidikan kita berharap pemerintah peka dalam mendengar suara yang jernih dari lapangan pendidikan. https://t.co/IrygdsgSRw #Opini #AdadiKompas","1771357330007060864","","","in","Palmerah, Jakarta","0","0","0","https://twitter.com/KompasData/status/1771357330007060864","771030588","KompasData"
"1771299821699334512","Fri Mar 22 22:16:01 +0000 2024","0","Parpol? gakda urusin rakyat data kemiskinan korupsi alokasi anggaran yg gak sesuai kebijakan hutang mendatangkan TKA biaya pendidikan kesehatan tinggi harga pangan melambung rakyat protes ditangkapi setuju2 aja dg rejim gila ini 10 thn PRET DGN PARTAI !!.","1771299821699334512","","","in","","0","0","0","https://twitter.com/lopefutin/status/1771299821699334512","1603746480707104768","lopefutin"
"1771285287185924468","Fri Mar 22 21:18:16 +0000 2024","0"," ini salah siapa? ehmmm yang bikin kebijakan untuk pendidikan sekarang siapa ya","1771285287185924468","","","in","progress bisa dilihat di  ","0","0","0","https://twitter.com/inimayii/status/1771285287185924468","1129348023568412673","inimayii"
"1771218714181947424","Fri Mar 22 16:53:43 +0000 2024","1","Complicated bgt masalah pendidikan ini baik dari siswa guru orang tua pemegang kebijakan dll Generasi mendatang sangat mengkhawatirkan ","1771218714181947424","","","in","","0","0","0","https://twitter.com/scopamin/status/1771218714181947424","1429477020862349315","scopamin"
"1771118125511266433","Fri Mar 22 10:14:01 +0000 2024","0","belasan ribu siswa penerbangan yang tidak jelas masa depannya. Anggota Komisi X DPR RI Muhamad Nur Purnamasidi menegaskan bahwa Kemenhub dan Kemendikbudristek harus melakukan penyelerasan kebijakan kurikulum pendidikan. #SMK #penerbangan Baca selengkapnya https://t.co/UVhW4cGFPB","1771118125511266433","","","in","","0","0","0","https://twitter.com/heralddotID/status/1771118125511266433","1698580133068865536","heralddotID"
"1771099989239836713","Fri Mar 22 09:01:57 +0000 2024","0","Asli bikin sebel sistem pendidikan Indonesia tuh nih nanti ganti mentri ganti kebijakan ganti kurikulum hayo weh ganti","1771099989239836713","","","in","Connecticut, USA","0","1","0","https://twitter.com/Jaenees1/status/1771099989239836713","1150357923677134848","Jaenees1"
"1771070264144445472","Fri Mar 22 07:03:50 +0000 2024","0","Gw tuh emang selalu gedeg sama pemerintah dari duluuuu bgt. Ini bahkan sebelum era jokowi ye. Karna pemerintah tuh selalu ga beres kebijakan nya. Salah satu nya ya masalah pendidikan yang kyk gini","1771070264144445472","","","in","In your area","0","0","0","https://twitter.com/Kimchoonim/status/1771070264144445472","875868069511352320","Kimchoonim"
"1771024872635802060","Fri Mar 22 04:03:28 +0000 2024","1","Integrasi teknologi dlm pendidikan itu bagus. Tp semestinya pengambil kebijakan pendidikan di negeri ini tdk latah. Hanya krm negara lain mampu serba online tdk berarti kita jg sdh bisa. Hrs diakui Infrastruktur mrk lebih baik. Seharusnya kita ngaca dulu sebelum buat kebijakan...","1771024872635802060","","","in","","0","0","2","https://twitter.com/Afir24/status/1771024872635802060","52528240","Afir24"
"1770938699145998761","Thu Mar 21 22:21:02 +0000 2024","0","300 FK? mending lu buat kebijakan pendidikan terjangkau aja (kalo gratis kejauhan) ini gue pengap banget sama segala biayanya. menurut gue pendidikan jauh lebih bermanfaat untuk long-term daripada makan gratis yg gajelas malah sampe saat ini belum nemu konsepnya seperti apa.","1770938699145998761","","","in","","0","1","0","https://twitter.com/nasidadangaja/status/1770938699145998761","1642416256879034368","nasidadangaja"
"1770806899753050252","Thu Mar 21 13:37:19 +0000 2024","1","Kegiatan Pelatihan Pengawas Sekolah dalam Implementasi Kebijakan Merdeka Belajar pada Satuan Pendidikan Angkatan 2 region Bekasi dan Bogor dilaksanakan pada 18 s.d 22 Maret 2024 . https://t.co/mRj2uXcweG","1770806899753050252","https://pbs.twimg.com/media/GJMreC0X0AABEXT.jpg","","in","Bandung, Jawa Barat","0","1","0","https://twitter.com/bbgp_jabar/status/1770806899753050252","796930412668825601","bbgp_jabar"
"1770802520316653955","Thu Mar 21 13:19:55 +0000 2024","0","Bedanya kalo pendidikan rakyatnya ga rendah itu sebelum banjir bandang datang rakyat udah bisa mikir kalo kebijakan ini akan berdampak buruk cepat atau lambat. Berhubung rakyat sengaja dibikin bego biaya kuliah sengaja dimahalin pas banjir gini baru deh mikir.","1770802520316653955","","","in","","0","0","1","https://twitter.com/r3nhartono/status/1770802520316653955","946263071743385602","r3nhartono"
"1770769821862400268","Thu Mar 21 11:09:59 +0000 2024","0","Memange terpecah? Oposisi - Koalisi itu pendidikan berpolitik bos! Nek awakmu gawe kebijakan bagus yo tak apresiasi nek ngawur yo tak sruduk. Koe ora dewa seng mesti benere.","1770769821862400268","","","in","Central Java, Indonesia","0","0","0","https://twitter.com/satudua3lima1/status/1770769821862400268","1483685736545394688","satudua3lima1"
"1770721873510232214","Thu Mar 21 07:59:27 +0000 2024","0","Sistem pendidikan yg membuat dia punya ilmu adalah produk kebijakan negara yg menganut sistem demokrasi.. Rakyat bisa naik haji juga di atur oleh sistem yg dihasilkan dr negara yg menganut demokrasi.. Jika masih buruk dalam pelaksanaannya berusahalah ikut memperbaiki","1770721873510232214","","","in","wakanda no more","0","0","0","https://twitter.com/wongWedokBakoh/status/1770721873510232214","1748541587423158272","wongWedokBakoh"
"1770625026259357709","Thu Mar 21 01:34:37 +0000 2024","0","Topik Diskusi Pagi ini: Bagaimana mestinya negara mendayagunakan peran swasta di dunia pendidikan?. Berikut pendapat Guru Besar Universitas Pendidikan Indonesia (UPI) Bandung/pengamat kebijakan pendidikan; Prof Cecep Darmawan #NOW #LIVE #TOPIK #peranswasta #duniapendidikan","1770625026259357709","","","in","Semarang, Jawa Tengah","0","0","0","https://twitter.com/RadioIdolaSMG/status/1770625026259357709","385894867","RadioIdolaSMG"
"1770608171511697558","Thu Mar 21 00:27:39 +0000 2024","0","Selamat dan sukses kepada ibu Vamelia Ibrahim (bunda PAUD Tana Tidung) sebagai penerima piagam penghargaan kebijakan merdeka belajar oleh balai penjaminan mutu pendidikan provinsi kalimantan utara https://t.co/v49KFYvIGV","1770608171511697558","https://pbs.twimg.com/media/GJJ2vlvaoAAoWWw.jpg","","in","Sesayap, Kabupaten Tana Tidung","0","0","0","https://twitter.com/Diskominfo_KTT/status/1770608171511697558","1162205479126179841","Diskominfo_KTT"
"1770580750167155191","Wed Mar 20 22:38:41 +0000 2024","0","Cek Fakta: Anies sebut kebijakan pendidikan antara sekolah negeri dan swasta tidak setara. Benarkah demikian? https://t.co/BC6epEro1b","1770580750167155191","","","in","United Kingdom","0","0","0","https://twitter.com/wotasepur/status/1770580750167155191","1604473330936909824","wotasepur"
"1770574533897887900","Wed Mar 20 22:13:59 +0000 2024","0","KEBIJAKAN PENDIDIKAN Kurikulum Merdeka untuk Siapa? Kurikulum Merdeka adalah produk yang belum selesai. Sebab dicoba dulu (2020) naskah akademiknya belakangan (2022). Baca Iman Zanatul Haeri di Opini https://t.co/fqHmAe8ooy https://t.co/njFgfxng5n @hariankompas","1770574533897887900","","","in","","0","0","0","https://twitter.com/tatisamhadi/status/1770574533897887900","1445984430258982913","tatisamhadi"
"1770566847899042246","Wed Mar 20 21:43:26 +0000 2024","0","Prabowo dlu paling koar² &amp; drama skrg dia pakai cara yg tepat karena istana punya kendali ditambah SDM kita rendah yg masih menghamba pada istana alias penjilat penguasa kabeh mereka g pernah berfikir bobroknya kebijakan pemerintah inilah akibat kurangnya pendidikan politik.","1770566847899042246","","","in","","0","0","0","https://twitter.com/itsmeeerun/status/1770566847899042246","1241332551282618369","itsmeeerun"
"1770555990695641517","Wed Mar 20 21:00:18 +0000 2024","13","Apa persamaan antara 'cari pasangan' dengan 'kebijakan pendidikan antara sekolah negeri dan swasta'? Harus sama-sama setara ️ https://t.co/96MHzWpJJc https://t.co/mLZyNSmlxa","1770555990695641517","https://pbs.twimg.com/media/GJJHSWbawAA3AOg.jpg","","in","Jakarta Capital Region","0","1","5","https://twitter.com/ConversationIDN/status/1770555990695641517","892211698030989312","ConversationIDN"
"1770425625045774795","Wed Mar 20 12:22:16 +0000 2024","0","Masyarakat Jawa Timur merasakan adanya perubahan positif dalam sektor pendidikan berkat kebijakan Pak Ganjar. Ganjar Pranowo - Hanya dia yang betul merakyat dan akan berbuat lebih demi rakyat @Kaslana75 #KitaAdalahTiga #BanggaBersamaGPMMD https://t.co/0wmdGXQQV4","1770425625045774795","https://pbs.twimg.com/ext_tw_video_thumb/1770425542132850688/pu/img/j3IYBE8ZfqbJ4a7p.jpg","","in","Tasikmalaya","0","0","0","https://twitter.com/_AzisRifai/status/1770425625045774795","1681885405849993221","_AzisRifai"
"1770420949667733542","Wed Mar 20 12:03:41 +0000 2024","0","Peran Komite Sekolah sangat penting dalam membangun pendidikan berkelanjutan. Komite Sekolah memberikan pertimbangan (advisory agency) dalam penentuan dan pelaksanaan kebijakan pendidikan di satuan pendidikan. https://t.co/AOtEBbvo6G","1770420949667733542","https://pbs.twimg.com/media/GJHMdDcbwAAez1g.jpg","","in","Batu, Indonesia","0","0","1","https://twitter.com/prokopimkwb/status/1770420949667733542","1579306262","prokopimkwb"
"1770410514591687165","Wed Mar 20 11:22:13 +0000 2024","0","JPPI menggugat kebijakan pendidikan dasar tanpa biaya yang dinilai masih diskriminatif. https://t.co/YSPjBvlcQC","1770410514591687165","","","in","Jakarta Capital Region, Indone","0","0","0","https://twitter.com/validnewsid/status/1770410514591687165","874558344593195008","validnewsid"
"1770378384788631846","Wed Mar 20 09:14:33 +0000 2024","0","Digitalisasi Pendidikan hadir kembali! Ikuti rangkaian webinar seputar Kebijakan Nama Domain dan Pembuatan Website untuk Personal Brand bareng Kak Aditya Hasibuan dan Kak Syahrul Munir dari @jagoanhosting https://t.co/ugGaUBUCj0","1770378384788631846","https://pbs.twimg.com/media/GJGliFiaQAADTgj.jpg","","in","Indonesia","0","2","0","https://twitter.com/Pandi_ID/status/1770378384788631846","354953130","Pandi_ID"
"1769957018964484385","Tue Mar 19 05:20:12 +0000 2024","77","Nulis tweet nostalgia jaman2 ngajar di kelas memang bikin kangen suasana kelas. Tapi gw udah mutusin stop dari pendidikan. Eneg bgt klo liat denger &amp; baca kebijakan pendidikan dari Kementrian. Tensi naik dan selalu mau muntah. Psikis mungkin tapi parah.","1769957018964484385","","","in","Milky way, Sol, Earth, Cinere","3","6","8","https://twitter.com/kamentrader/status/1769957018964484385","75786723","kamentrader"
"1769906825942728831","Tue Mar 19 02:00:45 +0000 2024","0","Pernah dengar tentang visi Indonesia Emas 2045? Kolaborasi antara pemerintah dan sektor swasta terkait pendidikan sangat dibutuhkan untuk mencapai visi Indonesia Emas 2045. Dengan kolaborasi yang erat dan kebijakan yang tepat pendidikan di Indonesia akan semakin berkualitas!","1769906825942728831","","","in","Jakarta, Indonesia","0","1","0","https://twitter.com/cips_id/status/1769906825942728831","3146528560","cips_id"
"1769901582718783727","Tue Mar 19 01:39:55 +0000 2024","0","#NOW #Liveinterview Kepala Bappeda Kota Pekalongan Cayekti Widigdo membahas Pemkot Bekerjasama dengan Unicef dan Arah Kebijakan Pembangunan Bidang Pendidikan https://t.co/X8bR3Uq8Nd","1769901582718783727","https://pbs.twimg.com/media/GI_0GP4b0AEViu6.jpg","","in","Kota Pekalongan","0","0","0","https://twitter.com/radio_kotabatik/status/1769901582718783727","214386161","radio_kotabatik"
"1769731169656910308","Mon Mar 18 14:22:45 +0000 2024","6","We actually have that kebijakan afirmasi/affirmative action di berbagai program pemerintah dr beasiswa hingga rekrutmen ASN. Mungkin akan ada masanya kebijakan afirmasi ini akan berhenti ketika pendidikan sdh merata/kesejahteraan meningkat/tdk ada ketimpangan struktural lagi.","1769731169656910308","","","in","Indonesia","0","0","1","https://twitter.com/KKusumawardani/status/1769731169656910308","353985663","KKusumawardani"
"1769700298673791040","Mon Mar 18 12:20:05 +0000 2024","1","[Call For Papers FELT Indonesia 2024] FELT Indonesia 2024 kembali hadir pada 22-23 Juli 2024 mendatang! FELT Indonesia kembali mengundang peneliti akademisi pakar pendidikan analis kebijakan dan mahasiswa untuk mengirimkan paper riset yang akan dipresentasikan [1] https://t.co/0XTwuYMDAu","1769700298673791040","https://pbs.twimg.com/media/GI88UkXaUAA-W2T.jpg","","in","Pasar Minggu, Jakarta Selatan","0","1","3","https://twitter.com/article_33/status/1769700298673791040","619815912","article_33"
"1769700079345029550","Mon Mar 18 12:19:13 +0000 2024","0","RAPORT PENDIDIKAN SEBAGAI LANDASAN ARAH DAN KEBIJAKAN INTERNAL - Geografi Beta https://t.co/qNpLnw025O","1769700079345029550","","","in","Namrole, Buru Selatan, Maluku","0","0","0","https://twitter.com/jehensa/status/1769700079345029550","1210447468720054272","jehensa"
"1769691364223311968","Mon Mar 18 11:44:35 +0000 2024","0","Kebijakan Pusat Berubah Nasib Ratusan Guru PAI di Jember Tak Jelas. Nasib program Pendidikan Profesi Guru (PPG) ratusan orang guru mata pelajaran Pendidikan Agama Islam (PAI) tingkat https://t.co/ebIqOPzk7a #PendidikanKesehatan #DPRDJember #gurujember via @beritajatimcom","1769691364223311968","","","in","Surabaya","0","0","0","https://twitter.com/beritajatimcom/status/1769691364223311968","21287066","beritajatimcom"
"1769658340622352796","Mon Mar 18 09:33:21 +0000 2024","29","Semoga aja orang dengan pikiran ini bukan pemangku kebijakan pendidikan kita.","1769658340622352796","","","in","","0","5","11","https://twitter.com/zanatul_91/status/1769658340622352796","88120377","zanatul_91"
"1769631245917663661","Mon Mar 18 07:45:41 +0000 2024","0","BBGP Provinsi Jawa Barat menggelar Pelatihan Peran Pengawas Sekolah dalam Implementasi Kebijakan Merdeka Belajar pada Satuan Pendidikan Gelomgang ke-1. Kegiatan berlangsung selama 4 hari dimulai pada Rabu (13/03) hingga Minggu (17/03). https://t.co/MOVqov9giL","1769631245917663661","https://pbs.twimg.com/media/GI7-NgwaoAAFakH.jpg","","in","Bandung, Jawa Barat","0","1","0","https://twitter.com/bbgp_jabar/status/1769631245917663661","796930412668825601","bbgp_jabar"
"1769258939643044021","Sun Mar 17 07:06:17 +0000 2024","0","Mas Ganjar membuktikan bahwa kebijakan pendidikan yang baik dapat menjadi fondasi pembangunan bangsa yang kokoh. Tiga Kali Lebih Sejahtera Untuk Indonesia Hebat! @Derry_R17 #KitaAdalahTiga #BanggaBersamaGPMMD https://t.co/YUevilaX0a","1769258939643044021","https://pbs.twimg.com/media/GI2rn76bEAAfpiU.jpg","","in","Kupang","0","0","0","https://twitter.com/ivaahraa/status/1769258939643044021","1695396338329071617","ivaahraa"
"1769257983694065920","Sun Mar 17 07:02:29 +0000 2024","0","Ganjar membuktikan bahwa kebijakan pendidikan yang baik dapat menjadi fondasi pembangunan bangsa yang kokoh. Tiga Kali Lebih Sejahtera Untuk Indonesia Hebat! #KitaAdalahTiga #BanggaBersamaGPMMD https://t.co/P0z50nK1z5","1769257983694065920","https://pbs.twimg.com/media/GI2qwX5a0AAi7ub.jpg","","in","Pasuruan","0","0","0","https://twitter.com/riarosaliiaa/status/1769257983694065920","1687714505885933569","riarosaliiaa"
"1769189904452558931","Sun Mar 17 02:31:57 +0000 2024","0","To add and not deny op's point ini gak cuma kebijakan pendidikan sih tapi just politics in general (yg mana menaungi kebijakan pendidikan juga). Begitu udah ngeh soal ini ngebaca arah kebijakan jadi lebih mudah","1769189904452558931","","","in","she/her | 21+","0","0","0","https://twitter.com/hisokarta/status/1769189904452558931","1286674445076008960","hisokarta"
"1768848016109457722","Sat Mar 16 03:53:25 +0000 2024","0","Kapan hari FGD pelaksanaan salah satu kebijakan pemerintah terkait pendidikan. Dari tadi yg saya denger kritik terus ya apakah ngga ada apresiasinya? . ","1768848016109457722","","","in","Citraland Gang Buntu","0","0","1","https://twitter.com/gadisfilter/status/1768848016109457722","1708141125591257088","gadisfilter"
"1768842725963768071","Sat Mar 16 03:32:24 +0000 2024","0","Melalui kebijakan pendidikan Mas Ganjar memberikan akses yang lebih luas bagi anak-anak masyarakat Jawa Barat. Ganjar Pranowo - Hanya dia yang betul merakyat dan akan berbuat lebih demi rakyat @sasaaa_saaa #KitaAdalahTiga #BanggaBersamaGPMMD https://t.co/FPS1WT024H","1768842725963768071","https://pbs.twimg.com/media/GIwxEnoacAAPu0i.jpg","","in","Dumai","0","0","0","https://twitter.com/FitrianiBul/status/1768842725963768071","1687390755298615296","FitrianiBul"
"1768820244251115871","Sat Mar 16 02:03:03 +0000 2024","9","alasan knp otonomi daerah itu justru kebijakan blunder ato setidaknya too soon lah terlalu byk org2 tolol &amp; raja2 kecil yg dikasih kekuasaan Burleigh pdhl kerjanya ga becus korupsi kenceng sektor yg paling kerasa kemundurannya : pendidikan kesehatan administrasi","1768820244251115871","","","in","Heavenly Falls ","0","2","6","https://twitter.com/RayregaliaV3rs/status/1768820244251115871","1423559582564028417","RayregaliaV3rs"
"1768762852767387997","Fri Mar 15 22:15:00 +0000 2024","0","Pendidikan kebijakan sistem pemerintahan.","1768762852767387997","","","in","rps ","0","0","0","https://twitter.com/bunabinnie/status/1768762852767387997","1359053123868717056","bunabinnie"
"1768598934002569386","Fri Mar 15 11:23:39 +0000 2024","0","Program ini adalah bukti bahwa ketidaksetaraan dalam pendidikan dapat diatasi melalui kebijakan yang tepat. . Ganjar Pranowo terbukti lebih baik @BukanKamuoe #KitaAdalahTiga #BanggaBersamaGPMMD https://t.co/ZWeRAlhbo3","1768598934002569386","https://pbs.twimg.com/media/GItTWkwbAAA1kg6.jpg","","in","Langsa","0","0","0","https://twitter.com/indahpuhin/status/1768598934002569386","1685906585758076928","indahpuhin"
"1768572754754998782","Fri Mar 15 09:39:37 +0000 2024","0","kalo rill sih daripada kebijakan lo mgurusin bsrang dari luar yg lo kasih cukai mending lo dorong tuh sistem pendidikan biar pinter dan ga banyak halu ni anak anak indonesia. ga cuma pinter ilmu tapi secara pola pikir. skrg soalnya bnyk yg pinternya nipu doang.","1768572754754998782","","","in","simping acc","0","0","0","https://twitter.com/txtnctzen/status/1768572754754998782","2486564208","txtnctzen"
"1768490384475517083","Fri Mar 15 04:12:19 +0000 2024","0","Ganjar dan dengan kebijakan progresifnya membawa harapan baru bagi pendidikan di Indonesia. . Tiga Kali Lebih Sejahtera Untuk Indonesia Hebat! @ayangghaechann #KitaAdalahTiga #BanggaBersamaGPMMD https://t.co/D7QjlDwZwR","1768490384475517083","https://pbs.twimg.com/media/GIrwocnagAAuf8t.jpg","","in","Depok","0","0","0","https://twitter.com/septianak_bar/status/1768490384475517083","1685930225107079168","septianak_bar"
"1768465311068803271","Fri Mar 15 02:32:41 +0000 2024","0","Kemarin ramai tentang persoalan KJMU yang mau dihentikan. Tentu ini adalah masalah yang serius KJMU ada untuk membantu anak-anak kita melanjutkan pendidikan di perguruan tinggi dan tidak seharusnya dikeadaan yang sekarang sedang sulit kita diberatkan juga dengan kebijakan KJMU. https://t.co/sLOsKMQ8YX","1768465311068803271","https://pbs.twimg.com/ext_tw_video_thumb/1768460341317660672/pu/img/H__cWevsOfhLRO6s.jpg","","in","","0","1","0","https://twitter.com/golkar_2024_/status/1768465311068803271","1737692002198888448","golkar_2024_"
"1768442355194134942","Fri Mar 15 01:01:28 +0000 2024","0","Kasi Dikmad bersama Kasi PD Pontren Kankemenag Bantul menghadiri acara Advokasi dan Pendampingan Kebijakan dan Produk Pembelajaran Transisi PAUD - SD yang diselenggarakan oleh BPMP (Badan Penjamin Mutu Pendidikan) DIY di Grand Keisha Hotel Kamis (14/3). https://t.co/du79w5PlpM","1768442355194134942","https://pbs.twimg.com/media/GIrE8Rra4AAM9Yd.jpg","","in","Bantul, Indonesia","0","0","0","https://twitter.com/kemenagbantul/status/1768442355194134942","1045591552754511872","kemenagbantul"
"1768367052207825246","Thu Mar 14 20:02:14 +0000 2024","13","Baca replies-nya jadi deg-degan. Kira-kira kebijakan mewajibkan (calon) murid harus sudah vaksin untuk bisa ikut pendidikan/sekolah gratis itu bagus nggak? (Menurut saya bagus )","1768367052207825246","","","in","🇮🇩🇦🇺","2","4","3","https://twitter.com/alandakariza/status/1768367052207825246","12450932","alandakariza"
"1768244310485717377","Thu Mar 14 11:54:30 +0000 2024","0","RADARSUMEDANG. ID KOTA Dinas Pendidikan Kabupaten Sumedang meminta semua satuan pendidikan di bawah naungan Dinas Pendidikan agar bersiap diri untuk menerapkan sekolah ramah anak. Jadi salah satu kebijakan merdeka belajar harus ada sekolah inklusif https://t.co/BMscv9Xz4Q","1768244310485717377","https://pbs.twimg.com/media/GIoQ1AfbAAArDYV.jpg","","in","Sumedang, Jawa Barat","0","0","0","https://twitter.com/radarsumedangg/status/1768244310485717377","1266357201532157952","radarsumedangg"
"1768218365901082671","Thu Mar 14 10:11:24 +0000 2024","0","Masyarakat Jawa Barat percaya bahwa kebijakan Ganjar Pranowo akan menciptakan peluang yang adil bagi perempuan dalam mengakses pendidikan dan pekerjaan. Ganjar Pranowo terbukti mensejahterakan @RasyaDarma77986 #KitaAdalahTiga #BanggaBersamaGPMMD https://t.co/WO7HapnaMa","1768218365901082671","https://pbs.twimg.com/media/GIn5Om1agAAg5J0.jpg","","in","Banjarmasin","0","0","0","https://twitter.com/XplorerZen/status/1768218365901082671","1687397690639020032","XplorerZen"
"1768195476841722248","Thu Mar 14 08:40:27 +0000 2024","0","Ganjar-Mahfud diharapkan mampu menciptakan kebijakan pendidikan yang mengarah pada peningkatan kualitas sumber daya manusia. Tiga Kali Lebih Sejahtera Untuk Indonesia Hebat! @_Iseecloud #KitaAdalahTiga #BanggaBersamaGPMMD https://t.co/poEFPl3Tmk","1768195476841722248","https://pbs.twimg.com/media/GInkaAaaYAA5z1e.jpg","","in","Tegal","0","0","0","https://twitter.com/ngingshsbrnnnaa/status/1768195476841722248","1684848584808882176","ngingshsbrnnnaa"
"1768170600617619945","Thu Mar 14 07:01:36 +0000 2024","1","Kebijakan Heru Budi Hartono Batalkan KJMU yang Tidak Tepat Sasaran adalah Bagus Kabar pembatalan penerimaan Kartu... #NewsUpdate #InfoJakarta #Jakarta #Pendidikan #KJMU #HeruBudi https://t.co/KR1kDVcDTr","1768170600617619945","","","in","","0","0","0","https://twitter.com/arahkitamedia_/status/1768170600617619945","1741804247933665280","arahkitamedia_"
"1768093731436318932","Thu Mar 14 01:56:09 +0000 2024","3","Harusnya orang-orang yang diterima di jurusan bea &amp; cukai STAN itu dulu skor untuk bakat analisnya tinggi. Kemudian selama masa pendidikan mereka difokuskan dengan penajaman kemampuan itu + manajemen risiko. Sehingga kebijakan yang lahir ngga kaya gini. Asal.","1768093731436318932","","","in","land of Paradox","0","1","0","https://twitter.com/Jominangg/status/1768093731436318932","394579467","Jominangg"
"1768084038454259854","Thu Mar 14 01:17:38 +0000 2024","0","We ll see Kdepannya pemerintahan kita ini bakalan gimana. Apakah membuat kebijakan baru tentang batasan umur kerja kenaikan upah dll. Supaya kelak kedepannya pun anak2 kita ini dari segi pendidikan nutrisi dll bisa terpenuhi. Jdi gatakut berkembang biak karna rakyat sejahtera","1768084038454259854","","","in","Seven heaven","0","0","0","https://twitter.com/gadiskostan/status/1768084038454259854","1684763696906829824","gadiskostan"
"1767993841796128792","Wed Mar 13 19:19:14 +0000 2024","0","Kaya kemarin ngomongin kebijakan pendidikan . Dipaido juga ASUdahlah .","1767993841796128792","","","in","Hati dan pikiranmu","0","1","0","https://twitter.com/engkoh_chasiu/status/1767993841796128792","1221201859265859591","engkoh_chasiu"
"1767810697927291071","Wed Mar 13 07:11:29 +0000 2024","0","lha memang... banyak yg bilang agama bukan satu2nya faktor. tapi banyak juga yg lupa faktor lain (lingkungan kebijakan pendidikan dll) hampir selalu dipengaruhi oleh moralitas keagamaan awikwok","1767810697927291071","","","in","Indonesia","0","0","0","https://twitter.com/laaillah4/status/1767810697927291071","1649175923802124288","laaillah4"
"1767763155734888579","Wed Mar 13 04:02:34 +0000 2024","0","Kesetiaan pada kesejahteraan anak-anak tercermin dalam kebijakan Ganjar-Prof Mahfud yang mendukung perlindungan dan pendidikan anak . Ganjar Pranowo terbukti lebih baik @CavallierE87228 #KitaAdalahTiga #BanggaBersamaGPMMD https://t.co/U94FTHejJo","1767763155734888579","https://pbs.twimg.com/media/GIhbNzkagAAW-hz.jpg","","in","Jakarta Timur","0","0","0","https://twitter.com/RaffiAngga3/status/1767763155734888579","1687344547846840320","RaffiAngga3"
"1767731403620516230","Wed Mar 13 01:56:24 +0000 2024","123","Arab Saudi ≠ Islam. Mostly kebijakan dipegang Monarch Royal Families yang sekutu Israel dan U.S. untuk kebijakan pendidikan dan hukum dipegang Wahabi mostly. Wahabi memberikan legitimasi ke Royal Families Royal Families memberikan subsidi ke Wahabi","1767731403620516230","","","in","Pier Point","1","5","20","https://twitter.com/MorphoMenelausX/status/1767731403620516230","1397729807564111873","MorphoMenelausX"
"1767556191490867405","Tue Mar 12 14:20:10 +0000 2024","0","Kemajuan Papua ditentukan oleh peran penting anak muda Papua. Peningkatan kualitas SDM Papua melalui berbagai APUA kebijakan dan program seperti beasiswa pendidikan Kesempatan Kerja dan Pelatihan lainnya akan memberikan sumbangsih untuk mencetak generasi-generasi terbaik Papua https://t.co/Dex6oDlbSF","1767556191490867405","https://pbs.twimg.com/ext_tw_video_thumb/1767556077800095744/pu/img/W5dCzB2sA6R-UUfe.jpg","","in","","0","0","0","https://twitter.com/SebastianLodu/status/1767556191490867405","1528572840001568768","SebastianLodu"
"1767526144566603833","Tue Mar 12 12:20:46 +0000 2024","0","Semoga yg kita duga gk terjadi dan Indonesia bisa semakin maju pendidikan dan kesejahteraannya. Semoga pendukung 02 dan warga lainnya bisa ikut mengawasi kebijakan dari pemerintah nantinya. Pun abel dan topan tetap ada untuk memberi edukasi bagi kami yg paham sejak awal","1767526144566603833","","","in","134340","0","0","0","https://twitter.com/under_the_S_E_A/status/1767526144566603833","1130070036582883329","under_the_S_E_A"
"1767419493633118532","Tue Mar 12 05:16:59 +0000 2024","30","Kemarin ramai tentang persoalan KJMU yang mau dihentikan. Tentu ini adalah masalah yang serius KJMU ada untuk membantu anak-anak kita melanjutkan pendidikan di perguruan tinggi dan tidak seharusnya dikeadaan yang sekarang sedang sulit kita diberatkan juga dengan kebijakan KJMU. https://t.co/IhEJBGZYh5","1767419493633118532","https://pbs.twimg.com/ext_tw_video_thumb/1767401752310263808/pu/img/-iD-8nnUKvaOJQES.jpg","","in","","5","7","4","https://twitter.com/erwinaksa_id/status/1767419493633118532","854508665872670720","erwinaksa_id"
"1767417847742112189","Tue Mar 12 05:10:26 +0000 2024","0","Inklusivitas dalam kebijakan pendidikan membuktikan bahwa setiap anak di memiliki hak yang sama untuk belajar dan berkembang. Ganjar Pranowo karena kamu berhak mendapatkan yang terbaik @dkwojeueh #KitaAdalahTiga #BanggaBersamaGPMMD https://t.co/X1HA9I0b8U","1767417847742112189","https://pbs.twimg.com/media/GIchKCCa0AATyjh.jpg","","in","Langsa","0","0","0","https://twitter.com/AnggJuliyan/status/1767417847742112189","1688418337439793152","AnggJuliyan"
"1767252119898530050","Mon Mar 11 18:11:53 +0000 2024","0","Heru Dikritik Karena Cabut KJMU Dosen: Pendidikan adalah Investasi Jangka Panjang. Semasa Anies Baswedan jadi Gubernur DKI Jakarta kebijakan KJMU sudah diberlakukan. Dimana kartu beasiswa ini diberikan pada mahasiswa yang kurang mampu. https://t.co/1GEX0Dt3w2 @CutSarina5","1767252119898530050","","","in","","0","0","0","https://twitter.com/Simanjunta9Nico/status/1767252119898530050","1460142601449840652","Simanjunta9Nico"
"1767194184749072473","Mon Mar 11 14:21:41 +0000 2024","8","Susah banget emang bikin 02 itu paham kalau makan siang gratis bukan fundamental solution. Itu pragmatis dan populis tapi makan anggaran. Anaknya dikasih makan siang biar ortu gak kepikiran jajanin anaknya di sekolah. Ada opsi kebijakan pendidikan gratis dan sembako murah.","1767194184749072473","","","in","Jakarta Capital Region","0","1","3","https://twitter.com/flufflatte/status/1767194184749072473","794312691468771328","flufflatte"
"1767181227793252543","Mon Mar 11 13:30:12 +0000 2024","13","13 Alasan Kurmer blm layak sebagai Kurnas. KURMER: Defisit Kerangka Kurikulum. Simak tinjauan kritisnya dalam program *Tanya Pak Doni Saja Analisis Kebijakan Pendidikan Terkini Kritis Objektif dan Transformatif. #tanyapakdonisaja https://t.co/He4BO3w01q","1767181227793252543","","","in","Jakarta","0","2","4","https://twitter.com/pijarguru/status/1767181227793252543","2483096305","pijarguru"
"1767161914235453916","Mon Mar 11 12:13:27 +0000 2024","1","Blokkk!!! Kalo gitu kenapa dulu gak gabung aja mendukung kebijakan Anies di Jakarta? Kunci mencapai Indonesia Emas adalah dengan membenahi sistem pendidikan bukan dengan membangun kediktatoran/absolutisme kekuasaan tanpa ada oposisi dan check and balance.","1767161914235453916","","","in","Cibinong, Indonesia","0","1","0","https://twitter.com/dimzsa_/status/1767161914235453916","1326879014150164483","dimzsa_"
"1767035731632148713","Mon Mar 11 03:52:03 +0000 2024","1","Bukti pendidikan harus masuk prioritas utama kebijakan pemerintah","1767035731632148713","","","in","Semarang","0","1","0","https://twitter.com/kholilurrohmann/status/1767035731632148713","1019772948616368128","kholilurrohmann"
"1767013882357534740","Mon Mar 11 02:25:13 +0000 2024","2","Ketidakadilan dan diskriminasi dalam kebijakan pendidikan.","1767013882357534740","","","in","Jakarta","0","0","0","https://twitter.com/pijarguru/status/1767013882357534740","2483096305","pijarguru"
"1766907449934799234","Sun Mar 10 19:22:18 +0000 2024","0","berbagai cara tlh dilakukan utk menjegal anies salah satunya program dari kebijakan masa pemerintahan anies pada sektor pendidikan #kjmu #kjmudicabut #kjmudipersulit https://t.co/Dtcz09Bd2p","1766907449934799234","https://pbs.twimg.com/media/GIVQ8kpasAAJOXY.jpg","","in","","0","2","0","https://twitter.com/LuthfiH09929649/status/1766907449934799234","1471370410369314816","LuthfiH09929649"
"1766809332149256541","Sun Mar 10 12:52:25 +0000 2024","1","Kebijakan pendidikan kita gini kan? Mahasiswa sesegera mungkin dikeluarkan dari kampus untuk jadi tenaga kerja yang tidak dibayar diiming-imingi ngisi CV dan convert SKS aja. UKT dibuat semahal mungkin (cuti pun msh bayar) banyak loker mensyaratkan pengalaman kerja bagi fg ","1766809332149256541","","","in","IND/ENG","0","1","0","https://twitter.com/findanyworth/status/1766809332149256541","1360080988596961280","findanyworth"
"1766670489408471355","Sun Mar 10 03:40:42 +0000 2024","0","Perempuan merasa memiliki akses yang lebih luas terhadap pendidikan dan kesempatan kerja berkat kebijakan Pak Ganjar . Ganjar Pranowo - Hanya dia yang betul merakyat dan akan berbuat lebih demi rakyat @htmkopii #KitaAdalahTiga #BanggaBersamaGPMMD https://t.co/4R3X7oWldo","1766670489408471355","https://pbs.twimg.com/media/GIR5cOZaAAAgHv-.jpg","","in","Sungai Penuh","0","0","0","https://twitter.com/muharomafrzl/status/1766670489408471355","1691704334898331648","muharomafrzl"
"1766668552600440907","Sun Mar 10 03:33:00 +0000 2024","0","Pendidikan kesehatan dan kesetaraan semuanya menjadi fokus utama kebijakan Pak Ganjar untuk memajukan perempuan . Tiga Kali Lebih Sejahtera Untuk Indonesia Hebat! @Arifwicaksono_3 #KitaAdalahTiga #BanggaBersamaGPMMD https://t.co/Mxlkb7jSFz","1766668552600440907","https://pbs.twimg.com/media/GIR3rSwb0AAy2kd.jpg","","in","Semarang","0","0","0","https://twitter.com/anindiraaaaaa/status/1766668552600440907","1685869809156911109","anindiraaaaaa"
"1766661250631745639","Sun Mar 10 03:03:59 +0000 2024","43"," Orang Tionghoa dan pribumi Indonesia sudah terasimilasi secara baik sebelum munculnya pemerintahan kolonial Belanda. Tetapi kebijakan politik ekonomi sosial pendidikan dan hukum Belanda telah sengaja menciptakan perbedaan antara kedua komunitas tersebut David Reeve. https://t.co/YEs7BI8ajC","1766661250631745639","https://pbs.twimg.com/media/GIRxBxxbEAAvqZz.jpg","","in","Jl. Taufiqurrahman No.3, Beji","2","0","7","https://twitter.com/KomunitasBambu/status/1766661250631745639","147891732","KomunitasBambu"
"1766436244811338168","Sat Mar 09 12:09:54 +0000 2024","25743","&gt;rumah mahal &gt;biaya hidup mahal &gt;biaya pendidikan anak mahal &gt;ga ada stabilitas karir dan perlindungan pekerja karena UU Ciptaker &gt;social safety net minim dan ga jelas &gt;kebijakan ketenagakerjaan ga pro-orang tua 4pAkaH 1ni DAmp4k l3bih j4UH d4R1 KAMPany3 ch1ld fR3e https://t.co/ornYmoKfgd","1766436244811338168","https://pbs.twimg.com/media/GIOkZmTbwAAs_VP.jpg","","in","In your phone","179","100","8548","https://twitter.com/tilehopper/status/1766436244811338168","1249662133916192768","tilehopper"
"1766429741438165000","Sat Mar 09 11:44:03 +0000 2024","1","Ini sudah pernah diangkat isunya oleh Jaringan Indonesia Positif soal diskriminasi terhadap pelajar di lingkungan pendidikan sebab identitasnya sebagai ODHA ketahuan. Pihak sekolah/kampus mestinya bisa bikin kebijakan untuk melindungi hak pelajar. @nadiemmakarim gimana nih?","1766429741438165000","","","in","Indonesia","0","1","0","https://twitter.com/by_inkriya/status/1766429741438165000","1346049038441877504","by_inkriya"
"1766426491674558853","Sat Mar 09 11:31:08 +0000 2024","0","Perempuan merasa memiliki akses yang lebih luas terhadap pendidikan dan kesempatan kerja berkat kebijakan Ganjar Pranowo . Tiga Kali Lebih Sejahtera Indonesia Jaya! @gippeumii #KitaAdalahTiga #BanggaBersamaGPMMD https://t.co/L4WsfbIGiv","1766426491674558853","https://pbs.twimg.com/media/GIObhpQa8AAkLJu.jpg","","in","Yogyakarta","0","0","0","https://twitter.com/BagasSusan/status/1766426491674558853","1685905043688755200","BagasSusan"
"1766420900008939974","Sat Mar 09 11:08:55 +0000 2024","0","Punya kendaraan di kondisi transportasi publik masih begini mah kebutuhan Lagian hak pendidikan yang megang uang negara pelit amat sih gak bakal nyasar ke orang kaya raya juga paling mentok ke kalangan menengah yang kalau ada kebijakan aneh-aneh berdampak ke hidupnya","1766420900008939974","","","in","There","0","1","0","https://twitter.com/amaliridh/status/1766420900008939974","469108536","amaliridh"
"1766396890537775123","Sat Mar 09 09:33:31 +0000 2024","353","Saya mengkritik Nadiem Makarim dari sisi kebijakan pendidikan. Tapi melihat pemberitaan bahwa Tempo dilaporkan Menteri Investasi Bahlil Lahadalia sedangkan Nadiem berkunjung ke redaktur Kompas setelah pemberitaan kompas. Rasanya ya lebih Nadiem masih pake cara-cara terhormat. https://t.co/14NrAeOWfH","1766396890537775123","https://pbs.twimg.com/media/GIOAm_pawAAXhgx.jpg","","in","","3","37","57","https://twitter.com/zanatul_91/status/1766396890537775123","88120377","zanatul_91"
"1766382136591024396","Sat Mar 09 08:34:53 +0000 2024","0","Ganjar pelopor kebijakan pendidikan yang merata dan inklusif di. Ganjar Pranowo hanya yang terbaik untuk rakyat @RendySofyandi #KitaAdalahTiga #BanggaBersamaGPMMD https://t.co/VFVhpimww9","1766382136591024396","https://pbs.twimg.com/media/GINzL_aaAAAKc-q.jpg","","in","Semarang, Indonesia","0","0","0","https://twitter.com/tatiana_namya/status/1766382136591024396","1679793319034130433","tatiana_namya"
"1766352285985341546","Sat Mar 09 06:36:16 +0000 2024","0","Mendikbud ini memang ajaib. Tak pernah mau ke kampus untuk diskusi dgn pakar pendidikan/kurikulum sebelum putuskan kebijakan atau sekadar diskusi publik soal pendidikan mutakhir. Bukti bahwa Nadiem meremehkan semua itu adalah ia membentuk tim bayangan yg ramai pada 2022.","1766352285985341546","","","in","Kota Semarang, Central Java","1","0","0","https://twitter.com/dhonizus/status/1766352285985341546","68485268","dhonizus"
"1766343812111299066","Sat Mar 09 06:02:36 +0000 2024","0","Pendidikan kesehatan dan kesetaraan semuanya menjadi fokus utama kebijakan Pak Ganjar untuk memajukan perempuan Ganjar Pranowo hanya yang terbaik untuk rakyat @daraasav #KitaAdalahTiga #BanggaBersamaGPMMD https://t.co/Vp0hMosRkk","1766343812111299066","https://pbs.twimg.com/media/GINQVecb0AAOkTd.jpg","","in","Tarakan","0","0","0","https://twitter.com/dinarfitri_/status/1766343812111299066","1685667973737132032","dinarfitri_"
"1766343100933472596","Sat Mar 09 05:59:46 +0000 2024","0","makannya kemaren pilih presiden yg punya kebijakan pendidikan gratis bukan makan siang gratis ngapain nuntut ke muhammadiyah tolol ","1766343100933472596","","","in","","0","0","1","https://twitter.com/khaaayrif/status/1766343100933472596","1224163048073547776","khaaayrif"
"1766333802438357360","Sat Mar 09 05:22:50 +0000 2024","0","Kebijakan pendidikan kok dibuat krn rasa takut bukan demi kepentingan anak2 Indonesia? Ini Mendikbudristek Wakanda?","1766333802438357360","","","in","Jakarta","0","0","0","https://twitter.com/pijarguru/status/1766333802438357360","2483096305","pijarguru"
"1766083799757328542","Fri Mar 08 12:49:24 +0000 2024","0","Kebijakan memangkas subsidi pendidikan apa bisa di gugat?","1766083799757328542","","","in","","0","0","0","https://twitter.com/DwiSufianto/status/1766083799757328542","1514845309423144963","DwiSufianto"
"1766079734142964128","Fri Mar 08 12:33:15 +0000 2024","4","Sama sekali bukan kabar baik nanti enggak ada bedanya dengan dalih perampingan birokrasi terus jadi beranak pinak jabatan fungsional analis kebijakan termasuk lewat jalur penyetaraan. Klu mau yg fokus jadi buruh pendidikan y yg difasilitasi y hrsnya yg mmng disiapkan utk itu.","1766079734142964128","","","in","","0","0","0","https://twitter.com/CeletukWarga/status/1766079734142964128","1279726915469733889","CeletukWarga"
"1766005089033162901","Fri Mar 08 07:36:38 +0000 2024","0","Aplikasi Penelitian Evaluasi Implementasi Kebijakan Mutu Pendidikan. Oleh; Donna M. Sampaleng M. Th. M. Pd. K Tahun 2016 191 Halaman Harga 45.000 Minat? Cara Order silakan DM atau klik link WA https://t.co/KHH9496apg https://t.co/zwUzLU2Fod","1766005089033162901","https://pbs.twimg.com/media/GIIcRArbMAAhnWM.jpg","","in","Jagakarsa, Indonesia","0","0","0","https://twitter.com/WarungSejarahRI/status/1766005089033162901","2362274258","WarungSejarahRI"
"1765998331107717260","Fri Mar 08 07:09:47 +0000 2024","0","Inklusivitas dalam kebijakan pendidikan membuktikan bahwa setiap anak di Jawa Timur memiliki hak yang sama untuk belajar dan berkembang. Kesejahteraan berkali lipat Indonesia Hebat ! @r_mlnaa #KitaAdalahTiga #BanggaBersamaGPMMD https://t.co/d39vL6aqNU","1765998331107717260","https://pbs.twimg.com/media/GIIWH32bsAA3_oZ.jpg","","in","Batu","0","0","0","https://twitter.com/mulydnauf/status/1765998331107717260","1688448292223696897","mulydnauf"
"1765991947255324686","Fri Mar 08 06:44:25 +0000 2024","0","Kebijakan pendidikan Mas Ganjar memberikan harapan baru bagi generasi penerus Jawa Timur. Kesejahteraan berkali lipat Indonesia Hebat ! @srtsartinah #KitaAdalahTiga #BanggaBersamaGPMMD https://t.co/8IRm6p2NLu","1765991947255324686","https://pbs.twimg.com/media/GIIQTiQbwAAuZK8.jpg","","in","Makassar","0","0","0","https://twitter.com/dimasstya11/status/1765991947255324686","1688466040865619968","dimasstya11"
"1765991255572664659","Fri Mar 08 06:41:40 +0000 2024","0","Kebijakan pendidikan berorientasi masa depan membuka pintu kesempatan bagi anak-anak Jawa Timur. Ganjar Pranowo - Hanya dia yang betul merakyat dan akan berbuat lebih demi rakyat @seungchwerry #KitaAdalahTiga #BanggaBersamaGPMMD https://t.co/MFjOi4BcSV","1765991255572664659","https://pbs.twimg.com/media/GIIPrnZbcAAa6Az.jpg","","in","Bandung","0","0","0","https://twitter.com/PutriiiLinda/status/1765991255572664659","1686627555930152960","PutriiiLinda"
"1765991236610253162","Fri Mar 08 06:41:35 +0000 2024","0","Pendidikan di Jawa Timur semakin berkualitas berkat kebijakan investasi Mas Ganjar dalam sektor ini. Ganjar Pranowo karena kamu berhak mendapatkan yang terbaik @seokmiy #KitaAdalahTiga #BanggaBersamaGPMMD https://t.co/jrki3f16D5","1765991236610253162","https://pbs.twimg.com/media/GIIPqf1a8AAb4QM.jpg","","in","Jakarta Selatan, Indonesia","0","0","0","https://twitter.com/robi_royyan/status/1765991236610253162","1685929652203003905","robi_royyan"
"1765987230676598874","Fri Mar 08 06:25:40 +0000 2024","5","Bogor Lembaga Kebijakan Pengadaan Barang/Jasa Pemerintah (LKPP) gelar Pelatihan Bela Negara untuk Pegawai Pemerintah dengan Perjanjian Kerja (PPPK) LKPP pada 6-8 Maret 2024 di Depo Pendidikan Latihan dan Pertempuran (Dodiklatpur) Rindam Jaya Gunung Bunder. https://t.co/YIF0CdBsLa","1765987230676598874","https://pbs.twimg.com/media/GIIMAyWboAA03ax.jpg","","in","Jakarta Selatan, DKI Jakarta","0","1","0","https://twitter.com/LKPP_RI/status/1765987230676598874","271864689","LKPP_RI"
"1765985292845252749","Fri Mar 08 06:17:58 +0000 2024","1","inilah kenapa kalo bisa yang pegang kebijakan itu atleast ada latar belakang pendidikan kebijakan publik or administrasi publik biar bikin kebijakan gak berbasis emosi","1765985292845252749","","","in","Penacony","0","0","0","https://twitter.com/m4ybe_i/status/1765985292845252749","1528986673895264256","m4ybe_i"
"1765942237119025251","Fri Mar 08 03:26:53 +0000 2024","0","Konferensi Pendidikan TRENDS Merekomendasikan Kebijakan Pendidikan untuk Melindungi Identitas Nasional https://t.co/tDskOdCLc6 #WamNews","1765942237119025251","","","in","","0","0","0","https://twitter.com/wamnews_ind/status/1765942237119025251","1259495386584092672","wamnews_ind"
"1765911105493450847","Fri Mar 08 01:23:11 +0000 2024","0","Apakah kebijakan memangkas subsidi pendidikan bisa di gugat?","1765911105493450847","","","in","","0","0","0","https://twitter.com/DwiSufianto/status/1765911105493450847","1514845309423144963","DwiSufianto"
"1765885389003440395","Thu Mar 07 23:40:59 +0000 2024","22","Menamakan @aniesbaswedan sebagai Wan Angin adlh suatu cemooh yg tdk sepantasnya buat Mantan Gubernur dan Capres Apalagi kebijakan dari beliau di bidang pendidikan diterima tiap tahun... Abah merasa terhibur baca twet UNJ Secret Astagfirullah","1765885389003440395","","","in","","0","1","5","https://twitter.com/syafniir/status/1765885389003440395","1309506896294866950","syafniir"
"1765869087131857088","Thu Mar 07 22:36:13 +0000 2024","0","'pemilu itu g penting kita ttp cari makan hidup sendiri' Bener yg salah adlh kita akan mnjalani kebijakan pemimpin yg terpilih lahir bathin. Kalo kebijakannya ngaco buat ekonomi seret lap kerja susah sembako dan BBM listrik naik pendidikan gmn??","1765869087131857088","","","in","Jakarta Capital Region, Indone","0","0","0","https://twitter.com/AriSury81886684/status/1765869087131857088","903986284212785152","AriSury81886684"
"1765705764092702975","Thu Mar 07 11:47:14 +0000 2024","0","Salah satu kebijakan kementrian pendidikan yg paling jelek adalah penghapusan tinggal kelas terutama di SD. Liat anak SD sekarang semua wajib naik kelas kalau nggak sekolah yg bakal kena. Kebijakan itu malah memperparah keadaan tu anak imo.","1765705764092702975","","","in","","0","3","0","https://twitter.com/cemeterydr8ve/status/1765705764092702975","1009342901204054016","cemeterydr8ve"
"1765691389642514730","Thu Mar 07 10:50:06 +0000 2024","1","Pernah dengar tentang visi Indonesia Emas 2045? Kolaborasi antara pemerintah dan sektor swasta terkait pendidikan sangat dibutuhkan untuk mencapai visi Indonesia Emas 2045. Dengan kolaborasi yang erat dan kebijakan yang tepat pendidikan di Indonesia akan semakin berkualitas!","1765691389642514730","","","in","Jakarta, Indonesia","0","1","1","https://twitter.com/cips_id/status/1765691389642514730","3146528560","cips_id"
"1765689987201442034","Thu Mar 07 10:44:32 +0000 2024","0","Ganjar Pranowo melalui kebijakan pendidikan mengukuhkan masa depan dengan pengetahuan sebagai kunci kebahagiaan . Gandakan Kesejahteraan Raih Kemakmuran Berkelanjutan @dutadonat #KitaAdalahTiga #BanggaBersamaGPMMD https://t.co/Jd8ByWOQDt","1765689987201442034","https://pbs.twimg.com/media/GID9r5JbYAAz3zZ.jpg","","in","Pangkalpinang","0","0","0","https://twitter.com/adilbintg/status/1765689987201442034","1683782872166182912","adilbintg"
"1765654548587438548","Thu Mar 07 08:23:43 +0000 2024","0","Pendidikan berperan sebagai pendorong kemajuan dan kesejahteraan masyarakat. Namun kebijakan Pemprov Jakarta saat ini tidak menunjukkan arah yang jelas untuk mendukung kemajuan pendidikan.","1765654548587438548","","","in","di atas langit, di bawah tanah","0","0","0","https://twitter.com/apemlicious/status/1765654548587438548","3063920821","apemlicious"
"1765644978246561805","Thu Mar 07 07:45:41 +0000 2024","3","Masak masih mau maunya memuja dan cinta banget sama penyelanggara negara dah se buruk ini outputnya kebijakan komersialisasi pendidikan itu? Ga mungkin mereka ga denger teriakan frustasi mahasiswa mahasiswa menengah dan menengah ke bawah belakangan ini They just DONT CARE","1765644978246561805","","","in","Indonesia","0","0","1","https://twitter.com/ImaIsBack/status/1765644978246561805","1713265779234549760","ImaIsBack"
"1765584412866232531","Thu Mar 07 03:45:01 +0000 2024","0","Ga ngerti visi Pak @aniesbaswedan keadilan itu tidak selalu untuk kalangan Atas &amp; Bawah saja Kalangan Menengah itu justru perlu di support dalam program kebijakan Pendidikan Tinggi Murah/Gratis Mereka akan menjadi Penggerak Ekonomi Bangsa begitu mereka lulus Mau heran tapi...","1765584412866232531","","","in","Indonesia","0","0","0","https://twitter.com/POSISI/status/1765584412866232531","580564114","POSISI"
"1765573737435574755","Thu Mar 07 03:02:36 +0000 2024","0","Sejak kapan PJ Kepala Daerah bisa scr sepihak batalkan kebijakan strategis yg berdampak luas seperti sektor pendidikan? Realokasi anggarannya mau ke mana?","1765573737435574755","","","in","","0","0","0","https://twitter.com/zakkenrollers/status/1765573737435574755","20354822","zakkenrollers"
"1765565394595848493","Thu Mar 07 02:29:27 +0000 2024","0","IQ tinggi itu karena gizi seimbang kesejahteraan rakyat terjamin tingkat korupsi rendah kualitas pendidikan bagus dan sarana prasarana memadai. Negara aman dan damai juga karena kebijakan pemerintahnya yang baik. Bukan karena babi yang dihalalkan ya adik-adik.","1765565394595848493","","","in","Indonesia","0","0","0","https://twitter.com/mgaluhoktap/status/1765565394595848493","454558842","mgaluhoktap"
"1765491512815861891","Wed Mar 06 21:35:52 +0000 2024","0","Lagi lagi kebijakan politik menyiksa rakyat dari pangan ekonomi pendidikan","1765491512815861891","","","in","Yogyakarta, Indonesia","0","0","0","https://twitter.com/Anto_buamonabot/status/1765491512815861891","1340198591852232704","Anto_buamonabot"
"1765461362921373714","Wed Mar 06 19:36:04 +0000 2024","0","Sumpah ini kebijakan yg paling jahat memutus pendidikan banyak mahasiswa/i .. Entah org ini kykny emang sengaja dipasang buat ngerusak tatanan baik yg udah berjalan","1765461362921373714","","","in","Malang, Jawa Timur","0","0","0","https://twitter.com/chef_life24/status/1765461362921373714","1013702982288855040","chef_life24"
"1765440876044780027","Wed Mar 06 18:14:39 +0000 2024","691","Logical Fallacy seorang Menteri : Berbahaya karena melahirkan Kebijakan yang Salah Zainal Muttaqin Praktisi Pendidikan Dokter dan Guru Besar di Fakultas Kedokteran Undip Menteri adalah sebuah jabatan politik yang berperan penting dalam menentukan arah kebijakan publik https://t.co/re4vXoD4nO","1765440876044780027","https://pbs.twimg.com/media/GIAXukCbAAMd6hD.jpg","","in","Semarang, Jawa Tengah","9","3","303","https://twitter.com/ZainalM_Prof/status/1765440876044780027","1457010132718551044","ZainalM_Prof"
"1765427779385065568","Wed Mar 06 17:22:37 +0000 2024","28"," Kanker di Indonesia: pemahaman yang salah data yang amburadul sampai kebijakan yang berujung pada sekedar beli alat mahal Zainal Muttaqin Guru Besar Fakultas Kedokteran Undip dan Praktisi Pendidikan Dokter Dalam rangka memperingati Hari Kanker Dunia tg 4 Februari tulisan https://t.co/5Nc1JWONzL","1765427779385065568","https://pbs.twimg.com/media/GIALsKNbAAQmXCD.jpg","","in","Semarang, Jawa Tengah","0","0","11","https://twitter.com/ZainalM_Prof/status/1765427779385065568","1457010132718551044","ZainalM_Prof"
"1765395341720096778","Wed Mar 06 15:13:43 +0000 2024","0","Menilik Kualitas Pendidikan Terhadap Kebijakan Inovasi Kurikulum https://t.co/MAsrVmNfV0","1765395341720096778","","","in","Aceh Tamiang, Indonesia","0","0","0","https://twitter.com/teras_medianet/status/1765395341720096778","1418143074111287308","teras_medianet"
"1765377830152712431","Wed Mar 06 14:04:08 +0000 2024","0","Awalnya aku juga mikir gini mau sok cuek sama politik tpi klo ditelaah lebih dalam lagi... kebijakan dri berbagai sektor seperti ekonomi kesehatan pendidikan yah datangnya dri politik heuheu... jdi yah penting pilpres pilkada pileg itu penting ","1765377830152712431","","","in","","0","1","0","https://twitter.com/amitafhs/status/1765377830152712431","1528729780497321984","amitafhs"
"1765329869079191561","Wed Mar 06 10:53:33 +0000 2024","0","Ganjar-Mahfud cinta ibu menjadi kompas dalam kebijakan pendidikan. Ganjar Pranowo - Hanya dia yang betul merakyat dan akan berbuat lebih demi rakyat @runiatmaja #KitaAdalahTiga #BanggaBersamaGPMMD https://t.co/BmRb8rZYOD","1765329869079191561","https://pbs.twimg.com/media/GH-2JWka8AAXct_.jpg","","in","Padang Panjang","0","0","0","https://twitter.com/_andyarya2/status/1765329869079191561","1689135743741186049","_andyarya2"
"1765329108408676376","Wed Mar 06 10:50:32 +0000 2024","0","Ganjar-Mahfud menjadikan kebijakan pendidikan sebagai bentuk penghargaan pada cinta ibu. Ganjar Pranowo terbukti mensejahterakan @selfluVbbb #KitaAdalahTiga #BanggaBersamaGPMMD https://t.co/dt1XJiG0cu","1765329108408676376","https://pbs.twimg.com/media/GH-1d63bUAAVQQl.jpg","","in","Palangka Raya","0","0","0","https://twitter.com/gstiadeptra/status/1765329108408676376","1689935876317720576","gstiadeptra"
"1765304225549222273","Wed Mar 06 09:11:39 +0000 2024","2192","Sorry tapi aku gak suka pemikiran kayak gini. Aku yakin pak Anies saat bikin kebijakan gak melihat warganya saat itu dukung beliau atau nggak. Kurang-kurangin sentimen politis yg seperti ini. Terlebih kalo ini menyangkut hak dasar warga negara mendapat akses pendidikan.","1765304225549222273","","","in","","14","25","619","https://twitter.com/WidasSatyo/status/1765304225549222273","472857347","WidasSatyo"
"1765281887382286831","Wed Mar 06 07:42:53 +0000 2024","1","Harga Rumah/Properti makin mahal pemerintah juga ga ada kebijakan peraturan kepemilikan lahan atau properti ya. Biaya pendidikan juga makin mahal... ya pantes sih banyak pertimbangan buat ga nikah","1765281887382286831","","","in","London, England","0","0","0","https://twitter.com/pxregrinate/status/1765281887382286831","1633322795722735616","pxregrinate"
"1765269829093916891","Wed Mar 06 06:54:59 +0000 2024","48","Kelan tahu min @unjsecret knp kebijakan pak Anies di hapus.? Krn Kelan bodoh..! Ingat MAKAN SIANG gratis jadi TAI. PENDIDIKAN GRATIS jadi TAU. Sdh dikasih TAU dan dikasih bukti sama pak @aniesbaswedan tetap aja kelan bodoh maunya milih TAI..! Makan tuh tai..!! https://t.co/NcjuzzIG36","1765269829093916891","https://pbs.twimg.com/ext_tw_video_thumb/1765269570909290496/pu/img/yTxywnbXKCnNBmrV.jpg","","in","Indonesia","1","9","22","https://twitter.com/lin_conil/status/1765269829093916891","922727862586679296","lin_conil"
"1765239162624442691","Wed Mar 06 04:53:07 +0000 2024","0","Mahasiswa unj tuh aneh asli ada kebijakan yg literally ngerugiin mereka secara spesifik diem anjir tapi kalo makzulkan jokowi atau may day birahi semua wkwkwk. Misal pas ada kebijakan guru pns diapus lu pada kemana malih sebagai kampus pendidikan yg nyetak guru","1765239162624442691","","","in","","0","0","0","https://twitter.com/Zein_kun_/status/1765239162624442691","1184702956743974912","Zein_kun_"
"1765225016130466085","Wed Mar 06 03:56:54 +0000 2024","0","Rabu 6 Maret 2024 Focus Group Discussion (FGD) Tindak Lanjut Kebijakan Progam Guru Penggerak Dinas Pendidikan dan Kebudayan Kabupaten Pemalang yang dilaksanakan di Aula SMPN 4 Pemalang. https://t.co/BPVmyIjn9j","1765225016130466085","https://pbs.twimg.com/media/GH9Wl2IWkAAYOoD.jpg","","in","Jl. Merbabu No. 2 Mulyoharjo","0","0","0","https://twitter.com/dindikbudpml/status/1765225016130466085","714284306433060864","dindikbudpml"
"1765198730939261409","Wed Mar 06 02:12:27 +0000 2024","5","Setiap kebijakan Pemerintah akan selalu berdampak terbanyak ke rakyat kecil. Sulitnya akses pendidikan adalah satu cara pembodohan yang terus menerus dilakukan oleh Penguasa. Lalu dalam keadaan yang seperti ini kita masih juga mau jogetin aja? Please wake up Indonesia!","1765198730939261409","","","in","Jakarta Capital Region","0","0","2","https://twitter.com/TrisAdikara/status/1765198730939261409","1718437562518511616","TrisAdikara"
"1765036327085695084","Tue Mar 05 15:27:07 +0000 2024","0","Jangan sakiti pendidikan dengan kebijakan ini @minebites9 https://t.co/QsD6yF1vrB","1765036327085695084","https://pbs.twimg.com/media/GH6rLyzbkAAmyvs.jpg","","in","Singkawang","0","0","0","https://twitter.com/NeniAuliaa/status/1765036327085695084","1674678529857028096","NeniAuliaa"
"1765034240645730404","Tue Mar 05 15:18:50 +0000 2024","0","Membuat kebijakan tanpa memperhatikan pendidikan adalah tindakan yang gegabah @notokaytomato https://t.co/Qf9iQgRwqZ","1765034240645730404","https://pbs.twimg.com/media/GH6pSAobAAAuQiH.jpg","","in","Jayapura","0","0","0","https://twitter.com/BetariYeni/status/1765034240645730404","1675038014161158144","BetariYeni"
"1765020519806709767","Tue Mar 05 14:24:19 +0000 2024","31","Nah kalo 9 tahun menjabat tapi baru sekarang tahunya itu berarti kebijakan bidang pendidikan kita yg tahun² lalu diarahkan ke arah yg gak jelas dong.... https://t.co/iJZV3KLCVC","1765020519806709767","https://pbs.twimg.com/ext_tw_video_thumb/1765020351342497793/pu/img/u2GS8Oe6Y3ZGZ7WR.jpg","","in","","0","2","24","https://twitter.com/taufik_q/status/1765020519806709767","175752154","taufik_q"
"1764991353187102814","Tue Mar 05 12:28:25 +0000 2024","0"," Administrasi Publik itu belajarnya mengenai hitung menghitung pengarsipan dan dokumen Ya memang benar sih. Tapi bukan hanya hitungan saja. Ada politik hukum kebijakan ekonomi filsafat sejarah statistika tata bahasa pendidikan kewarganegaraan dan lain-lain.","1764991353187102814","","","in","At the Beach, Death Stranding","0","0","0","https://twitter.com/LAUTSSEGARA/status/1764991353187102814","1522224711316377601","LAUTSSEGARA"
"1764978440032362813","Tue Mar 05 11:37:06 +0000 2024","41","KEBIJAKAN BERBASIS DATA Hari ini Rapor Pendidikan 2024 diluncurkan. Dari sekian data2 yg dipaparkan aku paling tertarik sama data yg ini. Progress capaian literasi sekolah2 yg menggunakan #KurikulumMerdeka lebih baik drpd sekolah2 yg masih pakai K-13. Sumber: AN 2021 &amp; 2023 https://t.co/rZb1oBR1ih","1764978440032362813","https://pbs.twimg.com/media/GH52iZmaUAASq87.jpg","","in","Jakarta and Frankfurt","2","4","12","https://twitter.com/adekumala/status/1764978440032362813","30654287","adekumala"
"1764977288796582269","Tue Mar 05 11:32:31 +0000 2024","0","Ganjar-Mahfud mewujudkan cita-cita ibu melalui kebijakan pendidikan. Tiga Kali Lebih Sejahtera Untuk Indonesia Hebat! @reobiell9853 #KitaAdalahTiga #BanggaBersamaGPMMD https://t.co/qsbzu2aQ3O","1764977288796582269","https://pbs.twimg.com/media/GH51eyXbsAAUjDJ.jpg","","in","","0","0","0","https://twitter.com/ardianmaulanna/status/1764977288796582269","1683679917580615680","ardianmaulanna"
"1764977265606308234","Tue Mar 05 11:32:26 +0000 2024","0","Ganjar-Mahfud merancang kebijakan pendidikan yang mengedepankan keadilan sosial. Kesejahteraan berkali lipat Indonesia Hebat ! @Renesha390 #KitaAdalahTiga #BanggaBersamaGPMMD https://t.co/JMShHsMsVw","1764977265606308234","https://pbs.twimg.com/media/GH51dVIb0AAI-t4.jpg","","in","Jakarta Pusat","0","0","0","https://twitter.com/bontangradit_/status/1764977265606308234","1682277800827555840","bontangradit_"
"1764970328588202168","Tue Mar 05 11:04:52 +0000 2024","1438","Negara loe abussive kronis Bokap capek² ikut pendidikan welder di Jepang tapi lahan kerjanya diambil sama orang China gegara kebijakan rezim bangsat Loe lupa yg jadi Presidennya?","1764970328588202168","","","in","harapan keluarga","4","18","334","https://twitter.com/Alpha_Phoenix__/status/1764970328588202168","1230799938940022787","Alpha_Phoenix__"
"1764963857108472145","Tue Mar 05 10:39:09 +0000 2024","1","ASLI SIAPAPUN YG MUTUSIN KEBIJAKAN SECARA SEPIHAKKK lu dzholim banget sumpahhhh beneran niat memperbodoh bangsa keknya dengan menyulitkan pendidikan generasi mudanya","1764963857108472145","","","in","she/her","0","1","0","https://twitter.com/krycrescent/status/1764963857108472145","1258535562341838849","krycrescent"
"1764944793636147446","Tue Mar 05 09:23:24 +0000 2024","0","Salah satu tujuan negara adlh mencerdaskan kehidupan bangsa. It means PENDIDIKAN merupakan salah satu ranah yg penting u diperhatikan. Apalagi oleh mereka yg punya kuasa u membuat kebijakan tolong wujudkan tujuan itu krn PENDIDIKAN LEBIH PENTING DARI ANGGARAN SERAGAM DPRD DKI!","1764944793636147446","","","in","Yogyakarta, Indonesia","0","0","0","https://twitter.com/itsghazalee/status/1764944793636147446","1591691250712727552","itsghazalee"
"1764942696576106895","Tue Mar 05 09:15:04 +0000 2024","0","Kepala #BBGPDIY Dr. Adi Wijaya S.Pd. M.A. membuka secara bersamaan Pelatihan Peran Pengawas Sekolah dalam Implementasi Kebijakan Merdeka Belajar pada Satuan Pendidikan dan Pendampingan........... tonton selengkapnya di video berikut. https://t.co/Fk0SmH5YOZ","1764942696576106895","https://pbs.twimg.com/ext_tw_video_thumb/1764942358674878464/pu/img/BV3PRusarwJ3x_UA.jpg","","in","Yogyakarta, Indonesia","0","0","0","https://twitter.com/bbgpdiy/status/1764942696576106895","1107613313720958977","bbgpdiy"
"1764926060138021225","Tue Mar 05 08:08:58 +0000 2024","0","heru anjing bener lo jahat bgt kenapa sihhh??? ngubah kebijakan tiba-tiba tanpa penjelasan??? pencabutan bantuan pendidikan loh ini??? sepele banget kah buat lo main cabut2 aja orgil","1764926060138021225","","","in","","0","1","0","https://twitter.com/deiteaaa/status/1764926060138021225","2206916490","deiteaaa"
"1764909022648692957","Tue Mar 05 07:01:16 +0000 2024","0","Ganjar-Mahfud cinta ibu menjadi kompas dalam kebijakan pendidikan. Ganjar Pranowo - Hanya dia yang betul merakyat dan akan berbuat lebih demi rakyat @runiatmaja #KitaAdalahTiga #BanggaBersamaGPMMD https://t.co/8MBJNBf6h3","1764909022648692957","https://pbs.twimg.com/media/GH43Y6oaQAACak0.jpg","","in","Padang Panjang","0","0","0","https://twitter.com/_andyarya2/status/1764909022648692957","1689135743741186049","_andyarya2"
"1764875833314095239","Tue Mar 05 04:49:23 +0000 2024","0","Buku ini diharapkan praktisi dan pengambil kebijakan pendidikan PAUD/SD/MI dapat menerapkan model pembelajaran I-LVEP berbasis STEM sbg salah satu model pembelajaran inovatif penguatan pendidikan karakter anak pada era Revolusi 4.0 disesuaikan dengan kurikulum yang digunakan. (5)","1764875833314095239","","","in","Jl. Tambra Raya No. 23 Jaktim","0","0","0","https://twitter.com/Prenadamedia2/status/1764875833314095239","821897566442786818","Prenadamedia2"
"1764676914269376971","Mon Mar 04 15:38:57 +0000 2024","0","Pak Ganjar menciptakan kebijakan yang mendukung kemajuan pendidikan Rakyat adat. Ganjar Pranowo karena kamu berhak mendapatkan yang terbaik @vnfixnity #KitaAdalahTiga #BanggaBersamaGPMMD https://t.co/hRb4P9zuEF","1764676914269376971","https://pbs.twimg.com/media/GH1kSajbIAAtc7v.jpg","","in","Tangerang","0","0","0","https://twitter.com/gbrnrmdannn/status/1764676914269376971","1687362911889731584","gbrnrmdannn"
"1764668981443809740","Mon Mar 04 15:07:25 +0000 2024","0","setujuu! pas bgt tadi hbs diskusi sama kating adting bahas gimana pendidikan sekarang trs dpt ilmu juga mengenai sistem pendidikan masa kekhalifahan. kira2 gimana caranya negara ini pendidikannya bisa jaya lagi?? ya kembali lagi semua itu tergantung kebijakan pemerintah.","1764668981443809740","","","in","","0","0","0","https://twitter.com/chemistired_/status/1764668981443809740","3240360420","chemistired_"
"1764592952264077583","Mon Mar 04 10:05:19 +0000 2024","0","Pak Ganjar merancang kebijakan pendidikan yang menghormati meukkan nilainilai Rakyat adat. Ganjar Pranowo karena kamu berhak mendapatkan yang terbaik @wonie_hawonie07 #KitaAdalahTiga #BanggaBersamaGPMMD https://t.co/5ffC7kkXgn","1764592952264077583","https://pbs.twimg.com/media/GH0X7CtbgAAwX7i.jpg","","in","Balikpapan","0","0","0","https://twitter.com/naylaazaleea/status/1764592952264077583","1684454644997844992","naylaazaleea"
"1764581637483106356","Mon Mar 04 09:20:21 +0000 2024","0","Ganjar merancang kebijakan pendidikan yang menghormati meukkan nilainilai yarakat adat. Ganjar Pranowo hanya yang terbaik untuk rakyat @stabooker #KitaAdalahTiga #BanggaBersamaGPMMD https://t.co/Ne2Q3Y3LEw","1764581637483106356","https://pbs.twimg.com/media/GH0NpctbMAAYdhi.jpg","","in","Bekasi","0","0","0","https://twitter.com/alktrismulll/status/1764581637483106356","1694982300294078464","alktrismulll"
"1764572705482031121","Mon Mar 04 08:44:51 +0000 2024","122","LOWONGAN KERJA Direktorat Pendidikan Tinggi dan Iptek Kementerian PPN/Bappenas membuka peluang pekerjaan sebagai Asisten Tenaga Ahli Kebijakan dan Program Batas Waktu Berkas : 5 Mei 2024 https://t.co/bNViV8mtdv","1764572705482031121","https://pbs.twimg.com/media/GH0FaJva4AAH1fW.jpg","","in","","11","12","16","https://twitter.com/wortelsoup/status/1764572705482031121","1035957565006344192","wortelsoup"
"1764571255427277164","Mon Mar 04 08:39:06 +0000 2024","0","Ganjar menciptakan kebijakan yang mendukung kemajuan pendidikan yarakat adat. Ganjar Pranowo terbukti lebih baik @setiawan_royan #KitaAdalahTiga #BanggaBersamaGPMMD https://t.co/Znq50KZntc","1764571255427277164","https://pbs.twimg.com/media/GH0EKPEagAAcYaA.jpg","","in","Jakarta Barat","0","0","0","https://twitter.com/keisyaantsy_/status/1764571255427277164","1685874661970837504","keisyaantsy_"
"1764552550563688513","Mon Mar 04 07:24:46 +0000 2024","5387","[Thread Kejanggalan KJMU] Sebagian besar mahasiswa penerima beasiswa pendidikan yg digagas oleh Anies Baswedan (KJMU) terancam putus beasiswa KJMU-nya karena kebijakan baru yg buruk dari @upt_p4op dan Heru Budi PJ Gubernur DKI Jakarta.","1764552550563688513","","","in","Jakarta Capital Region","461","146","2872","https://twitter.com/Pantheeraaaaa/status/1764552550563688513","1722675255070937088","Pantheeraaaaa"
"1764498106463428727","Mon Mar 04 03:48:26 +0000 2024","0","Pendidikan multikultural dan penghargaan terhadap keberagaman budaya Papua menjadi bagian integral dari kebijakan pemerintah. #PapuaIndonesia #KKBPapua #YouthCreativeHub https://t.co/f8igCVEDjO","1764498106463428727","https://pbs.twimg.com/ext_tw_video_thumb/1764497184681271296/pu/img/171YAumTT5m3_30B.jpg","","in","","0","0","0","https://twitter.com/SriMlynthyzz/status/1764498106463428727","1123490063352987648","SriMlynthyzz"
"1764491677514010822","Mon Mar 04 03:22:53 +0000 2024","1","Bismillahirrohmanirrohim mohon do'a dan restu Penyusunan Dokumen Sistem Penjaminan Mutu Pendidikan Nonformal Pesantren segera dimulai Workshop Kepenulisan dilaksanakan untuk menyamakan pemahaman prinsip serta arah kebijakan pendidikan pesantren. . . https://t.co/T4dw4Pg3PF","1764491677514010822","","","in","Jalan Sukabumi No 27 Menteng","0","0","0","https://twitter.com/MajlisMasyayikh/status/1764491677514010822","1502166961454600201","MajlisMasyayikh"
"1764485595618066654","Mon Mar 04 02:58:43 +0000 2024","1","Perhimpunan Pendidikan dan Guru (P2G) meminta pemerintah agar pelaksanaan program makan siang gratis nantinya tidak menggunakan anggaran pendidikan termasuk dari dana Bantuan Operasional Sekolah (BOS). P2G tegas menolak jika rencana kebijakan makan siang gratis menggunakan dana https://t.co/oyUJOr8av5","1764485595618066654","https://pbs.twimg.com/media/GHy2SVkaAAA-oc5.jpg","","in","","0","0","0","https://twitter.com/inilahdotcom/status/1764485595618066654","46693036","inilahdotcom"
"1764464668326887794","Mon Mar 04 01:35:33 +0000 2024","0","#Semangat2045 Konsep pendidikan gratis memiliki sejumlah alasan yang mendasari dukungannya dan pandangan ini sering menjadi fokus perdebatan dalam ranah kebijakan pendidikan. Beberapa alasan utama mengapa beberapa orang memperjuangkan pendidikan gratis adalah:","1764464668326887794","","","in","Jakarta Capital Region","0","1","0","https://twitter.com/zchoolsm/status/1764464668326887794","1404658323400511491","zchoolsm"
"1764309758075428875","Sun Mar 03 15:20:00 +0000 2024","3","Jika penggunaan dana BOS untuk makan siang gratis menggunakan alokasi dana eksisting maka ada kekhawatiran implikasi keuangan dari kebijakan tersebut terhadap anggaran pendidikan yang sudah dialokasikan sebelumnya. https://t.co/sZTLAa7uZl","1764309758075428875","","","in","Jakarta - Indonesia","0","0","0","https://twitter.com/mediaindonesia/status/1764309758075428875","68930552","mediaindonesia"
"1764255624617931138","Sun Mar 03 11:44:53 +0000 2024","0","Goblok segobloknya Dana BOS buat bahan praktek anak SMK aja kurang/ada mau di pakai buat makan siang.. harusnya hapus kebijakan pendidikan gratis","1764255624617931138","","","in","Indonesia","0","0","0","https://twitter.com/CahyadiSlamet/status/1764255624617931138","57597174","CahyadiSlamet"
"1764240819371098234","Sun Mar 03 10:46:04 +0000 2024","50","Umumnya sih setuju2 aja biaya pendidikan murah bahkan gratis gaji guru dan dosen naik sarana/prasarana sekolah makin bagus internet merata. Pertanyaan yg lebih menantang: geser budget dari mana? implikasi makronya seperti apa? kebijakan utk mengarah ke sana bentuknya spt apa? https://t.co/MZRmKBolEV","1764240819371098234","https://pbs.twimg.com/media/GHvXpN6bwAA2eQd.jpg","","in","Jakarta Selatan, DKI Jakarta","2","5","12","https://twitter.com/barrysianturi/status/1764240819371098234","2237377454","barrysianturi"
"1764183310673297610","Sun Mar 03 06:57:32 +0000 2024","0","Rakyat Indonesia dizalimi oleh makhluk yang planga plongo ini kebijakan yang ugal-ugalan hutang Negara meroket beras mahal pendidikan mahal kesehatan apalagi korupsi kolusi dan nepotisme semakin terang benderang dipertontonkan sy tidak pernah bermimpi punya presi bezat","1764183310673297610","","","in","North Sumatra, Indonesia","0","0","0","https://twitter.com/HatiBerbaik/status/1764183310673297610","1609464348409487360","HatiBerbaik"
"1764181742225879409","Sun Mar 03 06:51:18 +0000 2024","592","Akun2 mabok pilpres masih saja bergentayangan. Emangnya selama @aniesbaswedan jadi menteri pendidikan ada perubahan kebijakan atas upah guru honorer?","1764181742225879409","","","in","Indonesia","11","119","105","https://twitter.com/PartaiSocmed/status/1764181742225879409","869327120","PartaiSocmed"
"1764157674768494730","Sun Mar 03 05:15:40 +0000 2024","0","Menyerahkan urusan pendidikan kepada non-akademisi itu emang agak-agak Tp kalo dilihat kebijakan terkait PTN ini dah mulai kacau dr awal rezim 10 thn ini bknnya membaik malah makin buruk ","1764157674768494730","","","in","New World, Grand Line","0","0","0","https://twitter.com/prabaswararnand/status/1764157674768494730","1208030707567620096","prabaswararnand"
"1764157098756366552","Sun Mar 03 05:13:23 +0000 2024","2","Puluhan tahun kena propaganda kalau kebijakan doi udah paling bener yang ngelawan ditangkep ABRI nurut-nurut aja jadi kaki tangan dia dan ngeiyain kemauan dia media dibredel sejarah ditutup-tutupin trus tingkat akses ke pendidikan tinggi rendah. Ngarep apa coba.","1764157098756366552","","","in","between double green tunnels","0","1","0","https://twitter.com/legolard/status/1764157098756366552","64939848","legolard"
"1763983455669346761","Sat Mar 02 17:43:23 +0000 2024","0","Kemajuan Papua ditentukan oleh peran penting anak muda Papua. Peningkatan kualitas SDM Papua melalui berbagai kebijakan dan program seperti beasiswa pendidikan kesempatan kerja dan pelatihan lainnya #PapuaIndonesia #KemajuanPapua #AnakMudaPapua #PapuaNKRI https://t.co/xUgZ4KEEvl","1763983455669346761","https://pbs.twimg.com/media/GHrtljlbIAAug1e.jpg","","in","","0","0","0","https://twitter.com/nainggolancar/status/1763983455669346761","2958011959","nainggolancar"
"1763945731172507795","Sat Mar 02 15:13:29 +0000 2024","8","Dia tuh lebih cocok jadi menteri tenaga kerja soalnya kebijakan pendidikan yg dia buat tuh mempolarisasi pelajar/mahasiswa buat jadi tenaga kerja","1763945731172507795","","","in","","1","0","2","https://twitter.com/slowbluemingsky/status/1763945731172507795","1298239111615008768","slowbluemingsky"
"1763940427105997166","Sat Mar 02 14:52:24 +0000 2024","0","Semenjak gawe di pendidikan ikutan kzl sama mas menteri (dari sudut pandang pelaksana kebijakan) suka2 kau aja lah","1763940427105997166","","","in","","0","0","0","https://twitter.com/ningbrot/status/1763940427105997166","53006723","ningbrot"
"1763905028803494335","Sat Mar 02 12:31:45 +0000 2024","0","Kemajuan Papua ditentukan oleh peran penting anak muda Papua. Peningkatan kualitas SDM Papua melalui berbagai kebijakan dan program seperti beasiswa pendidikan kesempatan kerja dan pelatihan lainnya. #PapuaIndonesia #KemajuanPapua #AnakMudaPapua #PapuaNKRI. https://t.co/AHC8Yt0yAx","1763905028803494335","https://pbs.twimg.com/media/GHqmRB6a4AEjuxf.jpg","","in","","0","0","0","https://twitter.com/BatiniBea/status/1763905028803494335","1634416879799525376","BatiniBea"
"1763878653166002410","Sat Mar 02 10:46:56 +0000 2024","1","Peningkatan kualitas SDM Papua melalui berbagai kebijakan dan program seperti beasiswa pendidikan kesempatan kerja dan pelatihan lainnya akan memberikan sumbangsih untuk mencetak generasi-generasi terbaik Papua #PapuaIndonesia #KemajuanPapua #AnakMudaPapua #PapuaNKRI. https://t.co/HWJHtz3wOL","1763878653166002410","https://pbs.twimg.com/media/GHqOOoRacAEq11s.jpg","","in","Jambi, Indonesia","0","0","0","https://twitter.com/khorimkarim/status/1763878653166002410","1564451911092146177","khorimkarim"
"1763878425645998422","Sat Mar 02 10:46:02 +0000 2024","1","Peningkatan kualitas SDM Papua melalui berbagai kebijakan dan program seperti beasiswa pendidikan kesempatan kerja dan pelatihan lainnya #PapuaIndonesia #KemajuanPapua #AnakMudaPapua #PapuaNKRI. https://t.co/SNbLF8YRcK","1763878425645998422","https://pbs.twimg.com/media/GHqOApibgAAl_jf.jpg","","in","Jambi, Indonesia","0","0","0","https://twitter.com/khorimkarim/status/1763878425645998422","1564451911092146177","khorimkarim"
"1763872967304659223","Sat Mar 02 10:24:21 +0000 2024","1","Peningkatan kualitas SDM Papua melalui berbagai kebijakan dan program seperti beasiswa pendidikan akan memberikan sumbangsih untuk mencetak generasi-generasi terbaik Papua yang berjiwa nasionalis dan patriotis. #PapuaIndonesia #KemajuanPapua #AnakMudaPapua #PapuaNKRI. https://t.co/MEtroPZv8P","1763872967304659223","https://pbs.twimg.com/media/GHqJHaEagAA4SAK.jpg","","in","Banten","0","0","0","https://twitter.com/azharrahman990/status/1763872967304659223","1328723980484636672","azharrahman990"
"1763856213152850120","Sat Mar 02 09:17:46 +0000 2024","1","Peningkatan kualitas SDM Papua melalui berbagai kebijakan dan program seperti beasiswa pendidikan kesempatan kerja dan pelatihan lainnya #PapuaIndonesia #KemajuanPapua #AnakMudaPapua #PapuaNKRI. https://t.co/BJk7Reaps0","1763856213152850120","https://pbs.twimg.com/media/GHp54KaXYAAISxV.jpg","","in","Kota Cilegon, Banten","0","0","0","https://twitter.com/NataliaBesou/status/1763856213152850120","1562454912277299202","NataliaBesou"
"1763851897474306236","Sat Mar 02 09:00:37 +0000 2024","1","Peningkatan kualitas SDM Papua melalui berbagai kebijakan dan program seperti beasiswa pendidikan akan memberikan sumbangsih untuk mencetak generasi-generasi terbaik Papua yang berjiwa nasionalis dan patriotis. #PapuaIndonesia #KemajuanPapua #AnakMudaPapua #PapuaNKRI. https://t.co/IN8ddvW4Yv","1763851897474306236","https://pbs.twimg.com/media/GHp1892aAAAu8BA.jpg","","in","Serpong, Indonesia","0","0","0","https://twitter.com/ambyar_tiktok/status/1763851897474306236","1534457865532231680","ambyar_tiktok"
"1763845208486330550","Sat Mar 02 08:34:03 +0000 2024","2","Perhimpunan Pendidikan dan Guru (P2G) mengkritik pernyataan TKN Prabowo-Gibran yang menyebutkan bahwa rencana kebijakan Makan Siang Gratis di Sekolah akan diambil dari Dana BOS. . Kepala Bidang Advokasi Guru P2G Iman Zanatul Haeri menyatakan bahwa P2G tegas menolak jika rencana https://t.co/SRZ14CeYtJ","1763845208486330550","https://pbs.twimg.com/media/GHpv29paUAAeVbr.jpg","","in","Indonesia","0","1","2","https://twitter.com/pikiran_rakyat/status/1763845208486330550","58880688","pikiran_rakyat"
"1763834392231981531","Sat Mar 02 07:51:04 +0000 2024","0","Peningkatan kualitas SDM Papua melalui berbagai kebijakan dan program seperti beasiswa pendidikan kesempatan kerja dan pelatihan lainnya akan memberikan sumbangsih untuk mencetak generasi-generasi terbaik Papua yang berjiwa nasionalis dan patriotis. #PapuaIndonesia https://t.co/kTkacg2XsR","1763834392231981531","https://pbs.twimg.com/media/GHpmCBcaQAAWEPh.jpg","","in","East Nusa Tenggara, Indonesia","0","0","0","https://twitter.com/rikywolf444/status/1763834392231981531","1563194059757236225","rikywolf444"
