"conversation_id_str","created_at","favorite_count","full_text","id_str","image_url","in_reply_to_screen_name","lang","location","quote_count","reply_count","retweet_count","tweet_url","user_id_str","username"
"1729913503123947900","Wed Nov 29 17:21:34 +0000 2023","0","Problematika Akses Pendidikan Berdasarkan Kebijakan Zonasi Di Kecamatan Teluk Naga Kabupaten Tangerang https://t.co/vcNZ4tQyKp","1729913503123947900","","","in","Jl Ir. H. Juanda 95, Ciputat","0","0","0","https://twitter.com/perpusuinjkt/status/1729913503123947900","198428230","perpusuinjkt"
"1729875207366812077","Wed Nov 29 14:49:23 +0000 2023","0","Pengamat kebijakan pendidikan dari Universitas Pendidikan Indonesia (UPI) Cecep Darmawan menanggapi kasus AA (17) siswi Sekolah Menengah Atas Negeri (SMAN) di Bandung Jawa Barat yang lompat dari lantai tiga gedung sekolahnya. (ld) https://t.co/Boua9QATmZ.","1729875207366812077","","","in","Indonesia","0","0","0","https://twitter.com/tribunnews/status/1729875207366812077","124171593","tribunnews"
"1729841005061431637","Wed Nov 29 12:33:29 +0000 2023","0","Ganjar Pranowo membuktikan bahwa kebijakan pro-rakyat dapat dimulai dari sektor pendidikan. @DimasGa50553805 GPMMD 4Kupang https://t.co/wkSScOeZsP","1729841005061431637","https://pbs.twimg.com/media/GAGhOAeaYAAr7nX.jpg","","in","Bekasi","0","0","0","https://twitter.com/wahyuniapril3/status/1729841005061431637","1691714514117615616","wahyuniapril3"
"1729831913156690063","Wed Nov 29 11:57:21 +0000 2023","0","Dengan kebijakan pendidikan yang diusungnya Ganjar Pranowo berpotensi menciptakan revolusi positif di dunia pendidikan. @Drawdyasksy GPMMD 4Kupang https://t.co/i8CVwybPfP","1729831913156690063","https://pbs.twimg.com/media/GAGY8ybbYAA5gD5.jpg","","in","Tual","0","0","0","https://twitter.com/SyifaAull10/status/1729831913156690063","1687352007110336512","SyifaAull10"
"1729828812987216064","Wed Nov 29 11:45:02 +0000 2023","0","Keberanian Ganjar Pranowo merumuskan kebijakan pendidikan yang inklusif adalah langkah maju bagi kemajuan bangsa. @dragantha66 GPMMD 4Kupang https://t.co/b2wyz7kqC6","1729828812987216064","https://pbs.twimg.com/media/GAGWIvEakAAfaED.jpg","","in","SEMARANG","0","0","0","https://twitter.com/jelitannaaa/status/1729828812987216064","1686979037011607552","jelitannaaa"
"1729826527750103242","Wed Nov 29 11:35:57 +0000 2023","0","Ganjar Pranowo dan Mahfud MD membuktikan bahwa kebijakan pendidikan yang inklusif dapat menjadi solusi nyata untuk mengurangi kesenjangan sosial. @dearainfall GPMMD 4Kupang https://t.co/tRhZEiKAG5","1729826527750103242","https://pbs.twimg.com/media/GAGUDewboAAbUlV.jpg","","in","Tanjung balai","0","0","0","https://twitter.com/Lolitarahma41/status/1729826527750103242","1688461079826116608","Lolitarahma41"
"1729826130687934645","Wed Nov 29 11:34:22 +0000 2023","0","aku open joki tugas hukum ya - all matkul hukum sampai hukum Islam - PPKn - kebijakan publik - jurusan pendidikan juga bisa Langsung wa testi banyak liat dimedia t joki tugas t joki tugas hukum t joki hukum ilmu hukum","1729826130687934645","","","in","open 08.00-22.00","0","0","0","https://twitter.com/jokitugasnya_ka/status/1729826130687934645","1219595648300773376","jokitugasnya_ka"
"1729825680504893671","Wed Nov 29 11:32:35 +0000 2023","1","[OPEN RECRUITMENT PENGURUS HIMPUNAN MAHASISWA PRODI KEBIJAKAN PENDIDIKAN 2024 (HIMA KP) &amp; PANITIA MUSMA 2023] https://t.co/ilBGtD7buD","1729825680504893671","https://pbs.twimg.com/media/GAGTSIEbsAAMa4Q.jpg","","in","FIPP UNY","0","1","0","https://twitter.com/himakpuny/status/1729825680504893671","2914840327","himakpuny"
"1729824051508412486","Wed Nov 29 11:26:07 +0000 2023","0","Ganjar Pranowo menawarkan solusi konkret untuk mengentaskan kesenjangan pendidikan melalui kebijakan inklusif. @drachenjaegers GPMMD 4Kupang https://t.co/Yx3QJmB4yi","1729824051508412486","https://pbs.twimg.com/media/GAGRzmnbUAAwQXt.jpg","","in","PEKALONGAN","0","0","0","https://twitter.com/gempitahelen/status/1729824051508412486","1686965794125836288","gempitahelen"
"1729820313687408880","Wed Nov 29 11:11:15 +0000 2023","0","Kebijakan Ganjar Pranowo dan Mahfud MD dalam mendukung pendidikan keluarga miskin patut diacungi jempol. Semoga mendorong peningkatan kualitas sumber daya manusia. @doyourp GPMMD 4Kupang https://t.co/DWP6fdBup0","1729820313687408880","https://pbs.twimg.com/media/GAGOZnsaUAArmct.jpg","","in","Lhokseumawe","0","0","0","https://twitter.com/natanrenal/status/1729820313687408880","1688096693705940992","natanrenal"
"1729820005150204212","Wed Nov 29 11:10:02 +0000 2023","0","Ganjar Pranowo berkomitmen untuk merancang kebijakan pendidikan yang responsif terhadap perkembangan zaman dan kebutuhan masyarakat. @sonsofartemis GPMMD 4Kupang https://t.co/ZProTgAwfh","1729820005150204212","https://pbs.twimg.com/media/GAGOHnNaIAAcusg.jpg","","in","","0","0","0","https://twitter.com/nvchevynza/status/1729820005150204212","1683954416142123008","nvchevynza"
"1729819587145818513","Wed Nov 29 11:08:22 +0000 2023","0","Melalui kebijakan pendidikan yang inklusif Ganjar Pranowo berharap dapat menciptakan peluang yang setara untuk semua anak. @SonOfHorus_ GPMMD 4Kupang https://t.co/zS3eW1waoN","1729819587145818513","https://pbs.twimg.com/media/GAGNvR9aUAAPaY3.jpg","","in","Ternate","0","0","0","https://twitter.com/adityabiimaaa/status/1729819587145818513","1684484518798057473","adityabiimaaa"
"1729819126451863730","Wed Nov 29 11:06:32 +0000 2023","0","Mendukung Ganjar Pranowo sebagai Capres karena kebijakan pendidikan yang diusungnya dapat meratakan peluang belajar untuk semua kalangan termasuk keluarga miskin. @Dp3007xx GPMMD 4Kupang https://t.co/yuC2NpUesH","1729819126451863730","https://pbs.twimg.com/media/GAGNUtybwAArsJ5.jpg","","in","Solok","0","0","0","https://twitter.com/jenitaulia/status/1729819126451863730","1688231870356672513","jenitaulia"
"1729818742920466566","Wed Nov 29 11:05:01 +0000 2023","0","Ganjar Pranowo membuktikan bahwa kepedulian pada pendidikan bisa diwujudkan dalam kebijakan yang inklusif dan merata. @dirabeokki GPMMD 4Kupang https://t.co/kJ18hSb5R6","1729818742920466566","https://pbs.twimg.com/media/GAGM-WwbAAAwmaq.jpg","","in","Cirebon","0","0","0","https://twitter.com/DadanFirda2/status/1729818742920466566","1691731925281763328","DadanFirda2"
"1729817941934272514","Wed Nov 29 11:01:50 +0000 2023","0","Terobosan Ganjar Pranowo tentang pendidikan membuktikan bahwa kebijakan yang bijaksana dapat merubah nasib rakyat. @sigitwahyunug24 GPMMD 4Kupang https://t.co/ynMpSRZtxO","1729817941934272514","https://pbs.twimg.com/media/GAGMPmmbUAA7Cim.jpg","","in","Bandung","0","0","0","https://twitter.com/WindiOktalia/status/1729817941934272514","1689150771252887553","WindiOktalia"
"1729817662761406489","Wed Nov 29 11:00:43 +0000 2023","0","Mahfud MD sebagai cawapres memberikan dukungan yang kokoh untuk merancang kebijakan pendidikan yang inklusif. @diahaini11 GPMMD 4Kupang https://t.co/fTSqPj2hUZ","1729817662761406489","https://pbs.twimg.com/media/GAGL_dma4AA1wh1.jpg","","in","Gorontalo","0","0","0","https://twitter.com/helendavitaa/status/1729817662761406489","1690230968211361793","helendavitaa"
"1729815603697815570","Wed Nov 29 10:52:32 +0000 2023","0","Capres Ganjar Pranowo menawarkan sesuatu yang bernilai: akses pendidikan untuk keluarga miskin. Semoga kebijakan ini membuka pintu kesempatan yang lebih luas. @Dounshii GPMMD 4Kupang https://t.co/bV1EGJO37l","1729815603697815570","https://pbs.twimg.com/media/GAGKHmibkAAvShY.jpg","","in","ParePare","0","0","0","https://twitter.com/NaraClaudiaa/status/1729815603697815570","1687422514572734464","NaraClaudiaa"
"1729814624902525185","Wed Nov 29 10:48:39 +0000 2023","0","Terharu melihat Ganjar Pranowo dan Mahfud MD peduli pada akses pendidikan bagi keluarga miskin. Semoga kebijakan ini bisa memberikan dampak positif yang besar. @downie_15 GPMMD 4Kupang https://t.co/48YAaSoPjz","1729814624902525185","https://pbs.twimg.com/media/GAGJOmuaEAAU9RF.jpg","","in","Pekanbaru","0","1","0","https://twitter.com/AqilaLunaaA/status/1729814624902525185","1691350174160039936","AqilaLunaaA"
"1729812800707453116","Wed Nov 29 10:41:24 +0000 2023","0","Kebijakan Ganjar Pranowo untuk membuka akses pendidikan bagi keluarga miskin adalah contoh nyata keadilan sosial dalam pendidikan. @dejundefdery GPMMD 4Kupang https://t.co/RBbwxH0iX2","1729812800707453116","https://pbs.twimg.com/media/GAGHkdibIAAPFYu.jpg","","in","Banjarmasin","0","0","0","https://twitter.com/novanggraeni1/status/1729812800707453116","1688788387426410496","novanggraeni1"
"1729809898400010610","Wed Nov 29 10:29:52 +0000 2023","0","Keputusan Ganjar Pranowo untuk fokus pada akses pendidikan memperlihatkan pandangan jauh ke depan dalam merancang kebijakan publik. @dhrarzkia GPMMD 4Kupang https://t.co/f3RpCwjvRk","1729809898400010610","https://pbs.twimg.com/media/GAGE7cQbsAA34sf.jpg","","in","Padang Sidimpuan","0","1","0","https://twitter.com/CakraAgunggg/status/1729809898400010610","1689936060002992128","CakraAgunggg"
"1729785278162669827","Wed Nov 29 08:52:02 +0000 2023","0","Sambut baik kebijakan Ganjar Pranowo yang mengarah pada inklusivitas pendidikan. Mari bersama-sama membangun masa depan yang cerah. @dewihsan GPMMD 4Kupang https://t.co/t6E6FRtAwI","1729785278162669827","https://pbs.twimg.com/media/GAFuiacaoAASczf.jpg","","in","Yogyakarta","0","0","0","https://twitter.com/DefanAldion/status/1729785278162669827","1689123123596308481","DefanAldion"
"1729783095694336074","Wed Nov 29 08:43:22 +0000 2023","0","Melalui kebijakan progresif ini Ganjar-Mahfud menciptakan perubahan paradigma di mana pendidikan tinggi bukan lagi privilégé tetapi hak setiap individu @gr3ymago GPMMD 4Kupang https://t.co/16MfY5eEPR","1729783095694336074","https://pbs.twimg.com/media/GAFsjdebAAAqqCT.jpg","","in","Tomohon","0","0","0","https://twitter.com/tiaralestara_/status/1729783095694336074","1685876301406838784","tiaralestara_"
"1729782584811409604","Wed Nov 29 08:41:20 +0000 2023","0","Ganjar - Mahfud merancang kebijakan yang tidak hanya mengubah masa depan pendidikan tetapi juga mengubah nasib keluarga miskin menjadi lebih cerah @irfan_hadi_ GPMMD 4Kupang https://t.co/pPrzJDZnBD","1729782584811409604","https://pbs.twimg.com/media/GAFsFx5aoAA8EpJ.jpg","","in","Tanjung balai","0","0","0","https://twitter.com/Lolitarahma41/status/1729782584811409604","1688461079826116608","Lolitarahma41"
"1729778327618015400","Wed Nov 29 08:24:25 +0000 2023","0","Dalam kebijakan Ganjar-Mahfud setiap keluarga miskin adalah potensi yang menanti diolah menjadi lentera cemerlang dalam dunia pendidikan @lalabjani GPMMD 4Kupang https://t.co/UXgrPVr1Te","1729778327618015400","https://pbs.twimg.com/media/GAFoN9Hb0AAdhY9.jpg","","in","Tangerang","0","0","0","https://twitter.com/indrajaynt42/status/1729778327618015400","1689942000995614720","indrajaynt42"
"1729777707204882538","Wed Nov 29 08:21:57 +0000 2023","0","Ganjar-Mahfud dengan kebijakan progresifnya menciptakan terobosan bersejarah untuk mencapai inklusi pendidikan yang lebih luas @marailue GPMMD 4Kupang https://t.co/218kbdXlD6","1729777707204882538","https://pbs.twimg.com/media/GAFnpz4aUAAY6iQ.jpg","","in","Bengkulu","0","0","0","https://twitter.com/LisaMasfuf5/status/1729777707204882538","1689940436323057665","LisaMasfuf5"
"1729777698904363123","Wed Nov 29 08:21:55 +0000 2023","0","Mahfud MD sebagai mitra Ganjar Pranowo akan membantu merumuskan kebijakan pendidikan yang berdampak positif. @senobayuuu GPMMD 4Kupang https://t.co/hgeA97DO2s","1729777698904363123","https://pbs.twimg.com/media/GAFnpJXawAAqM97.jpg","","in","Pekalongan","0","0","0","https://twitter.com/aureljhnnnnnn/status/1729777698904363123","1684838549697548288","aureljhnnnnnn"
"1729772172069982380","Wed Nov 29 07:59:58 +0000 2023","0","Ganjar-Mahfud dengan komitmen tinggi merancang kebijakan-kebijakan progresif untuk membawa perubahan signifikan dalam dunia pendidikan di Indonesia @mn__nabil GPMMD 4Kupang https://t.co/tydFAGE2BJ","1729772172069982380","https://pbs.twimg.com/media/GAFinrEbkAAji0b.jpg","","in","Gorontalo, Indonesia","0","0","0","https://twitter.com/zani_hasnawa/status/1729772172069982380","1685913170899243008","zani_hasnawa"
"1729771282558775447","Wed Nov 29 07:56:26 +0000 2023","0","Dengan kebijakan ini Ganjar-Mahfud tak hanya merombak sistem pendidikan tetapi juga merangkul harapan setiap orang untuk menggapai cita-cita tinggi @junejuniaa GPMMD 4Kupang https://t.co/8TpU2CTelT","1729771282558775447","https://pbs.twimg.com/media/GAFhz59a4AAK3he.jpg","","in","cirebon","0","0","0","https://twitter.com/AdrianSept4nuss/status/1729771282558775447","1694618309634011136","AdrianSept4nuss"
"1729770676116992016","Wed Nov 29 07:54:01 +0000 2023","0","Pendidikan tinggi bukan lagi impian yang sulit diwujudkan bagi keluarga-keluarga miskin berkat kebijakan inklusif yang diusung oleh Ganjar-Mahfud @hendraaveiro1 GPMMD 4Kupang https://t.co/dMx0qfCBU5","1729770676116992016","https://pbs.twimg.com/media/GAFhQjJaUAArpWD.jpg","","in","Tanggerang","0","0","0","https://twitter.com/giselgilsaaaa/status/1729770676116992016","1684824799804313600","giselgilsaaaa"
"1729768923090800924","Wed Nov 29 07:47:03 +0000 2023","0","Dengan kebijakan progresifnya Ganjar-Mahfud mengukir prestasi membuktikan bahwa setiap keluarga miskin memiliki potensi luar biasa yang bisa dikembangkan melalui pendidikan @makilsoe GPMMD 4Kupang https://t.co/cABBFoCW6H","1729768923090800924","https://pbs.twimg.com/media/GAFfqkbbkAAMtOQ.jpg","","in","Bekasi","0","0","0","https://twitter.com/CiulKikii/status/1729768923090800924","1681700423441457152","CiulKikii"
"1729765902109880576","Wed Nov 29 07:35:03 +0000 2023","0","Ganjar-Mahfud dengan kebijakan berani ini menciptakan cerita keberhasilan baru di dunia pendidikan yang mengubah takdir keluarga-keluarga miskin menjadi penuh potensi @gagaxsyaa GPMMD 4Kupang https://t.co/cWZxmnKd27","1729765902109880576","https://pbs.twimg.com/media/GAFc6tzbQAA9LR4.jpg","","in","Balikpapan","0","0","0","https://twitter.com/naylaazaleea/status/1729765902109880576","1684454644997844992","naylaazaleea"
"1729765010908311889","Wed Nov 29 07:31:30 +0000 2023","0","Dengan kebijakan inklusifnya Ganjar-Mahfud menjembatani kesenjangan pendidikan antara keluarga miskin dan mampu @m1lkshak3sqv GPMMD 4Kupang https://t.co/rDi8HNkTUB","1729765010908311889","https://pbs.twimg.com/media/GAFcG2Aa8AE-fF_.jpg","","in","Nusantara","0","0","0","https://twitter.com/dimprayogaaa/status/1729765010908311889","1689907318249705472","dimprayogaaa"
"1729763478880051208","Wed Nov 29 07:25:25 +0000 2023","0","Ganjar-Mahfud menciptakan kebijakan pendidikan yang melibatkan semua pihak sehingga tak ada anak yang terabaikan @frahunnn GPMMD 4Kupang https://t.co/rwYJQUj3dt","1729763478880051208","https://pbs.twimg.com/media/GAFatpgaoAAtlXI.jpg","","in","Bekasi","0","0","0","https://twitter.com/arissaipulll/status/1729763478880051208","1685882358543867904","arissaipulll"
"1729763327775998335","Wed Nov 29 07:24:49 +0000 2023","0","Melalui kebijakan 1 Keluarga Miskin 1 Sarjana Ganjar - Mahfud menciptakan jalan baru bagi kemajuan pendidikan di Indonesia @ksk22194 GPMMD 4Kupang https://t.co/s4EvFczFTd","1729763327775998335","https://pbs.twimg.com/media/GAFak5aa4AApGMq.jpg","","in","Kotamobagu","0","0","0","https://twitter.com/dimasfabiann/status/1729763327775998335","1690319370738860032","dimasfabiann"
"1729761287653970005","Wed Nov 29 07:16:43 +0000 2023","0","Ganjar-Mahfud menunjukkan bahwa ketidaksetaraan dalam pendidikan dapat diatasi melalui kebijakan yang tepat dan terukur @Michsan901 GPMMD 4Kupang https://t.co/vJQCnxSB23","1729761287653970005","https://pbs.twimg.com/media/GAFYuDKbgAAb_UF.jpg","","in","Banjar","0","0","0","https://twitter.com/LidyaFebrii/status/1729761287653970005","1686207606376091648","LidyaFebrii"
"1729759929995526284","Wed Nov 29 07:11:19 +0000 2023","0","Peningkatan gaji guru menjadi tonggak penting dalam kebijakan Pragibs untuk menciptakan revolusi pendidikan di Indonesia #PraGibs2024 P2abowoGib2an DiHati","1729759929995526284","","","in","Penjaringan, Indonesia","0","0","0","https://twitter.com/orin_tasmina/status/1729759929995526284","1718819400126767104","orin_tasmina"
"1729758957030223946","Wed Nov 29 07:07:27 +0000 2023","0","Melalui kebijakan pendidikan yang inklusif Ganjar - Mahfud membuktikan bahwa pendidikan adalah hak semua bukan hanya sebagian @nrnhfsh GPMMD 4Kupang https://t.co/x3hOWb6VPU","1729758957030223946","https://pbs.twimg.com/media/GAFWmc8bUAA9-7x.jpg","","in","Palangka Raya","0","0","0","https://twitter.com/fitrisafitriii1/status/1729758957030223946","1681248700260298753","fitrisafitriii1"
"1729756472555253867","Wed Nov 29 06:57:35 +0000 2023","0","Dengan kebijakan progresif ini Ganjar-Mahfud menciptakan landasan kuat bagi masyarakat kurang beruntung agar dapat bersaing dalam dunia pendidikan dan mengubah nasib keluarga mereka @gabrielaangie GPMMD 4Kupang https://t.co/rsDHPbWYA2","1729756472555253867","https://pbs.twimg.com/media/GAFUV1Ka8AAiQ42.jpg","","in","Bima","0","0","0","https://twitter.com/rakannfaji/status/1729756472555253867","1684497490643685377","rakannfaji"
"1729754854535447003","Wed Nov 29 06:51:09 +0000 2023","0","Rakyat cerdas adalah hasil dari kebijakan cerdas Ganjar - Mahfud menjadi pilihan tepat untuk memastikan masyarakat memiliki akses pendidikan yang seluas-luasnya @NaziaSBano GPMMD 4Kupang https://t.co/87RfHlYaut","1729754854535447003","https://pbs.twimg.com/media/GAFS3lja8AAehlN.jpg","","in","Batu","0","0","0","https://twitter.com/mhmmdzaki38/status/1729754854535447003","1691319627165687808","mhmmdzaki38"
"1729754292809011552","Wed Nov 29 06:48:55 +0000 2023","0","Melalui kebijakan ini Ganjar-Mahfud merangkul visi masa depan di mana setiap keluarga miskin memiliki cerita sukses melalui pendidikan tinggi @frsssssssss09_ GPMMD 4Kupang https://t.co/WnNsFdmrj4","1729754292809011552","https://pbs.twimg.com/media/GAFSW_makAA8i9e.jpg","","in","Lubuklinggau","0","0","0","https://twitter.com/FriskaDama62_/status/1729754292809011552","1684454406723637248","FriskaDama62_"
"1729753794026639691","Wed Nov 29 06:46:56 +0000 2023","0","Dengan kebijakan ini Ganjar-Mahfud membangun jembatan emas menuju pendidikan tinggi bagi mereka yang selama ini terpinggirkan @Future59658183 GPMMD 4Kupang https://t.co/yzwQiCOysY","1729753794026639691","https://pbs.twimg.com/media/GAFR555bgAEgxMN.jpg","","in","Palembang","0","0","0","https://twitter.com/raefalraka56/status/1729753794026639691","1684851696806334465","raefalraka56"
"1729542039921189164","Tue Nov 28 16:45:30 +0000 2023","0","Kebijakan ini menunjukkan bahwa Ganjar dan Mahfud serius dalam menciptakan perubahan positif di sektor pendidikan @marianjelaaa GPMMD 4Sabang GPMMD 4Merauke https://t.co/oh9C7cAMR3","1729542039921189164","https://pbs.twimg.com/media/GACRUPoakAAl9wd.jpg","","in","Gunung sitoli","0","0","0","https://twitter.com/zakiramadhan_2/status/1729542039921189164","1688430638444285952","zakiramadhan_2"
"1729540925989490867","Tue Nov 28 16:41:04 +0000 2023","0","Kebijakan pendidikan Ganjar-Mahfud akan memberikan peluang pendidikan yang sama untuk semua anak Indonesia @leoz2017 GPMMD 4Sabang GPMMD 4Merauke https://t.co/O4R6c9KK2P","1729540925989490867","https://pbs.twimg.com/media/GACQTTVbYAABkop.jpg","","in","Tomohon","0","0","0","https://twitter.com/AznamSupar/status/1729540925989490867","1681909354726051841","AznamSupar"
"1729539277825204730","Tue Nov 28 16:34:31 +0000 2023","0","Ganjar dan Mahfud dengan kebijakan sekolah gratis memberikan akses pendidikan yang adil dan merata @Mamah_Iyah GPMMD 4Sabang GPMMD 4Merauke https://t.co/XwKKIwFr0q","1729539277825204730","https://pbs.twimg.com/media/GACOzcxakAAafuU.jpg","","in","Tasikmalaya","0","0","0","https://twitter.com/AlmaFahiira/status/1729539277825204730","1688426727343796224","AlmaFahiira"
"1729537912075882592","Tue Nov 28 16:29:06 +0000 2023","0","Melalui kebijakan pendidikan Ganjar-Mahfud ingin menjadikan Indonesia sebagai pusat keunggulan pendidikan di Asia @mahoijo GPMMD 4Sabang GPMMD 4Merauke https://t.co/EEZXcLjSNL","1729537912075882592","https://pbs.twimg.com/media/GACNj7LakAE0Vqd.jpg","","in","Lhokseumawe","0","0","0","https://twitter.com/peavon_steve/status/1729537912075882592","1688775437798064128","peavon_steve"
"1729537183160418468","Tue Nov 28 16:26:12 +0000 2023","0","Ganjar dan Mahfud tidak hanya membuat kebijakan pendidikan tetapi mereka merancang solusi berkelanjutan Mereka memahami bahwa pendidikan adalah fondasi pembangunan berkelanjutan @MarcaGala GPMMD 4Sabang GPMMD 4Merauke https://t.co/lI9eqUvIp8","1729537183160418468","https://pbs.twimg.com/media/GACM5iNbAAAXFT8.jpg","","in","Bogor","0","0","0","https://twitter.com/bintang_arsila/status/1729537183160418468","1688872231454322688","bintang_arsila"
"1729535794468241513","Tue Nov 28 16:20:41 +0000 2023","0","Dengan kebijakan ini Ganjar dan Mahfud berusaha menghapuskan hambatan ekonomi dalam akses pendidikan @Marhealy_star GPMMD 4Sabang GPMMD 4Merauke https://t.co/V1xL4YslYt","1729535794468241513","https://pbs.twimg.com/media/GACLor1a4AA015B.jpg","","in","Jakarta Utara","0","0","0","https://twitter.com/WahyuFerdiian/status/1729535794468241513","1688395333804666880","WahyuFerdiian"
"1729533988396798120","Tue Nov 28 16:13:30 +0000 2023","0","Ganjar-Mahfud memahami bahwa pendidikan adalah kunci untuk meraih mimpi dan kebijakan mereka mencerminkan hal tersebut @lambeja_s GPMMD 4Sabang GPMMD 4Merauke https://t.co/ZHI8Idb2ew","1729533988396798120","https://pbs.twimg.com/media/GACJ_t2a4AAwrYu.jpg","","in","Magelang","0","0","0","https://twitter.com/jenitaafrll/status/1729533988396798120","1686686691938152448","jenitaafrll"
"1729533981031604318","Tue Nov 28 16:13:28 +0000 2023","0","Ganjar-Mahfud berkomitmen untuk memajukan pendidikan melalui kebijakan sekolah gratis 12 tahun @MalasaYao GPMMD 4Sabang GPMMD 4Merauke https://t.co/KFN8zXjJfI","1729533981031604318","https://pbs.twimg.com/media/GACJ_H0akAAo45P.jpg","","in","TIDORE KEPULAUAN","0","0","0","https://twitter.com/risaliaaa27/status/1729533981031604318","1690284911285116928","risaliaaa27"
"1729532157570490705","Tue Nov 28 16:06:14 +0000 2023","0","Melalui kebijakan ini Ganjar dan Mahfud menunjukkan komitmen mereka untuk menciptakan akses pendidikan yang adil @marexben28377 GPMMD 4Sabang GPMMD 4Merauke https://t.co/uqbQmEJEy9","1729532157570490705","https://pbs.twimg.com/media/GACIU_SbUAALbXv.jpg","","in","Cilegon","0","0","0","https://twitter.com/melSyaida6/status/1729532157570490705","1688446849152385024","melSyaida6"
"1729530654453563404","Tue Nov 28 16:00:15 +0000 2023","0","Ganjar-Mahfud menunjukkan keberpihakan kepada rakyat dengan kebijakan pendidikan yang membebaskan mereka dari beban biaya @LaluRaihan GPMMD 4Sabang GPMMD 4Merauke https://t.co/qw0SPxr4iS","1729530654453563404","https://pbs.twimg.com/media/GACG9d-acAEvmEL.jpg","","in","Langsa","0","0","0","https://twitter.com/ashfiyamaulidaa/status/1729530654453563404","1686981650583052288","ashfiyamaulidaa"
"1729529608796852697","Tue Nov 28 15:56:06 +0000 2023","0","Pendidikan yang terjangkau dan bermutu menjadi kenyataan dengan kebijakan Ganjar-Mahfud yang mewajibkan sekolah gratis hingga 12 tahun @Leonard11922819 GPMMD 4Sabang GPMMD 4Merauke https://t.co/X4Zj0MTqaL","1729529608796852697","https://pbs.twimg.com/media/GACGAn3aIAAkMw8.jpg","","in","Bandar Lampung","0","0","0","https://twitter.com/levinagata/status/1729529608796852697","1681915359673319426","levinagata"
"1729529344333361244","Tue Nov 28 15:55:03 +0000 2023","0","Ganjar-Mahfud membawa angin segar untuk pendidikan nasional melalui kebijakan sekolah gratis 12 tahun @LeoMansbaw77940 GPMMD 4Sabang GPMMD 4Merauke https://t.co/0kHXqHFU9p","1729529344333361244","https://pbs.twimg.com/media/GACFxNSa4AA2Wil.jpg","","in","Cilegon","0","0","0","https://twitter.com/BilqisSalsbilaa/status/1729529344333361244","1681874411488681984","BilqisSalsbilaa"
"1729529302822318467","Tue Nov 28 15:54:53 +0000 2023","0","Ganjar dan Mahfud melangkah maju dengan merangkul masa depan melalui kebijakan pendidikan inklusif yakni sekolah gratis 12 tahun @leoanggitku GPMMD 4Sabang GPMMD 4Merauke https://t.co/FvFmHrx08Q","1729529302822318467","https://pbs.twimg.com/media/GACFuuFasAA8oN7.jpg","","in","Cimahi, Indonesia","0","0","0","https://twitter.com/frmnmegantara/status/1729529302822318467","1679737300903952386","frmnmegantara"
"1729528196906058230","Tue Nov 28 15:50:29 +0000 2023","0","Rakyat optimis dengan kebijakan pendidikan Ganjar-Mahfud yakin Indonesia akan melahirkan sumber daya manusia unggul @lalalove7_ GPMMD 4Sabang GPMMD 4Merauke https://t.co/IgCyqWpVLn","1729528196906058230","https://pbs.twimg.com/media/GACEudGasAAYXwO.jpg","","in","Tarakan","0","0","0","https://twitter.com/AfiraPutri62/status/1729528196906058230","1686936418873225216","AfiraPutri62"
"1729528180351156318","Tue Nov 28 15:50:25 +0000 2023","0","Tidak ada lagi alasan untuk tidak sekolah berkat kebijakan Ganjar dan Mahfud yang membuat pendidikan hingga 12 tahun menjadi gratis @LeoLeo05452876 GPMMD 4Sabang GPMMD 4Merauke https://t.co/80szAGGbu5","1729528180351156318","https://pbs.twimg.com/media/GACEtU1bsAAM8kh.jpg","","in","Serang","0","0","0","https://twitter.com/adrian_aswari/status/1729528180351156318","1681876494942105601","adrian_aswari"
"1729528119479210422","Tue Nov 28 15:50:11 +0000 2023","0","Ganjar dan Mahfud tak hanya bermimpi tapi mereka bertindak Mereka menyuarakan kebijakan pendidikan gratis sebagai wujud nyata perhatian pada pembentukan karakter bangsa @Maraimasa GPMMD 4Sabang GPMMD 4Merauke https://t.co/NHPJHa98RI","1729528119479210422","https://pbs.twimg.com/media/GACEp9YaEAAHsj0.jpg","","in","Surabaya","0","0","0","https://twitter.com/marisaclaris5/status/1729528119479210422","1688772548606222336","marisaclaris5"
"1729526961872245130","Tue Nov 28 15:45:35 +0000 2023","0","Kebijakan pendidikan gratis 12 tahun menjadi tonggak penting dalam agenda Ganjar-Mahfud untuk mencapai kesejahteraan bersama @lalapoolaa GPMMD 4Sabang GPMMD 4Merauke https://t.co/5tkJZjOWco","1729526961872245130","https://pbs.twimg.com/media/GACDmiPbIAAwnuz.jpg","","in","Jakarta Utara","0","0","0","https://twitter.com/LingPramana/status/1729526961872245130","1686601311989673984","LingPramana"
"1729524701314376062","Tue Nov 28 15:36:36 +0000 2023","0","Setiap anak berhak mendapatkan pendidikan terbaik Ganjar dan Mahfud menggarisbawahi hal ini melalui kebijakan sekolah 12 tahun gratis @lis1801628953 GPMMD 4Sabang GPMMD 4Merauke https://t.co/9nJJRUyYTS","1729524701314376062","https://pbs.twimg.com/media/GACBi-pbIAA0EPL.jpg","","in","Pontianak","0","0","0","https://twitter.com/AyuFdlhh/status/1729524701314376062","1678421531477639168","AyuFdlhh"
"1729524120738812411","Tue Nov 28 15:34:18 +0000 2023","0","Keberlanjutan pendidikan dijamin dengan kebijakan sekolah gratis 12 tahun yang digagas oleh Ganjar-Mahfud @lengerrrr GPMMD 4Sabang GPMMD 4Merauke https://t.co/q2YJ98ubom","1729524120738812411","https://pbs.twimg.com/media/GACBBM6a4AA8v9V.jpg","","in","Probolinggo","0","0","0","https://twitter.com/sitihammdia/status/1729524120738812411","1678415049608577027","sitihammdia"
"1729523930334167206","Tue Nov 28 15:33:32 +0000 2023","0","Program sekolah gratis 12 tahun mencerminkan kebijakan inklusif Ganjar-Mahfud untuk meningkatkan akses pendidikan @lemonsp1cy GPMMD 4Sabang GPMMD 4Merauke https://t.co/4bg6MTvQVp","1729523930334167206","https://pbs.twimg.com/media/GACA2HCacAApJrS.jpg","","in","Jakarta Selatan","0","0","0","https://twitter.com/JuliannKevinn/status/1729523930334167206","1681999687761678336","JuliannKevinn"
"1729522636643049493","Tue Nov 28 15:28:24 +0000 2023","0","Ganjar-Mahfud mengedepankan pendidikan sebagai fondasi utama pembangunan terlihat dari kebijakan sekolah gratis 12 tahun @lemonadye GPMMD 4Sabang GPMMD 4Merauke https://t.co/d4K0asucDk","1729522636643049493","https://pbs.twimg.com/media/GAB_qvMbIAA0Oi7.jpg","","in","Batu","0","0","0","https://twitter.com/YogaPragan/status/1729522636643049493","1678346201392103426","YogaPragan"
"1729519672683630911","Tue Nov 28 15:16:37 +0000 2023","0","Ganjar-Mahfud pengemban harapan pendidikan nasional melalui kebijakan sekolah gratis @LinaAsri1132403 GPMMD 4Sabang GPMMD 4Merauke https://t.co/kfF2HI5Y2j","1729519672683630911","https://pbs.twimg.com/media/GAB8-S_bUAAqmD1.jpg","","in","Surakarta","0","0","0","https://twitter.com/LastriKumala/status/1729519672683630911","1679348561753042944","LastriKumala"
"1729519065889485204","Tue Nov 28 15:14:12 +0000 2023","0","Sukses pendidikan dimulai dari kebijakan Ganjar-Mahfud: sekolah gratis untuk semua anak Indonesia @linglunq GPMMD 4Sabang GPMMD 4Merauke https://t.co/SjRAMIgQLk","1729519065889485204","https://pbs.twimg.com/media/GAB8a_Pb0AAdHFg.jpg","","in","Bogor","0","0","0","https://twitter.com/klaudia_sabrina/status/1729519065889485204","1687031303613620224","klaudia_sabrina"
"1729518764063072331","Tue Nov 28 15:13:00 +0000 2023","0","Kebijakan ini diharapkan mendorong partisipasi aktif masyarakat dalam mendukung pendidikan anak-anak Indonesia @KSTigaNaga GPMMD 4Sabang GPMMD 4Merauke https://t.co/cnda8B7E5N","1729518764063072331","https://pbs.twimg.com/media/GAB8JWsa0AArr10.jpg","","in","Prabumulih","0","0","0","https://twitter.com/nellysandyy/status/1729518764063072331","1686986949335339008","nellysandyy"
"1729518607854670140","Tue Nov 28 15:12:23 +0000 2023","0","Dukungan untuk Ganjar-Mahfud semakin menguat dengan kebijakan pendidikan yang inklusif dan merata melalui sekolah 12 tahun gratis @leaasgn GPMMD 4Sabang GPMMD 4Merauke https://t.co/kN5WJUB1mP","1729518607854670140","https://pbs.twimg.com/media/GAB8AUubMAIsVOR.jpg","","in","Magelang","0","0","0","https://twitter.com/AjiPraasetyoo/status/1729518607854670140","1680778182193188864","AjiPraasetyoo"
"1729517934538895590","Tue Nov 28 15:09:43 +0000 2023","0","Komitmen Ganjar-Mahfud terhadap pendidikan terwujud dalam kebijakan sekolah gratis 12 tahun yang inklusif @Lek_Nur12 GPMMD 4Sabang GPMMD 4Merauke https://t.co/YwLdQTqt3Q","1729517934538895590","https://pbs.twimg.com/media/GAB7ZHhagAAyL4V.jpg","","in","Cirebon","0","0","0","https://twitter.com/EvaSukasih/status/1729517934538895590","1681252640657907712","EvaSukasih"
"1729517382752944495","Tue Nov 28 15:07:31 +0000 2023","0","Kebijakan pendidikan gratis 12 tahun akan membuka peluang pendidikan yang lebih luas bagi generasi muda @luthfihimself GPMMD 4Sabang GPMMD 4Merauke https://t.co/eHkidnv06i","1729517382752944495","https://pbs.twimg.com/media/GAB648IbMAEPrFC.jpg","","in","Sorong","0","0","0","https://twitter.com/deonjauzan/status/1729517382752944495","1695344787837349888","deonjauzan"
"1729517292063797262","Tue Nov 28 15:07:09 +0000 2023","0","Ganjar-Mahfud sang pelopor kebijakan pendidikan: sekolah gratis sebagai tonggak perubahan @liniimasa GPMMD 4Sabang GPMMD 4Merauke https://t.co/lCCMSSKloL","1729517292063797262","https://pbs.twimg.com/media/GAB6ztNbAAAlQsy.jpg","","in","Depok","0","0","0","https://twitter.com/fitrisptriii/status/1729517292063797262","1681848273991262208","fitrisptriii"
"1729516773064733099","Tue Nov 28 15:05:06 +0000 2023","0","Kebijakan sekolah 12 tahun gratis mencerminkan keseriusan Ganjar-Mahfud dalam memajukan pendidikan sebagai fondasi pembangunan bangsa @LeanTagi26839 GPMMD 4Sabang GPMMD 4Merauke https://t.co/c0h6Eyn6t3","1729516773064733099","https://pbs.twimg.com/media/GAB6VgYbMAA7BTH.jpg","","in","Semarang","0","0","0","https://twitter.com/riana_tifani/status/1729516773064733099","1681917183025364993","riana_tifani"
"1729516248055325083","Tue Nov 28 15:03:01 +0000 2023","0","Ganjar-Mahfud ingin menciptakan kebijakan pendidikan yang memberikan dampak positif langsung kepada rakyat @Kucingorekayam GPMMD 4Sabang GPMMD 4Merauke https://t.co/7EHwhBHi6Z","1729516248055325083","https://pbs.twimg.com/media/GAB528ZbwAA1ap6.jpg","","in","PALEMBANG","0","0","0","https://twitter.com/syanalaalia/status/1729516248055325083","1686601967102279680","syanalaalia"
"1729515985756180810","Tue Nov 28 15:01:58 +0000 2023","0","Kebijakan ini sejalan dengan visi Ganjar-Mahfud untuk membangun Indonesia dari sektor pendidikan @KSerondanya GPMMD 4Sabang GPMMD 4Merauke https://t.co/3Jfv2SffKi","1729515985756180810","https://pbs.twimg.com/media/GAB5nnybQAAPrcY.jpg","","in","Sungai Penuh","0","0","0","https://twitter.com/tfikazmii121/status/1729515985756180810","1686215607942062080","tfikazmii121"
"1729515972330127518","Tue Nov 28 15:01:55 +0000 2023","0","Kebijakan pendidikan Ganjar-Mahfud menjadi solusi nyata untuk menekan angka putus sekolah @mahesahnggr GPMMD 4Sabang GPMMD 4Merauke https://t.co/uNycQ8xTKZ","1729515972330127518","https://pbs.twimg.com/media/GAB5m3faMAAlYCZ.jpg","","in","Pontianak","0","0","0","https://twitter.com/CantikaPutrixxz/status/1729515972330127518","1684776268997496832","CantikaPutrixxz"
"1729515602350579873","Tue Nov 28 15:00:27 +0000 2023","0","Kebijakan sekolah 12 tahun gratis mencerminkan kesadaran Ganjar-Mahfud akan pentingnya menciptakan akses pendidikan yang adil @leeihaechn GPMMD 4Sabang GPMMD 4Merauke https://t.co/F2PwJtHbXD","1729515602350579873","https://pbs.twimg.com/media/GAB5RLwXMAAQcUN.jpg","","in","Pontianak","0","0","0","https://twitter.com/AndriSuyanoo/status/1729515602350579873","1679763844187693056","AndriSuyanoo"
"1729515566803906663","Tue Nov 28 15:00:18 +0000 2023","0","Ganjar dan Mahfud menyakinkan bahwa pendidikan adalah hak setiap anak Indonesia ditunjukkan dengan kebijakan sekolah 12 tahun gratis @LebelLokom7915 GPMMD 4Sabang GPMMD 4Merauke https://t.co/M3eFbXDGF1","1729515566803906663","https://pbs.twimg.com/media/GAB5PSebkAAnGlP.jpg","","in","Surabaya","0","0","0","https://twitter.com/DwiSusanto_7/status/1729515566803906663","1679761728085843969","DwiSusanto_7"
"1729514602864459892","Tue Nov 28 14:56:28 +0000 2023","0","Ganjar-Mahfud pionir perubahan dengan membuka akses pendidikan lewat kebijakan sekolah 12 tahun gratis @Lilionfirda_HK GPMMD 4Sabang GPMMD 4Merauke https://t.co/82Dya3M1Ml","1729514602864459892","https://pbs.twimg.com/media/GAB4XBrXMAAM5c3.jpg","","in","Malang","0","0","0","https://twitter.com/anandayeni9/status/1729514602864459892","1679143208276615169","anandayeni9"
"1729514524506571187","Tue Nov 28 14:56:10 +0000 2023","0","Kebijakan sekolah 12 tahun gratis menciptakan momentum positif untuk perubahan signifikan di dunia pendidikan sejalan dengan visi Ganjar-Mahfud @lee_mine27 GPMMD 4Sabang GPMMD 4Merauke https://t.co/b92kFuZ13T","1729514524506571187","https://pbs.twimg.com/media/GAB4SYQXEAAjXYA.jpg","","in","Kendari","0","0","0","https://twitter.com/FairuzBimo/status/1729514524506571187","1679902989392412672","FairuzBimo"
"1729514415140012447","Tue Nov 28 14:55:44 +0000 2023","0","Masyarakat menyambut baik kebijakan progresif Ganjar-Mahfud yaitu sekolah 12 tahun gratis sebagai fondasi perubahan pendidikan @leesoodam__ GPMMD 4Sabang GPMMD 4Merauke https://t.co/Yv8QJaWS4W","1729514415140012447","https://pbs.twimg.com/media/GAB4L_lXAAAfkGy.jpg","","in","Payakumbuh","0","0","0","https://twitter.com/KKeyna23/status/1729514415140012447","1681905496218046464","KKeyna23"
"1729514396450447507","Tue Nov 28 14:55:39 +0000 2023","0","Masyarakat menyambut hangat kebijakan Ganjar-Mahfud yang membuktikan komitmen mereka pada kemajuan pendidikan melalui sekolah 12 tahun gratis @lealday_ GPMMD 4Sabang GPMMD 4Merauke https://t.co/QDAOb3cGDx","1729514396450447507","https://pbs.twimg.com/media/GAB4LCzXcAAKwFw.jpg","","in","Batu","0","0","0","https://twitter.com/rosyidabdul11_/status/1729514396450447507","1681924037952561152","rosyidabdul11_"
"1729514360694100006","Tue Nov 28 14:55:31 +0000 2023","0","Misi pendidikan Ganjar-Mahfud menjadi kenyataan lewat kebijakan sekolah 12 tahun gratis yang progresif @lilchinotto GPMMD 4Sabang GPMMD 4Merauke https://t.co/paKLqez6f9","1729514360694100006","https://pbs.twimg.com/media/GAB4IvZWQAASddt.jpg","","in","Pagar Alam","0","0","0","https://twitter.com/gilangsaiful_1/status/1729514360694100006","1683343576384815104","gilangsaiful_1"
"1729513978835951652","Tue Nov 28 14:54:00 +0000 2023","0","Masyarakat antusias menyambut langkah Ganjar-Mahfud yang mengedepankan hak pendidikan dengan kebijakan sekolah 12 tahun gratis @LeaCowley GPMMD 4Sabang GPMMD 4Merauke https://t.co/7eOhGqGgG1","1729513978835951652","https://pbs.twimg.com/media/GAB3yzjbEAAjplo.jpg","","in","Pontianak","0","0","0","https://twitter.com/rattiihhee/status/1729513978835951652","1681972050230149120","rattiihhee"
"1729513896258490730","Tue Nov 28 14:53:40 +0000 2023","0","Pendidikan untuk semua bukan sekadar slogan Ganjar-Mahfud tunjukkan komitmennya melalui kebijakan konkrit @mahenfaa GPMMD 4Sabang GPMMD 4Merauke https://t.co/Ny6nxk8n1I","1729513896258490730","https://pbs.twimg.com/media/GAB3t1bWIAAoMjd.jpg","","in","PAYAKUMBUH","0","0","0","https://twitter.com/maulnagara/status/1729513896258490730","1684866522370699264","maulnagara"
"1729512243492946070","Tue Nov 28 14:47:06 +0000 2023","0","Melalui kebijakan ini Ganjar-Mahfud ingin memberikan hak pendidikan kepada setiap generasi tanpa memandang latar belakang ekonomi @KrwgGrsrt GPMMD 4Sabang GPMMD 4Merauke https://t.co/pWp7QB5kFP","1729512243492946070","https://pbs.twimg.com/media/GAB2NbzXEAAacDo.jpg","","in","Tidore Kepulauan, Indonesia","0","0","0","https://twitter.com/naufalazharrrr/status/1729512243492946070","1686303335081766912","naufalazharrrr"
"1729512094838501653","Tue Nov 28 14:46:30 +0000 2023","0","Ganjar-Mahfud: sekolah gratis 12 tahun kebijakan inklusif untuk mengentaskan ketidaksetaraan pendidikan @manisankhuldi GPMMD 4Sabang GPMMD 4Merauke https://t.co/0rxRKHUsza","1729512094838501653","https://pbs.twimg.com/media/GAB2E5JX0AAOUxy.jpg","","in","Jayapura","0","0","0","https://twitter.com/keylaptrriiii/status/1729512094838501653","1685863079651971072","keylaptrriiii"
"1729511938856464800","Tue Nov 28 14:45:53 +0000 2023","0","Dukungan masyarakat tumbuh pesat untuk kebijakan pendidikan yang merakyat dari pasangan Ganjar-Mahfud @Mahdiiiiiii_ GPMMD 4Sabang GPMMD 4Merauke https://t.co/X5JYcH6n6o","1729511938856464800","https://pbs.twimg.com/media/GAB170eWYAA4w4J.jpg","","in","Surakarta","0","0","0","https://twitter.com/deonfarhannn/status/1729511938856464800","1685872748634222592","deonfarhannn"
"1729511791170912618","Tue Nov 28 14:45:18 +0000 2023","0","Dukungan masyarakat semakin solid dengan kebijakan pendidikan gratis 12 tahun dari Ganjar-Mahfud @Loperkoorann GPMMD 4Sabang GPMMD 4Merauke https://t.co/5mpvdhf00p","1729511791170912618","https://pbs.twimg.com/media/GAB1zSjWAAAape9.jpg","","in","pekanbaru","0","0","0","https://twitter.com/bayu_eria/status/1729511791170912618","1683720686232293376","bayu_eria"
"1729511209408381304","Tue Nov 28 14:42:59 +0000 2023","0","Ganjar-Mahfud katalisator perubahan pendidikan membawa angin segar lewat kebijakan sekolah gratis 12 tahun @lutfi_g GPMMD 4Sabang GPMMD 4Merauke https://t.co/zeQuJKe6aK","1729511209408381304","https://pbs.twimg.com/media/GAB1RXbWcAApEap.jpg","","in","palu","0","0","0","https://twitter.com/zakihaikal_63/status/1729511209408381304","1683738365081030656","zakihaikal_63"
"1729508683472609544","Tue Nov 28 14:32:57 +0000 2023","0","Mengapresiasi langkah Ganjar-Mahfud dalam menciptakan iklim pendidikan yang inklusif dan setara dengan kebijakan sekolah 12 tahun gratis @mahardhikka GPMMD 4Sabang GPMMD 4Merauke https://t.co/TM9vkRfv7H","1729508683472609544","https://pbs.twimg.com/media/GABy-e-XoAAZ2E7.jpg","","in","Tanjungbalai","0","0","0","https://twitter.com/farisriskii_/status/1729508683472609544","1684816831721480195","farisriskii_"
"1729506064515682312","Tue Nov 28 14:22:33 +0000 2023","0","Ganjar-Mahfud penyelamat pendidikan dengan kebijakan sekolah gratis 12 tahun yang merata di seluruh pelosok tanah air @Lonteliar428765 GPMMD 4Sabang GPMMD 4Merauke https://t.co/uXciSzPi4X","1729506064515682312","https://pbs.twimg.com/media/GABwl14WMAAi7mn.jpg","","in","Jakarta Utara","0","0","0","https://twitter.com/AgusMulyad0/status/1729506064515682312","1684052892351864833","AgusMulyad0"
"1729505767596675338","Tue Nov 28 14:21:22 +0000 2023","0","Mendorong kebijakan Ganjar-Mahfud tentang sekolah 12 tahun gratis sebagai langkah besar menuju pemberdayaan masyarakat melalui pendidikan @magnoweeda GPMMD 4Sabang GPMMD 4Merauke https://t.co/U8l0xxXSUg","1729505767596675338","https://pbs.twimg.com/media/GABwUmsXoAAoe-y.jpg","","in","Subulussalam","0","0","0","https://twitter.com/salimhalimm_/status/1729505767596675338","1684871880283713536","salimhalimm_"
"1729504551772856600","Tue Nov 28 14:16:32 +0000 2023","0","Menghargai langkah nyata Ganjar-Mahfud dalam menghadirkan perubahan positif melalui kebijakan pendidikan 12 tahun gratis @magirosello GPMMD 4Sabang GPMMD 4Merauke https://t.co/lirWpv3p1j","1729504551772856600","https://pbs.twimg.com/media/GABvNxlWIAA4rW-.jpg","","in","Pangkalpinang","0","0","0","https://twitter.com/putradadan_/status/1729504551772856600","1684919085363294208","putradadan_"
"1729502327986622883","Tue Nov 28 14:07:42 +0000 2023","0","Ganjar-Mahfud melangkah maju dengan kebijakan pendidikan yang memastikan setiap anak mendapatkan haknya @LidAlpArslan GPMMD 4Sabang GPMMD 4Merauke https://t.co/656WlHvSM4","1729502327986622883","https://pbs.twimg.com/media/GABtMbsWgAAAdwO.jpg","","in","Pekalongan","0","0","0","https://twitter.com/darma_purnawan/status/1729502327986622883","1683384190635737090","darma_purnawan"
"1729501884757537163","Tue Nov 28 14:05:56 +0000 2023","0","Ganjar-Mahfud membuktikan bahwa kebijakan pendidikan inklusif bukan hanya wacana tetapi kenyataan yang mereka usung @lone666wolf_ GPMMD 4Sabang GPMMD 4Merauke https://t.co/5o1egqzgTb","1729501884757537163","https://pbs.twimg.com/media/GABsymHXgAAZHkI.jpg","","in","Cirebon","0","0","0","https://twitter.com/fahrani_fa5/status/1729501884757537163","1684090064375267328","fahrani_fa5"
"1729500309272281420","Tue Nov 28 13:59:40 +0000 2023","0","Dukungan masyarakat terhadap Ganjar-Mahfud semakin meningkat seiring dengan terwujudnya kebijakan pendidikan yang inklusif @lieurrrrr GPMMD 4Sabang GPMMD 4Merauke https://t.co/xZk6OP7iAk","1729500309272281420","https://pbs.twimg.com/media/GABrWMdXUAAC2Y5.jpg","","in","Jambi","0","0","0","https://twitter.com/MarisyaDin_/status/1729500309272281420","1683384004446388226","MarisyaDin_"
"1729500033211568493","Tue Nov 28 13:58:35 +0000 2023","0","Memberikan dukungan penuh terhadap kebijakan progresif Ganjar-Mahfud yang bertujuan memberikan akses pendidikan yang setara bagi seluruh anak bangsa @magdududuu GPMMD 4Sabang GPMMD 4Merauke https://t.co/tsJYDTqQLY","1729500033211568493","https://pbs.twimg.com/media/GABrG5WboAAzshK.jpg","","in","Balikpapan","0","0","0","https://twitter.com/FetrykaA3st/status/1729500033211568493","1683715448469323777","FetrykaA3st"
"1729499258343034920","Tue Nov 28 13:55:30 +0000 2023","0","Ganjar-Mahfud membuktikan bahwa kebijakan pendidikan yang inklusif adalah kunci untuk mencapai kemajuan bersama @lokonh39504235 GPMMD 4Sabang GPMMD 4Merauke https://t.co/9TJBnbLQbZ","1729499258343034920","https://pbs.twimg.com/media/GABqZnuXIAAHM49.jpg","","in","Depok","0","0","0","https://twitter.com/puspaputriii/status/1729499258343034920","1683362053967470592","puspaputriii"
"1729498986506015108","Tue Nov 28 13:54:25 +0000 2023","0","Dukungan untuk Ganjar-Mahfud semakin besar berkat kebijakan inklusif mereka di bidang pendidikan @lidiaaypriliana GPMMD 4Sabang GPMMD 4Merauke https://t.co/BRLm78ex07","1729498986506015108","https://pbs.twimg.com/media/GABqJc8WAAAZxwh.jpg","","in","Padangsidimpuan","0","0","0","https://twitter.com/__spriyatnaa/status/1729498986506015108","1681971902158639104","__spriyatnaa"
"1729498653629333514","Tue Nov 28 13:53:06 +0000 2023","0","Ganjar dan Mahfud jembatan emas menuju pendidikan yang lebih merata lewat kebijakan 12 tahun gratis @mafty_11 GPMMD 4Sabang GPMMD 4Merauke https://t.co/VWxRLzl1iR","1729498653629333514","https://pbs.twimg.com/media/GABp27ZWwAA4hR3.jpg","","in","Ambon","0","0","0","https://twitter.com/rapadewannnnnnn/status/1729498653629333514","1683751673683128320","rapadewannnnnnn"
"1729497447049924757","Tue Nov 28 13:48:18 +0000 2023","0","Mengapresiasi kebijakan progresif Ganjar-Mahfud yang berkomitmen untuk menjadikan pendidikan 12 tahun gratis sebagai kunci utama mengentaskan kesenjangan pendidikan @magai_musa GPMMD 4Sabang GPMMD 4Merauke https://t.co/v4rpSokH4D","1729497447049924757","https://pbs.twimg.com/media/GABowlUbAAAtX-8.jpg","","in","Pagar Alam","0","0","0","https://twitter.com/AffanPian71/status/1729497447049924757","1683700750243995650","AffanPian71"
"1729497394382041154","Tue Nov 28 13:48:05 +0000 2023","0","Dukungan masyarakat terhadap Ganjar-Mahfud semakin meningkat karena kebijakan mereka yang proaktif dalam merespons kebutuhan pendidikan @licesparks90 GPMMD 4Sabang GPMMD 4Merauke https://t.co/hk9tA1yeJ6","1729497394382041154","https://pbs.twimg.com/media/GABosu6W0AAm4AM.jpg","","in","Tegal","0","0","0","https://twitter.com/danangwastooo/status/1729497394382041154","1683331318250352640","danangwastooo"
"1729496457915539720","Tue Nov 28 13:44:22 +0000 2023","0","Mendukung kebijakan sekolah 12 tahun gratis sebagai upaya meratakan peluang pendidikan bagi anak-anak Indonesia dari berbagai lapisan masyarakat @magaiofficial GPMMD 4Sabang GPMMD 4Merauke https://t.co/BQIo3qVslb","1729496457915539720","https://pbs.twimg.com/media/GABn269aYAAJtOE.jpg","","in","Batam","0","0","0","https://twitter.com/EkiMustaki4/status/1729496457915539720","1683738015057993730","EkiMustaki4"
"1729496108530024612","Tue Nov 28 13:42:59 +0000 2023","0","Dukungan masyarakat terhadap kebijakan wajib sekolah gratis 12 tahun semakin mengukuhkan posisi Ganjar-Mahfud sebagai calon pemimpin yang peduli pendidikan @marRkono GPMMD 4Sabang GPMMD 4Merauke https://t.co/jTsMJJM3vy","1729496108530024612","https://pbs.twimg.com/media/GABnirKb0AA5AWu.jpg","","in","Cilegon","0","0","0","https://twitter.com/TaufikkSaputraa/status/1729496108530024612","1702732494142054400","TaufikkSaputraa"
"1729496074422009884","Tue Nov 28 13:42:51 +0000 2023","0","Dukungan terhadap Ganjar-Mahfud semakin menguat karena kebijakan mereka yang berfokus pada pemberdayaan melalui pendidikan @liaraasya GPMMD 4Sabang GPMMD 4Merauke https://t.co/UsLImE2aTj","1729496074422009884","https://pbs.twimg.com/media/GABngl0a4AA5kOO.jpg","","in","Sabang","0","0","0","https://twitter.com/AkbarPriyatnaa/status/1729496074422009884","1702699099844444160","AkbarPriyatnaa"
"1729495651271233679","Tue Nov 28 13:41:10 +0000 2023","0","Ganjar-Mahfud memahami bahwa pendidikan adalah hak semua anak dan itulah mengapa mereka menggulirkan kebijakan sekolah gratis 12 tahun @Man734009090243 GPMMD 4Sabang GPMMD 4Merauke https://t.co/ustojIYSuO","1729495651271233679","https://pbs.twimg.com/media/GABnIDxaoAAoDja.jpg","","in","JAKARTA SELATAN","0","0","0","https://twitter.com/kelvinezra_/status/1729495651271233679","1684771194296520704","kelvinezra_"
"1729495043311042929","Tue Nov 28 13:38:45 +0000 2023","0","Kesetaraan akses pendidikan diwujudkan melalui kebijakan Ganjar-Mahfud yang menjadikan sekolah 12 tahun gratis sebagai fondasi pembangunan @markqieee GPMMD 4Sabang GPMMD 4Merauke https://t.co/h7xV35YXgB","1729495043311042929","https://pbs.twimg.com/media/GABmkpsaMAA-8oF.jpg","","in","BEKASI","0","0","0","https://twitter.com/mahendra_iann/status/1729495043311042929","1684759816600948736","mahendra_iann"
"1729494687994790000","Tue Nov 28 13:37:20 +0000 2023","0","Pendidikan tak lagi menjadi beban Ganjar-Mahfud menggariskan masa depan cerah lewat kebijakan sekolah gratis 12 tahun @MamponrakM GPMMD 4Sabang GPMMD 4Merauke https://t.co/CPkBtoxIKI","1729494687994790000","https://pbs.twimg.com/media/GABmPvBa0AAZB9c.jpg","","in","Cirebon","0","0","0","https://twitter.com/lvzyaindri/status/1729494687994790000","1685916316027461632","lvzyaindri"
"1729493751222198775","Tue Nov 28 13:33:37 +0000 2023","0","Pendidikan sebagai keadilan itulah semangat Ganjar-Mahfud yang terpancar dalam kebijakan sekolah gratis selama 12 tahun @ManaNiwari GPMMD 4Sabang GPMMD 4Merauke https://t.co/gq3spw0O6X","1729493751222198775","https://pbs.twimg.com/media/GABlZXQaUAAx0d1.jpg","","in","BALIKPAPAN","0","0","0","https://twitter.com/okiiiandri/status/1729493751222198775","1695656153433436160","okiiiandri"
"1729493699678363813","Tue Nov 28 13:33:25 +0000 2023","0","Ganjar-Mahfud pembela hak anak bangsa lewat kebijakan pendidikan gratis yang merata @madrafiii GPMMD 4Sabang GPMMD 4Merauke https://t.co/LDVMXadJec","1729493699678363813","https://pbs.twimg.com/media/GABlWaNb0AAfN1L.jpg","","in","Bekasi","0","0","0","https://twitter.com/FirmanWalii/status/1729493699678363813","1695034068805836800","FirmanWalii"
"1729493698562707753","Tue Nov 28 13:33:24 +0000 2023","0","Ganjar-Mahfud penyelamat impian anak-anak Indonesia melalui kebijakan pendidikan gratis dan inklusif @madnewbi39 GPMMD 4Sabang GPMMD 4Merauke https://t.co/ZzObsm9a4s","1729493698562707753","https://pbs.twimg.com/media/GABlWWTboAAFp1U.jpg","","in","Jakarta Utara","0","0","0","https://twitter.com/AndreeSetiiaa/status/1729493698562707753","1696886364241846273","AndreeSetiiaa"
"1729493198882611671","Tue Nov 28 13:31:25 +0000 2023","0","Akses pendidikan untuk semua itulah visi Ganjar-Mahfud terwujud lewat kebijakan sekolah gratis 12 tahun @mamu8244 GPMMD 4Sabang GPMMD 4Merauke https://t.co/fl8ssvzfEX","1729493198882611671","https://pbs.twimg.com/media/GABk5KVbgAAIT4I.jpg","","in","LUBUKLINGGAU","0","0","0","https://twitter.com/anandtamari/status/1729493198882611671","1685117560663195648","anandtamari"
"1729493041642381558","Tue Nov 28 13:30:48 +0000 2023","0","Ganjar dan Mahfud: harapkan pendidikan berkualitas mulai dari kebijakan sekolah 12 tahun gratis @kurniawanfree GPMMD 4Sabang GPMMD 4Merauke https://t.co/ZvgJ5D1D2g","1729493041642381558","https://pbs.twimg.com/media/GABkwDabkAAXAq2.jpg","","in","Jakarta Utara","0","0","0","https://twitter.com/AliyaSumai2/status/1729493041642381558","1691699144002539522","AliyaSumai2"
"1729492963703873972","Tue Nov 28 13:30:29 +0000 2023","0","Transformasi pendidikan menuju keunggulan dengan kebijakan sekolah 12 tahun gratis dari Ganjar-Mahfud @lliminality GPMMD 4Sabang GPMMD 4Merauke https://t.co/jJvz0bPp53","1729492963703873972","https://pbs.twimg.com/media/GABkrL5aQAEns7J.jpg","","in","SABULUSSALAM","0","0","0","https://twitter.com/suja_tiralia/status/1729492963703873972","1683155279054241794","suja_tiralia"
"1729492885937258892","Tue Nov 28 13:30:11 +0000 2023","0","Pendidikan sebagai hak semua anak bangsa terwujud dalam kebijakan sekolah 12 tahun gratis dari Ganjar-Mahfud @lobsterawr GPMMD 4Sabang GPMMD 4Merauke https://t.co/xFVrc62lEW","1729492885937258892","https://pbs.twimg.com/media/GABkm0JakAAbIVa.jpg","","in","Mojokerto","0","0","0","https://twitter.com/gananggnwn/status/1729492885937258892","1683374630223106048","gananggnwn"
"1729492638192353576","Tue Nov 28 13:29:12 +0000 2023","0","Kebijakan ini memperlihatkan bahwa Ganjar dan Mahfud tidak hanya berbicara tetapi juga bertindak untuk kebaikan pendidikan @mariecacaa GPMMD 4Sabang GPMMD 4Merauke https://t.co/zEVKXMV138","1729492638192353576","https://pbs.twimg.com/media/GABkYhOa0AAGLN7.jpg","","in","BALIKPAPAN","0","0","0","https://twitter.com/xxxavierrs/status/1729492638192353576","1684613603847192576","xxxavierrs"
"1729492628394451064","Tue Nov 28 13:29:09 +0000 2023","0","Transformasi pendidikan dimulai Ganjar-Mahfud berkomitmen memberikan peluang yang setara lewat kebijakan pendidikan gratis selama 12 tahun @mamesyah_ GPMMD 4Sabang GPMMD 4Merauke https://t.co/EE12ZdF6DF","1729492628394451064","https://pbs.twimg.com/media/GABkYEkbkAEw-kY.jpg","","in","BLITAR","0","0","0","https://twitter.com/sheillaindaah/status/1729492628394451064","1696456211074596865","sheillaindaah"
"1729491845775012346","Tue Nov 28 13:26:03 +0000 2023","0","Ganjar-Mahfud tidak hanya berbicara tentang pendidikan gratis tetapi menghadirkan kebijakan nyata yang memberikan dampak positif @luhmcfly1 GPMMD 4Sabang GPMMD 4Merauke https://t.co/yj6gLq7jZA","1729491845775012346","https://pbs.twimg.com/media/GABjqvCasAAPBSy.jpg","","in","Parepare","0","0","0","https://twitter.com/Irfansaputraaa2/status/1729491845775012346","1679873643130793984","Irfansaputraaa2"
"1729491791244890282","Tue Nov 28 13:25:50 +0000 2023","0","Indonesia pintar! Ganjar-Mahfud perkenalkan kebijakan pendidikan 12 tahun gratis sebagai langkah maju negara @kurniyanto_12 GPMMD 4Sabang GPMMD 4Merauke https://t.co/WWDbZk7v8X","1729491791244890282","https://pbs.twimg.com/media/GABjnW8b0AArPc8.jpg","","in","Jambi","0","0","0","https://twitter.com/Muhyamin44/status/1729491791244890282","1686232895835500544","Muhyamin44"
"1729491786824110428","Tue Nov 28 13:25:49 +0000 2023","0","Kebijakan Ganjar-Mahfud ini akan membuka akses pendidikan yang lebih luas bagi seluruh rakyat Indonesia @kutoopi GPMMD 4Sabang GPMMD 4Merauke https://t.co/OAqdmUb95g","1729491786824110428","https://pbs.twimg.com/media/GABjnQXakAAWCUG.jpg","","in","Bitung","0","0","0","https://twitter.com/BagasPrayoo/status/1729491786824110428","1686243575418564608","BagasPrayoo"
"1729491436847178238","Tue Nov 28 13:24:25 +0000 2023","0","Pendidikan yang adil dan merata adalah tujuan Ganjar dan Mahfud dan itu tercermin dalam kebijakan sekolah gratis 12 tahun @markNur1 GPMMD 4Sabang GPMMD 4Merauke https://t.co/eZ4KNZT8Ma","1729491436847178238","https://pbs.twimg.com/media/GABjSrKaoAA1R8K.jpg","","in","Pontianak","0","0","0","https://twitter.com/RadityaTrianto/status/1729491436847178238","1696478287823028224","RadityaTrianto"
"1729491398637048161","Tue Nov 28 13:24:16 +0000 2023","0","Inklusivitas Ganjar-Mahfud tercermin dalam kebijakan sekolah gratis 12 tahun memberikan hak setiap anak untuk mendapatkan pendidikan tanpa hambatan @ManamiAkamura GPMMD 4Sabang GPMMD 4Merauke https://t.co/FpvslPwq2B","1729491398637048161","https://pbs.twimg.com/media/GABjQPoaUAALGlA.jpg","","in","Surabaya","0","0","0","https://twitter.com/RahmanAbdu6411/status/1729491398637048161","1696963209624956928","RahmanAbdu6411"
"1729491335122665740","Tue Nov 28 13:24:01 +0000 2023","0","Ganjar dan Mahfud pionir perubahan pendidikan dengan kebijakan pendidikan 12 tahun gratis untuk semua @madonimanalu17 GPMMD 4Sabang GPMMD 4Merauke https://t.co/76feqBjs56","1729491335122665740","https://pbs.twimg.com/media/GABjMz5a8AAEZaC.jpg","","in","Bogor","0","0","0","https://twitter.com/YSitianiii/status/1729491335122665740","1695039765165543424","YSitianiii"
"1729491204818227250","Tue Nov 28 13:23:30 +0000 2023","0","Ganjar dan Mahfud buka peluang masa depan cerah dengan kebijakan pendidikan 12 tahun gratis @Kurnia45930891 GPMMD 4Sabang GPMMD 4Merauke https://t.co/QprnetVY33","1729491204818227250","https://pbs.twimg.com/media/GABjFO0bAAAaNC6.jpg","","in","Pekalongan","0","0","0","https://twitter.com/AprelianaFidya/status/1729491204818227250","1686218506885545985","AprelianaFidya"
"1729491072546718138","Tue Nov 28 13:22:58 +0000 2023","0","Guru Ngaji Sejahtera wujud kebijakan inklusif dari Pak Ganjar Mahfud. Dukungan penuh untuk menciptakan lingkungan pendidikan agama yang lebih baik!","1729491072546718138","","","in","","0","0","0","https://twitter.com/ginayulia__/status/1729491072546718138","1677330784510701570","ginayulia__"
"1729490151817240770","Tue Nov 28 13:19:19 +0000 2023","0","Pendidikan gratis 12 tahun sebuah kebijakan inklusif yang menjembatani kesenjangan pendidikan @madolr_ GPMMD 4Sabang GPMMD 4Merauke https://t.co/qis6HU9qYA","1729490151817240770","https://pbs.twimg.com/media/GABiH7NaQAASSdZ.jpg","","in","TUAL","0","0","0","https://twitter.com/__zandrerr/status/1729490151817240770","1683507504167403521","__zandrerr"
"1729490086990106790","Tue Nov 28 13:19:03 +0000 2023","0","Terobosan besar Ganjar-Mahfud dengan kebijakan sekolah gratis 12 tahun memberikan harapan baru bagi kemajuan pendidikan di Indonesia @langkahkakikuuu GPMMD 4Sabang GPMMD 4Merauke https://t.co/ul9HSiLoK2","1729490086990106790","https://pbs.twimg.com/media/GABiELDbcAAq4gZ.jpg","","in","Bandung","0","0","0","https://twitter.com/BayuSety9/status/1729490086990106790","1691712158676254720","BayuSety9"
"1729490040022356148","Tue Nov 28 13:18:52 +0000 2023","0","Edukasi tak lagi menjadi beban berkat kebijakan Ganjar-Mahfud yang memastikan setiap anak dapat menikmati pendidikan 12 tahun tanpa biaya @LAnaktetan5607 GPMMD 4Sabang GPMMD 4Merauke https://t.co/bI7SuurtBm","1729490040022356148","https://pbs.twimg.com/media/GABiBbQagAA-PT4.jpg","","in","Tasikmalaya","0","0","0","https://twitter.com/dimasahmad00/status/1729490040022356148","1686628577473904641","dimasahmad00"
"1729489545761309069","Tue Nov 28 13:16:54 +0000 2023","0","Kebijakan ini akan membantu mengatasi ketidaksetaraan dalam pendidikan @leviivelv GPMMD 4Sabang GPMMD 4Merauke https://t.co/nn0P4RBwfI","1729489545761309069","https://pbs.twimg.com/media/GABhklQaEAAU9p8.jpg","","in","Binjai","0","0","0","https://twitter.com/larisaoliv_/status/1729489545761309069","1683394002685693953","larisaoliv_"
"1729489529873342679","Tue Nov 28 13:16:50 +0000 2023","0","Ganjar dan Mahfud duo hebat yang hadirkan kebijakan inklusif: pendidikan gratis 12 tahun untuk semua anak Indonesia @kusukasushi GPMMD 4Sabang GPMMD 4Merauke https://t.co/nexy5lZiKX","1729489529873342679","https://pbs.twimg.com/media/GABhjxKaIAAZFLT.jpg","","in","Denpasar","0","0","0","https://twitter.com/RinaPermatrin/status/1729489529873342679","1685915296190828547","RinaPermatrin"
"1729489493957513381","Tue Nov 28 13:16:42 +0000 2023","0","Ganjar dan Mahfud harmoni kebijakan: pendidikan gratis 12 tahun demi kemajuan pendidikan nasional @kutilkucing GPMMD 4Sabang GPMMD 4Merauke https://t.co/obuohlGQdx","1729489493957513381","https://pbs.twimg.com/media/GABhhw6bsAA3mRe.jpg","","in","Tual","0","0","0","https://twitter.com/avidafeti_/status/1729489493957513381","1686598715472297984","avidafeti_"
"1729489454233186647","Tue Nov 28 13:16:32 +0000 2023","0","Dukungan penuh untuk kebijakan Ganjar-Mahfud yang menetapkan pendidikan 12 tahun gratis mengukir prestasi dan masa depan cemerlang anak-anak kita @langgaaris GPMMD 4Sabang GPMMD 4Merauke https://t.co/iees6zTiqG","1729489454233186647","https://pbs.twimg.com/media/GABhfaVbQAAaXUI.jpg","","in","Salatiga","0","0","0","https://twitter.com/gusti_nugro/status/1729489454233186647","1686222249676910592","gusti_nugro"
"1729488277328322869","Tue Nov 28 13:11:52 +0000 2023","0","Pendidikan gratis 12 tahun bukan hanya kebijakan melainkan sebuah visi besar untuk menciptakan Indonesia yang cerdas dan berbudaya @lukas14050536 GPMMD 4Sabang GPMMD 4Merauke https://t.co/nro3mwa5Bx","1729488277328322869","https://pbs.twimg.com/media/GABgaw1agAAqd-Y.jpg","","in","Serang, Indonesia","0","0","0","https://twitter.com/cchaerullanam/status/1729488277328322869","1687027306248998912","cchaerullanam"
"1729476591741465084","Tue Nov 28 12:25:26 +0000 2023","0","Guru Ngaji Sejahtera adalah pilar spiritual sementara Ganjar Mahfud adalah pionir kebijakan yang mewujudkan pendidikan yang merata bagi semua.","1729476591741465084","","","in","","0","0","0","https://twitter.com/prosoes/status/1729476591741465084","1716370032048173056","prosoes"
"1729475671565676640","Tue Nov 28 12:21:46 +0000 2023","0","Guru Ngaji Sejahtera adalah pilar spiritual sementara Ganjar Mahfud adalah pionir kebijakan yang mewujudkan pendidikan yang merata bagi semua. https://t.co/t4Ejyfd6Ky","1729475671565676640","https://pbs.twimg.com/media/GABU9MUbsAABKwU.jpg","","in","","0","0","0","https://twitter.com/3kh5miromw1pf/status/1729475671565676640","885827875626024960","3kh5miromw1pf"
"1729473825790968073","Tue Nov 28 12:14:26 +0000 2023","0","Ganjar - Mahfud membuktikan bahwa perubahan nyata dalam dunia pendidikan dimulai dari kebijakan yang inklusif dan berpihak pada masyarakat GPMMD 4Aceh @akubukanjerapah GPMMD 4PAPUA https://t.co/alm89kV45W","1729473825790968073","https://pbs.twimg.com/media/GABTRoXaYAAefzo.jpg","","in","Tangerang Selatan","0","0","0","https://twitter.com/abdulfiqriiiii/status/1729473825790968073","1684487439229022208","abdulfiqriiiii"
"1729470878730289183","Tue Nov 28 12:02:44 +0000 2023","0","Ganjar - Mahfud adalah harapan baru bagi kemajuan pendidikan di Indonesia Dengan kebijakan dan langkah-langkah inovatif mereka membuka peluang baru bagi perkembangan intelektual anak-anak bangsa GPMMD 4Aceh @AjaHendry GPMMD 4PAPUA https://t.co/NhUjeHyxL0","1729470878730289183","https://pbs.twimg.com/media/GABQmHeaoAAtll7.jpg","","in","Banjarmasin","0","0","0","https://twitter.com/abduljaelaniii1/status/1729470878730289183","1684446725745045504","abduljaelaniii1"
"1729470202704744500","Tue Nov 28 12:00:02 +0000 2023","0","Guru Ngaji Sejahtera adalah pilar spiritual sementara Ganjar Mahfud adalah pionir kebijakan yang mewujudkan pendidikan yang merata bagi semua.","1729470202704744500","","","in","","0","0","0","https://twitter.com/Xepander/status/1729470202704744500","1720018003901947904","Xepander"
"1729437344892387475","Tue Nov 28 09:49:29 +0000 2023","0","Masyarakat berharap Ganjar-Mahfud dapat merancang kebijakan yang tepat guna mendukung terwujudnya pendidikan yang merata dan berkualitas GPMMD @FKrisnaatha GPMMD 4Sabang GPMMD 4Merauke https://t.co/PNDloWDrLs","1729437344892387475","https://pbs.twimg.com/media/GAAyGIxb0AADpd7.jpg","","in","Padang Panjang","0","0","0","https://twitter.com/gananggkotoo/status/1729437344892387475","1682232115319177216","gananggkotoo"
"1729433155768385849","Tue Nov 28 09:32:50 +0000 2023","0","Kakanwil @AfifMasmin hadir dan memaparkan Kebijakan Kemenag DIY tentang penjaminan mutu pendidikan di madrasah melalui Akreditasi Berbasis Kinerja pada Rakorda ll Badan Akreditasi Nasional Sekolah/Madrasah DIY Selasa (28/11/2023) di Hotel Grand Keisha Yogyakarta. https://t.co/9HYyHuTQU3","1729433155768385849","https://pbs.twimg.com/media/GAAuSKEaoAAY7V4.jpg","","in","Jalan Sukonandi 8 Yogyakarta","0","0","0","https://twitter.com/Kemenag_DIY/status/1729433155768385849","2570143284","Kemenag_DIY"
"1729408814666088760","Tue Nov 28 07:56:06 +0000 2023","0","Integrasi pendidikan dan pelatihan vokasi dengan dunia usaha menunjukkan kebijakan Ganjar - Mahfud yang realistis Mereka membentuk jembatan antara dunia pendidikan dan industri memastikan lulusan siap terjun ke dunia kerja GPMMD 4Papua @AkhmadBasori11 GPMMD 4PAPUA https://t.co/detdfargWn","1729408814666088760","https://pbs.twimg.com/media/GAAYJfcaMAAdf70.jpg","","in","Bandar Lampung","0","0","0","https://twitter.com/restuwijaya_1/status/1729408814666088760","1686568272844763136","restuwijaya_1"
"1729407459180331396","Tue Nov 28 07:50:43 +0000 2023","0","Wajib belajar 12 tahun gratis adalah kebijakan inklusif Ganjar - Mahfud yang memastikan pendidikan menjadi hak semua anak Mereka membawa semangat kesetaraan dalam dunia pendidikan GPMMD 4Aceh @akehbulune GPMMD 4PAPUA https://t.co/eINZcmkFXK","1729407459180331396","https://pbs.twimg.com/media/GAAW6ixaQAAlCJx.jpg","","in","Pasuruan","0","0","0","https://twitter.com/kevindimaske/status/1729407459180331396","1686203121729716224","kevindimaske"
"1729405708335296586","Tue Nov 28 07:43:46 +0000 2023","0","Ganjar - Mahfud bukan hanya berbicara tentang pendidikan yang merata tetapi juga menggambarkan perubahan nyata dalam bentuk kebijakan yang mendukung visi mereka GPMMD 4Papua @AnakKam90583622 GPMMD 4PAPUA https://t.co/O5RSTwjnMD","1729405708335296586","https://pbs.twimg.com/media/GAAVUq8a0AAfewE.jpg","","in","Bitung","0","0","0","https://twitter.com/AyuSari36_/status/1729405708335296586","1689518827833626624","AyuSari36_"
"1729403094482776542","Tue Nov 28 07:33:23 +0000 2023","0","Ganjar - Mahfud melalui kebijakan wajib belajar 12 tahun gratis menunjukkan keseriusan mereka dalam menghadirkan kesempatan pendidikan yang setara GPMMD 4Aceh @ahmdftrr_ GPMMD 4PAPUA https://t.co/wGgqVXibVz","1729403094482776542","https://pbs.twimg.com/media/GAAS8YPbcAAi2Qq.jpg","","in","Cimahi","0","0","0","https://twitter.com/AzizatulMa8/status/1729403094482776542","1691725613156175872","AzizatulMa8"
"1729402457665744994","Tue Nov 28 07:30:51 +0000 2023","0","Integrasi pendidikan dengan dunia usaha yang diusung Ganjar - Mahfud adalah kebijakan cerdas untuk menghasilkan lulusan yang relevan dengan kebutuhan industri GPMMD 4Aceh @andr0doang GPMMD 4PAPUA https://t.co/3WW7QLAi8e","1729402457665744994","https://pbs.twimg.com/media/GAASXT_aAAAo9YR.jpg","","in","Banjar","0","0","0","https://twitter.com/ptrandini01_/status/1729402457665744994","1683742112289001472","ptrandini01_"
"1729399491181375528","Tue Nov 28 07:19:04 +0000 2023","0","Dengan memandang pendidikan sebagai fondasi pembangunan Ganjar - Mahfud menciptakan kebijakan yang inklusif dan berkelanjutan GPMMD 4Papua @Anind181 GPMMD 4PAPUA https://t.co/BHf0sUDYx0","1729399491181375528","https://pbs.twimg.com/media/GAAPq-qbkAEjH4M.jpg","","in","Binjai","0","0","0","https://twitter.com/martamandala851/status/1729399491181375528","1679800936322203649","martamandala851"
"1729381952355250225","Tue Nov 28 06:09:22 +0000 2023","0","Wajib belajar gratis 12 tahun adalah kebijakan inklusif yang mengutamakan hak setiap anak untuk mendapatkan pendidikan tanpa memandang latar belakang ekonomi GPMMD 4Aceh @allifrmadhan GPMMD 4PAPUA https://t.co/FsFYeIavpP","1729381952355250225","https://pbs.twimg.com/media/F___t3SawAA5p93.jpg","","in","Sukabumi","0","0","0","https://twitter.com/agustiin_amelia/status/1729381952355250225","1686588182572494848","agustiin_amelia"
"1729376686549111231","Tue Nov 28 05:48:26 +0000 2023","1","Ganjar - Mahfud menunjukkan bahwa kepedulian terhadap pendidikan tidak hanya wacana tetapi tindakan nyata dalam setiap kebijakan GPMMD 4Aceh @anothersideoff_ GPMMD 4PAPUA https://t.co/lSTrUkqLyn","1729376686549111231","https://pbs.twimg.com/media/F__67UOaQAArZM9.jpg","","in","Pekalongan","0","0","0","https://twitter.com/DewiFatmaala/status/1729376686549111231","1680781131426451456","DewiFatmaala"
"1729374320026333233","Tue Nov 28 05:39:02 +0000 2023","0","Wajib belajar 12 tahun gratis merupakan kebijakan inklusif Ganjar - Mahfud untuk memastikan tidak ada anak yang tertinggal dalam mendapatkan pendidikan GPMMD 4Aceh @antimieinstan GPMMD 4PAPUA https://t.co/Sq1UkGfxbY","1729374320026333233","https://pbs.twimg.com/media/F__4xjpaAAA1Nl4.jpg","","in","Sukabumi","0","0","0","https://twitter.com/milakamalia_/status/1729374320026333233","1681883006666174464","milakamalia_"
"1729339090775224493","Tue Nov 28 03:19:03 +0000 2023","38","Buat saya pribadi ini bukan kampanye membujuk rakyat mencobls no 1. P Anies sedang memberikan pendidikan politik melalui gagasan2nya yg brilliant. Menyadarkan ke masy pentingnya kebijakan yg punya landasan dan arah yg tepat mewujudkan masy adil dan makmur Apapun hasilnya ","1729339090775224493","","","in","Jakarta","1","1","14","https://twitter.com/Diana_fajarwati/status/1729339090775224493","86019208","Diana_fajarwati"
"1729338880120545526","Tue Nov 28 03:18:13 +0000 2023","0","Pendidikan Kewargaan Demokrasi HAM &amp; Masyarakat Madani. Tujuan pendidikan demokrasi (civic education) adalah untuk mendorong partisipasi aktif setiap warganegara dalam civil society dan dalam mekanisme pembuatan kebijakan publik berdasarkan demokrasi konstitusional. Warganegara https://t.co/ThV5rj6FzZ","1729338880120545526","https://pbs.twimg.com/media/F__YiHHaEAA6SgU.jpg","","in","Jagakarsa, Indonesia","0","0","0","https://twitter.com/WarungSejarahRI/status/1729338880120545526","2362274258","WarungSejarahRI"
"1729331675094815078","Tue Nov 28 02:49:35 +0000 2023","0","Ombudsman RI Perwakilan Provinsi NTB menerima sejumlah pengaduan terkait kebijakan beberapa sekolah di NTB yang melarang siswa mengikuti ujian dengan alasan belum membayar Biaya Penyelenggaraan Pendidikan (BPP). #IDNTimesNews https://t.co/08OAApJ24z https://t.co/yB0UcUkoNz","1729331675094815078","https://pbs.twimg.com/media/F__R_mqa4AAtmJE.jpg","","in","Nusa Tenggara Barat, Indonesia","0","0","0","https://twitter.com/IDNTimesNTB/status/1729331675094815078","1318858445940875264","IDNTimesNTB"
"1728986305852514760","Mon Nov 27 03:57:12 +0000 2023","0","Bingung mau milih siapa euy. Kita liat aja dari kebijakan buat pendidikan terutama buat guru yaa semoga yaaa ada yg peduli sama guru","1728986305852514760","","","in","","0","0","0","https://twitter.com/yubarifloaat/status/1728986305852514760","1590314621126078464","yubarifloaat"
"1728980531331899879","Mon Nov 27 03:34:16 +0000 2023","0","Semoga Kebijakan Pendidikan Dikembalikan pada Ahlinya https://t.co/1RUwv5Bt4r","1728980531331899879","","","in","Indonesia","0","0","0","https://twitter.com/kompasiana/status/1728980531331899879","23786106","kompasiana"
"1728979940245455080","Mon Nov 27 03:31:55 +0000 2023","0","Gibran diharapkan mampu membawa sentuhan pembaruan dalam kebijakan pendidikan nasional @naga87661514 https://t.co/zvwcenO5W5","1728979940245455080","","","in","Banjarmasin, Indonesia","0","0","0","https://twitter.com/fadhiyah_adinda/status/1728979940245455080","1678700717513773056","fadhiyah_adinda"
"1728956303027134825","Mon Nov 27 01:57:59 +0000 2023","30","Bagi Ganjar Pranowo pembangunan Papua harus terus digencarkan mulai dari bidang infrastruktur pendidikan dengan memperbanyak sekolah-sekolah perbaikan ekonomi. Visi misi Kebijakan Fiskal dan Pembangunan Asimetris untuk Papua mengurangi kesenjangan ekonomi-sosial karena https://t.co/ZyEPvyVtLo","1728956303027134825","https://pbs.twimg.com/ext_tw_video_thumb/1728956241723195392/pu/img/tfen97ErSjVHKLOU.jpg","","in","Di Hatimu! ","0","3","21","https://twitter.com/NgkongRoses/status/1728956303027134825","2650421658","NgkongRoses"
"1728770184180277532","Sun Nov 26 13:38:25 +0000 2023","3551","Selamat Milad ke-50 Hidayatullah. AMIN siap memperjuangkan aspirasi agar lembaga pendidikan Islam seperti pondok pesantren para pendakwah dan program2 agama mendapatkan perhatian yang sama dari pemerintah dengan bidang2 yang lain. Kesetaraan kebijakan untuk semua lembaga https://t.co/ldNd5fYlOY","1728770184180277532","https://pbs.twimg.com/amplify_video_thumb/1728769967590649856/img/lhzzxj8LV1bWv1d8.jpg","","in","Indonesia","21","289","1079","https://twitter.com/aniesbaswedan/status/1728770184180277532","110312278","aniesbaswedan"
"1728732350769746300","Sun Nov 26 11:08:05 +0000 2023","1","Pemerintah telah mengambil serangkaian kebijakan &amp; langkah-langkah untuk mewujudkan ketahanan pangan secara berkelanjutan. Diantaranya berkolaborasi dgn lembaga pendidikan untuk meningkatkan produktivitas pertanian penguatan regulasi terkait cadangan pangan &amp; pembentukan Satgas https://t.co/UN3SQkrU3Y","1728732350769746300","https://pbs.twimg.com/media/F_2w6UdbAAAznvZ.jpg","","in","South Sumatra, Indonesia","0","0","0","https://twitter.com/rio_syahira/status/1728732350769746300","1524038699339591680","rio_syahira"
"1728719400226955742","Sun Nov 26 10:16:37 +0000 2023","15","Memerangi semburan dusta dlm kampanye pemilu perlu upaya bersama berbagai pihak. Bbrp strategi yg bs digunakan: - Pendidikan Pemilih: ttg cara memeriksa dan memverifikasi informasi yg mereka terima. Memberikan pemahaman kritis terhadap sumber informasi dan kebijakan kandidat. .","1728719400226955742","","","in","Indonesia","0","4","2","https://twitter.com/AryBandung/status/1728719400226955742","21760657","AryBandung"
"1728713690986553383","Sun Nov 26 09:53:56 +0000 2023","0","Pemerintah telah mengambil serangkaian kebijakan dan langkah-langkah untuk mewujudkan ketahanan pangan secara berkelanjutan. Di antaranya adalah berkolaborasi dengan lembaga pendidikan untuk #KetahananPangan #PanganNasional #EkonomiIndonesia #EkonomiNasional https://t.co/JK6kuWTUxK","1728713690986553383","https://pbs.twimg.com/media/F_2f731awAA2RW4.jpg","","in","Nusa Tenggara Timur, Indonesia","0","1","0","https://twitter.com/DANAUBERITA/status/1728713690986553383","1618587232599937025","DANAUBERITA"
"1728710116969718035","Sun Nov 26 09:39:44 +0000 2023","0","PKS memiliki fokus pada pemberdayaan desa dengan mengembangkan kebijakan-kebijakan yang mendukung pertumbuhan ekonomi pendidikan dan kesejahteraan masyarakat desa. Partai ini bertujuan untuk mengurangi kesenjangan antara wilayah perkotaan dan pedesaan. Kampanye Gagasan PKS","1728710116969718035","","","in","","0","0","0","https://twitter.com/buyunggmr123/status/1728710116969718035","1645312637172060161","buyunggmr123"
"1728700120206921809","Sun Nov 26 09:00:01 +0000 2023","0","Partai ini mendukung kebijakan peningkatan kualitas dan akses pendidikan inklusif. Kampanye Gagasan PKS","1728700120206921809","","","in","Agam, Sumatera Barat","0","0","0","https://twitter.com/LeniParlina/status/1728700120206921809","343315298","LeniParlina"
"1728675790857118198","Sun Nov 26 07:23:20 +0000 2023","1","Pemerintah mengambil kebijakan dan langkah-langkah untuk wujudkan ketahanan pangan secara berkelanjutan. Di antaranya adalah berkolaborasi dengan lembaga pendidikan untuk meningkatkan produktivitas pertanian #KetahananPangan #PanganNasional #EkonomiIndonesia #EkonomiNasional https://t.co/CGnsYIcUAe","1728675790857118198","https://pbs.twimg.com/media/F_19eC9bcAAhA6C.jpg","","in","Palembang, South Sumatra","0","1","0","https://twitter.com/saudaramerah/status/1728675790857118198","1564456275219746816","saudaramerah"
"1728675767108931716","Sun Nov 26 07:23:14 +0000 2023","1","Pemerintah mengambil kebijakan dan langkah-langkah untuk wujudkan ketahanan pangan secara berkelanjutan. Di antaranya adalah berkolaborasi dengan lembaga pendidikan untuk meningkatkan produktivitas pertanian #KetahananPangan #PanganNasional #EkonomiIndonesia #EkonomiNasional https://t.co/iDNIfZxuGL","1728675767108931716","https://pbs.twimg.com/media/F_19cuzb0AETjAA.jpg","","in","Palembang, South Sumatra","0","1","0","https://twitter.com/saudaramerah/status/1728675767108931716","1564456275219746816","saudaramerah"
"1728675744845598821","Sun Nov 26 07:23:09 +0000 2023","1","Pemerintah mengambil kebijakan dan langkah-langkah untuk wujudkan ketahanan pangan secara berkelanjutan. Di antaranya adalah berkolaborasi dengan lembaga pendidikan untuk meningkatkan produktivitas pertanian #KetahananPangan #PanganNasional #EkonomiIndonesia #EkonomiNasional https://t.co/Xr8h8ACu4d","1728675744845598821","https://pbs.twimg.com/media/F_19bVPa4AA19Qi.jpg","","in","Palembang, South Sumatra","0","1","0","https://twitter.com/saudaramerah/status/1728675744845598821","1564456275219746816","saudaramerah"
"1728673503426347085","Sun Nov 26 07:14:15 +0000 2023","73","Gue ngerti sulitnya anak2 masuk sekolah karena kebijakan kebijakan yg ada sekarang temen2 gue yg guru juga mengeluhkan kurikulum sekarang. Ngerti apa lo anjeng tentang pendidikan selain bisanya cuma ngengonggong pake akun anon. Sampah","1728673503426347085","","","in","On the Pitch","0","5","10","https://twitter.com/_BangFu/status/1728673503426347085","202528790","_BangFu"
