"conversation_id_str","created_at","favorite_count","full_text","id_str","image_url","in_reply_to_screen_name","lang","location","quote_count","reply_count","retweet_count","tweet_url","user_id_str","username"
"1663598833992110080","Tue May 30 17:30:44 +0000 2023","1","Gila gua nyesek bgt sama kebijakan baru menteri pendidikan. Marketplace buat guru?? Hah? Speechless","1663598833992110080","","","in","돌담 병원🏥","0","0","0","https://twitter.com/nebulalphacent/status/1663598833992110080","1145371364766863360","nebulalphacent"
"1663543684569395201","Tue May 30 13:51:36 +0000 2023","1","Kepala Dinas Pendidikan dan Kebudayaan (Disdikbud) Kabupaten Pekalongan Kholid mengungkapkan pentingnya pemikiran mendalam dalam mengurus pendidikan. Menangani masalah dan keruwetan pendidikan membutuhkan kebijakan yang tepat. #Pendidikan #KeruwetanPendidikan #KebijakanPendidkn https://t.co/NbGAOZG187","1663543684569395201","https://pbs.twimg.com/media/FxYYEXxagAAaaP4.jpg","","in","Semarang Tengah, Indonesia","0","0","0","https://twitter.com/pgrijateng/status/1663543684569395201","875229486513405952","pgrijateng"
"1663541262144905217","Tue May 30 13:41:58 +0000 2023","1","Bila ingin suara guru didengarkan mau tidak mau harus ada perwakilan dari organisasi guru yang masuk dalam wilayah pengambil kebijakan. Bersama-sama kita memastikan nasib para guru dan dunia pendidikan berada dalam kondisi yang baik. #SuaraGuruDiperdengarkan #PerjuanganPGRI https://t.co/au4ZdjdtqR","1663541262144905217","https://pbs.twimg.com/media/FxYV4x9aYAA1APH.jpg","","in","Semarang Tengah, Indonesia","0","1","0","https://twitter.com/pgrijateng/status/1663541262144905217","875229486513405952","pgrijateng"
"1663514446722121728","Tue May 30 11:55:25 +0000 2023","0","Jadi guru emang berat ya dituntut harus bisa ini itu tapi gaji aja gak sesuai jangan heran nanti banyak generasi muda yang gak mau ambil kuliah pendidikan bayar UKT aja lebih mahal daripada gaji yang diterima aplagi honorer. Terus sekarang ada kebijakan gini malah nyusahin FG","1663514446722121728","","","in","Geography Education 21'","0","0","0","https://twitter.com/shuttelpie/status/1663514446722121728","766272506756001794","shuttelpie"
"1663498075577671681","Tue May 30 10:50:22 +0000 2023","2","Fresh graduate pendidikan sekarang semakin sulit lulus harus ngambil PPG biar bisa masuk marketplace padahal PPG tiap tahun jurusannya beda² tau gini mending dulu lolos sbmptn jadi ga di pendidikan. Setahun lagi presiden ganti menteri ganti lagi kebijakan baru lagi. Sulit","1663498075577671681","","","in","","0","1","0","https://twitter.com/gjelasbnget/status/1663498075577671681","1197501964700901378","gjelasbnget"
"1663466714468855812","Tue May 30 08:45:45 +0000 2023","0","for all pemangku kebijakan di pendidikan MBOH KAREPMU!!!","1663466714468855812","","","in","","0","0","0","https://twitter.com/avocadohaterr/status/1663466714468855812","3169317771","avocadohaterr"
"1663441612125667328","Tue May 30 07:06:00 +0000 2023","1","2. Dukungan kelembagaan: Dukung organisasi/ kelembagaan yang fokus pada pembangunan dan perlindungan petani. #k4project bekerja untuk meningkatkan kesejahteraan petani memberikan pelatihan dan pendidikan serta mengadvokasi kebijakan yang menguntungkan petani. #selasa #cekpetani https://t.co/E48DjJSJwM","1663441612125667328","https://pbs.twimg.com/media/FxTWfjNaMAEJwfU.jpg","","in","Indonesia","0","0","0","https://twitter.com/K4teamId/status/1663441612125667328","1604975839069687808","K4teamId"
"1663432552286232577","Tue May 30 06:30:00 +0000 2023","6","Sudah waktunya bagi Indonesia untuk memikirkan ulang prioritas dan kebijakan industri agar menganut gagasan ekonomi inovatif. Akumulasi pengetahuan melalui pendidikan tinggi dan keterampilan memungkinkan negara untuk mewujudkan impiannya. https://t.co/Pp4WII3SmR","1663432552286232577","","","in","Indonesia","0","2","2","https://twitter.com/TirtoID/status/1663432552286232577","4187275698","TirtoID"
"1663418913538068481","Tue May 30 05:35:48 +0000 2023","1","Gue pengen jadi mentri pendidikan aja lah trus mau bikin kebijakan penghapusan skripsi","1663418913538068481","","","in","Jakarta Capital Region","0","0","0","https://twitter.com/talangheo/status/1663418913538068481","2937045169","talangheo"
"1663415632363425793","Tue May 30 05:22:46 +0000 2023","1","Aku punya 3 temen deket yg jadi guru honorer semuanya ngomel2 grgr kebijakan baru dari menteri pendidikan ga cukup ya mereka menderita dgn gaji 450rb itupun ga setiap bulan gajian kadang 4bln-5bln. Apalagi ada yg udah beranak. https://t.co/z20lb3v1Ee","1663415632363425793","https://pbs.twimg.com/media/FxWjstNaEAEs0OA.jpg","","in","Indonesia","0","1","0","https://twitter.com/affhiykack/status/1663415632363425793","1338296550","affhiykack"
"1663375863537369092","Tue May 30 02:44:44 +0000 2023","0","Sebelum bikin kebijakan ini itu mending tuntaskan dulu deh kesejahteraan para guru Mau mengharap kemajuan pendidikan seperti apa memangnya kalau masih saja mengabaikan menyepelekan dan menyusahkan guru","1663375863537369092","","","in","","0","0","0","https://twitter.com/arunikata__/status/1663375863537369092","1498523041084899329","arunikata__"
"1663357130991345665","Tue May 30 01:30:18 +0000 2023","0","Dunia pendidikan saat ini gimana sih? Gimana anak muda amu tertarik jadi guru? Realitanya kebijakan selalu digonta-ganti yang sangat mebingungkan kesejahteraannya juga jauh dari kata sejahtera. Fighting for teacher #marketplace #guru","1663357130991345665","","","in","","0","0","0","https://twitter.com/tutilyly20/status/1663357130991345665","933093792915144706","tutilyly20"
"1663356285360934913","Tue May 30 01:26:56 +0000 2023","0","Jangan masuk kuliah pendidikan tahun depan kebijakan guru bikin makin gila","1663356285360934913","","","in","","0","1","0","https://twitter.com/gamaonakal/status/1663356285360934913","1590979092706271232","gamaonakal"
"1663334455636025346","Tue May 30 00:00:12 +0000 2023","0","Agak sedih waktu pa Nadiem mutusin adanya market place guru bagi guru² honorer. Kasian aja jadi pada ketar ketir untuk proses karir mereka. Tapi selain itu. Pemerintah punya kebijakan bagus untuk memilih guru² yg berkualitas demi pendidikan yg tidak sekedar belajar.","1663334455636025346","","","in","Bogor, Jawa Barat","0","0","0","https://twitter.com/Nurhalizah2109/status/1663334455636025346","1459815085245820934","Nurhalizah2109"
"1663332258055606272","Mon May 29 23:51:28 +0000 2023","200","Ya Allah kasihan kalo beneran kaya gini kalo speak up gitu kemana to guys? Kasihan cuy kebijakan kek gini tu engga make sense ga si :( semangat anak pendidikan! -11fess https://t.co/KOL21qvL2k","1663332258055606272","https://pbs.twimg.com/media/FxVX386acAAVOoD.png","","in","RULES LIHAT DI SINI👇","8","23","23","https://twitter.com/UNSfess_/status/1663332258055606272","2340043838","UNSfess_"
"1663262288126832640","Mon May 29 19:13:26 +0000 2023","0","Kata gw mah gws yh kalian anak2 pendidikan termasuk aq Barusan aku begadang ngerjain modul ajar kurikulum merdeka trus mahaminnya smpai mampus eh tiba2 ada kebijakan baru lg kek gini. Pusing lama2 saranku mending gaji guru dinaikin deh dripada gonta ganti kebijakan mulu","1663262288126832640","","","in","","0","1","0","https://twitter.com/naneunadelgais/status/1663262288126832640","1436129248163479559","naneunadelgais"
"1663231680474382336","Mon May 29 17:11:48 +0000 2023","0","Aku bukan berkecimpung di pendidikan tapi kalo lihat kebijakan kebijakan yang kalo dilihat dari komen itu mempersulit kesejahteraan seorang pendidikan tu sedih banget. Jadi ga ngerti pendidikan itu dimata negara nomer berapa sih? Sesek anjir","1663231680474382336","","","in","Indonesia","0","2","0","https://twitter.com/nurwaskita9/status/1663231680474382336","396516787","nurwaskita9"
"1663193798653136898","Mon May 29 14:41:16 +0000 2023","1","fyp semua ttg dunia pendidikan khususnya marketplace guru. Dahh gonta ganti kebijakan ae mas menteri gojek ini hmmm","1663193798653136898","","","in","Klaten, Jawa Tengah","0","0","0","https://twitter.com/ilhambnmm/status/1663193798653136898","1119779066788241409","ilhambnmm"
"1663180674298417153","Mon May 29 13:49:07 +0000 2023","0","Sumpah ya kebijakan ppg aja udah aneh ya masa anak pendidikan abis lulus harus kuliah pendidikan lagi ini lagi gapahammm","1663180674298417153","","","in","","0","0","0","https://twitter.com/ekaarmn/status/1663180674298417153","1277620144164880387","ekaarmn"
"1663145934975545345","Mon May 29 11:31:05 +0000 2023","0","[ Advokasi KP 2023 ] Salam Pendidikan Gimana kabarnya mahasiswa Kebijakan Pendidikan? Ada informasi menarik nih buat kalian gform penjaringan aspirasi Aspirasi teman-teman sudah kami terima akan disampaikan kepada Departemen FSP dan didiskusikan bersama. https://t.co/FFG1O46cCA","1663145934975545345","https://pbs.twimg.com/media/FxSuaCbaUAEUF1O.jpg","","in","FIPP UNY","0","1","0","https://twitter.com/himakpuny/status/1663145934975545345","2914840327","himakpuny"
"1663034425947611136","Mon May 29 04:07:59 +0000 2023","0","Kebijakan Pendidikan sebagai Kebijakan Publik https://t.co/McrNjfxOmR","1663034425947611136","","","in","Jakarta","0","0","0","https://twitter.com/jawapos/status/1663034425947611136","2392460208","jawapos"
"1663020409711886336","Mon May 29 03:12:17 +0000 2023","0","Kebijakan pengembangan literasi Indonesia selayaknya menghidupkan kembali peran perusahaan toko buku instansi pendidikan pemerintah dan masyarakat. #Headline https://t.co/21K8Md3NUG","1663020409711886336","","","in","Indonesia","0","0","0","https://twitter.com/kompasiana/status/1663020409711886336","23786106","kompasiana"
"1662972501989933056","Mon May 29 00:01:55 +0000 2023","1528","Di banyak negara lain menjelang pemilu yang dibandingkan adalah kebijakan publik yang menyangkut nasib rakyat: perumahan jaminan kesehatan hak pekerja pendidikan air bersih tata-kota pajak kesetaraan gender status minoritas perubahan iklim . . .","1662972501989933056","","","in","","28","68","476","https://twitter.com/ariel_heryanto/status/1662972501989933056","296143572","ariel_heryanto"
"1662735393949880322","Sun May 28 08:19:44 +0000 2023","0","Kebijakan Pak Anies tentang pendidikan inklusif tokcer banget","1662735393949880322","","","in","Pernah Juga Aku Ke Yogyakarta","0","0","0","https://twitter.com/nazrielim/status/1662735393949880322","1471836108422057999","nazrielim"
"1662717479096049664","Sun May 28 07:08:33 +0000 2023","0","Anyink bgt menteri pendidikan bikin kebijakan baru buat guru yg ga sejalur alias segala marketplace2. Bused pakkkk ppg aja udah engap.","1662717479096049664","","","in","","0","0","0","https://twitter.com/itsmewahda/status/1662717479096049664","411392277","itsmewahda"
"1662698494434635776","Sun May 28 05:53:07 +0000 2023","0","Salam Merdeka Belajar #RakanBPMPAceh! Dalam rangka mengawal kebijakan Merdeka Belajar dan guna memaksimalkan Implementasi Kurikulum Merdeka di satuan pendidikan Masyarakat. https://t.co/BYC1OXp3uN","1662698494434635776","https://pbs.twimg.com/media/FxMXZPtaAAE9Zo7.jpg","","in","Jalan Banda Aceh-Medan KM 12,5","0","1","0","https://twitter.com/bpmp_aceh/status/1662698494434635776","1257933205308502016","bpmp_aceh"
"1662658014997016579","Sun May 28 03:12:16 +0000 2023","0","Ada kebijakan barudi PPDB 2023 . Baik dari Dinas P dan K Jombang untuk SD dan SMP maupun dari Dinas Pendidikan Provinsi untuk SMA dan SMK. Salah satunya rata-rata nilai siswa SMA akan menentukan poin bagi adik kelasnya melalui penilaian indeks sekolah. https://t.co/gLs2qF5fwm","1662658014997016579","","","in","Jl dr Setiabudi No. 23 Jombang","0","0","0","https://twitter.com/radarjombang/status/1662658014997016579","1064703018392727552","radarjombang"
"1662593449818988546","Sat May 27 22:55:42 +0000 2023","1","Capee bet jadi guru honor ada aja kebijakan baru. Dah deh pak urusin ojol aja udeh. Mbok sesekali yang jadi mentri tu orang pendidikan mantan guru gitu","1662593449818988546","","","in","antartika","0","0","0","https://twitter.com/kelengkengbulat/status/1662593449818988546","3224139830","kelengkengbulat"
"1662492528371990528","Sat May 27 16:14:41 +0000 2023","0","Bismillah ya Allah Semoga nanti ada kebijakan minimal gaji guru itu 3 juta lah. Ini negara tuh aneh banget mau jadi negara maju tapi buat penyediaan pendidikan aja begini Masalahnya gua ktar ktir jadi lulusan SPD Disini ada yg ngajar di sekolah elit butuh pengalaman brp thn?","1662492528371990528","","","in","","0","0","0","https://twitter.com/leacyra1/status/1662492528371990528","1382212554651410432","leacyra1"
"1662368739030077442","Sat May 27 08:02:47 +0000 2023","0","Anies menteri pendidikan dan kebudayaan RI yang proaktif menerapkan kebijakan berkelanjutan","1662368739030077442","","","in","Between Heaven and Hell","0","0","0","https://twitter.com/sendy_sqy/status/1662368739030077442","48985521","sendy_sqy"
"1662135627142529024","Fri May 26 16:36:29 +0000 2023","0","kebijakan nadiem buat perguruan tinggi kataku banyak yang oke cuman yang buat pendidikan dasar (sd smp sma) masih jelek","1662135627142529024","","","in","","0","1","0","https://twitter.com/theluckiestboy/status/1662135627142529024","1075090106770309121","theluckiestboy"
"1660905073797632000","Tue May 23 07:06:42 +0000 2023","3","Seminar yang bertajuk Masa Depan Pendidikan Nasional: Tinjauan Strategi dan Kebijakan telah dimulai. Pastikan anda sudah bergabung dalam seminar hari ini secara langsung melalui kanal youtube kami pada tautan berikut https://t.co/ClfNGxUJq5","1660905073797632000","","","in","Jakarta","0","2","2","https://twitter.com/CSISIndonesia/status/1660905073797632000","1445394860","CSISIndonesia"
"1660868293773889536","Tue May 23 04:40:33 +0000 2023","0","Pakar Kebijakan Pendidikan UPI Minta Sistem Zonasi Dievaluasi: Setiap Tahun Selalu Bermasalah: Pakar kebijakan pendidikan UPI meminta ada evaluasi terutama di bidang demokratisasi pendidikan dan pemenuhan standar pendidikan. https://t.co/MrnH5grVFX","1660868293773889536","","","in","Indonesia","0","0","0","https://twitter.com/pikiran_rakyat/status/1660868293773889536","58880688","pikiran_rakyat"
"1660810557988167680","Tue May 23 00:51:08 +0000 2023","0","Memang Tepat Latar belakang pendidikan presiden harus tinggi ...karena beliau penentu kebijakan.... Yg adil dan merata disetiap sektor... https://t.co/Vq5P3YNtKo","1660810557988167680","https://pbs.twimg.com/ext_tw_video_thumb/1660810387485528065/pu/img/4XASNfXAhLx1FMNE.jpg","","in","South Borneo, Indonesia","0","0","0","https://twitter.com/zainah_zainah7/status/1660810557988167680","1575826806954786816","zainah_zainah7"
"1660492401839050754","Mon May 22 03:46:53 +0000 2023","0","Menurut Dede setiap kebijakan pendidikan di daerah membutuhkan perjuangan dalam implementasinya karena adanya kewenangan yang terbagi di mana pemkab/pemkot menangani SD dan SMP sedangkan pemprov menangani SMA SMK dan SLB https://t.co/LdHc0g3okq","1660492401839050754","","","in","Denpasar, Bali","0","0","0","https://twitter.com/nusabalicom/status/1660492401839050754","2655442453","nusabalicom"
"1660269784326639617","Sun May 21 13:02:17 +0000 2023","0","dan kepada tenaga pendidik janganlah terlalu otoriter kebijakan anda tidak akan kami jadikan sumber pragmatisasi pendidikan jika pemuda bersifat tidak sesuai prosuderal pendidikan itu tidak lepas dari jiwa muda yang berapi-api","1660269784326639617","","","in","Earth","0","0","0","https://twitter.com/DWords_000/status/1660269784326639617","1023179858157817856","DWords_000"
"1660259181692334080","Sun May 21 12:20:09 +0000 2023","0","Kepala Bidang Pembinaan dan Ketenagaan Dinas Pendidikan dan Kebudayaan (Disdikbud) Kabupaten Jombang. Karyono M.Pd. menyampaikan bahwa adanya mekanisme kebijakan Kartu ASN Virtual ini bertujuan menggantikan Kartu Pegawai atau yang umum dikenal Karpeg. https://t.co/S683A3guO4","1660259181692334080","https://pbs.twimg.com/media/Fwps6mtacAACgAR.jpg","","in","Kabupaten Jombang, Jawa Timur","0","0","0","https://twitter.com/spmedia_jbg/status/1660259181692334080","770727666","spmedia_jbg"
"1660255556756733952","Sun May 21 12:05:45 +0000 2023","0","Perluasan pendidikan dari kebijakan Politik Etis pemerintah kolonial Belanda direncanakan untuk menambah pegawai pemerintah yang bisa dibayar murah. Elit intelektual bumiputra berstrategi untuk menjadikannya sebagai momentum kebangkitan nasionalisme. https://t.co/K0ylQfmVip","1660255556756733952","","","in","Indonesia","0","0","0","https://twitter.com/DhianDharti/status/1660255556756733952","67566360","DhianDharti"
"1659889044128690176","Sat May 20 11:49:22 +0000 2023","0","ㅤ ㅤㅤ Sehari? Waktu yang gak banyak buat bikin dan revisi kebijakan atau undang-undang. Tapi kayaknya sih aku bakal fokus nambahin anggaran pendidikan. Paling penting itu. ㅤ","1659889044128690176","","","in","INDEKOS, PROSASTI","0","0","0","https://twitter.com/senanduka/status/1659889044128690176","2928143377","senanduka"
"1659819409945526272","Sat May 20 07:12:39 +0000 2023","0","PKS mendorong adanya kebijakan inklusif yang memastikan bahwa semua lapisan masyarakat terutama yang berada dalam kondisi kemiskinan mendapatkan akses yang adil terhadap layanan dasar seperti pendidikan dan kesehatan. #Milad21PKS PKS Pembela Rakyat @PKSejahtera","1659819409945526272","","","in","Bekasi","0","0","0","https://twitter.com/aininurzi/status/1659819409945526272","1641622982211809280","aininurzi"
"1659775203218698240","Sat May 20 04:17:00 +0000 2023","0","PKS memiliki perhatian khusus terhadap pendidikan dengan mengusulkan kebijakan dan program-program untuk meningkatkan mutu dan aksesibilitas pendidikan di Indonesia. @PKSejahtera @FPKSDPRRI PKS Pembela Rakyat #Milad21PKS","1659775203218698240","","","in","","0","0","0","https://twitter.com/asmirandda/status/1659775203218698240","1621054498662940673","asmirandda"
"1659755503205924864","Sat May 20 02:58:43 +0000 2023","40","Buku Pendidikan &amp; Radikalisme ini secara komprehensif mendiskusikan fenomena radikalisasi dan intoleransi di lingkungan sekolah menengah atas (SMA) dan perguruan tinggi. Penting dibaca semua pihak: Pendidik siswa/mahasiswa pembuat kebijakan orang-tua dan publik umumnya. https://t.co/8jX7BSiTgO","1659755503205924864","https://pbs.twimg.com/media/Fwii1R3WwAIfw9v.jpg","","in","South Bend, IN","2","3","9","https://twitter.com/MunimSirry/status/1659755503205924864","2205839264","MunimSirry"
"1659744272156094465","Sat May 20 02:14:05 +0000 2023","105","Mari mengenal lebih dekat dengan Rabithah Ma'ahid Islamiyah Nahdlatul Ulama (RMINU) lembaga NU yang bertugas melaksanakan kebijakan NU di bidang pengembangan pondok pesantren dan pendidikan keagamaan yg mana pada hari ini memasuki usia yang ke-69 sejak didirikan. #infografisnu https://t.co/cpNMGG0Kiz","1659744272156094465","https://pbs.twimg.com/media/FwiX-wZaQAEsmCj.jpg","","in","Indonesia","0","2","16","https://twitter.com/nu_online/status/1659744272156094465","214818815","nu_online"
"1659706781428502529","Fri May 19 23:45:07 +0000 2023","42","Rabithah Ma'ahid Islamiyah Nahdlatul Ulama (RMINU) merupakan lembaga yang bertugas melaksanakan kebijakan NU di bidang pengembangan pondok pesantren dan pendidikan keagamaan. https://t.co/FPDIFk0IlG","1659706781428502529","","","in","Indonesia","0","0","5","https://twitter.com/nu_online/status/1659706781428502529","214818815","nu_online"
"1659675329739526144","Fri May 19 21:40:08 +0000 2023","1","Mungkinkah Debirokratisasi Kampus? PermenpanRB menguatkan posisi rebirokratisasi bagi dosen dan kampus. Padahal yang dibutuhkan debirokratisasi kampus. Kebijakan di pendidikan tinggi Simak Herlambang P Wiratraman di Opini Kompas https://t.co/Dva7jJlgCO @hariankompas","1659675329739526144","","","in","","0","0","0","https://twitter.com/tatisamhadi/status/1659675329739526144","1445984430258982913","tatisamhadi"
"1659669778812870662","Fri May 19 21:18:05 +0000 2023","3","Permenpan dan RB menguatkan posisi rebirokratisasi bagi dosen dan kampus. Padahal yang dibutuhkan debirokratisasi kampus. Kebijakan di pendidikan tinggi sepatutnya membangun sistem yang mewadahi penghargaan akademik. #Opini #AdadiKompas https://t.co/wsSJmxyHAF","1659669778812870662","","","in","Palmerah, Jakarta","0","0","0","https://twitter.com/hariankompas/status/1659669778812870662","255866913","hariankompas"
"1659669418366980106","Fri May 19 21:16:39 +0000 2023","0","Permenpan dan RB menguatkan posisi rebirokratisasi bagi dosen dan kampus. Padahal yang dibutuhkan debirokratisasi kampus. Kebijakan di pendidikan tinggi sepatutnya membangun sistem yang mewadahi penghargaan akademik. #ArtikelOpini #AdadiKompas https://t.co/M5inqB7rO6","1659669418366980106","","","in","Palmerah, Jakarta","0","0","0","https://twitter.com/KompasData/status/1659669418366980106","771030588","KompasData"
"1659469504504827904","Fri May 19 08:02:15 +0000 2023","1"," Semestinya pejabat pengambil kebijakan harus orang yang mengerti tentang pendidikan ucap Andri. #PKSpembelaRakyat https://t.co/GhSYBoRNaj","1659469504504827904","","","in","Bandung","0","0","0","https://twitter.com/PKS_Bandung/status/1659469504504827904","241816808","PKS_Bandung"
"1659465520096382976","Fri May 19 07:46:26 +0000 2023","0","Prodi aneh dr kampusku menurut ak sndr: - pengobatan tradisional - kebijakan pendidikan","1659465520096382976","","","in","liyue","0","0","0","https://twitter.com/fuyuhanacherry/status/1659465520096382976","1243431560","fuyuhanacherry"
"1659448790670266369","Fri May 19 06:39:57 +0000 2023","1","PKS telah mengusulkan kebijakan untuk meningkatkan aksesibilitas pendidikan peningkatan kualitas tenaga pendidik serta pembangunan sarana dan prasarana pendidikan yang memadai. #pkspembelarakyat","1659448790670266369","","","in","","1","0","1","https://twitter.com/dpclengkong/status/1659448790670266369","1224335213968257024","dpclengkong"
"1659446789240664066","Fri May 19 06:32:00 +0000 2023","0","PKS senantiasa memperjuangkan kesejahteraan rakyat melalui upaya nyata dalam bidang pendidikan dengan kebijakan yang mendorong akses dan mutu pendidikan yang merata. #PKSpembelaRakyat @PKSejahtera @FPKSDPRRI","1659446789240664066","","","in","Klaten","0","0","0","https://twitter.com/Sayyidris/status/1659446789240664066","1623615591079895040","Sayyidris"
"1659443517658132480","Fri May 19 06:19:00 +0000 2023","0","PKS akan melindungi hak-hak perempuan dan mendorong kesetaraan gender dengan mengadvokasi kebijakan yang menghormati dan melindungi perempuan serta memberikan akses yang adil dalam pendidikan pekerjaan dan kehidupan sosial. #PKSpembelaRakyat @PKSejahtera","1659443517658132480","","","in","","0","0","0","https://twitter.com/BaktiWagiswari/status/1659443517658132480","1631489604770738177","BaktiWagiswari"
"1659442275196317699","Fri May 19 06:14:04 +0000 2023","0","PKS memperjuangkan kebijakan pendidikan yang inklusif bagi semua anak Indonesia. #PKSPembelaRakyat https://t.co/8wnity7YG3","1659442275196317699","https://pbs.twimg.com/media/FweF8yUakAAgDqG.jpg","","in","","1","0","0","https://twitter.com/dpcpkscidadap/status/1659442275196317699","1461917987858882561","dpcpkscidadap"
"1659441252692287495","Fri May 19 06:10:00 +0000 2023","0","#PKSpembelaRakyat @PKSejahtera @FPKSDPRRI memperjuangkan program perlindungan hak perempuan dan anak. Kami mendukung kebijakan yang memastikan kesetaraan gender melindungi anak dari kekerasan dan memberikan akses pendidikan yang adil bagi semua.","1659441252692287495","","","in","Purbalingga","0","0","0","https://twitter.com/AcarKrabbyPatty/status/1659441252692287495","1623952612000428033","AcarKrabbyPatty"
"1659441001121890305","Fri May 19 06:09:00 +0000 2023","0","Peningkatan pendidikan dan pelatihan bagi nakes merupakan salah satu fokus kebijakan kami. Dengan memperkuat kompetensi mereka kami yakin dapat memberikan pelayanan kesehatan terbaik kepada masyarakat @PKSejahtera #PKSpembelaRakyat","1659441001121890305","","","in","","0","0","0","https://twitter.com/sabilalulal/status/1659441001121890305","1618501966891741184","sabilalulal"
"1659440426385039360","Fri May 19 06:06:43 +0000 2023","0","PKS mengadvokasi kebijakan yang mendukung pendidikan agama yang berkualitas memperkuat pondasi iman dan nilai-nilai keagamaan pada generasi muda. #PKSpembelaRakyat @PKSejahtera @FPKSDPRRI","1659440426385039360","","","in","Palembang","1","0","0","https://twitter.com/nadyaadinii/status/1659440426385039360","1623936385664307200","nadyaadinii"
"1659438987931533316","Fri May 19 06:01:00 +0000 2023","0","Kebijakan pertai keadilan sejahtera harus memprioritaskan peningkatan kualitas pendidikan dan pelatihan bagi nakes. Mereka harus memiliki akses ke pembelajaran berkelanjutan untuk menghadapi tantangan kesehatan yang terus berkembang. @PKSejahtera #PKSpembelaRakyat","1659438987931533316","","","in","","0","0","0","https://twitter.com/sastra_teh/status/1659438987931533316","1621043935069208578","sastra_teh"
"1659417464990748672","Fri May 19 04:35:28 +0000 2023","7","CSIS akan menyelenggarakan seminar mengenai Masa Depan Pendidikan Indonesia. Seminar ini bertujuan menjadi forum untuk membahas alternatif-alternatif kebijakan yang secara signifikan dapat meningkatkan kualitas pendidikan Indonesia serta mencapai tujuan dan makna pendidikan. https://t.co/69D977XSCQ","1659417464990748672","https://pbs.twimg.com/media/FwdvJQIaEAAHSd_.jpg","","in","Jakarta","1","1","6","https://twitter.com/CSISIndonesia/status/1659417464990748672","1445394860","CSISIndonesia"
"1659167235544604672","Thu May 18 12:01:09 +0000 2023","0","SDH Banyak riset dan pendapat pakar ttg anak TK dan SD tidak dibebani pelajaran berat tp prakteknya terus terjadi dan pengatur kebijakan pendidikan seakan tutup mata dan membiarkan. Kasih Anak kehilangan waktu bermainya karena dr Playground sampai SD mereka SDH terbebani","1659167235544604672","","","in","","0","0","0","https://twitter.com/WYunaldi/status/1659167235544604672","1673157199","WYunaldi"
"1659114530792779782","Thu May 18 08:31:43 +0000 2023","0","Anies Baswedan bukanlah seorang ahli dalam bidang tertentu tapi beliau politikus dan akademis di bidang pendidikan dan kebijakan publik.","1659114530792779782","","","in","Indonesia","0","0","0","https://twitter.com/sayymalina/status/1659114530792779782","1505667859883913216","sayymalina"
"1659049224997306368","Thu May 18 04:12:13 +0000 2023","0","[ Memperingati Kenaikan Isa Almasih ] Perayaan Kenaikan Isa Almasih adalah waktu yang tepat untuk merenungkan kesetiaan kasih Tuhan. Segenap HIMA Kebijakan Pendidikan 2023 mengucapkan selamat memperingati hari kenaikan Isa Almasih bagi saudara yang menyakini. https://t.co/WushblSlDB","1659049224997306368","https://pbs.twimg.com/media/FwYgeMRaAAcx5oV.jpg","","in","FIPP UNY","0","1","0","https://twitter.com/himakpuny/status/1659049224997306368","2914840327","himakpuny"
"1659017104258125824","Thu May 18 02:04:35 +0000 2023","0","Menjadi seorang Mendikbud RI Anies menunjukkan keahliannya dalam bidang pendidikan lewat sederet kebijakan dan program","1659017104258125824","","","in","","0","0","0","https://twitter.com/cachanmin/status/1659017104258125824","1446372711278596097","cachanmin"
"1658794541363892227","Wed May 17 11:20:12 +0000 2023","0","Keterbukaan ekosistem pendidikan dan budaya baca menurut Anies merupakan kebijakan pendidikan inklusif yang harus dijaga Kemdikbud","1658794541363892227","","","in","","0","0","0","https://twitter.com/rapzillax/status/1658794541363892227","1418124785226174466","rapzillax"
"1658794432748216320","Wed May 17 11:19:46 +0000 2023","1","Kebijakan Anies tentang pendidikan bersifat inklusif yakni merata dan menyeluruh sampai ke daerah tertinggal","1658794432748216320","","","in","","0","0","0","https://twitter.com/faithbitj/status/1658794432748216320","1123249156938534913","faithbitj"
"1658790790901145600","Wed May 17 11:05:18 +0000 2023","0","Klik Pendidikan: Sri Mulyani Beri Kebijakan GAJI HONORER Capai 5 6 Juta Per Bulan Inilah Kategori Honorer Tersebut - Klik Pendidikan. https://t.co/tqTEOoqqRS","1658790790901145600","","","in","","0","0","0","https://twitter.com/kus_taman/status/1658790790901145600","1477605988169498624","kus_taman"
"1658707208144826371","Wed May 17 05:33:10 +0000 2023","0","Partai Perindo hadir dengan idealisme yang luhur konsisten berjuang bagi kesejahteraan masyarakat melalui kebijakan yang berpihak dan percepatan pendidikan guna mewujudkan Indonesia yang bersatu berdaulat adi Hary Tanoesoedibjo Partai Perindo Inklusif Persatuan Indonesia","1658707208144826371","","","in","","0","0","0","https://twitter.com/valen_evelina/status/1658707208144826371","1592164276860604418","valen_evelina"
"1658701127691665409","Wed May 17 05:09:00 +0000 2023","0","Partai Perindo Inklusif hadir dengan idealisme yang luhur melalui kebijakan yang berpihak dan percepatan pendidikan guna mewujudkan Persatuan Indonesia yang bersatu berdaulat adil dan makmur. keren pak Hary Tanoesoedibjo","1658701127691665409","","","in","","0","0","0","https://twitter.com/soulgirlll/status/1658701127691665409","1599219404738560000","soulgirlll"
"1658681228592320513","Wed May 17 03:49:56 +0000 2023","9","Jawa Tengah kembali raih penghargaan Provinsi Terbaik. Capaian itu diperoleh melalui kebijakan prioritas daerah pada penyelenggaraan pendidikan secara luas pembangunan kesehatan dan kualitas pembangunan perempuan dan anak. @ganjarpranowo #GanjarMenangTotal https://t.co/wgztw7Ey7D","1658681228592320513","https://pbs.twimg.com/media/FwTRx_TaIAU8DO8.jpg","","in","Banten, Indonesia","0","0","9","https://twitter.com/Nurisma1996/status/1658681228592320513","932309805598773248","Nurisma1996"
"1658679271098052608","Wed May 17 03:42:09 +0000 2023","7","Jawa Tengah kembali raih penghargaan Provinsi Terbaik. Capaian itu diperoleh melalui kebijakan prioritas daerah pada penyelenggaraan pendidikan secara luas pembangunan kesehatan dan kualitas pembangunan perempuan dan anak. @ganjarpranowo #GanjarMenangTotal https://t.co/5fNFcYq1rb","1658679271098052608","https://pbs.twimg.com/media/FwTQAWDaIAA_4Ko.jpg","","in","","1","2","6","https://twitter.com/LimaWaluSara/status/1658679271098052608","1232513710301892609","LimaWaluSara"
"1658530529682272256","Tue May 16 17:51:06 +0000 2023","0","Pada kesempatan kali ini HIMA KP FIPP UNY mengajak kalian untuk membahas mengenai problematika pendidikan dengan kritis. tema pada acara kali ini Transformasi Kebijakan Pemerintah Dalam Menyelesaikan Problematika Pendidikan So tunggu apalagi buruan daftar mari diskusi bersama https://t.co/0zYbl0Xg1F","1658530529682272256","https://pbs.twimg.com/media/FwRIuiCaMAAHcai.jpg","","in","FIPP UNY","0","1","0","https://twitter.com/himakpuny/status/1658530529682272256","2914840327","himakpuny"
"1658508430171324421","Tue May 16 16:23:18 +0000 2023","1","Masalah yang dijumpai pada pendidikan di Indonesia hingga tahun 2020 adalah kesenjangan pendidikan dan kurangnya literasi. Data Pusat Penelitian Kebijakan Dikbud menunjukkan Indeks Aktivitas Literasi Membaca (Indeks Alibaca) Nasional pada 2018 termasuk kategori literasi rendah https://t.co/D10vynoPWa","1658508430171324421","https://pbs.twimg.com/media/FwQ0ktiaEAABI1i.jpg","","in","Jakarta","0","1","0","https://twitter.com/tiroyjunita/status/1658508430171324421","154420006","tiroyjunita"
"1658498897122316288","Tue May 16 15:45:25 +0000 2023","1","Salah satu masalah yang masih dapat dijumpai pada pendidikan di Indonesia hingga tahun 2020 ini adalah kesenjangan pendidikan dan kurangnya kebiasaan literasi. Hal ini dapat dilihat dari data yang dikemukakan Pusat Penelitian Kebijakan Pendidikan dan Kebudayaan https://t.co/JSKHeCYsR7","1658498897122316288","https://pbs.twimg.com/media/FwQru8PaAAoITtj.jpg","","in","Yogyakarta, Indonesia","0","1","0","https://twitter.com/Satrianka/status/1658498897122316288","182309439","Satrianka"
"1658497250786684928","Tue May 16 15:38:52 +0000 2023","0","Hal ini dapat dilihat dari data yang dikemukakan Pusat Penelitian Kebijakan Pendidikan dan Kebudayaan melalui Indeks Aktifitas Literasi Membaca (Indeks Alibaca) Nasional pada 2018 yang masuk dalam kategori literasi rendah","1658497250786684928","","","in","","0","0","0","https://twitter.com/NugraheniKusum2/status/1658497250786684928","1275018383449223168","NugraheniKusum2"
"1658484928387108867","Tue May 16 14:49:54 +0000 2023","0","Komisi X DPR RI memberikan apresiasi dan dukungan terhadap implementasi Kurikulum Merdeka yang menjadi kebijakan Kementerian Pendidikan Kebudayaan Riset dan Teknologi (Kemendikbudristek). @Kemdikbud_RI https://t.co/9mc1EI0bHd","1658484928387108867","https://pbs.twimg.com/media/FwQfQLXagAAwtma.jpg","","in","Jakarta Timur, DKI Jakarta","0","1","0","https://twitter.com/itsmerosec/status/1658484928387108867","1188042427157774336","itsmerosec"
"1658423972181209089","Tue May 16 10:47:41 +0000 2023","1","Salah satu masalah yang masih dapat dijumpai pada pendidikan di Indonesia hingga tahun 2020 ini adalah kesenjangan pendidikan dan kurangnya kebiasaan literasi. Hal ini dapat dilihat dari data yang dikemukakan Pusat Penelitian Kebijakan Pendidikan dan Kebudayaan @lpdp_ri #PK203 https://t.co/gAMAWAzqMe","1658423972181209089","https://pbs.twimg.com/media/FwPnzk_aAAI8nPm.jpg","","in","","0","0","0","https://twitter.com/NasrulRiri39836/status/1658423972181209089","1642186857860730880","NasrulRiri39836"
"1658394304778498050","Tue May 16 08:49:48 +0000 2023","0","Anies tidak hanya memberikan kebijakan kenaikan gaji guru terbukti ia juga menaikkan standart kualitas guru demi kemajuan Pendidikan Indonesia.","1658394304778498050","","","in","","0","0","0","https://twitter.com/alodumpss/status/1658394304778498050","1593960869410394119","alodumpss"
"1658319903433293825","Tue May 16 03:54:09 +0000 2023","0","Berikut ini ada beberapa kebijakan dari pendidikan daerah yang harus kamu ketahui. - Kamu bisa baca artikel lengkapnya disini ya ; https://t.co/dLKvn77J4z https://t.co/Wfd4337ndd","1658319903433293825","https://pbs.twimg.com/media/FwOJG5qaYAEN4LY.jpg","","in","Yogyakarta, Indonesia","0","0","0","https://twitter.com/privatsmpjogja/status/1658319903433293825","717946543270006784","privatsmpjogja"
"1658317133439463429","Tue May 16 03:43:09 +0000 2023","0","Salah satu masalah yang masih dapat dijumpai pada pendidikan di Indonesia hingga tahun 2020 ini adalah kesenjangan pendidikan dan kurangnya kebiasaan literasi. Hal ini dapat dilihat dari data yang dikemukakan Pusat Penelitian Kebijakan Pendidikan dan Kebudayaan https://t.co/DzI2wGrDac","1658317133439463429","https://pbs.twimg.com/media/FwOGe13aMAEpk6j.jpg","","in","","0","1","0","https://twitter.com/bullseye990/status/1658317133439463429","1592316718830874624","bullseye990"
"1658314970516586496","Tue May 16 03:34:33 +0000 2023","0","Berikut ini ada beberapa kebijakan dari pendidikan daerah yang harus kamu ketahui. - Kamu bisa baca artikel lengkapnya disini ya ; https://t.co/5a1JyQgb9N https://t.co/AShW0xRA9K","1658314970516586496","https://pbs.twimg.com/media/FwOEqoWacAAntCM.jpg","","in","Yogyakarta","0","0","0","https://twitter.com/nusagama/status/1658314970516586496","56589417","nusagama"
"1658311515622223872","Tue May 16 03:20:49 +0000 2023","0","Masalah pada pendidikan Indonesia hingga tahun 2020 ini adalah kesenjangan pendidikan dan kurangnya kebiasaan literasi dilihat dari data Pusat Penelitian Kebijakan Pendidikan dan Kebudayaan @lpdp_ri #DiriUntukNegeri #GandaAksata #PK203 #AkuPastiMengabdi #SDMUnggulIndonesiaMaju https://t.co/Aitqgge5jg","1658311515622223872","https://pbs.twimg.com/media/FwOBh-6agAAG8fs.jpg","","in","Indonesia","0","0","0","https://twitter.com/enonebenu/status/1658311515622223872","1049291811775102979","enonebenu"
"1658297815532212224","Tue May 16 02:26:23 +0000 2023","0","Kalau terjadi bonus demografi maka kebijakan pemerintah harusnya lebih fokus pada pengembangan SDM atau pendidikan bukan infrastruktur.","1658297815532212224","","","in","","0","0","0","https://twitter.com/rahasia_pluto/status/1658297815532212224","1103084922216996864","rahasia_pluto"
"1658294180559601664","Tue May 16 02:11:56 +0000 2023","3","Salah satu masalah yang masih dapat dijumpai pada pendidikan di Indonesia hingga tahun 2020 ini adalah kesenjangan pendidikan dan kurangnya kebiasaan literasi. Hal ini dapat dilihat dari data yang dikemukakan Pusat Penelitian Kebijakan Pendidikan dan Kebudayaan https://t.co/YjDmsFHKR6","1658294180559601664","https://pbs.twimg.com/media/FwNxki9agAASni4.jpg","","in","Jakarta Capital Region","0","1","0","https://twitter.com/Budi_azhari22/status/1658294180559601664","1641337609254494210","Budi_azhari22"
"1658283678605406209","Tue May 16 01:30:13 +0000 2023","0","Membangun SDM.. Dengan Basically.. Pendidikan.. Holistik.. Adalah MUTLAK.. Untuk Menghadapi Persaingan Antar Bangsa. Itu Hanya bisa di Wujudkan Dengan KEBIJAKAN &amp; Regulasi. Dari yg Duduk di KURSI. Bukan Mandaran Otak KURSI. Pikiran nya Cari Fee &amp; Komisi Proyek Besar.","1658283678605406209","","","in","","0","0","0","https://twitter.com/Mulyawans07gma2/status/1658283678605406209","1461824941305647105","Mulyawans07gma2"
"1658283294977568768","Tue May 16 01:28:41 +0000 2023","0","Salah satu masalah yang masih dapat dijumpai pada pendidikan di Indonesia hingga tahun 2020 ini adalah kesenjangan pendidikan dan kurangnya kebiasaan literasi. Hal ini dapat dilihat dari data yang dikemukakan Pusat Penelitian Kebijakan Pendidikan dan Kebudayaan - https://t.co/l9Ezljdc5r","1658283294977568768","https://pbs.twimg.com/media/FwNn3EXaYAAmcLn.jpg","","in","","0","1","0","https://twitter.com/waskuy/status/1658283294977568768","137571778","waskuy"
"1658282174733516800","Tue May 16 01:24:14 +0000 2023","2","Salah satu masalah yang masih dapat dijumpai pada pendidikan di Indonesia hingga tahun 2020 ini adalah kesenjangan pendidikan dan kurangnya kebiasaan literasi. Hal ini dapat dilihat dari data yang dikemukakan Pusat Penelitian Kebijakan Pendidikan dan Kebudayaan melalui Indeks... https://t.co/PR1UWivZJA","1658282174733516800","https://pbs.twimg.com/media/FwNlhOsakAEKfNN.jpg","","in","Surakarta","0","1","0","https://twitter.com/ArtopoArdi/status/1658282174733516800","1641385506876563456","ArtopoArdi"
"1658245949238521858","Mon May 15 23:00:17 +0000 2023","72","16 Mei 1978 Dalam pertemuan dengan delegasi MUI Menteri Pendidikan dan Kebudayaan Daoed Joesoef mengatakan bahwa libur puasa anak sekolah adalah kebijakan pembodohan dari pemerintah kolonial Belanda.https://t.co/nZQcFrLfuU","1658245949238521858","","","in","Jakarta Capital Region","3","4","14","https://twitter.com/historia_id/status/1658245949238521858","131903463","historia_id"
"1658241849658851328","Mon May 15 22:44:00 +0000 2023","0","Jokowi keluhkan kebijakan pendidikan di pemerintahan Presiden Jokowi","1658241849658851328","","","in","indonesia","0","0","0","https://twitter.com/thontowijauhari/status/1658241849658851328","191844222","thontowijauhari"
"1658227911512686592","Mon May 15 21:48:37 +0000 2023","3","Salah satu masalah yang masih dapat dijumpai pada pendidikan di Indonesia hingga tahun 2020 ini adalah kesenjangan pendidikan dan kurangnya kebiasaan literasi. Hal ini dapat dilihat dari data yang dikemukakan Pusat Penelitian Kebijakan Pendidikan dan Kebudayaan https://t.co/bDvBKrn5bN","1658227911512686592","https://pbs.twimg.com/media/FwM1fFMaEAISUwE.jpg","","in","Jakarta ","0","1","0","https://twitter.com/izzuddin_aq20/status/1658227911512686592","1641718180531027968","izzuddin_aq20"
"1657992461912883201","Mon May 15 06:13:01 +0000 2023","3","RT muhammadiyah Ketua Umum Pimpinan Pusat (PP) Muhammadiyah Haedar Nashir meminta kepada penyelenggara negara supaya dalam membuat kebijakan tentang dunia Pendidikan supaya jangan fragmentatif atau memisah-misahkan. https://t.co/DWCGw32ya4 #Pendidikan #Muhammadiyah #IslamBe ","1657992461912883201","","","in","","0","0","0","https://twitter.com/netizenmu/status/1657992461912883201","846924902019977216","netizenmu"
"1657981634740883458","Mon May 15 05:30:00 +0000 2023","156","Ketua Umum Pimpinan Pusat (PP) Muhammadiyah Haedar Nashir meminta kepada penyelenggara negara supaya dalam membuat kebijakan tentang dunia Pendidikan supaya jangan fragmentatif atau memisah-misahkan. https://t.co/RenYxIuouh #Pendidikan #Muhammadiyah #IslamBerkemajuan","1657981634740883458","","","in","Indonesia","0","1","28","https://twitter.com/muhammadiyah/status/1657981634740883458","73309923","muhammadiyah"
"1657943889783955456","Mon May 15 03:00:01 +0000 2023","0","Konferensi Pendidikan HAM 2023 - Panel 7 Pendidikan HAM bagi aparatur negara untuk memperkuat kebijakan HAM dan layanan publik yang adil setara dan inklusif - 18 Mei 2023 ⏰ - 08.30 - 10.15 Pendaftaran: https://t.co/AFb4V8nzpP https://t.co/opp7IQpzVk","1657943889783955456","https://pbs.twimg.com/media/FwFR8nPaAAAV3SK.jpg","","in","Indonesia","0","1","1","https://twitter.com/datum_id/status/1657943889783955456","873838342890070016","datum_id"
"1657820130347462656","Sun May 14 18:48:14 +0000 2023","7","Hal terbodoh yang dilakukan orang pintar penentu kebijakan adalah ketika biaya pendidikan makin sulit dijangkau oleh masyarakat di sisi lain gaji guru sangatlah murah lalu gembar-gembor negara menuju masa gemilang...","1657820130347462656","","","in","Bogor, Jawa Barat","0","0","3","https://twitter.com/nung_306/status/1657820130347462656","129399250","nung_306"
"1657818594145648640","Sun May 14 18:42:08 +0000 2023","0","Ayo netizen Indo daripada salty sama perantau tsb mending jadikan ini momentum buat menuntut keras pemerintah menghasilkan kebijakan publik yg mumpuni seperti: 1. Perbanyak taman 2. Layanan kesehatan gratis 3. Pendidikan gratis 4. Air minum langsung dari tap water and more!","1657818594145648640","","","in","United Kingdom - Indonesia","0","0","0","https://twitter.com/zicostian/status/1657818594145648640","48740425","zicostian"
"1657690491302051840","Sun May 14 10:13:06 +0000 2023","0","Partai Perindo 16 hadir dengan idealisme yang luhur konsisten berjuang bagi kesejahteraan masyarakat melalui kebijakan yang berpihak dan percepatan pendidikan guna mewujudkan Indonesia yang bersatu berdaulat adil dan makmur Parade Indonesia Sejahtera Hary Tanoesoedibjo","1657690491302051840","","","in","","0","0","0","https://twitter.com/Alva_girls/status/1657690491302051840","1597954492984659968","Alva_girls"
"1657590671790981122","Sun May 14 03:36:27 +0000 2023","0","Coba di share apa konseptualnya? Mulai dari pandangan politik pendidikan ekonomi maupun sosial. Kita pingin tau apa isinya ISME - ISME itu apa sudah inhern dengan kebijakan 9 th terakhir. Kalau ga bisa berarti CMN jualan tagline aja.","1657590671790981122","","","in","Iam Indonesian ","0","0","0","https://twitter.com/dayleeharry/status/1657590671790981122","1079021857","dayleeharry"
"1657249022594232321","Sat May 13 04:58:51 +0000 2023","2","RT majalahSM Profil Pelajar Pancasila adalah bentuk penerjemahan tujuan pendidikan nasional. Ia berperan sebagai referensi utama yang mengarahkan kebijakan pendidikan termasuk menjadi acuan para pendidik dalam membangun karakter serta kompetensi pe https://t.co/bWZ0EQIlHi ","1657249022594232321","","","in","","0","0","0","https://twitter.com/netizenmu/status/1657249022594232321","846924902019977216","netizenmu"
"1657234214142754816","Sat May 13 04:00:01 +0000 2023","22","Profil Pelajar Pancasila adalah bentuk penerjemahan tujuan pendidikan nasional. Ia berperan sebagai referensi utama yang mengarahkan kebijakan pendidikan termasuk menjadi acuan para pendidik dalam membangun karakter serta kompetensi peserta didik. https://t.co/svmgyUmlRI","1657234214142754816","","","in","Yogyakarta","0","1","3","https://twitter.com/majalahSM/status/1657234214142754816","836611718","majalahSM"
"1657233169584910343","Sat May 13 03:55:52 +0000 2023","2","Mungkin ini gambaran umum pembuatan kebijakan publik di kita. Dalam dunia pendidikan tinggi kadang para dosen berkomentar kesal ini yang bikin aturan mengerti tidak sih kerjanya dosen itu bagaimana ?? ","1657233169584910343","","","in","Kota Surabaya, Indonesia","0","0","3","https://twitter.com/agylardi/status/1657233169584910343","31070109","agylardi"
"1657009116777447425","Fri May 12 13:05:33 +0000 2023","0","[ Penjaringan Aspirasi Mahasiswa KebijakanPendidikan ] Apa sih penjaringan aspirasi itu? Penjaringan aspirasi merupakan wadah untuk menampung aspirasi Mahasiswa KP seputar permasalahan perkuliahan sarana prasarana kelas dll. https://t.co/oMulA1rrcy","1657009116777447425","https://pbs.twimg.com/media/Fv7hAo8aUAERmek.jpg","","in","FIPP UNY","0","1","0","https://twitter.com/himakpuny/status/1657009116777447425","2914840327","himakpuny"
"1656970078196469760","Fri May 12 10:30:26 +0000 2023","0","Kebijakan negara terkait menghubungkan antara pendidikan dan industri seringkali tidak nyambung. Misalnya membangun banyak SMK tapi angka lulusannya yg terserap ke Industri rendah atau membangun poltek kelautan tapi lokasinya di pegunungan - Mas Didit TURC","1656970078196469760","","","in","","0","0","1","https://twitter.com/bawa_ide/status/1656970078196469760","1588102685470863360","bawa_ide"
"1656925871666761728","Fri May 12 07:34:46 +0000 2023","0","Ragam Kebijakan Ganjar dan 3 Pesan Penting untuk kemajuan Pendidikan https://t.co/1iHfI9D8Lc","1656925871666761728","https://pbs.twimg.com/media/Fv6VTJhaEAEEQC9.jpg","","in","Riau, Indonesia","0","0","0","https://twitter.com/SheilaBonds15/status/1656925871666761728","1583257795096236032","SheilaBonds15"
"1656925742759026689","Fri May 12 07:34:15 +0000 2023","0","Ragam Kebijakan Ganjar dan 3 Pesan Penting untuk kemajuan Pendidikan https://t.co/YkdQ58JMro","1656925742759026689","https://pbs.twimg.com/media/Fv6VLpjaEAAJBeS.jpg","","in","Riau, Indonesia","0","0","0","https://twitter.com/BCykablyat/status/1656925742759026689","1357272636250681347","BCykablyat"
"1656915718066278400","Fri May 12 06:54:25 +0000 2023","2","Ragam Kebijakan Ganjar Pranowo dan 3 Pesan Penting Untuk Kemajuan Pendidikan #GanjarCapres https://t.co/lw51lL7qVo","1656915718066278400","https://pbs.twimg.com/media/Fv6MD4PakAE8_um.jpg","","in","South Sumatra, Indonesia","0","0","0","https://twitter.com/DebbiRell/status/1656915718066278400","1581987069693394945","DebbiRell"
"1656902043964170240","Fri May 12 06:00:05 +0000 2023","1","Ragam kebijakan dan 3 pesan penting untuk kemajuan Pendidikan #GanjarPresiden2024 https://t.co/mJrEKrlHcC","1656902043964170240","https://pbs.twimg.com/media/Fv5_oLuakAAzYdv.jpg","","in","West Borneo, Indonesia","0","0","0","https://twitter.com/FirmanReyzha/status/1656902043964170240","594485214","FirmanReyzha"
"1656879159988330497","Fri May 12 04:29:09 +0000 2023","0","Ragam kebijakan Ganjar pranowo dan 3 pesan penting untuk kemajuan pendidikan #GanjarCapres https://t.co/u2OdyaFFh8","1656879159988330497","https://pbs.twimg.com/media/Fv5qzvgaMAEPX2_.jpg","","in","","0","0","0","https://twitter.com/arwana_je/status/1656879159988330497","1619919747063377920","arwana_je"
"1656877373294526464","Fri May 12 04:22:03 +0000 2023","1","Setuju dengan kebijakan Pak Harto. Bahkan saya waktu masih TK di kawasan Senayan masih mendapatkan susu segar permurid 1 gelas setiap hari jumat. Buku² murah biaya pendidikan pun terjangkau. SD Inpres salah satu hasil dari kebijakan pak Harto. Alfatihah teruntuk beliau","1656877373294526464","","","in","Ciledug, Indonesia","0","0","0","https://twitter.com/212bowie/status/1656877373294526464","602655520","212bowie"
"1656876941386080257","Fri May 12 04:20:20 +0000 2023","0","Ragam Kebijakan Ganjar Pranowo dan 3 Pesan Penting Untuk Kemajuan Pendidikan #GanjarCapres https://t.co/Y2JfdHQvJZ","1656876941386080257","https://pbs.twimg.com/media/Fv5oyssaYAAZ7Hc.jpg","","in","South Sumatra, Indonesia","0","0","0","https://twitter.com/FaktaSebenarny3/status/1656876941386080257","1620113326356434945","FaktaSebenarny3"
"1656868537447911430","Fri May 12 03:46:57 +0000 2023","1","Ragam kebijakan Ganjar Pranowo dan 3 pesan penting untuk kemajuan Pendidikan #GanjarCapres https://t.co/PbfeSz9lxe","1656868537447911430","https://pbs.twimg.com/media/Fv5hJl1aQAI7HKj.jpg","","in","","0","0","0","https://twitter.com/putrawijayt/status/1656868537447911430","1645647063856852992","putrawijayt"
"1656867293228597249","Fri May 12 03:42:00 +0000 2023","0","Pick nih gmana smoga bisa jadi pertimbangan bahwa kebijakan afirmasi terkait pembiayaan pendidikan kedokteran ini perlu adanya","1656867293228597249","","","in","Yogyakarta, Indonesia","0","0","0","https://twitter.com/yulianiayi/status/1656867293228597249","247251077","yulianiayi"
"1656867086218719232","Fri May 12 03:41:11 +0000 2023","0","Ragam Kebijakan Ganjar Pranowo Dan 3 Pesan Kemajuan Pendidikan #GanjarCapres #ganjarpranowo #jokowi #pemilu #GanjarCapres #GanjarCapresPDIP #GanjarCapres2024 #GanjarCapres #IndonesiaMaju https://t.co/ixFR3gfS7v","1656867086218719232","https://pbs.twimg.com/media/Fv5fok7aMAM-Ez2.jpg","","in","Sulawesi Utara","0","0","0","https://twitter.com/GanjarPendukung/status/1656867086218719232","2925543153","GanjarPendukung"
"1656865046667087872","Fri May 12 03:33:04 +0000 2023","0","Ragam kebijakan Ganjar untuk kemajuan pendidikan #GanjarCapres https://t.co/cIEogZe6rX","1656865046667087872","https://pbs.twimg.com/media/Fv5d-aHaEAICeYk.jpg","","in","Medan Sunggal, Indonesia","0","0","0","https://twitter.com/devan_r7/status/1656865046667087872","1564511913052340227","devan_r7"
"1656864314622619648","Fri May 12 03:30:10 +0000 2023","1","Ragam kebijakan Ganjar Pranowo dan 3 pesan penting untuk kemajuan Pendidikan #GanjarCapres https://t.co/TYgiLr5GJg","1656864314622619648","https://pbs.twimg.com/media/Fv5dTrCaUAAtb9j.jpg","","in","","0","0","0","https://twitter.com/riskaputiy/status/1656864314622619648","1645635129535250434","riskaputiy"
"1656850116010196992","Fri May 12 02:33:45 +0000 2023","0","Ragam kebijakan Ganjar pranowo dan pesan penting untuk kemajuan pendidikan #GanjarCapres https://t.co/fManAaMZDu","1656850116010196992","https://pbs.twimg.com/media/Fv5QZlRaIAAXSQ9.jpg","","in","Pandeglang, Indonesia","0","0","0","https://twitter.com/Yubin66ji/status/1656850116010196992","1582037083044003840","Yubin66ji"
"1656850038105182209","Fri May 12 02:33:26 +0000 2023","0","ni orang ngatain diri sendiri apa ya 10 tahun jadi pemangku kebijakan tapi gak bisa ngasih solusi buat sistem pendidikan kan banyak tuh misal pake sistem minjem dulu jadi tar kalo dah kerja para dokter ini baru bayar dicicil kek diluar gitu giliran nguntungin asing ngutang gercep","1656850038105182209","","","in","","0","0","0","https://twitter.com/aiidooooo/status/1656850038105182209","3623884154","aiidooooo"
"1656842443604762624","Fri May 12 02:03:15 +0000 2023","0","Lantas Apakah Kabupaten? Usaha skala mikro yang SENGAJA dimakmurkan perkotaan guna Mengikuti aturan dan Kebijakan ekonomi dalam Semangat Perkembangan zaman. Bagaimana membedakan pendidikan TNI/POLRI dengan Pengusaha atau wirausaha? Apakah Bank merupakan solusi dari perkotaan? https://t.co/UMjtaiAiS6","1656842443604762624","https://pbs.twimg.com/media/Fv5I-vwaUAAbhDg.jpg","","in","Surabaya Timur, INDONESIA","1","0","0","https://twitter.com/arin_dc/status/1656842443604762624","629287606","arin_dc"
"1656834911922438146","Fri May 12 01:33:20 +0000 2023","0","Ragam Kebijakan Ganjar Pranowo dan 3 Pesan Penting Untuk Kemajuan Pendidikan https://t.co/xtCuP1LXcN","1656834911922438146","https://pbs.twimg.com/media/Fv5CeAFaIAEWeRB.jpg","","in","Tanjung Karang, Lampung","0","0","0","https://twitter.com/yulrahma45/status/1656834911922438146","1396747676864053249","yulrahma45"
"1656825104339443712","Fri May 12 00:54:21 +0000 2023","0","Pemerintah yang sebabkan mahalnya BIAYA PENDIDIKAN akhirnya Strategi PLAYING VICTIM pun dilakukan hanya untuk sekedar CUCI TANGAN atas Kebijakan yang mereka lakukan...","1656825104339443712","","","in","Bumi","0","0","0","https://twitter.com/NKRI_Nomor_1/status/1656825104339443712","1211443304","NKRI_Nomor_1"
"1656814641400647681","Fri May 12 00:12:47 +0000 2023","1","Ragam kebijakan Ganjar dan 3 pesan pemting untuk kemajuan pendidikan #GanjarCapres https://t.co/HKPAbwGlgs","1656814641400647681","https://pbs.twimg.com/media/Fv4wIr6aMAA9Upr.jpg","","in","Kalimantan Tengah, Indonesia","0","0","0","https://twitter.com/andina_my/status/1656814641400647681","1570943460815044608","andina_my"
"1656793263293206528","Thu May 11 22:47:50 +0000 2023","0","Lembaga pendidikan pemerintah bahkan telah menjadi ajang bisnis. Kebijakan otonomi PTN menciptakan lembaga pendidikan kapitalis (motif mengeruk laba dari calon mahasiswa)","1656793263293206528","","","in","","0","0","0","https://twitter.com/Parto_Kusumo70/status/1656793263293206528","1614833153520324608","Parto_Kusumo70"
"1656790186892877824","Thu May 11 22:35:36 +0000 2023","0","Ragam kebijakan Ganjar Pranowo dan 3 pesan penting untuk kemajuan pendidikan #GanjarCapres https://t.co/UAnmmmDbWf","1656790186892877824","https://pbs.twimg.com/media/Fv4Z5LsaQAAH_8Q.jpg","","in","Purwokerto Selatan, Indonesia","0","0","0","https://twitter.com/GanjarJTG/status/1656790186892877824","2790750052","GanjarJTG"
"1656761049809567745","Thu May 11 20:39:50 +0000 2023","1","Keadilan sosial dlm pendidikan itu itu hanya slogan belaka. Faktanya panggang jauh dari api tdk ada kebijakan yg pro rakyat miskin rakyat miskin hnya jadi objek pelengkap kebijakan. Jangankan PTN tingkap SMP-SMA N saja praktik jual beli kursi itu mah berjalan.","1656761049809567745","","","in","Belantara Kata","0","0","0","https://twitter.com/SangLangit01/status/1656761049809567745","466538179","SangLangit01"
"1656231994244714496","Wed May 10 09:37:33 +0000 2023","0","Jgn pernah bermimpi pendidikan Indonesia akn maju jika para penentu kebijakan pendidikan masih bermental KKN. Nggak malu malakin anak buah dgn berbagai alasan.","1656231994244714496","","","in","","0","0","0","https://twitter.com/Afir24/status/1656231994244714496","52528240","Afir24"
"1656181020205674496","Wed May 10 06:15:00 +0000 2023","0","Pemerintah diingatkan untuk tidak mengabaikan karakter pendidikan tinggi di dalam membuat kebijakan. https://t.co/jfygcJgABq","1656181020205674496","","","in","Jakarta","0","0","0","https://twitter.com/HukumOnline/status/1656181020205674496","125297822","HukumOnline"
"1656139882547527681","Wed May 10 03:31:32 +0000 2023","12","Satu Frekuensi APKS PB PGRI hadir kembali dg tema Refleksi Kritis Kebijakan Pendidikan Nasional (Transformasi Tata Kelola Guru Kurikulum Merdeka Kesejahteraan dan Perlindungan Guru. Kamis 11 Mei 2023 Pukul 13.15-16.30 Wib Link pendaftaran https://t.co/f1rRGHWVVo #PGRI https://t.co/pmQW83gZtY","1656139882547527681","https://pbs.twimg.com/media/FvvKcPSagAACKtZ.jpg","","in","","1","9","1","https://twitter.com/PBPGRI_OFFICIAL/status/1656139882547527681","2889429073","PBPGRI_OFFICIAL"
"1656118625873584130","Wed May 10 02:07:04 +0000 2023","0","Menteri Keuangan mendukung World Bank Indonesia menerapkan PPN Sembako dan Pendidikan. Kebijakan seperti ini yg mau diteruskan sementara pajak investor IKN 0%? Go to hell!","1656118625873584130","","","in","Jakarta Selatan, DKI Jakarta","0","0","1","https://twitter.com/QodryAmir/status/1656118625873584130","1331484760552603649","QodryAmir"
"1656050499500806146","Tue May 09 21:36:21 +0000 2023","1","Upaya sinergis dan kolaboratif dalam mengembangkan pendidikan tinggi keagamaan harus terus digiatkan. Terlebih dengan berbagai perubahan kebijakan oleh negara. Untuk itu Kami para pimpinan perguruan tinggi keagamaan Islam dari Aceh sampai Papua bertemu di Makassar. https://t.co/ufsCNdKnQz","1656050499500806146","https://pbs.twimg.com/media/Fvt5JFYakAMvh_8.jpg","","in","","0","0","0","https://twitter.com/RomoParyanto/status/1656050499500806146","1395283781712367618","RomoParyanto"
"1655941322195468302","Tue May 09 14:22:31 +0000 2023","0","E-Latar memiliki beberapa fitur yg memudahkan baik bagi para pengguna ataupun pemangku kebijakan satuan pendidikan @kkpgoid diantaranya profil layanan taruna lapor karier internship fishpreneur akademik dan alumni https://t.co/3N9EQ0wsKx #KKPThrive #SDMKP @in_radiarta","1655941322195468302","","","in","Kota Dumai, Riau","0","0","0","https://twitter.com/poltekkpdumai/status/1655941322195468302","958883424059535360","poltekkpdumai"
"1655901818222944256","Tue May 09 11:45:33 +0000 2023","1","E-Latar memiliki beberapa fitur yg memudahkan baik bagi para pengguna ataupun pemangku kebijakan satuan pendidikan @kkpgoid diantaranya profil layanan taruna lapor karier internship fishpreneur akademik dan alumni https://t.co/fBXPDLRfFZ #KKPThrive #SDMKP @in_radiarta","1655901818222944256","","","in","","0","0","0","https://twitter.com/pusriskan/status/1655901818222944256","715020557306101761","pusriskan"
"1655893433087827968","Tue May 09 11:12:14 +0000 2023","130","Tulisan ini mengulas ttg pendidikan Kebijakan Publik yg kini menjamur &amp; arti pentingnya. Pertanyaan saya kampus2 di Indonesia sejak dulu punya Ilmu Pemerintahan &amp; Administrasi Negara. Bukankah mestinya itu juga public policy ya? Apa yg membedakan? https://t.co/HAWy0m3oTz","1655893433087827968","","","in","","1","3","39","https://twitter.com/okkymadasari/status/1655893433087827968","59823199","okkymadasari"
"1655892999178715141","Tue May 09 11:10:30 +0000 2023","0","[LIVE TALK: Ngobrol Bareng Kebijakan Pendidikan di Kalangan Muda] Malam ini PSPK akan berbincang bersama @fauzanalrasyid founder dari @fauzanfess yang akan berbagi seputar dunia pendidikan Indonesia! Jangan lupa ikutan ya! - #DimulaiDariKita #BerpihakKepadaAnak https://t.co/SrhhH6eSIS","1655892999178715141","https://pbs.twimg.com/media/Fvrp5n2aAAAcUE1.jpg","","in","Jakarta Selatan, DKI Jakarta","0","0","0","https://twitter.com/pspk_edu/status/1655892999178715141","1651900656708648960","pspk_edu"
"1655891428718026754","Tue May 09 11:04:16 +0000 2023","2","Dalam rangka perayaan Hari Pendidikan Nasional 2023 Pusat Studi Pendidikan dan Kebijakan (PSPK) akan menyelenggarakan: Ngobrol Bareng Kebijakan Pendidikan di Kalangan Muda Minggu 14 Mei 2023. ⏰ 14:00-18:00 WIB. Ganara Art Space Plaza Indonesia Lt. 6 https://t.co/D9LT2Wp5ya","1655891428718026754","https://pbs.twimg.com/media/FvrodvtagAA96Cs.jpg","","in","Jakarta Selatan, DKI Jakarta","1","1","0","https://twitter.com/pspk_edu/status/1655891428718026754","1651900656708648960","pspk_edu"
"1655811265816829952","Tue May 09 05:45:43 +0000 2023","1","Masalahnya Dok. Para pemegang dan penentu kebijakan sangat minim pengetahuannya bahkan tidak sedikit yang memakai titel/pendidikan palsu alias nol pengetahuan apalagi tentang kesehatan. intinya teruslah berjuang sampai titik dimana suatu waktu Negeri ini dikelola oleh yang ","1655811265816829952","","","in","INDONESIA","0","0","0","https://twitter.com/zuraidbima/status/1655811265816829952","162059920","zuraidbima"
"1655805940128534528","Tue May 09 05:24:34 +0000 2023","0","Izin bpk/ibu Dinas Pendidikan Sy ingin Bertanya dan bercerita Permasalanya anak sy yg lulus sekolah tahun ini Tidak bisa mendapatkan SKL dari pihak sekolah dikarenakan masih ada tunggakan SPP yg ingin sy tanyakan apakah kebijakan sekolah tersebut sudah sesuai dengan peraturan","1655805940128534528","","","in","","0","0","0","https://twitter.com/BatinJimat/status/1655805940128534528","1511577160678785026","BatinJimat"
"1655784028300083200","Tue May 09 03:57:29 +0000 2023","0","PKS memperjuangkan kebijakan yang memperkuat akses rakyat ke layanan kesehatan dan pendidikan. Partai Keadilan Sejahtera @PKSejahtera @FPKSDPRRI","1655784028300083200","","","in","Jakarta","0","0","0","https://twitter.com/KeringBolu/status/1655784028300083200","1623166629105524737","KeringBolu"
"1655778545573195776","Tue May 09 03:35:42 +0000 2023","0","Partai Keadilan Sejahtera @PKSejahtera @FPKSDPRRI mendukung kebijakan-kebijakan yang berorientasi pada rakyat seperti program bantuan sosial peningkatan akses pendidikan dan kesehatan serta pemberdayaan masyarakat.","1655778545573195776","","","in","","0","0","0","https://twitter.com/bukanratubilqis/status/1655778545573195776","1623901481341718528","bukanratubilqis"
"1655610834780041218","Mon May 08 16:29:17 +0000 2023","1","[ Pengumuman Panitia PKKMB &amp; PLM PDM Kebijakan Pendidikan 2023 ] Kami dari panitia PKKMB &amp; PLM PDM KP 2023 mengucapkan terimakasih kepada teman-teman yang sudah bersedia mengikuti kepanitiaan ini. Selamat dan semangat menjalani kepanitiaan di PKKMB &amp; PLM PDM KP 2023 https://t.co/GvV3aEdWLK","1655610834780041218","https://pbs.twimg.com/media/FvnpR65aQAAcwEH.jpg","","in","FIPP UNY","0","1","0","https://twitter.com/himakpuny/status/1655610834780041218","2914840327","himakpuny"
"1655556114615001088","Mon May 08 12:51:51 +0000 2023","0","Sebaiknya pendidik dokter fokus pada dunia pendidikan jadi pendidik yang baik!!! bukan menggrogoti kebijakan Kementerian Kesehatan dari belakang !!! mendorong demonstrasi demi jabatan profesinya #dokter @PBIDI @KemenkesRI #RUUKesehatan","1655556114615001088","","","in","Cikarang, Jawa Barat","0","0","0","https://twitter.com/mauldyas/status/1655556114615001088","282583979","mauldyas"
"1655503547461689344","Mon May 08 09:22:58 +0000 2023","1","Kunjungan Kadisdik Kota Bandar Lampung Hj. Eka Afriana S.Pd dan rombongan ke BPMP Prov. Lampung Kamis (4/5/2023). Kunjungan tersebut dilaksanakan dalam rangka sinergisitas kebijakan Merdeka Belajar dan akselerasi pelaksanaan program prioritas nasional Pendidikan. https://t.co/radA9KmUQo","1655503547461689344","https://pbs.twimg.com/media/FvmHrHRakAAJomp.jpg","","in","Bandar Lampung","0","0","0","https://twitter.com/bpmplampung/status/1655503547461689344","1101342274275860480","bpmplampung"
"1655429875665174528","Mon May 08 04:30:13 +0000 2023","0"," semisal kalian nanti jadi menteri pendidikan kebijakan apa yang bakal kalian bikin??","1655429875665174528","","","in","","0","1","0","https://twitter.com/convomf/status/1655429875665174528","1314975287294083073","convomf"
"1655363802807017472","Mon May 08 00:07:40 +0000 2023","0","Topik Diskusi Pagi ini: Mencari Solusi Kesenjangan Pendidikan Menuju Indonesia Emas 2045. Berikut pandangan Guru Besar UPI Bandung/pengamat kebijakan Pendidikan; Prof Cecep Darmawan #Now #LIVE #TOPIK #kensenjangan #pendidikan #indonesia cc: @upi_official","1655363802807017472","","","in","Semarang, Jawa Tengah","0","0","0","https://twitter.com/RadioIdolaSMG/status/1655363802807017472","385894867","RadioIdolaSMG"
"1654991934770020352","Sat May 06 23:30:00 +0000 2023","5","Berbagai Kebijakan Ini Digulirkan Gubri Syamsuar Guna Pemerataan Pendidikan Di Provinsi Riau #airlanggahartarto #airlanggapemersatu #airlanggauntukindonesia #partaigolkar #golkarpedia #golkarsolid #AirlanggaPresiden https://t.co/JoUmZMCJVz","1654991934770020352","","","in","Jakarta Capital Region","0","0","18","https://twitter.com/golkarpedia/status/1654991934770020352","721898354502930433","golkarpedia"
"1654818991058345984","Sat May 06 12:02:47 +0000 2023","1","Iniihhhh yang diriqu bilang kalau pendidikan ingin maju banyak faktornya paling penting siapapun yang memerintah pendidikan akan tetap no. 1 tidak ikut alur politikus. Di Indonesia? Ganti pemimpin --&gt; ganti mentri --&gt; ganti kurikulum --&gt; ganti kebijakan --&gt; penyesuain lagi","1654818991058345984","","","in","","0","0","1","https://twitter.com/badtempwred/status/1654818991058345984","1609655210","badtempwred"
"1654733355609636866","Sat May 06 06:22:30 +0000 2023","1","Bold. Underline. Semua aspek kehidupan masyarakat mulai dari pendidikan kesehatan hukum dan yang lain tergantung siapa pemangku kebijakan. Semua diatur oleh kebijakan publik yang dibuat oleh si pemangku kebijakan. Kalo pemangku kebijakan masih ngga peduli dan masih cari untung","1654733355609636866","","","in","","0","1","0","https://twitter.com/bbbirooooooong/status/1654733355609636866","1451895020391256070","bbbirooooooong"
"1654718918332911617","Sat May 06 05:25:07 +0000 2023","0"," Sudah lama komunitas swasta mau pun lembaga bisnis dan sepak bola Indonesia menyerap norma kerja dan tenaga ahli manca negara. Masa pembuat kebijakan pendidikan dan warga kampus kalah langkah dari mereka? https://t.co/AmDOlzLc0T","1654718918332911617","","","in","Indonesia","0","0","0","https://twitter.com/FKP_Indonesia/status/1654718918332911617","950721219459862529","FKP_Indonesia"
"1654705692232790016","Sat May 06 04:32:34 +0000 2023","6","Perlu ditambahkan... upah layak tanah untuk petani perahu untuk nelayan pendidikan yang terjangkau perumahan untuk rakyat regulasi yang berpihak; semua itu adalah kebijakan politik. Sesuatu yang akan perjuangan oleh Partai Buruh.","1654705692232790016","","","in","DKI Jakarta, Indonesia","0","1","3","https://twitter.com/EXCOPARTAIBURUH/status/1654705692232790016","1446061949498716162","EXCOPARTAIBURUH"
"1654665852032282624","Sat May 06 01:54:15 +0000 2023","0","Pendidikan dan kesehatan akan menjadi sesuatu yang mahal dikemudian hari. Para pemimpin mencoba membuat kebijakan. Yang ada saat ini mungkin kurang baik selagi menunggu yang terbaik.","1654665852032282624","","","in","Kota Tasikmalaya, Jawa Barat","0","0","0","https://twitter.com/Neonboxyellow/status/1654665852032282624","259119366","Neonboxyellow"
"1654644188527595520","Sat May 06 00:28:11 +0000 2023","2","Sudah lama komunitas swasta mau pun lembaga bisnis dan sepak bola Indonesia menyerap norma kerja dan tenaga ahli manca negara. Masa pembuat kebijakan pendidikan dan warga kampus kalah langkah dari mereka? Siap transfer pemain @iaridlo ? https://t.co/cGRqbKVH0N","1654644188527595520","","","in","Bantul","0","1","0","https://twitter.com/4n15fuad/status/1654644188527595520","415268057","4n15fuad"
"1654617478507696128","Fri May 05 22:42:02 +0000 2023","0","Analisis Implementasi Kebijakan Pendidikan Sabtu Budaya di MI NW Tanak Beak https://t.co/Y6gkCWPQeg","1654617478507696128","","","in","Indonesia","0","0","0","https://twitter.com/STITPN/status/1654617478507696128","1651727860967804930","STITPN"
"1654486923325341705","Fri May 05 14:03:16 +0000 2023","0","Gerakan Sekolah Menyenangkan (GSM) mempromosikan dan membangun kesadaran guru kepala sekolah orang tua dan pemangku kebijakan pendidikan untuk membangun ekosistem sekolah sebagai tempat yang menyenangkan. https://t.co/OspAAF8rX1","1654486923325341705","https://pbs.twimg.com/media/FvXrE85WIAUcGA_.jpg","","in","Kebayoran Baru, Jakarta","0","1","0","https://twitter.com/Terasmitra/status/1654486923325341705","408281406","Terasmitra"
"1654408524729053184","Fri May 05 08:51:44 +0000 2023","27","Kebijakan penggratisan sekolah di Jateng bertujuan memperluas akses pendidikan. Sehingga siswa kurang mampu dapat melanjutkan pendidikan ke jenjang menengah. Meskipun sekolah gratis tetapi mutu pendidikan tetap diperhatikan. @ganjarpranowo #GanjarMenangTotal https://t.co/JfPooCHT0m","1654408524729053184","https://pbs.twimg.com/media/FvWjyRLacAI6WYv.jpg","","in","DKI Jakarta, Indonesia","2","3","18","https://twitter.com/__RismaWidiono_/status/1654408524729053184","940486643546386432","__RismaWidiono_"
"1654407559804067843","Fri May 05 08:47:54 +0000 2023","16","Yg miskin semakin tdk punya akses atas pendidikan maka terjadilah proses pemiskinan. Mayoritas tenaga kerja Indonesia berpendidikan SMP ke bawah. Dng kebijakan upah buruh murah maka generasi berikutnya makin sulit lg mengakses pendidikan. Dan terjadilah lingkaran kemiskinan.","1654407559804067843","","","in","Jakarta","0","2","8","https://twitter.com/ecosocrights/status/1654407559804067843","175442007","ecosocrights"
"1654402065568010241","Fri May 05 08:26:04 +0000 2023","7","Dunia pendidikan bisa kehilangan potensi cemerlang akibat kebijakan yg tidak mendukung kesejahteraan pendidik.","1654402065568010241","","","in","","0","0","0","https://twitter.com/RAKemal/status/1654402065568010241","84613009","RAKemal"
"1654339476330795008","Fri May 05 04:17:21 +0000 2023","28","° Muammar Gaddafi salah satu Pemimpin yang bijaksana dan tidak luput dari kekejaman doktrin negara barat. Kebijakan khadafi - kesehatan gratis - pendidikan gratis - rumah gratis - Minyak murah - pembangunan infrastruktur yang massive https://t.co/cQkfZoSme2","1654339476330795008","https://pbs.twimg.com/media/FvVk_HJaQAEW5nq.jpg","","in","zona Serdadu","0","3","9","https://twitter.com/AnakTangsiAD/status/1654339476330795008","69246245","AnakTangsiAD"
"1654338879023980544","Fri May 05 04:14:59 +0000 2023","0","Jakarta https://t.co/wKgHpxyppM - Menteri Dalam Negeri (Mendagri) Muhammad Tito Karnavian mengatakan kebijakan percepatan capaian pendidikan numerasi sekolah dasar di daerah ditujukan untuk memperkuat pembangunan sumber daya manusia (SDM). https://t.co/oPxNGi6vFk https://t.co/W8SN2APbbk","1654338879023980544","https://pbs.twimg.com/media/FvVkcYRXgAEnWgA.jpg","","in","Pulo Gadung, Indonesia","0","0","0","https://twitter.com/haloindonesia88/status/1654338879023980544","917728330094280711","haloindonesia88"
"1654279459183427584","Fri May 05 00:18:52 +0000 2023","457","Seharusnya ini jadi teguran keras ke: 1. Pembuat kebijakan 2. Pendidik 3. Pemuka agama 4. Orangtua 5. Society in general Saat karakter common sense dan moral ga terbentuk berarti pendidikan kita GAGAL TOTAL. Bye bye bonus demografi.","1654279459183427584","","","in","Jakarta, Jakarta","12","7","200","https://twitter.com/iimfahima/status/1654279459183427584","15440108","iimfahima"
"1654225201654272000","Thu May 04 20:43:16 +0000 2023","1","Berbagai Kebijakan Ini Digulirkan Gubri Syamsuar Guna Pemerataan Pendidikan Di Provinsi Riau #airlanggahartarto #golkarpedia #partaigolkar #Airlanggapresiden #golkarindonesia https://t.co/bfdF09xcUp","1654225201654272000","","","in","","0","0","0","https://twitter.com/GolkarToday/status/1654225201654272000","1563779411304140801","GolkarToday"
"1654154150630834176","Thu May 04 16:00:56 +0000 2023","0","Kalau karena ivy leaguenya krg tau Tp sebagai org luar yg kulihat kebijakan skrg sangat sejalan sama rekomendasi di riset world bank soal pendidikan indonesia. Salah satu contohnya kebijakan SD gaudah bs calistung dan peluncuran bahan belajar yg sesuai","1654154150630834176","","","in","음악 있는 세상","0","1","0","https://twitter.com/penoxxmoon/status/1654154150630834176","1297029685981798400","penoxxmoon"
"1654088610398760962","Thu May 04 11:40:30 +0000 2023","1","Gubri Syamsuar Gulirkan Berbagai Kebijakan Guna Pemerataan Pendidikan di Riau https://t.co/NlBqEDRYny","1654088610398760962","","","in","Indonesia","0","0","0","https://twitter.com/politiknesiacom/status/1654088610398760962","1953620240","politiknesiacom"
"1654043449656745984","Thu May 04 08:41:03 +0000 2023","0","Kebijakan pendidikan itu gak bisa dilihat dampaknya hanya dalam kurun waktu 1-3 tahun. IISMA baru hadir tahun 2021.","1654043449656745984","","","in","","0","0","0","https://twitter.com/bugykoda/status/1654043449656745984","1398502752435654659","bugykoda"
"1654028330210037760","Thu May 04 07:40:58 +0000 2023","0","Gubernur Jawa Tengah Ganjar Pranowo menegaskan akan terus memacu program revolusioner di bidang pendidikan. Hal ini antara lain diwujudkannya melalui kebijakan sekolah gratis sekolah virtual hingga terus mengembangkan sekolah unggulan seperti SMK https://t.co/jgWRU3zpYY","1654028330210037760","","","in","Kota Surabaya, Jawa Timur","0","0","0","https://twitter.com/PradanaDika29/status/1654028330210037760","102478633","PradanaDika29"
"1654012125940178944","Thu May 04 06:36:35 +0000 2023","0","Sektor pendidikan mendapat porsi terbesar alokasi dana APBN maupun APBD dengan harapan mampu mencetak manusia yang cerdas secara intelektual namun juga harus cerdas secara emosional dan spritual. Sebuah tantangan besar bagi seluruh pemangku kebijakan. https://t.co/BeZiFwng7t","1654012125940178944","https://pbs.twimg.com/media/FvQ7QrZaUAAIqs4.jpg","","in","Pekanbaru, Riau","0","0","0","https://twitter.com/tvristasiunriau/status/1654012125940178944","721625087686811648","tvristasiunriau"
"1653930542877016069","Thu May 04 01:12:24 +0000 2023","3","Gubernur Jawa Tengah Ganjar Pranowo menegaskan akan terus memacu program revolusioner di bidang pendidikan antara lain diwujudkannya melalui kebijakan sekolah gratis sekolah virtual hingga terus mengembangkan sekolah unggulan. #GanjarPranowo https://t.co/4IurkttNtX","1653930542877016069","","","in","","3","0","0","https://twitter.com/sohibganjar/status/1653930542877016069","1406113261049630731","sohibganjar"
"1653920484713697285","Thu May 04 00:32:26 +0000 2023","5","Ayo dangdutan Belum purna tugas tapi sibuk pencitraan Hanya satu provinsi saja Gubernur kami pun gratiskan SPP n bgm dgn gubrnur anda? Memang program pusat n ini kan kebijakan turunan Faktanya tdk ada pendidikan gratis masih saja bayar uang komite sekolah dll mskpn spp tdk pngut https://t.co/QDRM2OcgFr","1653920484713697285","https://pbs.twimg.com/media/FvPn6naaQAEtMK9.jpg","","in","Bumi Nabung, Indonesia","0","0","0","https://twitter.com/DambaanA/status/1653920484713697285","1603570929635692545","DambaanA"
"1653766230854238208","Wed May 03 14:19:29 +0000 2023","2","Say what you like about UN and standardized test tapi kedua hal ini yang bikin pendidikan inklusif. Also kebijakan nadiem yang mendemonize un dan tes tertulis mnrt aing kurang tepat","1653766230854238208","","","in","Dutch East Indies","0","0","0","https://twitter.com/inginimba/status/1653766230854238208","1219032635936104454","inginimba"
"1653760263580172288","Wed May 03 13:55:46 +0000 2023","1","Alhamdulillah.. Berita membanggakan datang dari dunia Pendidikan Pemerintah Kabupaten Bekasi karena telah berhasil meraih penghargaan atas komitmen dukungan dan pencapaian kinerjanya dalam pelaksanaan kebijakan Merdeka Belajar.. https://t.co/f2o4Uc9C4L","1653760263580172288","https://pbs.twimg.com/media/FvNWMMwakAAJk-n.jpg","","in","Bekasi, Jawa Barat","0","1","0","https://twitter.com/pemkabekasi/status/1653760263580172288","834221193485901824","pemkabekasi"
"1653740046326046721","Wed May 03 12:35:26 +0000 2023","13","Saatnya kutip omongan lama: Tidak terlibatnya murid secara aktif dalam perumusan kebijakan pendidikan membuat progres pendidikan menjadi suatu progres yang semu. -BPMS Murid perlu dilibatkan secara aktif dalam pembuatan kurikulum ;-) https://t.co/AOzNdwIhse","1653740046326046721","https://pbs.twimg.com/media/FvNDzejaQAYSIgA.jpg","","in","","2","0","1","https://twitter.com/Rafilsafat/status/1653740046326046721","1394861409356316674","Rafilsafat"
"1653714390833836034","Wed May 03 10:53:29 +0000 2023","25","Ragam Kebijakan Ganjar Pranowo dan 3 Pesan Penting untuk Kemajuan Pendidikan . . @ganjarpranowo #GanjarMenangTotal https://t.co/oXe3a43tdS","1653714390833836034","https://pbs.twimg.com/media/FvMseUYaIAAWgeF.jpg","","in","Kota Surabaya, Jawa Timur","1","3","21","https://twitter.com/Istiana26168589/status/1653714390833836034","1295011710403674115","Istiana26168589"
"1653713416400556032","Wed May 03 10:49:37 +0000 2023","1","Ganjar Pranowo meluncurkan program revolusioner di bidang pendidikan yakni dengan mengeluarkan kebijakan sekolah gratis sekolah virtual hingga terus mengembangkan sekolah unggulan seperti SMK Jawa Tengah. https://t.co/Z5cvh61uVl","1653713416400556032","","","in","Jember, Jawa Timur","0","0","0","https://twitter.com/RokhanaSti/status/1653713416400556032","1344992219652997121","RokhanaSti"
"1653704704101330944","Wed May 03 10:15:00 +0000 2023","9","Arab Saudi tengah melakukan kebijakan drastis dalam bidang pendidikan. Mapel musik bakal jadi bagian dari kurikulum selama 2 tahun. https://t.co/6DErFLe1II","1653704704101330944","","","in","","0","5","4","https://twitter.com/detikcom/status/1653704704101330944","69183155","detikcom"
"1653685443005927427","Wed May 03 08:58:28 +0000 2023","0","Tanggal 2 Mei menjadi pengingat kita untuk mengenang jasa Ki Hajar Dewantara. Berkat pemikiran &amp; kebijakan yang beliau tuangkan dulu kita dapat mengenyam pendidikan setinggi-tingginya saat ini. Selamat Hari Pendidikan Nasional!️ #hardiknas2023 #IndiHome #IndiHomeBorneo","1653685443005927427","","","in","Banjarmasin","0","0","0","https://twitter.com/anshari_slebew/status/1653685443005927427","1638075456040890369","anshari_slebew"
"1653679541473386497","Wed May 03 08:35:01 +0000 2023","0","Tanggal 2 Mei menjadi pengingat kita untuk mengenang jasa Ki Hajar Dewantara. Berkat pemikiran &amp; kebijakan yang beliau tuangkan dulu kita dapat mengenyam pendidikan setinggi-tingginya saat ini. Selamat Hari Pendidikan Nasional!️ #hardiknas2023 #IndiHome #IndiHomeBorneo","1653679541473386497","","","in","Banjarmasin","0","0","0","https://twitter.com/RahmanaBlanel/status/1653679541473386497","1638078352857890816","RahmanaBlanel"
"1653673761261117441","Wed May 03 08:12:03 +0000 2023","0","Semua pemangku kebijakan berkepentingan terhadap korupsi sy tak pesimis tapi pejabat tak satu kata berkata korupsi pendidikan karena mereka punya kepentingan di sektor pendidikan","1653673761261117441","","","in","","0","0","0","https://twitter.com/Khaifilecofarm/status/1653673761261117441","1512284700953673728","Khaifilecofarm"
"1653660671501041664","Wed May 03 07:20:02 +0000 2023","142","Ragam Kebijakan Ganjar Pranowo dan 3 Pesan Penting untuk Kemajuan Pendidikan. #GanjarMenangTotal https://t.co/YvosSMWACc https://t.co/adoG6Uc3xi","1653660671501041664","https://pbs.twimg.com/media/FvL7neHaEAEuFEB.jpg","","in","Kalimantan Timur, Indonesia","6","86","69","https://twitter.com/ch_chotimah2/status/1653660671501041664","154435354","ch_chotimah2"
"1653660433944027139","Wed May 03 07:19:05 +0000 2023","1","Pusat Studi Pendidikan dan Kebijakan (PSPK) membuka kesempatan bagi mahasiswa S2 dan S3 yang ingin berkontribusi kepada dunia pendidikan Indonesia melalui program Research Fellowship PSPK. Bagi Research Fellow terpilih akan mendapatkan pendanaan penelitian hingga Rp. 20.000.000. https://t.co/Avt0fB6XlI","1653660433944027139","https://pbs.twimg.com/media/FvL7Za0aAAAQXZb.jpg","","in","Jakarta Selatan, DKI Jakarta","0","1","0","https://twitter.com/pspk_edu/status/1653660433944027139","1651900656708648960","pspk_edu"
"1653656739810795521","Wed May 03 07:04:24 +0000 2023","0","Tanggal 2 Mei menjadi pengingat kita untuk mengenang jasa Ki Hajar Dewantara. Berkat pemikiran &amp; kebijakan yang beliau tuangkan dulu kita dapat mengenyam pendidikan setinggi-tingginya saat ini. Selamat Hari Pendidikan Nasional!️ #hardiknas2023 #IndiHome #IndiHomeBorneo","1653656739810795521","","","in","Banjarmasin","0","0","0","https://twitter.com/Muhammad_Febri0/status/1653656739810795521","1481996456588627968","Muhammad_Febri0"
"1653649271101734922","Wed May 03 06:34:44 +0000 2023","0","Tanggal 2 Mei menjadi pengingat kita untuk mengenang jasa Ki Hajar Dewantara. Berkat pemikiran &amp; kebijakan yang beliau tuangkan dulu kita dapat mengenyam pendidikan setinggi-tingginya saat ini. Selamat Hari Pendidikan Nasional!️ #hardiknas2023 #IndiHome #IndiHomeBorneo","1653649271101734922","","","in","Banjarmasin","0","0","0","https://twitter.com/Ari_Ramadhan_21/status/1653649271101734922","1628329532255277057","Ari_Ramadhan_21"
"1653642902122414081","Wed May 03 06:09:25 +0000 2023","2","Tanggal 2 Mei menjadi pengingat kita untuk mengenang jasa Ki Hajar Dewantara. Berkat pemikiran &amp; kebijakan yang beliau tuangkan dulu kita dapat mengenyam pendidikan setinggi-tingginya saat ini. Selamat Hari Pendidikan Nasional!️ #hardiknas2023 #IndiHome #IndiHomeBorneo","1653642902122414081","","","in","Banjarmasin","0","0","0","https://twitter.com/T_Rahman90/status/1653642902122414081","1632759367165706240","T_Rahman90"
"1653640705074683904","Wed May 03 06:00:41 +0000 2023","0","ya namanya juga PEKAES selain mencetak kader koruptor partai ini juga mengeluarkan kebijakan aneh hingga yang tega merenggut hak anak-anak untuk mendapatkan pendidikan #AniesPenghancurKedamaianRI #HARAM Nabrak Dua Lipa 2 Mei https://t.co/YjUqC9EuqD","1653640705074683904","https://pbs.twimg.com/media/FvLpdFjaQAAXjFo.jpg","","in","","0","0","0","https://twitter.com/RosaGiron322053/status/1653640705074683904","1637764863656067072","RosaGiron322053"
"1653630774057504770","Wed May 03 05:21:14 +0000 2023","0","ya namanya juga PEKAES selain mencetak kader koruptor partai ini juga mengeluarkan kebijakan aneh hingga yang tega merenggut hak anak-anak untuk mendapatkan pendidikan #AniesPenghancurKedamaianRI #HARAM Nabrak Dua Lipa 2 Mei https://t.co/k5MalFH1ok","1653630774057504770","https://pbs.twimg.com/media/FvLga0DaMAMoGVY.jpg","","in","","0","0","0","https://twitter.com/KarinaR07624691/status/1653630774057504770","1637766657270489089","KarinaR07624691"
"1653621802231562241","Wed May 03 04:45:35 +0000 2023","2","Gubernur Jawa Tengah @ganjarpranowo menegaskan akan terus memacu program revolusioner di bidang pendidikan. Hal ini antara lain diwujudkannya melalui kebijakan sekolah gratis sekolah virtual hingga terus mengembangkan sekolah unggulan seperti SMK Jawa Tengah. @jokowi https://t.co/TOIlMf0koE","1653621802231562241","https://pbs.twimg.com/media/FvLYQzuaQAQmK9a.jpg","","in","Sleman, Yogyakarta","0","0","0","https://twitter.com/artyunie76/status/1653621802231562241","986831030190424064","artyunie76"
"1653605992599523329","Wed May 03 03:42:45 +0000 2023","215","Kartu Pekerja Jakarta (KPJ) merupakan program kebijakan Pemerintah Provinsi DKI Jakarta dalam rangka peningkatan kesejahteraan pekerja atau buruh dengan meringankan biaya transportasi pangan dan pendidikan bagi anak pekerja DKI Jakarta. https://t.co/FYneWxgz4I","1653605992599523329","","","in","Jakarta Capital Region","1","11","70","https://twitter.com/Mdy_Asmara1701/status/1653605992599523329","1334853481019056128","Mdy_Asmara1701"
"1653591457134006272","Wed May 03 02:45:00 +0000 2023","0","Menteri Pendidikan Kebudayaan Riset dan Teknologi (Mendikbudristek) Nadiem Makarim menyebut kebijakan Merdeka Belajar Kampus Merdeka (MBKM) telah membawa perubahan besar bagi dunia pendidikan tinggi. #NadiemMakarim #MBKM https://t.co/OMElZw6WIo","1653591457134006272","","","in","Jakarta Capital Region, Indone","0","0","0","https://twitter.com/medcom_id/status/1653591457134006272","902837643024539651","medcom_id"
"1653588188345298945","Wed May 03 02:32:00 +0000 2023","20","&gt;Salah satu penyebab pendidikan di Indonesia kacau balau adalah kebijakan ganti menteri ganti kurikulum yg menciptakan kerancuan. &gt;Kekacauan jdi tambah parah sejak kita tak punya Menteri Pendidikan dari 2019 hingga hari ini yg lalu diisi oleh Menteri starap yg sosoan ndidik ","1653588188345298945","","","in","Isola","1","2","5","https://twitter.com/KueBoludarMusa/status/1653588188345298945","1078615360683659264","KueBoludarMusa"
"1653587417054736384","Wed May 03 02:28:57 +0000 2023","14","Ketua Komisi X DPR RI Syaiful Huda ingin evaluasi Program Merdeka Belajar dilakukan pada Hari Pendidikan Nasional 2023 untuk meningkatkan partisipasi publik dalam perumusan kebijakan Beberapa sub-program kontroversial. https://t.co/IQO5zdRbBM","1653587417054736384","https://pbs.twimg.com/media/FvK4pE5agAATwXW.jpg","","in","","2","0","11","https://twitter.com/SAGAINDONESIA_/status/1653587417054736384","1460920865474813953","SAGAINDONESIA_"
"1653587135193313280","Wed May 03 02:27:49 +0000 2023","1","Gub. Jawa Tengah @ganjarpranowo menegaskn akn trus memacu program revolusioner di bidang pendidikan. Hal ini antara lain diwujudkannya melalui kebijakan sekolah gratis sekolah virtual hingga terus mengembangkan sekolah unggulan seperti SMK Jawa Tengah. https://t.co/QYqn3hEvDO","1653587135193313280","https://pbs.twimg.com/media/FvK4vGVaIAA-N0y.jpg","","in","Indonesia","0","1","1","https://twitter.com/Satya7ogja3_/status/1653587135193313280","1409032577189437445","Satya7ogja3_"
"1653536879516717057","Tue May 02 23:08:07 +0000 2023","5","Gubernur Jawa Tengah @ganjarpranowo menegaskan akan terus memacu program revolusioner di bidang pendidikan. Hal ini antara lain diwujudkannya melalui kebijakan sekolah gratis sekolah virtual terus mengembangkan sekolah unggulan seperti SMK Jawa Tengah. #GanjarMenangTotal https://t.co/zsoQ2jesTt","1653536879516717057","https://pbs.twimg.com/ext_tw_video_thumb/1653536624385601538/pu/img/NpbbBpmcYQWfx4VG.jpg","","in","Indonesia","0","0","2","https://twitter.com/Ranisor/status/1653536879516717057","1143085007193329664","Ranisor"
"1653506256223469569","Tue May 02 21:06:26 +0000 2023","9","Dunia pendidikan tak bisa terpisah dari politik. Sayangnya politik dan dunia pendidikan tinggi di negeri ini kerap memperlihatkan relasi buruk. Politisasi pendidikan dan inkonsistensi kebijakan lebih sering mengemuka. #Opini #AdadiKompas https://t.co/xVgSEe2nko","1653506256223469569","","","in","Palmerah, Jakarta","0","1","1","https://twitter.com/hariankompas/status/1653506256223469569","255866913","hariankompas"
"1653505829423976449","Tue May 02 21:04:45 +0000 2023","1","Inkonsistensi Politik Pendidikan Dunia pendidikan tak bisa terpisah dari politik. Politisasi pendidikan dan inkonsistensi kebijakan lebih sering mengemuka. Yudi Latif di Opini Kompas https://t.co/uuBkgNYUzA @hariankompas @Yudilatif","1653505829423976449","","","in","","0","0","0","https://twitter.com/tatisamhadi/status/1653505829423976449","1445984430258982913","tatisamhadi"
"1653505599139729410","Tue May 02 21:03:50 +0000 2023","0","Dunia pendidikan tak bisa terpisah dari politik. Sayangnya politik dan dunia pendidikan tinggi di negeri ini kerap memperlihatkan relasi buruk. Politisasi pendidikan dan inkonsistensi kebijakan lebih sering mengemuka. #ArtikelOpini #AdadiKompas https://t.co/0monJT1aJW","1653505599139729410","","","in","Palmerah, Jakarta","0","0","0","https://twitter.com/KompasData/status/1653505599139729410","771030588","KompasData"
"1653412086050099206","Tue May 02 14:52:14 +0000 2023","0","Ganjar Pranowo menegaskan akan terus memacu program revolusioner di bidang pendidikan. Hal ini antara lain diwujudkannya melalui kebijakan sekolah gratis sekolah virtual hingga terus mengembangkan sekolah unggulan seperti SMK Jawa Tengah. https://t.co/lFP07J1e2h","1653412086050099206","","","in","","0","0","0","https://twitter.com/Sirambutmerah_/status/1653412086050099206","1074412789089746946","Sirambutmerah_"
"1653412065720274944","Tue May 02 14:52:10 +0000 2023","0","Ganjar Pranowo menegaskan akan terus memacu program revolusioner di bidang pendidikan. Hal ini antara lain diwujudkannya melalui kebijakan sekolah gratis sekolah virtual hingga terus mengembangkan sekolah unggulan seperti SMK Jawa Tengah. https://t.co/x9espRJGHq","1653412065720274944","","","in","","0","0","0","https://twitter.com/Mockingjacks_/status/1653412065720274944","609020935","Mockingjacks_"
"1653410263297662976","Tue May 02 14:45:00 +0000 2023","0","Menteri Pendidikan Kebudayaan Riset dan Teknologi (Mendikbudristek) Nadiem Makarim menyebut kebijakan Merdeka Belajar Kampus Merdeka (MBKM) telah membawa perubahan besar bagi dunia pendidikan tinggi. #NadiemMakarim #MBKM https://t.co/OMElZw6WIo","1653410263297662976","","","in","Jakarta Capital Region, Indone","0","0","0","https://twitter.com/medcom_id/status/1653410263297662976","902837643024539651","medcom_id"
"1653404621757648898","Tue May 02 14:22:35 +0000 2023","2","Gubernur Jateng @GanjarPranowo menegaskan akan terus memacu program revolusioner di bidang pendidikan. Hal ini antara lain diwujudkannya melalui kebijakan sekolah gratis sekolah virtual hingga terus mengembangkan sekolah unggulan. @Jelli_cent @kesittt https://t.co/fR61M6x07g","1653404621757648898","","","in","","0","0","7","https://twitter.com/tolakbigotnkri/status/1653404621757648898","1095278812181389312","tolakbigotnkri"
"1653399894005252096","Tue May 02 14:03:48 +0000 2023","1","menangisi kebijakan baru skripsi boleh sains alias ga pendidikan gapapa. gue yg judulnya sains di pendidikan-in. https://t.co/66HRIHUQ5P","1653399894005252096","https://pbs.twimg.com/tweet_video_thumb/FvIObstacAAwGtl.jpg","","in","","0","2","0","https://twitter.com/seunghuln/status/1653399894005252096","1102544743","seunghuln"
"1653395215464665089","Tue May 02 13:45:12 +0000 2023","92","[KAMPANYE KINERJA PKS] 2019-2023 Simak‼️ Berikut sikap dan kebijakan politik PKS terkait pendidikan nasional 🇮🇩 #fraksipksdprri #PKSpembelaRakyat #KampanyeKinerjaPKS https://t.co/ufXmjAiVr1","1653395215464665089","https://pbs.twimg.com/media/FvIKKaeagAEXg-d.jpg","","in","Jakarta Capital Region","1","7","41","https://twitter.com/FPKSDPRRI/status/1653395215464665089","91255162","FPKSDPRRI"
"1653395176822554624","Tue May 02 13:45:03 +0000 2023","1","Ragam Kebijakan Ganjar Pranowo dan 3 Pesan Penting untuk Kemajuan Pendidikan https://t.co/1wVfPEvJcg","1653395176822554624","","","in","","0","2","0","https://twitter.com/VIVAcoid/status/1653395176822554624","41730943","VIVAcoid"
"1653386599059652611","Tue May 02 13:10:58 +0000 2023","0","Hardiknas 2023 P2G: Ganti Menteri Ganti Kebijakan Pendidikan Kita Mau Dibawa ke Mana? - by @rk_2024 #RelawanKebangsaan24 https://t.co/WhmUigk2qj","1653386599059652611","","","in","","0","0","0","https://twitter.com/RK24Official/status/1653386599059652611","1476038715763937284","RK24Official"
"1653366229216948227","Tue May 02 11:50:01 +0000 2023","0","Ragam Kebijakan Ganjar Pranowo dan Tiga Pesan Penting untuk Kemajuan Pendidikan https://t.co/DQAV9qahna","1653366229216948227","","","in","Jakarta, Indonesia","0","0","0","https://twitter.com/WartaEkonomi/status/1653366229216948227","30617522","WartaEkonomi"
"1653347367700275200","Tue May 02 10:35:04 +0000 2023","0","Kepala LPKA Tomohon Beserta Jajaran Mengucapkan : Selamat Hari Pendidikan Nasional Tidak ada satu kebijakan pendidikan yang baik kecuali bila diterapkan dengan baik. - Ki Hajar Dewantara #Hardiknas2023 @Kemenkumham_RI @kumham_sulut #KumhamSULUT #LPKATomohon Ronald Lumbuun https://t.co/qcFqJ3ODFg","1653347367700275200","https://pbs.twimg.com/media/FvHeqfyaYAA6LwZ.jpg","","in","Tomohon, Indonesia","0","0","0","https://twitter.com/lpkatomohon1/status/1653347367700275200","1124315581451096064","lpkatomohon1"
"1653342025419472897","Tue May 02 10:13:51 +0000 2023","0","Ganjar berharap Jawa Tengah akan terus melahirkan program revolusioner di bidang pendidikan. Misalnya kebijakan sekolah gratis sekolah virtual hingga SMK Jateng... https://t.co/IMSjkUPsOY","1653342025419472897","","","in","Bandung, Indonesia","0","0","0","https://twitter.com/prajnamu/status/1653342025419472897","43258431","prajnamu"
"1653335395374096384","Tue May 02 09:47:30 +0000 2023","0","PPPK Guru 2023: Hilangnya Kebijakan Afirmasi Honorer Tua Simalakama Dunia Pendidikan https://t.co/4t2SkdtYlH","1653335395374096384","","","in","","0","0","0","https://twitter.com/Bithe_co/status/1653335395374096384","1510130313862979584","Bithe_co"
"1653323776724197376","Tue May 02 09:01:20 +0000 2023","24","Selamat Hari Pendidikan Nasional. Mari bergandeng tangan pihak sekolah orang tua pemangku kebijakan kita bersama-sama perjuangkan pendidikan Indonesia demi terwujudnya kemajuan bangsa. Bergerak Bersama Semarakkan Merdeka Belajar! #HariPendidikanNasional #ibas #eby https://t.co/3EdBIBzO9x","1653323776724197376","https://pbs.twimg.com/ext_tw_video_thumb/1653323714161967104/pu/img/yUc4taRmMEiYcBtA.jpg","","in","Indonesia","0","3","11","https://twitter.com/ebynews_id/status/1653323776724197376","1437198558076149761","ebynews_id"
"1653314703580618754","Tue May 02 08:25:17 +0000 2023","7","Ketua KPU RI musti belajar dari pahlawan yang tidak berjuang dengan senjata tetapi dengan pena pikiran dan kebijakan. Walaupun Hardiknas mengambil dari tanggal lahir beliau tapi sejatinya ada begitu banyak pahlawan dan tokoh bangsa yang memilih berjuang di jalan pendidikan. https://t.co/i5yMaXkXER","1653314703580618754","https://pbs.twimg.com/media/FvHA7FLaIAEFXCA.jpg","","in","","0","0","0","https://twitter.com/FestusAjami/status/1653314703580618754","1597514166956281858","FestusAjami"
"1653305978710814720","Tue May 02 07:50:36 +0000 2023","1","Pendidikan adalah jantung peradaban dan nadi kehidupan bangsa. Meskipun aspek pendidikan tidak bisa lepas dari kebijakan politik tapi dunia pendidikan tidak boleh dipolitisasi. Pendidikan harus tunduk pada kebenaran untuk melahirkan generasi berkeadaban. #hardiknas2023","1653305978710814720","","","in","Purwomartani Kalasan","0","0","0","https://twitter.com/kang_yansur/status/1653305978710814720","1123018380955406337","kang_yansur"
"1653290163328647168","Tue May 02 06:47:46 +0000 2023","6935","Ki Hajar Dewantara adalah pahlawan yang tidak berjuang dengan senjata tetapi dengan pena pikiran dan kebijakan. Walaupun Hardiknas mengambil dari tanggal lahir beliau tapi sejatinya ada begitu banyak pahlawan dan tokoh bangsa yang memilih berjuang di jalan pendidikan sejak https://t.co/IRNVaZXsv1","1653290163328647168","https://pbs.twimg.com/media/FvGqo1tacAA-8U4.jpg","","in","Indonesia","36","375","1336","https://twitter.com/aniesbaswedan/status/1653290163328647168","110312278","aniesbaswedan"
"1653273183309688833","Tue May 02 05:40:17 +0000 2023","7","Mari #TuandanPuan kita dukung terus kebijakan #MerdekaBelajar yang telah berdampak nyata pada peningkatan kualitas pembelajaran bagi murid dari jenjang PAUD sampai pendidikan tinggi. Selamat Hari Pendidikan Nasional 2023! #Hardiknas2023 #KSP https://t.co/HwqtcVonis","1653273183309688833","https://pbs.twimg.com/media/FvGbMTjaAAM94ZN.jpg","","in","Republik Indonesia","0","0","2","https://twitter.com/KSPgoid/status/1653273183309688833","772689620576395264","KSPgoid"
"1653269692302368768","Tue May 02 05:26:25 +0000 2023","0","Selamat Hari Pendidikan Nasional. Mari terus mengarusutamakan perbaikan sektor pendidikan di setiap agenda kebijakan demi meraih sumber daya manusia yang unggul. #NALAR #nalarinstitute #hardiknas #haripendidikannasional #pendidikan #kihajardewantara #indonesiaemas2045 https://t.co/LXlx9dHc0A","1653269692302368768","https://pbs.twimg.com/media/FvGYBhNaMAYs7Pc.jpg","","in","D.I. Yogyakarta","0","0","0","https://twitter.com/nalarinstitute/status/1653269692302368768","1467738689694429184","nalarinstitute"
"1653265596652584960","Tue May 02 05:10:09 +0000 2023","0","Pada momentum Hari Pendidikan Nasional 2023 Perhimpunan Pendidikan dan Guru (P2G) mendorong pemerintah untuk segera melakukan pembenahan terhadap kualitas pendidikan di Tanah Air salah satunya dengan menciptakan kebijakan yang matang. #inibaruid https://t.co/4JeQkoQ2Uq","1653265596652584960","","","in","Semarang, Jawa Tengah","0","0","0","https://twitter.com/officialInibaru/status/1653265596652584960","915242765453213696","officialInibaru"
"1653258729532575745","Tue May 02 04:42:51 +0000 2023","1","Selamat Hari Pendidikan Nasional! Hadirnya Hari Pendidikan Nasional tidak lepas dari peran Ki Hadjar Dewantara sebagai pelopor pendidikan di Indonesia. Ia dikenal karena perlawanannya yang berani dalam menentang berbagai kebijakan pemerintah Hindia Belanda terkait pendidikan. https://t.co/pmebMcqZuC","1653258729532575745","https://pbs.twimg.com/media/FvGODZNaMAEXQeo.jpg","","in","Yogyakarta, Indonesia","0","1","0","https://twitter.com/kominfodiy/status/1653258729532575745","755673247660650497","kominfodiy"
"1653250560236331008","Tue May 02 04:10:24 +0000 2023","0","kebijakan ganjar tidak pro pendidikan. jaaauuh dari target program pendidikan di jateng. #ganjargabisakerja","1653250560236331008","","","in","Indonesia","0","0","0","https://twitter.com/semar2024/status/1653250560236331008","1621371587340673031","semar2024"
"1653244577606959107","Tue May 02 03:46:37 +0000 2023","24","Maturnuwun ndoro ganjar...diantara banyaknya kinerja anda yg kurang baik masih terselip satu kebijakan yg sangat mulia sebagai gubernur....njenengan masih bisa nguwongke para pendidik .. Selamat hari Pendidikan Nasional semoga pendidikan di negara ini makin maju dan berkarakter. https://t.co/nbi7GBTC71","1653244577606959107","https://pbs.twimg.com/media/FvGBLYUaYAAo1Nt.jpg","","in","Kertanegara no.4","0","3","2","https://twitter.com/mbahjhojho/status/1653244577606959107","1152707809689010176","mbahjhojho"
"1653216768666779649","Tue May 02 01:56:07 +0000 2023","56","Kebijakan pendidikan di Papua sekarang tidak hanya alat politik kolonial untuk hilangkan identitas budaya adat dan nasionalisme orang di Papua untuk merdeka. Pendidikan Papua sekarang berada pada sarang kapitalisme. Selamat Hari Pendidikan https://t.co/vEblIxHKxl","1653216768666779649","https://pbs.twimg.com/media/FvFnsWPagAEYwNp.jpg","","in","Jayapura, West Papua","0","1","21","https://twitter.com/laolao_papua/status/1653216768666779649","1260214658830491649","laolao_papua"
"1653207320950886401","Tue May 02 01:18:35 +0000 2023","1","Momentum peringatan Hari Pendidikan Nasional atau Hardiknas yang jatuh pada tanggal 2 Mei Koordinator Perhimpunan Pendidikan dan Guru (P2G) Satriawan Salim mengkritik sistem tata kelola guru termasuk kebijakan Merdeka Belajar. Dalam upaya https://t.co/ziokmReFeI","1653207320950886401","","","in","","0","0","0","https://twitter.com/inilahdotcom/status/1653207320950886401","46693036","inilahdotcom"
"1653206062835859456","Tue May 02 01:13:35 +0000 2023","0","INDONESIA BUTUH KEBIJAKAN BERPIHAK PADA ANAK YANG TIDAK PUNYA KESEMPATAN PENDIDIKAN SECARA EKONOMI https://t.co/cZxdm4Y1RI","1653206062835859456","","","in","Nangro Aceh Darussalam","0","0","0","https://twitter.com/news_education_/status/1653206062835859456","1416510998702297095","news_education_"
"1653196368784285696","Tue May 02 00:35:03 +0000 2023","2","Satriwan mewanti-wanti agar kebijakan pendidikan dapat didesain dengan matang. Jangan sampai hanya berganti merek kebijakan tetapi substansi sesungguhnya sama. https://t.co/nfgtOFf3Su","1653196368784285696","","","in","Jakarta - Indonesia","0","0","2","https://twitter.com/mediaindonesia/status/1653196368784285696","68930552","mediaindonesia"
"1653189639577153536","Tue May 02 00:08:19 +0000 2023","0","INDONESIA BUTUH KEBIJAKAN BERPIHAK PADA ANAK YANG TIDAK PUNYA KESEMPATAN PENDIDIKAN SECARA EKONOMI Dapatkan Informasi Terkini di Seluruh Pelosok Nusantara. https://t.co/r32UHkS4cf https://t.co/H8tpBcRf8N","1653189639577153536","","","in","Nangro Aceh Darussalam","0","0","0","https://twitter.com/news_education_/status/1653189639577153536","1416510998702297095","news_education_"
"1653157334590574593","Mon May 01 21:59:57 +0000 2023","0","Tema Hari Pendidikan Nasional 2023 Bergerak Bersama Semarakkan Merdeka Belajar memberikan panduan tentang isu terkini #pendidikan dan kebijakan di Indonesia sekaligus Pencanangan Bulan Mei sebagai Bulan #MerdekaBelajar. #hardiknas #guru #pelajar #siswa https://t.co/cYLjj7Zkqz","1653157334590574593","https://pbs.twimg.com/media/FvEx1WyakAEvW-D.jpg","","in","Bantul, Indonesia","0","0","0","https://twitter.com/DPMPTSPBantul/status/1653157334590574593","1629499258994053124","DPMPTSPBantul"
"1653080792384540672","Mon May 01 16:55:48 +0000 2023","3","Kebijakan pro-buruh seharusnya tidak berbentuk bantuan langsung tunai ataupun bagi-bagi uang. Kita dapat melihat Australia yang ALP-nya bisa memegang status quo. Mereka berfokus pada penjaminan dan pengupahan yang layak layanan terbaik untuk masyarakat pendidikan dsb.","1653080792384540672","","","in","Menanti mentari.","0","1","1","https://twitter.com/rafkaril/status/1653080792384540672","1187540838835838976","rafkaril"
