"conversation_id_str","created_at","favorite_count","full_text","id_str","image_url","in_reply_to_screen_name","lang","location","quote_count","reply_count","retweet_count","tweet_url","user_id_str","username"
"1387679954251386881","Thu Apr 29 08:07:37 +0000 2021","1","Selamat dan Sukses atas dilantiknya Bapak Nadiem Makarim sebagai Menteri Pendidikan Kebudayaan Riset dan Teknologi Republik Indonesia. Semoga program dan kebijakan yang dihasilkan menjadikan pendidikan kebudayaan riset dan teknologi Indonesia semakin maju. https://t.co/S1RnUAyuwa","1387679954251386881","https://pbs.twimg.com/media/E0IHicMVkAAQNgi.jpg","","in","Surabaya, Indonesia","0","1","0","https://twitter.com/UbayaOfficial/status/1387679954251386881","155829582","UbayaOfficial"
"1387374684186890246","Wed Apr 28 11:54:35 +0000 2021","2","Pekan Depan Anies Umumkan Soal Operasional Tempat Wisata saat Larangan Mudik: Mantan Menteri Pendidikan dan Kebudayaan itu menyatakan untuk kebijakan tempat pariwisata arahnya yakni meminimalkan aktivitas berkumpul. Lanjut dia tanpa meminimalkan https://t.co/uOA1qnxLOl","1387374684186890246","","","in","Indonesia","0","0","0","https://twitter.com/merdekadotcom/status/1387374684186890246","456426648","merdekadotcom"
"1387342897343696900","Wed Apr 28 09:48:16 +0000 2021","4","Ketua Komisi A DPRD DIY Eko Suwanto Tegaskan Komitmen Wujudkan Jogja Tangguh. Kami (DPRD DIY) berkomitmen mendukung program kebijakan pencegahan kesiapsiagaan pendidikan dan pelatihan bagi masyarakat agar tangguh menghadapi bencana #PDIPerjuangan #SolidBergerak https://t.co/5Ge25o7Uie","1387342897343696900","https://pbs.twimg.com/media/E0DVA0KUcAQprzT.jpg","","in","Indonesia","0","1","0","https://twitter.com/PDI_Perjuangan/status/1387342897343696900","153407983","PDI_Perjuangan"
"1387321859885080581","Wed Apr 28 08:24:41 +0000 2021","18","Fungsi pendidikan itu salah satunya membentuk karakter murid/mahasiswa. Salah satu wujud karakter yg baik itu adalah kejujuran/tidak suka berbohong. Apa yg dpt kita harapkan dr pengampu kebijakan pendidikan nasional yg sering melakukan klarifikasi kebijakannya?","1387321859885080581","","","in","Jakarta","0","3","3","https://twitter.com/Darmaningtyas/status/1387321859885080581","368674205","Darmaningtyas"
"1387311814518575110","Wed Apr 28 07:44:46 +0000 2021","2","Aritu jogging nampak menteri pendidikan ni... Sempat la tegur gitu2 je... Syukur ade kebijakan sikit... ","1387311814518575110","","","in","","0","0","0","https://twitter.com/roy_kacak/status/1387311814518575110","4837114962","roy_kacak"
"1387305839082434561","Wed Apr 28 07:21:01 +0000 2021","0","#sahabatpauddikmasdiy DPP FTPKN bekerja sama dengan BP PAUD dan Dikmas D.I. Yogyakarta menyelenggarakan Webinar Arah dan Kebijakan Layanan SIMPKB pada Tutor Pendidikan Kesetaraan pada Kamis 29 April 2021 Pukul 13.00 s.d. 15.00 WIB. Registrasi peserta https://t.co/NBphUujedS https://t.co/qce2Xg5YUn","1387305839082434561","https://pbs.twimg.com/media/E0CzTOwUUAMvSG8.jpg","","in","Banguntapan,Bantul,Yogyakarta","0","0","0","https://twitter.com/bppauddikmasdiy/status/1387305839082434561","971200326647738369","bppauddikmasdiy"
"1386936569337057280","Tue Apr 27 06:53:40 +0000 2021","1","Ngobrol Seru di @MGT_RADIO 101 1 fm bersama Anggota Komisi D DPRD Kota Bandung @riniayususanti dengan tema Kebijakan Pendidikan di Masa Pandemi Covid Hari : Rabu 28 April 2021 Pukul : 16.15 WIB . . . #DPRDKotaBandung #KomisiD #RiniAyuSusanti #PendidikandiMasaPandemiCovid19 https://t.co/DLLdpoeAoI","1386936569337057280","https://pbs.twimg.com/media/Ez9jdVXVoAIAsh1.jpg","","in","Jl. Sukabumi No.30, Bandung","0","0","0","https://twitter.com/DPRDKotaBandung/status/1386936569337057280","240999774","DPRDKotaBandung"
"1386906663026790400","Tue Apr 27 04:54:50 +0000 2021","0","Diperlukan dukungan dari pengusaha dan tempat kerja melalui kebijakan-kebijakan yang memiliki pengaruh signifikan dalam upaya pemenuhan hak perempuan dan hak anak khususnya pada fase perkembangan awal yang melingkupi pemberian ASI perawatan dan pendidikan awal bagi anak. https://t.co/EKesLeyQkq","1386906663026790400","https://pbs.twimg.com/media/Ez9IKYSUUAEWN_A.jpg","","in","Jakarta Capital Region, Indone","0","1","0","https://twitter.com/IBCWE/status/1386906663026790400","881780643411120128","IBCWE"
"1386892818220666882","Tue Apr 27 03:59:49 +0000 2021","0","#sahabatpauddikmasdiy (27/04/2021) BP PAUD dan Dikmas DIY dan LPMP DIY bersama dengan Dinas Pendidikan Provinsi dan Kab/Kota melaksanakan kegiatan Rapat Kerja untuk menyusun peringkat peserta seleksi Program Sekolah Penggerak dengan mengakomodir kebutuhan dan kebijakan daerah. https://t.co/yuckqRvqjf","1386892818220666882","https://pbs.twimg.com/media/Ez87ghbUYAEmL5q.jpg","","in","Banguntapan,Bantul,Yogyakarta","0","0","0","https://twitter.com/bppauddikmasdiy/status/1386892818220666882","971200326647738369","bppauddikmasdiy"
"1386889612174393348","Tue Apr 27 03:47:05 +0000 2021","1","Dinas Pendidikan Kabupaten Minut mengambil kebijakan dalam satu ruangan hanya boleh terdiri dari lima sampai tujuh orang siswa yang mengikuti ujian akhir sekolah. #publisherstory https://t.co/7Cq4mK4HcK","1386889612174393348","","","in","","0","0","0","https://twitter.com/kumparan/status/1386889612174393348","759692754985242625","kumparan"
"1386848809880367106","Tue Apr 27 01:04:57 +0000 2021","0","belom lagi observasi desain pembelajaran manajemen pendidikan apalagi analisis kebijakan. duh.","1386848809880367106","","","in","Plat B","0","0","0","https://twitter.com/rebahantross/status/1386848809880367106","1175645289044045825","rebahantross"
"1386688808326864900","Mon Apr 26 14:29:09 +0000 2021","0","teringat ucapan dari Prof. Azyumadi Azra pendidikan menyangkut tentang karakter. Bila produk kebijakan pendidikan hanya seputar ekonomi dan bisnis berkuranglah nilai luhur dari pendidikan itu. Dulu berharap banyak dg pak @aniesbaswedan Sayang politik malah mengubah posisinya.","1386688808326864900","","","in","sekitar ibu kota","0","0","0","https://twitter.com/M0_TIF/status/1386688808326864900","292223198","M0_TIF"
"1386583620324794370","Mon Apr 26 07:31:11 +0000 2021","1","Alih-alih menyokong Merdeka Belajar kebijakan pembatasan usia peserta UTBK bagi lulusan Paket C justru mempersempit alumnus Paket C melanjutkan pendidikan di Perguruan Tinggi Negeri. Baca selengkapnya https://t.co/ehek3C1TaW #ubtk #sbmptn https://t.co/wwIoelViFw","1386583620324794370","https://pbs.twimg.com/media/Ez4icQMUcAA46tR.jpg","","in","","0","0","0","https://twitter.com/journoliberta/status/1386583620324794370","855998838","journoliberta"
"1386485179317776384","Mon Apr 26 01:00:01 +0000 2021","0","Kebijakan mengontrak anak asli Lanny Jaya sebagai tenaga guru merupakan gagasan dari Bupati Lanny Jaya Befa Yigibalom yang menginginkan ada peningkatan mutu di dunia pendidikan. Bangga Program Otsus #PapuaIndonesia https://t.co/W9jAkoK0NC","1386485179317776384","https://pbs.twimg.com/media/Ez2qabNXIAEegd_.jpg","","in","","0","0","0","https://twitter.com/dherani122/status/1386485179317776384","1380088483725762562","dherani122"
"1386153006203240450","Sun Apr 25 03:00:04 +0000 2021","0","Terlalu meributkan hal dasar yg tak jelas (agama ideologi dsb) yg sebetulnya di masyarakat baik-baik saja tidak ada keributan dan melupakan hal-hal praktis yang jauh lebih penting dan konkret (vaksin dan vaksinasi kebijakan ekonomi pendidikan dsb).","1386153006203240450","","","in","Yogyakarta, Indonesia","0","0","0","https://twitter.com/akhyaru_thoha/status/1386153006203240450","1262282579102715904","akhyaru_thoha"
"1386139741582630920","Sun Apr 25 02:07:22 +0000 2021","0","semenjak covid orang pada kritis bener sama kebijakan pemerintah mulai dari kesehatan pendidikan PHK THR larangan mudik cuti bersama hilang dll. padahal dulu orang komen soal kebijakan dibilang sok mikirin negara tapi emang kudu kesenggol dulu kepentingannya baru mikir.","1386139741582630920","","","in","Ngarcapada","0","0","1","https://twitter.com/engkyd/status/1386139741582630920","1210803958299578369","engkyd"
"1386107131317735424","Sat Apr 24 23:57:47 +0000 2021","7","Massa aksi membawa spanduk bertuliskan Forum Solidaritas Mahasiswa Papua Maju (FSMPM) menuntut efektivitas Otsus dan kebijakan investasi di Papua. FSMPM Otsus adalah solusi masa depan pendidikan mahasiswa Papua. #OtsusYes_SeparatisNo https://t.co/7kdUdYDoHa","1386107131317735424","https://pbs.twimg.com/media/EzxxE7XVkAcTjxl.jpg","","in","Bantul","0","1","6","https://twitter.com/cacingan21/status/1386107131317735424","1327222304892305410","cacingan21"
"1386096453387374592","Sat Apr 24 23:15:21 +0000 2021","11","#OtsusYes_SeparatisNo https://t.co/TjFapv2ywn Massa aksi membawa spanduk bertuliskan Forum Solidaritas Mahasiswa Papua Maju (FSMPM) menuntut efektivitas Otsus dan kebijakan investasi di Papua. FSMPM Otsus adalah solusi masa depan pendidikan mahasiswa Papua.","1386096453387374592","","","in","Indonesia","3","1","9","https://twitter.com/ManoharaSekar/status/1386096453387374592","1287273887269412866","ManoharaSekar"
"1386053244019908618","Sat Apr 24 20:23:39 +0000 2021","0","Literasi kurang dan pendidikan tidak merata kebijakan di samakan dengan Bacaan dibuku ada2 aja emang konoha","1386053244019908618","","","in","DKI Jakarta, Indonesia","0","0","0","https://twitter.com/RamdaniTrias/status/1386053244019908618","1042618818718097408","RamdaniTrias"
"1385883725989220357","Sat Apr 24 09:10:03 +0000 2021","0","Tamsil Linrung: Centang Perenang Arah Kebijakan Pendidikan https://t.co/gTFDHaq0J8","1385883725989220357","","","in","Jakarta Selatan, DKI Jakarta","0","0","0","https://twitter.com/Suara_Pantau/status/1385883725989220357","3230551903","Suara_Pantau"
"1385867479910551559","Sat Apr 24 08:05:30 +0000 2021","4","Ketua Umum Alumni FK Universitas Cenderawasih mengapresiasi kebijakan Pemprov Papua memberikan beasiswa pendidikan dokter spesialis bagi dokter umum Papua. #PapuanLivesMatter https://t.co/6p5HL0KLJd","1385867479910551559","","","in","West Papua","0","0","0","https://twitter.com/News_jubi/status/1385867479910551559","1023114824","News_jubi"
"1385803915346595845","Sat Apr 24 03:52:55 +0000 2021","6","Pembelajaran Tatap Muka Terbatas dapat mengurangi penurunan kompetensi yang kadang terjadi saat kebijakan Pendidikan Jarak Jauh mau tak mau harus dipakai guna mencegah penularan covid. #Jokowi https://t.co/RGrmgcIdh3","1385803915346595845","https://pbs.twimg.com/media/EztdUK3VcAYxljA.jpg","","in","","0","0","0","https://twitter.com/IndonesiaRahayu/status/1385803915346595845","1305803188138721280","IndonesiaRahayu"
"1385636954390233089","Fri Apr 23 16:49:28 +0000 2021","2","Terima kasih @Dik2Baehaqi Buku ini adl output MK kebijakan pendidikan dan sekalian dokumentasi perjalanan bersejarah bagi mahasiswa @UadPai saat pandemi","1385636954390233089","","","in","","0","0","0","https://twitter.com/FaredSetiawan/status/1385636954390233089","448575726","FaredSetiawan"
"1385594832496644098","Fri Apr 23 14:02:05 +0000 2021","1","#SalamPancasila BPIP melalui Deputi Bidang Pendidikan dan Pelatihan melaksanakan penutupan acara diskusi kelompok terpumpun perumusan kebijakan strategis pembangunan sistem nasional penyelengaraan diklat PIP bagi komponen masyarakat lainya di Bogor Jumat (23/04). #BPIP https://t.co/Biy2EykiaG","1385594832496644098","https://pbs.twimg.com/media/EzqfIewUcAEj4MD.jpg","","in","Jakarta Capital Region","0","1","0","https://twitter.com/BPIPRI/status/1385594832496644098","1120854804719255553","BPIPRI"
"1385582615399333899","Fri Apr 23 13:13:33 +0000 2021","0","ICMI Jabar Gelar Mudzakarah Ramadan Bahas Permasalahan Krusial Kebijakan Pendidikan https://t.co/9MJ8VuqCNd","1385582615399333899","","","in","Jawa Barat, Indonesia","0","0","0","https://twitter.com/jabarekspres/status/1385582615399333899","79973060","jabarekspres"
"1385526147161595907","Fri Apr 23 09:29:09 +0000 2021","0","[ ZONA KRITIS #8: PJJ Udah Setahun Tapi Kok Gini-gini Aja? ] Zona Kritis kali ini membahas keluh kesah PJJ dari pendidikan dasar dan menengah serta pendidikan tinggi. Kebijakan pemerintah mengenai pendidikan pada masa pandemi yang sudah berjalan kurang lebih satu tahun ini https://t.co/BsyEf4Jz2t","1385526147161595907","https://pbs.twimg.com/media/EzpgsArVUAY0pP7.jpg","","in","","0","1","0","https://twitter.com/bem_uny/status/1385526147161595907","1353418603375153153","bem_uny"
"1385438380385726468","Fri Apr 23 03:40:24 +0000 2021","0","[ JENDELA ADVO : PARAGON INTERNSHIP PROGRAM DAN PARAGON INNOVATION FELLOWSHIP ] Halo Sahabat Psikologi! Dalam rangka mengembangkan misi pendidikan Paragon Technology and Innovation menyediakan program yang merespon kebijakan kampus merdeka (1/3) https://t.co/RZCob2VwBa","1385438380385726468","https://pbs.twimg.com/media/EzoQ3TTVEAcNJmN.jpg","","in","Malang, Jawa Timur","0","1","0","https://twitter.com/himapsikoUB/status/1385438380385726468","1097856182805454849","himapsikoUB"
"1385431147157409801","Fri Apr 23 03:11:40 +0000 2021","1","Dan kebijakan Pendidikan akan berubah lagi sesuai dgn Menteri Pengganti nantinya..... So matahari itu panas kl siang tp sejuk dikala pagi","1385431147157409801","","","in","In the Moon","0","1","0","https://twitter.com/moan1974/status/1385431147157409801","741631849244413957","moan1974"
"1385423428040024065","Fri Apr 23 02:40:59 +0000 2021","1","Melalui kebijakan Merdeka Belajar Episode 10 pemerintah menambahkan enam program baru cakupan pemakaian dana abadi pendidikan. #Dikbud #adadikompas https://t.co/lLd7cdUpOr","1385423428040024065","","","in","Palmerah, Jakarta","0","0","1","https://twitter.com/hariankompas/status/1385423428040024065","255866913","hariankompas"
"1385266117350805506","Thu Apr 22 16:15:54 +0000 2021","0","Kekuasaan di dunia Pendidikan. Siapa tidak mau??? Fikiran jernih setidaknya 20% APBN wajib dikelola MENDIKBUD. Banyak cara jitu untuk menggunting dalam lipatan dan bagaimana teknik bertahan agar tetap kuasa dan mapan. Kementerian bukan soal megajar dan mendidik tp kebijakan. https://t.co/IcCtbTmhDL","1385266117350805506","https://pbs.twimg.com/ext_tw_video_thumb/1385266039844261888/pu/img/Y8p1TIKQehI0K4oM.jpg","","in","","0","0","0","https://twitter.com/agusnew15/status/1385266117350805506","1118731091517382656","agusnew15"
"1385164941569626112","Thu Apr 22 09:33:51 +0000 2021","14","Hari Kartini PKS meminta Pemerintah memperhatikan pendidikan kaum perempuan. Negara harus hadir mendukung dengan kebijakan afirmatif untuk mengakselerasi pendidikan bagi kalangan perempuan ~ @netty_heryawan https://t.co/4ZquqKdmLc","1385164941569626112","https://pbs.twimg.com/media/EzkXwd4VkAAPTet.jpg","","in","TB. Simatupang No. 82, Jakarta","0","0","3","https://twitter.com/PKSejahtera/status/1385164941569626112","22365191","PKSejahtera"
"1385121054775910401","Thu Apr 22 06:39:28 +0000 2021","0","pak nadiem makarim klo diganti nnti kebijakan pendidikan di indo bakal ganti lagii:( pls lah selama bbrp tahun belakang ini udah berapa kali coba ganti kebijakan???","1385121054775910401","","","in","she/her","0","0","0","https://twitter.com/molocty/status/1385121054775910401","1168695738190028801","molocty"
"1385112278169624576","Thu Apr 22 06:04:35 +0000 2021","1","Anies: Uji Coba Sekolah di Jakarta Tatap Muka Tetap Berjalan: Anies menegaskan uji coba seperti ini menjadi penting sebagai bahan informasi untuk menyusun strategi dan kebijakan di sektor pendidikan yang terdampak pandemi Covid-19. https://t.co/kIrT4pAVcZ","1385112278169624576","","","in","Indonesia","0","0","0","https://twitter.com/merdekadotcom/status/1385112278169624576","456426648","merdekadotcom"
"1385075827696496640","Thu Apr 22 03:39:45 +0000 2021","0","Buku ini secara khusus membahas tentang redesain LPTK. Di tengah lemahnya lulusan LPTK dan rendahnya mutu dosen semoga buku ini memberikan pencerahan bagi para pendidik praktisi dan pemerhati dunia pendidikan serta pemegang kebijakan pendidikan nasional. https://t.co/fqmU07rlWu","1385075827696496640","","","in","Jakarta, Indonesia","0","0","0","https://twitter.com/didienAZHAR/status/1385075827696496640","194590819","didienAZHAR"
"1385075077146836993","Thu Apr 22 03:36:46 +0000 2021","0","Buku ini secara khusus membahas tentang redesain LPTK. Di tengah lemahnya lulusan LPTK dan rendahnya mutu dosen semoga buku ini memberikan pencerahan bagi para pendidik praktisi dan pemerhati dunia pendidikan serta pemegang kebijakan pendidikan nasional. (3) https://t.co/qxX4bf5wtN","1385075077146836993","https://pbs.twimg.com/media/EzjGb2DUUAA-9TS.jpg","","in","Jl. Tambra Raya No. 23 Jaktim","0","0","0","https://twitter.com/Prenadamedia2/status/1385075077146836993","821897566442786818","Prenadamedia2"
"1385074824976863233","Thu Apr 22 03:35:46 +0000 2021","0","REDESAIN PENDIDIKAN GURU: TEORI KEBIJAKAN DAN PRAKTIK (Dr. Jejen Musfah) Mengajar ceramah dan menjabat tidaklah buruk. Semua itu baik selama tidak mematikan kreativitas dan karya ilmiah sebagai tugas utama seorang pendidik. (1) https://t.co/vv5yBVOCvb","1385074824976863233","https://pbs.twimg.com/media/EzjGLmBVIAAgJtn.jpg","","in","Jl. Tambra Raya No. 23 Jaktim","0","0","0","https://twitter.com/Prenadamedia2/status/1385074824976863233","821897566442786818","Prenadamedia2"
"1385060106010697731","Thu Apr 22 02:37:17 +0000 2021","11","Gaduh di lingkungan Kemendikbud dinilai banyak pihak sdh berlebihan. Gaduhnya berkaitan dg fundamental kebangsaan. Ngeri membayangkan jika pengelolaan kebijakan Pendidikan Nasional dikelola oleh org yg ceroboh. Ingat ya!!!! Dlm dunia nyata tak berlaku lho prinsip undo dan redo.","1385060106010697731","","","in","","0","0","0","https://twitter.com/saidi_sudarsono/status/1385060106010697731","1372686617471688705","saidi_sudarsono"
"1385053197287321600","Thu Apr 22 02:09:49 +0000 2021","1","#SobatLPMPBanten @Kemdikbud_RI telah mendorong banyak program melalui kebijakan Merdeka Belajar di episode ke-10 akan ada peluncuran Perluasan program Lembaga Pengelola Dana Pendidikan (LPDP). Saksikan hari ini pukul 16.00 di kanal YouTube Kemendikbud RI https://t.co/XM5GT9Zl7a https://t.co/SEkf9HUrgN","1385053197287321600","https://pbs.twimg.com/media/EziuQecVIAMiL5c.jpg","","in","Banten, Indonesia","0","0","0","https://twitter.com/bpmpprovbanten/status/1385053197287321600","1088270024874151936","bpmpprovbanten"
"1384953210197225474","Wed Apr 21 19:32:31 +0000 2021","0","Daripada HP dihancurin. Mending dikasihkan orang yang membutuhkannya. Kebijakan yang tidak bijak. HP tidak bersalah yang salah orangnya. Ibarat kata pendidikan jelek HP yang dihancurin. https://t.co/ICPhgJda12","1384953210197225474","https://pbs.twimg.com/ext_tw_video_thumb/1384948278467256323/pu/img/v4oTQ-9x6TDsLHs7.jpg","","in","Klaten, Jawa Tengah","0","0","0","https://twitter.com/YudiAbdulRohim1/status/1384953210197225474","1322652627000156161","YudiAbdulRohim1"
"1384882927314608131","Wed Apr 21 14:53:14 +0000 2021","0","Hi moots aku mau tanya tanya ngga berhadiah ‍️ Hmm sekiranya kalian bisa kasih usul untuk sistem pendidikan indonesia nih apa ada hal atau kebijakan yang ingin diubah atau ditambahkan?? Masalah yang paling sering dihadapi para pelajar itu seperti apa sih?","1384882927314608131","","","in","she/her","0","3","0","https://twitter.com/hobakenthu/status/1384882927314608131","1262149072955117568","hobakenthu"
"1384851014067625984","Wed Apr 21 12:46:25 +0000 2021","0"," Kita agendakan untuk ini ya untuk meminta penjelasan terkait dengan ini. Karena ini kontroversi yang kesekian. Ini kebijakan pendidikan yang menuai kontroversi imbuhnya. https://t.co/0oJdjfdKKZ https://t.co/liYEv1BjuS","1384851014067625984","https://pbs.twimg.com/media/Ezf6oKDVcAEvDBa.jpg","","in","Indonesia. ","0","1","0","https://twitter.com/ErickConstant14/status/1384851014067625984","971173884916523008","ErickConstant14"
"1384822435552235520","Wed Apr 21 10:52:52 +0000 2021","0","Kebijakan Mas Nadim bagi w sangat bagus. Salasatunya adalah program guru penggerak. Bagi w ini menjadi landasan perubahan pendidikan di indonesia. Perlahan nantinya mengubah mindset guru kemudian peserta didik itu sendiri. Maju.","1384822435552235520","","","in","Indonesia","0","0","0","https://twitter.com/WqinOharaa/status/1384822435552235520","1115115507433107462","WqinOharaa"
"1384813853767176195","Wed Apr 21 10:18:45 +0000 2021","0","REDESAIN PENDIDIKAN GURU: TEORI KEBIJAKAN DAN PRAKTIK https://t.co/fqmU07rlWu","1384813853767176195","","","in","Jakarta, Indonesia","0","0","0","https://twitter.com/didienAZHAR/status/1384813853767176195","194590819","didienAZHAR"
"1384751947274539009","Wed Apr 21 06:12:46 +0000 2021","4","pendidikan indonesia masih susah maju karna menteri gonta ganti kebijakan otomatis gonta ganti. tiap menteri kayak mentingin ego politiknya dengan selalu ngasih gebrakan kebijakan baru. padahal jatuhnya gajetot gatot gak jelas total gagal total.","1384751947274539009","","","in","","0","2","1","https://twitter.com/daifuccu/status/1384751947274539009","308934988","daifuccu"
"1384709145958309889","Wed Apr 21 03:22:41 +0000 2021","0","kaget ngeliat trending topik pagi ini. Sekolah Dihapus kirain ada kebijakan baru klo sekolah bakal dihapus. ternyata itu jawaban lugu dari anak kecil yg diwawancarai seorg content creator. miris.. itu jadi PR buat semua pihak di bidang Pendidikan klo menurutku.","1384709145958309889","","","in","Salatiga, Jawa Tengah","0","0","0","https://twitter.com/KusumaTyping/status/1384709145958309889","2957620963","KusumaTyping"
"1384681059590180869","Wed Apr 21 01:31:05 +0000 2021","13","Pengen deh jadi menteri pendidikan... Terus buat kebijakan dan anak-anak bisa menempuh sekolah dengan tenang nyaman dan gembira sch!","1384681059590180869","","","in","Paid Promote/ Partnership 👇🏻","1","9","0","https://twitter.com/schfess/status/1384681059590180869","1201673806156161025","schfess"
"1384661517979643910","Wed Apr 21 00:13:26 +0000 2021","0","Topik Diskusi Pagi ini: Menyoroti Kebijakan Dihilangkannya Peran Pengawas Sekolah: Apa plus minus dan Implikasinya? Berikut pendapat Sekretaris Jenderal Federasi Serikat Guru Indonesia (FSGI) Heru Purnomo #NOW #LIVE #TOPIK #pendidikan #sekolah #pengawassekolahdihilangkan","1384661517979643910","","","in","Semarang, Jawa Tengah","0","0","0","https://twitter.com/RadioIdolaSMG/status/1384661517979643910","385894867","RadioIdolaSMG"
"1384642932758749187","Tue Apr 20 22:59:35 +0000 2021","2","Nah iki yg benar. Yg pernah bersinggungan dg Kemendikbud pasti paham banyak proyek dan kebijakan yg semata kejar target anggaran. Fulus mulus istilah @iwanpiliang7 haha Soal Pendidikan di RI ini dr memang parah soal duit. Sejak dulu @savicali https://t.co/ce8tjRqW8K","1384642932758749187","","","in","Kota Surabaya, Jawa Timur","1","0","0","https://twitter.com/ferrykoto/status/1384642932758749187","24893875","ferrykoto"
"1384478284558200836","Tue Apr 20 12:05:20 +0000 2021","5","BERLOMBA__ Menutup wajah Islam dalam beragam kebijakan. Apakah Islam dalam kontrol untuk DIMUSNAHKAN..??? - Ulama Dizolimi - Ruang Komunikasi dipersempit - Tempat Ibadah dikunci - Pendidikan agama dihilangkan - Sejarah Islam dihapus","1384478284558200836","","","in","","0","0","4","https://twitter.com/umaralims/status/1384478284558200836","159430790","umaralims"
"1384417889432707073","Tue Apr 20 08:05:20 +0000 2021","1","Tak dapat dipungkiri pandemi covid-19 menyulut perubahan di berbagai sektor kehidupan. Salah satunya adalah pendidikan. Kebijakan pembelajaran daring yang dikeluarkan pemerintah nyatanya tidak seefektif yang dibayangkan.","1384417889432707073","","","in","Indonesia","0","1","0","https://twitter.com/revmen_id/status/1384417889432707073","3680646260","revmen_id"
"1384406693530914821","Tue Apr 20 07:20:51 +0000 2021","0","Kemendikbud selalu melakukan refleksi pada sejarah dan tokoh yang ikut membangun bangsa termasuk Hadratus Syech Hasyim Asy ari dalam mengambil kebijakan di bidang pendidikan dan kebudayaan. https://t.co/qrO1419Bqp","1384406693530914821","","","in","DKI Jakarta, Indonesia","0","0","0","https://twitter.com/voidotid/status/1384406693530914821","1186946650595418116","voidotid"
"1384149407906467860","Mon Apr 19 14:18:29 +0000 2021","3","Dengan Adanya KIP Kuliah dan Bidikmisi diharapkan anak Indonesia mampu untuk berprestasi mengembangkan potensi dirinya melalui dunia pendidikan. Namun kebijakan ini menimbulkan kesenjangan sosial. KeadilanKipKuliahMerdeka #KipBidikMisiMenggugat #kipbidikmisi #KipKuliahMerdeka","1384149407906467860","","","in","","0","0","1","https://twitter.com/SintaNurF3/status/1384149407906467860","1382390600650006531","SintaNurF3"
"1384145566792175627","Mon Apr 19 14:03:13 +0000 2021","3","Karena di dunia pendidikan ini yg di butuhkan adalah niat baik pemerintah untuk menolong mereka mereka yg tidak mampu. dan Melebarkan Peluanf Yg seluas luasnya Dari pada #kipkuliahmerdeka hanya di peruntukan untuk 2021. Bukankah. justru dengan kebijakan itu dapar menimbulkan","1384145566792175627","","","in","","0","0","2","https://twitter.com/Whyiswhatis/status/1384145566792175627","1383058235414913024","Whyiswhatis"
"1383977939193139215","Mon Apr 19 02:57:08 +0000 2021","0","Kesian bener di negara ini org yg menempuh pendidikan dgn jerih payah malah jd sasaran ketidakbecusan pemangku kebijakan dalam mengolah sistem pendidikan.","1383977939193139215","","","in","Bandung","0","0","0","https://twitter.com/MRAbdullah_13/status/1383977939193139215","752811253","MRAbdullah_13"
"1383938942639099909","Mon Apr 19 00:22:10 +0000 2021","0","Reposted from @kementerian.atrbpn Pernah mendengar istilah Merdeka Belajar-Kampus Merdeka? Iya program ini merupakan kebijakan Menteri Pendidikan dan Kebudayaan... Berita selengkapnya kunjungi https://t.co/15kV9Xgwcr https://t.co/EwFraBcHef https://t.co/ZW4gGMnSS1","1383938942639099909","https://pbs.twimg.com/media/EzS9HrUVcAE6H5p.jpg","","in","Makale, Indonesia","0","0","0","https://twitter.com/kantahkabtator/status/1383938942639099909","1235076319710310401","kantahkabtator"
"1383930664689430531","Sun Apr 18 23:49:17 +0000 2021","13","Pengambil kebijakan sangat penting memahami pendidikan dan karekter bangsa ini... Opini Kedaulatan Rakyat Senin 19 April 2021... semoga bermanfaat... https://t.co/J7Ojx5icso","1383930664689430531","https://pbs.twimg.com/media/EzS1mirVkAMMA5C.jpg","","in","Yogyakarta","0","0","1","https://twitter.com/arifjamalimuis/status/1383930664689430531","315639357","arifjamalimuis"
"1383788832684867587","Sun Apr 18 14:25:41 +0000 2021","213","Rezim apa ini.....! Mentri Yg semestinya dia lebih berhak memperjuangkan pendidikan di negri malah bingung dengan kebijakan pendidikan yang dia sendiri tidak mengetahui'nya.. Kan vangke https://t.co/XiykClSSJZ","1383788832684867587","https://pbs.twimg.com/media/EzQ0m-4VIAIzsyq.jpg","","in","","5","22","58","https://twitter.com/Android_AK_47/status/1383788832684867587","1310802353310765056","Android_AK_47"
"1383716770469478404","Sun Apr 18 09:39:20 +0000 2021","2","Sebenernya indonesia ini krisis moral pendidikan.. Dan yg sebagai pemimpin tau apa pura2 tdk tau.. Di bilang boneka pedukungnya marah besar tp byk kebijakan yg tdk pro rakyat","1383716770469478404","","","in","Casablanca, Grand Casablanca","0","0","1","https://twitter.com/Opang_binares/status/1383716770469478404","1251448376744280064","Opang_binares"
"1383669308929167363","Sun Apr 18 06:30:45 +0000 2021","0","#Repost @kementerian.atrbpn --- Pernah mendengar istilah Merdeka Belajar-Kampus Merdeka? Iya program ini merupakan kebijakan Menteri Pendidikan dan Kebudayaan yang bertujuan mendorong mahasiswa untuk menguasai berbagai keilmuan yang berguna untuk memasuki dunia kerja. ... https://t.co/cVRHqwMFNg","1383669308929167363","https://pbs.twimg.com/media/EzPH5VmUYAIyWSx.jpg","","in","South Borneo, Indonesia","0","1","0","https://twitter.com/kanwilbpnkalsel/status/1383669308929167363","970833351501217793","kanwilbpnkalsel"
"1383633788241006594","Sun Apr 18 04:09:36 +0000 2021","6","Presiden @jokowi menerbitkan aturan baru yang tak lagi mencantumkan Pancasila dan Bahasa Indonesia dalam Standar Nasional Pendidikan. Bagaimana MPR melihat kebijakan ini? TALK! bersama Wakil Ketua MPR RI Hidayat Nur Wahid https://t.co/eIgNitQm2u","1383633788241006594","https://pbs.twimg.com/media/EzOnlkxVgBA4QBW.jpg","","in","","0","5","3","https://twitter.com/RadioElshinta/status/1383633788241006594","121640063","RadioElshinta"
"1383632005179449345","Sun Apr 18 04:02:31 +0000 2021","0","Aparatur negara yg terlibat dalam kebijakan penyusunan kebijakan di bidang pendidikan seharusnya punya pandangan yg sama tentang pentingnya Pancasila sbg ideologi negara untuk diajarkan kepada generasi bangsa. #agentoleransi #bpip #kemendikbud #pancasila https://t.co/iHsWroewUR","1383632005179449345","","","in","Jakarta Selatan","0","0","0","https://twitter.com/YukToleran/status/1383632005179449345","2584924543","YukToleran"
"1383535582291259398","Sat Apr 17 21:39:22 +0000 2021","0","Kasian nadiem harus ada di lingkaran birokrasi parpol yang kejam dimana setiap kebijakan dan terobosannya nya pasti tersandung sistem kejam orang orang partai. Gimana mau maju pendidikan negeri ini ? Semoga nadiem tabah dan kita terus bisa mengawasi nya.","1383535582291259398","","","in","Indonesia","0","0","0","https://twitter.com/pemilikmekdi/status/1383535582291259398","1231819777263337473","pemilikmekdi"
"1383383894934786050","Sat Apr 17 11:36:37 +0000 2021","0","Moga saja tidak hei pendidikan kita ga bakal maju kalo gonta-ganti kebijakan yg pusing bukan hanya murid tapi juga guru yg harus menyesuaikan metode pembelajaran dengan kurikulum pendidikan yg dibuat pemerintah.","1383383894934786050","","","in","","0","1","0","https://twitter.com/asalbahagiaaaa/status/1383383894934786050","1152481252160573440","asalbahagiaaaa"
"1383198292738244612","Fri Apr 16 23:19:06 +0000 2021","0","Serius nanya bukan julid. Karena gw gak terlalu ngikutin isu pendidikan. Kebijakan bagusnya Mas Nadiem ini apa aja sih? Selain UN dihapus ya.","1383198292738244612","","","in","Bukan sulap bukan she/her","0","1","0","https://twitter.com/spellinajar/status/1383198292738244612","155129702","spellinajar"
"1383022364338753538","Fri Apr 16 11:40:01 +0000 2021","3","Pernah mendengar istilah Merdeka Belajar-Kampus Merdeka? Iya program ini merupakan kebijakan Menteri Pendidikan dan Kebudayaan yang bertujuan mendorong mahasiswa untuk menguasai berbagai keilmuan yang berguna untuk memasuki dunia kerja. https://t.co/jEvG3jM65M https://t.co/yKQnhnqABI","1383022364338753538","https://pbs.twimg.com/media/EzF7fmDVoAEynER.jpg","","in","Sragen, Jawa Tengah","0","0","1","https://twitter.com/kantahkabsragen/status/1383022364338753538","969411275393400834","kantahkabsragen"
"1382986290870710280","Fri Apr 16 09:16:41 +0000 2021","4","Terima kasih kepada Bapak Ir. Totok Suprayitno Ph.D yang telah menjadi sosok yang menginspirasi bagi Direktorat Sekolah Dasar dan selamat dengan jabatan baru sebagai Analis Kebijakan Ahli Utama. Semoga tetap memberikan yang terbaik untuk kemajuan pendidikan di Indonesia https://t.co/O4knqA8hGd","1382986290870710280","https://pbs.twimg.com/media/EzFasfHVcAAbLz-.jpg","","in","","0","0","0","https://twitter.com/ditpsd_dikbud/status/1382986290870710280","1087249529303224320","ditpsd_dikbud"
"1382980834941050880","Fri Apr 16 08:55:00 +0000 2021","3","hii aku mau utbk besok dan aku masi punya prem EDUKUN sampe tgl 25. bismillah aku mau kasih ini ke temen temen. Doain aku masuk ptn! UNY pil 1 tek. pendidikan pil 2 kebijakan pendidikan. semangat kalian!! ️ https://t.co/jM4fqayQoz","1382980834941050880","https://pbs.twimg.com/media/EzFUpfRUcAE1-Oi.jpg","","in","","0","4","0","https://twitter.com/utbkfess/status/1382980834941050880","1241016981865693186","utbkfess"
"1382949737452605441","Fri Apr 16 06:51:26 +0000 2021","8","Kampus Merdeka merupakan kebijakan Menteri Pendidikan dan Kebudayaan yang bertujuan mendorong mahasiswa untuk menguasai berbagai keilmuan yg berguna untuk memasuki dunia kerja. BPIU2K Karangasem telah menerima peserta PKL dg program tersebut denga durasi magang selama 6 bulan. https://t.co/ahUCGcPNWL","1382949737452605441","https://pbs.twimg.com/media/EzE5VYgVEAM1N0l.jpg","","in","Karangasem, Bali","0","0","4","https://twitter.com/BPIU2K_K/status/1382949737452605441","759964170972336128","BPIU2K_K"
"1382946511504363521","Fri Apr 16 06:38:36 +0000 2021","0","Dinas Pendidikan DKI Jakarta Didesak Segera Terbitkan Kebijakan PPDB 2021: Politikus Golkar itu menuturkan kesalahan Dinas Pendidikan pada PPDB 2020 adalah implementasi Peraturan Menteri Pendidikan dan Kebudayaan (Permendikbud). Sebab menurutnya jika https://t.co/aNXrwtzG0i","1382946511504363521","","","in","Indonesia","0","0","0","https://twitter.com/merdekadotcom/status/1382946511504363521","456426648","merdekadotcom"
"1382923296597942276","Fri Apr 16 05:06:22 +0000 2021","1","Di tengah situasi ekonomi rakyat melemah akibat pendemi seharusnya ada semangat besar negara' dalam merumuskan soal kebijakan pendidikan yg mempermudah rakyat. Di satu sisi Dian Sastro relain biayain mereka dengan tabungan pribadi dan itu hebat!! Negara kemana bos??","1382923296597942276","","","in","Makassar, Indonesia","1","0","0","https://twitter.com/haerullmuhamma1/status/1382923296597942276","1034650075249561600","haerullmuhamma1"
"1382870753465421826","Fri Apr 16 01:37:34 +0000 2021","0","Salah dong! Anggaran pendidikan sebagian besar ditransfer. Ok lah kebijakan MM mungkin bagus ditataran konsep tp pas pelaksanaan ambyar internal ga ada yg bisa jelasin karena itu semua datangnya dari SKM hihihi ","1382870753465421826","","","in","","0","2","0","https://twitter.com/imajikataa/status/1382870753465421826","76902259","imajikataa"
"1382844380285833219","Thu Apr 15 23:52:46 +0000 2021","5","Keberpihakannya sangat jelas dan merelakan uang tabungannya disaat pandemi dan pendapatan tak menentu. Negara sj tak bisa mengeluarkan kebijakan peringanan biaya pendidikan disaat pandemi Covid19. Gimana klu @therealDiSastr kita usulkan jadi mendikbud? Hayo siapa yg setuju","1382844380285833219","","","in","jakarta","0","0","1","https://twitter.com/Muhammadasrul91/status/1382844380285833219","1230773938986221569","Muhammadasrul91"
"1382759177131462656","Thu Apr 15 18:14:12 +0000 2021","0","#Serikat Guru Yaman#Milisi Houthi#Kurikulum Sekolah#Tumbuhkan#Sikap Permusuhan! Mereka menuduh Teheran menggunakan sistem pendidikan untuk mengejar kebijakan budaya kolonialisme . https://t.co/ohQjIZawC5","1382759177131462656","","","in","Aceh","0","0","0","https://twitter.com/serambinews/status/1382759177131462656","64635651","serambinews"
"1382701504168140800","Thu Apr 15 14:25:02 +0000 2021","0","Beasiswa Afirmasi Pendidikan Tinggi yang selanjutnya disebut Beasiswa ADik adalah salah satu intervensi kebijakan pendidikan yang bersifat afirmasi dalam bentuk Bantuan Pemerintah untuk memberikan kesempatan belajar kepada mahasiswa karena kondisi dan keberadaanya sehingga..","1382701504168140800","","","in","","0","1","0","https://twitter.com/deskpapua_ri/status/1382701504168140800","1338402083175714816","deskpapua_ri"
"1382662263237083136","Thu Apr 15 11:49:06 +0000 2021","5","Pengamat Pendidikan Itje Chodidjah mengaku kebijakan yang dikeluarkan Mendikbud Nadiem Makarim sudah tepat untuk tata kelola pendidikan nasional. https://t.co/7MJvBBEvbJ","1382662263237083136","","","in","Jakarta","1","0","0","https://twitter.com/kompascom/status/1382662263237083136","23343960","kompascom"
"1382553375586197507","Thu Apr 15 04:36:25 +0000 2021","2"," Diharapkan esensinya melahirkan kebijakan yang lebih produktif bagi dunia pendidikan dan riset serta terutama sumber daya manusia yang berkualitas. Jangan terbalik (Anwar Hafid dari @FPD_DPR) @anwarhafid14 #Kemendikbud #Demokrat https://t.co/ztVI9OaD4n","1382553375586197507","https://pbs.twimg.com/media/Ey_Q9agVEAIoDRE.jpg","","in","","0","0","1","https://twitter.com/Demokrat_TV/status/1382553375586197507","284830933","Demokrat_TV"
"1382544490590662659","Thu Apr 15 04:01:07 +0000 2021","62","Menteri itu semuanya dipilih oleh Presiden Joko Widodo. Semoga Masmen @nadiemmakarim ketika diberi amanah memimpin Kemendikbud-Ristek tetap berani dan percaya diri dalam membuat sebuah kebijakan ataupun gebrakan. Malaysia aja bangga dengan Menteri Pendidikan Indonesia 🇮🇩 https://t.co/on23ePWNh1","1382544490590662659","https://pbs.twimg.com/media/Ey_I4flVcAI4xf3.jpg","","in","Indonesia","2","3","30","https://twitter.com/PakarINTELek/status/1382544490590662659","194582998","PakarINTELek"
"1382458056668188673","Wed Apr 14 22:17:40 +0000 2021","2","Ini tuhnya masyarakat masalahin dia gara2 skb 3 menteri. Padahal dia ngasih gebrakan baru di pendidikan itu seabrek asessmen nasional rpp + assessment 1 hal laporan dan dana bos dipermudah pemangkasan kebijakan buat oknum2 yg mintain uang. He do a lot better","1382458056668188673","","","in","","1","2","0","https://twitter.com/ssssssrgrace49/status/1382458056668188673","105040962","ssssssrgrace49"
"1382248963798016003","Wed Apr 14 08:26:48 +0000 2021","22","Anggota Komisi X DPR RI Andreas Hugo Pareira menilai tepat kebijakan pemerintah melebur fungsi Kementerian Riset dan Teknologi (Kemenristek) ke dalam Kementerian Pendidikan dan Kebudayaan (Kemendikbud). #PDIPerjuangan #SolidBergerak https://t.co/E1pRLdh9VW","1382248963798016003","https://pbs.twimg.com/media/Ey68GF-UYAEuG7f.jpg","","in","Indonesia","0","1","3","https://twitter.com/PDI_Perjuangan/status/1382248963798016003","153407983","PDI_Perjuangan"
"1382242229196967940","Wed Apr 14 08:00:02 +0000 2021","2","Sehabis wawancara dgn Ayahanda Iryasman praktisi pendidikan Kemendikbud RI. Dalam wawancara beliau mengafirmasi bhw kebijakan tersebut mau bagaimanapun merupakan buah pikir dari satu konsep besar liberalisasi ekonomi. Beliau sudah tidak muda namun ttp konsisten jadi aktivis.","1382242229196967940","","","in","Indonesia","0","2","0","https://twitter.com/Menuaibadai/status/1382242229196967940","348897614","Menuaibadai"
"1382227543584088064","Wed Apr 14 07:01:41 +0000 2021","0","Pemerintah terus berfokus pada kebijakan strategis dalam mengoptimalkan APBN 2021 termasuk dalam Program Pemulihan Ekonomi Nasional (PEN) 2021 di sektor pendidikan kesehatan ","1382227543584088064","","","in","Banda Aceh, Indonesia","0","0","0","https://twitter.com/kppnbandaaceh/status/1382227543584088064","1372455913857064963","kppnbandaaceh"
"1382190145173032963","Wed Apr 14 04:33:05 +0000 2021","0","Komnas HAM Minta Kemendikbud Pastikan HAM Jadi Standar Pendidikan di Indonesia: Komnas HAM menerima pengaduan dengan dua jenis tipologi. Salah satunya berhubungan dengan mahasiswa yang mengadukan kebijakan-kebijakan tertentu kemudian berujung intervensi https://t.co/A379YA1Vav","1382190145173032963","","","in","Indonesia","0","0","0","https://twitter.com/merdekadotcom/status/1382190145173032963","456426648","merdekadotcom"
"1381972248001572869","Tue Apr 13 14:07:14 +0000 2021","1","[MERDEKA BELAJAR KAMPUS MERDEKA] Salam perjuangan mahasiswa Teknik Kimia! Merdeka Belajar-Kampus Merdeka merupakan salah satu kebijakan dari Menteri Pendidikan dan Kebudayaan. https://t.co/8zmUMzM1AF","1381972248001572869","https://pbs.twimg.com/media/Ey3AZSFUYAkn0xo.jpg","","in","Semarang, Indonesia","0","1","0","https://twitter.com/HMTKundip/status/1381972248001572869","246126936","HMTKundip"
"1381923935378309120","Tue Apr 13 10:55:15 +0000 2021","0","Ada aja orang protes dengan pembubaran kemenristek digabung ke Kemendikbud padahal langkah ini udah cukup bagus biar pendidikan punya arah tujuan yang jelas dan langsung bisa eksekusi kebijakan dibidang pengembangan riset sama teknologinya nanti","1381923935378309120","","","in","Indonesia ","0","1","0","https://twitter.com/eginezarrafi/status/1381923935378309120","335775232","eginezarrafi"
"1381893679778963456","Tue Apr 13 08:55:02 +0000 2021","1","5.Selanjutnya bagaimana dengan kebijakan terkait Pendidikan mulai dari pendidikan dasar hingga Pendidikan tinggi untuk muslim #UIGHUR ? #UighurGenocide","1381893679778963456","","","in","INDONESIA","0","0","1","https://twitter.com/Muzzammil_Yusuf/status/1381893679778963456","1374233646","Muzzammil_Yusuf"
"1381851727272419329","Tue Apr 13 06:08:20 +0000 2021","2","sch! bantu kasih saran dong mending ngambil pendidikan matematika atau coba ke STAN? ・・・ Trivia: pada masa reformasi kebijakan penayangan wajib G 30 S/PKI dihapus","1381851727272419329","","","in","Paid Promote/ Partnership 👇🏻","0","8","0","https://twitter.com/schfess/status/1381851727272419329","1201673806156161025","schfess"
"1381829636032630784","Tue Apr 13 04:40:33 +0000 2021","10"," Dengan digabungkannya kemendikbud-ristek maka praktis perumusan kebijakan dan koordinasi ristek akan semakin tenggelam oleh persoalan pendidikan dan kebudayaan yang sudah segunung. ungkap Aleg PKS Mulyanto @pakmul63 https://t.co/brOam7dTh7","1381829636032630784","","","in","TB. Simatupang No. 82, Jakarta","0","0","3","https://twitter.com/PKSejahtera/status/1381829636032630784","22365191","PKSejahtera"
"1381558629262708736","Mon Apr 12 10:43:39 +0000 2021","2","Penggabungan Kementerian Pendidikan dan Kebudayaan dengan Kementerian Riset dan Teknologi diharapkan dapat tetap memastikan tata kelola kebijakan pendidikan &amp; riset berjalan optimal dalam format yang baru @yanuarnugroho @hariankompas https://t.co/okE7Dd4X12","1381558629262708736","","","in","Indonesia","0","0","0","https://twitter.com/icipg/status/1381558629262708736","160819467","icipg"
"1381543266546458624","Mon Apr 12 09:42:37 +0000 2021","2","#SahabatPembangunan Pusbindiklatren menggelar Rapat Koordinasi Kebijakan dan Perencanaan Pelaksanaan Program Pendidikan dan Pelatihan Tahun Anggaran 2021. Kegiatan berlangsung secara daring 7 April 2021 lalu. #RakorProdi2021 #pusbindiklatren #bappenas https://t.co/JRqPqvTXTV","1381543266546458624","https://pbs.twimg.com/media/Eyw6Q6sVEA0Autv.jpg","","in","Jakarta","0","0","0","https://twitter.com/pusbindiklatren/status/1381543266546458624","2406013602","pusbindiklatren"
"1381472051920134144","Mon Apr 12 04:59:38 +0000 2021","0","Hari senin tuh padet banget 8sks 7.30 - 12.30 (sejarah kolonial dan belajar pembelajaran) 14.40-16.20 (analisis kebijakan pendidikan)","1381472051920134144","","","in","kim jongdae, oh sehun, tiffany","0","0","0","https://twitter.com/Archiekin1/status/1381472051920134144","1369652863463395329","Archiekin1"
"1381412795070078976","Mon Apr 12 01:04:10 +0000 2021","3","Mas Menteri Nadiem mengurus pemerataan sekolah dan kualitas sekolah sbg bagian dukungan kebijakan zonasi ndak jelas arahnya. Apalagi ditambah peta jalan riset nasional. makin ndak karuan nanti. Pendidikan untuk cobba2 ya wassalam https://t.co/6b3lDhkBB1","1381412795070078976","","","in","Kota Surabaya, Jawa Timur","0","4","1","https://twitter.com/ferrykoto/status/1381412795070078976","24893875","ferrykoto"
"1381223064885583878","Sun Apr 11 12:30:15 +0000 2021","1","Dampak paling gede dari pandemi salah satunya kualitas pendidikan. Sekarang Kemenristek dilebur Kemendikbud. Ngeri bener makin beratlah itu bikin kebijakan... Gak kebayang efeknya ke riset dan kualitas anak-anak ke depan. We're talking what will happen for several years ahead.","1381223064885583878","","","in","Indonesia","0","1","1","https://twitter.com/rickqman/status/1381223064885583878","337191038","rickqman"
"1381188219073568769","Sun Apr 11 10:11:47 +0000 2021","0","Bagaimana kompetensi sains kita akan meningkat jika kebijakan riset dan pendidikan kita dibiarkan tambal sulam tak punya arah semacam itu? #userstory https://t.co/dBlqRu6F4x","1381188219073568769","","","in","","0","0","0","https://twitter.com/N4G707/status/1381188219073568769","53446207","N4G707"
"1381187788796649476","Sun Apr 11 10:10:04 +0000 2021","0","Bagaimana kompetensi sains kita akan meningkat jika kebijakan riset dan pendidikan kita dibiarkan tambal sulam tak punya arah semacam itu? #userstory https://t.co/NEFHuE0Mk5","1381187788796649476","","","in","","0","0","1","https://twitter.com/kumparan/status/1381187788796649476","759692754985242625","kumparan"
"1381151791551819777","Sun Apr 11 07:47:02 +0000 2021","38","Banyak manfaat dan fasilitas diberikan Kerajaan Arab Saudi seperti kebijakan Raja Salman yang manjakan dunia pendidikan dan rakyatnya. Berikut ini di antaranya. https://t.co/zt6Jsza1G6","1381151791551819777","","","in","Saudi Arabia","0","1","9","https://twitter.com/saudinesia/status/1381151791551819777","932704213901160448","saudinesia"
"1381026708699054081","Sat Apr 10 23:30:00 +0000 2021","9","Kini dunia pendidikan rawan dengan paham radikalisme. diperlukan kebijakan tegas untuk memberantas benih2 radikalisme. Tetunya selain guru dan siswa orang tua juga berperan penting untuk memberikan edukasi terkait paham radikalisme. #UtopiaHaluKhilafahisme https://t.co/7ieHxREOaw","1381026708699054081","https://pbs.twimg.com/media/Eyn9qkfVIAIgFtj.jpg","","in","","0","1","9","https://twitter.com/cacawijaya_/status/1381026708699054081","1313731477050331137","cacawijaya_"
"1380871441835458563","Sat Apr 10 13:13:01 +0000 2021","0","Lumayan ngeri kebijakannya....Alhamdulillah di Indonesia sbg negara demokratis. Akan tetapi maaf tidak ada salahnya kebijakan kementerian pendidikan kita juga perlu dievaluasi besar. Akankah kena reshuffle oleh Bapak Presiden @jokowi....?. Semoga pendidikan kita baik2 saja....","1380871441835458563","","","in","Jakarta-Yogyakarta-Solo","0","0","0","https://twitter.com/Mas_Say_Fh/status/1380871441835458563","527330536","Mas_Say_Fh"
"1380870330151890944","Sat Apr 10 13:08:36 +0000 2021","20","Kim Jong-Un Hukum Mati Menterinya Akibat Gagal Lakukan Pendidikan Jarak Jauh dan Mengeluh Kelelahan https://t.co/onc5Jy77xr OGD melakukan investigasi karena pihak komisi gagal menunjukkan peningkatan dan adanya beberapa kritikan terhadap kebijakan pemerintah ","1380870330151890944","","","in","Kampung Rakyat, Indonesia","1","5","3","https://twitter.com/bangZhack86/status/1380870330151890944","1359792684735500290","bangZhack86"
"1380822418084651011","Sat Apr 10 09:58:13 +0000 2021","7","Sebagian besar guru dan pembuat kebijakan pendidikan kita mengalami apa yg disebut gagap sosiologis . Mereka cenderung melihat kegagalan murid sebagai persoalan psikologi dan perilaku seperti malas belajar kurang motivasi dan sebagainya. https://t.co/YYXJfYmjjO","1380822418084651011","https://pbs.twimg.com/media/EymqpO7U4AAXEAO.jpg","","in","","0","1","4","https://twitter.com/sihalohoisme/status/1380822418084651011","773193366","sihalohoisme"
"1380812555661139971","Sat Apr 10 09:19:02 +0000 2021","2","Wakil Ketua DPD RI Sultan B Najamudin menanggapi kebijakan pemerintah melebur Kemenristek ke dalam Kementerian Pendidikan dan Kebudayaan (Kemendikbud). #DPDRI https://t.co/PzZFIc8Kl6","1380812555661139971","","","in","Indonesia","0","0","0","https://twitter.com/jpnncom/status/1380812555661139971","79130206","jpnncom"
"1380791181064372226","Sat Apr 10 07:54:06 +0000 2021","23","Aleg PKS Mulyanto @pakmul63 mengkritisi penggabungan Kemendikbud-Kemenristek. Kebijakan dan koordinasi ristek akan semakin tenggelam oleh persoalan pendidikan dan kebudayaan yang sudah segunung. ungkapnya. https://t.co/iYyN6IJ7Rh","1380791181064372226","","","in","TB. Simatupang No. 82, Jakarta","0","2","5","https://twitter.com/PKSejahtera/status/1380791181064372226","22365191","PKSejahtera"
"1380741177649950720","Sat Apr 10 04:35:24 +0000 2021","5","Dewan Pendidikan Nasional yang jelas2 amanat UU Sisdiknas ( UU 20/2003) hampir 20 tahun tak ada juntrungannya. Baik era @SBYudhoyono dan @jokowi sama2 tidak diurus. Sementara kebijakan tambal sulam dlm organisasi Dikbud RISTEK DIKTI yg tak ada amanatnya malah dikerjakan","1380741177649950720","","","in","Kota Surabaya, Jawa Timur","1","1","3","https://twitter.com/ferrykoto/status/1380741177649950720","24893875","ferrykoto"
"1380673018599337989","Sat Apr 10 00:04:33 +0000 2021","0","Semestinya kebijakan kontraterorisme seperti analisis ketimpangan struktur sosial yang mencakup budaya patriarki kemiskinan rendahnya akses pendidikan dan diskriminasi pada perempuan melibatkan partisipasi perempuan. #Opini #adadikompas https://t.co/cu7gcT5oBy","1380673018599337989","","","in","Palmerah, Jakarta","0","0","0","https://twitter.com/hariankompas/status/1380673018599337989","255866913","hariankompas"
"1380604950464458752","Fri Apr 09 19:34:05 +0000 2021","2","Jujur Sa itu bingung apa sbrnya adanya tujuan pendidikan di negeri ini? Bukannya ngeributin soal kebijakan yg aneh tpi fokusnya selalu cuma sebatas soal tu bocor. Pdhl kebijakannya sendiri adalah persoalan https://t.co/91r7OUCrDI","1380604950464458752","","","in","","0","0","0","https://twitter.com/CeletukWarga/status/1380604950464458752","1279726915469733889","CeletukWarga"
"1380465947182460934","Fri Apr 09 10:21:44 +0000 2021","136","Aleg FPKS Mulyanto @pakmul63 menilai kebijakan pemerintah melebur fungsi Kementerian Riset dan Teknologi (Kemenristek) ke dalam Kementerian Pendidikan dan Kebudayaan (Kemendikbud) merupakan langkah mundur. https://t.co/n9MIahhZQL","1380465947182460934","","","in","TB. Simatupang No. 82, Jakarta","1","15","31","https://twitter.com/PKSejahtera/status/1380465947182460934","22365191","PKSejahtera"
"1380440692258840576","Fri Apr 09 08:41:23 +0000 2021","32","Mendikbud Nadiem Makarim menunjukkan optimisme atas perkembangan implementasi kebijakan pendidikan di Kalimantan Timur. Kunjungan kerja tersebut menitikberatkan pada pembangunan SDM melalui sejumlah terobosan Merdeka Belajar. Baca berita selengkapnya di https://t.co/kceyHhcmYw. https://t.co/CzWE0vYhhR","1380440692258840576","https://pbs.twimg.com/media/EyhPdzlVcAQrW9l.jpg","","in","Jakarta","0","1","6","https://twitter.com/Kemdikbud_RI/status/1380440692258840576","631701837","Kemdikbud_RI"
"1380407399480102913","Fri Apr 09 06:29:05 +0000 2021","6","Indonesia ini negara dg pemerintahan paling ajaib dlm kelola pendidikan. Suka bongkar pasang kebijakan. Dari Depdikbud &gt; Depdiknas &gt; Kemendibud &gt; Kemdikbud dgn Dikti dipisah ke Ristek &gt; Kemdikbud dgn Dikti kembali &gt; Now KemendikbudRistek Apakah akan makin maju pendidikannya?","1380407399480102913","","","in","Kota Surabaya, Jawa Timur","0","1","2","https://twitter.com/ferrykoto/status/1380407399480102913","24893875","ferrykoto"
"1380385285746388992","Fri Apr 09 05:01:13 +0000 2021","0","Dunia Pendidikan di Mojokerto Tercoreng Kebijakan SMA-N 1 Memberatkan dan Tidak Transparan https://t.co/hlRk2s0M0P","1380385285746388992","","","in","","0","0","0","https://twitter.com/Mmc99934673/status/1380385285746388992","1351070202017050624","Mmc99934673"
"1380370641421967371","Fri Apr 09 04:03:01 +0000 2021","0","Pemerintah terus berupaya untuk membantu pembangunan pendidikan kesehatan infrastruktur dan pemberdayaan (afirmasi) masyarakat Papua melalui kebijakan Otsus. https://t.co/kiEaAnHNZL","1380370641421967371","https://pbs.twimg.com/media/EygPyGdUUAUR98-.jpg","","in","","0","0","0","https://twitter.com/aimankumis/status/1380370641421967371","470949025","aimankumis"
"1380370606856626178","Fri Apr 09 04:02:53 +0000 2021","0","Pemerintah terus berupaya untuk membantu pembangunan pendidikan kesehatan infrastruktur dan pemberdayaan (afirmasi) masyarakat Papua melalui kebijakan Otsus. https://t.co/kfvLTbAFl5","1380370606856626178","https://pbs.twimg.com/media/EygPwF8U4AAW5M0.jpg","","in","","0","0","0","https://twitter.com/aimankumis/status/1380370606856626178","470949025","aimankumis"
"1380370565790244864","Fri Apr 09 04:02:43 +0000 2021","0","Pemerintah terus berupaya untuk membantu pembangunan pendidikan kesehatan infrastruktur dan pemberdayaan (afirmasi) masyarakat Papua melalui kebijakan Otsus. https://t.co/QWAumQdFOv","1380370565790244864","https://pbs.twimg.com/media/EygPttCUYAANBGG.jpg","","in","","0","0","0","https://twitter.com/aimankumis/status/1380370565790244864","470949025","aimankumis"
"1380370547222016002","Fri Apr 09 04:02:39 +0000 2021","0","Pemerintah terus berupaya untuk membantu pembangunan pendidikan kesehatan infrastruktur dan pemberdayaan (afirmasi) masyarakat Papua melalui kebijakan Otsus. https://t.co/sWrX7SYc7C","1380370547222016002","https://pbs.twimg.com/media/EygPsk2VEAQtch0.jpg","","in","","0","0","0","https://twitter.com/aimankumis/status/1380370547222016002","470949025","aimankumis"
"1380370524220444673","Fri Apr 09 04:02:33 +0000 2021","0","Pemerintah terus berupaya untuk membantu pembangunan pendidikan kesehatan infrastruktur dan pemberdayaan (afirmasi) masyarakat Papua melalui kebijakan Otsus. https://t.co/ChTKXsKKSG","1380370524220444673","https://pbs.twimg.com/media/EygPrO_UUAIn_ur.jpg","","in","","0","0","0","https://twitter.com/aimankumis/status/1380370524220444673","470949025","aimankumis"
"1380292275549261827","Thu Apr 08 22:51:37 +0000 2021","0","Indikator pemerintahan dan kebijakan yang berhasil : ketika taraf hidup masyarakat di sekitarmu membaik (pendidikan kesehatan dan lain lain) kepastian hukum keadilan regulasi jelas dari pusat hingga daerah. Sudah lihat?","1380292275549261827","","","in","","0","0","0","https://twitter.com/MWirapaksi/status/1380292275549261827","1357560392764055552","MWirapaksi"
"1380171327202594821","Thu Apr 08 14:51:01 +0000 2021","0","Wakil Kepala Perwakilan RI Bapak Azis Nurwahyudi bersama dengan Koordinator Fungsi Pensosbud serta Atdik bertemu dengan Ibu Tatyana Ryabko Direktur Departemen Kebijakan Negara di Bidang Pendidikan Tinggi Kemdikbud Rusia. #IniDiplomasi #IndonesianWay @Kemlu_RI https://t.co/WedQZn07mW","1380171327202594821","https://pbs.twimg.com/media/EydagSXWYAo5yox.jpg","","in","Moscow","0","0","1","https://twitter.com/kbrimoskow/status/1380171327202594821","2148602575","kbrimoskow"
"1380170184829247491","Thu Apr 08 14:46:29 +0000 2021","50","Benar. Taiwan banyak mengadopsi kesuksesan Jepang - salah satunya dengan investasi besar untuk dua sektor utama: infrastruktur dan pendidikan. Lalu untuk dorong ekonomi pemerintahnya keluarkan kebijakan ekspor yg agresif+banyak insentif.","1380170184829247491","","","in","Indonesia","0","0","17","https://twitter.com/mcitraningrum/status/1380170184829247491","69806285","mcitraningrum"
"1380106908053295104","Thu Apr 08 10:35:02 +0000 2021","0","Nadiem Anwar Makarim menunjukkan optimismenya atas perkembangan implementasi kebijakan pendidikan di Kalimantan Timur. #Kemendikbud https://t.co/hSXWgkL2fn","1380106908053295104","","","in","Indonesia","0","0","0","https://twitter.com/jpnncom/status/1380106908053295104","79130206","jpnncom"
"1380050977043140614","Thu Apr 08 06:52:47 +0000 2021","0","Tinjau Implementasi Kebijakan Pendidikan Mendikbud Optimis Kalimantan Timur Cetak SDM Unggul https://t.co/UzaVyp7G9B","1380050977043140614","","","in","Bekasi, Jawa Barat","0","0","0","https://twitter.com/MediaNawacita/status/1380050977043140614","1297798716133236736","MediaNawacita"
"1380046601981337601","Thu Apr 08 06:35:24 +0000 2021","1","Kampus URINDO mendukung kebijakan yang diluncurkan oleh menteri pendidikan dan kebudayaan tentang KAMPUS MERDEKA . #merderkabelajar #kampusmerdeka #urindo #kampusjakarta https://t.co/EpYabFB5Po","1380046601981337601","https://pbs.twimg.com/media/Eybo3XUVIAQ3-k6.jpg","","in","Jakarta Timur, DKI Jakarta","0","0","0","https://twitter.com/urindo_official/status/1380046601981337601","963363608162783232","urindo_official"
"1380010584976990209","Thu Apr 08 04:12:17 +0000 2021","0","Dalam gelaran Mukernas dan Munas akan dibahas topik-topik strategis seperti implementasi UU Pesantren kebijakan pemulihan ekonomi nasional pendidikan pasca pandemi hingga recovery ekonomi nasional. https://t.co/Nzs8TyBlb9","1380010584976990209","","","in","Jakarta","0","0","0","https://twitter.com/masfaisolriza/status/1380010584976990209","814051924290846720","masfaisolriza"
"1379767517468520451","Wed Apr 07 12:06:25 +0000 2021","1","Ibu @susipudjiastuti mohon bantuannya bu menyuarakan pendapat kami di bidang pendidikan bu sekarang kami tengah resah dengan kebijakan kemendikbud tentang KIPK Kuliah 2021 yg mndapat kenaikan biaya hidup sedangkan kami angkatan 2020 kebawah tidak mengenyam kebijakan itu bu","1379767517468520451","","","in","Yogyakarta, Indonesia","0","1","0","https://twitter.com/septiaafriyenda/status/1379767517468520451","1248138577550036994","septiaafriyenda"
"1379705658589650946","Wed Apr 07 08:00:37 +0000 2021","0","Guys tenang guys. Ini pendapat si Yogi doang dan dia bukan pembuat kebijakan pendidikan di Indonesia. Kementrian pendidikan juga gak minta dibisikin Yogi pas buat kebijakan. Santai saja oke?","1379705658589650946","","","in","Tokyo-to, Japan","0","1","0","https://twitter.com/fxmario/status/1379705658589650946","56070794","fxmario"
"1379626584257273858","Wed Apr 07 02:46:24 +0000 2021","0","Bahas Kebijakan Pendidikan Pemkab Undang Kepala SMA/SMK dan Camat se-Kabupaten Agam https://t.co/iCPx5iySyc","1379626584257273858","","","in","Jakarta, Indonesia","0","0","0","https://twitter.com/MediaNasional1/status/1379626584257273858","927783842349383680","MediaNasional1"
"1379585556795944962","Wed Apr 07 00:03:22 +0000 2021","0","[DISKUSI KEBIJAKAN KIP-K MERDEKA 2021] Hallo sahabat KIP-K Saat ini dunia pendidikan sedang digemparkan oleh kebijakan kemendikbud terkait perubahan kebijakan KIP Kuliah yang berlaku untuk mahasiswa baru penerima KIP Kuliah tahun 2021. https://t.co/36Gz2nB4FA","1379585556795944962","https://pbs.twimg.com/media/EyVFv1_UYAMmOii.jpg","","in","Kota Tasikmalaya, Jawa Barat","0","1","0","https://twitter.com/RumahKIPKUnsil/status/1379585556795944962","1361779650179964932","RumahKIPKUnsil"
"1379584693541031937","Tue Apr 06 23:59:57 +0000 2021","0","Otsus Papua merupakan kebijakan yang harus didukung demi meningkatkan pendidikan kesehatan perekonomian dan perkembangan infrastruktur agar Papua menjadi provinsi yang maju dan setara dengan daerah lain di Indonesia. Efek Positif Otsus #PapuaIndonesia https://t.co/NoYE0A5lfh","1379584693541031937","https://pbs.twimg.com/media/EyVE9gDVIAAPr9K.jpg","","in","","0","0","0","https://twitter.com/liealia3/status/1379584693541031937","1370326707777937411","liealia3"
"1379583725940314114","Tue Apr 06 23:56:06 +0000 2021","0","Otsus Papua merupakan kebijakan yang harus didukung demi meningkatkan pendidikan kesehatan perekonomian dan perkembangan infrastruktur agar Papua menjadi provinsi yang maju dan setara dengan daerah lain di Indonesia. Efek Positif Otsus #PapuaIndonesia https://t.co/nlTBASvkRz","1379583725940314114","https://pbs.twimg.com/media/EyVEFPoVEAkGUav.jpg","","in","","0","0","0","https://twitter.com/pinkyyxx2/status/1379583725940314114","1344085072081682432","pinkyyxx2"
"1379583448877178882","Tue Apr 06 23:55:00 +0000 2021","0","Otsus Papua merupakan kebijakan yang harus didukung demi meningkatkan pendidikan kesehatan perekonomian dan perkembangan infrastruktur agar Papua menjadi provinsi yang maju dan setara dengan daerah lain di Indonesia. Efek Positif Otsus #PapuaIndonesia https://t.co/XONkI33TgA","1379583448877178882","https://pbs.twimg.com/media/EyU2sRAVcAYrNnB.jpg","","in","DKI Jakarta, Indonesia","0","0","0","https://twitter.com/lopemaiselp/status/1379583448877178882","1192732902821203968","lopemaiselp"
"1379297563161989122","Tue Apr 06 04:58:59 +0000 2021","3","sch! saranin mosi debat tentang pendidikan dong tapi jangan yang klasik ya.. tia! ・・・ Trivia: verplichte leverantie adalah kebijakan pajak hasil bumi dgn harga yg ditetapkan VOC.","1379297563161989122","","","in","Paid Promote/ Partnership 👇🏻","0","0","1","https://twitter.com/schfess/status/1379297563161989122","1201673806156161025","schfess"
"1379018429747785728","Mon Apr 05 10:29:49 +0000 2021","7"," 2020 kebawah harus ada kajian yang harus dibicarakan pada intinya sudah kebijakan dan 2020 sudah menikmati gratis biaya pendidikan (sifatnya mensyukuri) kata ketua puslapdik. Kata membagongkan #SaveKIPKuliah2020 #SaveBidikmisi #Keadilan #silake5 https://t.co/6gZ8XljBHr","1379018429747785728","https://pbs.twimg.com/media/EyNB8-WVgAEaF4Q.jpg","","in","Sidoarjo, Indonesia","0","0","10","https://twitter.com/Arifin292002/status/1379018429747785728","1377215043721252868","Arifin292002"
"1378678880609857536","Sun Apr 04 12:00:34 +0000 2021","1","[JIMIN SNF: Kebijakan Kampus Merdeka: Dapatkah Meningkatkan Kompetensi Mahasiswa? Kementerian Pendidikan dan Kebudayan Republik Indonesia telah menerbitkan kebijakan baru yaitu Kampus Merdeka. https://t.co/iq0t6BCiiW","1378678880609857536","https://pbs.twimg.com/media/EyINEyKVIAEFLM4.jpg","","in","FEB UI, Kampus Baru Depok","0","1","0","https://twitter.com/SNF_FEBUI/status/1378678880609857536","63010373","SNF_FEBUI"
"1378661552920752129","Sun Apr 04 10:51:43 +0000 2021","0","#ManajemenStrategik Prioritas utma kebijakan fiscal kemenkeu thn 2021 yg ke4 adlh program percepatan pembangunan nasional Tjuan program tsb adlh percepatan prioritas pembangunan pda reformasi bdang kesehatan reformasi bidang pendidikan infrastruktur teknologi informasi @JeddyjJj","1378661552920752129","","","in","","0","1","0","https://twitter.com/GunawanAndre14/status/1378661552920752129","1364560266294267908","GunawanAndre14"
"1378603983212662784","Sun Apr 04 07:02:57 +0000 2021","10","Menurut Lismina dalam buku Pengembangan Kurikulum (2017) Evaluasi kurikulum memegang peranan penting baik untuk menentukan kebijakan pendidikan secara umum maupun untuk pengambilan keputusan dalam kurikulum itu sendiri @AmrilmuhammadMp #AmrilMuhammad_UNJ #prodiMP_UNJ #KoKI_MP","1378603983212662784","","","in","","0","0","1","https://twitter.com/dewianatasyx/status/1378603983212662784","1119971036382945280","dewianatasyx"
"1378233935759429637","Sat Apr 03 06:32:31 +0000 2021","2","Komisi X @dpr_ri Sambut Baik Kebijakan Baru KIP Kuliah KIP Kuliah Merdeka sebagai wujud komitmen Kemendikbud dalam memberikan akses pendidikan tinggi yang merata berkualitas dan berkesinambungan. Pendidikan tinggi berpotensi memberikan dampak positif tercepat dalam pembangunan https://t.co/MHNGcTneMp","1378233935759429637","https://pbs.twimg.com/media/EyB4dYLU8AAXXR_.jpg","","in","","0","1","1","https://twitter.com/MasMenteri/status/1378233935759429637","891564038781415424","MasMenteri"
"1378229312101343236","Sat Apr 03 06:14:08 +0000 2021","0","Kebijakan pendidikan dasar..... https://t.co/sUna8apJW5","1378229312101343236","https://pbs.twimg.com/media/EyB0PskVEAQ91JA.jpg","","in","Kota Bengkulu, Bengkulu","0","1","0","https://twitter.com/rozi_sepno/status/1378229312101343236","1179727331402735616","rozi_sepno"
"1378135406474981376","Sat Apr 03 00:01:00 +0000 2021","0","Otsus Papua merupakan kebijakan yang harus didukung demi meningkatkan pendidikan kesehatan perekonomian dan perkembangan infrastruktur agar Papua menjadi provinsi yang maju dan setara dengan daerah lain di Indonesia. Kawal Otsus Bersama https://t.co/FixXDQpiDV","1378135406474981376","https://pbs.twimg.com/media/EyAehnhVgAAM34X.jpg","","in","","0","0","0","https://twitter.com/bbypinkxx/status/1378135406474981376","1344082227643072512","bbypinkxx"
"1378134395417026562","Fri Apr 02 23:56:59 +0000 2021","0","Otsus Papua merupakan kebijakan yang harus didukung demi meningkatkan pendidikan kesehatan perekonomian dan perkembangan infrastruktur agar Papua menjadi provinsi yang maju dan setara dengan daerah lain di Indonesia. Kawal Otsus Bersama https://t.co/LlFLY14Mpx","1378134395417026562","https://pbs.twimg.com/media/EyAd7SnU8AEbAay.jpg","","in","","0","0","0","https://twitter.com/Andien808/status/1378134395417026562","1372677952077324288","Andien808"
"1377949181931712514","Fri Apr 02 11:41:00 +0000 2021","45","Guys kalian sudah pada tau belum nih program kampus mengajar? Jadi belum lama ini Kementerian Pendidikan dan Kebudayaan (Kemendikbud) membuka program kampus mengajar 2021. Nah program ini tuh merupakan bagian dari kebijakan kampus merdeka. __Simak Thread berikut ya__","1377949181931712514","","","in","Jakarta, Indonesia","3","31","32","https://twitter.com/bowosusilo94/status/1377949181931712514","2899430220","bowosusilo94"
"1377940230007779331","Fri Apr 02 11:05:26 +0000 2021","8","Dikutip dari buku Manajemen Mutu Pendidikan (Untuk Guru dan Kepala Sekolah) 2011 karya Suparno Eko mengatakan bahwa manajemen mutu menjadi dasar pemahaman sekolah dalam upaya mewujudkan pelaksanaan kebijakan pemerintah. @AmrilmuhammadMp #AmrilMuhammad_UNJ #prodiMP_UNJ #KoKI_MP","1377940230007779331","","","in","","1","1","0","https://twitter.com/Lintang_18A/status/1377940230007779331","1078903011584270337","Lintang_18A"
"1377928034817282050","Fri Apr 02 10:16:58 +0000 2021","0","Alhamdulillah kebijakan pendidikan mulai menemukan jalan terang kalaupun sekolah mulai menerapkan pembelajaran tatap muka yang penting tetap menjalankan protokol kesehatan..... https://t.co/lPey37BdoS","1377928034817282050","https://pbs.twimg.com/media/Ex9iPp5VEAML1CQ.jpg","","in","Kota Surabaya, Jawa Timur","0","0","0","https://twitter.com/Cak_X01/status/1377928034817282050","1408025444","Cak_X01"
"1377622747858210819","Thu Apr 01 14:03:52 +0000 2021","1","Musdah menawarkan tiga langkah yaitu pendidikan reformasi kebijakan dan reintrepretasi ajaran keagamaan. Menarik untuk disimak dan sangat pas dengan konteks saat ini https://t.co/DkoJT9CNzS","1377622747858210819","","","in","","0","0","0","https://twitter.com/ayungp2/status/1377622747858210819","4808086890","ayungp2"
"1377558823569825794","Thu Apr 01 09:49:52 +0000 2021","3","Kepada bapak/ ibu menteri pendidikan yang terhormat saya ingin menyuarakan suara saya sebagai mahasiswa KIP K 2020 bukannya saya tidak bersyukur pak / bu tapi saya mohon dengan sangat keadilannya jika kebijakan ini hanya menimbulkan kecemburuan diantara kami para mahasiswa ","1377558823569825794","","","in","","0","1","4","https://twitter.com/CalonMa57927376/status/1377558823569825794","1377545667686526979","CalonMa57927376"
"1377540520042369026","Thu Apr 01 08:37:08 +0000 2021","0","Haloo guys mau lanjutin pendidikan tentang kebijakan publik / perencanaan pembangunan ? Sudah banyak loh para pejabat dan praktisi yang lulusan dari MET Universitas Padjadjaran Yuk ikutin Sosialisasi Program Magister Ekonomi Terapan Unpad #UnpadBermanfaat #UnpadMendunia https://t.co/dJxU99v8yQ","1377540520042369026","https://pbs.twimg.com/media/Ex4BK3kUYAAtQil.jpg","","in","","0","0","0","https://twitter.com/met_unpad/status/1377540520042369026","1359928991063314434","met_unpad"
"1377474642810597376","Thu Apr 01 04:15:21 +0000 2021","0","Bukan April Mop ! Ini Kebijakan Jokowi yang Baru Keluar Lalu Dianulir Surat Menkeu No. S-665/MK.02/2021 ttg permohonan perpanjangan pembayaran insentif bulanan &amp; santunan kematian bagi tenaga kesehatan &amp; peserta PPDS (Program Pendidikan Dokter Spesialis) yg menangani COVID 19","1377474642810597376","","","in","INDONESIA","0","0","0","https://twitter.com/DanieAfrianto1/status/1377474642810597376","1233405589784424448","DanieAfrianto1"
"1377448134763110401","Thu Apr 01 02:30:01 +0000 2021","12","Selamat pagi Sahabat UT yuk saksikan The 17th Knowledge Sharing Forum (KSF) Universitas Terbuka dgn tema Kebijakan Pendidikan: Peta Jalan Menuju Indonesia Emas melalui https://t.co/CabaaUUxTf Kamis 1 April 2021 pukul 10.00 WIB. #UniversitasTerbuka #Webinar","1377448134763110401","","","in","Indonesia","0","1","1","https://twitter.com/UnivTerbuka/status/1377448134763110401","126557271","UnivTerbuka"
