"conversation_id_str","created_at","favorite_count","full_text","id_str","image_url","in_reply_to_screen_name","lang","location","quote_count","reply_count","retweet_count","tweet_url","user_id_str","username"
"1762745889377120514","Wed Feb 28 07:45:44 +0000 2024","0","Dari mulai penanganan kemacetan lalu lintas banjir tata kota birokrasi pelayanan publik bidang sosial budaya (pendidikan kesehatan [budaya hidup sehat juga pengobatan] dan seni budaya) agama ekonomi dan kesejahteraan sosial material ... https://t.co/eP8k1m9zpF","1762745889377120514","","","in","Jakarta, Indonesia","0","0","0","https://twitter.com/didienAZHAR/status/1762745889377120514","194590819","didienAZHAR"
"1762738359519391982","Wed Feb 28 07:15:49 +0000 2024","0","Fable tuh seru banget. Lingkungannya sehat (as far as i'm concerned) terus fiturnya menarik. Kayak sosial media khusus book lovers. Ada fitur bookclub juga dan setahuku bisa beli ebook dan baca langsung di sana","1762738359519391982","","","in","20+ || she/her","0","0","0","https://twitter.com/fallsettingsun/status/1762738359519391982","1593144282684088320","fallsettingsun"
"1762683476841767332","Wed Feb 28 03:37:44 +0000 2024","0","Sudah bener kata mba Bibip klo pemerintah saat ini gak punya urat malu. Menerjang semua akal sehat yang bernama norma sosial.","1762683476841767332","","","in","","0","0","0","https://twitter.com/bukanbudakk/status/1762683476841767332","1576056725962395648","bukanbudakk"
"1762502179473281437","Tue Feb 27 15:37:19 +0000 2024","0","Pers sbg Pilar Demokrasi ke -4 yg berperan dan berfungsi sbg kontrol sosial membangun demokrasi yg sehat dan kuat ikut serta dalam mencerdaskan kehidupan bangsa berperan dalam upaya menegakkan supremasi hukum sebagaimana diamanatkan UU No 40 Tahun 1999 tentang Pers. Tapi ️","1762502179473281437","","","in","#Aceh, Indonesia","0","0","0","https://twitter.com/hasbi_azhar/status/1762502179473281437","482641365","hasbi_azhar"
"1762163776508596342","Mon Feb 26 17:12:38 +0000 2024","0","Kusudahi kesantuyan ini. Sng ws iso leren ndng leren sng jek enek gawean ndng digarap. Ws ncen e lakone wong urip bedo². Smg tetap sehat jiwa fisik rohani sosial rekening","1762163776508596342","","","in","","0","0","0","https://twitter.com/serotomins/status/1762163776508596342","854668525364846592","serotomins"
"1761998671871349107","Mon Feb 26 06:16:34 +0000 2024","38","Kamu bahagia gak hari ini? menurut CeoWorld Magazine Indonesia masuk dalam urutan ke 6 negara paling bahagia di Asean 2023 dengan jumlah 75 5 poin. Analisisnya meliputi Produk Domestik Bruto (PDB) per kapita dukungan kesejahteraan sosial harapan hidup sehat kebebasan dalam https://t.co/7aalzInuQi","1761998671871349107","https://pbs.twimg.com/media/GHPf9Kwa0AAlQbZ.jpg","","in","Jakarta Capital Region","0","0","38","https://twitter.com/datanesia_id/status/1761998671871349107","53878998","datanesia_id"
"1761850806750638305","Sun Feb 25 20:29:00 +0000 2024","0","Pentingnya bunda bermedia sosial dibarengin dengan penerapan nilai² toleransi nalar sehat dan sopan santun supaya anak kita tidak bebas berucap terhadap orang yang beda pandangan.","1761850806750638305","","","in","Heaven","0","0","0","https://twitter.com/wahyuhidayatSTR/status/1761850806750638305","1585923172486230016","wahyuhidayatSTR"
"1761729486159270375","Sun Feb 25 12:26:55 +0000 2024","2","Semakin bertambahnya umur keinginan gak muluk-muluk. Pengen sehat kerja lancar orang tua sehat hubungan sosial baik. Yang udah udah ga pengen inget lagi untuk bisa berdiri seperti skr ini butuh perjuangan besar. Prioritas skr adalah bahagiakan diri sendiri","1761729486159270375","","","in","kabupaten bandung","0","0","0","https://twitter.com/TaeTaengie/status/1761729486159270375","2440779344","TaeTaengie"
"1761662332424372729","Sun Feb 25 08:00:04 +0000 2024","0","Soroti Masalah Stunting KKN UAD Gelar Sosialisasi dan Demo Makanan Sehat Ikuti Akun Media Sosial Kami di Link Berikut ini: https://t.co/t2e9WYxTHZ #muhammadiyah #aisyiyah #tvmujogja #tvmuhammadiyah https://t.co/JI63obbFq4","1761662332424372729","https://pbs.twimg.com/media/GHKujX6XUAAugSB.jpg","","in","Yogyakarta, D.I.Y","0","0","0","https://twitter.com/tvmujogja_/status/1761662332424372729","1445239305237000196","tvmujogja_"
"1761504702896967771","Sat Feb 24 21:33:43 +0000 2024","1","Peduli lingkungan_ Babinsa Koramil 1403-14/Mangkutana Kodim 1403/Palopo Aparat Kelurahan Tomoni bersama mahasiswa KKN Universitas Cokroaminoto Palopo melaksanakan Bakti sosial pembersihan selokan pasar Tomoni.Kegiatan ini bertujuan untuk ciptakan lingkungan bersih dan sehat. https://t.co/i3OskoTYTa","1761504702896967771","https://pbs.twimg.com/media/GHIfMNsaYAA88Yd.jpg","","in","","0","0","0","https://twitter.com/AgungSa08868213/status/1761504702896967771","1534023444777406464","AgungSa08868213"
"1761500121328669066","Sat Feb 24 21:15:30 +0000 2024","1","trust issue? gue skrg di fase males percaya sm orang males berinteraksi sm orang baru males sm orang yg sok peduli pdhl sebagai makhluk sosial butuh basa basi .. hehe semua orang ternyata sm yeaa sehat sehat aja deh diri ini buat ngadepin dunia yg makin gila https://t.co/Ddc1WxsOKA","1761500121328669066","https://pbs.twimg.com/media/GHIbANbbwAA8isu.jpg","","in","","0","0","0","https://twitter.com/shafwee/status/1761500121328669066","1308962227039408130","shafwee"
"1761001560451194937","Fri Feb 23 12:14:24 +0000 2024","0","kl ada org yg udh enggan diajak diskusi sehat diajak bicara dsb karena kefanatikan trtentu brarti emg g tertolong dan gausah tmenan ma gw jauh² deh dirimu mahkluk sosial seintrovert²nya gw ruang diskusi itu prlu buat ngasah otak biar g kuper jd jgn hran kl dirimu emg dungu","1761001560451194937","","","in","Kota Surabaya, Jawa Timur","1","0","0","https://twitter.com/selenoopphilee/status/1761001560451194937","795559058862272512","selenoopphilee"
"1760976767089861042","Fri Feb 23 10:35:53 +0000 2024","2","Kompi 3 Sanggau Batalyon A Pelopor bersama Forkopimda dan instansi terkait Kabupaten Sanggau melaksanakan kegiatan kebersihan bakti sosial jumat bersih bersama di area pasar sanggau dan jalan raya sanggau. Lingkungan bersih rapi dan sehat. https://t.co/7TZEanAozG","1760976767089861042","https://pbs.twimg.com/media/GHA_BVVbQAAUUfF.jpg","","in","West Borneo, Indonesia","0","0","0","https://twitter.com/YonAPorKalbar/status/1760976767089861042","1464396670263832591","YonAPorKalbar"
"1760878650533323131","Fri Feb 23 04:06:00 +0000 2024","0","Ya Allah pengen kerja jadi sosial media specialist yang bisa wfa kalo ga wfo jga gapapa dehh asal di bandungg lingkungannya sehat gajinya gedeee","1760878650533323131","","","in","Bandung, Indonesia","0","0","0","https://twitter.com/Grrrrrrhhhhh/status/1760878650533323131","960695792955568128","Grrrrrrhhhhh"
"1760869695648104814","Fri Feb 23 03:30:25 +0000 2024","27","sometimes nge mute orang yang kita kurang suka di sosial media itu bukan childish kokk kalo kita nya ga nyaman gaada larangan buat mute siapa pun mental sehat itu nomor satu.","1760869695648104814","","","in","Kebon Jeruk, Indonesia","0","4","0","https://twitter.com/serphicldy/status/1760869695648104814","1592694778499854336","serphicldy"
"1760574958365966533","Thu Feb 22 07:59:14 +0000 2024","2","Mayarakat antusias SEHAT-WARAS auto jd Kritikus plas Hakim Sosial bg penulis abal-abal.. donk ??! Hanya ajah adah gak eaa Kritikus Buku nyang ikutan sumringah Maklum danato Memakluminyah ??! Bumi bergetar gunjang ganjing.. (..pake ngakkak gayah ??!) ","1760574958365966533","","","in","","0","1","0","https://twitter.com/Azhi21Pagar/status/1760574958365966533","1099647132745662465","Azhi21Pagar"
"1760504620756131899","Thu Feb 22 03:19:44 +0000 2024","0","Belum lagi bersebaran di sosial media pendukung dari masing-masing pihak mendeklarasikan jika dia menantang untuk perang buat apa? Menang jadi abu kalah jadi arang bukan? Fanatik boleh tapi gunakanlah akal sehat untuk tidak mengancam keselamatan orang lain","1760504620756131899","","","in","Bangka Belitung, Indonesia","0","0","0","https://twitter.com/diktaber/status/1760504620756131899","1096577924642172928","diktaber"
"1760501837772538305","Thu Feb 22 03:08:41 +0000 2024","1","Halo #SobatPusri Dalam rangka Bulan K3 Nasional yang mengusung Tema Budayakan K3 Sehat &amp; Selamat Dalam Bekerja Terjaga Keberlangsungan Usaha Pusri gelar bakti sosial donor darah yang bertempat di Gedung Kesenian Pusri (20/02). https://t.co/yafYr1C7AV","1760501837772538305","https://pbs.twimg.com/media/GG6PCWYWwAAxvpv.jpg","","in","Palembang, Sumatera Selatan","0","2","0","https://twitter.com/pusripalembang/status/1760501837772538305","415522500","pusripalembang"
"1760440313632772493","Wed Feb 21 23:04:12 +0000 2024","0","SESUAI dengan petunjuk WHO untuk dapat hidup sehat &amp; lanjut usia setiap orang perlu dan penting menghargai serta mengasihi diri sendiri; dengan cara terus berupaya mencerdaskan phisik/fisik (PQ) intelektual/mental (IQ) dan emosi/sosial (EQ) pribadi. https://t.co/ts0Fv9UnT1","1760440313632772493","https://pbs.twimg.com/media/GG5XH7caAAAz75M.jpg","","in","","0","0","0","https://twitter.com/BachtiarSibaran/status/1760440313632772493","1475859266451902464","BachtiarSibaran"
"1760421995764928535","Wed Feb 21 21:51:25 +0000 2024","1","Benih-benih generasi berteknologi yang sehat akan lahir dari sini. Ikuti sosial media kami untuk perkembangan dan pengenalan teknologi bagi kehidupan yang lebih baik dari Biru Indonesia Creative dan rekan. #embryoniccells #berkembangbaik #commingsoon https://t.co/WqiD5T3ofD","1760421995764928535","https://pbs.twimg.com/ext_tw_video_thumb/1760421946016358400/pu/img/Sqj96Lfm762rahT5.jpg","","in","Malang, Jawa Timur","0","0","0","https://twitter.com/BiruSoftware/status/1760421995764928535","1303615537","BiruSoftware"
"1759972590410482063","Tue Feb 20 16:05:38 +0000 2024","0","sehat selalu sekeluarga rejeki lancar dijauhkan dari hal² buruk didekatkan dengan orang baik lingkungan sosial sehat bisa berdamai dgn diri sendiri punya sahabat yg bisa di anggep kaya saudara lulus utbk dipermudah jalan pendidikannya bisa banggain ortu hafalan mutqin","1759972590410482063","","","in","","0","0","0","https://twitter.com/zebracross0_/status/1759972590410482063","1643785957064474624","zebracross0_"
"1759904095136288837","Tue Feb 20 11:33:28 +0000 2024","0","Gimana ya tentu diri ini blm ngerasain tp diri ini berdoa semoga siapapun yang jadi orang tua diberikan Rahmat oleh Allah dalam menjalankan amanah tsb karena tentu ngga gampang make sure anak2 kita anak yang sehat ngga cuma fisik tp sosial dan mental juga","1759904095136288837","","","in","","0","0","0","https://twitter.com/Exowithlove5/status/1759904095136288837","1030866258260946944","Exowithlove5"
"1759893112862962025","Tue Feb 20 10:49:49 +0000 2024","22","Debat itu sebenarnya positif. Apalagi pandangan ide berbeda dikemas dalam pendidikan politik. Tapi harus komit dalam debat yg sehat jangan masuk ke ranah debat kusir. Hampir 3 bulan media sosial kita dipenuhi debat. Tapi setelah dapat kabar dibawah. Akhirnya No Debat Again https://t.co/Mi6mMcFsea","1759893112862962025","https://pbs.twimg.com/media/GGxldTUbIAAM__z.jpg","","in","Karo, Sumatera Utara","1","1","5","https://twitter.com/k_tuaethnic/status/1759893112862962025","1696076720053587968","k_tuaethnic"
"1759868200307892583","Tue Feb 20 09:10:50 +0000 2024","0","Bapaknya pada susah-susah ngebangun karir eh malah di jatuhin anaknya sendiri. Sehat-sehat pelaku bullying. Masih ad sanksi sosial soalnya wkwwk","1759868200307892583","","","in","","0","0","0","https://twitter.com/OdeKalva/status/1759868200307892583","1022468630909313024","OdeKalva"
"1759563202214682968","Mon Feb 19 12:58:53 +0000 2024","0","Mendukung Amin merupakan usaha beliau mewujudkan keadilan sosial bagi seluruh rakyat indonesia. Sehat terus pak Surya! Amin...!","1759563202214682968","","","in","","0","0","0","https://twitter.com/adisopandi7451k/status/1759563202214682968","1747964816420192256","adisopandi7451k"
"1759550375529709834","Mon Feb 19 12:07:55 +0000 2024","0","Terimakasih Ganjar Pranowo&amp;Prof Mahfud pemahaman mendalam kalian terhadap dinamika sosial mengukuhkan fondasi pemilu yang sehat. Bersama Ganjar kita sejahtera @hyjxno #KitaAdalahTiga #BanggaBersamaGPMMD https://t.co/IWj6IvIp4b","1759550375529709834","https://pbs.twimg.com/media/GGstudva4AAIlRV.jpg","","in","Surabaya","0","0","0","https://twitter.com/MaulanaDonii/status/1759550375529709834","1684775228726280192","MaulanaDonii"
"1759503067186434275","Mon Feb 19 08:59:55 +0000 2024","0","tai anjing deh di musuhi akun gede. gue dr awal emg gk ada niat deket sama mereka anjir. gue ya hanya mau bermutualan aja. ya sesama kpopers doang. gk ada niat buat jd deket dan gabung sirkel mereka. karna gue tau dah klo dh bersirkel gt gak sehat coy wkwk apalgi di sosial media.","1759503067186434275","","","in","","0","0","0","https://twitter.com/lalasourlatte/status/1759503067186434275","1198106519411126273","lalasourlatte"
"1759433428481740817","Mon Feb 19 04:23:12 +0000 2024","0","makin hari sosial media emang makin ga sehat :) takut banget","1759433428481740817","","","in","wonderland 🎡","0","0","0","https://twitter.com/jw0528hr/status/1759433428481740817","1503078882529873920","jw0528hr"
"1759416586086314473","Mon Feb 19 03:16:17 +0000 2024","81","senang baca thread ini. dan jujur aku masih menyimpan harap semoga twitter jadi ruang yg aman (kembali) untuk bersosial media. smoga semakin rame konten kreator baru bermunculan karya dan diskusi sehat kembali ada. sosial media berbasis teks ini harus terus seru :)","1759416586086314473","","","in","Jakarta Capital Region","1","7","8","https://twitter.com/jellypastaa/status/1759416586086314473","933490676385189888","jellypastaa"
