"conversation_id_str","created_at","favorite_count","full_text","id_str","image_url","in_reply_to_screen_name","lang","location","quote_count","reply_count","retweet_count","tweet_url","user_id_str","username"
"1685771789769875456","Sun Jul 30 21:58:09 +0000 2023","1","manifesting semester 5 ielts band 9 ip 3 9 both isi uny income 5jt sehat terus kaf dan berandaasik dan seru dan lancar secara general finansial dan sosial my relationships with people r gud even better ngaji rajin baca buku (abisin semua buku aku) dan edit video amen","1685771789769875456","","","in","","0","1","0","https://twitter.com/shamball4/status/1685771789769875456","1554826474959826944","shamball4"
"1685697495475867648","Sun Jul 30 17:02:56 +0000 2023","1","Punya penghasilan sendiri adalah solusi dari banyaknya masalah ekonomi sosial masyarakat psikologi sampai masalah negara. Minimnya pemahaman &amp; kekurangmampuan persona lelaki sebagai individu juga sebagai pemimpin negeri menyebabkan pincangnya tatanan interaksi gender yg sehat","1685697495475867648","","","in","","0","0","0","https://twitter.com/yeny0207/status/1685697495475867648","1093699073339609088","yeny0207"
"1685243975337431040","Sat Jul 29 11:00:48 +0000 2023","0","Saling caci maki dan saling fitna satu dengan yang lainnya di sosial media antara para pendukung Anis Prabowo dan Ganjar apakah ini disebut sebagai politik yang sehat...!","1685243975337431040","","","in","","0","0","0","https://twitter.com/JurdiMuhammad/status/1685243975337431040","1547585471068663808","JurdiMuhammad"
"1685225439978201088","Sat Jul 29 09:47:09 +0000 2023","0","Gelar Bakti Sosial Pengentasan Stunting Lapas Waikabubak Berikan Bantuan Tunai Pendampingan 12 Hari Pemberian Makanan Sehat serta Edukasi Stunting https://t.co/o74USHYiF3","1685225439978201088","https://pbs.twimg.com/media/F2MfmctaYAA8NjH.jpg","","in","Jl.Adhyaksa KM 6, Sumba Barat","0","1","0","https://twitter.com/KelasLapas/status/1685225439978201088","1230456924883128320","KelasLapas"
"1685210186028630016","Sat Jul 29 08:46:32 +0000 2023","0","Selamat Hari Ke-57 Ikatan Kesejahteraan Keluarga TNI (IKKT) Pragati Wira Anggini 14 Juli 2023 Berperan Aktif dalam Meningkatkan Kepedulian Sosial Guna Mewujudkan Keluarga Sehat Cerdas Tangguh Bhaladika https://t.co/Sp8Qzi44bd","1685210186028630016","https://pbs.twimg.com/media/F2MRuyxa4AA3-C2.jpg","","in","Semarang, Jawa Tengah","0","0","0","https://twitter.com/Yonarhanud15DBY/status/1685210186028630016","1476481562778554368","Yonarhanud15DBY"
"1685200029118783489","Sat Jul 29 08:06:11 +0000 2023","0","Jakarta 28 Juli 2023 - Sebagai wujud Tanggung Jawab Sosial dan Lingkungan KFA dan KFTD serta untuk mendukung 4 pilar program TJSL KAEF yaitu KAEF HEBAT KAEF HIJAU KAEF KREATIF dan KAEF SEHAT telah dilangsungkan acara Go Green di Kantor Pusat Kimia Farma Budi Utomo #KFA https://t.co/EIiqV7VM2L","1685200029118783489","https://pbs.twimg.com/media/F2MIfVTa0AAh9Kn.jpg","","in","Jl. Budi Utomo No.1, Jakarta","0","1","0","https://twitter.com/Kimiafarmaapt/status/1685200029118783489","1577149287540363264","Kimiafarmaapt"
"1685169784508538880","Sat Jul 29 06:06:00 +0000 2023","0","‍‍ Peran keluarga dalam mengawal penggunaan media sosial anak-anak perlu diperkuat. PKS hadir di #KongresKeluargaIndonesia III untuk mengajak keluarga membangun kesadaran digital yang sehat. #PKS #KeluargaCerdas","1685169784508538880","","","in","Jakarta","0","0","0","https://twitter.com/AyamSopayamm/status/1685169784508538880","1623157451452452866","AyamSopayamm"
"1685143954046787584","Sat Jul 29 04:23:21 +0000 2023","1231","Kampus di Indonesia ini bener bener lagi krisis dogmatisme kayaknya sebelum 2010an banyak yang nantang norma sosial dan mempertanyakan segalanya dengan sehat dan terbuka lah ini mahasiswa jaman sekarang terang-terangan belain dogma dan penindasan kelompok minoritas","1685143954046787584","","","in","","17","6","140","https://twitter.com/m2ridical/status/1685143954046787584","1292859842466521089","m2ridical"
"1684836057609875456","Fri Jul 28 07:59:53 +0000 2023","1","KPPN Malang mengajak kita untuk melawan kejahatan sosial yakni korupsi dan gratifikasi sehingga akan menjadikan dunia dengan birokrasi yang lebih sehat. Untuk mengakhiri korupsi kita semua harus bergandengan tangan dan memulai perjuangan melawan masalah sosial yang serius ini. https://t.co/14drcffJE4","1684836057609875456","https://pbs.twimg.com/ext_tw_video_thumb/1684836003645997056/pu/img/3g5V4cU1RSntTbpe.jpg","","in","Malang","0","1","0","https://twitter.com/h_kppnmalang/status/1684836057609875456","1616777831308218368","h_kppnmalang"
"1684768175781728256","Fri Jul 28 03:30:09 +0000 2023","3","Bakti Sosial dan Jalan Sehat Kanwil Lampung Semarakkan Hari Jadi Kemenkumham ke-78 Selengkapnya: https://t.co/F9rGbN5U8i Sorta Delima Lumban Tobing - Kanwil Kemenkumham Lampung @sortadtobing @yasonna.laoly @andapbudhirevianto https://t.co/5VTaHP1W07","1684768175781728256","https://pbs.twimg.com/media/F2F_t7YawAAttOE.jpg","","in","JL. RW Monginsidi 184 Bd. Lpg.","0","0","0","https://twitter.com/kumhamlampung/status/1684768175781728256","846276924703879169","kumhamlampung"
"1684749901438267392","Fri Jul 28 02:17:32 +0000 2023","0","DISPERA dan KPP Kabupaten Wonogiri Menyerahkan Bantuan sosial berupa sembako dan uang tunai untuk menyelesaikan proses Pembangunan Rumah Sehat Sederhana kepada keluarga bapak Margiyono Kelurahan Pagutan Kecamatan Manyaran pada hari kamis (27/07). https://t.co/5TtJdDHLbJ","1684749901438267392","https://pbs.twimg.com/media/F2FvC87bsAA5PlC.jpg","","in","Wonogiri, Indonesia","0","1","0","https://twitter.com/disperakpp_wng/status/1684749901438267392","825955913148231680","disperakpp_wng"
"1684578992630960130","Thu Jul 27 14:58:24 +0000 2023","1","#LPMDinamikaUINSU Dampak ponsel dekat tempat tidur memengaruhi kualitas tidur kesehatan dan hubungan sosial. Solusinya ciptakan lingkungan tidur sehat dan bebas gangguan ponsel dengan menjauhkannya dari tempat tidur ya Sobat! Lihat selengkapnya di: https://t.co/W49oESLuNH","1684578992630960130","","","in","Medan - UIN Sumatera Utara","0","0","0","https://twitter.com/LPM_Dinamika/status/1684578992630960130","51655849","LPM_Dinamika"
"1684562348823158784","Thu Jul 27 13:52:16 +0000 2023","3","Sekolah jauh2 masa komparasi negara maju vs berkembang. Yg satu lap kerja luas yg satu lap kerja kompetitif pendidikan orientasi cari duit Yg satu iklim riset kental government sehat yg satu badan riset di bawah ketum parpol Menara gading teori tinggi realita sosial nol","1684562348823158784","","","in","Province of Do It Yourself ","0","2","0","https://twitter.com/rsmn_vr/status/1684562348823158784","582577353","rsmn_vr"
"1684461628937707520","Thu Jul 27 07:12:02 +0000 2023","6","Yuk Ikutan #KuisKamisCosmos Back To School Komen Ide Menu Bekal Sekolah Sehat Untuk Anak dengan Produk Cosmos Caranya : ● Follow semua media sosial Cosmos (Instagram Twitter Tiktok @CosmosOnline. Facebook @mycosmos. Youtube: BelanjaCosmos) dan Instagram @Cosmosonline https://t.co/QwhPgO6768","1684461628937707520","https://pbs.twimg.com/media/F2Bo7MTaUAAkt2D.jpg","","in","Indonesia","0","1","0","https://twitter.com/cosmosonline/status/1684461628937707520","76302546","cosmosonline"
"1684448140718669825","Thu Jul 27 06:18:26 +0000 2023","28",":: Alasan kenapa Jokowi harus segera dilengserkan. Oleh pemerhati sosial. Simak baek2 videonya dan terus gunakan akal sehat sebelum sakit. https://t.co/e4FFlSKcct","1684448140718669825","https://pbs.twimg.com/ext_tw_video_thumb/1684447991997018112/pu/img/XTpWBlXAcdws4f4p.jpg","","in","","1","1","16","https://twitter.com/DidiekMurdock/status/1684448140718669825","1036943078714572800","DidiekMurdock"
"1684385511346143232","Thu Jul 27 02:09:34 +0000 2023","0","Sekelas instansi sosial kemanusiaan aja udh korup apalagi yang lain masih adakah instansi yg sehat di negeri ini ? Miris Rakyatnya diperas pajak sana sini ","1684385511346143232","","","in","Soc","0","0","0","https://twitter.com/pengenresignaja/status/1684385511346143232","1483056871926013958","pengenresignaja"
"1684120244225466368","Wed Jul 26 08:35:30 +0000 2023","629","Rakyat mulai menyampaikan siapakah yang pantas menjadi Presiden RI tahun 2024. Secara rasional obyektif logis hati nurani yang sehat wal Afiat inginkan perubahan Perubahan yang berkeadilan untuk kesejahteraan sosial bagi seluruh rakyat Indonesia @aniesbaswedan 2024 pilihannya https://t.co/tH6AKjGtop","1684120244225466368","https://pbs.twimg.com/ext_tw_video_thumb/1684120139502092288/pu/img/MkcAUmP0w1fe8jbn.jpg","","in","","4","8","217","https://twitter.com/LANGKAHANIES/status/1684120244225466368","1493158746205614080","LANGKAHANIES"
"1684092093822820354","Wed Jul 26 06:43:38 +0000 2023","1","Giat kasi kesejahteraan sosial mengikuti zoom meeting rapat persiapan verifikasi lanjutan Kabupaten/Kota Sehat. Rabu 26 Juli 2023 Cc : @bag.tapembandung @halobandung @humas_bandung @emasumarna_ @bkpsdm.bdg @kec_bandung_kulon @kang_dankse @amiril_k41n14p @kartila7262 @kartilaelza https://t.co/8XNasqhsXN","1684092093822820354","https://pbs.twimg.com/media/F18Y1O8aYAAJQoX.jpg","","in","Cijerah","0","0","0","https://twitter.com/kelcijerah/status/1684092093822820354","2881587174","kelcijerah"
"1684028226438598658","Wed Jul 26 02:29:51 +0000 2023","0","Pengelola Kesejahteraan Sosial mengikuti Rapat Persiapan Verifikasi Lanjutan Kabupaten/Kota Sehat secara virtual. Rabu 26 Juli 2023 @pembdg @DiskominfoBdg @halo_bandung @humasbandung_ https://t.co/5FcuUg9Cex","1684028226438598658","https://pbs.twimg.com/media/F17epf5aUAE5JgO.jpg","","in","Kota Bandung, Jawa Barat","0","0","0","https://twitter.com/kec_mandalajati/status/1684028226438598658","1910318696","kec_mandalajati"
"1684019953865981952","Wed Jul 26 01:56:59 +0000 2023","0","Hari Kemenkumham 2023 UPT seKaresidenan Pekalongan gelar Bakti Sosial Pengentasan Stunting guna generasi muda yang sehat dan cerdas. #HDKD2023 #BaktiSosial #IndonesiaSehat #StopStunting #Ditjenpas #diary_kemenkumham #KumhamPasti #LapasPekalonganSakpore https://t.co/yCFZUR56Ab","1684019953865981952","","","in","Indonesia","0","0","0","https://twitter.com/lapaspekalongan/status/1684019953865981952","1624410428","lapaspekalongan"
"1683774904053948416","Tue Jul 25 09:43:14 +0000 2023","2","Sedang membaca buku All The Single Ladies dan penulisnya merujuk pada argumen William Julius Wilson (sociologist) yg bilang begini: di lingkungan miskin (sosial dan ekonomi) keberadaan laki-laki muda yg sehat secara emosional dan ekonomi sangat rendah","1683774904053948416","","","in","","0","1","1","https://twitter.com/meutiafaradilla/status/1683774904053948416","3835726752","meutiafaradilla"
"1683716011768553473","Tue Jul 25 05:49:13 +0000 2023","28","Presiden Joko Widodo mengingatkan seluruh masyarakat agar lebih sehat berdemokrasi dalam Pemilu 2024 mendatang. Presiden Jokowi berharap tidak ada ujaran kebencian berita bohong dan fitnah terutama di media sosial. Download #MetroTVXtend sekarang di Play Store! #jokowi https://t.co/biWi199PCf","1683716011768553473","https://pbs.twimg.com/ext_tw_video_thumb/1683715736207003648/pu/img/zjFoDPbEYMi2ZFnf.jpg","","in","","2","34","4","https://twitter.com/Metro_TV/status/1683716011768553473","57261519","Metro_TV"
"1683476817653399552","Mon Jul 24 13:58:45 +0000 2023","6","Alhamdulillah kegiatan sosial #AISDonorDarahNasional berjalan lancar. Total terkumpul 2014 kantong darah dari 2661 pendaftar. Terima kasih kepada semua pendonor jg para mitra &amp; sponsor yg membantu menyukseskan kegiatan ini. Tetap sehat dan sampai jumpa lagi tahun depan https://t.co/w9CIElfeb9","1683476817653399552","https://pbs.twimg.com/media/F1zpPhJWwAENoio.jpg","","in","Bandung, Jawa Barat","1","0","2","https://twitter.com/AIS_BDG/status/1683476817653399552","70942395","AIS_BDG"
"1683452274033725440","Mon Jul 24 12:21:13 +0000 2023","1","Kami PSI berkomitmen memperjuangkan hak konstitusional ini agar tak ada warga yang terhalang berobat. Bersama-sama mari kita wujudkan lingkungan hidup sehat dan jaminan sosial yang memastikan kesehatan bagi semua! https://t.co/pCiaUDsaqe","1683452274033725440","https://pbs.twimg.com/ext_tw_video_thumb/1683452034975166467/pu/img/vAdFvL6EjQZ-PSYJ.jpg","","in","Banyuwangi","0","0","0","https://twitter.com/psi_bwi/status/1683452274033725440","1656633405902295040","psi_bwi"
"1683333889069285376","Mon Jul 24 04:30:48 +0000 2023","2","Perdebatan para dokter di media sosial sudah gak sehat.","1683333889069285376","","","in","Denpasar - Bali","0","2","0","https://twitter.com/dokterbaik_com/status/1683333889069285376","236639447","dokterbaik_com"
"1683095681513459712","Sun Jul 23 12:44:15 +0000 2023","0","Aksi Sosial Marriage Encounter Atambua Gelar Donor Darah di Acara Jalan Sehat Nusantara https://t.co/zKbbFHdOVT","1683095681513459712","","","in","Indonesia","0","0","0","https://twitter.com/nttonlinenow/status/1683095681513459712","447647929","nttonlinenow"
"1683047679184588800","Sun Jul 23 09:33:30 +0000 2023","0","Jamie Foxx akhirnya muncul lagi ke media sosial dan menyapa para penggemarnya. Dia mengaku sudah sehat dan bisa bekerja lagi. https://t.co/amZwqGvSUv","1683047679184588800","","","in","Jakarta, Indonesia","0","0","0","https://twitter.com/detikhot/status/1683047679184588800","137282671","detikhot"
"1683039109034672128","Sun Jul 23 08:59:27 +0000 2023","2","* Selamat Hari Anak Nasional * 23 Juli 2023 . Dlm pelaksanaan pola asuh anak mmiliki bbrp hak yg hrs dipenuhi diantaranya anak mdptkan perlindungan / keamanan mdpt makanan yg ckp &amp; sehat perawatan fisik kompetensi emosi sosial moral kepercayaan diri. @PDemokrat https://t.co/5J9qBqfwYz","1683039109034672128","https://pbs.twimg.com/ext_tw_video_thumb/1683038988247121920/pu/img/tqJTn0uuG3g0PggI.jpg","","in","Jakarta","0","0","0","https://twitter.com/ingrid_kansil/status/1683039109034672128","377135702","ingrid_kansil"
"1683037311049814016","Sun Jul 23 08:52:18 +0000 2023","1","Jajaran Personil Polsek Danurejan dan Bhabinkamtibmas Kelurahan Bausasran Aiptu Agus Hartanto melaksanakan Pengamanan giat Jalan Sehat Bakti Sosial dan pemeriksaan Kesehatan di SD Muhamadiyah Bausasran Jl. Ronodigdayan dalam rangka Musyawarah cabang Muhammadiyah Danurejan Yka. https://t.co/c2Jd2MxQAg","1683037311049814016","https://pbs.twimg.com/media/F1tZgPUaAAAYvQy.jpg","","in","Danurejan, Indonesia","0","0","0","https://twitter.com/polsekdanurejan/status/1683037311049814016","1150952495973191681","polsekdanurejan"
"1683027980891856897","Sun Jul 23 08:15:14 +0000 2023","0","Jangan Sampai Kita Kehilangan Akal Sehat Taktik Mereka Sudah Bisa Dibaca Hibah Dana Sosial Semasa Anis Numpuknya Ke HTI dan FPI 212 Dan Sengaja Mereka Disuruh Tidur Dulu Sampai Hari H Kalau Sekarang Mereka Muncul Pasti Masyarakat Akan Menghujat Nilai Mereka Akan Negatif...","1683027980891856897","","","in","","0","0","0","https://twitter.com/dt_azwen/status/1683027980891856897","1456546341828452355","dt_azwen"
"1682917073415204864","Sun Jul 23 00:54:32 +0000 2023","1","Jajaran Personil Polsek Danurejan dan Bhabinkamtibmas Kelurahan Bausasran Aiptu Agus Hartanto melaksanakan Pengamanan giat Jalan Sehat Bakti Sosial dan pemeriksaan Kesehatan di SD Muhamadiyah Bausasran Jl. Ronodigdayan dalam rangka Musyawarah cabang Muhammadiyah Danurejan Yka. https://t.co/rOoIAAugoT","1682917073415204864","https://pbs.twimg.com/media/F1rsJueaAAUgqus.jpg","","in","Danurejan, Indonesia","0","0","0","https://twitter.com/polsekdanurejan/status/1682917073415204864","1150952495973191681","polsekdanurejan"
"1682708708198080512","Sat Jul 22 11:06:33 +0000 2023","0","Berbagi Kebaikan: Senam Sehat &amp; Bantuan Sosial 50 Paket Sembako oleh Relawan Sedulur Saklawase Relawan Sedulur Saklawase kembali menggelar senam sehat &amp; bantuan sosial 50 paket sembako. https://t.co/7vntLGKImC","1682708708198080512","https://pbs.twimg.com/media/F1oupe8aIAIBxoY.jpg","","in","","0","1","0","https://twitter.com/RelawanHerviano/status/1682708708198080512","1238016326758621185","RelawanHerviano"
"1682487161214623744","Fri Jul 21 20:26:12 +0000 2023","4","Buka mata nalar akal sehat.. Kita jangan nyantai-nyantai saja seolah Pancasila NKRI dapat terus eksis. Beragam rongrongan akan terus ada apalagi di era media sosial. Banyak konten yang media sosial nyata-nyata mengancam eksistensi Pancasila next.. https://t.co/72YX70GI1Q","1682487161214623744","","","in","SIRI'NA PESSE","0","1","4","https://twitter.com/patualanggaAsse/status/1682487161214623744","710763230445113344","patualanggaAsse"
"1682341550590935042","Fri Jul 21 10:47:36 +0000 2023","0","et di en of de dey gue bikin akun utk kehidupan sosial yang lebih sehat dan penuh citra bagus","1682341550590935042","","","in","","0","0","0","https://twitter.com/dnd_kolejj/status/1682341550590935042","1682339991098392581","dnd_kolejj"
"1682312821458219008","Fri Jul 21 08:53:27 +0000 2023","1","Kecemasan sosial dapat sangat mengganggu kehidupan sehari-hari dan membatasi seseorang dalam menjalin hubungan sosial yang sehat. Padahal hubungan sosial berperan penting dalam berbagai aspek kehidupan seperti bekerja mencari teman baru hingga bepergian sebagai traveler. https://t.co/hVlSALKWCT","1682312821458219008","https://pbs.twimg.com/media/F1jGkOsagAAlw4w.jpg","","in","Nanggewer, Cibinong Bogor","0","0","0","https://twitter.com/edunitas/status/1682312821458219008","1224516143840260098","edunitas"
"1682308247292874753","Fri Jul 21 08:35:16 +0000 2023","1","Dedek @Uki23 &amp; @psi_id yg unyuk2. Alasanmu gratiskan BPJS demi KEADILAN SOSIAL Kalian kalah cepat dr seorg @aniesbaswedan Keadilan sosial mjd agenda utama Anies saat jd Gub sd ke depan. Politik kebencian kalian pd Anies sgt menutup hati &amp; akal sehat kalian. Nih dikit bukti https://t.co/bGuAu4ZnBY","1682308247292874753","https://pbs.twimg.com/ext_tw_video_thumb/1682308073732579328/pu/img/EZPKsUOE7mqoScmd.jpg","","in","","0","0","0","https://twitter.com/pinaraci_om/status/1682308247292874753","1558850788419829761","pinaraci_om"
"1682259165060710401","Fri Jul 21 05:20:14 +0000 2023","3","Berikut Moment Kepala Stasiun TVMU Yogyakarta Memberikan Doorprize kepada Pemenang Undian dalam agenda Senam Sehat di UAD FAIR 2023 Ikuti Akun Media Sosial Kami di Link Berikut ini https://t.co/t2e9WYxTHZ #muhammadiyah #aisyiyah #tvmujogja #tvmuhammadiyah #uadfair2023 https://t.co/7BU8oE4SJh","1682259165060710401","https://pbs.twimg.com/media/F1iVyqPWYAA69hQ.jpg","","in","Yogyakarta, D.I.Y","0","0","2","https://twitter.com/tvmujogja_/status/1682259165060710401","1445239305237000196","tvmujogja_"
"1682216035204890624","Fri Jul 21 02:28:51 +0000 2023","0","KPPN Malang mengajak kita untuk melawan kejahatan sosial yakni korupsi dan gratifikasi sehingga akan menjadikan dunia dengan birokrasi yang lebih sehat. Untuk mengakhiri korupsi kita semua harus bergandengan tangan dan memulai perjuangan melawan masalah sosial yang serius ini https://t.co/Wgsx4R6STc","1682216035204890624","https://pbs.twimg.com/ext_tw_video_thumb/1682215957492797440/pu/img/AiM_kcwpXRwFNF9Q.jpg","","in","Malang","0","1","0","https://twitter.com/h_kppnmalang/status/1682216035204890624","1616777831308218368","h_kppnmalang"
"1682209584801366016","Fri Jul 21 02:03:13 +0000 2023","4","Diawali dengan senam sehat bersama civitas akademika UAD nihhh oh iya slide terakhir tim produksi TVMU Yogyakarta dapet bonuss nih dari BIMAWA UAD Ikuti Akun Media Sosial Kami di Link Berikut ini https://t.co/t2e9WYxTHZ #muhammadiyah #aisyiyah #tvmujogja #tvmuhammadiyah https://t.co/EBDzyUDx2j","1682209584801366016","https://pbs.twimg.com/media/F1hostQXgAEcshe.jpg","","in","Yogyakarta, D.I.Y","0","0","2","https://twitter.com/tvmujogja_/status/1682209584801366016","1445239305237000196","tvmujogja_"
"1682188344891981825","Fri Jul 21 00:38:49 +0000 2023","1","Maraknya jual beli barang di media sosial menjadi fenomena baru yang perlu pengaturan. Tujuan pengaturan ulang adalah mencegah praktik tidak sehat di pasar e-dagang. #Ekonomi #AdadiKompas https://t.co/64gL4kEhen","1682188344891981825","","","in","Palmerah, Jakarta","0","0","1","https://twitter.com/hariankompas/status/1682188344891981825","255866913","hariankompas"
"1682015044169793539","Thu Jul 20 13:10:11 +0000 2023","3","Yukk wujudkan lingkungan hidup sehat dan jaminan sosial yang memastikan Kesehatan bagi Semua!","1682015044169793539","","","in","","0","0","2","https://twitter.com/Penjagajokowi1/status/1682015044169793539","1310285665603448833","Penjagajokowi1"
"1681836932492591105","Thu Jul 20 01:22:26 +0000 2023","1","Yuk kawan Bersama-sama wujudkan lingkungan hidup sehat dan jaminan sosial yang memastikan Kesehatan bagi Semua.. Indonesia Sehat","1681836932492591105","","","in","Jakarta Selatan, DKI Jakarta","0","0","0","https://twitter.com/7skies7days/status/1681836932492591105","1442980124119293957","7skies7days"
"1681706185265917953","Wed Jul 19 16:42:53 +0000 2023","2","Kami PSI berkomitmen memperjuangkan hak konstitusional ini agar tak ada warga yang terhalang berobat! Bersama-sama mari kita wujudkan lingkungan hidup sehat dan jaminan sosial yang memastikan Kesehatan bagi Semua! https://t.co/eaFvZcsG3P","1681706185265917953","https://pbs.twimg.com/ext_tw_video_thumb/1681705989102518277/pu/img/cAR_ov-6EohB1f52.jpg","","in","Bekasi, Jawa Barat","0","1","1","https://twitter.com/psikotabekasi/status/1681706185265917953","4712757960","psikotabekasi"
"1681680124264218626","Wed Jul 19 14:59:20 +0000 2023","0","Malas buka sosial media itu salah satunya y karna males aja ngeliat postingan happy nya org org ditengah idup yg semrawut. Utk ngejaga mental ttp sehat ya gausah liat yg ga perlu &amp; gausah cari tahu yg ga perlu. . Sesimpel itu","1681680124264218626","","","in","Indonesia","0","0","0","https://twitter.com/namakumelani/status/1681680124264218626","289340443","namakumelani"
"1681660959922995201","Wed Jul 19 13:43:11 +0000 2023","1","DJSN Sebut Dana Jaminan Sosial Kesehatan Sehat hingga 2024 tapi.... #TempoBisnis https://t.co/jvcKhsg6iX","1681660959922995201","","","in","Indonesia","0","0","0","https://twitter.com/tempodotco/status/1681660959922995201","18129942","tempodotco"
"1681654182653337600","Wed Jul 19 13:16:15 +0000 2023","107","Kami PSI berkomitmen memperjuangkan hak konstitusional ini agar tak ada warga yang terhalang berobat! Bersama-sama mari kita wujudkan lingkungan hidup sehat dan jaminan sosial yang memastikan Kesehatan bagi Semua! #bpjs #bpjsgratis #partaisolidaritasindonesia https://t.co/owgUYoU9MZ","1681654182653337600","https://pbs.twimg.com/amplify_video_thumb/1681653428261634048/img/qmKCtkBv9uV6faws.jpg","","in","Jakarta Capital Region","21","140","30","https://twitter.com/psi_id/status/1681654182653337600","3102442327","psi_id"
"1681605727658610688","Wed Jul 19 10:03:42 +0000 2023","1","Guna mewujudkan wilayah desa binaan yang sehat Babinsa Koramil 15/Ngombol Kodim 0708/Purworejo Sertu Subandriya melaksanakan Komunikasi Sosial bersama bidan desa di Posyandu Desa Girirejo Kecamatan Ngombol Kabupaten Purworejo. https://t.co/39KRn6Woie","1681605727658610688","https://pbs.twimg.com/media/F1ZDf1naEAMv8m1.jpg","","in","","0","0","0","https://twitter.com/KNgombol/status/1681605727658610688","1357143309618040833","KNgombol"
"1681577293683249153","Wed Jul 19 08:10:43 +0000 2023","1","Sehat adalah kondisi baik fisik mental dan sosial yang terbebas dari penyakit atau kelemahan. Bugar adalah suatu kondisi dimana anda tidak mudah merasa lelah walaupun sudah melakukan berbagai macam aktifitas.","1681577293683249153","","","in","Trenggalek, Indonesia","0","0","0","https://twitter.com/SandhyIrawan7/status/1681577293683249153","1282556802517700608","SandhyIrawan7"
"1681574991379435521","Wed Jul 19 08:01:34 +0000 2023","2","Di fase ini gue pun percaya cinta yang paling suci itu adalah cinta di masa remaja yg biasa disebut cinta monyet! Kita bisa bener2 kasmaran dengan orang tanpa mandang seabrek standar sosial yg sering muncul di fyp tiktok dan itu menyenangkan tanpa beban drama yg sehat!!","1681574991379435521","","","in","Rembang, Indonesia","0","1","0","https://twitter.com/ahmdbstnl/status/1681574991379435521","1196056632196599808","ahmdbstnl"
"1681316324356784129","Tue Jul 18 14:53:43 +0000 2023","0","Saestu terkadang apa yang ia tampilkan di media sosial adalah kebalikan dari apa yang sedang ia alami. Sehat selalu ","1681316324356784129","","","in","","0","0","0","https://twitter.com/Ifanafuddin14/status/1681316324356784129","1026248059171164161","Ifanafuddin14"
"1681311090653937664","Tue Jul 18 14:32:55 +0000 2023","0","Industrialisasi nasional yang berdaulat &amp; setara di antara kerjasama global supply chain yang berkemajuan terhadap pertumbuhan &amp; pembangunan sosial ekonomi seyogyanya menjadi alasan kuat pembangunan manusia berkualitas sehat dan berkepribadian nasional dalam kebudayaan!","1681311090653937664","","","in","","0","0","0","https://twitter.com/momentumdotid/status/1681311090653937664","1680503603918946304","momentumdotid"
"1681158266385227776","Tue Jul 18 04:25:39 +0000 2023","0","[Departemen Sosial Masyarakat HIMAMIA FMIPA UNNES Proudly Present ] PERPANJANGAN OPEN RECRUITMENT TENTOR KIMIA MENGAJAR 2023 Halo Mahasiswa Kimia Gimana kabarnya? Semoga selalu sehat dan baik-baik saja ya. https://t.co/RVoYI9CGXp","1681158266385227776","https://pbs.twimg.com/media/F1SrXuTagAUk2lr.jpg","","in","Semarang - Indonesia","0","1","0","https://twitter.com/HimamiaUnnes/status/1681158266385227776","1228963440","HimamiaUnnes"
"1681021393264328704","Mon Jul 17 19:21:46 +0000 2023","1","Dalam bakti sosial dan senam sehat bersama masyarakat Relawan Asandra Salsabila menghadirkan atmosfer yang penuh keceriaan dan kebersamaan. Masyarakat berpartisipasi dengan antusias merasakan manfaat baik dari bantuan yang diberikan maupun energi positif yang terpancar dalam https://t.co/LyBivNdQOa","1681021393264328704","https://pbs.twimg.com/ext_tw_video_thumb/1681021279611285504/pu/img/ZCR_aw-UiudCnsq0.jpg","","in","Malang","0","0","1","https://twitter.com/RelawanAsandra/status/1681021393264328704","1185800561301442561","RelawanAsandra"
"1681018683647467521","Mon Jul 17 19:11:00 +0000 2023","1","Dalam bakti sosial dan senam sehat bersama masyarakat Relawan Asandra Salsabila menghadirkan atmosfer yang penuh keceriaan dan kebersamaan. Masyarakat berpartisipasi dengan antusias merasakan manfaat baik dari bantuan yang diberikan maupun energi positif yang terpancar dalam https://t.co/6Id2Bk7Lw5","1681018683647467521","https://pbs.twimg.com/ext_tw_video_thumb/1681018534175051776/pu/img/PdSvLYGRGRa5WnkS.jpg","","in","Malang","0","0","1","https://twitter.com/RelawanAsandra/status/1681018683647467521","1185800561301442561","RelawanAsandra"
"1680938519383138306","Mon Jul 17 13:52:28 +0000 2023","0","Mendorong pengembangan keterampilan sosial dan emosional akan membantu siswa mengembangkan hubungan yang sehat dan kecerdasan emosional yang kuat. #seruuubos","1680938519383138306","","","in","","0","0","0","https://twitter.com/AjiTeguh04/status/1680938519383138306","65543322","AjiTeguh04"
"1680868397129814017","Mon Jul 17 09:13:49 +0000 2023","2","Sekilas kegiatan klien rehabilitasi yang tengah mengikuti Kegiatan Kelompok Tematik (KKT) kelas Pola Hidup Sehat yang dibawakan oleh bro Happy Heriawan. Kegiatan KKT ini diadakan 2 x dalam sehari bagi klien-klien yang sudah berada di tahapan rehabilitasi sosial dimana https://t.co/8dGBCU6zAS","1680868397129814017","https://pbs.twimg.com/media/F1Ok5RPaEAIvGu6.jpg","","in","Kota Batam, Kepulauan Riau","0","1","1","https://twitter.com/rehab_batam_bnn/status/1680868397129814017","4787177353","rehab_batam_bnn"
"1680845112761540608","Mon Jul 17 07:41:18 +0000 2023","0","mengurangi konsumsi bermedia sosial asik juga ya sehat akal pikiran","1680845112761540608","","","in","","0","0","0","https://twitter.com/rakjatdjabar/status/1680845112761540608","719176093308071938","rakjatdjabar"
"1680590528285650944","Sun Jul 16 14:49:40 +0000 2023","1","Dinas Sosial Kabupaten Bekasi Mengucapkan : Selamat Ulang Tahun Ke 46 16 Juli 2023 Bapak H.M. B.N. HOLIK QODRATULLOH SE https://t.co/gXLRIecxKo Ketua DPRD Kab. Bekasi Semoga Panjang Usia Sehat Jiwa Raga Semakin Bijaksana dan Selalu Dalam Lindungan AllahYang Maha Kuasa https://t.co/dfwdFqHcPb","1680590528285650944","https://pbs.twimg.com/media/F1KoJNMaYAEBqNT.jpg","","in","","0","0","0","https://twitter.com/dinsos_bkskab/status/1680590528285650944","1420936360924307457","dinsos_bkskab"
"1680547429043544068","Sun Jul 16 11:58:24 +0000 2023","1","Dinas Sosial Kabupaten Bekasi mengucapkan : Selamat Ulang Tahun Ke 66 -15 Juli 2023- H. M. KUNANG (Abah Kunang) - Ketua Umum Garda Pasundan Jabar - Kades Sukadami Kec. Ciksel Semoga Panjang Usia Sehat Jiwa Raga Semakin Bijaksana dan Selalu Dalam Lindungan Yang Maha Kuasa https://t.co/5jsgIxA3CM","1680547429043544068","https://pbs.twimg.com/media/F1KA9b2aUAM9GXE.jpg","","in","","0","0","1","https://twitter.com/dinsos_bkskab/status/1680547429043544068","1420936360924307457","dinsos_bkskab"
"1680534194148057088","Sun Jul 16 11:05:49 +0000 2023","1","Relawan Asandra Salsabila Bakti Sosial dan Senam Sehat di Krajan Kabupaten Malang Relawan Asandra Salsabila tak hanya berhenti pada kegiatan bakti sosial yang menyentuh tetapi juga memahami betapa pentingnya menjaga kesehatan fisik dan mental. #AsandraSalsabila #PPP https://t.co/AjbkFIUn1L","1680534194148057088","https://pbs.twimg.com/ext_tw_video_thumb/1680534070504333317/pu/img/5nzZkT0D0YYZs-JT.jpg","","in","Malang","0","0","1","https://twitter.com/RelawanAsandra/status/1680534194148057088","1185800561301442561","RelawanAsandra"
"1680420980039245824","Sun Jul 16 03:35:57 +0000 2023","0","yaaaps~ dalam sebuah penelitian terkait dengan ekspolorasi permasalahan klien (2018) 34 05% mengalami masalah hubungan interpersonal. relasi sehat dan positif ini berbanding lurus dengan kondisi kesehatan mental kita hloo. jadi bijak yuk dalam berelasi di lingkungan sosial","1680420980039245824","","","in","","0","0","1","https://twitter.com/nirmalajati/status/1680420980039245824","207941930","nirmalajati"
"1680411930744483840","Sun Jul 16 02:59:59 +0000 2023","0","Akal sehat menentukan arah bangsa maka pilihlah yg punya akal sehat demi visi keadilan sosial bagi seluruh rakyat Indonesia.","1680411930744483840","","","in","","0","0","0","https://twitter.com/yus6200207_hati/status/1680411930744483840","1492148794175082496","yus6200207_hati"
"1680157613055692800","Sat Jul 15 10:09:25 +0000 2023","0","[MEET OUR TEAM] Hallo Aktinerss ! Semoga dalam keadaan sehat dan tetap semangat ! Siapa saja sih orang-orang dari Aktinoella Team yang super kece dan kerenn ini? Pantau terus kegiatan kami melalui sosial media Aktinoella Team #pkm #pkm2023 #pkmpendanaan2023 https://t.co/oRrEr7lsIA","1680157613055692800","https://pbs.twimg.com/media/F1EeZtWaAAAqN7N.jpg","","in","Yogyakarta","0","0","0","https://twitter.com/pkmugm_aktino/status/1680157613055692800","1675319920178118656","pkmugm_aktino"
"1680089456731381760","Sat Jul 15 05:38:35 +0000 2023","1","Wujudkan Wilayah Yang Sehat Babinsa Koramil 1413-04/Mawasangka Komsos Dengan Bidan Desa Buteng - Babinsa Koramil 1413-04 /Mawasangka Serda Saafi melaksanakan Komunikasi Sosial dengan Bidan Desa di Desa Wasilomata 1Kecamatan Mawasangka Kabupaten Buton Tengah https://t.co/GidhgEg6FZ","1680089456731381760","https://pbs.twimg.com/media/F1DfwGtakAEJpLd.jpg","","in","","0","0","0","https://twitter.com/Kodim1413B/status/1680089456731381760","1593498575191048192","Kodim1413B"
"1680048617695121411","Sat Jul 15 02:56:18 +0000 2023","0","[COMING REALLY SOON] Halo Sobat PKM! Gimana nih kabar kalian? Semoga baik dan sehat selalu yaa Selamat datang di akun resmi Wake Mask Untuk tau kegiatan yang akan kami lakukan ke depannya stay tuned terus yaa di akun sosial media kami dan jangan sampai ketinggalann!!","1680048617695121411","","","in","","0","1","0","https://twitter.com/wakemask_pkmk/status/1680048617695121411","1679382847990435840","wakemask_pkmk"
"1680045562769575937","Sat Jul 15 02:44:10 +0000 2023","0"," Selamat Memperingati Hari Ulang Tahun Ke-57 IKKT Pragati Wira Anggini yang jatuh pada tanggal 14 Juli 2023. HUT Ke-57 IKKT th dengan tema IKKT Pragati Wira Anggini berperan aktif meningkatkan kepedulian sosial guna mewujudkan keluarga yang sehat cerdas tangguh dan kreatif. https://t.co/JvaH9fnyvq","1680045562769575937","https://pbs.twimg.com/media/F1C4h4yacAApO1U.jpg","","in","","0","0","0","https://twitter.com/PRLimpung/status/1680045562769575937","1301003204021243904","PRLimpung"
"1679888796098392066","Fri Jul 14 16:21:14 +0000 2023","0"," Selamat Memperingati Hari Ulang Tahun Ke-57 IKKT Pragati Wira Anggini yang jatuh pada tanggal 14 Juli 2023. HUT ke-57 IKKT dengan tema IKKT Pragati Wira Anggini berperan aktif dala meningkatkan kepedulian sosial guna mewujudkan keluarga yang sehat cerdas tangguh dan kreatif https://t.co/1hxuCQW27u","1679888796098392066","https://pbs.twimg.com/media/F1Ap8qjaMAA8X02.jpg","","in","","0","0","0","https://twitter.com/PRLimpung/status/1679888796098392066","1301003204021243904","PRLimpung"
"1679887114731921409","Fri Jul 14 16:14:33 +0000 2023","0","Selamat Memperingati Hari Ulang Tahun Ke-57 IKKT Pragati Wira Anggini yang jatuh pada tanggal 14 Juli 2023. HUT Ke-57 IKKT dengan tema IKKT Pragati Wira Anggini berperan aktif dalam meningkatkan kepedulian sosial guna mewujudkan keluarga yang sehat cerdas tangguh dan kreatif https://t.co/NXTMt7LY3V","1679887114731921409","https://pbs.twimg.com/media/F1Aoai2aIAIM5n5.jpg","","in","","0","0","0","https://twitter.com/PRLimpung/status/1679887114731921409","1301003204021243904","PRLimpung"
"1679842815327752196","Fri Jul 14 13:18:31 +0000 2023","3","Saat ini saya sedang membutuhkan responden untuk penelitian Skala Final Tugas Akhir saya. Jika kamu termasuk dalam kriteria ini: 1. Fans K-Pop 2. Menggunakan media sosial twitter tolong bantu isi kuesioner ini yaa: https://t.co/S00h7OJJ9M Terimakasih semoga sehat selalu. https://t.co/dyWMlLYR8H","1679842815327752196","https://pbs.twimg.com/media/F1AAIoLaAAAqudq.jpg","","in","Dunia Halu","2","14","1","https://twitter.com/menglelahbucin/status/1679842815327752196","953931744985497602","menglelahbucin"
"1679744004051845121","Fri Jul 14 06:45:53 +0000 2023","0","Gusti paringi sehat selamet sabar syukur lan manah ingkang duweni roso cukup Mugi kulo saget terus manfaat lan migunani kanggo manungso uga kegiatan sosial ","1679744004051845121","","","in","malang","0","0","0","https://twitter.com/dickytriyan_/status/1679744004051845121","479484333","dickytriyan_"
"1679729238633775115","Fri Jul 14 05:47:13 +0000 2023","0","Lowongan Kerja Tripio Computer Purwokerto Frontliner (FL) Kualifikasi : Pendidikan terakhir SMA/SMK Bertanggung jawab &amp; mampu bekerja di dalam team Sehat jasmani dan rohani Supel dan mudah bergaul Aktif sosial media dan banyak followers Selengkapnya di: https://t.co/9JotvwQR7q","1679729238633775115","","","in","","0","0","0","https://twitter.com/karirpurwokerto/status/1679729238633775115","1237416418338992130","karirpurwokerto"
"1679555250217451520","Thu Jul 13 18:15:50 +0000 2023","0","Cukup sepeda sehat sporty marathon lodeh kurus personal branding konsisten persisten religi travel multitasking americano hiking fleksibel pengusaha couple sosial sak madyo gemi prioritas work balance wife learning jalan ayah.","1679555250217451520","","","in","","0","0","0","https://twitter.com/maemopodek/status/1679555250217451520","1076080193855344640","maemopodek"
"1679457926241751040","Thu Jul 13 11:49:07 +0000 2023","2"," alasan aku masih mau ttp hdp️ aku msh mau nonton dia baik dia di timnas / di klubnya biasanya dia ke bali utk sosial aja kalaupun dia gak ikut ke Bali bantuan soaialnya jg sampe ke panti di Bali sehat sehat ya banggg (TITIPAN) https://t.co/14R88Tz5F3","1679457926241751040","https://pbs.twimg.com/media/F06iFLqaUAAxb_B.jpg","","in","Indonesia","0","0","0","https://twitter.com/tanyarlfes/status/1679457926241751040","1371650588","tanyarlfes"
"1679399999342530561","Thu Jul 13 07:58:56 +0000 2023","1","KPPN Malang mengajak kita untuk melawan kejahatan sosial yakni korupsi dan gratifikasi sehingga akan menjadikan dunia dengan birokrasi yang lebih sehat. Untuk mengakhiri korupsi kita semua harus bergandengan tangan dan memulai perjuangan melawan masalah sosial yang serius ini. https://t.co/Y5ujvMPWko","1679399999342530561","https://pbs.twimg.com/ext_tw_video_thumb/1679399893302136832/pu/img/HMsPmqtg3QSw8rjT.jpg","","in","Malang","0","1","0","https://twitter.com/h_kppnmalang/status/1679399999342530561","1616777831308218368","h_kppnmalang"
"1679375873936588801","Thu Jul 13 06:23:04 +0000 2023","0","Emang MANTUL n KEREN BANGET ANIES! Benar2 menerapkan slogan KEADILAN SOSIAL ketika jd GUBERNUR n jg jk terpilih jd PRESIDEN! Terbukti sdh berpihak pd: BURUH PENDIDIK/GURU PENSIUNAN PELAJAR SOPIR DISABILITAS UMAT BERAGAMA semua deh... Orang WARAS n AKAL SEHAT pasti pilih ANIES!","1679375873936588801","","","in","","0","0","0","https://twitter.com/yahyaasyar42633/status/1679375873936588801","1676864371987996672","yahyaasyar42633"
"1679330126117609473","Thu Jul 13 03:21:17 +0000 2023","0","Kalah bondo kalah kasil kalah status sosial. Menang sehat waras slamet bahagia menang kadep anak bojo sabendinone.","1679330126117609473","","","in","Temanggung","0","0","0","https://twitter.com/wicaksono_as/status/1679330126117609473","3249333774","wicaksono_as"
"1679328899766054914","Thu Jul 13 03:16:24 +0000 2023","0","BAKTI SOSIAL POLSEK MALUNDA Kegiatan peduli lingkungan yg dilakukan oleh jajaran Polsek Malunda demi terciptanya lingkungan yg bersih dan sehat. https://t.co/IiAZjOGzKL","1679328899766054914","https://pbs.twimg.com/ext_tw_video_thumb/1679328805020925953/pu/img/cKc9slIuHHksJIjh.jpg","","in","","0","0","0","https://twitter.com/malunda_polsek/status/1679328899766054914","1611247104000942080","malunda_polsek"
"1678995661814136832","Wed Jul 12 05:12:14 +0000 2023","0","Komunitas di jeketi udah mulai gak sehat penikmat lewat sosial media aja cape gimana yang langsung ketemu","1678995661814136832","","","in","","0","0","0","https://twitter.com/thekikill/status/1678995661814136832","1170711306514489344","thekikill"
"1678980812866465792","Wed Jul 12 04:13:14 +0000 2023","0","Kesehatan mental menjadi bagian yang sangat penting bagi kesehatan &amp; kesejahteraan seseorang secara menyeluruh. Orang tua berpersn penting mendukung kesehatan mental buah hatinya agar dapat mengembangkan keterampilan sosial &amp; emosional untuk hidup bahagia sehat dan sejahtera. https://t.co/ca4y0mrzEZ","1678980812866465792","https://pbs.twimg.com/media/F0zwJg_aUAYLPai.jpg","","in","Pekanbaru, Riau","0","0","0","https://twitter.com/tvristasiunriau/status/1678980812866465792","721625087686811648","tvristasiunriau"
"1678939773698998272","Wed Jul 12 01:30:09 +0000 2023","0","Realitanya hidup tenang itu TIDAK sederhana... Harus tau Tujuan hidup yaitu berjumpa dg Alloh lewat IBADAH : Brdzikir kpd Alloh meta'ti aturannya berdo'a mohon hidayah dan taufiq punya pasangan yg ganteng atau cantik berstatus sosial tinggi banyak uang tubuh dan jiwa yg sehat...","1678939773698998272","","","in","","0","0","0","https://twitter.com/Jajafakhruddin1/status/1678939773698998272","1488292897342455809","Jajafakhruddin1"
"1678773125545365505","Tue Jul 11 14:27:57 +0000 2023","0","Kesehatan adalah keadaan sehat setiap orang baik secara fisik mental spiritual maupun sosial yang memungkinkannya untuk hidup produktif secara sosial dan ekonomis. complicated","1678773125545365505","","","in","Jawa Timur, Indonesia","0","0","0","https://twitter.com/adimasb_/status/1678773125545365505","600791894","adimasb_"
"1678735899138351104","Tue Jul 11 12:00:02 +0000 2023","1","emang udah paling bener kalo mau mental sehat dan terjaga tidak perlu terlalu aktif sosial media.","1678735899138351104","","","in","Yogyakarta","0","0","1","https://twitter.com/buburhayam/status/1678735899138351104","3070128368","buburhayam"
"1678584170141065216","Tue Jul 11 01:57:07 +0000 2023","0","Selamat Ulang Tahun Drs.H. ENDIN SAMSUDIN https://t.co/gXLRIecxKo Kepala Dinas Sosial Kabupaten Bekasi Ke 49 (11 Juli 1974-11 Juli 2023) Semoga Panjang Usia Sehat Jiwa Raga Semakin Bijaksana dan Senantiasa dalam lindungan Yang Maha Kuasa https://t.co/8Ac1Fjg8Hg","1678584170141065216","https://pbs.twimg.com/media/F0uHYt8agAIagjm.jpg","","in","","0","0","0","https://twitter.com/dinsos_bkskab/status/1678584170141065216","1420936360924307457","dinsos_bkskab"
"1678458014830051328","Mon Jul 10 17:35:49 +0000 2023","0","HS itu hidup sehat / hubungan sosial?","1678458014830051328","","","in","Planet Saturnus ","0","3","0","https://twitter.com/Viamy_jkgf/status/1678458014830051328","1269302054872215552","Viamy_jkgf"
"1678308441381810178","Mon Jul 10 07:41:28 +0000 2023","1","#Repost @kejati_aceh dalam rangka Hari Bhakti Adhyaksa yang ke 63 Tahun 2023 Kejaksaan Tinggi Aceh melaksanakan kegiatan pengabdian kepada masyarakat dalam bentuk Bakti Sosial Khitanan Massal dengan tema Siapkan Generasi Penerus Bangsa Yang Sehat Jasmani Serta Rohani . https://t.co/9t7TAJEeZE","1678308441381810178","https://pbs.twimg.com/media/F0qMLKjakAAZqQg.jpg","","in","Simeulu Timur, Indonesia","0","1","0","https://twitter.com/knsimeulue/status/1678308441381810178","1316296690194771968","knsimeulue"
"1678246704762744832","Mon Jul 10 03:36:09 +0000 2023","0","Dukung Kegiatan Sosial Donor Darah Jefridin: Membang Masyarakat Batam Sehat dan Sejahtera https://t.co/lawVnNI6Fa via @smnnews.co.id","1678246704762744832","","","in","Kediri jawa timur","0","0","0","https://twitter.com/SMNNews3/status/1678246704762744832","1186176545737412608","SMNNews3"
"1677618625547743233","Sat Jul 08 10:00:23 +0000 2023","0","Tips sehat jangan dulu buka sosial media untuk beberapa hari kedepan.","1677618625547743233","","","in","Indonesia","0","0","0","https://twitter.com/makassararena/status/1677618625547743233","1508172763","makassararena"
"1677557359256961024","Sat Jul 08 05:56:56 +0000 2023","0","Kabupaten jombang dan Kabupaten Subang. Kegiatan ini dikenal sebagai program Qurban Sehat Kimia Farma yang merupakan bentuk tanggung jawab sosial lingkungan perusahaan dan terlaksana hasil kolaborasi antara KAEF dengan anak usahanya.","1677557359256961024","","","in","","0","0","0","https://twitter.com/Bumn_Crbn_Sigap/status/1677557359256961024","1435526014730326018","Bumn_Crbn_Sigap"
"1677343334623481857","Fri Jul 07 15:46:29 +0000 2023","0","Pengurus Pusat the Jakmania menolak keras adanya tindakan seksis dan rasis baik di sosial media maupun di dunia nyata. Ciptakan bersama kehidupan yang sehat dengan saling menghargai perbedaan dan menghormati sesama manusia. Anak the Jak asik-asik _ #InfokomJakmania https://t.co/vzliFipP6L","1677343334623481857","https://pbs.twimg.com/media/F0ce3kCaIAAroeR.jpg","","in","Sepatan, Banten","0","0","0","https://twitter.com/jaktang_ut/status/1677343334623481857","3193237962","jaktang_ut"
"1677284906337185793","Fri Jul 07 11:54:18 +0000 2023","0","kan aing teh not sosial baterflai ya atuh gimana","1677284906337185793","","","in","","0","0","0","https://twitter.com/anakkuat_sehat/status/1677284906337185793","1630363933847748609","anakkuat_sehat"
"1677244814847365121","Fri Jul 07 09:15:00 +0000 2023","0","Menghadapi berbagai situasi sosial dengan baik adalah keterampilan yang berharga dalam menjalin hubungan yang sehat dan membangun komunikasi yang efektif. https://t.co/sW9kBRVIiK","1677244814847365121","","","in","Cianjur, Indonesia","0","0","0","https://twitter.com/cianjurekspres/status/1677244814847365121","393493493","cianjurekspres"
"1676867237976883200","Thu Jul 06 08:14:38 +0000 2023","1","Guna mewujudkan wilayah desa binaan yang sehat Babinsa Koramil 15/Ngombol Kodim 0708/Purworejo Sertu Sigit melaksanakan Komunikasi Sosial bersama bidan desa di Posyandu Desa Candi Kecamatan Ngombol Kabupaten Purworejo. https://t.co/BxkSeFXqcQ","1676867237976883200","https://pbs.twimg.com/media/F0Vt3ZBacAEy_iV.jpg","","in","","0","0","0","https://twitter.com/KNgombol/status/1676867237976883200","1357143309618040833","KNgombol"
"1676838350551134208","Thu Jul 06 06:19:51 +0000 2023","38","YUUUUUUK GUYS .... JADI PEMILIH CERMAT &amp; SEHAT Sbg Pemilih Sebaiknya Kita Rajin Menelusuri Informasi Rekam Jejak Calon Pilihannya : Pendidikan Ltr blkg klga Aktivitas Sosial dan PRESTASI. Termasuk Sebuah VISI dan MISI Yang dibuat apkh sdh Relevan atau belum. 🇮🇩 1 https://t.co/fhtmRxbsRl","1676838350551134208","https://pbs.twimg.com/ext_tw_video_thumb/1676838298868940801/pu/img/bho35y-t_ZaOoGau.jpg","","in","SOLO -  INDONESIA","1","5","14","https://twitter.com/SETYAKI22965702/status/1676838350551134208","1322361095407902721","SETYAKI22965702"
"1676516076061077504","Wed Jul 05 08:59:15 +0000 2023","1","Pengurus Pusat the Jakmania menolak keras adanya tindakan seksis dan rasis baik di sosial media maupun di dunia nyata. Ciptakan bersama kehidupan yang sehat dgn saling menghargai perbedaan&amp;menghormati sesama manusia.Anak the Jak asik-asik #InfokomJakmania #PersijaSelamanya https://t.co/YKV4PVJYRu","1676516076061077504","https://pbs.twimg.com/media/F0QufH_aAAA9e6p.jpg","","in","Jakarta Selatan, DKI Jakarta","0","0","1","https://twitter.com/JakmaniaMOP/status/1676516076061077504","1087449137589641216","JakmaniaMOP"
"1676495871184338944","Wed Jul 05 07:38:58 +0000 2023","454","Pengurus Pusat the Jakmania menolak keras adanya tindakan seksis dan rasis baik di sosial media maupun di dunia nyata. Ciptakan bersama kehidupan yang sehat dengan saling menghargai perbedaan dan menghormati sesama manusia. Anak the Jak asik-asik #PersijaSelamanya https://t.co/JI7KVn3M7t","1676495871184338944","https://pbs.twimg.com/media/F0QcG-yaAAYiljE.jpg","","in","Jakarta","8","5","158","https://twitter.com/InfokomJakmania/status/1676495871184338944","247116382","InfokomJakmania"
"1676459253085904898","Wed Jul 05 05:13:27 +0000 2023","1","GURU SEHAT DAN BAHAGIA itu nama program dari bidang Sosial IKA 28 yang ditujukan kepada GURU para pengajar adik adik tercinta di SMA 28. Berkat dukungan donatur #ALUMNIBAIK kami memberikan madu terbaik kepada seluruh GURU pengajar. https://t.co/z9sumScxDa","1676459253085904898","https://pbs.twimg.com/ext_tw_video_thumb/1676459144923213824/pu/img/ItDxW_dT31hEtgYI.jpg","","in","Pasar Minggu, Jakarta Selatan","0","1","0","https://twitter.com/alumni28Jakarta/status/1676459253085904898","333480196","alumni28Jakarta"
"1675827235662741504","Mon Jul 03 11:22:03 +0000 2023","0","Kesadaran milenial akan pentingnya gaya hidup sehat banyak terpengaruh oleh media sosial dan ini menunjukkan sisi positif media sosial! #BijakBersosmed #MediaSosial #SocialMedia #Flexing #Olahraga #Polahidupsehat #Gayahidup https://t.co/NZacuj1SVc","1675827235662741504","https://pbs.twimg.com/media/F0G7WqOaEAEb5dX.jpg","","in","","0","1","0","https://twitter.com/bijakbersosmed_/status/1675827235662741504","886789475342340096","bijakbersosmed_"
"1675715762294784001","Mon Jul 03 03:59:05 +0000 2023","0","KPPN Malang mengajak kita untuk melawan kejahatan sosial yakni korupsi dan gratifikasi sehingga akan menjadikan dunia dengan birokrasi yang lebih sehat. Untuk mengakhiri korupsi kita semua harus bergandengan tangan dan memulai perjuangan melawan masalah sosial yang serius ini. https://t.co/lkLbG6z3XZ","1675715762294784001","https://pbs.twimg.com/ext_tw_video_thumb/1675715613355016192/pu/img/NLeXq-7IWs1sQv3h.jpg","","in","Malang","0","1","0","https://twitter.com/h_kppnmalang/status/1675715762294784001","1616777831308218368","h_kppnmalang"
"1675524709155508226","Sun Jul 02 15:19:55 +0000 2023","0","AKAL SEHAT || ROCKY GERUNG : LAUNCHING (KIB) || MENGHADIRKAN KEADILAN SOSIAL ⁉️ - akalsehat : https://t.co/ymNB1QOWd4 | #kib | #rockygerung | #akalsehatcom | #akalsehatchannel Sudah Tayang di YT AKALSEHAT CHANNEL™ Silahkan Ceck ツ Link ada di BIO https://t.co/N8Ij4LbFcq","1675524709155508226","https://pbs.twimg.com/media/F0Co0WgaMAMtd-d.jpg","","in","","0","0","0","https://twitter.com/akalsehatcom/status/1675524709155508226","1338696331569766400","akalsehatcom"
"1675460329428647938","Sun Jul 02 11:04:05 +0000 2023","0","Program Sosial yang telah dilakukan Dompet Dhuafa antara lain: Layanan Mustahik Bimbingan Rohani Pasien Bina Santri Lapas Pondok Jiwa Sehat Shelter Sehati Dapur Keliling Pemberdayaan Keluarga Mandiri dll #30TahunDompetDhuafa #HadirSepenuhHati","1675460329428647938","","","in","Surabaya-Jakarta PP","0","0","0","https://twitter.com/april_hamsa/status/1675460329428647938","118919683","april_hamsa"
"1675438766276894720","Sun Jul 02 09:38:24 +0000 2023","0","si elon ini aneh ya kan media sosial buat hiburan tapi dibatasin nya buset semua di jadiin bisnis lu sehat sehat deh","1675438766276894720","","","in","Baekhyun's arms","0","0","0","https://twitter.com/muthiwawaw/status/1675438766276894720","60014988","muthiwawaw"
"1675279016532807680","Sat Jul 01 23:03:37 +0000 2023","0","Bakti Sosial Khitanan Massal Dengan Khitan Kita Siapkan Generasi Sehat Sebagai Pejuang Keluarga Yang Berkarakter. Kerja sama Masyarakat Tulungagung https://t.co/E3wTP0tc7v","1675279016532807680","https://pbs.twimg.com/media/Fz_JYeLagAEK3eZ.jpg","","in","Ngrowo River Side Mangunsari","0","0","0","https://twitter.com/ngopisilaturhmi/status/1675279016532807680","861799337386323968","ngopisilaturhmi"
"1675049442981076992","Sat Jul 01 07:51:22 +0000 2023","1","[Smart Service Advokasi: Kompetisi Inovasi Proyek Sosial Program Pertamina Foundation] Assalamualaikum wr. wb. Hallo Sobat Fapet!!! Gimana nih kabarnya? Semoga dalam keadaan sehat selalu ya... Kami dari Kementerian Advokesma memberikan informasi terkait Kompetisi Inovasi https://t.co/3XA0WEnsNd","1675049442981076992","https://pbs.twimg.com/media/Fz74kBuaYAErv8S.jpg","","in","Malang, East Java","0","1","0","https://twitter.com/BEMFAPETUB/status/1675049442981076992","2191413192","BEMFAPETUB"
"1674991720482897921","Sat Jul 01 04:02:00 +0000 2023","0","Demi mendongkrak elektabilitas berbagai penghargaan diberikan.program² sosial segera digelontorkan guna menyogok suara rakyat. Mari kita patahkan mimpi mereka dengan akal sehat.","1674991720482897921","","","in","earth ","0","0","0","https://twitter.com/harisyaban/status/1674991720482897921","254421582","harisyaban"
