"conversation_id_str","created_at","favorite_count","full_text","id_str","image_url","in_reply_to_screen_name","lang","location","quote_count","reply_count","retweet_count","tweet_url","user_id_str","username"
"1752320439597322728","Tue Jan 30 13:18:43 +0000 2024","0","Mark ga ada capeknya anjir sehat-sehat ya markleee chenle definisi sosial butterfly ","1752320439597322728","","","in","","0","0","0","https://twitter.com/haichansyg/status/1752320439597322728","261198884","haichansyg"
"1752297239190618324","Tue Jan 30 11:46:32 +0000 2024","2","salah. 1. pesan yang biasa saja mengirimkan pesan yang tidak bermakna. 2. cinta alam dan kasih sayang sesama manusia 3. keadilan sosial bagi seluruh rakyat indonesia 4. sehat 5. naik haji bila mampu","1752297239190618324","","","in","hati yang sedang bermimpi","1","3","2","https://twitter.com/kanindraryant/status/1752297239190618324","1046248332568363008","kanindraryant"
"1752231282535440589","Tue Jan 30 07:24:27 +0000 2024","23","Saya ditegur tadi malam setelah LIVE. Katanya saya banyak marahnya saat LIVE Mungkin benar begitu karena tugas saya mengajari hal sehat untuk orang #Indonesia yang sudah puluhan tahun diajari Pabrik Obat dengan informasi yang salah melalui media sosial jadi terlalu ","1752231282535440589","","","in","Jakarta, Indonesia","0","3","0","https://twitter.com/DokterAwetMuda/status/1752231282535440589","1750058956033294336","DokterAwetMuda"
"1752168570266783754","Tue Jan 30 03:15:15 +0000 2024","10","8 Cara Menjaga Otak Tetap Sehat Saat Menua. Stimulasi Mental Latihan Fisik Memperbaiki Pola Makan dan puasa Menjaga Tekanan Darah Jaga Emosi Bangun Jejaring Sosial Lindungi Kepala Hindari Tembakau ... https://t.co/uMmVCNU22D https://t.co/lqGskhTvju","1752168570266783754","https://pbs.twimg.com/ext_tw_video_thumb/1752168537253462016/pu/img/kPyg41cZuncs1J3E.jpg","","in","Aceh, Indonesia","1","2","2","https://twitter.com/Aceh/status/1752168570266783754","9688522","Aceh"
"1752156078664814875","Tue Jan 30 02:25:37 +0000 2024","1","Kami mengajak seluruh lapisan masyarakat terutama pengguna media sosial untuk turut berperan aktif dalam menciptakan lingkungan digital yang sehat dan kondusif. Iptu Wahyuddin Kasatgas Humas Polres Ternate @DivHumas_Polri @Spripim_Polri #pemiluaman #polripresisi https://t.co/KeKbKjOJa8","1752156078664814875","https://pbs.twimg.com/media/GFDoqFNbMAAyJCx.jpg","","in","Maluku Utara, Indonesia","0","0","0","https://twitter.com/HumasResTernate/status/1752156078664814875","950548150359441408","HumasResTernate"
"1751933546741260637","Mon Jan 29 11:41:21 +0000 2024","3","jadi ngaca ke diri sendiri. kalau toh nanti setelah diuji dan terbukti bahwa saya belum cukup layak aman belum cukup sehat secara fisik mental spiritual/religiusitas sosial dan finansial. saya ga apa² kalo ga punya anak atau bahkan ga apa² kalo ga nikah/hidup berpasangan.","1751933546741260637","","","in","","0","0","0","https://twitter.com/Rez_iko/status/1751933546741260637","1033184764444868608","Rez_iko"
"1751916976556138574","Mon Jan 29 10:35:30 +0000 2024","0","Lingkungan yang sehat menciptakan landasan bagi pembangunan sosial dan ekonomi yang berkelanjutan . Ganjar Pranowo terbukti mensejahterakan @widywonka #GanjarMahfud2024 #GanjarPresidenRakyat #KratonBersamaRakyat https://t.co/ucagm3NPwt","1751916976556138574","https://pbs.twimg.com/ext_tw_video_thumb/1751916872638119936/pu/img/FSTom_biyFw6tMAv.jpg","","in","Sibolga","0","0","0","https://twitter.com/sarah_retna/status/1751916976556138574","1681892151238733824","sarah_retna"
"1751909214900146453","Mon Jan 29 10:04:40 +0000 2024","0","Keamanan yang profesional menjadi alat untuk memelihara ketertiban sosial dan lingkungan yang sehat . Kesejahteraan berlipat ganda Indonesia Makmur Sentosa @willbenjerseu #GanjarMahfud2024 #GanjarPresidenRakyat #KratonBersamaRakyat https://t.co/9JMaRgNjUR","1751909214900146453","https://pbs.twimg.com/ext_tw_video_thumb/1751909111921610752/pu/img/YZLdKQjJrQJ0WTva.jpg","","in","Prabumulih","0","0","0","https://twitter.com/dikareynu_/status/1751909214900146453","1686051058848788480","dikareynu_"
"1751873797848961135","Mon Jan 29 07:43:56 +0000 2024","17","Dulur Makmur Baznas Kabupaten Sukoharjo melakukan Penyerahan Bantuan Sosial Program Sukoharjo Peduli Sukoharjo Cerdas Sukoharjo Makmur dan Sukoharjo Sehat bertempat di Lobi Kantor Bupati Sukoharjo Kamis (29/01/2024). https://t.co/wU5QRth4ys","1751873797848961135","https://pbs.twimg.com/ext_tw_video_thumb/1751872888502890496/pu/img/PKsgvd5KhN0moSM7.jpg","","in","Jl. Jend Sudirman 199Sukoharjo","0","1","0","https://twitter.com/sukoharjo_kab/status/1751873797848961135","3410236934","sukoharjo_kab"
"1751807835732902062","Mon Jan 29 03:21:49 +0000 2024","46","Keluarga ini memiliki vibes yang bagus. Menandakan mentalitas yang sehat. Senyum selalu mereka tebarkan ke sesama tanpa melihat latar belakang sosial. Pun dengan Alam Ganjar anak muda yang sederhana tidak manja terdidik. #BantuAlamGanjar https://t.co/SO6O3nhXXS","1751807835732902062","https://pbs.twimg.com/media/GE-r7tBboAAg4Jy.jpg","","in","Di Hatimu! ","0","1","10","https://twitter.com/NgkongRoses/status/1751807835732902062","2650421658","NgkongRoses"
"1751804695595847838","Mon Jan 29 03:09:21 +0000 2024","9","Alam Ganjar mengajak bersama-sama menjaga kesehatan mental. Menurutnya kesehatan mental sama-sama penting dengan kesehatan fisik. Seseorang dengan mental sehat akan berpengaruh pula pada kondisi fisik juga kualitas hidup. Ketika seseorang sejahtera secara psikologis sosial https://t.co/C0EMTFYfD6","1751804695595847838","https://pbs.twimg.com/media/GE-pEtXa0AANQQA.jpg","","in","Di Hatimu! ","0","0","3","https://twitter.com/NgkongRoses/status/1751804695595847838","2650421658","NgkongRoses"
"1751799754923876355","Mon Jan 29 02:49:43 +0000 2024","0","Wujudkan Wilayah Yang Sehat Babinsa Komsos Dengan Bidan Desa Guna mewujudkan wilayah desa binaan yang sehat Babinsa Koramil 14/Sukoharjo Serda Widodo melaksanakan Komunikasi Sosial bersama bidan desa di Posyandu Desa Pulus Kecamatan Sukoharjo Kabupaten Wonosobo. https://t.co/j8kK3maUPV","1751799754923876355","https://pbs.twimg.com/media/GE-kerRakAEubZI.jpg","","in","","0","0","0","https://twitter.com/Koramil14SKH/status/1751799754923876355","1506161730044719104","Koramil14SKH"
"1751785264694120877","Mon Jan 29 01:52:08 +0000 2024","0","Babinsa Koramil 12/Ngawen Kodim 0721/Blora Senin 29/01/2024. melaksanakan giat komunikasi sosial (Komsos) bersama dengan warga untuk menyampaikan agar warga menjaga pola hidup sehat dan kebersihan lingkungan. ttps://www.instagram.com/p/C2qpPavPb2m/?igsh=cG91dmdiMDR3dWdz","1751785264694120877","","","in","","0","0","0","https://twitter.com/NgawenKoramil12/status/1751785264694120877","1494532656687505409","NgawenKoramil12"
"1751726714680688672","Sun Jan 28 21:59:28 +0000 2024","0","Hanya sekedar memberikan pencerahan agar tidak timbul hoax ghibah fitnah antar pendukung capres..tetap semangat jujur dan berikan informasi kebaikan dan kebenaran.. #sehatjiwa #sehatspiritual #sehatjasmani #sehatsosial https://t.co/PPafZOKZ5o","1751726714680688672","","","in","Yogyakarta, Indonesia","0","0","0","https://twitter.com/suryonodent/status/1751726714680688672","2664905340","suryonodent"
"1751448867974099005","Sun Jan 28 03:35:25 +0000 2024","0","Timses Yohanes - Cak Duren seolah-olah kehilangan akal sehat dengan menyebarkan informasi palsu tentang pemberian bantuan sosial di istana negara @nanana_sasa https://t.co/TDbdmrZrba","1751448867974099005","","","in","Mojokerto","0","0","0","https://twitter.com/wenisolihat/status/1751448867974099005","1676486432498802688","wenisolihat"
"1751440529844559906","Sun Jan 28 03:02:17 +0000 2024","5","Marah merupakan suatu hal yang normal dan termasuk dalam perasaan yang sehat Namun jika marah tidak mampu dikelola dengan baik maka marah dapat berdampak pada munculnya perilaku agresi atau kekerasan yang tidak diterima norma sosial Ayo Self Healing untuk kelola marahmu https://t.co/rQrL3eqT91","1751440529844559906","https://pbs.twimg.com/media/GE5d33rb0AAbBKI.jpg","","in","Jl. Soekarno Hatta No. 528 Bdg","0","0","0","https://twitter.com/bapenda_jabar/status/1751440529844559906","2148210799","bapenda_jabar"
"1751400981060100569","Sun Jan 28 00:25:07 +0000 2024","1","Ngaku ke ibumu. Hubungi dinsos atau lembaga sosial yang menangani itu. Hubungi juga dinas ppa. Sehat selalu nder dan anaknya. Terus kalau udah lahiran jadilah ortu yang baik. Belajar jangan putus ya. Jangan juga ngelanjutin hal negatif yang kamu perbuat selama ini.","1751400981060100569","","","in","Kota Batam, Kepulauan Riau","0","0","0","https://twitter.com/unggul_anggoro/status/1751400981060100569","159100605","unggul_anggoro"
"1751264207625142479","Sat Jan 27 15:21:38 +0000 2024","0"," Media Sosial Biar mereka merasakan apa yang rekan rekan rasakan. Tetap baik rekan rekan. Sehat selalu....813 ","1751264207625142479","","","in","Trenggalek, Jawa Timur, Indone","0","0","0","https://twitter.com/SyafiqKhilmi/status/1751264207625142479","1201062433206353920","SyafiqKhilmi"
"1751230651964199281","Sat Jan 27 13:08:18 +0000 2024","0","Timses Yohanes - Cak Duren seolah-olah kehilangan akal sehat dengan menyebarkan informasi palsu terkait pembagian bantuan sosial di istana negara @indraprtam https://t.co/nWUZKBx5Gw","1751230651964199281","","","in","Gorontalo","0","0","0","https://twitter.com/nenenghalimahh/status/1751230651964199281","1673532799461257220","nenenghalimahh"
"1751223254742892727","Sat Jan 27 12:38:54 +0000 2024","0","Dirangkum dari dinamika fenomena-sosial antropologi yang menyalakan nalar agar kembali diaktifasi. Pertama Media Komunikasi Intelektual yang kondusif-representatif. Kedua Dukungan Publisitas yang memadai. Ketiga Tradisi interaksi pemikiran yang sehat.","1751223254742892727","","","in","Jakarta Selatan, DKI Jakarta","0","0","0","https://twitter.com/AturAjaBebas/status/1751223254742892727","1445093672756809734","AturAjaBebas"
"1751179045700780139","Sat Jan 27 09:43:14 +0000 2024","0","Mahfud lewat Tabrak Prof membuktikan bahwa politik yang sehat dapat menjadi kekuatan positif untuk transformasi sosial. Ganjar Pranowo terbukti mensejahterakan @l1jaemxx00 #GanjarPresidenRakyat #GanjarMahfud2024 #Coblos3 https://t.co/H0ZvXxiL93","1751179045700780139","https://pbs.twimg.com/media/GE1wD--a8AAMuiD.jpg","","in","Semarang, Indonesia","0","0","0","https://twitter.com/tatiana_namya/status/1751179045700780139","1679793319034130433","tatiana_namya"
"1751154788228804766","Sat Jan 27 08:06:51 +0000 2024","0","PNS gaji 8 juta masuk kategori miskin. karyawan pabrik OB satpam... gaji UMP dianggap kaya krn tak dapat jatah BLT dan tunjangan sosial dari pemerintah. bahkan yg di KTP berstatus karyawan Kartu Indonesia Sehat(KIS)nya dicabut. https://t.co/F16TJjn8nG","1751154788228804766","https://pbs.twimg.com/media/GE1ZHo5aIAAJQKk.jpg","","in","ruang hatimu","0","1","0","https://twitter.com/jaewono_/status/1751154788228804766","2502848342","jaewono_"
"1751148532093096024","Sat Jan 27 07:41:59 +0000 2024","0","Halo #SobATRBPN Ayo simak bersama video Senam Pagi dalam rangka Jumat Sehat Kantor Pertanahan Kabupaten Sukoharjo. Yuk ikuti dan pantau media sosial Kantor Pertanahan Kabupaten Sukoharjo untuk mengetahui update informasi seputar Pertanahan! https://t.co/9F9IutcGiq","1751148532093096024","https://pbs.twimg.com/ext_tw_video_thumb/1751147916675485696/pu/img/pD8yeWOsxj90kgUV.jpg","","in","","0","1","0","https://twitter.com/KantahKabSkhjo/status/1751148532093096024","2976844579","KantahKabSkhjo"
"1750808350550593827","Fri Jan 26 09:10:13 +0000 2024","1","Hallo Sahabat Mido... Dalam memperingati Hari Bhakti Imigrasi Ke-74 Kantor Imigrasi Sumbawa Besar telah melaksanakan rangkaian kegiatan antara lain paspor simpatik bhakti sosial donor darah upacara tabur bunga jalan sehat tenis meja volley dan ditutup dengan Upacara pada","1750808350550593827","","","in","Sumbawa - Nusa Tenggara Barat ","0","1","0","https://twitter.com/ImigrasiSumbawa/status/1750808350550593827","1167503701","ImigrasiSumbawa"
"1750768699873832961","Fri Jan 26 06:32:40 +0000 2024","0","Mas Ganjar dan Prof Mahfud tidak hanya fokus pada p3mbangunan fisik IKN tetapi juga mengedepankan p3mbangunan ekosistem yang sehat secara ekonomi dan sosial. Kesejahteraan berlipat ganda Indonesia Makmur Sentosa #GanjarPresidenRakyat #GanjarMahfud2024 #M3nangDebat4 #Coblos3 https://t.co/aIDP1WfAsI","1750768699873832961","https://pbs.twimg.com/media/GEv62qEaIAAIydl.jpg","","in","Surabaya","0","0","0","https://twitter.com/harisjakaputra/status/1750768699873832961","1686682394743787521","harisjakaputra"
"1750768564024615410","Fri Jan 26 06:32:08 +0000 2024","0","Mengakui pentingnya membangun ekosistem sehat Ganjar-Mahfud akan memastikan bahwa P3mbangunan IKN tidak hanya fisik tapi juga sosial dan ekonomi. Kesejahteraan berlipat ganda Indonesia Makmur Sentosa @itsmiyyy #GanjarPresidenRakyat #GanjarMahfud2024 #M3nangDebat4 #Coblos3 https://t.co/r2jlUWBG9C","1750768564024615410","https://pbs.twimg.com/media/GEv6uuabIAAOLTq.jpg","","in","Cirebon","0","0","0","https://twitter.com/DadanFirda2/status/1750768564024615410","1691731925281763328","DadanFirda2"
"1750764628542718258","Fri Jan 26 06:16:29 +0000 2024","0","Mas Ganjar dan Prof Mahfud tidak hanya fokus pada p3mbangunan fisik IKN tetapi juga mengedepankan p3mbangunan ekosistem yang sehat secara ekonomi dan sosial. Kesejahteraan berlipat ganda Indonesia Makmur Sentosa #GanjarPresidenRakyat #GanjarMahfud2024 #M3nangDebat4 #Coblos3 https://t.co/3OwuajOM9H","1750764628542718258","https://pbs.twimg.com/media/GEv3Jt3awAAA-Q5.jpg","","in","PAGAR ALAM","0","0","0","https://twitter.com/kemaldeansyah/status/1750764628542718258","1686601489966669824","kemaldeansyah"
"1750763709025366240","Fri Jan 26 06:12:50 +0000 2024","0","Pak Ganjar - Pak Mahfud memastikan bahwa p3mbangunan IKN tidak hanya mengutamakan aspek fisik tetapi juga memperhatikan ekosistem yang sehat secara sosial dan ekonomi. Ganjar Pranowo hanya yang terbaik untuk rakyat #GanjarPresidenRakyat #GanjarMahfud2024 #M3nangDebat4 #Coblos3 https://t.co/tkHWYxMqUF","1750763709025366240","https://pbs.twimg.com/media/GEv2UK7aAAA1Gyl.jpg","","in","Manado","0","0","0","https://twitter.com/SsitiRahmaa/status/1750763709025366240","1687403720034922496","SsitiRahmaa"
"1750535004013367565","Thu Jan 25 15:04:02 +0000 2024","22","Cegah kekerasan terhadap wanita dan anak Afrika Female Peacekeepers Indo RDB laksanakan Night Vehicle Patrol di Desa Bogi di lanjutkan dengan kegiatan sosialisasi hidup sehat &amp; kunjungan ke Panti Sosial Asosiasi CEO di Desa Kibonge dan Desa Mayitatu. #tniprima https://t.co/J7IzcFzMFZ","1750535004013367565","https://pbs.twimg.com/media/GEsl9j-aIAA-Gg4.jpg","","in","Mabes TNI, Cilangkap","0","0","3","https://twitter.com/Puspen_TNI/status/1750535004013367565","594386753","Puspen_TNI"
"1750456861722292661","Thu Jan 25 09:53:32 +0000 2024","0","Dengan pilih 01 (AMIN) kita akan menjadi bagian dr GERAKAN RAKYAT SEMESTA menuju rakyat yg sehat sosial ekonominya mentalnya fisiknya alamnya penegakan hkmnya tata kelola negaranya infrastrukturnya pendidikan serta budayanya https://t.co/ZhHS107gAo","1750456861722292661","https://pbs.twimg.com/media/GErfPUZbcAEn1AQ.jpg","","in","GPS","0","1","0","https://twitter.com/MusuhHipokrit/status/1750456861722292661","579225750","MusuhHipokrit"
"1750423977846313373","Thu Jan 25 07:42:52 +0000 2024","0","Sahabat Mido dalam rangka menyambut Hari Bhakti Imigrasi Ke-74 Kantor Imigrasi Kelas II TPI Mimika melaksanakan rangkaian kegiatan-kegiatan diantaranya jalan sehat bakti sosial donor darah dan tabur bunga. #Imigrasimimika #HBI74 https://t.co/1yFOwHiCkL","1750423977846313373","https://pbs.twimg.com/ext_tw_video_thumb/1750416793183899648/pu/img/OKFmr2f8SOXJ4arn.jpg","","in","Indonesia","0","0","0","https://twitter.com/imigrasi_mimika/status/1750423977846313373","1276859072","imigrasi_mimika"
"1750352976999510276","Thu Jan 25 03:00:44 +0000 2024","1","Dari penanganan kemacetan lalu lintas banjir tata kota birokrasi pelayanan publik bidang sosial budaya (pendidikan kesehatan [budaya hidup sehat/pengobatan] seni budaya) agama ekonomi/kesejahteraan sosial hingga penghijauan (lingkungan hidup). https://t.co/eP8k1m9zpF","1750352976999510276","","","in","Jakarta, Indonesia","0","0","0","https://twitter.com/didienAZHAR/status/1750352976999510276","194590819","didienAZHAR"
"1750340268317081659","Thu Jan 25 02:10:14 +0000 2024","0","Kesehatan dimulai dari piring kita. Selamat Hari Gizi Nasional jaga nutrisi jaga hidup sehat! MP-ASI Berkualitas untuk Generasi Emas Kanal Sosial media: https://t.co/iWb8ZSB9eq #MelayaniProfesionalTerpercaya #KantahKotaMagelang #LayananPertanahan #HariGiziNasional https://t.co/Y9pterfbPI","1750340268317081659","https://pbs.twimg.com/media/GEp1Hf1asAAclnm.jpg","","in","Central Java, Indonesia","0","0","0","https://twitter.com/KantahKotaMgl/status/1750340268317081659","1065893112696922113","KantahKotaMgl"
"1749946841805021282","Wed Jan 24 00:06:54 +0000 2024","0","Rapat Koordinasi Teknik Pelaksanaan Bantuan Kepada Pemerintah Desa Peningkatan Kualitas RTLH dan Bantuan Sosial Rumah Sederhana Sehat Pembangunan Baru Backlog Tahun Anggaran 2024 yang dihadiri 29 Kabupaten penerima bantuan baik RTLH maupun Backlog. https://t.co/oNZqAaTwx5","1749946841805021282","https://pbs.twimg.com/media/GEkPVB9akAA3I-9.jpg","","in","Semarang Barat, Indonesia","0","0","0","https://twitter.com/DisperakimJtg/status/1749946841805021282","816815256328544256","DisperakimJtg"
"1749781705622458857","Tue Jan 23 13:10:42 +0000 2024","40","Antusiasme masyarakat Wonogiri menyambut kehadiran mas Gibran dgn reog &amp; gamelan terpanjat doa untuk masyarakat agar semua sehat Dalam pidatonya menyinggung permasalahan infrastruktur jalan rusak pupuk bibit kartu tani kekeringan air bersih distribusi bantuan sosial https://t.co/kqNyUM71zU","1749781705622458857","https://pbs.twimg.com/ext_tw_video_thumb/1749781671971590144/pu/img/9fTFoYNcSMK3dlGx.jpg","","in","Jakarta Capital Region, ","5","5","18","https://twitter.com/mimih6mei/status/1749781705622458857","1515255187740405763","mimih6mei"
"1749751768622506216","Tue Jan 23 11:11:45 +0000 2024","1","Personel Kompi 2 Batalyon C Sat Brimob Polda Sumut melaksanakan giat Bakti Sosial dengan Masyarakat di Desa Sangga Pati Kec. Angkola Timur Kab. Tapanuli Selatan guna mencapai Desa Binaan Lingkungan Bersih Sehat. Selasa (23/01/2024) https://t.co/cdr1mNZCav","1749751768622506216","","","in","Kota Medan, Sumatera Utara","0","0","0","https://twitter.com/brimobsumutnews/status/1749751768622506216","1300369726862798848","brimobsumutnews"
"1749692627124105612","Tue Jan 23 07:16:44 +0000 2024","0","Perlu ada pembaharuan posisi manusia agar terwujud keadilan ekologis krn makhluk hidup selain manusia juga punya hak utk hidup dalam habitat yg sehat. Sehingga posisi manusia seharusnya dipandang juga sebagai makhluk ekologis bukan saja sbg makhluk sosial. #TobatEkologisAMIN https://t.co/jZeCqscOoF","1749692627124105612","https://pbs.twimg.com/media/GEgoKX4bIAAs1Ge.jpg","","in","","0","0","0","https://twitter.com/ChulafaauRasyi3/status/1749692627124105612","1430035992153530382","ChulafaauRasyi3"
"1749673086075707547","Tue Jan 23 05:59:05 +0000 2024","0","Pede Jadi Diri Sendiri di Media Sosial Ternyata Ciri-ciri Orang yang Sehat Secara Mental https://t.co/yl3iLnnM5J","1749673086075707547","","","in","Manado, Sulawesi Utara","0","0","0","https://twitter.com/potretmanadoid/status/1749673086075707547","1380552259474362371","potretmanadoid"
"1749653754235027862","Tue Jan 23 04:42:16 +0000 2024","1","Selamat Ultah ke-77 Presiden RI ke 5 Ibu Prof. Dr. (H.C.) Hj. Megawati Soekarnoputri sehat selalu panjang umur rendah hati dan terus mengedukasi rakyat agar memahami nilai demokrasi Nasionalisme Pancasila agar terwujudnya keadilan sosial bagi seluruh rakyat Indonesia 🇮🇩 https://t.co/Uf3PNxdN31","1749653754235027862","https://pbs.twimg.com/media/GEgE0RPacAA4uQC.jpg","","in","Indonesia","0","0","0","https://twitter.com/CandraDharmawan/status/1749653754235027862","133082829","CandraDharmawan"
"1749116770194280493","Sun Jan 21 17:08:29 +0000 2024","0","Btw serius yg masih dukung 02 cutoff aku skrg juga dari semua platform sosial media dan bahkan dari RL (kalau emang temen RL) soalnya aku gamau punya temen nir-empati dan nir-akal sehat. ","1749116770194280493","","","in","cita-cita: meninggal ","0","2","0","https://twitter.com/toipsy/status/1749116770194280493","1348161091826712580","toipsy"
"1749110026713833973","Sun Jan 21 16:41:41 +0000 2024","4","tetap berkabar ya kawan entah itu hanya dari sosial mediamu setidaknya agar dunia ini tidak sunyi sehat selalu!","1749110026713833973","","","in","","2","3","5","https://twitter.com/strydwp/status/1749110026713833973","1072434818250461184","strydwp"
"1749083439083700273","Sun Jan 21 14:56:02 +0000 2024","2","strategi savage ini sudah diprediksi dan ini tadi lumayan bisa dimentahin 01 dan 03 meski sudah ditutupi dengan macak pede gibran ketika dicounter kelihatan goyang juga. tinggal kita lihat besok apa respon media sosial kita nikmati buzzer dan akal sehat beradu.","1749083439083700273","","","in","MJKRTO-MLG-BTM","0","1","0","https://twitter.com/husnimubarakid/status/1749083439083700273","320190174","husnimubarakid"
"1749045759587266700","Sun Jan 21 12:26:19 +0000 2024","0","Ganjar - Mahfud memahami bahwa lingkungan yang sehat adalah landasan bagi kemajuan ekonomi dan sosial . Ganjar Pranowo hanya yang terbaik untuk rakyat @stesiun #PresidenRakyat #GanjarMahfud2024 #M3nangDebat4 #Coblos3 https://t.co/0XZjKgxtsw","1749045759587266700","https://pbs.twimg.com/media/GEXb2Gqa4AAUqD6.jpg","","in","Bandar Lampung","0","0","0","https://twitter.com/FarisCaleidos3_/status/1749045759587266700","1688778528740069376","FarisCaleidos3_"
"1749039428507705532","Sun Jan 21 12:01:09 +0000 2024","0","Ganjar - Mahfud memahami bahwa lingkungan yang sehat adalah landasan bagi kemajuan ekonomi dan sosial . Ganjar Pranowo - Hanya dia yang betul merakyat dan akan berbuat lebih demi rakyat @zaastarz #PresidenRakyat #GanjarMahfud2024 #M3nangDebat4 #Coblos3 https://t.co/775vzWOWKB","1749039428507705532","https://pbs.twimg.com/media/GEXWFhdbQAAb8x9.jpg","","in","Mojokerto","0","0","0","https://twitter.com/Nurfadlla/status/1749039428507705532","1703336913640509440","Nurfadlla"
"1748890319595397142","Sun Jan 21 02:08:39 +0000 2024","0","Hai #sobatbawaslu Berikut adalah jadwal Pelantikan sekaligus Bimtek PTPS terpilih se-Kecamatan Depok. Mohon untuk hadir tepat waktu ya dan jangan lupa sehat dan semangat! Terus pantau sosial media panwascam Depok agar mendapat update terbaru Ayo #sahabatbawaslu https://t.co/bKMnXuBuPH","1748890319595397142","https://pbs.twimg.com/media/GEVOeN-bUAA0dPF.jpg","","in","","0","1","0","https://twitter.com/panwascamdepok/status/1748890319595397142","1590717559338598400","panwascamdepok"
"1748824890319519937","Sat Jan 20 21:48:40 +0000 2024","76","Posting aja apa yg kamu suka Bukan apa yang mereka suka Karena ini Sosial Media BUKAN Dinas Sosial Assalamualaikum para wargi X_Land Santun pagi Siap siap korah² umbah² jjp Semoga semakin sehat hari ini dst Aamiin Yg pernah lwt sini ? Jd emut ka...kl lg pulkam https://t.co/sJCcJUt4A7","1748824890319519937","https://pbs.twimg.com/ext_tw_video_thumb/1748824796518039552/pu/img/-50ECdGpkjnyMqP0.jpg","","in","","0","7","8","https://twitter.com/Liez_tiaMedi916/status/1748824890319519937","1510226688483131395","Liez_tiaMedi916"
"1748801707734421976","Sat Jan 20 20:16:32 +0000 2024","0","Kasus pencurian yang dilakukan karyawan Apotek Sehat di Kompleks Pasar Sentral Pangkajene Jalan Lanto Dg. Pasewang Pangkajene Kecamatan Maritengngae Sidrap viral di media sosial. selengkapnya https://t.co/sqncB0Qhth","1748801707734421976","","","in","","0","0","0","https://twitter.com/heralddotID/status/1748801707734421976","1698580133068865536","heralddotID"
"1748717492569354682","Sat Jan 20 14:41:54 +0000 2024","0","Tadi lihat story Nana Mirdad ini dan nangis banget bacanya Bayi baru lahir ditaruh begitu saja tanpa dibungkus kain sama sekali di semak2 disemutin.... Alhamdulillah adik bayinya sehat. Udah dibawa ke RS dan diserahkan ke dinas sosial ","1748717492569354682","","","in","Indonesia","0","1","0","https://twitter.com/liamarta/status/1748717492569354682","34829344","liamarta"
"1748538999113924756","Sat Jan 20 02:52:38 +0000 2024","0","Ayo teman2 share di media sosial sebelum pemerintah blokir hasil survei buruan sebarkan ⭐ *LEMBAGA SURVEY YANG SEHAT DAN WARAS...TIDAK AKAN BOHONG...BEDA DENGAN MAJU TAK GENTAR MEMBELA YANG BAYAR...* #CoblosNO1 #AMIN https://t.co/mQKmizhKtH","1748538999113924756","","","in","Jakarta Capital Region","0","0","0","https://twitter.com/EdiEffe34622473/status/1748538999113924756","1400735136132452357","EdiEffe34622473"
"1748509487408071054","Sat Jan 20 00:55:22 +0000 2024","0","Ayo teman2 share di media sosial sebelum pemerintah blokir hasil survei buruan sebarkan ⭐ *LEMBAGA SURVEY YANG SEHAT DAN WARAS...TIDAK AKAN BOHONG...BEDA DENGAN MAJU TAK GENTAR MEMBELA YANG BAYAR...* #CoblosNO1 #AMIN https://t.co/B9kVHTRix1","1748509487408071054","https://pbs.twimg.com/ext_tw_video_thumb/1748509076089458688/pu/img/fXKbA6FKrHbWpFw6.jpg","","in","","0","0","0","https://twitter.com/asnayati_andi/status/1748509487408071054","1208933080515235843","asnayati_andi"
"1748302441668575247","Fri Jan 19 11:12:38 +0000 2024","19","Yuk hadiri diskusi menarik Kreatif dan Sehat ala Gen-Z Millenial dan Sahabat Spesial menggunakam media Sosial Narasumbernya keren2 ada mas @ekokuntadhi1 Oriza Sativa &amp; Darma Munir Pastikan hadir Sabtu 20 Januari 2024 pukul 12.00-17.00 WIB di jalan wijaya I no. 14 04/06 https://t.co/s056poO88W","1748302441668575247","https://pbs.twimg.com/media/GEM3zRYaoAApQy1.jpg","","in","DKI Jakarta, Indonesia","0","1","4","https://twitter.com/Miduk17/status/1748302441668575247","1102461866129776640","Miduk17"
"1748282270434390171","Fri Jan 19 09:52:29 +0000 2024","0","Masyaallah sehat selalu pak Anies semoga Allah SWT memudahkan jalan menuju kursi kepresidenan agar Indonesia adil makmur sejahtera dan berkeadilan sosial bagi seluruh rakyat Indonesia","1748282270434390171","","","in","Semarang Utara 1, Indonesia","0","0","0","https://twitter.com/sadewo77465388/status/1748282270434390171","1565692441126400000","sadewo77465388"
"1748238144963858906","Fri Jan 19 06:57:09 +0000 2024","0","Secara teknis KTP Sakti akan menyatukan berbagai program bantuan sosial yang sudah ada seperti Kartu Indonesia Sehat (KIS) Kartu Indonesia Pintar (KIP) Kartu Tani Kredit Usaha Rakyat (KUR) Kartu Prakerja #arsjadrasjid #TPNGanjarMahfud #inklusifkolaboratif","1748238144963858906","","","in","","0","0","0","https://twitter.com/DeviantiAr60296/status/1748238144963858906","1642745337650774018","DeviantiAr60296"
"1748165088396353631","Fri Jan 19 02:06:51 +0000 2024","0","Dulu langganan Gadis juga terus pindah ke GoGirl suka bacain CosmoGirl punya sepupu juga. Banyak tips dan trik cara berteman yang sehat dan cerita-cerita orang di rubrik curhatnya. Sangat membantu mengasah pengetahuan dalam interaksi sosial.","1748165088396353631","","","in","","0","1","0","https://twitter.com/nech__a/status/1748165088396353631","26491974","nech__a"
"1748152853280285001","Fri Jan 19 01:18:13 +0000 2024","3894","Ayo teman2 share di media sosial sebelum pemerintah blokir hasil survei buruan sebarkan ⭐ *LEMBAGA SURVEY YANG SEHAT DAN WARAS...TIDAK AKAN BOHONG...BEDA DENGAN MAJU TAK GENTAR MEMBELA YANG BAYAR...* #CoblosNO1 #AMIN https://t.co/LRn29594bc","1748152853280285001","https://pbs.twimg.com/ext_tw_video_thumb/1748151412390014976/pu/img/gqxT3F3_5TBgRJhq.jpg","","in","","71","73","2294","https://twitter.com/QianzyZ/status/1748152853280285001","1450037307826860039","QianzyZ"
"1747890113814966417","Thu Jan 18 07:54:12 +0000 2024","0","Hari Antikorupsi menginspirasi setiap orang untuk melawan kejahatan sosial ini seraya mewujudkan dunia yang sehat untuk ditempati. #PrabowoTerpercayaLawanKorupsi","1747890113814966417","","","in","","0","0","0","https://twitter.com/ValentinMc55701/status/1747890113814966417","1746809550689177600","ValentinMc55701"
"1747885688706703765","Thu Jan 18 07:36:36 +0000 2024","3","Mendampingi Fieltrip mahasiswa Prodi Sosial Ekonomi Perikanan UTM Jakarta ke BLUPPB Karawang dan PT. Adibfood. Alhamdulillah mahasiswa dapat belajar industri ikan patin dari hulu (budidaya) sampai akhir (produk olahan dan pasar). Semoga selalu sehat. Aamiin https://t.co/Cheh7aMsz7","1747885688706703765","https://pbs.twimg.com/media/GEG8xFbbwAA8t-N.jpg","","in","Indonesia","0","0","0","https://twitter.com/suhana_web_id/status/1747885688706703765","100071759","suhana_web_id"
"1747868632749875529","Thu Jan 18 06:28:50 +0000 2024","0","melawan kejahatan sosial ini seraya mewujudkan dunia yang sehat untuk ditempati. All in 02 #PrabowoTerpercayaLawanKorupsi","1747868632749875529","","","in","","0","0","0","https://twitter.com/DillonJill13432/status/1747868632749875529","1746805672631541760","DillonJill13432"
"1747653864244036043","Wed Jan 17 16:15:25 +0000 2024","0","Saat ini algoritma media sosial sudah tak sehat jadi langkah kita sebaiknya adalah mengabaikan berita yang ada unsur menjatuhkan salah satu paslon artinya inikan sudah tidak sehat lagian semua nya udh didesign kok yakin.. siapa lagi kalau bukan elit yang sedang berkuasa.","1747653864244036043","","","in","","0","0","0","https://twitter.com/HabibMKhr/status/1747653864244036043","1238504207574921216","HabibMKhr"
"1747622797436760469","Wed Jan 17 14:11:58 +0000 2024","2","MashaAllah ..jadi merasa teringat saat ber media sosial dengan berbahasa baik dan benar ternyata bisa mengantarkan disabilitas ke tanah suci. Sehat selalu untuk orang orang dermawan di mana pun berada .","1747622797436760469","","","in","Tgaalek Jatim","0","0","0","https://twitter.com/SMujsin/status/1747622797436760469","1138335162188554240","SMujsin"
"1747544317994901675","Wed Jan 17 09:00:07 +0000 2024","0","Ajak Generasi Muda Lebih Sehat Mahasiswa UAD Gandeng Para Praktisi dalam Talkshow Sustainability Sister Ikuti Akun Media Sosial Kami di Link Berikut ini: https://t.co/t2e9WYxTHZ #muhammadiyah #aisyiyah #tvmujogja #tvmuhammadiyah https://t.co/xvBpvTLnYJ","1747544317994901675","https://pbs.twimg.com/media/GECGSbXXcAEGRQo.jpg","","in","Yogyakarta, D.I.Y","0","0","0","https://twitter.com/tvmujogja_/status/1747544317994901675","1445239305237000196","tvmujogja_"
"1747155474590601723","Tue Jan 16 07:15:00 +0000 2024","0","Jangan lupa untuk berbagi foto dan cerita seru SeliweRUN ini di media sosial agar semakin banyak orang yang terinspirasi untuk hidup lebih sehat @mlsbgtidup #GanjarMahfud2024 #DuluJokowiSekarangGanjar #Coblos3 #GanjarSandiSeliweRUN https://t.co/o7S88PUzmw","1747155474590601723","https://pbs.twimg.com/media/GD8kpEqa8AAzfcb.jpg","","in","Batu","0","0","0","https://twitter.com/ekobudiiiii/status/1747155474590601723","1681954406689026050","ekobudiiiii"
"1747154975392928164","Tue Jan 16 07:13:01 +0000 2024","0","Kita juga dapat berbagi tips kesehatan dan gaya hidup sehat di akun media sosial masing-masing @lesma33061 #GanjarMahfud2024 #DuluJokowiSekarangGanjar #Coblos3 #GanjarSandiSeliweRUN https://t.co/Fev1dw4bEd","1747154975392928164","https://pbs.twimg.com/media/GD8kMQJaAAApyWL.jpg","","in","Batu","0","0","0","https://twitter.com/rosyidabdul11_/status/1747154975392928164","1681924037952561152","rosyidabdul11_"
"1747063283587383326","Tue Jan 16 01:08:40 +0000 2024","0","Gak ada lg kata gpp gendut yang penting sehat lu lupa kalo lu tinggal di negara keadilan sosial bagi rakyat goodlooking? Lu harus cantik baru dihargai..","1747063283587383326","","","in","Ponorogo-Madiun","0","0","0","https://twitter.com/FC_wolak_walik/status/1747063283587383326","364607667","FC_wolak_walik"
"1747057018848891004","Tue Jan 16 00:43:46 +0000 2024","0","#AniesDeserveBetter #AniesDeserveBetter #AniesDeserveBetter menuju rakyat berkeadilan sosial makmur merata... semoga sehat waras 14Feb2024 pilih yg berakal dan sehat jasmani rohaninya.... ️","1747057018848891004","","","in","","0","0","0","https://twitter.com/cumaJamal/status/1747057018848891004","833858174469885952","cumaJamal"
"1746893489051496727","Mon Jan 15 13:53:58 +0000 2024","0","Setelah setahun menjadi buruh dengan upah minimum tanpa tunjangan tanpa hak cuti tanpa jaminan sosial dan rutin setor pajak Pph. Rasanya menjadi apolitis dan sok-anarki sama saja dengan mengolok-olok akal sehat sendiri.","1746893489051496727","","","in","Ciputat, Indonesia","0","2","0","https://twitter.com/situtkosong/status/1746893489051496727","964199137821339648","situtkosong"
"1746847136296431858","Mon Jan 15 10:49:46 +0000 2024","91","Anies Baswedan Capres 1 sudah buktikan peninggalan karya-karyanya. Jakarta jadi kota berkelas dunia ramah lingkungan dan sosial budaya. Warganya sejahtera. BUKAN OMON OMON !! Akal Sehat pilih 1 AMIN #AMINAjaDulu #AniesMuhaimin2024 https://t.co/I0cPO54YDq","1746847136296431858","https://pbs.twimg.com/ext_tw_video_thumb/1746845391449202688/pu/img/7dd8OdRqAMRycnqu.jpg","","in","South East Asia","1","1","53","https://twitter.com/ZAEffendy/status/1746847136296431858","129750289","ZAEffendy"
"1746762343860875345","Mon Jan 15 05:12:50 +0000 2024","1","Kampanye cerdas Prabowo Gibran ️ AKSI SOSIAL PEMBERIAN MAKAN SIANG SEHAT DAN SUSU GRATIS https://t.co/xe9Z6uY6sj lewat @YouTube","1746762343860875345","","","in","pekalongan","0","0","0","https://twitter.com/adisukamto15/status/1746762343860875345","1087929469384433664","adisukamto15"
"1746726305650147663","Mon Jan 15 02:49:38 +0000 2024","19","AKSI SOSIAL PEMBERIAN MAKAN SIANG SEHAT DAN SUSU GRATIS Prabowo Gibran Sehatkan Indonesia Raya! #kesira #kesiragerindra #gerindrakesira #kesehatanindonesiaraya #kesiraindonesia #kesirapeduliindonesia #GraceRosalynOctavianus #JimmyOentoro #RAPI #Bogor https://t.co/3avsNAc4n7","1746726305650147663","","","in","","6","3","1","https://twitter.com/kesiragerindra/status/1746726305650147663","1627168263909281794","kesiragerindra"
"1746609552135766442","Sun Jan 14 19:05:42 +0000 2024","0","Di tengah gempuran lingkungan+tuntutan sosial yang tinggi+umur semakin bertambah+overthingking tiap hari tapi kehidupan masih gini-gini aja. Ya udahlah nikmati saja dan enjoy mencoba tegar Pak&amp;Buk sehat-sehat ya yang sabar anakmu agak lambat prosesnya makasih suportnya https://t.co/TebQEG5gVd","1746609552135766442","https://pbs.twimg.com/ext_tw_video_thumb/1746609432631631873/pu/img/3aJjSDghoizJWGyq.jpg","","in","Indonesia","0","0","0","https://twitter.com/welld00ne/status/1746609552135766442","858967902610890752","welld00ne"
"1746540549602206056","Sun Jan 14 14:31:30 +0000 2024","0","Kebersamaan di KePENGUIN menciptakan lingkungan yang sehat baik secara fisik maupun sosial @PardedeAlvin #GanjarMahfud2024 #DuluJokowiSekarangGanjar #Coblos3 #GanjarSandiSeliweRUN https://t.co/ksbUKyLJ2r","1746540549602206056","https://pbs.twimg.com/media/GDz1XqWaMAABf1q.jpg","","in","Cimahi","0","0","0","https://twitter.com/ZahwaSakila/status/1746540549602206056","1688755252462538753","ZahwaSakila"
"1746500100791357859","Sun Jan 14 11:50:47 +0000 2024","0","Tips menikmati hidup Tersenyum /Perbanyak Tawa. Rutin Berolahraga. Tidur Yang Cukup. Konsumsi Makanan Yang Sehat. Berikan Pujian Kepada Orang Lain. Jangan Larut dalam Kesendirian. Tidak Bergantung kepada HP dan Media Sosial. Menciptakan Ritual Self Care Yang Sesuai Dengan Diri.","1746500100791357859","","","in","","0","1","0","https://twitter.com/selfisherr/status/1746500100791357859","1492035528187052035","selfisherr"
"1746475645167972718","Sun Jan 14 10:13:36 +0000 2024","0","Kalian semua ga sehat pola pikirnya dahnya salome ntar kalau jadi bayi bapaknya yg mana? Ga takut kah jadi ims juga? Secara norma sosial ya salah ️️ Tapi ya namanya kink si susah ya ditahan? Apa lagi kalian berdua sama️️","1746475645167972718","","","in","Nowhere","0","0","0","https://twitter.com/Owlffe_/status/1746475645167972718","1602610045035741185","Owlffe_"
"1746452279295885503","Sun Jan 14 08:40:45 +0000 2024","0","Memilih calon Presiden?... Gunakan akal sehat jangan terjebak pada politik barter Nilai para calon atas pertimbangan A.Kompetensi ; track record dan pengalaman ybs B. Karakter ; 1. Karakter sosial-kemasyarakatan 2. Karakter moral; 3. Karakter kinerja; 5. Karakter spiritual","1746452279295885503","","","in","Yogyakarta, Indonesia","0","0","0","https://twitter.com/suryonodent/status/1746452279295885503","2664905340","suryonodent"
"1746417691664228365","Sun Jan 14 06:23:19 +0000 2024","0","Jangan lupa untuk berbagi foto dan cerita seru SeliweRUN ini di media sosial agar semakin banyak orang yang terinspirasi untuk hidup lebih sehat @hrfkaj #GanjarMahfud2024 #DuluJokowiSekarangGanjar #Coblos3 #GanjarSandiSeliweRUN https://t.co/rKpOVrmMzn","1746417691664228365","https://pbs.twimg.com/media/GDyFoc8aMAE-jVI.jpg","","in","Sabang","0","0","0","https://twitter.com/BennyMurda1/status/1746417691664228365","1689931736808124416","BennyMurda1"
"1746417450714083452","Sun Jan 14 06:22:21 +0000 2024","0","Kita juga dapat berbagi tips kesehatan dan gaya hidup sehat di akun media sosial masing-masing @honexycat #GanjarMahfud2024 #DuluJokowiSekarangGanjar #Coblos3 #GanjarSandiSeliweRUN https://t.co/bIW0A0nrbU","1746417450714083452","https://pbs.twimg.com/media/GDyFaYVbYAAPqNK.jpg","","in","Singkawang, Indonesia","0","0","0","https://twitter.com/adammaldini_/status/1746417450714083452","1681913694559830017","adammaldini_"
"1746284469479452765","Sat Jan 13 21:33:56 +0000 2024","0","Pergerakan sosial bikin sehat #jagastamina #bugarsepanjangusia https://t.co/zf893Zz5Ah","1746284469479452765","https://pbs.twimg.com/ext_tw_video_thumb/1746284414332801024/pu/img/KXzdk5qxL4O2VUxO.jpg","","in","","0","0","0","https://twitter.com/AchmatRuyat/status/1746284469479452765","1304373194472652801","AchmatRuyat"
"1746280349502763402","Sat Jan 13 21:17:34 +0000 2024","1","Sehat dimulai dari keluarga _ Serda Herman Budi R Babinsa Koramil 1403-14/Mangkutana Kodim 1403/Palopo dalam komunikasi Sosial mengajak Ibu-ibu PKK Desa Pertasi kencana memanfaatkan pekarangan rumah untuk ditanami Toga (Tanaman obat keluarga) https://t.co/g6UOAUGsbO","1746280349502763402","https://pbs.twimg.com/media/GDwIuTRbsAA3YjH.jpg","","in","","0","0","0","https://twitter.com/AgungSa08868213/status/1746280349502763402","1534023444777406464","AgungSa08868213"
"1746234995319165349","Sat Jan 13 18:17:21 +0000 2024","1"," Kita tak dapat mencegah manusia jadi penipu! Namun kita bisa mencegah diri agar tak tertipu. Gunakan akal sehat saat berinteraksi dengan siapapun lewat media sosial. Jangan mudah percaya apalagi jika berurusan dengan uang. ( Fey Down )","1746234995319165349","","","in","Perth. Western Australia","1","0","0","https://twitter.com/FeyDown/status/1746234995319165349","145225376","FeyDown"
"1746204222595735839","Sat Jan 13 16:15:04 +0000 2024","0"," mewek di tempat kerja. Semoga ibunya aman uang nya di simpen aja jgn di kasih tau suami ya bu. Semoga ibu sehat selalu semoga dinas sosial ataupun komnas perempuan dpt cepat mengambil tindakan dgn mengamankan ibu di safe place. ","1746204222595735839","","","in","","0","0","0","https://twitter.com/FahrulJan/status/1746204222595735839","1890856070","FahrulJan"
"1746199614158688279","Sat Jan 13 15:56:45 +0000 2024","0","Guna mewujudkan wilayah desa binaan yang sehat Babinsa Koramil 07/IX Koto Sungai Lasi Kodim 0309/Solok Serda Alwi melaksanakan Komunikasi Sosial bersama Petugas Puskesmas di Nagari Pianggu Kec. IX Koto Sungai Lasi Kab. Solok Sabtu (13/01/2024). https://t.co/zXpW3TqFvI","1746199614158688279","https://pbs.twimg.com/media/GDu_Sq7bEAAH-sF.jpg","","in","","0","0","0","https://twitter.com/kodim0309/status/1746199614158688279","1664068865813512197","kodim0309"
"1746190344549752929","Sat Jan 13 15:19:55 +0000 2024","0","Ganjar Mahfud memahami bahwa ekonomi yang sehat dan keadilan sosial saling terkait Ini membuatnya menjadi pemimpin yang holistik dalam memandang kesejahteraan masyarakat @KidoATCKNega #GanjarMahfud2024 #DuluJokowiSekarangGanjar #Coblos3 https://t.co/ELvvOITIXU","1746190344549752929","https://pbs.twimg.com/media/GDu23IibkAAhn6V.jpg","","in","Jakarta Pusat","0","0","0","https://twitter.com/imranzaii/status/1746190344549752929","1689171654759616513","imranzaii"
"1746158369705230631","Sat Jan 13 13:12:52 +0000 2024","1","belajar regulasi emosi sejak muda tp emg musti pake niat &amp; dukungan sosial. cari sirkel yg sehat. kalau ngga bakal kebawa terus sampe punya anak. aku terlalu kenyang liat org maki2 pasangannya mukul anak kandung yg masih kecil didepan umum. ga laki ga perempuan.","1746158369705230631","","","in","Indonesia","0","0","0","https://twitter.com/nymnadrie/status/1746158369705230631","1475780698053103618","nymnadrie"
"1745745165472727055","Fri Jan 12 09:50:56 +0000 2024","4","Orang-orang yang terbiasa bersyukur cenderung lebih sehat bahagia energik merasa nyaman dengan hidupnya optimis dan memiliki hubungan sosial yang baik. Di manapun dan kapan saja berada mereka menebar aura positif bagi sesama dan lingkungan. #VDS","1745745165472727055","","","in","Jakarta, Indonesia","0","1","3","https://twitter.com/ValensDakiSoo/status/1745745165472727055","370549157","ValensDakiSoo"
"1745628470032613763","Fri Jan 12 02:07:14 +0000 2024","0","Hallo #sobATRBPN Hari Jumat (12/01/2024) Kantah Kota Magelang mengadakan kegiatan senam sehat dalam rangka menjaga kesehatan dan kebugaran. Senam diikuti oleh seluruh pegawai dan mahasiswa magang di Kantah Kota Magelang. Kanal Sosial media: https://t.co/iWb8ZSB9eq https://t.co/MdDXOAn19P","1745628470032613763","https://pbs.twimg.com/media/GDm31NtbYAA8Afs.jpg","","in","Central Java, Indonesia","0","0","0","https://twitter.com/KantahKotaMgl/status/1745628470032613763","1065893112696922113","KantahKotaMgl"
"1745395299865297165","Thu Jan 11 10:40:42 +0000 2024","2","-SOSIAL ILEGAL- #IN THE BLEAK MID WINTER! Sebelum melibas ke java/Bali/Lombok tur!! 2024 Selamat menunaikan ibadah tur kalian semua Sehat selalu. Dan jangan lupa menikmati kuliner disana Abang abangan eug️ @hexhammaren_ @tystvar @rfqkvrn @celah.rana @kvtenx @exmennn20 https://t.co/9zMJcNBtis","1745395299865297165","https://pbs.twimg.com/ext_tw_video_thumb/1745395198249848832/pu/img/OLPmvWyIo7fc_k5b.jpg","","in","","0","0","0","https://twitter.com/abiariel_/status/1745395299865297165","1549079133208334336","abiariel_"
"1745369982249431406","Thu Jan 11 09:00:05 +0000 2024","9","Keluarga yg sehat jasmani dan rohani dimulai dari calon pengantin yg paham tentang kesehatan fisik mental serta kesejahteraan sosial nantinya membuat keluarga bahagia sakinah mawaddah warahmah #IbuAnakBebasStunting https://t.co/WAbIuBHEsR","1745369982249431406","https://pbs.twimg.com/media/GDjMvc1aEAANuhN.jpg","","in","","0","3","5","https://twitter.com/WinTyas48/status/1745369982249431406","990058615","WinTyas48"
"1745369075533095350","Thu Jan 11 08:56:29 +0000 2024","0","131. Bagikan tips sehat dan gaya hidup positif melalui blog atau platform media sosial. #seruuubos #Seger8ener","1745369075533095350","","","in","","0","0","0","https://twitter.com/GrandFaza/status/1745369075533095350","1720597256519446528","GrandFaza"
"1745360763538330049","Thu Jan 11 08:23:27 +0000 2024","0","Mikir bansos bantuan mulu orang2 skrg ga dkash jadi perkara capek liat org2 yg real butuh bantuan tp yg kena org2 mash sehat bisa kerja baik ya semoga next smpe keakar2 tu diusut yg jelas klo utk hal sosial plus jan dptong2 jg tu tim didaerah2 hdiah lomba secuil aj dpajek","1745360763538330049","","","in","","0","0","0","https://twitter.com/haridaresa/status/1745360763538330049","1568941329719394304","haridaresa"
"1745255313551639030","Thu Jan 11 01:24:26 +0000 2024","1","https://t.co/UxfjVE2zzL Memiliki kemampuan untuk menyadari kesalahan dan mengakuinya adalah unsur penting untuk membangun kualitas iman yang orisinil serta budaya hidup yang sehat di tengah lingkup sosial https://t.co/wouHa8QoJq","1745255313551639030","https://pbs.twimg.com/media/GDhkYMmacAApSbg.jpg","","in","Jakarta Pusat, DKI Jakarta","0","0","1","https://twitter.com/LembagaAlkitab/status/1745255313551639030","389206830","LembagaAlkitab"
"1745199274466619562","Wed Jan 10 21:41:45 +0000 2024","1","apakah anda paham ttg bully ??? pelaku bullying adlh pihak yg memiliki : keadaan keluarga tidak normal rasa berkuasa kurang empati gangguan mental sosial &amp; lingk yg tidak sehat. Apakah pak Anies memiliki hal tersebut ??? pada debat pertama justru junjunganmu yg melakukannya","1745199274466619562","","","in","","0","0","0","https://twitter.com/olink1978/status/1745199274466619562","1075401814646743040","olink1978"
"1745101884522926412","Wed Jan 10 15:14:46 +0000 2024","0","Berbagi tips atau resep makanan sehat favoritmu dengan teman-teman di media sosial. Semua orang bisa mendapat manfaat! #Seger8ener #seruuubos","1745101884522926412","","","in","","0","0","0","https://twitter.com/TheJokoG/status/1745101884522926412","2332749409","TheJokoG"
"1745037146543800740","Wed Jan 10 10:57:31 +0000 2024","1","Bergabunglah dalam Senam Sehat Ganjar-Mahfud di Kota Bekasi pada Minggu 14 Januari 2024. Satu langkah untuk kebugaran mempererat ikatan sosial dan memberikan dukungan pada Ganjar-Mahfud. #SahabatGanjar #GanjarPranowo #Ganjar #GenerasiGotongRoyong #GanjarPresiden https://t.co/8NDsyue6QE","1745037146543800740","https://pbs.twimg.com/ext_tw_video_thumb/1745037105196376064/pu/img/7e9dfTAPMd8AjlN9.jpg","","in","","0","0","0","https://twitter.com/sahabatganjar/status/1745037146543800740","1230994530083565568","sahabatganjar"
"1745029110618050934","Wed Jan 10 10:25:35 +0000 2024","0","Senam Sehat Ganjar-Mahfud. Sabtu 13 Januari 2024 Kota Bandung. Jaga kebugaran sambil pererat hubungan sosial dukung Ganjar-Mahfud menuju Pilpres 2024! #SahabatGanjar #GanjarPranowo #Ganjar #GenerasiGotongRoyong #GanjarPresiden #GanjarUntukSemua #GanjarMahfud2024 #SatSet https://t.co/gHiyvYi9lr","1745029110618050934","https://pbs.twimg.com/ext_tw_video_thumb/1745029076044357632/pu/img/-byz1mNdzqfu6WHD.jpg","","in","","0","0","0","https://twitter.com/sahabatganjar/status/1745029110618050934","1230994530083565568","sahabatganjar"
"1745028545162969397","Wed Jan 10 10:23:20 +0000 2024","0","Yuk manfaatkan akhir pekan dengan penuh energi melalui Senam Sehat Ganjar-Mahfud di Kota Bandung Jawa Barat pada Sabtu 13 Januari 2024. Selain menjaga kebugaran tubuh acara ini juga menjadi momen istimewa untuk mempererat hubungan sosial dan memberikan dukungan nyata pada https://t.co/7ZuIujkmLG","1745028545162969397","https://pbs.twimg.com/ext_tw_video_thumb/1745028508513083392/pu/img/0NvLY0kXnztEpNhx.jpg","","in","","0","0","0","https://twitter.com/sahabatganjar/status/1745028545162969397","1230994530083565568","sahabatganjar"
"1744990602440425792","Wed Jan 10 07:52:34 +0000 2024","0","CIRI MENTAL SEHAT: HUBUNGAN SOSIAL SEHAT #kesehatanmental #mentalsehat #hubungansosial #ngajifilsafat https://t.co/czGStbku3U","1744990602440425792","https://pbs.twimg.com/ext_tw_video_thumb/1744990407132590080/pu/img/amF3lv8uhGy-H1l_.jpg","","in","","0","0","0","https://twitter.com/Ahadhad/status/1744990602440425792","207301654","Ahadhad"
"1744989605135577381","Wed Jan 10 07:48:36 +0000 2024","0","Empati merupakan keterampilan sosial yang sangat berharga dalam berinteraksi dengan orang lain dan membangun hubungan yang sehat. #arsjadrasjid #TPNGanjarMahfud #inklusifkolaboratif","1744989605135577381","","","in","","0","0","0","https://twitter.com/AhdaniaSin33971/status/1744989605135577381","1642737528120954881","AhdaniaSin33971"
"1744909128513003714","Wed Jan 10 02:28:49 +0000 2024","0","CIRI MENTAL SEHAT: HUBUNGAN SOSIAL SEHAT #kesehatanmental #mentalsehat #hubungansosial #ngajifilsafat https://t.co/klSDxfBXyp","1744909128513003714","https://pbs.twimg.com/ext_tw_video_thumb/1744908956894695424/pu/img/Tnsa8u4-W6dGVRXk.jpg","","in","","0","0","0","https://twitter.com/Ahadhad/status/1744909128513003714","207301654","Ahadhad"
"1744897822506537444","Wed Jan 10 01:43:54 +0000 2024","0","Satu2nya media sosial yang masih punya akal sehat hanya Twitter lainnya itu dipenuhi buzzer &amp; fans fanatik","1744897822506537444","","","in","Sl3-Byl-Solo","0","0","0","https://twitter.com/Jo_joadi2/status/1744897822506537444","1376581710440112130","Jo_joadi2"
"1744736582643621988","Tue Jan 09 15:03:11 +0000 2024","230","Coba kita sedikit buka akal dan sedikit waras. Ada yang menjadi viral karena joget gemoy. Ada pula yang viral dan Dialog dan mendidik di media sosial secara akal sehat dan kewarasan mana yang anda lihat lebih pas dan positif? Cara kampanye ternyata menggambarkan siapa calon!","1744736582643621988","","","in","New York, USA","1","5","59","https://twitter.com/ShamsiAli2/status/1744736582643621988","380347823","ShamsiAli2"
"1744660818355163342","Tue Jan 09 10:02:07 +0000 2024","0","YANG KAMU TUNGGU-TUNGGU SEGERA HADIR NIH!! Akhirnya kamu bisa punya rambut yang sehat lembut dan berkilau dengan bahan alami. Bikin penasaran kan?? pantengin terus sosial media B.O.Hairbal buat dapetin updatenya yaa https://t.co/Tpa7pbfaQI","1744660818355163342","https://pbs.twimg.com/ext_tw_video_thumb/1744660707231330304/pu/img/rCqCw31kymdU7fUg.jpg","","in","","0","1","0","https://twitter.com/BO_Hairbal/status/1744660818355163342","1598590071656964097","BO_Hairbal"
"1744639029994574318","Tue Jan 09 08:35:33 +0000 2024","0","5 poin penting: - Hidup sehat secara lahir batin - Kreatif membangun aktivitas sosial - Memberantas kemiskinan - Membangun sikap moral bangsa - Membuat ide ide baru Mari kita bergerak maju.....","1744639029994574318","","","in","Gunung Bentang","0","0","0","https://twitter.com/YudiB3KU/status/1744639029994574318","195288471","YudiB3KU"
"1744555085366190318","Tue Jan 09 03:01:59 +0000 2024","0","Nopal sudah semingguan lebih menghilang lagi dari sosial media entah sedang merencanakan apa dia si anak ga jelas yang kerap kali merubah sudut pandangku tentang hidup ini. sehat-sehat mas dan segera meledaklah dunia membutuhkan orang sepertimu mu--- https://t.co/9cMDXl3177","1744555085366190318","https://pbs.twimg.com/media/GDXnmtCa0AAskhe.jpg","","in","","0","1","0","https://twitter.com/sultanwisnusa/status/1744555085366190318","3165998186","sultanwisnusa"
"1744351253247770850","Mon Jan 08 13:32:01 +0000 2024","0","Penanganan judi online yang efektif di bawah kepemimpinan Ganjar akan menciptakan lingkungan sosial yang lebih sehat. @Tiarahap #GanjarMahfudM3nangDebat #GanjarMahfud2024 #Coblos3 https://t.co/EUVysU12vb","1744351253247770850","https://pbs.twimg.com/ext_tw_video_thumb/1744351180870881280/pu/img/zOV95dfddY6OZgDo.jpg","","in","Depok","0","0","0","https://twitter.com/IwanFebriian/status/1744351253247770850","1688412247180423168","IwanFebriian"
"1744349857458888914","Mon Jan 08 13:26:29 +0000 2024","0","Keberhasilan Ganjar dalam menangani judi online akan menciptakan lingkungan sosial yang lebih sehat dan aman. @whosthallassaa #GanjarMahfudM3nangDebat #GanjarMahfud2024 #Coblos3 https://t.co/0GQYuemqIA","1744349857458888914","https://pbs.twimg.com/ext_tw_video_thumb/1744349799166455808/pu/img/ZQuGqr3TnW2jFCyB.jpg","","in","Pagar Alam","0","0","0","https://twitter.com/GiskaZaneta/status/1744349857458888914","1683726434496561152","GiskaZaneta"
"1744348794828083319","Mon Jan 08 13:22:15 +0000 2024","0","Tadi pagi jadi Jubir Prabowo mengomentari debat capres semalam eh siang jadi Menteri Sosial gantiin Bu Risma. Sehat selalu Pak Presiden semoga nanti ikut menjadi saksi pelantikan Ganjar Mahfud jadi Presiden 2024.... https://t.co/lFurcR2fFO","1744348794828083319","https://pbs.twimg.com/ext_tw_video_thumb/1744346825367437312/pu/img/yXvkFrtX8NM6NPHr.jpg","","in","","0","0","0","https://twitter.com/Ghee_Thok/status/1744348794828083319","1048944719663751170","Ghee_Thok"
"1744322463021039803","Mon Jan 08 11:37:37 +0000 2024","0","Emg ga sehat sosial media ini atau emg manusianya","1744322463021039803","","","in","","0","0","0","https://twitter.com/digothedino/status/1744322463021039803","1258563011511332864","digothedino"
"1743919957904429188","Sun Jan 07 08:58:13 +0000 2024","2","Seorang ibu-ibu mengamuk karena tidak diberi sedekah oleh warga Perumahan Ciputat Baru Kota Tangerang Selatan Banten Viral di media sosial. Dari sosok ibu-ibu tersebut terlihat jelas jika pakaian yang digunakan masih rapi sehat dan membawa sejumlah tas. Warga terpaksa https://t.co/KbdEryJkEE","1743919957904429188","https://pbs.twimg.com/ext_tw_video_thumb/1743919780615323648/pu/img/czC6dMN-XxCQr3yW.jpg","","in","Pulo Gadung, Indonesia","0","4","2","https://twitter.com/tvOneNews/status/1743919957904429188","55507370","tvOneNews"
"1743862825817346128","Sun Jan 07 05:11:11 +0000 2024","40","#Nalar Akal Sehat? Rakyat #nazarpemilu utk calon Pemimpin dgn rekam jejak peduli kesetaraan sosial pada semua golongan dan kebijakannya sesuai aturan/UU. ATAU Calon pemimpin yg beli suara rakyat lewat sembako &amp; 50-100rb bujuk rayu tokoh bayaran dan bualan buzzeRp?","1743862825817346128","","","in","South East Asia","1","2","15","https://twitter.com/ZAEffendy/status/1743862825817346128","129750289","ZAEffendy"
"1743852220071006502","Sun Jan 07 04:29:03 +0000 2024","0","kemarin di gda sambil nunggu antrian di belakang gue ada mas2 ngomong ke temennya bisa ga sih bpjs atau kis cover rokok capek beli rokok mulu BPJS BADAN PENYELENGGARA JAMINAN SOSIAL KIS KARTU INDONESIA SEHAT","1743852220071006502","","","in","25","0","0","0","https://twitter.com/hutaccess/status/1743852220071006502","1290648290980175876","hutaccess"
"1743573022341210171","Sat Jan 06 09:59:37 +0000 2024","0","Kemarin nemu akun dakwah yg mengharamkan senam yoga. Aku auto istighfar. Mau tenang dan senang raga sehat jiwa kuat gak pake duit rakyat aja kok yaaaaaaaaa kendala fatwa fatwa media sosial.","1743573022341210171","","","in","Indonesia","0","1","0","https://twitter.com/MuthiaSayekti/status/1743573022341210171","75422699","MuthiaSayekti"
"1743559346347548845","Sat Jan 06 09:05:16 +0000 2024","978","[240106] #KAI WV Halo ini Kai Tahun 2023 telah lewat dan 2024 telah datang Semuanya kabarnya baik kan? ㅎㅎ Di tahun 2023 setelah saya selesai melakukan promosi buat Rover saya menghabiskan sisa tahun sebagai pekerja sosial dengan giat sehat dan baik. Dan juga sambil saya https://t.co/w8mwMwyheV","1743559346347548845","https://pbs.twimg.com/media/GDJa2KsaIAAUdF0.jpg","","in","Do Not Tag Official Accs❗️","5","1","215","https://twitter.com/parkzzar/status/1743559346347548845","1311333525971374082","parkzzar"
"1743248483279310888","Fri Jan 05 12:30:01 +0000 2024","0","Sebuah kelompok pemuda mengorganisir kegiatan sosial untuk membersihkan dan merawat taman kota menciptakan ruang hijau yang sehat untuk warga setempat. #JanganRusakIDN Tanahair Punyakami","1743248483279310888","","","in","","0","0","0","https://twitter.com/acepmaulanaa/status/1743248483279310888","1544244141529317376","acepmaulanaa"
"1743220123320905919","Fri Jan 05 10:37:19 +0000 2024","5","dan kalo ada yang merasa gue adalah wota problematik saya persilahkan anda unfollow akun ini kalau perlu blok akun ini sebelum saya yang blok anda sanyangi kesehatan mental anda dan saya. yuk belajar menggunakan media sosial dengan sehat","1743220123320905919","","","in","","0","3","0","https://twitter.com/betaburannnnnn/status/1743220123320905919","1455170377307488259","betaburannnnnn"
"1742867644959859029","Thu Jan 04 11:16:42 +0000 2024","0","Sumpah gw males bgt lah sm roaches dah tau artis lo sombonk dan tdk suka reach out to fans tp LO️ IYA LO MISTER BLEK malah ikut2an dan gk mau fasilitasi hubungan artis dan fans yg asik dan sehat. Lo boleh panjat sosial tp gw gk boleh ngemis2 ke lo sebagai perantara.","1742867644959859029","","","in","free palestine","0","2","0","https://twitter.com/jaejunger/status/1742867644959859029","177091741","jaejunger"
"1742799447917228234","Thu Jan 04 06:45:42 +0000 2024","2","Srikandi Demokrat Kalimantan Selatan (Kalsel) menggelar berbagai aksi sosial seperti pemberian paket makanan sehat ke ibu-ibu membuka bazar UMKM hingga mengumpulkan sampah di Taman Kamboja Kalsel (22/12). #DemokratPedulidanBerbagi #DemokratS14P #HarapanRakyatPerjuanganDemokrat https://t.co/rZYov78BXf","1742799447917228234","https://pbs.twimg.com/media/GC-q2jLb0AEc6XY.jpg","","in","","0","0","0","https://twitter.com/Demokrat_TV/status/1742799447917228234","284830933","Demokrat_TV"
"1742764237460754527","Thu Jan 04 04:25:47 +0000 2024","0","Harga komoditas melambung Rp melemah...yg puas silahkan lanjutkan. Aing mah msh punya akal sehat...ini eranya perubahan menuju keadilan sosial bagi segenap insan Indonesia. #AsalBukanPrabowo #AMINkanIndonesia","1742764237460754527","","","in","","0","0","0","https://twitter.com/dyndjan/status/1742764237460754527","2878921879","dyndjan"
"1742513354567209404","Wed Jan 03 11:48:52 +0000 2024","0","Ganjar Mahfud memahami bahwa ekonomi yang sehat dan keadilan sosial saling terkait. Ini membuatnya menjadi pemimpin yang holistik dalam memandang kesejahteraan masyarakat. @jrsha_ #GanjarMahfud2024 #3MandatGanjarMahfud #L3bihbaik https://t.co/igorOoJGJx","1742513354567209404","https://pbs.twimg.com/ext_tw_video_thumb/1742165129498886144/pu/img/ll3CBXOY84PDgqHS.jpg","","in","SURAKARTA","0","0","0","https://twitter.com/trionoosyah/status/1742513354567209404","1696442197141540864","trionoosyah"
"1742387783669563712","Wed Jan 03 03:29:54 +0000 2024","4","Halo teman-teman semua! Jadi aku sedang melakukan survei mengenai mental health di era sosial media untuk keperluan data paperku. Syaratnya cuma berusia 13-28 tahun aja kokk. Mohon bantuannya ya teman-teman! Terima kasih dan sehat selaluuu https://t.co/KU606KFopF","1742387783669563712","","","in","","0","0","2","https://twitter.com/spizchu/status/1742387783669563712","1564246102882533377","spizchu"
"1742383569203507700","Wed Jan 03 03:13:09 +0000 2024","0","Tahun ini mungkin kita masih akan sering menyaksikan orang gampang tersulut marah hal2 yang diluar nalar manusia kejahatan2 masalah sosial ekonomi. Semoga kita semua sehat selalu diberi akal dan pikiran yang waras dan kecukupan rezeki supaya asap dapur tetap mengepul.","1742383569203507700","","","in","","0","0","0","https://twitter.com/masarvian/status/1742383569203507700","179295808","masarvian"
"1742361568145543286","Wed Jan 03 01:45:44 +0000 2024","1","Selamat pagi Indonesia 🇮🇩. Sebentar lagi pemilu pastikan Anda pilih AMIN insyaallah beliau yg akan mewujudkan keadilan sosial bagi seluruh rakyat Indonesia. Salam perubahan dan akal sehat dari timur .","1742361568145543286","","","in","","0","0","0","https://twitter.com/SolihenMuhamma1/status/1742361568145543286","1613773688062775297","SolihenMuhamma1"
"1742142599077474398","Tue Jan 02 11:15:37 +0000 2024","0","Kominfo harus segera bertindak gemoy di media sosial hanya menciptakan lingkungan yg tidak sehat @LunnaNdita #PakbowoGakAsal2an PalingPas02 PalingJelas Wayahe MasBOWOGBran Park Ahn Nice https://t.co/KXzvmusGDV","1742142599077474398","https://pbs.twimg.com/media/GC1VdLEaMAASQA1.jpg","","in","Cilegon","0","5","0","https://twitter.com/SarivvK/status/1742142599077474398","1712345944472322048","SarivvK"
"1742119638706847911","Tue Jan 02 09:44:23 +0000 2024","0","Kabar buruk bagi pasien Badan Penyelenggara Jaminan Sosial (BPJS) Kesehatan datang dari Klinik Cipta Sehat Bersama 78. Itu karena adanya surat dari BJPS Kesehatan Gresik nomor 2674/VII-13/1223 tertanggal 11 Desember 2023. https://t.co/NBUoSmp3Du","1742119638706847911","","","in","","0","0","0","https://twitter.com/LintasPerkoro/status/1742119638706847911","1689838841375727616","LintasPerkoro"
"1742117672643604555","Tue Jan 02 09:36:34 +0000 2024","0","Yuuuuk sobat atur pengeluaran agar hidup makin Sehat dan Hemat jangan lupa followw akun resmi KLIK KAMI Customer Service Resmi Klik Kami ️ : cs@klikkami.co.id WhatsApp 1 : 081212932773 (Only WhatsApp) WhatsApp 2 : 081399524143(Only WhatsApp) Sosial media resmi KLIK KAMI https://t.co/ZoXzdI3Zsf","1742117672643604555","https://pbs.twimg.com/media/GC0-x1nawAApEFp.jpg","","in","","0","0","0","https://twitter.com/klik_kami/status/1742117672643604555","1668880815248539648","klik_kami"
"1742060790444925306","Tue Jan 02 05:50:33 +0000 2024","28","Peringati Hari Ibu Srikandi Demokrat Kalsel Gelar Aksi Sosial Srikandi Demokrat Kalimantan Selatan (Kalsel) menggelar berbagai aksi sosial seperti pemberian paket makanan sehat ke ibu-ibu membuka bazar UMKM hingga mengumpulkan sampah di Taman Kamboja (22/12/2023). https://t.co/0FgYZiCS98","1742060790444925306","https://pbs.twimg.com/media/GC0LCU3acAANt8f.jpg","","in","Jakarta Capital Region","1","6","12","https://twitter.com/PDemokrat/status/1742060790444925306","248199104","PDemokrat"
"1742016695458541699","Tue Jan 02 02:55:19 +0000 2024","0","Manfaatkan akhir pekan dengan penuh semangat melalui Senam Sehat Ganjar-Mahfud di Kabupaten Bekasi Jawa Barat pada Sabtu 6 Januari 2024. Selain menjaga kebugaran tubuh acara ini juga menjadi momentum untuk mempererat ikatan sosial dan memberikan dukungan konkret pada https://t.co/m5ExGaDs29","1742016695458541699","https://pbs.twimg.com/media/GCzi74XaYAAnqDE.jpg","","in","","0","0","0","https://twitter.com/sahabatganjar/status/1742016695458541699","1230994530083565568","sahabatganjar"
"1742016296164946355","Tue Jan 02 02:53:44 +0000 2024","1","Mari bergabung dalam aksi sosial Ganjar-Mahfud Peduli Kesehatan yang digagas oleh Sahabat Ganjar dan KawanJuangGP! Ikuti pemeriksaan kesehatan gratis di Kabupaten Garut Jawa Barat pada Minggu 7 Januari 2024. Bersama-sama kita dapat menjaga hidup lebih sehat dan memberikan https://t.co/TVTnChHTTo","1742016296164946355","https://pbs.twimg.com/media/GCzilPabIAAKv6Z.jpg","","in","","0","0","0","https://twitter.com/sahabatganjar/status/1742016296164946355","1230994530083565568","sahabatganjar"
"1741794093402087498","Mon Jan 01 12:10:47 +0000 2024","1","Dan 24 jam yang sama di awal taun Dengan DOA² sendiri² di hari² kedepan Juga sebagian waktu dengan aktivitas sosial atau bekerja [apapun] untuk keperluan orang² terdekat lalu cara meng-urai sehat salah satunya dengan Olahraga Futsal muga² selalu sehat dan diberkahi..amiin https://t.co/1f2Qee1eUf","1741794093402087498","https://pbs.twimg.com/ext_tw_video_thumb/1741794054634151936/pu/img/JUyf6e3JDH5Ndqn4.jpg","","in","","0","0","2","https://twitter.com/BywiRajeg/status/1741794093402087498","1247184766438232066","BywiRajeg"
"1741742985786912796","Mon Jan 01 08:47:42 +0000 2024","0","Penting untuk memahami bagaimana perilaku seksual remaja berhubungan dengan keadaan sosial dan kesehatan Oleh karena itu penting untuk memberikan informasi yang benar dan mendukung agar remaja dapat membuat keputusan yang sehat dan positif terkait https://t.co/ukAuWwUzw0","1741742985786912796","","","in","Indonesia","0","0","0","https://twitter.com/retizen_id/status/1741742985786912796","1398261977839898624","retizen_id"
"1741718724196122995","Mon Jan 01 07:11:18 +0000 2024","0","Welcome 2024.. Semoga Tahun ini lebih baik segala2nya.. Dari urusan Kesehatan Keuangan Ibadah Sosial Keluarga maupun Relationship .. Ga muluk2.. Yg penting tahun ini bisa tetap waras secara lahir batin.. Bisa tetep sehat lahir batin.. Bismillah 2024 Be Nice yaa.. ","1741718724196122995","","","in","","0","0","0","https://twitter.com/nhaduy_GK/status/1741718724196122995","226515143","nhaduy_GK"
