"conversation_id_str","created_at","favorite_count","full_text","id_str","image_url","in_reply_to_screen_name","lang","location","quote_count","reply_count","retweet_count","tweet_url","user_id_str","username"
"1454472476713385984","Sat Oct 30 15:37:15 +0000 2021","0","My account my rules tapi dlm menggunakan sosial media ga pake aturan bikin 875 di drag. situ sehat?","1454472476713385984","","","in","","0","0","0","https://twitter.com/hnyrhm/status/1454472476713385984","1043510003213074433","hnyrhm"
"1454436675535310856","Sat Oct 30 13:15:00 +0000 2021","1","Ruang publik harus terbuka bagi beragam diskursus kritik dan pandangan sembari mengedepankan akal sehat data valid dan motif moral. Tujuannya agar kritik tidak menjelma menjadi penaklukan sosial berbasis kebencian. #Opini @boni_hargens #AdadiKompas https://t.co/AmVTJPPjea","1454436675535310856","","","in","Palmerah, Jakarta","0","0","1","https://twitter.com/hariankompas/status/1454436675535310856","255866913","hariankompas"
"1454249245947555842","Sat Oct 30 00:50:13 +0000 2021","0","#Tenggelamkan_PDIP Partai yang satu ini bubar insha allah indonesia akan kembali sehat sehat ekonomi sehat sosial aman rukun damai akan tercipta. Sudah dr duku saya berkeyakinan salah satu penghalang kemajuan indonesia adalah partai ini. Partai moncong putih .","1454249245947555842","","","in","","0","0","0","https://twitter.com/jhonowick/status/1454249245947555842","1391357023820804100","jhonowick"
"1454090700430225409","Fri Oct 29 14:20:13 +0000 2021","5","Menyetarakan pembangunan untuk SDM yang tangguh dan mapan. kesetaran sosial untuk perokonomian masyarakat. tanpa ada sekat kesenjangan sosial seluruh pulau dan provinsi di Indonesia di bangun merata untuk INDONESIA MAJU sehat selalu Mr.Prseiden @jokowi Aamiin https://t.co/dvK015ssbw","1454090700430225409","https://pbs.twimg.com/ext_tw_video_thumb/1454089369862672388/pu/img/7q7XwFitm4vfXI16.jpg","","in","Jakarta Capital Region","0","0","1","https://twitter.com/pawa_anugrah/status/1454090700430225409","2840226740","pawa_anugrah"
"1454055807000055811","Fri Oct 29 12:01:34 +0000 2021","0","[HARI KESEHATAN NASIONAL BEM IM FKM UI 2021] Salam sehat untuk kita semua! Di tengah kondisi pandemi yang tak kunjung usai banyak mitos-mitos dan berita tidak valid yang tersebar di sosial media sehingga membuat masyarakat awam bingung dan berakhir mempercayai https://t.co/vyfBTXn8Tm","1454055807000055811","https://pbs.twimg.com/media/FC3YDGfVIAUn21a.jpg","","in","Depok, Indonesia","0","1","0","https://twitter.com/BEMFKMUI/status/1454055807000055811","110404464","BEMFKMUI"
"1454016934253514755","Fri Oct 29 09:27:06 +0000 2021","0","Departemen Periodonsia Fakultas Kedokteran Gigi Universitas Indonesia (FKG UI) melalui kegiatan CLINICAL PERIODONTOLOGY UPDATE 3 (CPU3) mengadakan bakti sosial penyuluhan kesehatan gusi secara daring pada 25 September 2021 bertemakan Senyum Sehat Indonesia Cerdas https://t.co/ZHQtSsFtQ6","1454016934253514755","https://pbs.twimg.com/media/FC20sOrUUAE21dI.jpg","","in","DKI Jakarta, Indonesia","0","0","0","https://twitter.com/dentistry_ui/status/1454016934253514755","825928064144072704","dentistry_ui"
"1453953450933309442","Fri Oct 29 05:14:50 +0000 2021","0","[ BAKTI SOSIAL ] Haloo Semua Bagaimana kabar kalian? Semoga sehat selalu ya dan jangan lupa untuk selalu menaati protokol kesehatan yang ada! Saat ini BEM FEB UPNVY sedang membuka donasi berupa ; - Pakaian layak pakai - Buku - Al-Quran/Iqro - Uang yang akan disalurkan (cont) https://t.co/9FMdSZDs4X","1453953450933309442","https://pbs.twimg.com/media/FC169COUYAUT8Hp.jpg","","in","UPN Veteran Yogyakarta","0","1","0","https://twitter.com/bemfebupnvy/status/1453953450933309442","185218582","bemfebupnvy"
"1453900258035916803","Fri Oct 29 01:43:28 +0000 2021","2","Bertepatan dengan momentum HLN ke-76 PLN UIW Sumatera Barat resmikan Program Tanggung Jawab Sosial dan Lingkungan (TJSL) Bantuan Bedah Rumah Sehat Ikatan Keluarga Listrik Negara (IKPLN) di kediaman ibu Nuraina. #PLNPeduli #TJSLPLN #PowerBeyondGenerations https://t.co/KVqXFxGfJD","1453900258035916803","https://pbs.twimg.com/media/FC1KjjUUUAInbOT.jpg","","in","Dr Wahidin No. 08 Sumbar ","0","0","0","https://twitter.com/plnsumbar/status/1453900258035916803","1352153629931708416","plnsumbar"
"1453890159842263042","Fri Oct 29 01:03:20 +0000 2021","0","Yang salah meminumkan obat/racun kpd rakyat itu PDIP apabila obat apalagi vitamin Rakyat pasti sehat sehingga NKRI mengalami kemerosotan total sosial ekonomi dan politik jg pertahanan Keamanan akibat obat penuh racun. Sementara tidak semua rakyat yg mau minum racunnya PDIP.","1453890159842263042","","","in","","0","0","0","https://twitter.com/ENS53311139/status/1453890159842263042","1168102826624483329","ENS53311139"
"1453682175484727297","Thu Oct 28 11:16:53 +0000 2021","6","PAC Pasar Kliwon Penuhi Nutrisi 4 Sehat 5 Sempurna Kepada Masyarakat PAC PDI Perjuangan Pasar Kliwon kembali menggelar kegiatan sosial yaitu membagikan ratusan Cup Susu kepada warga yang berada di Kelurahan Pasar Kliwon dan Baluwarti Minggu (24/10/2021). #PDIPerjuangan https://t.co/ZmzVDd7WNT","1453682175484727297","https://pbs.twimg.com/media/FCyEOzkVkAMdF0W.jpg","","in","Indonesia","0","1","0","https://twitter.com/PDI_Perjuangan/status/1453682175484727297","153407983","PDI_Perjuangan"
"1453672557874343940","Thu Oct 28 10:38:40 +0000 2021","0","Ngomongin besaran gaji mah ga ada abisnya. Gimana caranya punya pendapatan besar tapi mental dan sosial sehat itu baru diskusi yg menarik","1453672557874343940","","","in","you tell me","0","0","0","https://twitter.com/kecipokan/status/1453672557874343940","3308855838","kecipokan"
"1453369133173772291","Wed Oct 27 14:32:58 +0000 2021","0","Rabu 27 Oktober 2021. Bertempat di Aula Ex Dinas Sosial Kota Malang Jl. Raya Sulfat No.12 Malang. Kegiatan Fasilitasi Karang Werdha Kota Malang Menuju Lanjut Usia Sehat Produktif dan Berkualitas. https://t.co/KIQ4iH6KNi","1453369133173772291","","","in","Jl. Ki Ageng Gribig No. 5 Kota Malang","0","0","0","https://twitter.com/sosp3ap2kb/status/1453369133173772291","1076050354414923776","sosp3ap2kb"
"1453312911166754817","Wed Oct 27 10:49:33 +0000 2021","0","Maaf lagi gak bisa online sementara waktu karena mata rasanya lagi kurang sehat jadi ingin rehat dari media sosial sebentar. ","1453312911166754817","","","in","","0","7","0","https://twitter.com/tbz_hyeonjae/status/1453312911166754817","845924460897054720","tbz_hyeonjae"
"1453234556170088457","Wed Oct 27 05:38:12 +0000 2021","0","Manfaat menyontek : 1. otot mata sehat 2. kreatifitas meningkat 3. Meningkatkn sosial teman 4. Nilai bagus 5. Melatih kecepatan gerak","1453234556170088457","","","in","","0","0","0","https://twitter.com/asihpriyati1/status/1453234556170088457","2191779301","asihpriyati1"
"1453216434910334982","Wed Oct 27 04:26:12 +0000 2021","0","Kampanye sosial #DariSaudari bekerja sama dengan UNICEF Indonesia telah berkontribusi meningkatkan perilaku sehat dan bersih ribuan remaja perempuan di berbagai kabupaten dan kota di wilayah Indonesia Timur. https://t.co/WXDrPwucqG","1453216434910334982","","","in","Jakarta - Indonesia","0","0","0","https://twitter.com/mediaindonesia/status/1453216434910334982","68930552","mediaindonesia"
"1453000494327209993","Tue Oct 26 14:08:07 +0000 2021","0","Manfaat menyontek : 1. otot mata sehat 2. kreatifitas meningkat 3. Meningkatkn sosial teman 4. Nilai bagus 5. Melatih kecepatan gerak","1453000494327209993","","","in","","0","0","0","https://twitter.com/asihpriyati1/status/1453000494327209993","2191779301","asihpriyati1"
"1452975025342976000","Tue Oct 26 12:26:55 +0000 2021","1","Ngeblock orang itu perlu kalo kalian mau media sosial kalian jadi lebih sehat ","1452975025342976000","","","in","Tangerang, Indonesia","0","4","1","https://twitter.com/ghulammar_/status/1452975025342976000","1312749400398069760","ghulammar_"
"1452904346883014657","Tue Oct 26 07:46:04 +0000 2021","0","Dinas Sosial Provinsi Kalimantan Barat mengucapkan. Dirgahayu Kementerian Kelautan dan Perikanan yang ke-22 Ekonomi Biru Laut Sehat Indonesia Sejahtera . . #hutkkp #BerkinerjaDenganBenar #PeduliMasalahSosial #MelayaniDenganSepenuhHati https://t.co/GjH1sg6x0h","1452904346883014657","https://pbs.twimg.com/media/FCnAxMGVcAUB6TE.jpg","","in","Jl. Sutan Syahrir No.3","0","0","0","https://twitter.com/dinsos_kalbar/status/1452904346883014657","1186921416421019649","dinsos_kalbar"
"1452878272774037507","Tue Oct 26 06:02:28 +0000 2021","13","Bantuan sosial seperti ini untuk masyarakat dan pelaku usaha jelas sangat membantu apalagi nggak semua perusahaan kondisinya sehat. Nah buat kalian yang belum dapat kerja bisa banget #SiapKerjaLagi lewat program ini https://t.co/SfX0eEJbGG","1452878272774037507","https://pbs.twimg.com/media/FCmpFOtVQAI3Bwq.jpg","","in","jakarta","6","3","4","https://twitter.com/yhendarsyah/status/1452878272774037507","267195658","yhendarsyah"
"1452850378551091201","Tue Oct 26 04:11:37 +0000 2021","0","Sobat Sehat setuju ga sih kalo selama pandemi kita lebih sering ada di media sosial? Ternyata secara gak langsung kita jadi kecanduan media sosial lho. Ada Revan di #IndonesiaSehatSiang yg bahas infonya sampai jam 2 nanti Tune in di https://t.co/BSUWkskaK8 yosh! https://t.co/R5np58TmPg","1452850378551091201","https://pbs.twimg.com/tweet_video_thumb/FCmPttXVUAUIOTm.jpg","","in","Gedung Kementerian Kesehatan","0","0","0","https://twitter.com/RadioKesehatan/status/1452850378551091201","941534384682713088","RadioKesehatan"
"1452830318973440007","Tue Oct 26 02:51:54 +0000 2021","2","sehat berarti bebas dari sakit dari segi fisik mental sosial dan spiritual #BangkitDariCovid","1452830318973440007","","","in","Cileunyi, Kab. Bandung","0","0","2","https://twitter.com/Bani_Blue/status/1452830318973440007","1485150618","Bani_Blue"
"1452810464027496453","Tue Oct 26 01:33:01 +0000 2021","0","Literasi Digital Benteng Untuk Bermedia Sosial Sehat - https://t.co/Sc35lMOjMt https://t.co/16dbFg8G8K","1452810464027496453","https://pbs.twimg.com/media/FClrauXVgAISArN.jpg","","in","Padang","0","0","0","https://twitter.com/KoranSinggalang/status/1452810464027496453","447840165","KoranSinggalang"
"1452687424463597568","Mon Oct 25 17:24:06 +0000 2021","0","Kamu follow aku di media sosial. Mungkin jarang baca tweet-ku juga. Kalau kamu baca tweet ini cuma mau ngingetin dengerin semua lagu-lagu di album terbaru Yura Yunita - Tutur Batin ya Mas. Semoga sehat dan bahagia buatmu.","1452687424463597568","","","in","Tangerang, Banten","0","0","0","https://twitter.com/raraorgil/status/1452687424463597568","2696346375","raraorgil"
"1452624160354668544","Mon Oct 25 13:12:42 +0000 2021","1","Satgas Citarum Harum Sektor-18 juga rajin melakukan Komunikasi Sosial (Komsos) terkait dengan Perilaku Hidup Bersih dan Sehat (PHBS) kepada masyarakat sekitar Sektor 18. Seperti yang dilaksanakan Senin 25 Oktober 2021 siang tadi https://t.co/Tx6Zlg6uzH https://t.co/OqKrrZv8Yc","1452624160354668544","https://pbs.twimg.com/media/FCjB-aYXIAgtwQr.jpg","","in","Bandung, Jawa Barat","0","0","0","https://twitter.com/SatgasCitarum/status/1452624160354668544","1093816099747975168","SatgasCitarum"
"1452476554273910787","Mon Oct 25 03:26:10 +0000 2021","0","1.Kesehatan adalah keadaan sehat baik secara fisik mental spritual maupun sosial yang memungkinkan setiap orang untuk hidup produktif secara sosial dan ekonomis.","1452476554273910787","","","in","Boyolali  Indonesia","0","0","0","https://twitter.com/lktsofficial/status/1452476554273910787","393555352","lktsofficial"
"1452473550573486088","Mon Oct 25 03:14:14 +0000 2021","0","Meski sempat naik turun sesuai dg besar kecilnya ombak kepercayaan publik thd media mainstream masih relatif tinggi dibanding thd media sosial. Buktinya masyarakat rela membayar utk mendapat informasi yg sehat akurat dan terpercaya.. #goodjournalism #koransindo @MNCkoranSINDO https://t.co/WRcKjjZ8GB","1452473550573486088","https://pbs.twimg.com/media/FCg4-uLUYAYbDbr.jpg","","in","ÜT: -6.184201,106.829548","0","0","0","https://twitter.com/PungPurwanto/status/1452473550573486088","131800607","PungPurwanto"
"1452440237490069505","Mon Oct 25 01:01:52 +0000 2021","1"," Tips Mengatasi Stres dengan Sehat Yuk follow akun Media Sosial BNNK HSS lainnya Fb : Bnnkhss Bnn Ig : @infobnn_kab_hss Youtube : BNN Kabupaten Hulu Sungai Selatan Website : https://t.co/rPbsjl9Osj WA: 0812-5724-0910 https://t.co/tTqGl8c4Ql","1452440237490069505","https://pbs.twimg.com/media/FCgaspdVgAMHwmr.jpg","","in","Kalimantan Selatan, Indonesia","0","0","0","https://twitter.com/infobnn_kab_hss/status/1452440237490069505","1376358308328562692","infobnn_kab_hss"
"1451800462726860804","Sat Oct 23 06:39:38 +0000 2021","42","Media sosial bagi yang berakal sehat dan berhati bugar bisa menjadi ajang diskusi dan toleransi namun bagi yang mencari ketenaran demi uang dan posisi bisa menjadi tong sampah fitnah adu domba ujaran kebencian pemerasan dan pembunuhan karakter.","1451800462726860804","","","in","Indonesia","0","0","8","https://twitter.com/muhsinlabib/status/1451800462726860804","57560506","muhsinlabib"
"1451736597708173319","Sat Oct 23 02:25:51 +0000 2021","0","Babinsa Kel. Muja Muju Sertu Sidik Subekti menambahkan Acara jalan sehat tersebut dilaksanakan agar para pegawai di BPN dapat membiasakan diri dengan pola hidup sehat dan mempunyai jiwa sosial serta rasa kepedulian yang tinggi terhadap sesama https://t.co/hlB8u8WYHq","1451736597708173319","https://pbs.twimg.com/media/FCWavbyVQAAvFGK.jpg","","in","","0","0","0","https://twitter.com/Ramil07U/status/1451736597708173319","1372763404163710976","Ramil07U"
"1451733871687467009","Sat Oct 23 02:15:01 +0000 2021","14","Ayo Donor Darah Kita Sehat Mereka Selamat Hai #SahabatBahari dalam rangka Hari Ulang Tahun Kementerian Kelautan dan Perikanan ke-22 Pelabuhan Perikanan Nusantara Prigi mengadakan Bakti Sosial Donor Darah. #HUT22KKP #KKPGOID #KKPREBOUND #PPNPRIGI @kkpgoid @djpt_kkp @swtrenggono https://t.co/ZozE6eXcwE","1451733871687467009","https://pbs.twimg.com/media/FCWYD9lVIAIxxd1.jpg","","in","Trenggalek, Indonesia","1","0","1","https://twitter.com/ppn_prigi/status/1451733871687467009","821037492463771648","ppn_prigi"
"1451718908398882822","Sat Oct 23 01:15:34 +0000 2021","7","Halo Sobat Sehat! Sebentar lagi HUT RSCM ke 102 loh akan ada banyak banget acara menarik! Pantau terus media sosial RSCM mulai 25-29 Oktober dan 1-4 November akan ada webinar yang dapat disaksikan via Channel Youtube RSCM dan IG Live setiap harinya! https://t.co/w4wrmUBG3i","1451718908398882822","https://pbs.twimg.com/media/FCWKpmiUYAIp14J.jpg","","in","Jakarta - Indonesia","0","1","3","https://twitter.com/rscm_official/status/1451718908398882822","2302476510","rscm_official"
"1451559069110575109","Fri Oct 22 14:40:25 +0000 2021","1","Agenda kegiatan sosial bantuan sembako Semoga kita semua sehat dan panjang umur Mak akan bersepeda dan berbagi sembako di Desa Ngemplak Lasem 1. mbah Sus RT 3 2. mbah Fatim RT 3 3. mbah Ning RT 4 4. Yu Pah RT 3 5. mak Rah belakang SMAN Lasem Sabtu 23/10/2021 Start jam 05.30","1451559069110575109","","","in","Jawa Tengah, Indonesia","0","0","0","https://twitter.com/Mak_Jeganggik/status/1451559069110575109","1386712644950781954","Mak_Jeganggik"
"1451516100848472076","Fri Oct 22 11:49:40 +0000 2021","1","Waikabubak 22 Oktober 2021 Pegawai Bapas Waikabubak mengikuti Senam Sehat dalam rangka peningkatan imun untuk mencegah penularan Covid 19 yang diselenggarakan Sekjen Kemenkumham RI. Pembimbing Kemasyarakatan mengikuti kegiatan sosialisasi di Dinas Sosial Sumba Barat https://t.co/yjhiRoJlq1","1451516100848472076","https://pbs.twimg.com/media/FCTSLr9VkAMM6aw.jpg","","in","East Nusa Tenggara, Indonesia","0","1","0","https://twitter.com/bapaswaikabubak/status/1451516100848472076","1230462115686694913","bapaswaikabubak"
"1451505907435651077","Fri Oct 22 11:09:10 +0000 2021","0","[ BAKTI SOSIAL ] Haloo Semua Bagaimana kabar kalian? Semoga sehat selalu ya dan jangan lupa untuk selalu menaati protokol kesehatan yang ada! Saat ini BEM FEB UPNVY sedang membuka donasi yang akan disalurkan pada kegiatan : BAKTI SOSIAL ️ 7 November 2021 (cont) https://t.co/LL0zeCIeAv","1451505907435651077","https://pbs.twimg.com/media/FCTI7PKVcAgD3nJ.jpg","","in","UPN Veteran Yogyakarta","0","1","0","https://twitter.com/bemfebupnvy/status/1451505907435651077","185218582","bemfebupnvy"
"1451445107627073536","Fri Oct 22 07:07:34 +0000 2021","0","lebih sehat lebih guyub lebih harmoni dalam kemajemukan pulih dan bangkit secara ekonomi melalui entitas-entitas sosial ekonomi yang kreatif berorientasi kesejahteraan bersama berkah ","1451445107627073536","","","in","DKI Jakarta, Indonesia","0","0","0","https://twitter.com/wibissono/status/1451445107627073536","1430087860644839427","wibissono"
"1451385860969013249","Fri Oct 22 03:12:09 +0000 2021","176","Mengemas kebohongan atas sebuah kebenaran dgn fitnah &amp; hoaks atas nama kritik adalah kekonyolan yg lahir dari keputusasaan atas ketidakmampuan membangun kualitas kritik yg sehat &amp; cerdas atas dasar data &amp; fakta.! Berdemokrasilah dengan etika sosial &amp; moral. Mas @budimandjatmiko https://t.co/P3LJMaeP1n","1451385860969013249","https://pbs.twimg.com/ext_tw_video_thumb/1451385317206872067/pu/img/fLmBf5SoCnwEHwD3.jpg","","in","Indonesia ","2","13","82","https://twitter.com/_Rizmaya__/status/1451385860969013249","382522068","_Rizmaya__"
"1451115771061420037","Thu Oct 21 09:18:54 +0000 2021","28","Banyak cara yang bisa kita lakukan untuk mencapai kondisi sehat. Salah satu cara yang cukup efektif untuk meningkatkan kesehatan fisik jiwa dan kesejahteraan sosial yaitu mindfulness. Mindfulness adalah suatu keadaan pikiran dan perasaan yang hidup sepenuhnya di masa sekarang.","1451115771061420037","","","in","Indonesia","0","1","10","https://twitter.com/pijarpsikologi/status/1451115771061420037","2981870077","pijarpsikologi"
"1451088364384382988","Thu Oct 21 07:30:00 +0000 2021","9","Tren wellness industry berdampak pada kelas sosial secara langsung. Masyarakat menjadi kian bergantung akan konsep healing mewah. Seolah-olah untuk mendapatkan jiwa dan raga yang sehat kita harus membutuhkan biaya dan privilese yang besar. https://t.co/GkS7nLDubF","1451088364384382988","","","in","Jakarta","0","0","4","https://twitter.com/magdaleneid/status/1451088364384382988","1521159020","magdaleneid"
"1451034339328757764","Thu Oct 21 03:55:20 +0000 2021","0","sayang banget sama bunda empong hari ini aku bahas diferensiasi sosial dan bertukar pikiran tentang transgender di thailand terus dia respon-nya mengayomi bangeeeet suka banget sama bundaa. pokoknya bunda sehat-sehat terus plis. kayla sayang bgt sama bunda empong. ","1451034339328757764","","","in","SELECTIVE. MDNI. ","1","1","1","https://twitter.com/wedokbetawi/status/1451034339328757764","1291198099617062913","wedokbetawi"
"1450792802489491465","Wed Oct 20 11:55:33 +0000 2021","1","Salah satu tanda sehat mental : lebih banyak buka tokopedia daripada media sosial","1450792802489491465","","","in","","0","2","0","https://twitter.com/engineerusak/status/1450792802489491465","44076678","engineerusak"
"1450773327421739011","Wed Oct 20 10:38:09 +0000 2021","4","Kalo udah sampe mulai ngatain orang di sosial media CUMA karena karya orang lain menurut gue istirahat duluu dari platform bebas kayak gini. Latihan bahagia sendiri tanpa ngatain orang lain guyss lebih organik gitu sehat.","1450773327421739011","","","in","𝐑𝐏𝐒 ; 𝐍𝐒𝐅𝐖 ","0","0","0","https://twitter.com/nephelibates/status/1450773327421739011","1182974266188292097","nephelibates"
"1450684977733988352","Wed Oct 20 04:47:05 +0000 2021","10","Seiring berjalan nya waktu kita semua rakyat Indonesia maupun warga internasional berharap systemic racism bisa dijatuhkan dan segera menjadi prioritas utama setiap negara termasuk Indonesia untuk menyejahterakan rakyat dengan lingkup sosial yang sehat.‍️ #lifeatunpar #kelasMIHI https://t.co/SMO7GSlhzr","1450684977733988352","https://pbs.twimg.com/media/FCHeTD3VEAgVIl6.png","","in","Bandung Wetan, Indonesia","0","0","0","https://twitter.com/EvandVarrel/status/1450684977733988352","1304313647594758144","EvandVarrel"
"1450634892086104066","Wed Oct 20 01:28:04 +0000 2021","2","Maaf aku baru tau ttg pekerja sosial ini jujur merinding pas tau soal itu nder ikut bangga sama kamu yg bisa kuliah dan ambil jurusan itu sehat selalu yaa️","1450634892086104066","","","in","21+","0","0","0","https://twitter.com/fundameeental/status/1450634892086104066","3004857506","fundameeental"
"1450446901032079360","Tue Oct 19 13:01:03 +0000 2021","0","3 Tahun Tak Melihat Media Sosial Selena Gomez Merasa Lebih Bahagia dan Sehat https://t.co/EriSDNTAyI","1450446901032079360","","","in","Indonesia","0","0","0","https://twitter.com/MSNindonesia/status/1450446901032079360","262026799","MSNindonesia"
"1450258421828108296","Tue Oct 19 00:32:06 +0000 2021","41","Semangat pagi hari ini wajib kita awali dengan energi positif kejernihan hati dan pikiran agar bisa bersosial media dg sehat Tahu ga sih kalian kalau saat ini radikalisme terus bergerilya di tengah masyarakat melalui media sosial. Yuk lawan intoleransi di sekitar kita https://t.co/j6ljgeXF8j","1450258421828108296","https://pbs.twimg.com/media/FCBaV8GUcAEwwQy.jpg","","in","Bekasi","6","30","20","https://twitter.com/Desty007/status/1450258421828108296","155161935","Desty007"
"1450095965180813326","Mon Oct 18 13:46:34 +0000 2021","2","Absensi dan Evaluasi Knowledge Sharing Live Webinar *Digitalisasi Pelayanan Publik* pada tanggal 18 Oktober 2021 Dapat di akses pada link di bawah ini : https://t.co/HnXHJ0kRtl Note : Jangan lupa Follow dan add sosial media PPSDM Aparatur dibawah ya... Salam sehat sahabat https://t.co/DTljpyLmvZ","1450095965180813326","https://pbs.twimg.com/media/FB_GfqQUYAwXWOL.jpg","","in","Bandung, Indonesia","0","0","0","https://twitter.com/ppsdmaparatur/status/1450095965180813326","1118060750017183744","ppsdmaparatur"
"1450003557797679105","Mon Oct 18 07:39:22 +0000 2021","1","Kegiatan Bakti sosial pertama Garda Angkasa NTB Dibuka Evi Apita Maya Ini Sejumlah Kegiatan Aksi Sehat Digelar Garda Angkasa #GardaNtbPeduliSesama #GardaNtbPeduliSesama #GardaNtbPeduliSesama https://t.co/rQaF4cY1ro lewat @Lombok Today","1450003557797679105","","","in","","0","0","0","https://twitter.com/must_Ally09/status/1450003557797679105","1266692250861363200","must_Ally09"
"1449920561866416130","Mon Oct 18 02:09:34 +0000 2021","0","Lepas dari Sosial Media Selena Gomez Merasa Hidup Lebih Sehat https://t.co/303TfwSAAF","1449920561866416130","","","in","West Sumatra, Indonesia","0","0","0","https://twitter.com/haluanharian/status/1449920561866416130","282667727","haluanharian"
"1449858435579740164","Sun Oct 17 22:02:42 +0000 2021","0","Walikota Semarang Hendrar Prihadi mendorong peningkatan ekonomi khususnya bagi pelaku UMKM agar kembali bangkit pasca pemberlakuan pembatasan sosial Covid-19 melalui acara bertajuk Festival Pasar Sehat. https://t.co/l2rVwdn3Ng","1449858435579740164","","","in","Jalan Semangka No. 7 Ungaran","0","0","0","https://twitter.com/RadioRasika/status/1449858435579740164","234582612","RadioRasika"
"1449737044876357636","Sun Oct 17 14:00:20 +0000 2021","0","Selena Gomez Ngaku Lebih Sehat Setelah Media Sosial Dikelola Asisten #Sindonews #BukanBeritaBiasa .https://t.co/fsjlViPHjT","1449737044876357636","","","in","Jakarta Pusat, DKI Jakarta","0","0","0","https://twitter.com/SINDOnews/status/1449737044876357636","231355136","SINDOnews"
"1449713539690553344","Sun Oct 17 12:26:56 +0000 2021","5","Gelar Pasar Sehat di 16 Kecamatan Hendi Dorong UMKM Bangkit. Wali Kota Semarang Hendrar Prihadi terus mendorong peningkatan ekonomi khususnya bagi pelaku UMKM agar kembali bangkit pasca pemberlakuan pembatasan sosial Covid-19. #PDIPerjuangan #SolidBergerak https://t.co/8LraBOYtP8","1449713539690553344","https://pbs.twimg.com/media/FB5qwikVIAAIobL.jpg","","in","Indonesia","0","6","0","https://twitter.com/PDI_Perjuangan/status/1449713539690553344","153407983","PDI_Perjuangan"
"1449657883378003970","Sun Oct 17 08:45:47 +0000 2021","0","Alhamdulilah.. Striker Sosial Distancing di copot... Umroh siap dibuka kembali bagi jamaah Indonesia.. Semoga semakin sehat &amp; berkah Aamiin... @ LIDI - Lombok Tours https://t.co/214fOX1jBq","1449657883378003970","","","in","Mataram","0","0","0","https://twitter.com/LINDRACAHYAW/status/1449657883378003970","752624251","LINDRACAHYAW"
"1449226779600703498","Sat Oct 16 04:12:44 +0000 2021","0","Content sosial experimen Kasih uang 100rb upload ke YouTube kasih lagu islami biar orang kasihan dan dapat pujian di tonton banyak orang 1 video itu duitnya ngalir terus Netizen pun berkomentar masyaallah BG baiknya sehat selalu bg dan lain lain https://t.co/81f1rJEpTh","1449226779600703498","https://pbs.twimg.com/ext_tw_video_thumb/1449226559160664067/pu/img/MrRQQhprAR-JfPvd.jpg","","in","Kota Batam, Kepulauan Riau","0","0","0","https://twitter.com/Taarufindo/status/1449226779600703498","1387670309382148098","Taarufindo"
"1449216484329222155","Sat Oct 16 03:31:49 +0000 2021","0","[ BAKTI SOSIAL ] Haloo Semua Bagaimana kabar kalian? Semoga sehat selalu ya dan jangan lupa untuk selalu menaati protokol kesehatan yang ada! Saat ini BEM FEB UPNVY sedang membuka donasi berupa ; - Pakaian layak pakai - Buku - Al-Quran/Iqro - Uang yang akan disalurkan (cont) https://t.co/nTr23rn1jT","1449216484329222155","https://pbs.twimg.com/media/FBymsFuUcAUCP8V.jpg","","in","UPN Veteran Yogyakarta","0","1","0","https://twitter.com/bemfebupnvy/status/1449216484329222155","185218582","bemfebupnvy"
"1449196945902235648","Sat Oct 16 02:14:11 +0000 2021","1","[HARI PANGAN DUNIA] Selamat memperingati hari pangan dunia 2021 Mari berkontribusi pada ketahanan pangan dan kemakmuran sosial-ekonomi di masa masih pandemi Covid-19 dengan cara memilih pangan yang baik sehat aman dan juga terjamin mutunya. . . #haripangandunia https://t.co/Qr0pQwNQsY","1449196945902235648","https://pbs.twimg.com/media/FByU8C4UUAMePHi.jpg","","in","","0","0","0","https://twitter.com/tekimunwahas/status/1449196945902235648","1404394017626804228","tekimunwahas"
"1449178626092457986","Sat Oct 16 01:01:23 +0000 2021","0","Udah ga sehat ini media sosial.","1449178626092457986","","","in","London, England","0","0","0","https://twitter.com/xtrrdnrytchr/status/1449178626092457986","459117827","xtrrdnrytchr"
"1449146822702690307","Fri Oct 15 22:55:01 +0000 2021","0","Bismillahirrahmanirrahim hari ini adalah aksi perdana kegiatan bakti sosial dari Gerakan Pemuda Angkasa ( Garda Angkasa). Kegiatan: pengobatan gratis sunatan massal terapi sehat dan Vaksinasi. https://t.co/XgbGH08yRH","1449146822702690307","https://pbs.twimg.com/media/FBxnWoKUUAEPUhi.jpg","","in","","0","0","0","https://twitter.com/must_Ally09/status/1449146822702690307","1266692250861363200","must_Ally09"
"1448997003824807937","Fri Oct 15 12:59:41 +0000 2021","0","Menteri @PlateJohnny menegaskan bahwa tugas Radio Republik Indonesia adalah memberikan pelayanan informasi pendidikan hiburan yang sehat kontrol dan perekat sosial.","1448997003824807937","","","in","Medan Baru, Indonesia","0","0","0","https://twitter.com/NabilaAr__/status/1448997003824807937","1371832736239996934","NabilaAr__"
"1448903169522634752","Fri Oct 15 06:46:49 +0000 2021","0","Kanit intelkam IPTU Eko Widiatmoko yang memimpin kegiatan tersebut juga mengatakan jika Kegiatan ini merupakan murni bakti sosial kami untuk masyarakat guna menciptakan lingkungan bersih dan sehat dan tidak ada unsur paksaan. Jumat 15/10/2021. . #poldakaltim #Polrestasamarinda https://t.co/KIxz6ttUGz","1448903169522634752","https://pbs.twimg.com/media/FBuJwK9VEAAIa4v.jpg","","in","Samarinda","0","0","0","https://twitter.com/Polresta_SMD/status/1448903169522634752","1303144388","Polresta_SMD"
"1448875389602852865","Fri Oct 15 04:56:26 +0000 2021","0","Bisagak sih media sosial dimanfaatkan buat yang bermanfaat aja... Contohnya nyebar meme Kan bermanfaat tuh bikin ketawa bikin seneng otomatis bisa bikin sehat Apa gw yang udah terlalu tua buat pake medsos? Mesti pertimbangin buat pensi kayaknya","1448875389602852865","","","in","Kota Makassar, Sulawesi Selata","0","0","0","https://twitter.com/WASURENAGUSA666/status/1448875389602852865","340882178","WASURENAGUSA666"
"1448831735035150351","Fri Oct 15 02:02:58 +0000 2021","1","Jum'at 01 oktober 2021 Pengadilan Agama Dumai mengadakan jum'at sehat diantaranya: 1. Senam Kebugaran 2. Bermain Bola voly Temukan Hal Menarik Lainnya Di Media Sosial Kami: Instagram : pa_dumai Facebook : Pengadilan Agama Dumai Twitter : pa_dumai Youtube : PA Dumai https://t.co/tG4bmqvxq3","1448831735035150351","https://pbs.twimg.com/media/FBtIxZlVQAIbw0g.jpg","","in","Dumai Timur, Indonesia","0","0","0","https://twitter.com/pa_dumai/status/1448831735035150351","1427122234041110528","pa_dumai"
"1448805070871564299","Fri Oct 15 00:17:01 +0000 2021","0","Makanan sehat pikiran sehat bergerak dan berkomunikasi sosial serta tetap tenang #yuklebihbijak","1448805070871564299","","","in","Bekasi, Jawa Barat","1","0","1","https://twitter.com/Kresdanty/status/1448805070871564299","373166707","Kresdanty"
"1448659301065584648","Thu Oct 14 14:37:46 +0000 2021","3","Bawaslu Kab Tangerang mengundang Anggota Bawaslu Kota Depok yakni Dede Selamet Permana https://t.co/l25UA8C8xp sebagai narasumber dalam kegiatan webinar. Kegiatan webinar Derajat ini bertajuk Sehat Ruhani dan Jasadi: Penguatan Fungsi Peran Lembaga di Masa Pembatasan Sosial. https://t.co/mZZgvudS3L","1448659301065584648","https://pbs.twimg.com/media/FBqr9BHVkAsJzD9.jpg","","in","Depok, Indonesia","0","1","0","https://twitter.com/BawasluDepok_/status/1448659301065584648","1254617731522916355","BawasluDepok_"
"1448624551361847296","Thu Oct 14 12:19:41 +0000 2021","1","Komunitas #SaveJanda mendapat penghargaan sbg salah satu dari 5 Komunitas Terpuji dlm Festival Solidaritas Sosial HIMPSI JAYA memperingati Hari Kesehatan Mental Dunia 2021. Penghargaan ini kami persembahkan utk semua pihak yg mendukung gerakan kami. Terima kasih salam sehat jiwa https://t.co/Ni4tHOL473","1448624551361847296","https://pbs.twimg.com/ext_tw_video_thumb/1448624343475376136/pu/img/gBeIq4A8NukcP3kw.jpg","","in","Jakarta Capital Region","0","0","0","https://twitter.com/SaveJanda/status/1448624551361847296","1127591214188916745","SaveJanda"
"1448575545554337794","Thu Oct 14 09:04:57 +0000 2021","0","Topik nya..... Sehat finansial neraca aktiva pasiva pearls sosial (absolute authority) bisnis legal. ","1448575545554337794","","","in","Kyungsoo's heart🤍","0","0","0","https://twitter.com/mrspenguinsoo/status/1448575545554337794","387516982","mrspenguinsoo"
"1448548035005337603","Thu Oct 14 07:15:38 +0000 2021","0","Karena konsep sehat itu bukan hanya fisik tapi juga mental dan sosial. #mubadalahid https://t.co/cLngwYLsNO","1448548035005337603","","","in","","0","0","0","https://twitter.com/mubadalah_id/status/1448548035005337603","1202121263776329729","mubadalah_id"
"1448545422507577347","Thu Oct 14 07:05:16 +0000 2021","1","Ikuti LIVE STREAMING dengan Topik SEHAT JIWA BERMEDIA SOSIAL . Jum'at 15 Oktober 2021 pukul 13.00 . #sehatjiwa #sobatamino #jatenggayeng #liveinstagram #aminolive https://t.co/idyDH7Re6J","1448545422507577347","https://pbs.twimg.com/media/FBpEYJ4UYAM9Ob7.jpg","","in","Pedurungan, Semarang","0","0","0","https://twitter.com/RSJD_Amino/status/1448545422507577347","2725046100","RSJD_Amino"
"1448524348420018177","Thu Oct 14 05:41:31 +0000 2021","8","Segera hadir di bulan November! Proyek Jatayu Bocoran: Perdalam bacaanmu mengenai teknologi keuangan pemikiran kritis kesehatan mental olahraga dan pola makan sehat. Ayo siapkan diri Anda! Pantau terus akun media sosial kami ya! https://t.co/z9RYEuoNZ4","1448524348420018177","https://pbs.twimg.com/media/FBoxClrVkAIxfKU.jpg","","in","Indonesia","0","0","2","https://twitter.com/wikimediaid/status/1448524348420018177","269278719","wikimediaid"
"1448517674300948481","Thu Oct 14 05:15:00 +0000 2021","4","Kehadiran fintech yag sehat diharapkan dapat menjadi salah satu upaya dalam mengatasi ketimpangan sosial serta menjangkau masyarakat yang belum tersentuh industri keuangan konvensional. Jokowi Dorong E-commerce #UMKMGoDigital @PlateJohnny @kemkominfo https://t.co/CWlCZajZLf","1448517674300948481","","","in","Jawa Barat, Indonesia","0","0","2","https://twitter.com/YRadianto/status/1448517674300948481","2542665199","YRadianto"
"1448515627367350272","Thu Oct 14 05:06:52 +0000 2021","4","Terima kasih kepada kawan-kawan semua yang sudah berdonasi dan mendukung kegiatan Literasi Sosial sampai saat ini maaf kami tidak bisa menyebutkan satu persatu dari kalian. Semoga kalian sehat selalu. ","1448515627367350272","","","in","Magelang, Jawa Tengah","0","0","1","https://twitter.com/LiterasiSosial/status/1448515627367350272","1378660763317886976","LiterasiSosial"
"1448467981168640003","Thu Oct 14 01:57:32 +0000 2021","0","[ BAKTI SOSIAL ] Haloo Semua Bagaimana kabar kalian? Semoga sehat selalu ya dan jangan lupa untuk selalu menaati protokol kesehatan yang ada! Saat ini BEM FEB UPNVY sedang membuka donasi yang akan disalurkan pada kegiatan : BAKTI SOSIAL ️ 7 November 2021 (cont) https://t.co/2dPPqD6Fgh","1448467981168640003","https://pbs.twimg.com/media/FBn98cAUUAUyJSi.jpg","","in","UPN Veteran Yogyakarta","0","2","0","https://twitter.com/bemfebupnvy/status/1448467981168640003","185218582","bemfebupnvy"
"1448467555882921990","Thu Oct 14 01:55:51 +0000 2021","12","Seperti halnya kesehatan fisik kesehatan mental jg tdk boleh luput dari perhatianmu. Kesehatan mental adl bagian dari kesehatan yg tdk bisa dilepaskan. Sehat secara mental adl keadaan ketika individu merasa sejahtera baik secara psikologis emosional ataupun secara sosial. https://t.co/NqdWQuNVmi","1448467555882921990","https://pbs.twimg.com/media/FBn9kB8VEAEpwPf.jpg","","in","Indonesia","0","1","9","https://twitter.com/memoarbipolar/status/1448467555882921990","961030467918036992","memoarbipolar"
"1448336866055364612","Wed Oct 13 17:16:32 +0000 2021","1","sumpah even mau itu temennya. ga pantes sih sampe ngelabrak gini. belajar dari kesalahan aja krn emg udah ga sehat hbungan. keknya ini anak jg masi labil mangkanya asal labrak tanpa cari tau dulu siapanya. namanya makhluk sosial sewajarnya aja hrsnya sih","1448336866055364612","","","in","","0","0","0","https://twitter.com/nutriboostrwbry/status/1448336866055364612","1153664666427514880","nutriboostrwbry"
"1448276063046422539","Wed Oct 13 13:14:55 +0000 2021","11","Atas dasar tanggungjawab sosial sebelum jumpa orgtua kita kat kampung ke nak pegi travel memana yg dijangka crowdnya silalah buat ujian kendiri dulu ye... Pastikan kita sehat ok Sayang family mak ayah kan?? Mommy's result Daddy's&amp;kids' result https://t.co/7M2GFG1BPG","1448276063046422539","https://pbs.twimg.com/media/FBlPZVfUcAYEPo7.jpg","","in","","0","2","0","https://twitter.com/cikbulanrebel/status/1448276063046422539","1251451531670417408","cikbulanrebel"
"1448203841296498690","Wed Oct 13 08:27:56 +0000 2021","1694","Video aparat membanting mahasiswa yang berunjuk rasa sudah beredar di media sosial. Sejauh ini kepolisian belum memberikan keterangan rinci hanya mengklaim 18 mahasiswa dalam keadaan sehat saat diamankan. https://t.co/4DEEOCtg8B","1448203841296498690","","","in","Jakarta Capital Region","120","159","825","https://twitter.com/asumsico/status/1448203841296498690","829366551446818816","asumsico"
"1448196846338199554","Wed Oct 13 08:00:09 +0000 2021","0","btw cara menggunakan media sosial yang 'sehat' tuh gmn sii??","1448196846338199554","","","in","Jakarta Barat, DKI Jakarta","0","0","0","https://twitter.com/fisqiyah29/status/1448196846338199554","1087168223810707456","fisqiyah29"
"1447861690553421834","Tue Oct 12 09:48:21 +0000 2021","277","Sahabat Air Bersih Ketimbang Baim bikin konten giveaway ala dinas sosial mending kampanye Mengakselerasi Indonesia Sehat dengan bangun awarenees krisis air bersih Sob. https://t.co/3B4B54fmwa","1447861690553421834","https://pbs.twimg.com/ext_tw_video_thumb/1447860945296846850/pu/img/dmW3-Gt3n_IizvOA.jpg","","in","Indonesia","12","5","108","https://twitter.com/airkami_id/status/1447861690553421834","1318802073815719937","airkami_id"
"1447835617253998602","Tue Oct 12 08:04:45 +0000 2021","3","4 sehat 5 keadilan sosial bagi seluruh rakyat indonesia","1447835617253998602","","","in","Mustang, OK","0","0","1","https://twitter.com/momoguyy/status/1447835617253998602","1117911387718598657","momoguyy"
"1447818220577062913","Tue Oct 12 06:55:37 +0000 2021","1","memang bener kekuatan sosial media jika digunakan dengan baik bisa menciptakan dampak yang baik pula. Tidak diberikan rezeki pada saat itu dipermalukan kemudian dijadikan konten ternyata Tuhan memberikan rezeki yang lebih baik untuk bapak sehat selalu pak","1447818220577062913","","","in","","0","0","0","https://twitter.com/zyestarx/status/1447818220577062913","1088948674984501249","zyestarx"
"1447744202402504707","Tue Oct 12 02:01:30 +0000 2021","0","Giat sehat para warga binaan Lansia PSTW BM1 dan para ASN serta para pendamping mengikuti kegiatan SENAM PAGI BERSAMA di parkiran PSTW BM1 SALAM SEHAT SELALU @ Panti Sosial Tresna Werdha Budi Mulia 1 https://t.co/qkDxFol7Us","1447744202402504707","","","in","Jakarta indonesia","0","0","0","https://twitter.com/pstw_1/status/1447744202402504707","1438328719383224322","pstw_1"
"1447476625705209859","Mon Oct 11 08:18:15 +0000 2021","4","Hari ini saya donor darah di PMI Kramat Raya Jakarta. Saya sehat masyarakat selamat. Ayo donor darah untuk kesehatan dan aksi sosial. @ Jakarta Indonesia https://t.co/eJltZoSo3q","1447476625705209859","","","in","Sukabumi, Indonesia","0","0","1","https://twitter.com/ayepzaki_resmi/status/1447476625705209859","1105706052350177280","ayepzaki_resmi"
"1447447720155705348","Mon Oct 11 06:23:23 +0000 2021","0","Uu ite tetap ditegakkan.HRS bilang sehat saja di penjara. pancasila .keadilan sosial bagi seluruh rakyat indonesia","1447447720155705348","","","in","","0","0","0","https://twitter.com/Mulyana034/status/1447447720155705348","1379770054808543236","Mulyana034"
"1447260763614167045","Sun Oct 10 18:00:29 +0000 2021","0","ingin cari sosial media yang masih sehat dan kondusif. twitter banyak orang pintar dan sok tau instagram banyak orang pamer facebook banyak orang info jual beli tapi tidak beli cuman tanya harga. tiktok aduh paling berat banyak senggol sana sini kadang juga buat sange doang","1447260763614167045","","","in","Indonesia","0","1","0","https://twitter.com/FadelTrifa/status/1447260763614167045","2207012418","FadelTrifa"
"1447237163813195777","Sun Oct 10 16:26:42 +0000 2021","2","kondisi nyaman itu sgt langka disaat ini ntah kemana itu nyaman saat ini artinya kita tdk menyadari bahwa byk usaha yg kita lakukan sbnrnya adl utk mendptkan kenyamanan. kenyamanan tubuh(sehat) kenyamanan pikiran(relax) kenyamanan hubungan(sosial) &amp; bahkan kenyamanan financial.","1447237163813195777","","","in","Kudus","0","0","0","https://twitter.com/farisardh5/status/1447237163813195777","538236864","farisardh5"
"1447236924469485568","Sun Oct 10 16:25:45 +0000 2021","6","Amanah dlm setiap keikhlasan membangun negeri ini smua kritik &amp; cacian dijadikan asahan agar dy mampu membangun bumi Indonesia &amp; bisa terlaksana Keadilan sosial bagi seluruh rakyat Indonesia Selalu sehat dan berkarya untuk negeri ini. Kami akan kawal🇲🇨 #JokowiPresidenJenius","1447236924469485568","","","in","Indonesia","0","1","2","https://twitter.com/Kang_86K/status/1447236924469485568","1417397404622417922","Kang_86K"
"1447097339223547906","Sun Oct 10 07:11:06 +0000 2021","1","Hari Kesehatan Mental Sedunia Mengurangi Penggunaan Media Sosial Bantu Jaga Mental Tetap Sehat https://t.co/9JJeRejXMC","1447097339223547906","","","in","West Sumatra, Indonesia","0","0","1","https://twitter.com/haluanharian/status/1447097339223547906","282667727","haluanharian"
"1446938841672138752","Sat Oct 09 20:41:17 +0000 2021","1","Bisnisnya Sehat Kontennya Berkualitas Ketika begitu banyak mis dan disinformasi yg beredar di media sosial yg memperparah polarisasi di masyarakat peran media sangat krusial sebagai sumber rujukan di tengah banjir informasi tsb dgn didukung ekosistem yg sehat. https://t.co/sZbeVHnGT7","1446938841672138752","https://pbs.twimg.com/media/FBSOpojUYAECxAf.jpg","","in","Gorontalo","0","0","0","https://twitter.com/verrianto_m/status/1446938841672138752","285553204","verrianto_m"
"1446831493695696902","Sat Oct 09 13:34:43 +0000 2021","0","udah ini keknya kehidupan per sosial mediaan gw udah mulai ga sehat nih buat mental","1446831493695696902","","","in","","0","0","0","https://twitter.com/leejen__o423_/status/1446831493695696902","1227491400901517314","leejen__o423_"
"1446826709622222848","Sat Oct 09 13:15:42 +0000 2021","0","Gemar Hidup Sehat Influencer Ini Bagikan Edukasi lewat Media Sosial #Sindonews #BukanBeritaBiasa .https://t.co/D7sNUDAmFi","1446826709622222848","","","in","Jakarta Pusat, DKI Jakarta","0","0","0","https://twitter.com/SINDOnews/status/1446826709622222848","231355136","SINDOnews"
"1446754948335620101","Sat Oct 09 08:30:33 +0000 2021","0","Dalam Rangka menyemarakkan Hari Kesehatan Jiwa Sedunia ( HKJS) Tahun 2021 dengan pusat pelaksanaan kegiatan di RSJD Surakarta Sobat Sehat dapat membuat twibbon yang dapat di upload di media sosial story WA IG maupun Facebook melalui link berikut : https://t.co/aGBC4sdAzN https://t.co/5FiT4kE6kC","1446754948335620101","https://pbs.twimg.com/media/FBPn9CYVEAUaGH0.jpg","","in","Surakarta, Jawa Tengah","0","0","0","https://twitter.com/RSJD_Surakarta/status/1446754948335620101","2714194369","RSJD_Surakarta"
"1446752675253534725","Sat Oct 09 08:21:31 +0000 2021","0","Tekan Potensi Konflik di Media Sosial Lewat Berbahasa Sehat https://t.co/3kQ6jyNVWV","1446752675253534725","","","in","Jakarta, Indonesia","0","0","0","https://twitter.com/GATRA_com/status/1446752675253534725","202559038","GATRA_com"
"1446735203267846145","Sat Oct 09 07:12:06 +0000 2021","1","[BAKTI SOSIAL 2021] Halooo kawan sosial! Gimana nih kabarnya? Semoga sehat dan tetap semangat menebar manfaat yaa. Ada kabar gembira nih kawan Kementrian Sosial BEM KM FMIPA UGM hadir kembali dengan mengadakan acara Bakti Sosial 2021 Tema Bakti Sosial kali ini adalah: https://t.co/eOKRtjynUF","1446735203267846145","https://pbs.twimg.com/media/FBPV-3ZVgAgMBWf.jpg","","in","Yogyakarta, Indonesia","0","1","0","https://twitter.com/bemkmfmipaugm/status/1446735203267846145","467229957","bemkmfmipaugm"
"1446475309155446790","Fri Oct 08 13:59:22 +0000 2021","34","Kadang sebagai manusia Makhluk sosial Kita rela mengorbankan kesehatan Utk mengejar harta mati an Setelah itu... Kita dgn sadar akan menghabiskan Harta kita utk membeli Yg namanya KESEHATAN *JAGA SEHAT SEBELUM SAKIT","1446475309155446790","","","in","multiverse","0","6","2","https://twitter.com/Never__alonely/status/1446475309155446790","1282751327588585473","Never__alonely"
"1446356916251230210","Fri Oct 08 06:08:55 +0000 2021","0","inilah sobatku semua. kalau kalian merasa kurang sehat secara fisik&amp;mental tolong bgt menjauh dulu dari sosial media. daripada secara ga sengaja marah/sensi ke orang lain yg gaada hubungannya sama masalah kita di real life. lebih baik istirahat makan enak terus tidur.","1446356916251230210","","","in","","0","0","0","https://twitter.com/snovvybeom/status/1446356916251230210","1342122939643097088","snovvybeom"
"1446313993971240960","Fri Oct 08 03:18:22 +0000 2021","1","Segera hadir Bedah buku Teknologi Inovatif Jeruk Sehat Nusantara pada akhir Oktober 2021 karya para peneliti Balitbangtan. Buku ini terdiri dari 8 Bab dari Pemuliaan sampai Pascapanen. Nantikan info selanjutnya melalui website dan media sosial Balitjestro. https://t.co/h2Z1BSZDVA","1446313993971240960","https://pbs.twimg.com/media/FBJWEpfUcAofxLz.jpg","","in","Batu, Jawa Timur, Indonesia","0","1","1","https://twitter.com/bsipjestro/status/1446313993971240960","579736689","bsipjestro"
"1446307072925077505","Fri Oct 08 02:50:51 +0000 2021","0"," ISI HARI MU DENGAN : Kerja Hebat Kerja Sehat Tanpa Narkoba Yuk follow akun Media Sosial BNNK HSS lainnya Fb : Bnnkhss Bnn Ig : @infobnn_kab_hss Youtube : BNN Kabupaten Hulu Sungai Selatan Website : https://t.co/rPbsjl9Osj WA: 0812-5724-0910 https://t.co/4WSN6A2nhC","1446307072925077505","https://pbs.twimg.com/media/FBJQnhaVgAA2nRZ.jpg","","in","Kalimantan Selatan, Indonesia","0","0","0","https://twitter.com/infobnn_kab_hss/status/1446307072925077505","1376358308328562692","infobnn_kab_hss"
"1446131278961541129","Thu Oct 07 15:12:19 +0000 2021","2","nanti kalo aku udh siap &amp; berani memulai semua dr awal aku akan pergi dr tempat ini aku akan ganti nama panggilanku nomor telepon sosial media semua aku ulang dr awal temen baru bahagia baru &amp; lingkungan yang jauh lebih sehat. semangat aku!","1446131278961541129","","","in","sknsb","0","1","0","https://twitter.com/ddst__/status/1446131278961541129","1301405385824247809","ddst__"
"1446102540563607557","Thu Oct 07 13:18:07 +0000 2021","0","Bulan Bahasa Kemendikbudristek Dorong Penggunaan Bahasa yang Sehat di Media Sosial https://t.co/qzmOC2vCWZ","1446102540563607557","","","in","Jakarta, Indonesia","0","0","1","https://twitter.com/Bisniscom/status/1446102540563607557","118646322","Bisniscom"
"1446085713183739905","Thu Oct 07 12:11:15 +0000 2021","0","Punya anak tidak semudah yang km lihat di sosial media. Dek kalau km ngelihat bayi lahir sehat dan lucu mereka itu beruntung -salah seorang konsulen. Banyak yang ndak beruntung km aja yang ndak tau.","1446085713183739905","","","in","#YGU #YGboss","0","0","0","https://twitter.com/ygkjisoo/status/1446085713183739905","1378480957","ygkjisoo"
"1446079160598745099","Thu Oct 07 11:45:13 +0000 2021","3","Rasa sosial org2 Indonesia semakin tinggi pertanda bahwa ekonomi NKRI semakin membaik Semoga orang ini meng inspirasi yg lainnya (yg mampu) Sehat selalu bossku","1446079160598745099","","","in","Kota Medan, Sumatera Utara","0","1","0","https://twitter.com/wak_iyoung/status/1446079160598745099","972819058037899265","wak_iyoung"
"1446058617073848322","Thu Oct 07 10:23:35 +0000 2021","5","Kemendikbudristek Minta Masyarakat Gunakan Bahasa yang Sehat di Media Sosial https://t.co/DiCYL35wpv","1446058617073848322","","","in","Jakarta Capital Region, Indone","0","0","1","https://twitter.com/medcom_id/status/1446058617073848322","902837643024539651","medcom_id"
"1446019862971572227","Thu Oct 07 07:49:35 +0000 2021","0","bisa ga sih semua materi seasik kognisi sosial &amp; semua dosen sebagus mbak gita ngajarnya gapapa analisis kasus terus kalo emg cara ngajarnya yang sangat menarik&amp; materinya applicable gini. semoga mbak gita sehat selalu panjang umur dan bahagia AAMIIN","1446019862971572227","","","in","","0","0","0","https://twitter.com/chwebearry/status/1446019862971572227","1409093343406018562","chwebearry"
"1445977559875739653","Thu Oct 07 05:01:29 +0000 2021","3","Alhamdulillah Ya Allah demi apa si matkul Ilmu Sosial Dasar D gada UTS. Terima kasih Prof. Sehat selalu.","1445977559875739653","","","in","Jawa Timur, Indonesia","0","3","0","https://twitter.com/xxurloveddd/status/1445977559875739653","1124164796725678080","xxurloveddd"
"1445952236887052292","Thu Oct 07 03:20:52 +0000 2021","0","Hahaha Prof RG Soal Partai yg dlu didirikan kenapa gk di pakai Lagi untuk menegakkan keadilan sosial yang di permainkan oleh penguasa. Kan bisa Di pergunakan Oleh Akal akal sehat untuk jadikan Negeri Lebih Baik.","1445952236887052292","","","in","","0","0","0","https://twitter.com/OBriant15/status/1445952236887052292","1439790835520851968","OBriant15"
"1445923549345107972","Thu Oct 07 01:26:52 +0000 2021","1","SEHAT KUAT HEBAT TANPA NARKOBA follow media sosial bnnk surakarta untuk info P4GN lainnya. Bersih Narkoba Bersih Covid-19 #bnnksurakarta https://t.co/x6aYHmJV4Z https://t.co/wKFTTSuGYH","1445923549345107972","https://pbs.twimg.com/media/FBDzzlIWQAA8CIf.jpg","","in","Jl. Ki Ageng Mangir Gg.02, SKA","0","0","0","https://twitter.com/BNNKSurakarta/status/1445923549345107972","1106008226145824768","BNNKSurakarta"
"1445729637577805830","Wed Oct 06 12:36:20 +0000 2021","0","Jelekin orang udah yg paling garang giliran ditegur ngerasa jadi si yg paling dirugikan sehat lu? Sadar perbuatan lu ga bener ketiban sanksi sosial malah playing victim yeee kocak.","1445729637577805830","","","in","Hope World","0","0","0","https://twitter.com/Jesimsara_/status/1445729637577805830","1084034870890754049","Jesimsara_"
"1445636663057661961","Wed Oct 06 06:26:53 +0000 2021","0","Hai Sahabat Kaef apa definisi sehat menurut Sahabat? Menurut WHO sehat adalah suatu keadaan kondisi fisik mental dan kesejahteraan sosial yang merupakan satu kesatuan dan bukan hanya bebas dari penyakit atau kecacatan. (1/2) https://t.co/7gstVMw6PW","1445636663057661961","https://pbs.twimg.com/media/FA_uvLYUcAQiQXF.jpg","","in","Indonesia","0","1","0","https://twitter.com/kimiafarmaind/status/1445636663057661961","2918220434","kimiafarmaind"
"1445634719475896321","Wed Oct 06 06:19:10 +0000 2021","0","Baru kujumpai saya bernaung di organisasi sosial. Ketika mengemukakan pendapat..malah dibuli. Ketika adu argumentasi malah dikatakan kompor. Mengajukan usulan dikira nyinyirin hmmm.. organisasi yang tak sehat","1445634719475896321","","","in","Palmerah, Indonesia","0","0","0","https://twitter.com/ZeinNani/status/1445634719475896321","1440515795629400072","ZeinNani"
"1445633468415631369","Wed Oct 06 06:14:12 +0000 2021","0","Mengenai persoalan SEHAT. Islam tak hanya menekankan sehat secara fisik. Karena manusia mencakup berbagai dimensi termasuk dimensi Spiritual Sosial &amp; Intelektual; Islam mengajak para penganutnya untuk sehat dlm semua dimensinya.","1445633468415631369","","","in","Malang, Jawa Timur","0","1","0","https://twitter.com/Zen_Kozen/status/1445633468415631369","578687188","Zen_Kozen"
"1445351506933207044","Tue Oct 05 11:33:47 +0000 2021","0","[PERKULIAHAN TATAP MUKA : SIAP GA CHEMS?!] Hallo Chems Gimana nih kabar teman-teman semua? Semoga sehat selalu dan dalam kondisi terbaik yaa Beredarnya berita di berbagai media sosial mengenai akan diadakannya perkuliahan tatap muka sudah mulai terdengar sejak menurunnya https://t.co/nt22iZDc8d","1445351506933207044","https://pbs.twimg.com/media/FA7rgrdVQAUjbRr.jpg","","in","Tembalang, Semarang","0","1","0","https://twitter.com/HMK_UNDIP/status/1445351506933207044","476545551","HMK_UNDIP"
"1445351272530382855","Tue Oct 05 11:32:51 +0000 2021","2","Polri juga melakukan upaya preemtif (menangkal) dan memberikan edukasi kepada masyarakat agar bermedia sosial yang sehat. Baca selengkapnya klik #MediaSosial https://t.co/bKZYxQq2K8","1445351272530382855","","","in","Jakarta","0","0","1","https://twitter.com/Beritasatu/status/1445351272530382855","154102750","Beritasatu"
"1445348405379665920","Tue Oct 05 11:21:27 +0000 2021","3","[KABAR]GAYA HIDUP SEHAT MENJAGA KESEHATAN MENTAL DI ERA DIGITAL Sylvia juga mengungkapkan mengenai kecenderungan seseorang di masa pandemi untuk membandingkan dirinya terhadap orang lain di media sosial. Simak kabar selengkapnya hanya di https://t.co/1wURLRQovN","1445348405379665920","","","in","","0","0","0","https://twitter.com/saluransebelas/status/1445348405379665920","369976925","saluransebelas"
"1445158448467877891","Mon Oct 04 22:46:38 +0000 2021","8","Whatsapp Instagram Facebook down pasti Tulang Mark zuckerberg lagi galau ya... Masih untung Mas Twitter tetap sehat sejahtera ... Rupanya di zaman ini sosial media menjadi sangat vital dan sangat dibutuhkan... Untunglah masih banyak aplikasi sosmed lainnya","1445158448467877891","","","in","Kota Bandung, Jawa Barat","0","1","0","https://twitter.com/larasati_2122/status/1445158448467877891","1306988533","larasati_2122"
"1445050762854207490","Mon Oct 04 15:38:44 +0000 2021","0","Miracle in this day. Hari ini adalah senin pastinya banyak mobilitas yg harus jalan tapi heran ada 4 temenku turut hadir juga . Teruntuk siapapun yg aksi sosial trs gamau dibayar. Anda luar biasa Sehat selalu ya Sehatmu nggo tetulung . https://t.co/6RcELyiCji","1445050762854207490","https://pbs.twimg.com/media/FA3WZVLUcAA407s.jpg","","in","Moyudan","0","0","0","https://twitter.com/No_novitaama/status/1445050762854207490","3292546886","No_novitaama"
"1445037522048847879","Mon Oct 04 14:46:07 +0000 2021","21","Perokok terus menurun di AS (garis hitam). Tapi turunnya ga imbang antara orang dg pendidikan bawah (oranye) dg yg sarjana (biru). Kesenjangan sosial membuat hidup sehat susah dicapai. Menyalahkan orang miskin merokok itu ga adil krn yg paling untung adalah perusahaan rokok. https://t.co/GlY22VqUqF","1445037522048847879","https://pbs.twimg.com/media/FA3N4FyVUAU4Wev.png","","in","Boston, MA","0","2","5","https://twitter.com/hermansaksono/status/1445037522048847879","15858166","hermansaksono"
"1445003370373156869","Mon Oct 04 12:30:25 +0000 2021","2","Ber-media sosial dengan baik dan sehat itu menyenangkan bertemunya juga dengan orang-orang baik yang selalu mengingatkan dalam kebaikan.","1445003370373156869","","","in","","0","0","1","https://twitter.com/rifyuds/status/1445003370373156869","1429713346832474117","rifyuds"
"1444987471750594566","Mon Oct 04 11:27:14 +0000 2021","0","[COMING SOON BAKSOS 2021] Hallohai AGROINDUSTRIALIS! Bagaimana kabar kalian semua? Semoga tetap dalam kondisi yang sehat ya Bakti Sosial HIMATITAN 2021 akan segera datang nih teman-teman! Kondisi daring seperti ini daripada tambahan bosan mending ikut kepanitian BAKSOS https://t.co/pi4MVbasCK","1444987471750594566","https://pbs.twimg.com/media/FA2gb58VcAMSh3I.jpg","","in","Malang, Jawa Timur","1","1","0","https://twitter.com/ub_himatitan/status/1444987471750594566","508399031","ub_himatitan"
"1444892795592798208","Mon Oct 04 05:11:01 +0000 2021","0","Kadang kebuntuan ide dan kreatifitas di rumah bisa muncul ide baru ataupun ide dari orang lain secara tiba2 ketika kita iseng iseng main di luar/refreshing. Ternyata terlalu lama WFH itu ga sehat. Bagaimanapun juga manusia itu makhluk sosial.","1444892795592798208","","","in","Surabaya, Indonesia","0","0","0","https://twitter.com/daredeveloperid/status/1444892795592798208","83090178","daredeveloperid"
"1444880985728839686","Mon Oct 04 04:24:06 +0000 2021","0","[ BAKTI SOSIAL ] Haloo Semua Bagaimana kabar kalian? Semoga sehat selalu ya dan jangan lupa untuk selalu menaati protokol kesehatan yang ada! Saat ini BEM FEB UPNVY sedang membuka donasi yang akan disalurkan pada kegiatan : BAKTI SOSIAL ️ 7 November 2021 (cont)","1444880985728839686","","","in","UPN Veteran Yogyakarta","0","1","0","https://twitter.com/bemfebupnvy/status/1444880985728839686","185218582","bemfebupnvy"
"1444840407729201154","Mon Oct 04 01:42:51 +0000 2021","4","Sederhana adalah Keseharian Inisiatif adalah cara kerja Beliau Optimistic adalah Cita Beliau Memberikan Keadilan Sosial Bagi Seluruh Rakyat Indonesia Pemimpin Tanpa Sekat..Sehat Dan Berkah Padhe @jokowi 🇲🇨🇲🇨🇲🇨","1444840407729201154","","","in","Indonesia","0","0","0","https://twitter.com/Kotjo3/status/1444840407729201154","1306651573536264193","Kotjo3"
"1444633487588278274","Sun Oct 03 12:00:38 +0000 2021","0","Waktunya hidup sehat tanpa media sosial","1444633487588278274","","","in","Bandung","0","0","0","https://twitter.com/_Fauzianreza/status/1444633487588278274","65028586","_Fauzianreza"
"1444474972244643845","Sun Oct 03 01:30:45 +0000 2021","0","Seorang menteri membidangi kegiatan sosial bekerja harus menggunakan hati &amp; perasaan menjalankan dengan akal serta fikiran yang sehat sehingga dapat melaksanakan tugas dengan penuh hikmat. Tanpa marah &amp; maki-maki anda tetap di gaji bu.","1444474972244643845","","","in","","0","0","0","https://twitter.com/KRTPurbonagoro/status/1444474972244643845","1354032213961056257","KRTPurbonagoro"
"1444306675205226504","Sat Oct 02 14:21:59 +0000 2021","0","The friends that i have lalu menurut aku dari semua sosial media lingkungan aku di twitter yang paling sehat dewasa dna bisa membantu dalam berbagai hal. Dan banyak topik asik disini","1444306675205226504","","","in","not spoiler free","0","0","0","https://twitter.com/ineonimislocis/status/1444306675205226504","1302803045122625539","ineonimislocis"
"1444242440341262346","Sat Oct 02 10:06:45 +0000 2021","0","Aku capek olahraga aku capek tapi aku mau sehat aku mau ngurangin BB ku.. Aku pengen bisa coba baju size kecil aku juga capek di bully sama kekuarga kalau pas kumpul acara besar. Knp ya keadilan sosial berpihak sama yg kurus dan cantik? Kita kan sama...","1444242440341262346","","","in","","0","0","0","https://twitter.com/yukeie16/status/1444242440341262346","908926452728455168","yukeie16"
"1444215311083786243","Sat Oct 02 08:18:57 +0000 2021","0","[ BAKTI SOSIAL ] Haloo Semua Bagaimana kabar kalian? Semoga sehat selalu ya dan jangan lupa untuk selalu menaati protokol kesehatan yang ada! Saat ini BEM FEB UPNVY sedang membuka donasi yang akan disalurkan pada kegiatan : BAKTI SOSIAL ️ 7 November 2021 (cont) https://t.co/IYZRXuJMKs","1444215311083786243","https://pbs.twimg.com/media/FAriKgUVQAQ79rB.jpg","","in","UPN Veteran Yogyakarta","0","1","0","https://twitter.com/bemfebupnvy/status/1444215311083786243","185218582","bemfebupnvy"
"1444126614548217857","Sat Oct 02 02:26:30 +0000 2021","0","[PENGABDIAN SOSIAL 2021: Pematerian Hidup Sehat dan Pencegahan Virus] Halo Futuris! Akhirnya hari yang ditunggu-tunggu telah tiba. https://t.co/gAb8hg0MRV","1444126614548217857","https://pbs.twimg.com/media/FAqRQHqVUAE-KY7.jpg","","in","Universitas Padjadjaran","0","1","0","https://twitter.com/omikronunpad/status/1444126614548217857","1248957084474814465","omikronunpad"
"1444112322146947078","Sat Oct 02 01:29:42 +0000 2021","0","Not that I say that socmed and OTT are bad kagaaakk. Media sosial dan OTT banyak kasih pengaruh baik kok buat hidup w I feel entertained because of both of those. Cuma kaga sehat aja kalo dikonsumsi terlalu banyak dan sering.","1444112322146947078","","","in","Bekasi","0","0","0","https://twitter.com/dailymenintech/status/1444112322146947078","874665077638438913","dailymenintech"
"1444098957110480896","Sat Oct 02 00:36:36 +0000 2021","0","Buener banget. Udah 2x dose + natural immunity &amp; juga pola hidup sehat. Masker itu sebenernya ya cuma solidaritas sosial aja sih.","1444098957110480896","","","in","Malang, Jawa Timur","0","0","0","https://twitter.com/davidwantino1/status/1444098957110480896","770271745622159360","davidwantino1"
"1443941532042612737","Fri Oct 01 14:11:03 +0000 2021","0","jujur iya apalagi waktu jaman sd waduh jaya banget gue prestasi jalan sosial jalan temen banyak mental sehat jarang sedih beda bgt sm skrg","1443941532042612737","","","in","","0","0","0","https://twitter.com/eccendast/status/1443941532042612737","1289736010838888448","eccendast"
"1443932746640887808","Fri Oct 01 13:36:08 +0000 2021","0","Dulu sedih liat porter-porter stasiun kereta yang udah pada tua viral di sosial media. Pas liat langsung beneran sesedih itu liatnya. Salut. Semoga selalu dimampukan untuk menggapai rezeki yang halal ya bapac-bapack hebat. Sehat terus.","1443932746640887808","","","in","Jakarta, Indonesia","0","0","0","https://twitter.com/rexymail/status/1443932746640887808","186032308","rexymail"
"1443870369438257153","Fri Oct 01 09:28:16 +0000 2021","5","#SobatNgalam selamat memperingati Hari Kesaktian Pancasila 01 Oktober 2021. Momentum ini bukan hanya untuk dikenang tetapi juga menjaga Pancasila dengan menghadirkan sila Keadilan Sosial Bagi Seluruh Rakyat Indonesia. Salam Sehat ️ @PemkotMalang @ArnandoFernando @ipoksamidub https://t.co/sVyB3p6Xef","1443870369438257153","https://pbs.twimg.com/media/FAmocXkVkAEb7qQ.jpg","","in","Kota Malang","0","0","6","https://twitter.com/pkm_cisadea/status/1443870369438257153","1372036090471706625","pkm_cisadea"
"1443852333373444099","Fri Oct 01 08:16:36 +0000 2021","1","Kobarkan Semangat Juangmu Untuk Negeri Yang Sehat Tanpa Narkoba follow media sosial bnnk surakarta untuk info P4GN lainnya. Bersih Narkoba Bersih Covid-19 #bnnksurakarta https://t.co/XjtlwyOLRa https://t.co/TOpTocqjZZ","1443852333373444099","https://pbs.twimg.com/media/FAmYC7jX0AAxbQw.jpg","","in","Jl. Ki Ageng Mangir Gg.02, SKA","0","0","0","https://twitter.com/BNNKSurakarta/status/1443852333373444099","1106008226145824768","BNNKSurakarta"
