"conversation_id_str","created_at","favorite_count","full_text","id_str","image_url","in_reply_to_screen_name","lang","location","quote_count","reply_count","retweet_count","tweet_url","user_id_str","username"
"1729849073899819285","Wed Nov 29 13:05:32 +0000 2023","0","Pak fahri pendidikan geratis bisa bermakna uswatun hasanah dari elit tokoh media sosial. Para tokoh yang tidak hanya berebut kekuasaan pemimpin yang tidak gimmick parpol yang sehat dan aturan yang ditekakkan. Untuk membangun manusia. Karena pendidikan bermula dariingkungan","1729849073899819285","","","in","","0","0","0","https://twitter.com/adoncrush/status/1729849073899819285","316313045","adoncrush"
"1729770656667959628","Wed Nov 29 07:53:56 +0000 2023","0","Program 'ibu sehat anak sehat' adalah langkah penting menuju perubahan sosial dalam sikap terhadap kesehatan anak-anak. @Azizahdh10 GPMMD 4Kupang https://t.co/oLIzUzo80Z","1729770656667959628","https://pbs.twimg.com/media/GAFhPecbIAAW3Oc.jpg","","in","PARIAMAN","0","0","0","https://twitter.com/annadevitaa/status/1729770656667959628","1686591147949568000","annadevitaa"
"1729632420121489587","Tue Nov 28 22:44:38 +0000 2023","0","S3mangat Merauke agar kehidupan rakyat di Indonesia jauh lebih sehat sejahtera dan tentunya bisa merasakan banyak pembangunan tanpa adanya ketimpangan sosial di negeri inj https://t.co/0BGt3Lo3JE","1729632420121489587","","","in","","0","0","0","https://twitter.com/dol_larr/status/1729632420121489587","1710360339362308096","dol_larr"
"1729529372087091402","Tue Nov 28 15:55:10 +0000 2023","0","Kayanya aku harus detoks dari media sosial sebentar kelamaan main media sosial gila sih impactnya bikin mental ngga sehat.","1729529372087091402","","","in","Magelang, Jawa Tengah","0","0","0","https://twitter.com/ririnda_ririn/status/1729529372087091402","1100043134795300866","ririnda_ririn"
"1729515864553291782","Tue Nov 28 15:01:29 +0000 2023","0","Sy kira RCTI terbuka bagi penonton beropini dg sehat menyampaikan kritik dan analisa agar tayangan menjadi perhatian bersama utk kebaikan nilai2 sosial &amp; agama di dlm masyarakat ternyata tdk ... karena yg diladeni hanya sepihak bukan merangkul #CintaTanpaKarena @MNC_Pictures","1729515864553291782","","","in","","0","0","0","https://twitter.com/Echamora/status/1729515864553291782","1705580523295551488","Echamora"
"1729502023291384048","Tue Nov 28 14:06:29 +0000 2023","0","Penerapan Program 1 Puskesmas 1 Desa menciptakan iklim sosial yang sehat dan harmonis di tengah masyarakat @adhixxtysm GPMMD 4Sabang GPMMD 4Merauke https://t.co/YFR1QrsO0i","1729502023291384048","https://pbs.twimg.com/media/GABs6kxXkAEZarY.jpg","","in","Tanjungbalai","0","0","0","https://twitter.com/SyahputraP4ndu/status/1729502023291384048","1684831069026320384","SyahputraP4ndu"
"1729487239082824117","Tue Nov 28 13:07:44 +0000 2023","0","Anak2 muda yang resah merasa demokrasi sedang tidak sehat ya gaungkan saja. Adakan seminar dialog terbuka dengan masyarakat. Edukasi diberbagai platfor sosial. Ga perlu nyanyi2 sedih... Just do it gais Objektif tapi ya! Kalo jadinya kampanye ya tetep aja nyampah!","1729487239082824117","","","in","Kota Tasikmalaya, Jawa Barat","0","0","0","https://twitter.com/Neonboxyellow/status/1729487239082824117","259119366","Neonboxyellow"
"1729441445134921832","Tue Nov 28 10:05:46 +0000 2023","8","Bagi-bagi amplop? Viral di media sosial cawapres nomor urut 2 Gibran Rakabuming Raka diduga bagi-bagi amplop saat menghadiri jalan sehat di Makassar Sulsel. Simak faktanya disini.. https://t.co/7J5HH0FaUL #gibranrakabuming #cawapres #capres #jalansehat https://t.co/t0RzRrjrDB","1729441445134921832","https://pbs.twimg.com/media/GAA1LBEacAA0QHT.jpg","","in","Makassar, Sulsel ","0","5","3","https://twitter.com/detiksulsel/status/1729441445134921832","1476525140141752321","detiksulsel"
"1729437183591973249","Tue Nov 28 09:48:50 +0000 2023","0","Jalan Sehat Perjuangan Bersama Ganjar-Mahfud Jln. Jend. Sudirman. Sabtu 26 November 2023 . Orang Muda Ganjar Mari Berpolitik tanpa Basa-Basi . Jngan Lupa untuk terus update berita dari kami dengan follow akun sosial media kami : . https://t.co/twZbgkgmy1","1729437183591973249","https://pbs.twimg.com/ext_tw_video_thumb/1729436995544649728/pu/img/hJr3jk_VW1QHVQ0X.jpg","","in","Kota Makassar, Sulawesi Selata","0","0","0","https://twitter.com/OMG_Sulsel/status/1729437183591973249","1555725776409923584","OMG_Sulsel"
"1729423393718714673","Tue Nov 28 08:54:02 +0000 2023","0","Hallo #sobATRBPN Yuk terapkan 5 tips diatas agar tetap sehat saat bekerja ketika musim hujan. Kanal Sosial media: https://t.co/iWb8ZSB9eq #MelayaniProfesionalTerpercaya #MusimHujan https://t.co/ikFcIRNn8X","1729423393718714673","https://pbs.twimg.com/media/GAAlSXYaIAAFsxH.jpg","","in","Central Java, Indonesia","0","0","0","https://twitter.com/KantahKotaMgl/status/1729423393718714673","1065893112696922113","KantahKotaMgl"
"1729417870940192835","Tue Nov 28 08:32:06 +0000 2023","0","Tanggal 28 November diperingati sebagai Hari Dongeng Nasional. Moms harus tahu kalau dongeng memiliki peran untuk mencerdaskan anak serta menciptakan keluarga sehat. Bukan hanya secara kognitif tetapi juga emosional dan sosial.","1729417870940192835","","","in","Jakarta Pusat","0","1","0","https://twitter.com/Nakita_ID/status/1729417870940192835","148694563","Nakita_ID"
"1729410331754344692","Tue Nov 28 08:02:08 +0000 2023","1","FKM UAD Gandeng RSJ Ghrasia dalam Inisiasi Kampus Sehat Ikuti Akun Media Sosial Kami di Link Berikut ini: https://t.co/t2e9WYyrxx #muhammadiyah #aisyiyah #tvmujogja #tvmuhammadiyah https://t.co/palsecJvvj","1729410331754344692","https://pbs.twimg.com/media/GAAZh1ab0AAsJzx.jpg","","in","Yogyakarta, D.I.Y","0","0","0","https://twitter.com/tvmujogja_/status/1729410331754344692","1445239305237000196","tvmujogja_"
"1729370440068657586","Tue Nov 28 05:23:37 +0000 2023","8","recap 2023: - aku senang - aku sedih - aku stres - aku marah - aku mogok makan - aku pusing - aku sehat - aku mahasiswa ilmu kesejahteraan sosial 2023","1729370440068657586","","","in","kota begal ","0","0","0","https://twitter.com/minoopollie/status/1729370440068657586","1239082827007676416","minoopollie"
"1729348439807541427","Tue Nov 28 03:56:12 +0000 2023","2","Dear @shfly3424 aku tidak tau apa yang sedang terjadi padamu kamu adalah salah satu alasanku untuk tidak menghapus akun sosial mediaku. Jika kamu ingin istirahat bersosial media silakan beristirahatlah namun jangan lupa kembali Tetap sehat dan bahagia uri Yesung https://t.co/e7h4UOuIi1","1729348439807541427","https://pbs.twimg.com/media/F__hPQdakAAQKnp.jpg","","in","cloud, dalnim, kyupiter","0","0","0","https://twitter.com/yeeunkyuu/status/1729348439807541427","1641602001451749376","yeeunkyuu"
"1729314268989084012","Tue Nov 28 01:40:25 +0000 2023","0","Kabar bohong tentang kematian saya telah menyebar luas di media sosial. Jangan khawatir saya masih hidup dan sehat-sehat saja! Terima kasih atas perhatiannya tapi jangan percaya begitu saja pada rumor palsu.","1729314268989084012","","","in","","0","0","0","https://twitter.com/ratna_anj11/status/1729314268989084012","1516312416581472256","ratna_anj11"
"1728964092688572660","Mon Nov 27 02:28:56 +0000 2023","2","4 sehat 5 keadilan sosial bagi seluruh rakyat indonesia","1728964092688572660","","","in","Malang, Jawa Timur","0","1","0","https://twitter.com/Bagustolle/status/1728964092688572660","3051886334","Bagustolle"
"1728963655398723594","Mon Nov 27 02:27:12 +0000 2023","1","Halo sobat mas gilang BNNK Magelang.. Hari Senin yang manis ini mimin mau absen dong kira-kira sobat mas gilang udah sehat tanpa menyalahgunakan narkoba apa belum ya? Yuk akses layanan kami melalui website layanan https://t.co/D847CSzwwF dan ikuti semua sosial media kami https://t.co/rx5FvEkbUw","1728963655398723594","https://pbs.twimg.com/ext_tw_video_thumb/1728963592689700864/pu/img/Fw673VHkdDjIn8x2.jpg","","in","Mertoyudan, Indonesia","0","0","0","https://twitter.com/infobnn_kab_mgl/status/1728963655398723594","1302791540390027264","infobnn_kab_mgl"
"1728729702121234605","Sun Nov 26 10:57:33 +0000 2023","0","KORPRI Kabupaten OKI Rayakan HUT ke 52 dengan Jalan Sehat dan Aksi Sosial https://t.co/A02QQLmx6l https://t.co/XmBMx4uAHI","1728729702121234605","https://pbs.twimg.com/media/F_2ugOla0AABtxU.jpg","","in","Ogan Komering Ilir - Sumatera ","0","0","0","https://twitter.com/KayuagungRadio/status/1728729702121234605","134044925","KayuagungRadio"
"1728727805717098932","Sun Nov 26 10:50:01 +0000 2023","0","Kebanyakan scroling sosial media itu banyak efek buruknya : - Jadi mager - Gak sehat buat mental health - Nghabisin banyak waktu - Banyak informasi yg gak penting - Dsb. Kayaknya perlu deh punya batasan yanf jelas untuk scrolling di sosmed supaya gak dumbscrolling setiap detik. https://t.co/PCbcu6b1B6","1728727805717098932","https://pbs.twimg.com/media/F_2sxzFaoAAVZuD.jpg","","in","👉","0","0","0","https://twitter.com/binsugiyanto/status/1728727805717098932","1160793449425059840","binsugiyanto"
"1728725432088801704","Sun Nov 26 10:40:35 +0000 2023","27","Hedeh masih juga terlintas twet provokatif dan mempolitisasi kerusuhan dibitung sehat Kelen ?? Konflik sosial diindo sdh memakan byk korban jiwa DiMalulu 5.000an org tewas DiPoso 577 org tewas DiSampit 469 org tewas Blm didaerah lainnya Udah lebih dari cukup itu!","1728725432088801704","","","in","","0","2","8","https://twitter.com/7_13l4CK/status/1728725432088801704","1550418827456163841","7_13l4CK"
"1728717772207841632","Sun Nov 26 10:10:09 +0000 2023","0","KORPRI Kabupaten OKI Rayakan HUT ke-52 dengan Jalan Sehat dan Aksi Sosial https://t.co/LByOar7Lur via @Berita Kajang","1728717772207841632","","","in","","0","0","0","https://twitter.com/Berita_Kajang/status/1728717772207841632","1347173975336513536","Berita_Kajang"
"1728714508842279314","Sun Nov 26 09:57:11 +0000 2023","0","KORPRI Kabupaten OKI Rayakan HUT ke 52 dengan Jalan Sehat dan Aksi Sosial https://t.co/p0tLthCVI0 https://t.co/6GVakM7DUc","1728714508842279314","https://pbs.twimg.com/media/F_2gr1vbAAAUh55.jpg","","in","Kota Palembang","0","0","0","https://twitter.com/JendelaSumsel/status/1728714508842279314","881895648810762241","JendelaSumsel"
"1728705201056751723","Sun Nov 26 09:20:12 +0000 2023","2","Kalau dari paslon2 sebelumnya belom bisa kasih solusi kesejahteraan sosial yg struktural guna menyelesaikan persoalan stunting yg juga struktural memberi makan siang sehat di sekolah kayanya ga terlalu buruk walaupun ga menyelesaikan persoalan...","1728705201056751723","","","in","Feminazi","0","1","0","https://twitter.com/TxtdrPatriarkii/status/1728705201056751723","1687969256275951616","TxtdrPatriarkii"
"1728685420219953538","Sun Nov 26 08:01:36 +0000 2023","0","KORPRI OKI Rayakan HUT ke-52 dengan Jalan Sehat dan Aksi Sosial - https://t.co/hFf3lO61pP https://t.co/D2ze01xHOw","1728685420219953538","","","in","Indonesia","0","0","0","https://twitter.com/NEW_BERITAANDA/status/1728685420219953538","426520813","NEW_BERITAANDA"
"1728674634160304526","Sun Nov 26 07:18:44 +0000 2023","0","Waktu itu lagi ada acara sosial di kampus salah satunya donor darah. Awalnya sih takut ya tapi nekat memberanikan diri aja soalnya mamaku bilang orang yg rutin donor darah itu jadi lebih sehat","1728674634160304526","","","in","unlabeled ","0","0","0","https://twitter.com/pvncherin/status/1728674634160304526","1645534734490169344","pvncherin"
"1728336765180842111","Sat Nov 25 08:56:10 +0000 2023","0","Mahasiswa Kesejahteraan Sosial FISIP USU Ajarkan Pentingnya Perilaku Hidup Bersih &amp; Sehat Sejak Dini https://t.co/lAgKGqQICw","1728336765180842111","","","in","Medan Kota, Indonesia","0","0","0","https://twitter.com/pembela_nalar/status/1728336765180842111","739347637711736832","pembela_nalar"
"1727977475450544196","Fri Nov 24 09:08:29 +0000 2023","72","Bersaing tidak sehat versi lo begini ya? Gapp gapp Gue doain lu punya kerjaan biar gak jahat di sosial media Sampe bikin akun baru loh Hebat juga lo saking gabutnya ya?","1727977475450544196","","","in","Indonesia","0","1","3","https://twitter.com/chocomarble12/status/1727977475450544196","1642687739366899712","chocomarble12"
"1727965689829576823","Fri Nov 24 08:21:39 +0000 2023","1","Peringati Hari Kesehatan Nasional ke-59 Dinas Sosial Provinsi DKI Jakarta menghadiri Kampanye Gerakan Masyarakat Sehat Bersama Disabilitas di Pantai Lagoon Ancol Jakarta Utara (23/11). https://t.co/0pYKsD4sHk","1727965689829576823","https://pbs.twimg.com/media/F_r3odcaoAEaUsy.jpg","","in","DKI Jakarta","0","0","0","https://twitter.com/DinsosDKI1/status/1727965689829576823","2787188622","DinsosDKI1"
"1727917927100567970","Fri Nov 24 05:11:51 +0000 2023","2","Prodi Bisma UAD Kenalkan Bisnis Kuliner Sehat Ikuti Akun Media Sosial Kami di Link Berikut ini: https://t.co/t2e9WYyrxx #muhammadiyah #aisyiyah #tvmujogja #tvmuhammadiyah https://t.co/t48nGltXXf","1727917927100567970","https://pbs.twimg.com/media/F_rA2ELbkAAnXNm.jpg","","in","Yogyakarta, D.I.Y","0","0","1","https://twitter.com/tvmujogja_/status/1727917927100567970","1445239305237000196","tvmujogja_"
"1727860536325628353","Fri Nov 24 01:23:48 +0000 2023","0","Mengajarkan anak-anak tentang empati dan kepedulian terhadap perasaan orang lain untuk membangun hubungan sosial yang sehat. #berkaaah","1727860536325628353","","","in","","0","0","0","https://twitter.com/buyunggmr123/status/1727860536325628353","1645312637172060161","buyunggmr123"
"1727854091425185831","Fri Nov 24 00:58:12 +0000 2023","10","4 sehat 5 keadilan sosial bagi seluruh rakyat indonesia","1727854091425185831","","","in","greater area","0","3","0","https://twitter.com/m5bhv/status/1727854091425185831","1504260633860411396","m5bhv"
"1727680208621432954","Thu Nov 23 13:27:15 +0000 2023","0","Kak bekaaa yang bisa bikin cerita se kompleks Almighty yang tentu membuat roller coster mood tersendiri pas baca the best!! dan au lain yang banyak mengangkat isu sosial yang terjadi di sekitarr. Ramah selaluuu sehat terus kak ️","1727680208621432954","","","in","Seventeenth heaven","0","0","0","https://twitter.com/bafaiiiiq/status/1727680208621432954","1339621233000738817","bafaiiiiq"
"1727536750116167779","Thu Nov 23 03:57:11 +0000 2023","0","MENTERI KEADILAN SOSIAL BENER2 MENCERMINKAN JABATANNYA KAMU ADA DI JALAN YANG BENAR DAN TELAH MENJADI MANUSIA DIANTARA PARA IBLIS BU SEHAT SELALU","1727536750116167779","","","in","","0","0","0","https://twitter.com/Pr1au0J4n9a/status/1727536750116167779","1694722131484139521","Pr1au0J4n9a"
"1727485355472175481","Thu Nov 23 00:32:58 +0000 2023","0","aaaaa kak naksir banget sama narasimu hari ini manusia memang mahkluk sosial tapi manusia tidak harus wajib unt #ccprse aaaaa sehat dan bahagia terus ya non! hehe ayo berhenti marah ke lingkungan sekitar karena gak ada gunanya ngabi https://t.co/Uv5wPZL3OP","1727485355472175481","","","in","","0","0","0","https://twitter.com/prsenoly/status/1727485355472175481","1694952765532069888","prsenoly"
"1727261613257105713","Wed Nov 22 09:43:54 +0000 2023","0","Program kampung sehat menunjukkan kepedulian Ganjar-Mahfud pada aspek sosial Semoga tercapai kampung-kampung yang sehat dan bersih @triwik_89 GAMA M3nang https://t.co/TtpKjSYud1","1727261613257105713","https://pbs.twimg.com/media/F_h3RzkaIAASY4q.jpg","","in","Pagar Alam","0","0","0","https://twitter.com/IrmaSuryanii_14/status/1727261613257105713","1681943013889802240","IrmaSuryanii_14"
"1727234581366276319","Wed Nov 22 07:56:29 +0000 2023","0","Belakangan ini media sosial sedang heboh dengan berita meninggalnya bayi prematur dengan berat 1 5kg akibat tidak diberikan perawatan intensif yang memadai serta sempat dijadikan konten oleh pihak klinik. Swipe untuk melihat beritanya ya Sobat Sehat! Perawatan bayi yang lahir https://t.co/xwCxzSx2Lj","1727234581366276319","https://pbs.twimg.com/media/F_hesWZbwAAqrXs.jpg","","in","Indonesia","0","0","0","https://twitter.com/apotekk24id/status/1727234581366276319","304507435","apotekk24id"
"1727180162071191652","Wed Nov 22 04:20:14 +0000 2023","0"," Selamat! PT Pelabuhan Indonesia (Persero) dan 16 BUMDes telah meluncurkan program BUMN Teman Bersenyum di Temanggung! ️ Program ini menunjukkan komitmen BUMN dalam membangun wilayah dengan pendekatan sosial dan lingkungan yang bersih sehat dan nyaman","1727180162071191652","","","in","","0","0","0","https://twitter.com/ESuharno2/status/1727180162071191652","1678253273575477248","ESuharno2"
"1726919205126353030","Tue Nov 21 11:03:17 +0000 2023","0","Ini sesi diskusi yg bagus banget orang orang waras yg menggunakan akal sehat. Nonton sesi ini bisa me nambah pengetahuan ekonomi sosial politik dan kepemerintahan. Cerdas ketemu Cerdas yg nonton ikutan Cerdas!","1726919205126353030","","","in","","0","0","0","https://twitter.com/Kidulsawah/status/1726919205126353030","1567072208308310018","Kidulsawah"
"1726906345117589908","Tue Nov 21 10:12:11 +0000 2023","0","dari berbagai negara. Semoga dengan adanya komisi ini masalah kesepian dapat segera teratasi dan kita semua bisa merasakan kebahagiaan dalam hubungan sosial yang sehat. ","1726906345117589908","","","in","Sabang","0","0","0","https://twitter.com/azizah_nur125/status/1726906345117589908","1688778959759265792","azizah_nur125"
"1726906319834378738","Tue Nov 21 10:12:05 +0000 2023","0","Survei Membuktikan Pentingnya Dukungan Sosial dalam Menjalani Gaya Hidup Sehat dan Aktif: Konsumen di Indonesia Menilai Komunitas Pendukung Sangat Penting dalam Perjalanan Kesehatan dan Kesejahteraan hingga gaya hidup sehat https://t.co/hz3cx42UBf","1726906319834378738","","","in","","0","0","0","https://twitter.com/FIMELAdotcom/status/1726906319834378738","184706308","FIMELAdotcom"
"1726754638437986456","Tue Nov 21 00:09:22 +0000 2023","0","A: Bunda kitakan harus ngomong baik kenapa banyak orang dewasa yg ngomongnya kasar? A: Bunda rokok kan gak sehat kenapa banyak orang dewasa yg ngerokok? A: Bunda kenapa hanya org dewasa yg bisa ngatur anak²? Orang dewasa juga banyak gak tertib. A 7 yo pemerhati sosial.","1726754638437986456","","","in","Jakarta, Indonesia","0","0","0","https://twitter.com/sariangraeni/status/1726754638437986456","87366608","sariangraeni"
"1726734556185948452","Mon Nov 20 22:49:34 +0000 2023","0","Pemilu 2024;siaga satu PERUSAKAN KARAKTER RAKYAT!!pakar komunikasi pemerhati sosial psikiater dan yang terkait bersama kita cermati dinamika sosial seberapa banyak berpengaruh pada karakter sosial.misal televisi radio medsos dll.bersama menuju Indonesia sehat!!","1726734556185948452","","","in","","0","0","0","https://twitter.com/Donisetiyawana1/status/1726734556185948452","1560870618081685505","Donisetiyawana1"
"1726556538544984113","Mon Nov 20 11:02:11 +0000 2023","2","Hallo #Portizen Program Tanggung Jawab Sosial Lingkungan (TJSL) BUMN bertajuk BUMN untuk Temanggung Bersih Sehat dan Nyaman untuk Umum (BUMN TEMAN BERSENYUM) diresmikan pada Jumat 17 Nov 2023 di Kawasan Wisata Sindoro Water Park Desa Rejosari Kec. Bansari Kab.Temanggung. https://t.co/wyKRYCFCDF","1726556538544984113","https://pbs.twimg.com/media/F_X2AzRbgAArpJ7.jpg","","in","Tanjung Priok, Indonesia","0","3","0","https://twitter.com/indonesiaport/status/1726556538544984113","465493775","indonesiaport"
"1726553891209433324","Mon Nov 20 10:51:40 +0000 2023","0","Program kampung sehat Ganjar-Mahfud memperkuat ikatan sosial di masyarakat @SriMaria2058504 GAMA M3nang https://t.co/uUeOHuQFNQ","1726553891209433324","https://pbs.twimg.com/media/F_Xzm0ZaQAAFXq-.jpg","","in","Pariaman","0","0","0","https://twitter.com/tegarsyahputroo/status/1726553891209433324","1687412366282194944","tegarsyahputroo"
"1726551561764290723","Mon Nov 20 10:42:24 +0000 2023","0","Ruang terbuka hijau adalah tempat berkumpul dan beraktivitas menciptakan kehidupan sosial yang sehat @SurioOnggo GAMA M3nang https://t.co/HU2xZZCbIR","1726551561764290723","https://pbs.twimg.com/media/F_XxcuubUAANBiu.jpg","","in","Sungai Penuh","0","0","0","https://twitter.com/sofianasusanti/status/1726551561764290723","1689198956985892864","sofianasusanti"
"1726525898436874655","Mon Nov 20 09:00:26 +0000 2023","0","Perlu untuk saling menerima dan menghargai sudut pandang orang supaya tercipta kerukunan dan kedekatan yang akrab. #souja #soulofjakarta #kliksouja #tips #membangan #hubungan #sosial #mendalam #sehat #healthy #relationships #socializing #lifestyle https://t.co/KNm6tLlnym https://t.co/GAlQInmUia","1726525898436874655","https://pbs.twimg.com/media/F_XaJ5zXgAAkdrS.jpg","","in","","0","0","0","https://twitter.com/soulofjakartaid/status/1726525898436874655","1602513142021427201","soulofjakartaid"
"1726457566073680137","Mon Nov 20 04:28:54 +0000 2023","1","Dari mulai penanganan kemacetan lalu lintas banjir tata kota birokrasi pelayanan publik bidang sosial budaya (pendidikan kesehatan [budaya hidup sehat juga pengobatan] dan seni budaya) agama ekonomi dan kesejahteraan sosial material ... https://t.co/eP8k1m9zpF","1726457566073680137","","","in","Jakarta, Indonesia","0","0","0","https://twitter.com/didienAZHAR/status/1726457566073680137","194590819","didienAZHAR"
"1726190375642284192","Sun Nov 19 10:47:11 +0000 2023","0","Duitnya mending dipake safari politik diskusi gagasan ke masyatakan daripada pasang billboard. Cara beginian skrg ga efektif. Sosial media udh banyak dan hampir dijangkau seluruh lapisan masyarakat. Mending viral diskusi sehat adu argumen politik atau pemaparan visi-misi.","1726190375642284192","","","in","Bandung","0","0","0","https://twitter.com/MRAbdullah_13/status/1726190375642284192","752811253","MRAbdullah_13"
"1726139733007544685","Sun Nov 19 07:25:57 +0000 2023","0","aku juga didiagnosis depresi bedanya semuanya menurun . skill sosial niat prestasi jadi berkurang banyak. awalnya nyalahin diri sendiri pake label males tapi lama lama sadar ga sesederhana males doang. jujur kangen diri sendiri pas masi sehat dulu.","1726139733007544685","","","in","akun ngidol, rant, sbt","0","1","0","https://twitter.com/sayizone/status/1726139733007544685","1412706629204680710","sayizone"
"1725898375709819153","Sat Nov 18 15:26:53 +0000 2023","0","Tuhan pas menciptakan Renjun pasti mood nya lagi bagus. Iklim oke cuaca cerah perekonomian stabil politik sehat kesejahteraan sosial makmur kemiskinan rendah kriminalitas minim pendidikan maju kesehatan terjamin bumi hijau air bersih tanah subur udara segar https://t.co/gOBQsMIZxK","1725898375709819153","https://pbs.twimg.com/media/F_OfZoGaoAAIAxO.jpg","","in","Indonesia","0","0","0","https://twitter.com/moongeongju/status/1725898375709819153","1002773885538799616","moongeongju"
"1725879701196140882","Sat Nov 18 14:12:40 +0000 2023","2","Jalan Sehat dan Bakti Sosial dalam rangkaian acara HUT Ke 52 KORPRI dan Dharma Wanita Persatuan Ke 24 di lingkungan BAPENDA Provinsi Jawa Tengah. Sabtu 18 November 2023 #SamsatJateng #SamsatBudiman #NewSakpole #PajakUntukJawaTengahmu #PodcastBapenda #MasSajak #JatengGayeng https://t.co/Jocm8yXnBZ","1725879701196140882","https://pbs.twimg.com/ext_tw_video_thumb/1725879629322625024/pu/img/CU5-aIy1dA8ButQz.jpg","","in","Jl. Pemuda No. 1 Semarang","0","0","0","https://twitter.com/BPPD_JATENG/status/1725879701196140882","2722808574","BPPD_JATENG"
"1725771221118378258","Sat Nov 18 07:01:37 +0000 2023","1","Masyarakat Sehat TRC PMKS Kab. Bogor Lakukan Sosial Dengan Pengobatan Tradisional https://t.co/g0YhUit1U0","1725771221118378258","","","in","","0","0","0","https://twitter.com/Intertoday71/status/1725771221118378258","1698125172845551616","Intertoday71"
"1725704695010959838","Sat Nov 18 02:37:15 +0000 2023","0","*Babinsa Kecamatan Kotabaru Ingatkan Jaga Keamanan Dan Hidup Sehat Ke Warganya* NTT - Ende/Kotabaru Babinsa Koramil 1602-04/Maurole Kodim 1602/Ende Sertu Densus Berno melaksanakan kegiatan Komunikasi Sosial (Komsos) di wilayah binaannya bersama warga binaannya di Desa Nuanaga https://t.co/FrGduDIemz","1725704695010959838","https://pbs.twimg.com/media/F_LvRUlbAAA098f.jpg","","in","","0","0","0","https://twitter.com/Kodim1602Ende/status/1725704695010959838","1671323209952796672","Kodim1602Ende"
"1725698794837422415","Sat Nov 18 02:13:49 +0000 2023","0","Ada gilanya orang2 ini ya nafsu iya manusia punya nafsu tp kan punya akal sehat ya. Jadi mikir orang2 yg selingkuh ini sebenernya core values nya dalam hidup apa. Apa emang gapunya? Makanya sekalipun cuma ngerasa bersalah itu ya karena norma sosial aja ","1725698794837422415","","","in","","0","1","0","https://twitter.com/Hillofcomedy/status/1725698794837422415","2736219056","Hillofcomedy"
"1725689792514682968","Sat Nov 18 01:38:02 +0000 2023","0","kesehatan seseorang. Mengkonsumsi narkoba dapat menyebabkan gangguan fisik psikologis dan sosial yang serius. Oleh karena itu mari kita bersama-sama berkomitmen untuk menjauhi narkoba dan mempromosikan gaya hidup sehat yang bebas dari pengaruh","1725689792514682968","","","in","","0","0","0","https://twitter.com/helmiabraham/status/1725689792514682968","1678433628437762048","helmiabraham"
"1725560690801549420","Fri Nov 17 17:05:02 +0000 2023","1","Dalam rangka menjaga ruang digital agar tetap sehat dan damai menjelang Pemilu 2024 Dinkominfotik Brebes menggelar acara sosialisasi peraturan di bidang cukai UU Nomor 39 Tahun 2007 bagi insan media dan pegiat media sosial bertempat di Grand Dian Hotel Brebes Kamis (16/11). https://t.co/T8ab8rCleV","1725560690801549420","https://pbs.twimg.com/media/F_JsS4baMAAjTu3.jpg","","in","Jalan MT Haryono 76 Brebes","0","0","0","https://twitter.com/pemkab_brebes/status/1725560690801549420","2918349296","pemkab_brebes"
"1725052627908784598","Thu Nov 16 07:26:11 +0000 2023","0","Maunya kita2 Ayah BowoGibran Terbaik kita bisa melanjutkan program sosial yang sudah dimulai seperti Kartu Indonesia Sehat untuk menolong rakyat kecil. #사랑해요PRABSGIBS Kami Love You-2 https://t.co/9DY1RVadAq","1725052627908784598","https://pbs.twimg.com/media/F_CeNBzbMAAw0NX.jpg","","in","","0","0","0","https://twitter.com/RamdaniZahran/status/1725052627908784598","1543019828151087104","RamdaniZahran"
"1725051432540500020","Thu Nov 16 07:21:26 +0000 2023","2","Ikatan Alumni Universitas Indonesia Kamis siang (16/11) menggelar konferensi pers agar Pemilu 2024 dapat berjalan sesuai prinsip-prinsip yang free dan fair agar kondisi sosial politik bangsa tetap sehat untuk menghasilkan pemimpin yang bermartabat dan kualitas demokrasi semakin https://t.co/IwA83ssjoQ","1725051432540500020","https://pbs.twimg.com/media/F_CdIXmbwAAFl5y.jpg","","in","","0","0","0","https://twitter.com/RadioElshinta/status/1725051432540500020","121640063","RadioElshinta"
"1725027574726975859","Thu Nov 16 05:46:37 +0000 2023","0","Keinginan masyarakat Ayah BowoGibran Terbaik kita akan sempurnakan program sosial yang sudah dijalankan seperti Kartu Indonesia Sehat bisa menolong rakyat bawah. #사랑해요PRABSGIBS Kami Love You-2","1725027574726975859","","","in","","0","0","0","https://twitter.com/layla_salsa/status/1725027574726975859","1470761879559680000","layla_salsa"
"1725009539064582586","Thu Nov 16 04:34:57 +0000 2023","0","Harapannya masyarakat Ayah BowoGibran Terbaik kita dapat teruskan program sosial yang telah diinisiasi seperti Kartu Indonesia Sehat untuk menolong masyakat kecil. #사랑해요PRABSGIBS Kami Love You-2 https://t.co/YZrvEZKUzc","1725009539064582586","https://pbs.twimg.com/media/F_B3B2QbUAAgPmS.jpg","","in","","0","0","0","https://twitter.com/Tiaraai9/status/1725009539064582586","1549066953867726848","Tiaraai9"
"1725007275184828785","Thu Nov 16 04:25:58 +0000 2023","0","Keinginan orang2 Ayah BowoGibran Terbaik kita dapat sempurnakan program sosial yang telah diinisiasi seperti Kartu Indonesia Sehat bisa menolong masyakat bawah. #사랑해요PRABSGIBS Kami Love You-2 https://t.co/fRD1LA9pgf","1725007275184828785","https://pbs.twimg.com/media/F_B0-CoawAApCYQ.jpg","","in","","0","0","0","https://twitter.com/PutriMe78/status/1725007275184828785","1549032373593198593","PutriMe78"
"1724985657905557687","Thu Nov 16 03:00:04 +0000 2023","0","Harapannya masyarakat Ayah BowoGibran Terbaik kita akan perbaiki program sosial yang telah diinisiasi seperti Kartu Indonesia Sehat bisa membantu masyakat kecil. #사랑해요PRABSGIBS Kami Love You-2","1724985657905557687","","","in","","0","0","0","https://twitter.com/IsnaMubin/status/1724985657905557687","1542426381241294849","IsnaMubin"
"1724985657544585704","Thu Nov 16 03:00:04 +0000 2023","0","Harapannya orang2 Ayah BowoGibran Terbaik kita dapat sempurnakan program sosial yang sudah dijalankan seperti Kartu Indonesia Sehat untuk membantu rakyat bawah. #사랑해요PRABSGIBS Kami Love You-2","1724985657544585704","","","in","","0","0","0","https://twitter.com/FahrulZenzen/status/1724985657544585704","1549116976999841792","FahrulZenzen"
"1724985656613412874","Thu Nov 16 03:00:03 +0000 2023","0","Maunya rakyat Ayah BowoGibran Terbaik kita akan meneruskan program sosial yang telah diinisiasi seperti Kartu Indonesia Sehat untuk menolong rakyat miskin. #사랑해요PRABSGIBS Kami Love You-2 https://t.co/kAfhFRo4YQ","1724985656613412874","https://pbs.twimg.com/media/F_BHI3_awAA9jCa.jpg","","in","","0","0","0","https://twitter.com/indi_fadilah/status/1724985656613412874","1541992612336664576","indi_fadilah"
"1724985656018170356","Thu Nov 16 03:00:03 +0000 2023","0","Keinginan masyarakat Ayah BowoGibran Terbaik kita akan melanjutkan program sosial yang telah dimulai seperti Kartu Indonesia Sehat agar menolong rakyat bawah. #사랑해요PRABSGIBS Kami Love You-2 https://t.co/jmXFQ47Ovf","1724985656018170356","https://pbs.twimg.com/media/F_BMQfrawAAFne1.jpg","","in","","0","0","0","https://twitter.com/InaMulyaniii/status/1724985656018170356","1711355944599531520","InaMulyaniii"
"1724985655191634179","Thu Nov 16 03:00:03 +0000 2023","0","Keinginan rakyat Ayah BowoGibran Terbaik kita bisa melanjutkan program sosial yang sudah dijalankan seperti Kartu Indonesia Sehat bisa membantu masyakat kecil. #사랑해요PRABSGIBS Kami Love You-2","1724985655191634179","","","in","","0","0","0","https://twitter.com/jajangbauddd/status/1724985655191634179","1662805671086268416","jajangbauddd"
"1724985653425824145","Thu Nov 16 03:00:03 +0000 2023","0","Harapannya rakyat Ayah BowoGibran Terbaik kita akan sempurnakan program sosial yang telah dijalankan seperti Kartu Indonesia Sehat bisa menolong masyakat miskin.#사랑해요PRABSGIBS Kami Love You-2 https://t.co/sKZsgwfm48","1724985653425824145","https://pbs.twimg.com/media/F_BVVQ5aQAAklhv.jpg","","in","","0","0","0","https://twitter.com/InaRahayurmd/status/1724985653425824145","1712058144111857664","InaRahayurmd"
"1724985648896196991","Thu Nov 16 03:00:02 +0000 2023","0","Maunya kita2 Ayah BowoGibran Terbaik kita bisa lanjutkan program sosial yang sudah dijalankan seperti Kartu Indonesia Sehat bisa menolong masyakat miskin. #사랑해요PRABSGIBS Kami Love You-2","1724985648896196991","","","in","","0","0","0","https://twitter.com/ReskyMau/status/1724985648896196991","1542342733549162496","ReskyMau"
"1724985648631922997","Thu Nov 16 03:00:01 +0000 2023","0","Keinginan masyarakat Ayah BowoGibran Terbaik kita bisa perbaiki program sosial yang telah diinisiasi seperti Kartu Indonesia Sehat agar menolong masyakat bawah. #사랑해요PRABSGIBS Kami Love You-2 https://t.co/p6lNEwxm7F","1724985648631922997","https://pbs.twimg.com/media/F_Bg_wcbgAAnRx2.jpg","","in","","0","0","0","https://twitter.com/HeniPujiL/status/1724985648631922997","1655422250961739777","HeniPujiL"
"1724985648195788831","Thu Nov 16 03:00:01 +0000 2023","0","Harapannya masyarakat Ayah BowoGibran Terbaik kita akan melanjutkan program sosial yang sudah diinisiasi seperti Kartu Indonesia Sehat agar menolong rakyat bawah. #사랑해요PRABSGIBS Kami Love You-2 https://t.co/DUetwnttwD","1724985648195788831","https://pbs.twimg.com/media/F_BPM1uakAAKfg7.jpg","","in","","0","0","0","https://twitter.com/DaniaDiannnn_/status/1724985648195788831","1712856118605881345","DaniaDiannnn_"
"1724985646320676988","Thu Nov 16 03:00:01 +0000 2023","0","Keinginan masyarakat Ayah BowoGibran Terbaik kita akan melanjutkan program sosial yang telah dimulai seperti Kartu Indonesia Sehat agar menolong rakyat bawah. #사랑해요PRABSGIBS Kami Love You-2 https://t.co/yDkp5ggPgj","1724985646320676988","https://pbs.twimg.com/media/F_BMQfrawAAFne1.jpg","","in","","0","0","0","https://twitter.com/InaMulyaniii/status/1724985646320676988","1711355944599531520","InaMulyaniii"
"1724985645515297177","Thu Nov 16 03:00:01 +0000 2023","0","Harapannya orang2 Ayah BowoGibran Terbaik kita akan lanjutkan program sosial yang sudah diinisiasi seperti Kartu Indonesia Sehat bisa membantu rakyat bawah. #사랑해요PRABSGIBS Kami Love You-2 https://t.co/e2u4fb8Omd","1724985645515297177","https://pbs.twimg.com/media/F_BRaX3aMAEDyDw.jpg","","in","","0","0","0","https://twitter.com/dayshm/status/1724985645515297177","1419223789913526277","dayshm"
"1724985644017967485","Thu Nov 16 03:00:00 +0000 2023","0","Harapannya masyarakat Ayah BowoGibran Terbaik kita bisa teruskan program sosial yang telah dijalankan seperti Kartu Indonesia Sehat bisa menolong rakyat bawah. #사랑해요PRABSGIBS Kami Love You-2","1724985644017967485","","","in","","0","0","0","https://twitter.com/Jihanaqlh_/status/1724985644017967485","1541800220907868161","Jihanaqlh_"
"1724985642038218808","Thu Nov 16 03:00:00 +0000 2023","0","Maunya rakyat Ayah BowoGibran Terbaik kita dapat melanjutkan program sosial yang sudah dijalankan seperti Kartu Indonesia Sehat bisa menolong masyakat kecil. #사랑해요PRABSGIBS Kami Love You-2","1724985642038218808","","","in","","0","0","0","https://twitter.com/elviapriliaa/status/1724985642038218808","1542333542260445184","elviapriliaa"
"1724985641132335593","Thu Nov 16 03:00:00 +0000 2023","0","Keinginan kita2 Ayah BowoGibran Terbaik kita dapat melanjutkan program sosial yang sudah dilaksanakan seperti Kartu Indonesia Sehat untuk menolong masyakat kecil. #사랑해요PRABSGIBS Kami Love You-2","1724985641132335593","","","in","","0","0","0","https://twitter.com/Es_tiayur/status/1724985641132335593","1708472881808830464","Es_tiayur"
"1724976567049412659","Thu Nov 16 02:23:56 +0000 2023","0","mengonsumsi makanan yang cukup untuk memenuhi tingkat energi/kalori yang seharusnya (untuk hidup normal aktif dan sehat) pada tahun 2022. (Survei Sosial Ekonomi Nasional -SUSENAS). Namun demikian prevalensi ketidakcukupan energi dari konsumsi makanan di Jawa Tengah selama","1724976567049412659","","","in","Jl. Pahlawan No. 6 Semarang","0","0","0","https://twitter.com/bpsprovjateng/status/1724976567049412659","700923330681909249","bpsprovjateng"
"1724940646769910250","Thu Nov 16 00:01:12 +0000 2023","0","Meskipun sdh di tentukan juaranya stdknya saya bagian dr Gen Akal Sehat... Perubahan itu harus krn keadilan sosial bagi seluruh rakyat Indonesia bukan seluruh Rakyat yg cuman manggut² nurut sama dinasti.","1724940646769910250","","","in","Bandung","0","0","0","https://twitter.com/adzhiecz/status/1724940646769910250","523021308","adzhiecz"
"1724795896234389607","Wed Nov 15 14:26:01 +0000 2023","0","Masih gak bersyukur? masih dikasih tidur nyaman perut kenyang berselancar media sosial sehat badan beban pikiran. Lihat itu loh saudara muslim mu dipalestina gimana hidupnya.","1724795896234389607","","","in","Pemalang, Jawa Tengah","0","0","0","https://twitter.com/nadiadindin/status/1724795896234389607","735629503","nadiadindin"
"1724694260090609703","Wed Nov 15 07:42:09 +0000 2023","0","Anak muda cerdas berakal sehat pasti pilih Amin putaran Lampung hadir Anies dan Cak Imin telah mengambil sikap yang mengutamakan keadilan sosial dan kesejahteraan warga. #AMINIndonesia Nomor One https://t.co/yUbQYH0kyg","1724694260090609703","https://pbs.twimg.com/media/F-9VuMnbEAA9Dt4.jpg","","in","","0","0","0","https://twitter.com/DadangRusmanaf/status/1724694260090609703","764154529000611840","DadangRusmanaf"
"1724684794821484769","Wed Nov 15 07:04:32 +0000 2023","13","Main game konsol (apalagi offline) jauh lebih baik dari game Hp/online Lebih aman dari segala sisi Jauh lbh Mudah diawasi Motorik tangan-mata lebih baik Belajar bahasa inggris lebih baik Mentok2 rumah ribut banyak bocil maen depan tv tapi sosial juga jd lebih sehat","1724684794821484769","","","in","Under the layers of Sunscreen","1","0","4","https://twitter.com/Rzdwrdy/status/1724684794821484769","1343855233445687302","Rzdwrdy"
"1724601309062664675","Wed Nov 15 01:32:48 +0000 2023","1","PP Muhammadiyah Bersama Kemenkes RI Garap Program Aksi Bergizi Sehat Berkemajuan di 4 Provinsi Ikuti Akun Media Sosial Kami di Link Berikut ini: https://t.co/t2e9WYyrxx #muhammadiyah #aisyiyah #tvmujogja #tvmuhammadiyah Lebih sedikit https://t.co/VjwjT4B1y9","1724601309062664675","https://pbs.twimg.com/media/F-8DvKrasAAS0-I.jpg","","in","Yogyakarta, D.I.Y","0","0","0","https://twitter.com/tvmujogja_/status/1724601309062664675","1445239305237000196","tvmujogja_"
"1724517739971412311","Tue Nov 14 20:00:43 +0000 2023","1","Sudah waktunya rehat sosial media udah ga sehat soalnya...","1724517739971412311","","","in","","0","0","0","https://twitter.com/hai_andreee/status/1724517739971412311","1636777730607038464","hai_andreee"
"1724343870346137871","Tue Nov 14 08:29:50 +0000 2023","0","Suda masa bodoh dengan negara ini yang katanya putusan hakim MK tidak adil politik dinasti dan beragam kecurangan pemilu. Kalau anda berkuasa dan berakal sehat harusnya sesuai pasal ke lima: 'Keadilan sosial bagi seluruh rakyat Indonesia' Tapi realita?","1724343870346137871","","","in","Indonesia","0","0","0","https://twitter.com/kerupvk/status/1724343870346137871","2814280963","kerupvk"
"1724249350723809376","Tue Nov 14 02:14:14 +0000 2023","639","Oh iya temen2 tolong bijak dalam berkomentar ya jangan menjelekan atau mendiskreditkan member yg tidak kalian sukai yuk belajar utk menggunakan sosial media yg sehat :) kalau masih ada yg nekad mohon maaf saya terpaksa nge blok ","1724249350723809376","","","in","","1","13","98","https://twitter.com/nobswotagrapher/status/1724249350723809376","3833625080","nobswotagrapher"
"1724065329922654585","Mon Nov 13 14:03:00 +0000 2023","2","Dari mulai penanganan kemacetan lalu lintas banjir tata kota birokrasi pelayanan publik bidang sosial budaya (pendidikan kesehatan [budaya hidup sehat juga pengobatan] dan seni budaya) ... https://t.co/eP8k1m9zpF","1724065329922654585","","","in","Jakarta, Indonesia","0","0","0","https://twitter.com/didienAZHAR/status/1724065329922654585","194590819","didienAZHAR"
"1724036222031643008","Mon Nov 13 12:07:21 +0000 2023","0","Kesehatan bukan lagi sekadar faktor biologis melainkan juga mencakup dimensi psikologis sosial dan budaya. Konsep sehat tidak hanya ditentukan oleh pengetahuan medis tetapi juga oleh persepsi masyarakat terhadap kesejahteraan secara keseluruhan. https://t.co/eyQMA4xOl8","1724036222031643008","","","in","Jakarta, Indonesia","0","0","0","https://twitter.com/didienAZHAR/status/1724036222031643008","194590819","didienAZHAR"
"1723974067282395637","Mon Nov 13 08:00:22 +0000 2023","0","Alangkah lebih baik jikalau main ca pure untuk have fun jangan berlebihan dan jangan dianggap terlalu serius. Menjaga ketikan dan etika bermedia sosial juga harus diterapin supaya hal-hal yang tidak diinginkan bisa dihindari salam sehat untk kita semua. https://t.co/Sgpia5o02C","1723974067282395637","https://pbs.twimg.com/media/F-zJRl0bEAA4xjl.jpg","","in","dnf syg.","0","4","1","https://twitter.com/zioowu/status/1723974067282395637","1702732545413226496","zioowu"
"1723960725612400649","Mon Nov 13 07:07:21 +0000 2023","0","Dicari Asisten Rumah Tangga Persyaratan : - Wanita usia 20-40 tahun - Sehat Jasmani dan Rohani - Jujur teliti disiplin dan rajin Benefit : - Gaji Pokok - Insentif - Biaya Sosial Penempatan : Payaman Secang Kab. Magelang Informasi lebih lanjut : 0812-2979-7973 https://t.co/M8iZ3us6uZ","1723960725612400649","https://pbs.twimg.com/media/F-y9I2aaAAA170c.jpg","","in","Magelang, Jawa Tengah","0","0","0","https://twitter.com/lokermagelangid/status/1723960725612400649","1172108447963238400","lokermagelangid"
"1723937110481318047","Mon Nov 13 05:33:30 +0000 2023","0","Purworejo - Guna mewujudkan wilayah desa binaan yang sehat Babinsa Koramil 01/Purworejo Serma Arif Afandi melaksanakan Komunikasi Sosial bersama bidan desa di Posyandu Flamboyan Kelurahan Pangenrejo Kecamatan Purworejo Kabupaten Purworejo. https://t.co/ulACYUVZyF","1723937110481318047","https://pbs.twimg.com/media/F-ynpMaawAAFA17.jpg","","in","","0","0","0","https://twitter.com/PENRAMIL01/status/1723937110481318047","1433245451164131336","PENRAMIL01"
"1723742989313556763","Sun Nov 12 16:42:08 +0000 2023","0","🇮🇩🇵🇸 Sehat-sehat selalu dan semoga Allah SWT melindungi Pak Jokowi dan Ibu Retno dalam mengemban misi kemanusiaan ini. Kami hanya dapat membantu melalui sosial media. Good luck ️ https://t.co/Xh5fhAAi4B","1723742989313556763","","","in","Jakarta, Indonesia","0","0","0","https://twitter.com/ImaginarySteady/status/1723742989313556763","2556873745","ImaginarySteady"
"1723738132770586882","Sun Nov 12 16:22:51 +0000 2023","0","Bisa karena manusia diciptakan dengan akal sehat serta ada moral sosial","1723738132770586882","","","in","","0","0","0","https://twitter.com/aqueerians/status/1723738132770586882","1428349237582958598","aqueerians"
"1723706592053391777","Sun Nov 12 14:17:31 +0000 2023","2"," ya allah cuma minta sehat tapi sehat menurut pengertian uu 36 tahun 2009 yaa. [kesehatan adalah keadaan sehat baik secara fisik mental spritual maupun sosial yang memungkinkan setiap orang untuk hidup produktif secara sosial dan ekonomis.] aamiin","1723706592053391777","","","in","21+","0","0","2","https://twitter.com/xjustsil/status/1723706592053391777","1134213624652656641","xjustsil"
"1723696738018685164","Sun Nov 12 13:38:21 +0000 2023","0","Bila Sehat: Cara menavigasi konten yang mengerikan di media sosial: https://t.co/fg7M5Ggktj","1723696738018685164","","","in","","0","0","0","https://twitter.com/ShitShot2000/status/1723696738018685164","1510404208943456261","ShitShot2000"
"1723693303022174425","Sun Nov 12 13:24:42 +0000 2023","2","Selamat Hari Kesehatan Nasional! Dalam momen ini yuk menjadi lebih sehat secara fisik sosial dan jiwa dan menuju masa depan yang lebih baik @KhofifahIP @EmilDardak https://t.co/TxhuhN2LIB","1723693303022174425","https://pbs.twimg.com/media/F-vJ7Fja4AAlXJB.jpg","","in","Jawa Timur, Indonesia","0","0","1","https://twitter.com/JatimPemprov/status/1723693303022174425","771337601269714944","JatimPemprov"
"1723638373162893807","Sun Nov 12 09:46:26 +0000 2023","1","dari dulu gak pernah ikut-ikutan ngucapin selamat hari ayah di sosial media karna gak sedeket itu sm bapak juga punya gengsi yg sm gedenya kayak bapak. tapi makin kesini makin takut ditinggal bapak sehat-sehat ya pak diberi panjang umur &amp; selalu dilancarkan dalam segala hal️","1723638373162893807","","","in","earth","0","0","0","https://twitter.com/babystrawberliv/status/1723638373162893807","1339401329240801284","babystrawberliv"
"1723555041435431279","Sun Nov 12 04:15:18 +0000 2023","0","NASKAH ID Peringatan Hari Kesehatan Nasional (HKN) dirayakan cukup meriah di Kabupaten Banyuwangi. Dikemas dalam Festival Jenggirat Sehat beragam agenda mulai pengobatan gratis bakti sosial pameran dan talkshow kesehatan hingga pawai kampanye https://t.co/O1dRwKL10m","1723555041435431279","","","in","","0","0","0","https://twitter.com/kabarbanyuwangi/status/1723555041435431279","517179228","kabarbanyuwangi"
"1723517909954380231","Sun Nov 12 01:47:45 +0000 2023","0","seperti bibimbap yang menjadi favorit saya! Rasanya yang lezat dan sehat membuat saya ketagihan. Jadi jangan heran kalau saya sering membagikan resep dan tempat makan bibimbap yang enak di media sosial. Yuk coba juga bibimbap dan rasakan","1723517909954380231","","","in","Jakarta ","0","0","0","https://twitter.com/sasviradiannn_/status/1723517909954380231","1666308552162701312","sasviradiannn_"
"1723476452002394476","Sat Nov 11 23:03:01 +0000 2023","0","Ibu Retno @Menlu_RI saya salut dengan perjuangan Ibu dalam menjalankan misi kemanusiaan ini. Pasti sangat berat. Maaf kami hanya dapat membantu dengan menyuarakan melalui sosial media. Semoga Ibu selalu dalam lindungan Allah SWT &amp; selalu sehat. ️ https://t.co/Hi7SxsQQdV","1723476452002394476","","","in","Jakarta, Indonesia","0","0","0","https://twitter.com/ImaginarySteady/status/1723476452002394476","2556873745","ImaginarySteady"
"1723357547199902059","Sat Nov 11 15:10:32 +0000 2023","1","Halo Dulur Presisi Polda Sumsel HIDUP SEHAT LINGKUNGAN SEHAT MARI JAUHI NARKOBA Pasal 54 UU Narkotika : Pecandu Narkotika dan korban penyalahgunaan Narkotika wajib menjalani rehabilitasi medis dan rehabilitasi sosial. https://t.co/MiuKus7pTH","1723357547199902059","https://pbs.twimg.com/media/F-qYjH-bsAARAV2.jpg","","in","","0","0","0","https://twitter.com/ANDIEbaket18/status/1723357547199902059","1596076523684929536","ANDIEbaket18"
"1723346457946738935","Sat Nov 11 14:26:28 +0000 2023","0","BANYUWANGI Peringatan Hari Kesehatan Nasional (HKN) dirayakan cukup meriah di Kabupaten Banyuwangi. Dikemas dalam Festival Jenggirat Sehat beragam agenda mulai pengobatan gratis bakti sosial pameran dan talkshow kesehatan hingga pawai kampanye https://t.co/Da03nlu4xb","1723346457946738935","","","in","","0","0","0","https://twitter.com/kabarbanyuwangi/status/1723346457946738935","517179228","kabarbanyuwangi"
"1723231860711649749","Sat Nov 11 06:51:06 +0000 2023","2","Satrbrimob Polda Kepri Mengikuti Kegiatan Donor Darah Dalam Rangka Mendorong Semangat Sosial Masyarakat Untuk Mendukung Gaya Hidup Sehat. Sabtu 11 November 2023. *BRIMOB UNTUK INDONESIA🇮🇩* https://t.co/9sv3eKghtR","1723231860711649749","https://pbs.twimg.com/ext_tw_video_thumb/1723231764423061504/pu/img/9vjkPMZiaH98dwBX.jpg","","in","","0","0","0","https://twitter.com/BrimobKepri/status/1723231860711649749","1087915499558764546","BrimobKepri"
"1723202808130961631","Sat Nov 11 04:55:39 +0000 2023","0","Wakapolri Komjen Pol. Drs. Agus Andrianto S.H. M.H. menghadiri kegiatan bakti sosial (baksos) dan bakti dan mendukung program pemerintah dalam wujudkan masyarakat yang sehat. Pelihara Lingkungan Kondusif #JagaKeamananBangsa https://t.co/fIyymbOe0L","1723202808130961631","","","in","","0","0","0","https://twitter.com/ps_rebo/status/1723202808130961631","1400325859806900224","ps_rebo"
"1723141686124286455","Sat Nov 11 00:52:47 +0000 2023","0","Halo Dulur Presisi Polda Sumsel HIDUP SEHAT LINGKUNGAN SEHAT MARI JAUHI NARKOBA Pasal 54 UU Narkotika : Pecandu Narkotika dan korban penyalahgunaan Narkotika wajib menjalani rehabilitasi medis dan rehabilitasi sosial. https://t.co/t9hmYkw67E","1723141686124286455","https://pbs.twimg.com/media/F-nUOgKaMAA_cxS.jpg","","in","","0","0","0","https://twitter.com/R14NBule/status/1723141686124286455","1471377212011995141","R14NBule"
"1723136235965939840","Sat Nov 11 00:31:07 +0000 2023","0"," HIDUP SEHAT LINGKUNGAN SEHAT MARI JAUHI NARKOBA Pasal 54 UU Narkotika : Pecandu Narkotika dan korban penyalahgunaan Narkotika wajib menjalani rehabilitasi medis dan rehabilitasi sosial. Pasal 127 ayat 1 : Orang yang memakai narkoba dipenjara 1 sampai dengan 4 tahun https://t.co/xcsEM8ZMGU","1723136235965939840","https://pbs.twimg.com/media/F-nPRadaAAAwHOD.jpg","","in","","0","0","0","https://twitter.com/Ferry59463917/status/1723136235965939840","1482200838269718532","Ferry59463917"
"1723123342876770397","Fri Nov 10 23:39:53 +0000 2023","1","Halo Dulur Presisi Polda Sumsel HIDUP SEHAT LINGKUNGAN SEHAT MARI JAUHI NARKOBA Pasal 54 UU Narkotika : Pecandu Narkotika dan korban penyalahgunaan Narkotika wajib menjalani rehabilitasi medis dan rehabilitasi sosial. Pasal 111 sampai Pasal 126 UU Narkotika : bagi orang https://t.co/oi7vIO2E19","1723123342876770397","https://pbs.twimg.com/media/F-nDirKagAAjS4v.jpg","","in","Kota Palembang, Sumatera Selat","0","0","0","https://twitter.com/sumsel_polda/status/1723123342876770397","1463305353773289477","sumsel_polda"
"1722934315309572327","Fri Nov 10 11:08:45 +0000 2023","0","5.Mercy Corps (2007) : keadaan ketika semua orang pada setiap saat mempunyai akses fisik sosial dan ekonomi terhadap terhadap kecukupan pangan aman dan bergizi untuk kebutuhan gizi sesuai dengan seleranya untuk hidup produktif dan sehat. Pak Prabowo @prabowo #KodeKita08 https://t.co/bRoqUeIyuz","1722934315309572327","https://pbs.twimg.com/media/F-kXn5faUAA9mkQ.jpg","","in","","0","0","0","https://twitter.com/SamsudinBarus/status/1722934315309572327","4097650214","SamsudinBarus"
"1722866421603148204","Fri Nov 10 06:38:58 +0000 2023","0","5.Mercy Corps (2007) : keadaan ketika semua orang pada setiap saat mempunyai akses fisik sosial dan ekonomi terhadap terhadap kecukupan pangan aman dan bergizi untuk kebutuhan gizi sesuai dengan seleranya untuk hidup produktif dan sehat. Pak Prabowo @prabowo #KodeKita08 https://t.co/355evAfBqe","1722866421603148204","https://pbs.twimg.com/media/F-jZ383bgAA2TVj.jpg","","in","","0","0","0","https://twitter.com/SamsudinBarus/status/1722866421603148204","4097650214","SamsudinBarus"
"1722849319274127631","Fri Nov 10 05:31:01 +0000 2023","1","Halo Dulur Presisi Polda Sumsel HIDUP SEHAT LINGKUNGAN SEHAT MARI JAUHI NARKOBA Pasal 54 UU Narkotika : Pecandu Narkotika dan korban penyalahgunaan Narkotika wajib menjalani rehabilitasi medis dan rehabilitasi sosial. https://t.co/z27xmZJMJS","1722849319274127631","","","in","","0","0","0","https://twitter.com/polseksako_plg/status/1722849319274127631","1101695206582214656","polseksako_plg"
"1722847527073153365","Fri Nov 10 05:23:54 +0000 2023","3","#Healthies di #HKN59 itu ngak cuma seru tapi juga menyajikan acara positif yg berdampak kepada masyarakat kamu pun juga bisa ikutan Ada donor darah senam sehat ‍️ bedah katarak &amp; masih banyak lagi kegiatan sosial yang masuk di rangkaian #HKN59 #waktunyatransformasi https://t.co/KJICtoaq0r","1722847527073153365","https://pbs.twimg.com/ext_tw_video_thumb/1722847253617127424/pu/img/VOnP8OTCnWvP5J3M.jpg","","in","Jakarta, Indonesia","0","0","1","https://twitter.com/KemenkesRI/status/1722847527073153365","161236190","KemenkesRI"
"1722624464914207058","Thu Nov 09 14:37:31 +0000 2023","0","Tapi memang semenjak dl ada masalah yg berkaitan dg relasi sosial saat ini jadi jauhhh lebih membatasi attachment dg org lain. Sudah mulai terbiasa untuk gak sesumbar itu ttg private life sm org entah ini sehat ato gak tapi memang diakui jadi gak mudah naruh trust sm orla‍️","1722624464914207058","","","in","Sajadah belakangmu","0","1","0","https://twitter.com/Soft_phie09/status/1722624464914207058","65853810","Soft_phie09"
"1722096345438359908","Wed Nov 08 03:38:58 +0000 2023","0","mengaksesnya melalui media sosial. Namun jangan lupa bahwa kesehatan adalah aset paling berharga dalam hidup kita. Jadi mari kita tetap menjaga pola hidup sehat dengan mengonsumsi makanan bergizi seperti tteokbokki yang enak dan sehat.","1722096345438359908","","","in","Jakarta","0","0","0","https://twitter.com/KhoirunisaVidya/status/1722096345438359908","1501862657951170560","KhoirunisaVidya"
"1722090763822227840","Wed Nov 08 03:16:47 +0000 2023","1","Keterampilan sosial yang baik akan membantu anak untuk berinteraksi dan membangun hubungan yang sehat. Ayah dan Bunda bisa mulai mengajarkan anaktentang berbagi kerja sama mendengarkan mengkuti aturan mengelola emosi menghargai batasan serta bertata krama #Cendekia8 https://t.co/Sf96PozBrG","1722090763822227840","https://pbs.twimg.com/media/F-YYaNnakAAk3Wc.jpg","","in","Pinang, Kota Tangerang","0","1","0","https://twitter.com/CendekiaDelapan/status/1722090763822227840","1204249398382710786","CendekiaDelapan"
"1722085435139301504","Wed Nov 08 02:55:37 +0000 2023","0","Info Penting bagi Pemilik Kartu Indonesia Sehat atau KIS Bisa Dapat Bantuan Sosial Ini Cara Daftarnya Simak! https://t.co/EgJpoUYE1Z","1722085435139301504","","","in","Jakarta Capital Region","0","0","0","https://twitter.com/nesiatimescom/status/1722085435139301504","1289770727655141382","nesiatimescom"
"1722073313542127706","Wed Nov 08 02:07:27 +0000 2023","7","Sabaarrr hemat energievbiar sehat om meritokrasi =tatanan sosial yang berbasis prestasi dan kerja keras lagi di obrak abrik sistem arogansi kekuasaan dan karbitanisasi demi kekuasaan dan mengeruk kekayaan mulaik instrument negara dimainkan mirip 1966 1967 ngerihh","1722073313542127706","","","in","","0","2","1","https://twitter.com/Jhon47088223421/status/1722073313542127706","1638636027484200961","Jhon47088223421"
"1721869740241801269","Tue Nov 07 12:38:31 +0000 2023","0","Masuki Penghujung Tahun Kalapas Luncurkan Jum at Bersahabat (Bersih Sehat dan Bakti Sosial) https://t.co/zPh2JtzYBq","1721869740241801269","https://pbs.twimg.com/media/F-VPYikaIAA7_-x.jpg","","in","Cianjur, Jawa Barat","0","1","0","https://twitter.com/lapas_cianjur/status/1721869740241801269","1532888647518887938","lapas_cianjur"
"1721869500528939037","Tue Nov 07 12:37:34 +0000 2023","0","Jum at Bersahabat (Bersih Sehat dan Bakti Sosial) Petugas Lapas Cianjur Selenggarakan Senam Bersama https://t.co/FjaoeRl23e","1721869500528939037","https://pbs.twimg.com/media/F-VPLWWbgAALh6N.jpg","","in","Cianjur, Jawa Barat","0","1","0","https://twitter.com/lapas_cianjur/status/1721869500528939037","1532888647518887938","lapas_cianjur"
"1721859460552118768","Tue Nov 07 11:57:40 +0000 2023","0","Tau ga sih kalau Dana Jaminan Sosial yang sehat bisa menjadi alasan kuat untuk layanan bagi peserta BPJS jadi semakin hebat. Dan sejauh ini pengelolaan DJS Kesehatan telah mencapai titik optimal. https://t.co/qaX5HHmmIC","1721859460552118768","https://pbs.twimg.com/media/F-VGDbgbIAAamx3.jpg","","in","Bekasi, Jawa Barat","0","0","0","https://twitter.com/luckyjulee/status/1721859460552118768","1528652423778033664","luckyjulee"
"1721857542215864577","Tue Nov 07 11:50:03 +0000 2023","0","Kondisi dana jaminan sosial (DJS) yang sehat layanan bagi peserta bpjs jadi semakin hebat MasyaAllah tentunya sangat membantu kesehatan masyarakat luas https://t.co/luoewF7RtQ","1721857542215864577","https://pbs.twimg.com/media/F-VETyEasAApaCd.jpg","","in","","0","0","0","https://twitter.com/emollientj/status/1721857542215864577","906140407129448448","emollientj"
"1721853944228626870","Tue Nov 07 11:35:45 +0000 2023","0","Dana jaminan sosial sehat layanan bagi peserta bpjs jadi semakin hebat keren sih bisa bantu sesama nih untuk kesehatan mereka lebih baik https://t.co/Xk1nV0z62w","1721853944228626870","https://pbs.twimg.com/media/F-VBCLva0AAu3he.jpg","","in","","0","0","0","https://twitter.com/asahilovelyy/status/1721853944228626870","1470805516339200002","asahilovelyy"
"1721851298042216625","Tue Nov 07 11:25:14 +0000 2023","2","Saya setuju sekali kalau dana jaminan sosial sehat dalam artian lancar maka layanan bagi peserta BPJS Kesehatan pun akan semakin meningkat semakin hebat Makanya jangan sampai telat bayar iuran bulanannya ya Exor... Apalagi iuran kita kan bisa bantu pasien lainnya tuh... https://t.co/KUPgvFxAGE","1721851298042216625","https://pbs.twimg.com/media/F-U-oV1boAAAO6f.jpg","","in","Pagelaran, Indonesia","1","1","1","https://twitter.com/T2h_Okti/status/1721851298042216625","605306840","T2h_Okti"
"1721843321566609879","Tue Nov 07 10:53:32 +0000 2023","1","kondisi keuangan sosial yang sehat menjadi alasan kuat BPJS melakukan upaya transformasi mutu layanan. wih mantap nih layanan semakin bagus DJS telah mencapai titik optimal https://t.co/TYlO17AGiS","1721843321566609879","https://pbs.twimg.com/media/F-U3XXka8AAZuuG.jpg","","in","","0","0","0","https://twitter.com/Kiranadeira/status/1721843321566609879","1370006330413518852","Kiranadeira"
"1721842976870248939","Tue Nov 07 10:52:10 +0000 2023","33","Meluruskan informasi HOAX yang beredarnya di Sosial Media hari ini tentang kabar wafatnya KH. Syukron Makmun Jakarta. Kabar tersebut adalah HOAX dan alhamdulillah beliau dalam kedaan sehat wal'afiat dan tak kekurangan satu apapun. https://t.co/GdNdri19Ja https://t.co/4uHGhGZirP","1721842976870248939","https://pbs.twimg.com/ext_tw_video_thumb/1721842910566760448/pu/img/8OcB188riBM7nZEo.jpg","","in","","0","0","19","https://twitter.com/QianzyZ/status/1721842976870248939","1450037307826860039","QianzyZ"
"1721828987775922657","Tue Nov 07 09:56:35 +0000 2023","0","Info menarik lagi nih seputar BPJS. Dana jaminan sosial sehat menjadi layanan pun semakin hebat. Berbagai inovasi layanan juga dihadirkan yang bisa dimanfaatkan peserta dalam mengakses layanan kesehatan. Siapa yang makin senang pakai BPJS? Yuk boleh diintip info selengkapnya nih. https://t.co/2txKMUp5Rg","1721828987775922657","https://pbs.twimg.com/media/F-UqVt4a8AAAxQ-.jpg","","in","Majalengka, Indonesia","0","0","0","https://twitter.com/IduDaisuki/status/1721828987775922657","1700129396974407681","IduDaisuki"
"1721827322582696283","Tue Nov 07 09:49:58 +0000 2023","0","Sangat bagus banget lho ini dana jaminan sosial sehat layanan bagi peserta BPJS kesehatan makin hebat lho karena telah sangat optimal https://t.co/ijzaJVvkrI","1721827322582696283","https://pbs.twimg.com/media/F-Uo0rxbwAApFr2.jpg","","in","Makassar, Indonesia","0","0","0","https://twitter.com/DimasWija551/status/1721827322582696283","1436468743509446657","DimasWija551"
"1721821765520048294","Tue Nov 07 09:27:53 +0000 2023","2","Kalau ada info yang beginian pasti pada senang kan. Iya dong apalagi dengan Dana Jaminan Sosial yang sehat dapat membuat mutu layanan bagi peserta BPJS makin lebih baik pula. Yuk kita doakan DJS selalu optimal biar transformasi mutu layanan juga berjalan dengan lancar. https://t.co/Orx18IDSCh","1721821765520048294","https://pbs.twimg.com/media/F-UjxSMaQAAxcJn.jpg","","in","Indonesia","0","1","0","https://twitter.com/sitirogayah96/status/1721821765520048294","2789457770","sitirogayah96"
"1721807259460866173","Tue Nov 07 08:30:14 +0000 2023","4","Ibu Sri Mulyani Menteri Keuangan RI Kondisi keuangan yang sehat memberikan peran penting terhadap kondisi perekonomian di Indonesia termasuk sektor kesehatan. Kondisi Dana Jaminan Sosial yang sehat menjadi alasan kuat BPJS Kesehatan melakukan upaya transformasi mutu layanan https://t.co/nGycfeScSP","1721807259460866173","https://pbs.twimg.com/media/F-UWknJaoAApGgD.jpg","","in","","0","0","2","https://twitter.com/meiliawury/status/1721807259460866173","1245377703097667584","meiliawury"
"1721803120064483408","Tue Nov 07 08:13:48 +0000 2023","0","Semoga dgn optimalnya pengelolaan Dana Jaminan Sosial Sehat Layanan Bagi Peserta BPJS Kesehatan Jadi Semakin Hebat Dan bisa trcipta transformasi mutu layanan yg semakin maksimal https://t.co/XcMTMuxPhO","1721803120064483408","https://pbs.twimg.com/media/F-US0AIbkAAvBUJ.jpg","","in","Jakarta Pusat","0","0","0","https://twitter.com/mude_mudrikah/status/1721803120064483408","250608609","mude_mudrikah"
"1721799352790979059","Tue Nov 07 07:58:49 +0000 2023","0","Pengelolaan yg baik akan Dana Jaminan Sosial Sehat membuat Layanan Bagi Peserta BPJS Kesehatan Jadi Semakin Hebat Semoga BPJS Kesehatan bisa terus melayani masyarakat dgn optimal https://t.co/LrUDn1LK5x","1721799352790979059","https://pbs.twimg.com/media/F-UPYuWasAA4uF4.jpg","","in","","0","0","0","https://twitter.com/holla_arini/status/1721799352790979059","1011263728229072896","holla_arini"
"1721798474050764863","Tue Nov 07 07:55:20 +0000 2023","0","Dana jaminan sosial sehat layanan bagi peserta BPJS nih semakin hebat dan kuat untuk membantu sesama https://t.co/ALOR7DPqPz","1721798474050764863","https://pbs.twimg.com/media/F-UOlcKbIAA09G5.jpg","","in","Jakarta Selatan, DKI Jakarta","0","0","0","https://twitter.com/syafaaum/status/1721798474050764863","1615091802","syafaaum"
"1721798016804507655","Tue Nov 07 07:53:31 +0000 2023","0","Info penting !! Dana jaminan sosial sehat layanan bagi peserta bpjs jadi semakin hebat nih bakalan terus melakukan transformasi layanan dengan optimal https://t.co/43qc2QDV5k","1721798016804507655","https://pbs.twimg.com/media/F-UOK7DbsAA171v.jpg","","in","","0","0","0","https://twitter.com/umysysu/status/1721798016804507655","898416949293572097","umysysu"
"1721797603967533364","Tue Nov 07 07:51:52 +0000 2023","0","Dr upaya transformasi dan penguatan layanan dr bpjs kesehatan @BPJSKesehatanRI nih guys menciptakan dana jaminan sosial sehat semakin hebat hal ini membuktikan bahwa komitmen bpjs kesehatan utk selalu menyediakan pelayanan prima bagi masyarakat indonesia benar2 terjaga mantab! https://t.co/owAg7FzU6q","1721797603967533364","https://pbs.twimg.com/media/F-UNy6OaIAAQRaY.jpg","","in","SUB, CGK, MLG","0","1","0","https://twitter.com/HidayatHHP/status/1721797603967533364","1096798834842263552","HidayatHHP"
"1721793660533309502","Tue Nov 07 07:36:12 +0000 2023","0","Jelas banget sih kalau kualitas pelayanan BPJS kesehatan berawal dari dana jaminan sosial sehat. Keren nih BPJS kesehatan klo bisa mengoptimalkan pengelolaan DJS ini https://t.co/Nd6yaI9YBi","1721793660533309502","https://pbs.twimg.com/media/F-UKNENbEAAbtDX.jpg","","in","","0","0","0","https://twitter.com/Yoenaz3/status/1721793660533309502","1377366043748753409","Yoenaz3"
"1721792981513179313","Tue Nov 07 07:33:30 +0000 2023","0","Kalau dana jaminan sosial sehat jelas semua akan berjalan dengan maksimal dong ya. Kan kalau sehat mutu pelayanan bagi peserta BPJS bisa terus ditingkatkan https://t.co/E7rHDyFBpy","1721792981513179313","https://pbs.twimg.com/media/F-UJljLaEAA5_yQ.jpg","","in","","0","0","0","https://twitter.com/junia_padma/status/1721792981513179313","1429628734852583425","junia_padma"
"1721790554382750104","Tue Nov 07 07:23:52 +0000 2023","299","- Mata pencaharian nirglamor namun upah mencukupi - Tiada perselisihan dengan warga kantor - Keluarga sehat walafiat - Selera hiburan jenis terjangkau semua - Kegunaan media sosial semata-mata guna konten makanan dan margasatwa https://t.co/9FaBsmV7Y7","1721790554382750104","https://pbs.twimg.com/media/F-UHYhhaUAA60HN.jpg","","in","Bukit Belakang Sekolah","12","4","121","https://twitter.com/DoraemonHariIni/status/1721790554382750104","2711976571","DoraemonHariIni"
"1721789128755597624","Tue Nov 07 07:18:12 +0000 2023","0","Pentingnya dana jaminan sosial sehat karena akan berdampak pada pelayanan peserta BPJS Kesehatan supaya memberikan pelayanan terbaik dan semakin hebat. https://t.co/nNKh5cRrKV","1721789128755597624","https://pbs.twimg.com/media/F-UGFRSbUAAyo70.jpg","","in","Jakarta, Indonesia","0","0","0","https://twitter.com/yunisaras15/status/1721789128755597624","528323382","yunisaras15"
"1721786971197215142","Tue Nov 07 07:09:37 +0000 2023","2","Ternyata kalau Dana Jaminan Sosial (DJS) itu sehat pas akan berdampak juga bagi peserta BPJS loh guys. Dengan gitu mutu layanan juga akan semakin lebih baik lagi. Semoga kondisi begini terus ada dan sehat ya. Biar layanan BPJS juga semakin hebat. https://t.co/2vu7fcPNGS","1721786971197215142","https://pbs.twimg.com/media/F-UEIBJaIAA8D1X.jpg","","in","Indonesia","0","0","0","https://twitter.com/Susansiti96/status/1721786971197215142","531880087","Susansiti96"
"1721761049127551028","Tue Nov 07 05:26:37 +0000 2023","1","Semakin terus diperbaiki dan bertransformasi menjadi lebih baik. Keren banget dana jaminan sosial yang sehat nih. Layanan pun semakin bisa ditingkatkan utk masyarakat dan peserta pun rasakan banyak manfaat. https://t.co/YcbSQurMxl","1721761049127551028","https://pbs.twimg.com/media/F-TsjISb0AArBvx.jpg","","in","Indonesia","0","0","0","https://twitter.com/Ririnwandes/status/1721761049127551028","77965995","Ririnwandes"
"1721735418667008046","Tue Nov 07 03:44:46 +0000 2023","0","Banyak upaya dilakukan agar transformasi mutu layanan selalu baik salah satunya dengan Dana Jaminan Sosial Sehat Layanan Bagi Peserta BPJS Kesehatan Jadi Semakin Hebat dan optimal pula https://t.co/YYCg6AQkQa","1721735418667008046","https://pbs.twimg.com/media/F-TVPSWbsAAwnEt.jpg","","in","","0","0","0","https://twitter.com/disiniadamel/status/1721735418667008046","1440690579298402314","disiniadamel"
"1721732485124636971","Tue Nov 07 03:33:07 +0000 2023","0","Wah mantap nih BPJS terus berupaya lakukan transformasi mutu layanan dan saat ini pengelolaan DJS Kesehatan sudah mencapai titik optimal . Keren deh Dana Jaminan Sosial yang sehat layanan bagi peserta BPJS juga jadi semakin hebat https://t.co/BwnGp8HaSW","1721732485124636971","https://pbs.twimg.com/media/F-TSj0KacAAGaeC.jpg","","in","","0","0","0","https://twitter.com/renndam/status/1721732485124636971","765570095275913216","renndam"
"1721732202336256103","Tue Nov 07 03:31:59 +0000 2023","0","Gak bisa dipungkiri ya kondisi Dana Jaminan Sosial (DJS) yg sehat sudah pasti menjadi alasan kuat BPJS Kesehatan melakukan upaya transformasi mutu layanan. Alhamdulillah saat ini pengelolaan DJS Kesehatan telah mencapai titik optimal. Yg brrt layanan kesehatan makin berkwalitas https://t.co/HphKJgueBK","1721732202336256103","https://pbs.twimg.com/media/F-TSTtcbQAAd9Uk.jpg","","in","","0","0","0","https://twitter.com/lllllllita/status/1721732202336256103","203116795","lllllllita"
"1721730858372182076","Tue Nov 07 03:26:39 +0000 2023","0","Dana jaminan sosial sehat layanan bagi peserta BPJS jadi semakin hebat. Jadi ga usah khawatir dana kesehatan yang kamu idamkan sudah pasti terjamin. https://t.co/TloZIrTO3R","1721730858372182076","https://pbs.twimg.com/media/F-TRFiwbEAAwwKw.jpg","","in","Indonesia","0","0","0","https://twitter.com/trevegliese/status/1721730858372182076","718611767136419841","trevegliese"
"1721463582947418323","Mon Nov 06 09:44:36 +0000 2023","0","5 Tips Membangun Hubungan Sosial yang Lebih Dalam dan Sehat https://t.co/cv5C6dUCDC","1721463582947418323","","","in","","0","0","1","https://twitter.com/IDNTimesLife/status/1721463582947418323","1616334886759174144","IDNTimesLife"
"1721445541819896261","Mon Nov 06 08:32:54 +0000 2023","12","Assalamu'alaikum dan selamat siang sehat jiwa raga sudah waktunya Kedaulatan atas penjelmaan tertinggi itu utuh dalam Keadilan Sosial Bagi seluruh Rakyat Indonesia. Bagi yg tidak next.. #Kembalikeuud1945 #Pancasila #Silakelima https://t.co/84EHaO3XiX","1721445541819896261","https://pbs.twimg.com/ext_tw_video_thumb/1721445385762394112/pu/img/xUDM1yoNelrPLq04.jpg","","in","SIRI'NA PESSE","0","1","7","https://twitter.com/patualanggaAsse/status/1721445541819896261","710763230445113344","patualanggaAsse"
"1721434166037004347","Mon Nov 06 07:47:42 +0000 2023","0","konstruksi film ini disusun oleh banyak isu. dari etika bermedia sosial mental health sampai keberdayaan lansia. ibarat makanan tuh porsi lengkap suku suku separuh 4 sehat 5 sempurna tau g","1721434166037004347","","","in","","0","0","0","https://twitter.com/ikankoisekilo/status/1721434166037004347","3159377640","ikankoisekilo"
"1721426731981254893","Mon Nov 06 07:18:10 +0000 2023","0","Selalu terhubung dengan Persada Hospital melalui berbagai platform media sosial kami! Jangan lewatkan informasi kesehatan terkini tips hidup sehat dan layanan kesehatan terbaru dengan mengikuti akun media sosial resmi Persada Hospital! https://t.co/engxl6YI0f","1721426731981254893","https://pbs.twimg.com/media/F-O8eBlbsAAZva2.jpg","","in","Kota Malang, Jawa Timur","0","1","0","https://twitter.com/infopersada/status/1721426731981254893","716106654467514368","infopersada"
"1721373120836374922","Mon Nov 06 03:45:08 +0000 2023","0","Sosial dan masyarakat sekitar turut berpartisipasi dalam kegiatan gotong royong membersihkan timbunan sampah di lingkungan Prona III. Semoga dengan kerja sama ini lingkungan kita bisa tetap bersih dan sehat! ","1721373120836374922","","","in","Tarakan","0","0","0","https://twitter.com/GunawanFarr/status/1721373120836374922","1678598517563228161","GunawanFarr"
"1721143291180462345","Sun Nov 05 12:31:52 +0000 2023","1","Senang kak @sarah_elyda aktif lgi di media sosial. Selamat hari minggu Kak. Sehat selalu ","1721143291180462345","","","in","","0","1","2","https://twitter.com/tjapoenglaut/status/1721143291180462345","1232172352806379520","tjapoenglaut"
"1721107389464932557","Sun Nov 05 10:09:12 +0000 2023","0","Dulu pas kls 11 sering bgt gini wkwk sakit tp dh sembuh tp ttp g berangkat satu atau dua hari. Bnr² capek ga sehat lingkungan sosial di sklh ku tuh. Pdhl dh niat kls 12 g gitu lgi tp yh ternyata sikonnya sm aja.","1721107389464932557","","","in","Isekai","0","0","0","https://twitter.com/Lalastarup/status/1721107389464932557","1521991828353945600","Lalastarup"
"1720419811837296691","Fri Nov 03 12:37:01 +0000 2023","2","Salam Sehat #TemanPemilih Kamis (03/11/23) Anggota KPU Kota Jakarta Timur Fahrur Rohman bersama Kasubag Rendatin Triantoro A Kurniawan menggelar Sosialisasi DPTb dan DPK di Panti Sosial Bina Laras Harapan Sentosa (PSBL) Cipayung turut hadir https://t.co/jNWoy9uiCR","1720419811837296691","https://pbs.twimg.com/media/F-AoqejbgAAI0lY.jpg","","in","Jakarta Timur","0","1","0","https://twitter.com/Kpujakartatimur/status/1720419811837296691","2555154228","Kpujakartatimur"
"1720416253381345790","Fri Nov 03 12:22:53 +0000 2023","10","Pemerintah Kota Depok melaporkan 5 kasus cacar monyet (monkeypox) dalam sebulan. Untuk saat ini belum ada penanganan khusus dan pemberlakukan pembatasan sosial. Jaga kesehatan dan terapkan pola hidup sehat ya teman teman. Berita lengkapnya ada disini https://t.co/1qFy433JFo https://t.co/GKKJYt8YRh","1720416253381345790","https://pbs.twimg.com/media/F-AlctkakAAuZ71.jpg","","in","","0","0","1","https://twitter.com/idn_app/status/1720416253381345790","1499609241883406338","idn_app"
"1720300275284742603","Fri Nov 03 04:42:01 +0000 2023","1","#ASRI Alami Sehat dan Praktis 5 Cara Atasi Stres akibat Terpapar Berita Konflik di Media Sosial https://t.co/ManqiplPyy","1720300275284742603","","","in","WR. Mongonsidi No.4B Padang","0","0","0","https://twitter.com/radioboosfm/status/1720300275284742603","345185939","radioboosfm"
"1720266548600791265","Fri Nov 03 02:28:00 +0000 2023","0","New Post: Mobil Sehat PT Timah Sudah Menjangkau 32 Desa https://t.co/vEsEIDIuXq #mobilsehta #pttimah #sosial","1720266548600791265","","","in","Sungai Liat, Indonesia","0","0","0","https://twitter.com/intrikdotid/status/1720266548600791265","1382918965366714371","intrikdotid"
"1720260782355792357","Fri Nov 03 02:05:06 +0000 2023","0"," Kamu kok gitu-gitu aja? Nggak berkembang. Seberapa kenal sih kamu denganku? Seberapa sering sih kita ngobrol? Seberapa intim sih kamu tahu hal hal yang aku lakukan? Kamu cuma lihat sekilas di media sosial kan?! Aku pastikan kamu sehat kamu bahagia aku doa selalu untukmu https://t.co/SigwVbf6zV","1720260782355792357","https://pbs.twimg.com/media/F9-YD74bQAAgtKG.jpg","","in","The Spirit Of Java","1","0","0","https://twitter.com/nandanovitanz/status/1720260782355792357","376740464","nandanovitanz"
"1719916233271955629","Thu Nov 02 03:15:59 +0000 2023","12","LOL Pak @ojkindonesia @OmbudsmanRI137 lihatlah praktek2 penagihan DC Pinjol Legal sdh hilang akal sehat dan tdk ada norma sosial. Akan dibiarkan terus cara spt ini ? @kangagun @KangFathanNow @YLKI_ID @bank_indonesia","1719916233271955629","","","in","Jakarta Raya","0","1","9","https://twitter.com/x4indonesiaraya/status/1719916233271955629","2338465585","x4indonesiaraya"
"1719914218533888134","Thu Nov 02 03:07:58 +0000 2023","18","Dulur Makmur Baznas Kabupaten Sukoharjo melakukan Penyerahan Bantuan Sosial Program Sukoharjo Peduli Sukoharjo Cerdas Sukoharjo Makmur dan Sukoharjo Sehat bertempat di Lobi Kantor Bupati Sukoharjo Kamis (02/11/2023). Hadir dan menyerahkan bantuan secara simbolis Bupati https://t.co/kC63EqJUJM","1719914218533888134","https://pbs.twimg.com/media/F95c3ECbsAANYmW.jpg","","in","Jl. Jend Sudirman 199Sukoharjo","0","1","0","https://twitter.com/sukoharjo_kab/status/1719914218533888134","3410236934","sukoharjo_kab"
"1719897059883614570","Thu Nov 02 01:59:47 +0000 2023","6","Halo Sobat Perumnas Tanggung Jawab Sosial &amp; Lingkungan Perumnas @infoperumnas kembali merealisasikan programnya di proyek Perumnas Lampung @perumnassamesta.bkp untuk menciptakan lingkungan yang sehat kali ini dilakukan dengan penyerahan motor sampah kepada warga. https://t.co/YaxEZgnI8t","1719897059883614570","https://pbs.twimg.com/media/F95NQfOakAAsooF.jpg","","in","Jakarta","0","2","0","https://twitter.com/infoperumnas/status/1719897059883614570","808672063","infoperumnas"
"1719630035727118780","Wed Nov 01 08:18:44 +0000 2023","8","my mom is truly living her best life menjadi full-time ibu rumah tangga punya kegiatan sosial untuk memakmurkan masjid jalan sehat dengan geng-nya tiap selasa tetap bisa lomba tilawah jujur malu kalo gue morat-marit tuh beliau jadwalnya sama padetnya soalnya. https://t.co/DsfNrSTyGt","1719630035727118780","https://pbs.twimg.com/media/F91aZk9bMAAe-Yh.jpg","","in","","0","0","0","https://twitter.com/reinassown/status/1719630035727118780","3252313584","reinassown"
