"conversation_id_str","created_at","favorite_count","full_text","id_str","image_url","in_reply_to_screen_name","lang","location","quote_count","reply_count","retweet_count","tweet_url","user_id_str","username"
"1553361010529931264","Sat Jul 30 12:44:59 +0000 2022","0","Mental health; Kesejahteraan emosional psikologis sosial + spiritual. Pikiran dan hati harus sehat. Pikiran sinkron dgn hati. Otak dan hati harus terkoneksi. Ibarat yg satu rajanya satu perdana mentri nya harus ada koneksi/ketergantungan.","1553361010529931264","","","in","","0","1","0","https://twitter.com/cistevaa/status/1553361010529931264","1540324869593653249","cistevaa"
"1553324479308132353","Sat Jul 30 10:19:49 +0000 2022","3","[Rubrik Sehat Mental: Volume 3] Halo warga IKSI Sering enggak sih kita menemukan di media sosial kalau jalan-jalan ke suatu tempat disebut dengan healing ? Apa iya self-healing itu harus jalan-jalan ke suatu tempat? https://t.co/wq5KtpK1RC","1553324479308132353","https://pbs.twimg.com/media/FY6EU7mUsAA9Zem.jpg","","in","Depok, Indonesia","0","1","2","https://twitter.com/IKSIUI/status/1553324479308132353","332062114","IKSIUI"
"1553314360587460608","Sat Jul 30 09:39:37 +0000 2022","0","Apa sosial media masih sehat ketika anakku dewasa nanti ? Dimana2 war masalah sepele isu sara pornografi dll","1553314360587460608","","","in","Kediri, Jawa Timur","0","0","0","https://twitter.com/amelliarsk_/status/1553314360587460608","2793229590","amelliarsk_"
"1553027566444888066","Fri Jul 29 14:40:00 +0000 2022","0","Oleh sebab itu orang tua dan generasi muda sekarang harus siap dalam memberikan bekal sekaligus menjadi contoh cara pemanfaatan internet dan media sosial yang sehat. #mediaindonesia #referensibangsa Sumber: https://t.co/nrbfdk1DeS","1553027566444888066","","","in","Jakarta - Indonesia","0","0","0","https://twitter.com/mediaindonesia/status/1553027566444888066","68930552","mediaindonesia"
"1552871981929734144","Fri Jul 29 04:21:46 +0000 2022","0","Gak sehat ah transaparan dwong biar gada kecemburuan sosial","1552871981929734144","","","in","Bandung, Indonesia","0","0","0","https://twitter.com/paucipau/status/1552871981929734144","1123772424292569089","paucipau"
"1552856379517710341","Fri Jul 29 03:19:46 +0000 2022","0","[COMING SOON BAKTI SOSIAL 2022] Hallo AGROINDUSTRIALIS! Gimana nih kabarnya? semoga selalu dalam keadaan sehat yaaa. Tau engga sih? Bakti Sosial HIMATITAN akan segera hadir nihh Apakah sobat semua sudah siap untuk saling berbagi kebahagiaan dengan mereka? https://t.co/I4kHdjg8IN","1552856379517710341","https://pbs.twimg.com/media/FYzapDeaAAAUGFO.jpg","","in","Malang, Jawa Timur","0","1","0","https://twitter.com/ub_himatitan/status/1552856379517710341","508399031","ub_himatitan"
"1552663542771646464","Thu Jul 28 14:33:30 +0000 2022","24","https://t.co/vbd69L56lB bapak gubernur Jateng @ganjarpranowo gerak cepat setelah menerima laporan dari medsos terkait penyekapan 54 WNI di Kamboja gunanya medsos ketika ada nyawa yg terancam dan butuh pertolongan . bermedia sosial lah yg baik dan sehat !! #GANTARI 🇮🇩","1552663542771646464","https://pbs.twimg.com/ext_tw_video_thumb/1552658473665511426/pu/img/u-l8IQ6Bgzt-G40B.jpg","","in","Central Java, Indonesia","0","0","9","https://twitter.com/SuharlanSuharl1/status/1552663542771646464","1455803658713513986","SuharlanSuharl1"
"1552574771145351169","Thu Jul 28 08:40:45 +0000 2022","0","Hari ini Kantor Imigrasi Kelas I TPI Tanjungpinang melakukan Bakti Sosial Donor Darah dalam rangka memperingati Hari Dharma Karya Dhika ke 77 tahun 2022 . Raga sehat Aksi kemanusiaan penuh manfaat . @ditjen_imigrasi @kepri_kumham @imisquad_indonesia . #kumhampasti https://t.co/L0fBtnInGN","1552574771145351169","https://pbs.twimg.com/ext_tw_video_thumb/1552574685577367552/pu/img/sJVlCrPt6LnKPH65.jpg","","in","Tanjung Pinang City, Indonesia","0","0","0","https://twitter.com/kanim_tjpinang/status/1552574771145351169","975561461132017665","kanim_tjpinang"
"1552533660980871168","Thu Jul 28 05:57:24 +0000 2022","0","Emang ya sehat mental di aku tu paling mahal dan berat. Asal serumah sama suami sibuk di kerjaan dan ga diganggu ortu/mertua aku tuh baik2 aja. Walopun finansial pas2an dan tuntutan sosial tinggi tapi masih bisa dikondisikan sendiri. Dari w kecil emang stresor mah ortu. https://t.co/rzHq0BZMFb","1552533660980871168","https://pbs.twimg.com/tweet_video_thumb/FYu1IYMaIAEXZEV.jpg","","in","Indonesia","0","0","0","https://twitter.com/shinyeahghost/status/1552533660980871168","64677499","shinyeahghost"
"1552518729795538944","Thu Jul 28 04:58:04 +0000 2022","87","Gubernur @ganjarpranowo telah menyalurkan bantuan sosial (bansos) stimulan berupa 35.000 jamban kepada seluruh warga di Jateng. Salah satu tujuan pemberian bansos jambatan tersebut adalah untuk mengubah pola hidup masyarakat Jateng menjadi lebih sehat. https://t.co/5lNPKGWROK https://t.co/gHZfNhGGU0","1552518729795538944","https://pbs.twimg.com/media/FYunjl0akAAVDHs.jpg","","in","DKI Jakarta, Indonesia","1","3","33","https://twitter.com/__RismaWidiono_/status/1552518729795538944","940486643546386432","__RismaWidiono_"
"1552515675133861888","Thu Jul 28 04:45:55 +0000 2022","0","Sobat sehat dapat mengetahui informasi seputar Covid-19 di media sosial instagram salah satunya pada tautan berikut https://t.co/zOZA8CbjeY","1552515675133861888","","","in","Surakarta, Jawa Tengah","0","0","0","https://twitter.com/RSJD_Surakarta/status/1552515675133861888","2714194369","RSJD_Surakarta"
"1552502951905660928","Thu Jul 28 03:55:22 +0000 2022","0","Lowongan Kerja Asta Cosmetics (Eka Surya Plaza) 1. Admin 2. Desainer Grafis 3. Admin Sosial Media Kualifikasi : Pria/Wanita Usia maksimal 27 tahun Pendidikan minimal SMA/SMK Sederajat Mampu bekerjasama dengan tim Sehat jasmani &amp; rohani Selengkapnya di: https://t.co/ITa2rW1EWV","1552502951905660928","","","in","","0","0","0","https://twitter.com/karirpurwokerto/status/1552502951905660928","1237416418338992130","karirpurwokerto"
"1552196096562446336","Wed Jul 27 07:36:02 +0000 2022","0","Baru-baru ini media sosial ramai membahas anak kecil memakai behel tahukah kamu dari mulai usia berapa anak-anak boleh pakai behel?? #obatsakitgigi #gumafixa #fixaherba #gigi #gusi #sehat #gigisehat #fyp #kawatgigi #behel https://t.co/cteW0YskNM","1552196096562446336","https://pbs.twimg.com/ext_tw_video_thumb/1552196036940431360/pu/img/UEhJtRR5X2hNvyFm.jpg","","in","Jakarta Pusat","0","0","0","https://twitter.com/fixaherba/status/1552196096562446336","1404063221196066821","fixaherba"
"1552156816905187329","Wed Jul 27 04:59:57 +0000 2022","1","Serka Sahrir Babinsa desa Baturappe Koramil 1409-07/TB melaksanakan kegiatan pemantauan wilayah dan komunikasi sosial (Komsos) di rumah Muh sehat Gassing Dusun Bontosuro Desa Baturappe Kec Biringbulu Kab Gowa . https://t.co/pVPt6VrKpz","1552156816905187329","https://pbs.twimg.com/media/FYpeY5AUcAIUcLP.jpg","","in","Gowa, Sulawesi Selatan","0","0","1","https://twitter.com/KODIM_1409/status/1552156816905187329","1262745164897869825","KODIM_1409"
"1552097909713571840","Wed Jul 27 01:05:52 +0000 2022","0","nuansa banget pagi pagi di jalan jurang liat tukang cakwe anteng sambil ngopi dan ngerokok terus baca koran meskipin maraknya sosial media yang ada tetap koran yang dibaca sehat sehat mang!","1552097909713571840","","","in","","0","0","0","https://twitter.com/adhiiinata/status/1552097909713571840","1247216611737518080","adhiiinata"
"1551929233106247680","Tue Jul 26 13:55:37 +0000 2022","0","Dear jeon jungkook Hai apa kabar? Sudah cukup lama aku tak bercerita dengan mu aku sangat merindukan mu kau sudah lama tidak muncul di sosial media apa kau baik baik saja? Apa kau sibuk dengan pekerjaan mu sekarang? Semoga kau selalu sehat ya disana","1551929233106247680","","","in","","0","1","0","https://twitter.com/jung_kooki0197/status/1551929233106247680","1450686626129080325","jung_kooki0197"
"1551903095923572736","Tue Jul 26 12:11:45 +0000 2022","0","Jadilah Insan Lansia yang Sehat dan Bahagia Salah satu masa yang akan dihadapi manusia di dunia adalah usia tua. Secara umum kondisi seseorang memburuk secara bertahap seiring bertambahnya usia dengan penurunan fungsi fisik mental dan sosial. Memiliki tubuh yang fit untuk","1551903095923572736","","","in","","0","1","0","https://twitter.com/tutulisaan/status/1551903095923572736","1325838617160245253","tutulisaan"
"1551880811179573248","Tue Jul 26 10:43:12 +0000 2022","4","Punten *[𝐂𝐀𝐋𝐋 𝐅𝐎𝐑 𝐏𝐀𝐑𝐓𝐈𝐂𝐈𝐏𝐀𝐍𝐓𝐒]* Salam sehat! Mohon bantuannya untuk menjadi partisipan pada penelitian saya mengenai keluarga dukungan sosial dan kesehatan mental pada penyintas COVID-19. Bagi yg sesuai kriteria mohon waktunya ya https://t.co/aat6K4hrp7","1551880811179573248","https://pbs.twimg.com/media/FYljX3yVsAESv0O.jpg","","in","Institut Pertanian Bogor","0","1","0","https://twitter.com/ipb_menfess/status/1551880811179573248","1275797744955715586","ipb_menfess"
"1551864820663992321","Tue Jul 26 09:39:40 +0000 2022","2","Halo Sahabat Si Nuba! Dalam rangka Hari Dharma Karya Dhika ke-77 Tahun 2022 Kantor Imigrasi Nunukan melaksanakan Bakti Sosial Kumham Peduli Desa Terpencil. Semoga kegiatan ini dapat bermanfaat dan memberikan keberkahan bagi masyarakat Stay Safe &amp; Sehat Selalu Sahabat Si Nuba! https://t.co/0Vv0hr4fCf","1551864820663992321","https://pbs.twimg.com/media/FYlUzr9aIAAXm49.jpg","","in","Indonesia","0","1","0","https://twitter.com/Imigrasinunukan/status/1551864820663992321","970847597513420800","Imigrasinunukan"
"1551864166004060160","Tue Jul 26 09:37:04 +0000 2022","1","Ganjar Milenial Center Kalimantan Tengah bersama ratusan milenial dan masyarakat Kabupaten Kotawaringin Barat menggelar deklarasi dukungan kepada ayah ganjar pranowo menjadi presiden setelelah itu dilanjutkan dengan senam sehat serta kegiatan bakti sosial dengan memborong UMKM https://t.co/ClDOz9V9Vh","1551864166004060160","https://pbs.twimg.com/media/FYlT7DmVQAAAzpV.jpg","","in","Kalimantan Tengah","0","0","0","https://twitter.com/gmc_kalteng/status/1551864166004060160","1514700383364419630","gmc_kalteng"
"1551841032278790144","Tue Jul 26 08:05:08 +0000 2022","0","SO FUNNY! Lagaknya ngatur semuanya padahal gak perlu diatur. Yang HARUS DIBASMI malah dibiarkan. Yang GAK PERLU malah dibinasakan. Situ sehat? Fenomena sosial seperti cfw tuh bukan apa2 bukan hal PENTING sampai petinggi harus turun tangan. Yang perkara berat gak digubris.","1551841032278790144","","","in","","0","0","0","https://twitter.com/raintopiasong/status/1551841032278790144","703535105059344389","raintopiasong"
"1551802745560399872","Tue Jul 26 05:33:00 +0000 2022","0","berikan sangsi hukum yg memberi efek jera kontrol sosial yg ketat pendidikan budi pekerti &amp; etika pergaulan yg sehat &amp; bermartabat #stopbullying #hentikanperundungan","1551802745560399872","","","in","Indonesia","0","0","0","https://twitter.com/handokosavio/status/1551802745560399872","359285232","handokosavio"
"1551790309943967744","Tue Jul 26 04:43:35 +0000 2022","0","Warga Binaan Sosial Lansia Potensi maupun total care PSBI Bangun Daya 2 mengikuti kegiatan senam fisik peregangan otot dan juga berjemur agar para warga binaan dapat selalu aktif dan semangat untuk selalu hidup sehat. @DinsosDKI1 https://t.co/rrpPK0N8Di","1551790309943967744","https://pbs.twimg.com/media/FYkRCvFakAAzNlC.jpg","","in","Jl. Bina Marga No.48, Cipayung","0","0","0","https://twitter.com/psbibangundaya2/status/1551790309943967744","2800166454","psbibangundaya2"
"1551756693062553601","Tue Jul 26 02:30:00 +0000 2022","1","Tips bermedia sosial yang sehat. https://t.co/TZ9oUTaP1X","1551756693062553601","","","in","Jakarta","0","0","0","https://twitter.com/LadiestoryID/status/1551756693062553601","1032497276785057792","LadiestoryID"
"1551611635399139328","Mon Jul 25 16:53:36 +0000 2022","5","Perempuan dlm adat; prnh kuperdebatkan secara teoritis dan praktis dgn seorang pemuka adat dan aktivis gerakan sosial. Krn prnh bercokol di pikiranku spt komentarw di video ini. Tp pertama hormat sekali dgn Bu Velma. Sehat-sehat Bu. https://t.co/dDiCDTRD8n","1551611635399139328","","","in","Neverland","0","2","1","https://twitter.com/lnddwrhy/status/1551611635399139328","825598435","lnddwrhy"
"1551541639688032257","Mon Jul 25 12:15:27 +0000 2022","25","Anak berhak memperoleh Jaminan atas perlindungan Untuk tumbuh dan berkembang Secara sehat dan wajar baik jasmani dan Rohani maupun Sosial dan Intelektual nya https://t.co/hS7AjUUnFr","1551541639688032257","https://pbs.twimg.com/media/FYguLGYVEAA27xg.jpg","","in","","0","0","7","https://twitter.com/Nien1708/status/1551541639688032257","1433294367486136322","Nien1708"
"1551503775528914944","Mon Jul 25 09:45:00 +0000 2022","0","Anak berhak memperoleh jaminan atas perlindungan untuk tumbuh dan berkembang secara sehat dan wajar baik dalam hal jasmani dan rohani maupun sosial dan intelektualnya. https://t.co/VRoW5aQbt5","1551503775528914944","","","in","Jakarta","0","0","2","https://twitter.com/HukumOnline/status/1551503775528914944","125297822","HukumOnline"
"1551412358933008385","Mon Jul 25 03:41:44 +0000 2022","1","Hak anak untuk memperoleh jaminan atas perlindungan untuk tumbuh dan berkembang secara sehat dan wajar baik dalam hal jasmani dan rohani maupun sosial dan intelektualnya. https://t.co/WDyxduy35d","1551412358933008385","https://pbs.twimg.com/media/FYe5UVzaIAEytIw.jpg","","in","ÜT: 0.0,0.0","0","0","0","https://twitter.com/diiddaaa/status/1551412358933008385","589293879","diiddaaa"
"1551391035586412544","Mon Jul 25 02:17:00 +0000 2022","1","Giat Kasi. Kesejahteraan Sosial Kelurahan Gumuruh (Rohyadi Wahyudin https://t.co/IEYyy1BpVY) mengikuti Zoom meeting Webinar Kelas Ibu Ibu Hamil Sehat untuk Generasi Hebat pada hari Senin 25 Juli 2022. https://t.co/onIp0FkhZy","1551391035586412544","https://pbs.twimg.com/media/FYelxNXagAAHqu3.jpg","","in","Jl. Saturnus No.8, Bandung","0","0","0","https://twitter.com/kel_gumuruh/status/1551391035586412544","1910488021","kel_gumuruh"
"1551155680278482944","Sun Jul 24 10:41:47 +0000 2022","0","Sulit dicerna akal sehat .......Keadilan sosial bagi seluruh rakyat Indonesia....?","1551155680278482944","","","in","Bandar Lampung, ","0","0","0","https://twitter.com/moeluk/status/1551155680278482944","2862900217","moeluk"
"1550868785409970176","Sat Jul 23 15:41:46 +0000 2022","0","Ampun kesupen.... Aksi Sosial Donor Darah di Balai Desa Bae Jl. Kudus Colo Km 05 Bae Krajan Bae Kudus Kita SEHAT Mereka SELAMAT https://t.co/b9mdWqHR1n","1550868785409970176","https://pbs.twimg.com/media/FYXK8A6agAAHr5y.jpg","","in","Kudus Indonesia","0","0","0","https://twitter.com/mushollarapi/status/1550868785409970176","216580518","mushollarapi"
"1550694662675070976","Sat Jul 23 04:09:52 +0000 2022","0","#News: Sering Adakan Bakti Sosial Kesehatan Ketua PKS Kelurahan Tapos Madroni: PKS Peduli Keluarga Sehat https://t.co/0zvDH08iNP | Depok News","1550694662675070976","","","in","Depok, Jawa Barat","0","0","0","https://twitter.com/depokinfo_/status/1550694662675070976","1571906628","depokinfo_"
"1550521815193178112","Fri Jul 22 16:43:02 +0000 2022","3","gue mikirnya biar si lula kena sanksi sosial wkwk jdi milan ini emng nyengajain biar luna sehat sanksi sosial ga maen maen cui","1550521815193178112","","","in","","0","0","0","https://twitter.com/wassupjeongie/status/1550521815193178112","1308193946850394115","wassupjeongie"
"1550396573548482560","Fri Jul 22 08:25:22 +0000 2022","0"," Sektor 2 Madinah tetap komitmen dalam giat Saleh Sosial Jumat Berkah. Sukses Haji 2022. Mabrur sehat berkah🇮🇩. Aamiin Kasektor 2 Madinah HM Affan Rangkuti Madinah Jumat (22/07/2022) https://t.co/cCLsmkVBhM","1550396573548482560","https://pbs.twimg.com/media/FYQddMhWAAI5zpP.jpg","","in","Bogor, Jawa Barat","0","0","0","https://twitter.com/affan_hm/status/1550396573548482560","1409675476193275904","affan_hm"
"1550273546508996608","Fri Jul 22 00:16:30 +0000 2022","1","Hidup di era sosial media harus punya filter pikiran dan persepsi yang kuat. Karena realitas di sosial media dan di kenyataan tak selalu sama. Jaga pikiranmu agar tetap waras dan sehat.","1550273546508996608","","","in","","0","0","0","https://twitter.com/Madasena87/status/1550273546508996608","1412005705322668034","Madasena87"
"1550125016905183239","Thu Jul 21 14:26:18 +0000 2022","1","Kehidupan aktifis memang tidak sehat ngopi - rokok - begadang sampe pagi - jam tidur kurang - overload pikiran. Namun adakalanya kesehatan memang tidak sepenting konteks sosial dan keilmuan. Mungkin jalan yang ditempuh untuk lebih fokus disalah satu fase memang sudah tepat","1550125016905183239","","","in","Blitar, Jawa Timur","0","0","0","https://twitter.com/agusefendi996/status/1550125016905183239","1544036073499529218","agusefendi996"
"1550029829931540481","Thu Jul 21 08:08:04 +0000 2022","0","Cara Mengecek Akun Twitter Sehat atau Tidak dan Cara Pencegahannya!: Cara mengecek akun Twitter sehat atau tidak perlu dibahas sebagai salah satu informasi penting di kalangan pengguna media sosial. Umumnya Cara https://t.co/diJTtq9gQW #MediaSosial #Technology #API","1550029829931540481","","","in","Lhokseumawe","0","0","0","https://twitter.com/DewaBizMedia/status/1550029829931540481","285704899","DewaBizMedia"
"1549941471989886977","Thu Jul 21 02:16:58 +0000 2022","1","Warga Binaan Sosial Lansia Potensi maupun total care PSBI Bangun Daya 2 mengikuti kegiatan senam fisik peregangan otot dan juga berjemur agar para warga binaan dapat selalu aktif dan semangat untuk selalu hidup sehat. @DinsosDKI1 https://t.co/KI6DwssiRt","1549941471989886977","https://pbs.twimg.com/media/FYJ_jJVagAA_OWS.jpg","","in","Jl. Bina Marga No.48, Cipayung","0","0","0","https://twitter.com/psbibangundaya2/status/1549941471989886977","2800166454","psbibangundaya2"
"1549901986728153088","Wed Jul 20 23:40:04 +0000 2022","0","Bakal kelihatan ignorant sih kalau mengabaikan fakta2 kesehatan tapi kalau disebarkan melalui sosial media dg dalih harus ini itu biar gak penyakitan malah bikin parno. Aku lebih baik dikasih info hidup sehat aja harus gmn tanpa ditakut2in bakal penyakitan ini itu","1549901986728153088","","","in","","0","1","0","https://twitter.com/elektronik_poy/status/1549901986728153088","2398538300","elektronik_poy"
"1549893233593188352","Wed Jul 20 23:05:17 +0000 2022","0","Belanja Bantuan Sosial Barang yang Direncanakan kepada Keluarga ( Septic tank sehat dan Jamban Sehat... (21/Jul) trend - Snoop Dogg #tender #lelang https://t.co/SocE4LSuSf","1549893233593188352","","","in","","0","0","0","https://twitter.com/lutfimove/status/1549893233593188352","165715566","lutfimove"
"1549704508754006017","Wed Jul 20 10:35:21 +0000 2022","1","IG WhatsApp Twitter google &amp; lainnya informasi mau di blokir pemerintahan apa betul berani blokir ? Hubungan antar pemerintah pusat &amp; daerah hubungan antar lembaga &amp; hubungan dgn masyarakat mau pakai apa coba ? Yg punya usul blokir media sosial mung wong ora duwe nalar sehat","1549704508754006017","","","in","","0","1","0","https://twitter.com/Mbahhardiman/status/1549704508754006017","1474943932958068736","Mbahhardiman"
"1549599089293082624","Wed Jul 20 03:36:27 +0000 2022","5","OPTIMIS BUMN hrs jadi Korporasi yg sehat berdaya saing lokal &amp; dunia serta tdk koruptif ucap mas mentrih @erickthohir Dulu sumber daya alam (SDA) dimanfaatkan neg lain &amp; pertumbuhan ekonomi utk neg lain Kini nilai ekonomi &amp; sosial SDA harus untuk Indonesia #BangkitBersamaET https://t.co/stNKnf5Riw","1549599089293082624","https://pbs.twimg.com/ext_tw_video_thumb/1549598929272307715/pu/img/f9WnXbZ2rDPgsqx-.jpg","","in","","0","0","3","https://twitter.com/Ramay4na/status/1549599089293082624","1526738394386075648","Ramay4na"
"1549597555087945728","Wed Jul 20 03:30:21 +0000 2022","0","[bb] kalian mending bb ideal &amp; sehat sesuai bmi apa underweight tapi sesuai sama standar sosial? no salty pls huhu tp underweightnya bukan yang di bawah banget 1-3kg dari bmi sehat","1549597555087945728","","","in","RULES & PARTNERSHIP:","0","3","0","https://twitter.com/ohmybeautybank/status/1549597555087945728","994801274091687936","ohmybeautybank"
"1549594509746483200","Wed Jul 20 03:18:15 +0000 2022","1","Warga Binaan Sosial Lansia Potensi maupun total care PSBI Bangun Daya 2 mengikuti kegiatan senam fisik peregangan otot dan juga berjemur agar para warga binaan dapat selalu aktif dan semangat untuk selalu hidup sehat. @DinsosDKI1 https://t.co/7xDPsJKY0K","1549594509746483200","https://pbs.twimg.com/media/FYFD-s3acAA5rSd.jpg","","in","Jl. Bina Marga No.48, Cipayung","0","0","0","https://twitter.com/psbibangundaya2/status/1549594509746483200","2800166454","psbibangundaya2"
"1549589919902814208","Wed Jul 20 03:00:01 +0000 2022","8","Sudah sejak lama sumber daya alam kita dimanfaatkan untuk pertumbuhan ekonomi negara lain. Untuk menghentikannya Erick Thohir mengembalikan BUMN sebagai koroporasi yang sehat di mana di situ ada nilai ekonomi dan nilai sosial bagi Negara &amp; Bangsa Indonesia. #BangkitBersamaET https://t.co/mG0Rso54Te","1549589919902814208","https://pbs.twimg.com/ext_tw_video_thumb/1549553309132144640/pu/img/ll2_0YUuvyzhQKvR.jpg","","in","Jawa Barat, Indonesia","0","1","5","https://twitter.com/YRadianto/status/1549589919902814208","2542665199","YRadianto"
"1549573911502675968","Wed Jul 20 01:56:24 +0000 2022","1","Satukan tekad dan marwah untuk #KebaikandanKebenaran hanya semata-mata karena Allah SWT InsyahAllah tidak ada yg tdk mungkin agar Keadilan Sosial Bagi Seluruh Rakyat Indonesia dalam Persatuan Indonesia dgn sila ke empat menuju KeTuhanan Yang Maha Esa. Sehat selalu kawan","1549573911502675968","","","in","Indonesia","0","0","1","https://twitter.com/Runtimerror98/status/1549573911502675968","1468139451708690433","Runtimerror98"
"1549560571011354624","Wed Jul 20 01:03:24 +0000 2022","1","Butuh duit buat bayar uang semesteran nyari gw lah tiap weekend party di Kemang. Sehat? Emang gw yayasan dana sosial?","1549560571011354624","","","in","Nice, France","0","1","0","https://twitter.com/julle___/status/1549560571011354624","221618959","julle___"
"1549297139221614592","Tue Jul 19 07:36:37 +0000 2022","3","Mudah bagi kita mengenali kesehatan fisik kita namun apakah mudah juga kita mengenali kesehatan mental kita? Sehat bukan hanya sehat fisik namun juga sehat jiwa serta sehat sosial dan spiritual. Mari kenali tanda-tanda mental kita sehat berdasarkan kriteria sehat mental WHO! https://t.co/pZRXNeseY1","1549297139221614592","https://pbs.twimg.com/media/FYA1iU1UYAA4Lzb.jpg","","in","Klaten, Jawa Tengah, Indonesia","0","1","1","https://twitter.com/RSJSoedjarwadi/status/1549297139221614592","2218748484","RSJSoedjarwadi"
"1549280983668891649","Tue Jul 19 06:32:25 +0000 2022","12","Menteri BUMN @erickthohir menginginkan spy BUMN hrs kembali ke khitahnya menjadi koporasi perusahaan yg sehat &amp; bisa bersaing tdk hny di Indonesia tp jg didunia. Meletakkan 5 fondasi BUMN utk memetakan nilai ekonomi sosial utk Indonesia &amp; membangun expertise. #BangkitBersamaET https://t.co/RfL8Vgf5gB","1549280983668891649","https://pbs.twimg.com/ext_tw_video_thumb/1549280799652196353/pu/img/_n5S4axP413JhFCl.jpg","","in","","1","0","8","https://twitter.com/CassandraRKA/status/1549280983668891649","1243076846515662848","CassandraRKA"
"1549259708942323713","Tue Jul 19 05:07:53 +0000 2022","0","Warga Binaan Sosial Lansia Potensi maupun total care PSBI Bangun Daya 2 mengikuti kegiatan senam fisik peregangan otot dan juga berjemur agar para warga binaan dapat selalu aktif dan semangat untuk selalu hidup sehat. @DinsosDKI1 https://t.co/k9VbiJj9DB","1549259708942323713","https://pbs.twimg.com/media/FYATeFRaMAATc5P.jpg","","in","Jl. Bina Marga No.48, Cipayung","0","0","0","https://twitter.com/psbibangundaya2/status/1549259708942323713","2800166454","psbibangundaya2"
"1549216150336466944","Tue Jul 19 02:14:47 +0000 2022","0","Haloo #SobatTJSL ! Tanggung Jawab Sosial dan Lingkungan melalui program Perumnas Sehat mengusung kegiatan Posyandu Berdaya di Karawang. Program Posyandu Berdaya ini diinisiasi oleh TJSL Perumnas sejak tahun 2018 dan sampai saat ini masih aktif dalam pendampingan Perumnas. https://t.co/pwPFV1TqNw","1549216150336466944","https://pbs.twimg.com/media/FX_rkxhagAE6lby.jpg","","in","Jakarta","0","0","0","https://twitter.com/infoperumnas/status/1549216150336466944","808672063","infoperumnas"
"1548993883610447873","Mon Jul 18 11:31:35 +0000 2022","2","Hidup di era sosial media harus punya filter pikiran dan persepsi yang kuat. Karena realitas di sosial media dan di kenyataan tak selalu sama. Jaga pikiranmu agar tetap waras dan sehat.","1548993883610447873","","","in","dunia akhir zaman","0","0","0","https://twitter.com/priana_royan/status/1548993883610447873","1511362490177048577","priana_royan"
"1548943537223659520","Mon Jul 18 08:11:31 +0000 2022","1","Days 241. Hidup di era sosial media harus punya filter pikiran dan persepsi yang kuat. Karena realitas di sosial media dan di kenyataan tak selalu sama. Jaga pikiranmu agar tetap waras dan sehat.","1548943537223659520","","","in","??","0","0","0","https://twitter.com/unblockinimei/status/1548943537223659520","4496687114","unblockinimei"
"1548936680882614273","Mon Jul 18 07:44:17 +0000 2022","6","Salam Sehat #TemanPemilih Senin (18/07/22) KPU Kota Jakarta Timur menerima audiensi dan wawancara dari Fakultas Ilmu Sosial dan Ilmu Politik Universitas Nasional. Rombongan di terima oleh ketua KPU Kota Jakarta Timur Wage Wardana dan Anggota KPU Kota Jakarta Timur https://t.co/YCqmwnQdxC","1548936680882614273","https://pbs.twimg.com/media/FX7tqMzUEAEI2bm.jpg","","in","Jakarta Timur","0","1","0","https://twitter.com/Kpujakartatimur/status/1548936680882614273","2555154228","Kpujakartatimur"
"1548791545272250368","Sun Jul 17 22:07:34 +0000 2022","0","Hidup di era sosial media harus punya filter pikiran dan persepsi yang kuat. Karena realitas di sosial media dan di kenyataan tak selalu sama. Jaga pikiranmu agar tetap waras dan sehat.","1548791545272250368","","","in","","0","0","0","https://twitter.com/MerlandaDendy/status/1548791545272250368","1163102152115417088","MerlandaDendy"
"1548690750753640449","Sun Jul 17 15:27:02 +0000 2022","0","Pesan hari ini Hidup di era sosial media harus punya filter pikiran dan persepsi yang kuat. Karena realitas di sosial media dan di kenyataan tak selalu sama. Jaga pikiranmu agar tetap waras dan sehat...","1548690750753640449","","","in"," Surabaya,malang,Jawa Timur","0","0","0","https://twitter.com/SirupMa15561141/status/1548690750753640449","1532258909393629184","SirupMa15561141"
"1548688733750169600","Sun Jul 17 15:19:02 +0000 2022","4048","Hidup di era sosial media harus punya filter pikiran dan persepsi yang kuat. Karena realitas di sosial media dan di kenyataan tak selalu sama. Jaga pikiranmu agar tetap waras dan sehat. __Psikologi Sufi","1548688733750169600","","","in","Jakarta","27","21","941","https://twitter.com/RaeWellmina/status/1548688733750169600","1147166982","RaeWellmina"
"1548339274184941571","Sat Jul 16 16:10:24 +0000 2022","6","07/16 Dalam rangka Bulan Mutu (BMK) Karantina Ikan Stasin KIPM mMmuju mengadakan peduli sosial dengan dukungan CSR UPI CV. Sakura Prima berupa santunan paket ikan sehat bermutu kepada panti asuhan #KKPGOID #KKPAccelerate #MenteriKKP @darwis_skipmlb @bkipm_kkp https://t.co/VWC13o1Hu0","1548339274184941571","https://pbs.twimg.com/media/FXzOVKUUcAMXgK_.jpg","","in","Mamuju, Indonesia","0","0","5","https://twitter.com/BKIPMMamuju/status/1548339274184941571","715410818200784896","BKIPMMamuju"
"1548285748058943489","Sat Jul 16 12:37:42 +0000 2022","0","Sehat selalu manusia yg tidak peduli pada diriku ini yang kehadirannya ada bukan karena peduli tp cuma basa basi sosial saja.","1548285748058943489","","","in","","0","0","0","https://twitter.com/sweetestcan/status/1548285748058943489","1307713526790672384","sweetestcan"
"1548230962240032769","Sat Jul 16 09:00:00 +0000 2022","5","Bisa jadi orang lain sedang berusaha menerapkan gaya hidup lebih sehat. Cuma mereka tidak merasa perlu laporan ke kamu atau siapa pun di media sosial. Lagipula fatshaming tidak akan otomatis bikin orang kurus. Jadi lebih baik berhenti. https://t.co/wqs210AK9R","1548230962240032769","","","in","Jakarta","0","0","2","https://twitter.com/magdaleneid/status/1548230962240032769","1521159020","magdaleneid"
"1548148177320431616","Sat Jul 16 03:31:03 +0000 2022","1","Dalam rangka mewujudkan lingkungan yang bersih dan sehat di wilayah binaan Aiptu Aziz Mansur yang merupakan Bhabinkamtibmas kelurahan Gunung Panjang Kecamatan Samarinda Seberang melaksanakan kegiatan bakti sosial dengan membersihkan lingkungan. https://t.co/N6sLLxfK9o","1548148177320431616","https://pbs.twimg.com/media/FXwgjAEacAAGqgB.jpg","","in","Samarinda","0","0","0","https://twitter.com/Polresta_SMD/status/1548148177320431616","1303144388","Polresta_SMD"
"1548116085366730752","Sat Jul 16 01:23:32 +0000 2022","6","[H-H BAKTI SOSIAL HAN 2022] . Halo semuanyaa! Apa kabar? Semoga dalam keadaan sehat ya . Dalam rangka memperingati Hari Anak Nasional 2022 kami selaku panitia HAN 2022 mengadakan rangkaian acara kami yang kedua yaitu BAKTI SOSIAL dengan tema Senyum Generasi Emas: Jalan https://t.co/3cVZA9iXKW","1548116085366730752","https://pbs.twimg.com/media/FXwDX0JaAAAIbSE.jpg","","in","FK UNUD","0","2","0","https://twitter.com/kmpkia/status/1548116085366730752","1116610411","kmpkia"
"1548094826088136705","Fri Jul 15 23:59:03 +0000 2022","6","[H-1 BAKTI SOSIAL HAN 2022] . Halo semuanyaa! Apa kabar? Semoga dalam keadaan sehat ya . Dalam rangka memperingati Hari Anak Nasional 2022 kami selaku panitia HAN 2022 mengadakan rangkaian acara kami yang kedua yaitu BAKTI SOSIAL dengan tema Senyum Generasi Emas: Jalan https://t.co/iqNpjTFtOQ","1548094826088136705","https://pbs.twimg.com/media/FXvwCP7aUAAIlEM.jpg","","in","FK UNUD","0","2","0","https://twitter.com/kmpkia/status/1548094826088136705","1116610411","kmpkia"
"1548075709498740737","Fri Jul 15 22:43:05 +0000 2022","0","Membangun Lingkungan Komunikasi yang Sehat dan Bermanfaat di Media Sosial Menurut Perspektif Islam https://t.co/SHm949xso1 #TempoIndonesiana","1548075709498740737","","","in","Jakarta","0","0","1","https://twitter.com/indonesiana/status/1548075709498740737","250555040","indonesiana"
"1547790955490594818","Fri Jul 15 03:51:35 +0000 2022","2","Selamat kepada Rektor IMJ bang @andivox sebagai peraih People and Inspiration Award 2022 kategori Sosial Budaya dan Olahraga dari @Beritasatu Award semoga selalu sehat tetap amanah dan konsisten dalam memperjuangkan musisi jalanan Indonesia https://t.co/vwEgCd2lja","1547790955490594818","https://pbs.twimg.com/media/FXrbqo6UYAAbihk.jpg","","in","Depok - Jawa Barat, Indonesia","0","0","1","https://twitter.com/IMJ_ID/status/1547790955490594818","413124076","IMJ_ID"
"1547775676157026305","Fri Jul 15 02:50:52 +0000 2022","0","Cara mudah utk dpt bantuan cukup menista ulama terutama HRS &amp; umat bereaksi dgn hukuman sosial nanti dibela &amp; dibantu olh para akal kurang sehat krn diperkusi olh umat.","1547775676157026305","","","in","Jakarta","0","0","0","https://twitter.com/latief1163/status/1547775676157026305","2397120654","latief1163"
"1547599939148034050","Thu Jul 14 15:12:33 +0000 2022","1","*NUN MEDIA* Manusia sebagai makhluk sosial harus bergaul dan membangun persahabatan dengan sesamanya. Lantas bagaimana persahabatan yang sehat menurut islam? *Kumparan Dahsyat Aura* Persahabatan Oleh: KH. Abdullah Mufid https://t.co/0S9o7EAsWm","1547599939148034050","","","in","","0","0","0","https://twitter.com/nunmedia_id/status/1547599939148034050","1379276597149134850","nunmedia_id"
"1547553396194181120","Thu Jul 14 12:07:36 +0000 2022","1","Salam Sehat #TemanPemilih Kamis (14/07/22) KPU Kota Jakarta Timur menggelar acara Validasi Aplikasi Data Pemilih Lindungi Hakmu dan Sosialisasi Pemilu Serentak 2024 di Panti Sosial Bina Netra (PSBN) Cahaya Batin Cawang. https://t.co/ESWPZSeZxw","1547553396194181120","https://pbs.twimg.com/media/FXoDjq4aAAUlXTR.jpg","","in","Jakarta Timur","0","1","0","https://twitter.com/Kpujakartatimur/status/1547553396194181120","2555154228","Kpujakartatimur"
"1547476356380135424","Thu Jul 14 07:01:28 +0000 2022","0","Warga Binaan Sosial Lansia Potensi maupun total care PSBI Bangun Daya 2 mengikuti kegiatan senam fisik peregangan otot dan juga berjemur agar para warga binaan dapat selalu aktif dan semangat untuk selalu hidup sehat. @DinsosDKI1 https://t.co/PBIqGSCpIO","1547476356380135424","https://pbs.twimg.com/media/FXm9hcwaUAEDXXj.jpg","","in","Jl. Bina Marga No.48, Cipayung","0","0","0","https://twitter.com/psbibangundaya2/status/1547476356380135424","2800166454","psbibangundaya2"
"1547141435811512321","Wed Jul 13 08:50:37 +0000 2022","7","Salam Sehat #TemanPemilih Rabu (13/07/22) KPU Kota Jakarta Timur menggelar sosialisasi pemilu 2024 dan validasi pemutakhiran data pemilih di Panti Sosial Bina Laras Harapan Sentosa 2 Cipayung. Acara dibuka oleh Ketua KPU Kota Jakarta Timur Wage Wardana dan Kepala Panti Sahrul https://t.co/mKJbK4KuqW","1547141435811512321","https://pbs.twimg.com/media/FXiM4VSUUAAkV9z.jpg","","in","Jakarta Timur","0","2","0","https://twitter.com/Kpujakartatimur/status/1547141435811512321","2555154228","Kpujakartatimur"
"1547136873751285760","Wed Jul 13 08:32:29 +0000 2022","6","[H-3 BAKTI SOSIAL HAN 2022] . Halo semuanyaa! Apa kabar? Semoga dalam keadaan sehat ya . Dalam rangka memperingati Hari Anak Nasional 2022 kami selaku panitia HAN 2022 mengadakan rangkaian acara kami yang kedua yaitu BAKTI SOSIAL dengan tema Senyum Generasi Emas: Jalan https://t.co/XJ10GkXNsR","1547136873751285760","https://pbs.twimg.com/media/FXiIyLaaAAE8scH.jpg","","in","FK UNUD","0","2","0","https://twitter.com/kmpkia/status/1547136873751285760","1116610411","kmpkia"
"1547128975457075200","Wed Jul 13 08:01:06 +0000 2022","1","Pembekalan siswa baru dg mengenalkan Internet Sehat Cerdas Ber-Media Sosial oleh Drs. I Yusep Wahyudi M. Si Kepala Diskominfo Kab. Sragen di Aula SMKN 2 Sragen Rabu 13 Juli 2022 Ber-medsos dg cerdas dan bijak.. Dan mjd generasi muda yg memajukan bangsa.. #InternetSehat https://t.co/oNuLxlGgth","1547128975457075200","https://pbs.twimg.com/media/FXiBlvuUIAARyqg.jpg","","in","Kabupaten Sragen","0","0","1","https://twitter.com/ppid_sragen/status/1547128975457075200","823711613538549760","ppid_sragen"
"1547093449798987776","Wed Jul 13 05:39:56 +0000 2022","0","Warga Binaan Sosial Lansia Potensi maupun total care PSBI Bangun Daya 2 mengikuti kegiatan senam fisik peregangan otot dan juga berjemur agar para warga binaan dapat selalu aktif dan semangat untuk selalu hidup sehat. @DinsosDKI1 https://t.co/OSO5zWo2XU","1547093449798987776","https://pbs.twimg.com/media/FXhhSVwacAAEA2M.jpg","","in","Jl. Bina Marga No.48, Cipayung","0","0","0","https://twitter.com/psbibangundaya2/status/1547093449798987776","2800166454","psbibangundaya2"
"1546891443574190080","Tue Jul 12 16:17:14 +0000 2022","0","Tapi secara scope sosial kalo nakes nyalahin orang makan mie ya jatohnya gapunya empati si ya. Mau jajan mahal. Mau hangout mahal. Skincare mahal. Tanggungan kuota internet juga. Orang mah pada tau Mie ga sehat tapi kalo gabisa jajan enak gimana lagi?","1546891443574190080","","","in","spoilers","0","0","0","https://twitter.com/FANAT1KER/status/1546891443574190080","1442140852667576324","FANAT1KER"
"1546864668248928257","Tue Jul 12 14:30:50 +0000 2022","6","Salam Sehat #TemanPemilih KPU Kota Jakarta Timur menggelar acara validasi dan uji petik data pemilih aplikasi lindungi hakmu dan sosialisasi pemilu serentak 2024 pada hari Rabu 13 Juli 2022 di Panti Sosial Bina Laras Harapan Sentosa 2 Cipayung Jam 10.00 WIB https://t.co/SWGhW5YHQr","1546864668248928257","https://pbs.twimg.com/media/FXeRMvIUcAEYpwV.jpg","","in","Jakarta Timur","0","1","0","https://twitter.com/Kpujakartatimur/status/1546864668248928257","2555154228","Kpujakartatimur"
"1546836027117301761","Tue Jul 12 12:37:02 +0000 2022","0","Lowongan Kerja Asta Cosmetics (Eka Surya Plaza) 1. Admin 2. Desainer Grafis 3. Admin Sosial Media Kualifikasi : Pria/Wanita Usia maksimal 27 th Pendidikan minimal SMA/SMK Sederajat Mampu bekerjasama dengan tim Sehat jasmani dan rohani Selengkapnya di: https://t.co/ITa2rWjOb3","1546836027117301761","","","in","","0","0","0","https://twitter.com/karirpurwokerto/status/1546836027117301761","1237416418338992130","karirpurwokerto"
"1546807857521512449","Tue Jul 12 10:45:06 +0000 2022","0","Kata mamah juga kalo mau cepet sembuh mah makan nya harus empat sehat lima keadilan sosial bagi seluruh rakyat indonesia :(","1546807857521512449","","","in","di dapur","0","2","0","https://twitter.com/manusia_lapur/status/1546807857521512449","2291439688","manusia_lapur"
"1546711048404754432","Tue Jul 12 04:20:25 +0000 2022","0","Indira Jusuf Ismail Apresiasi Senam Sehat dan Aksi Sosial Iwaperbanas https://t.co/xhlpmCsdSv","1546711048404754432","","","in","Kota Makassar","0","0","0","https://twitter.com/meratadotnet/status/1546711048404754432","1456476348990451715","meratadotnet"
"1546662110050275328","Tue Jul 12 01:05:57 +0000 2022","0","Bakti sosial tetapi halilintar semoga sehat amin https://t.co/r7OC9IOGxG","1546662110050275328","https://pbs.twimg.com/media/FXbY_daaQAAin0l.jpg","","in","","0","0","0","https://twitter.com/bung_kholiz/status/1546662110050275328","1545746867656757257","bung_kholiz"
"1546631959425589248","Mon Jul 11 23:06:08 +0000 2022","0","Lebih baik melakukan blok dll daripada terjerumus dg perasaan tidak enak dan tertekan bodo amat mau dikata childish yg penting sehat walafiat lepas dari hubungan baik teman atau sosial yg dpt merugikan diri sendiri","1546631959425589248","","","in","","0","0","0","https://twitter.com/Ceriastella777/status/1546631959425589248","1098008674629349377","Ceriastella777"
"1546449228322545665","Mon Jul 11 11:00:02 +0000 2022","20","Masturbasi adalah hal yang dilakukan bayi sejak dalam kandungan. Ini adalah bagian alamiah dan normal dari perkembangan seksual yang sehat. Namun perspektif sosial mengenai masturbasi masih sangat beragam bahkan ada beberapa stigma mengenainya. https://t.co/eA98Em7ZfS","1546449228322545665","","","in","Jakarta Capital Region","1","0","4","https://twitter.com/ConversationIDN/status/1546449228322545665","892211698030989312","ConversationIDN"
"1546283269440032768","Mon Jul 11 00:00:34 +0000 2022","0","11 Juli 2022 Barakallah fii umrik Kepala Dinas Sosial Bapak Drs. H. Endin Samsudin https://t.co/gXLRIecxKo Semoga panjang usia Sehat jiwa raga Tercapai segala cita-cita Semakin bijak dan welas asih Hidup penuh berkah serta selalu dalam Lindugan Allah SWT. Salam Makin Berani https://t.co/pqe0XGMec4","1546283269440032768","https://pbs.twimg.com/media/FXWAbWXaIAIIUWn.jpg","","in","","0","0","0","https://twitter.com/dinsos_bkskab/status/1546283269440032768","1420936360924307457","dinsos_bkskab"
"1546168577383976963","Sun Jul 10 16:24:49 +0000 2022","0","Me : pengen badan proporsional sehat fokus urus anak rumah selalu rapi dan bersih rajin membaca buku ikut organisasi sosial pandai memasak bisa cari duit sendiri Also me : begadang netflix-an","1546168577383976963","","","in","","0","0","0","https://twitter.com/Noraa179/status/1546168577383976963","1545527466726674432","Noraa179"
"1546162274414764032","Sun Jul 10 15:59:47 +0000 2022","0","Contoh orang sotoy: - WTP cuma kewajaran pembukuan akuntansi. Ga ada urusan sama kewajaran penggunaan dana. - pertamina ngga sehat wkwkwkwk lambemu ae iso dituku Ngeklaim di bionta influencer media sosial pula sedih sedih https://t.co/37t6PdGFe3","1546162274414764032","https://pbs.twimg.com/media/FXUSY-XaAAAlYG1.jpg","","in","","0","1","0","https://twitter.com/Yoshuaomg/status/1546162274414764032","1118607480961949696","Yoshuaomg"
"1546021718501703680","Sun Jul 10 06:41:16 +0000 2022","12","Frwd : Gugatan PT 20% makin memperkuat oligarki di Indonesia. Buka mata nalar akal sehat perkuat Qolbu hanya semata-mata karena Allah SWT. BHINNEKA TUNGGAL IKA dalam Keadilan Sosial Bagi Seluruh Rakyat Indonesia. Next... https://t.co/NhEIHnjK8b","1546021718501703680","","","in","SIRI'NA PESSE","1","4","6","https://twitter.com/patualanggaAsse/status/1546021718501703680","710763230445113344","patualanggaAsse"
"1545807108632760320","Sat Jul 09 16:28:29 +0000 2022","2","NGEBLOK adalah hak segala bangsa. MAKIN lemah akal maka makin kecil cinta-sosial maka makin KECIL JIWA maka makin butuh NGEBLOK demi MEMBESARKAN JIWA lewat mengecilkan semua orang. MAKIN sehat AKAL maka makin besar cinta-sosial maka makin BESAR JIWA maka makin tak butuh NGEBLOK.","1545807108632760320","","","in","SAMPIT, KalTeng, INDONESIA+62","0","0","0","https://twitter.com/Budi_2232/status/1545807108632760320","1203075185420599296","Budi_2232"
"1545766688268128256","Sat Jul 09 13:47:52 +0000 2022","1","Sehat Gunakan Media Sosial Saring Sebelum Sharing https://t.co/paX5khkQ2S","1545766688268128256","","","in","Jakarta","0","0","0","https://twitter.com/Beritasatu/status/1545766688268128256","154102750","Beritasatu"
"1545668626866647041","Sat Jul 09 07:18:12 +0000 2022","0","Lincah dan ceria kesan yang tampak dari sosok Rafa (5) penyandang disabilitas fisik asal Kota Semarang. Meski hanya terduduk di atas kursi roda adaptif yang diserahkan oleh Joko Widodo melalui Kementerian Sosial. Sehat-sehat ya Rafa #Kemensos #DisabilityPride #Indonesia https://t.co/PBmCeZNqEt","1545668626866647041","https://pbs.twimg.com/media/FXNRaS6aQAEl_nS.jpg","","in","indonesia","0","0","0","https://twitter.com/ganjarmilenials/status/1545668626866647041","1534740374391992320","ganjarmilenials"
"1545612618710130688","Sat Jul 09 03:35:39 +0000 2022","2","Keluarga besar Fakultas Ilmu Sosial dan Ilmu Politik UMY menyampaikan Selamat Hari Raya Idul Adha 1443 H semoga kita semua senantiasa berbahagia sejahtera dan selalu diberikan nikmat sehat https://t.co/pL8aPaVfjX","1545612618710130688","https://pbs.twimg.com/media/FXMefB7agAMKM55.jpg","","in","Bantul, Indonesia","0","0","0","https://twitter.com/fisipol_umy/status/1545612618710130688","1134378575434473472","fisipol_umy"
"1545581560044593152","Sat Jul 09 01:32:14 +0000 2022","1","Mulai gak sehat nih sosial media. Orang-orang di sosial media kenapa pada emosian ya. Yang diributin juga perkara gosip rumah tangga orang doang padahal. Kali2 ributin kenapa di Indonesia masih jarang gugatan class action mungkin biar diskursusnya hidup gitu loh.","1545581560044593152","","","in","","0","0","0","https://twitter.com/seniorposer/status/1545581560044593152","1116546860854808578","seniorposer"
"1545558195204067328","Fri Jul 08 23:59:23 +0000 2022","0","mo komplen bgt di rumah tuh amat sangat jauh bgt yg bisa pcr di sni bnykan antigen. Dan bokap trs trs an blg hrs yakin klo udh negatif krn stigma sosial di sni msh kenceng. Kek anjir gw yg ngerasa sehat jg jdi jiper lg tkut salah","1545558195204067328","","","in","mumbo jumbo in adult life","0","0","0","https://twitter.com/liveoncrumbs/status/1545558195204067328","1685486556","liveoncrumbs"
"1545426926625763328","Fri Jul 08 15:17:46 +0000 2022","70","Langsung rnb gaiss dia udah ga sehat dlm bermedia sosial https://t.co/qAtqbZUoT1","1545426926625763328","https://pbs.twimg.com/media/FXJ1mOTUYAYZLfI.jpg","","in","200402","4","8","5","https://twitter.com/nctzenbase/status/1545426926625763328","2503485216","nctzenbase"
"1545346677510651906","Fri Jul 08 09:58:53 +0000 2022","0","Jadi sehat itu bisa dikatakan adalah keadaan sejahtera fisik mental dan sosial bukan hanya bebas dari penyakit atau kelemahan (WHO). Terus sejahtera itu yang seperti apa?","1545346677510651906","","","in","Surabaya, Jawa Timur","0","0","0","https://twitter.com/surabaya_sehat/status/1545346677510651906","3056826150","surabaya_sehat"
"1545316767899291648","Fri Jul 08 08:00:02 +0000 2022","0","Kalau kamu merasa media sosial mulai toxic dan tidak sehat mari langsung stop saja karena mungkin kamu sudah kecanduan Ladies! https://t.co/tTNQ6DUkzx","1545316767899291648","","","in","Jakarta Pusat, DKI Jakarta","0","0","0","https://twitter.com/meramudaID/status/1545316767899291648","816204967967014912","meramudaID"
"1545235388788183040","Fri Jul 08 02:36:40 +0000 2022","0","Warga Binaan Sosial Lansia Potensi maupun total care PSBI Bangun Daya 2 mengikuti kegiatan senam fisik peregangan otot dan juga berjemur agar para warga binaan dapat selalu aktif dan semangat untuk selalu hidup sehat. @DinsosDKI1 https://t.co/bMQjbVWMcO","1545235388788183040","https://pbs.twimg.com/media/FXHHYGWaUAAvS7V.jpg","","in","Jl. Bina Marga No.48, Cipayung","0","0","0","https://twitter.com/psbibangundaya2/status/1545235388788183040","2800166454","psbibangundaya2"
"1545210683423305729","Fri Jul 08 00:58:30 +0000 2022","0","Bener udah ga sehat lingkungannya masa pelaku malah masih byk yg bela dan yg nentang dirusak kehidupan sosial dan ekonominya.","1545210683423305729","","","in","she/her","0","0","0","https://twitter.com/jinnymine/status/1545210683423305729","1335198363579342854","jinnymine"
"1544998895276773376","Thu Jul 07 10:56:55 +0000 2022","0","Di sisi lain ini adalah sebuah pembelajaran utk kita semua bahwa mendokumentasi seseorang yg sedang teraniaya itu hal yg sangat tdk sopan. Mgkn di negara kita msh tabu tapi di negara lain bisa kena denda atau sanksi sosial. Semoga pacarnya baik saja &amp; sehat sedia kala mbaknya.","1544998895276773376","","","in","Yogyakarta, Indonesia","0","0","0","https://twitter.com/yuanQimp/status/1544998895276773376","241823681","yuanQimp"
"1544956944175153154","Thu Jul 07 08:10:14 +0000 2022","139","Pak @jokowi masih aja bagi-bagi sendiri bantuan sosial blusukan sana-sini Bapak bukan lagi Kampanye kan Pak? Kampanye buat ituloh JPL3 Jadi Presiden Lagi dan Lagi Lagi. Semoga sehat selalu Pak #Hensat","1544956944175153154","","","in","Indonesia","2","33","19","https://twitter.com/satriohendri/status/1544956944175153154","102938290","satriohendri"
"1544886448016396288","Thu Jul 07 03:30:06 +0000 2022","3","Sosial media grup-grup kumpul-kumpul sangat berkontribusi thd Tidak sehat nya mental seorang ibu. Awal nya dari terpancing membanding-bandingkan anak overthinking dan akhirnya berakhir depresi. Ibu yang stres tdk sehat utk link anak ","1544886448016396288","","","in","Surakarta,Indonesia","0","0","1","https://twitter.com/dr_ardi/status/1544886448016396288","353517338","dr_ardi"
"1544863060426313728","Thu Jul 07 01:57:10 +0000 2022","0","Warga Binaan Sosial Lansia Potensi maupun total care PSBI Bangun Daya 2 mengikuti kegiatan senam fisik peregangan otot dan juga berjemur agar para warga binaan dapat selalu aktif dan semangat untuk selalu hidup sehat. @DinsosDKI1 https://t.co/9dSs52k56d","1544863060426313728","https://pbs.twimg.com/media/FXB0wUJaMAAfa-y.jpg","","in","Jl. Bina Marga No.48, Cipayung","0","0","0","https://twitter.com/psbibangundaya2/status/1544863060426313728","2800166454","psbibangundaya2"
"1544685672065568768","Wed Jul 06 14:12:17 +0000 2022","1","#Sahabtbahari Rabu 29 Juni 2022 bertempat di Kantor Stasiun KIPM Merauke Jl. Garuda Spadem telah diadakan kegiatan Peduli Sosial berupa Penyerahan Ikan Sehat Bermutu Kepada Masyarakat di Kabupaten Merauke dalam rangka pelaksanaan Bulan Mutu Karantina (BMK) Tahun 2022. https://t.co/PbcxtiOPx0","1544685672065568768","https://pbs.twimg.com/media/FW_TaAZaAAELJPY.jpg","","in","Southeast Moluccas, Indonesia","0","1","0","https://twitter.com/PSDKP_Tual/status/1544685672065568768","705616308834930691","PSDKP_Tual"
"1544258955953975298","Tue Jul 05 09:56:40 +0000 2022","2","LaGiBeTe yg tdk normal lebih terhormat krn bisa lantang teriak My body is my choice tanpa ancaman ini itu.Pdhal mereka biang penyebaran HIV PENYAKIT SOSIAL dll. Sedangkan masyarakat yg bersih sehat normal orientasi sexnya malah terpenjara oleh MANDATORY VAXX.. Manusia..","1544258955953975298","","","in","","0","1","0","https://twitter.com/mustikawiyati/status/1544258955953975298","1115761480576557056","mustikawiyati"
"1544213433985691648","Tue Jul 05 06:55:47 +0000 2022","0","Laga bulutangkis yang bertajuk Tepok Bulu 2022 Vindesport menarik banyak perhatian hingga viral di media sosial. Manfaat dari bermain badminton pun sangat banyak berikut sederet manfaat sehat dari bermain badminton https://t.co/loNofMExaX","1544213433985691648","","","in","Indonesia","0","0","0","https://twitter.com/gooddoctorid/status/1544213433985691648","1189840851075158017","gooddoctorid"
"1544197485085614081","Tue Jul 05 05:52:24 +0000 2022","1","Warga Binaan Sosial Lansia Potensi maupun total care PSBI Bangun Daya 2 mengikuti kegiatan senam fisik peregangan otot dan juga berjemur agar para warga binaan dapat selalu aktif dan semangat untuk selalu hidup sehat. @DinsosDKI1 https://t.co/GHJx5fGdk9","1544197485085614081","https://pbs.twimg.com/media/FW4XabEaIAAj-AZ.jpg","","in","Jl. Bina Marga No.48, Cipayung","0","0","0","https://twitter.com/psbibangundaya2/status/1544197485085614081","2800166454","psbibangundaya2"
"1544120996025602048","Tue Jul 05 00:48:28 +0000 2022","0","Punya Tunggakan Iuran? REHAB-in Aja https://t.co/ABpImZgfMh Pak RT Fasno: Program JKN Itu Andalan Kami! https://t.co/GIKe69Powk Tetap sehat dan semangat! dan Terus dukung upaya edukasi publik dengan follow like comment dan share setiap konten media sosial BPJS Kesehatan","1544120996025602048","","","in","","0","0","0","https://twitter.com/mpuspertiwi/status/1544120996025602048","188245982","mpuspertiwi"
"1543779992370552834","Mon Jul 04 02:13:26 +0000 2022","10","Suharno berobat pakai Kartu Indonesia Sehat negara hadir Donasi Suharno sampai 412 juta . Kepedulian sosial warga hadir . Proses pencairan ? SETAN DAN IBLIS HADIR!!!! ","1543779992370552834","","","in","Swarnadwipa - Jawadwipa","1","3","7","https://twitter.com/maaanmancik/status/1543779992370552834","1177163072059756544","maaanmancik"
