"conversation_id_str","created_at","favorite_count","full_text","id_str","image_url","in_reply_to_screen_name","lang","location","quote_count","reply_count","retweet_count","tweet_url","user_id_str","username"
"1365590799480627201","Sat Feb 27 09:13:12 +0000 2021","1158","Media sosial memang luar biasa. Garam Pink Himalaya sebenarnya tidak ada bedanya dengan garam biasa. Tetapi harganya bisa 20x lipat. Bahkan sampai th 2020 konsumsi garam ini bernilai 200 triliun Rp Instagram berhasil mengubahnya menjadi komoditi yg dianggap lebih enak dan sehat https://t.co/CElIofDMev","1365590799480627201","https://pbs.twimg.com/media/EvONjjbVoAMhD3p.jpg","","in","","140","70","801","https://twitter.com/gadtorade/status/1365590799480627201","76581610","gadtorade"
"1365567551640506372","Sat Feb 27 07:40:49 +0000 2021","4","Hallo teman-teman. Kali ini admin bakal berbagi 4 cara identifikasi ciri-ciri HOAX menurut Kominfo nih! Kalian wajib tahu agar terlindungi dari virus berita tidak sehat di media sosial ya: ~ https://t.co/fhxuG2qadw","1365567551640506372","https://pbs.twimg.com/media/EvN4cUYUUAAKz8D.jpg","","in","Yogyakarta, Indonesia","0","2","1","https://twitter.com/dutadamaiyogya/status/1365567551640506372","1119786877618229249","dutadamaiyogya"
"1365406044239712257","Fri Feb 26 20:59:03 +0000 2021","1","Terima kasih untuk orang orang yang berbaik hati membagikan ilmunya di sosial media maupun sosial nyata. semoga sehat selalu dan berkah untuk kalian semua ️","1365406044239712257","","","in","Srg.id","0","0","0","https://twitter.com/peacefreedom__/status/1365406044239712257","1043907417547784192","peacefreedom__"
"1365393094045097984","Fri Feb 26 20:07:36 +0000 2021","2","Mulai mengurus diri sendiri benahi finansial supaya bisa bermanfaat dikancah sosial. Senajan Dudu wong hebat kudu tetep semangat lan sehat. Begitu kata toean moeda @junediedie. Jangan ikutan yang lainnya kita dodolan saja Aamiin! https://t.co/O9XBJXrvTM","1365393094045097984","https://pbs.twimg.com/media/EvLZxvKVIAAkMjA.jpg","","in","Genuk, Indonesia","1","0","0","https://twitter.com/AdhiCahyo10/status/1365393094045097984","1268053766936203264","AdhiCahyo10"
"1365340606864625671","Fri Feb 26 16:39:02 +0000 2021","3"," Sekecil apa pun apresiasi adalah bukti kita di sayangi apa lagi apresiasi dari insan pers..sbg pengontrol sosial @niriansyah Gubernur Aceh Terima Penghargaan Tokoh Waspada Peduli Indonesia Sehat 2020 - https://t.co/Jr6HWJucZT https://t.co/1mDzG20KeL","1365340606864625671","","","in","Kota Banda Aceh, Nangro Aceh D","0","0","0","https://twitter.com/MkMukas/status/1365340606864625671","1299577863683801089","MkMukas"
"1365297752196882435","Fri Feb 26 13:48:44 +0000 2021","0","Berasa banget ya. Kalo sibuk ngurusin hal yang disuka jadi bikin hati ini sehat terhindar dari rasa tidak bersyukur iri hati dll. Apalagi di zaman sosial media seperti ini.","1365297752196882435","","","in","","0","0","0","https://twitter.com/stefanywindira/status/1365297752196882435","128720030","stefanywindira"
"1365285623620194306","Fri Feb 26 13:00:33 +0000 2021","0","Chanyeol Chanyeol selesai wamil aku jadi sarjana sosial Sehat sehat ya gantengku https://t.co/yrAYih0zFT","1365285623620194306","https://pbs.twimg.com/media/EvJ4A32UYAM5RBS.jpg","","in","","0","0","0","https://twitter.com/mala5hayati/status/1365285623620194306","1208160217910792192","mala5hayati"
"1365254637436116995","Fri Feb 26 10:57:25 +0000 2021","0","Serem sekali lo Apa yang kamu bangun di media sosial kamu bertolak belakang sama kehidupan sosial kamu. Semoga sehat selalu ya","1365254637436116995","","","in","","0","0","0","https://twitter.com/IvanFir_/status/1365254637436116995","271816695","IvanFir_"
"1365244765197852673","Fri Feb 26 10:18:11 +0000 2021","5","4 sehat 5 keadilan sosial bagi seluruh rakyat Indonesia.","1365244765197852673","","","in","Indonesia","0","0","0","https://twitter.com/yangmahatamaa/status/1365244765197852673","581068645","yangmahatamaa"
"1365239145048674307","Fri Feb 26 09:55:51 +0000 2021","7","Punya akun media sosial untuk melayani masyarakat itu wajib!!! Itulah kata Pak Ganjar.... Kritikan cacian bullyan akn menjdi energi dan vitamin yg segar.... Bapake wong Jateng ki mang mantep tenan... Sehat sehat nggeh Pak Ganjar.... https://t.co/ejB20AX89n","1365239145048674307","https://pbs.twimg.com/ext_tw_video_thumb/1365239016392597511/pu/img/N2m7rpa86ICi4TSt.jpg","","in","Nganjuk, Indonesia","0","0","3","https://twitter.com/RikaSudjiman/status/1365239145048674307","971556295902838784","RikaSudjiman"
"1365206705726836737","Fri Feb 26 07:46:57 +0000 2021","7","Papua yg katanya mayoritas non muslim saja tolak investor miras. Bahkan sudah ada aturan pelarangan miras jauh hari sebelumnya karena barang tersebut lbh byk mendatangkan bencana sosial. Bagi yg berakal sehat &amp; beragama apapun agamanya keberadaan miras memang wajib ditolak ya?","1365206705726836737","","","in","Tangerang, Banten","0","2","1","https://twitter.com/HeriSuwondo2/status/1365206705726836737","1343563920531804166","HeriSuwondo2"
"1365196334068719620","Fri Feb 26 07:05:44 +0000 2021","0","160. Para penantang regulasi menunjuk fenomena seperti penangkapan regulasi untuk menyatakan intervensi pemerintah dalam bisnis biasanya tidak efektif. Tapi sejarah menunjukan regulasi sosial bisnis itu sehat &amp; berguna ke ekonomi &amp; masyarakat secara keseluruhan. #AAonPlatform","1365196334068719620","","","in","jakarta","0","0","0","https://twitter.com/ashariabidin/status/1365196334068719620","93601261","ashariabidin"
"1365173011016413184","Fri Feb 26 05:33:04 +0000 2021","7","Klinik Apung PT Kimia Farma gandeng sejumlah LSM. Misi jaga kesehatan masyarakat ini salah satu program tanggung jwb sosial BUMN farmasi tsb. Diluncurkan 2019 misi kmanusiaan ini tlah brhasil ciptakn program kawasan sehat di Desa Gili Gede Indah NTB. https://t.co/W7dZdWBAXS","1365173011016413184","","","in","Indonesia","0","1","1","https://twitter.com/Vendra_Deje/status/1365173011016413184","384176072","Vendra_Deje"
"1365105016533512195","Fri Feb 26 01:02:53 +0000 2021","0","Ada polisi ciber....wah kami sangat setuju... Karena di media sosial sekarang ini sudah kurang sehat...gak santun..bahasanya saja suka menimbulkan kebencian.. fitnah.. bukan hanya masalah politik masalah persaingan dagang pun menimbulkan bahasa kebencian..memecah persatuan..","1365105016533512195","","","in","Indonesia","0","0","0","https://twitter.com/LayananMsy/status/1365105016533512195","2789713406","LayananMsy"
"1364941157994663937","Thu Feb 25 14:11:46 +0000 2021","0","-boleh olahraga waktu berjemur badan langsung sehat+segerr -jangan lupa buat ngerjain tugas/langsung daring kerjain tugas ny jangan di tunda -klo udah daring selesai boleh istirahat dulu (tiktok ig sosial media)jangan kelamaan-!!","1364941157994663937","","","in","","0","0","0","https://twitter.com/AesteticLuvv/status/1364941157994663937","1344131456449146881","AesteticLuvv"
"1364823754673582084","Thu Feb 25 06:25:14 +0000 2021","0","Polisi Internet hadir sebagai bagian dari pemeliharaan Kamtibmas khususnya di ruang digital agar bersih sehat dan produktif. Sejak dibentuknya Polisi Internet Argo mengakui pihaknya telah menindak empat akun media sosial yang terbukti melanggar. https://t.co/yUGmbFi60K","1364823754673582084","","","in","Aceh","0","0","0","https://twitter.com/serambinews/status/1364823754673582084","64635651","serambinews"
"1364799575425507328","Thu Feb 25 04:49:10 +0000 2021","0","Ibu icih sdh 2 tahun sakit kakinya tdk bisa jalan .dia butuh kursi Roda .insya allah kami akan berkoordinasi ke bupati dan dinas sosial.semoga hasil ya ma icih.semoga ema icih sehat selalu https://t.co/gWBlOY9O4P","1364799575425507328","https://pbs.twimg.com/ext_tw_video_thumb/1364797104892219393/pu/img/o0oLzJx9TifuROu8.jpg","","in","","0","0","0","https://twitter.com/AhmadDi13625136/status/1364799575425507328","1347455205315526656","AhmadDi13625136"
"1364701393781542914","Wed Feb 24 22:19:01 +0000 2021","1","Kampanye Sosial ke-10 Belajar fokus pada hal-hal bersifat positif dalam hidup dapat membuat kita merasa tenang dan bahagia Salam Sehat ‍️ @LPDP_RI #DiriUntukNegeri #AkuPastiMengabdi #SDMUnggulIndonesiaMaju https://t.co/vJOtcGKIwp","1364701393781542914","https://pbs.twimg.com/media/EvBkrjoUYAAjVB6.jpg","","in","","0","1","0","https://twitter.com/InggridRisamasu/status/1364701393781542914","1350752352504958977","InggridRisamasu"
"1364657342868987906","Wed Feb 24 19:23:59 +0000 2021","46","Industri ini butuh jauh lebih banyak DS dari social sciences yang: 1. paham riset 2. tahu impact prediksinya ke sosial 3. punya skeptisme sehat atas banyak hal 4. paham soshum itu a big plus +++ karena bisa memodelkan sesuai context Jangan dengerin orang elitis.","1364657342868987906","","","in","Jakarta","1","2","11","https://twitter.com/pacmannai/status/1364657342868987906","824984727597707265","pacmannai"
"1364566182141984770","Wed Feb 24 13:21:44 +0000 2021","0","Kampanye Sosial PK Daring Angkatan 171 Pradipa Aryasatya Hari Terakhiir. Hidup Sehat dengan Sampah @LPDP_RI #DiriUntukNegeri #AkuPastiMengabdi #SDMUnggulIndonesiamaju #lpdp #lpdpri #pk171 #pradipaaryasatya https://t.co/dHS8t6eN3y","1364566182141984770","https://pbs.twimg.com/media/Eu_ptJzUUAUSTFM.jpg","","in","","0","1","0","https://twitter.com/LDestiarti/status/1364566182141984770","1351444748993589251","LDestiarti"
"1364533303324200967","Wed Feb 24 11:11:05 +0000 2021","0","Kampanye Sosial PK Daring Angkatan 171 Pradipa Aryasatya Hari Terakhir. Hdup Sehat Dengan Sampahi @LPDP_RI #DiriUntukNegeri #AkuPastiMengabdi #SDMUnggulIndonesiamaju #lpdp #lpdpri #pk171 #pradipaaryasatya https://t.co/sigL6K8eyy","1364533303324200967","https://pbs.twimg.com/media/Eu_LykjVEAUNpTL.jpg","","in","Jakarta","0","1","0","https://twitter.com/eendah1/status/1364533303324200967","97778763","eendah1"
"1364460438486835201","Wed Feb 24 06:21:33 +0000 2021","2","lagi senang-senangnya nonton kanal youtube kak Pratiwi Noviyanthi seorang pramugari yang resign dari pekerjaannya lalu memilih menjadi pemerhati sosial terutama untuk para ODGJ. sehat terus untuk orang-orang baik..","1364460438486835201","","","in","","0","0","1","https://twitter.com/ardhiaregitanc/status/1364460438486835201","374369144","ardhiaregitanc"
"1364422694196834312","Wed Feb 24 03:51:34 +0000 2021","1","Halo aku sedang memasuki fase istirahat panjang mungkin akan jadi sedikit jarang terlihat di sosial media. Keep in touch ya semuanya. Sehat - sehat terus!","1364422694196834312","","","in","DKI Jakarta, Indonesia","0","0","0","https://twitter.com/rimabizky/status/1364422694196834312","883034353839652865","rimabizky"
"1364252235920629761","Tue Feb 23 16:34:14 +0000 2021","0","Gapapa karier stuck yang penting kerjaan nggak makan ati mental sehat walafiat sosial lyfe jalan terus dan transferan dari suami lancar. ","1364252235920629761","","","in","","0","2","0","https://twitter.com/Chichazzz/status/1364252235920629761","47962432","Chichazzz"
"1364207760317931520","Tue Feb 23 13:37:30 +0000 2021","0","Hai #SobatLUI Organisasi Sosial PERSELANDO (Paguyuban Olahraga Senam Lansia Se Kecamatan Donomulyo) Kab. Malang rutin menyelenggarakan olahraga Senam bersama. Diharapkan kegiatan ini memotivasi para lansia untuk selalu hidup sehat serta selalu menjaga kebugaran di usia senja https://t.co/RFO4oFridn","1364207760317931520","https://pbs.twimg.com/media/Eu6juGQVIAc870G.jpg","","in","Jakarta","0","0","0","https://twitter.com/lui_kemsos/status/1364207760317931520","1118086305106124801","lui_kemsos"
"1364199580292706305","Tue Feb 23 13:05:00 +0000 2021","1","Sehat wal afiat terus ya Ibu menteri Sosial... Bu Risma berhati emas.... https://t.co/wEwdgq40Nh","1364199580292706305","https://pbs.twimg.com/ext_tw_video_thumb/1364199426869268481/pu/img/Wf7LlNHOPTNHEjlM.jpg","","in","Jakarta Timur, DKI Jakarta","0","0","0","https://twitter.com/uzzam76/status/1364199580292706305","1031860676","uzzam76"
"1364129161271386112","Tue Feb 23 08:25:10 +0000 2021","0","Akhir akhir ini isi sosial media gua ga sehat bgt isinya","1364129161271386112","","","in","Earth","0","0","0","https://twitter.com/Yumnabadz/status/1364129161271386112","957405151","Yumnabadz"
"1364104572520726530","Tue Feb 23 06:47:28 +0000 2021","0","Kampanye sosial (7/10) Quality time penting banget di masa pandemi luangkan waktu untuk istirahat dan refeshing agar tetap sehat fisik dan mental #DiriUntukNegeri #AkuPastiMengabdi #SDMUnggulIndonesiaMaju https://t.co/hPMy1CQ5my","1364104572520726530","https://pbs.twimg.com/media/Eu5FzESUUAAqibQ.jpg","","in","Indonesia","0","0","0","https://twitter.com/J1897id/status/1364104572520726530","888592772030095360","J1897id"
"1364102333731250176","Tue Feb 23 06:38:34 +0000 2021","0","Bicara Sentra Kreasi ATENSI milik Kementerian Sosial tidak hanya surga sentra kuliner dan hiburan semata. Kawasan ini juga menyediakan booth Refleksi Sehat Tan Miyat. https://t.co/JstScJkqUY","1364102333731250176","","","in","Jakarta","0","0","0","https://twitter.com/mnctrijaya/status/1364102333731250176","88593647","mnctrijaya"
"1364086026075971588","Tue Feb 23 05:33:46 +0000 2021","0","Sentra Kreasi ATENSI Refleksi Sehat Tan Miyat memberikan lapangan pekerjaan bagi eks pemulung dan tuna wisma untuk menghadapi dampak sosial pandemi. https://t.co/WXVqQnK5ap","1364086026075971588","","","in","Kembangan, Indonesia","0","0","0","https://twitter.com/ceknricekcom_id/status/1364086026075971588","145511335","ceknricekcom_id"
"1364030314356506628","Tue Feb 23 01:52:24 +0000 2021","11","Respect Pak Menteri... Banyak petugas negara yg tersebar di Desa: 1.Babinkamtibmas (Polri) 2.Babinsa (TNI) 3.Pndmping Desa (Kemendes) 4.Pndmping PKH (Kemensos) 5.Pndmping Sosial KAT (Kemensos) 6.Pnyluh KB (BKKBN) 7.Pnyluh Pertanian (PPL Kementan) 8.Pndmping Desa Sehat (Kemenkes).","1364030314356506628","","","in","Jakarta, Indonesia","0","1","0","https://twitter.com/AchsanulQosasi/status/1364030314356506628","248509197","AchsanulQosasi"
"1364017770342490114","Tue Feb 23 01:02:33 +0000 2021","4","Hi #SahabatData bagaimana keadaan kalian? Semoga selalu dalam kondisi sehat ya. Sejak tanggal 19 - 22 Februari 2021 Kota Jakarta kembali dilanda banjir loh! Banyak sekali perbincangan di media sosial yang membahas banjir ini. @aniesbaswedan @infoBMKG #BanjirJakarta https://t.co/Sfe2XpZOkr","1364017770342490114","https://pbs.twimg.com/media/Eu325h-VIAcqXEj.jpg","","in","Indonesia","0","1","4","https://twitter.com/sciograf_id/status/1364017770342490114","496197110","sciograf_id"
"1363876386151170051","Mon Feb 22 15:40:44 +0000 2021","0","Sebelum tidur berpikirlah Stop berharap di internet Selama tidur masih di bawah atap dan tertutupi dan bisa makan bersama keluarga masih bisa ikut keadaan sosial punya satu baju bagus buat berpergian dan sehat sesungguhnya kita berkecukupan.","1363876386151170051","","","in","","0","0","0","https://twitter.com/smdsXtJuWj21R1l/status/1363876386151170051","1344881462328213504","smdsXtJuWj21R1l"
"1363821446745661441","Mon Feb 22 12:02:26 +0000 2021","5","Astaga beh sehat beh? Dahlama gak ketemu nih Baik baik yah beh @5ecretNumber Akhirnya oi ada juga bahan buat naikin sosial metrik Gini terus yah beh biar LOCKEY PADA SEMANGAT #SECRET_NUMBER #시크릿넘버","1363821446745661441","","","in","","0","0","0","https://twitter.com/yasajang2/status/1363821446745661441","1265939360173551616","yasajang2"
"1363784687819317249","Mon Feb 22 09:36:22 +0000 2021","0","Nikmat sekali melihat dirimu walau hanya lewat sosial media semoga km sehat dan juga bahagia #janganlupabokerhariini #taikutaimutaikitasemua","1363784687819317249","","","in","Jawa Timur, Indonesia","0","0","0","https://twitter.com/amin_ardi1/status/1363784687819317249","1245910824","amin_ardi1"
"1363765402694651910","Mon Feb 22 08:19:44 +0000 2021","0","DIBUTUHKAN SEGERA! Hai Sobat Sehat yuk bergabung dgn kami menjadi Admin Sosial Media. Cek persyaratannya ya! Segera kirimkan CV &amp; surat lamaran ke marketing@k24.co.id max tgl 26 Februari 2021 Kami tunggu! Jangan lupa share info lowongan ini ya! #lowongankerja #lokerjogja https://t.co/cxun7gqdSy","1363765402694651910","https://pbs.twimg.com/media/Eu0RYXnUUAEwKbK.jpg","","in","Indonesia","1","1","4","https://twitter.com/apotekk24id/status/1363765402694651910","304507435","apotekk24id"
"1363671311013273600","Mon Feb 22 02:05:50 +0000 2021","1","Kampanye Sosial Hari ke-7 Salah satu hal yang tidak dapat diulang lagi adalah waktu. Pergunakan waktu dengan baik. Waktu untuk diri sendiri maupun untuk orang lain. Tetap sehat di masa pandemi @LPDP_RI @adanu_pk172 #DiriUntukNegeri #AkuPastiMengabdi #SDMUnggulIndonesiaMaju https://t.co/N7m843w5Dd","1363671311013273600","https://pbs.twimg.com/media/Euy71EBUYAIsWyF.jpg","","in","Merauke_Tomohon","0","1","0","https://twitter.com/chyntia714/status/1363671311013273600","304353891","chyntia714"
"1363513183885959168","Sun Feb 21 15:37:30 +0000 2021","4","Gerakan bakti sehat sosial tadi malam https://t.co/7qhfX9S0Si","1363513183885959168","https://pbs.twimg.com/media/EuwrvvLVgAQUC9P.jpg","","in","Banjarnegara, Indonesia","0","0","0","https://twitter.com/Aanputr32192831/status/1363513183885959168","1360910632388685829","Aanputr32192831"
"1363456398286336000","Sun Feb 21 11:51:51 +0000 2021","0","Mari kita jadikan media sosial sbg sarana untuk saling melengkapi dan menyambung persaudaraan sesama anak bangsa. Tdk hanya di dunia nyata di dunia maya kita jg harus bijak dlm bersikap dan bertutur kata. Salam sehat!.","1363456398286336000","","","in","Pontiland, West Borneo","0","0","0","https://twitter.com/Prasedo1/status/1363456398286336000","851405281","Prasedo1"
"1363352982461419521","Sun Feb 21 05:00:55 +0000 2021","40","Jika ada cuitan yg menurutmu negatif kamu bisa melaporkan cuitan tsb unt ditangani pihak Twitter....Twitter adalah media sosial yg cukup menjadi obat pengguna unt mengusir penat dan tetap sehat mental.. OKAY... ngelaporin tuitan sotoy bisa? Masuk yang mana coba... pengen tau....","1363352982461419521","","","in","","0","6","5","https://twitter.com/itsme_ini/status/1363352982461419521","1309121333230538752","itsme_ini"
"1363178382091980800","Sat Feb 20 17:27:07 +0000 2021","5","Aku selalu mengikuti perkembanganmu melihat keluh kesahmu di media sosial diam-diam mendoakanmu dari jauh semoga apa pun yang menjadi pilihanmu itu yang terbaik dan semoga sehat selalu bahagia harinya jangan sering-sering begadang ya.","1363178382091980800","","","in","wonosari,Yogyakarta","0","1","1","https://twitter.com/untaraprastyaa/status/1363178382091980800","1015586469409259521","untaraprastyaa"
"1363110214115815425","Sat Feb 20 12:56:15 +0000 2021","1","Kementerian Komunikasi dan Informatika menyatakan kewajiban pendaftaran penyelenggara sistem elektronik (PSE) atau platform media sosial dibuat demi menciptakan ruang digital yang sehat di Indonesia. https://t.co/zqWGUWnSqL","1363110214115815425","https://pbs.twimg.com/media/Euq9YJmVgAQe-0X.jpg","","in","West Nusa Tenggara, Indonesia","0","1","1","https://twitter.com/insidelombok_/status/1363110214115815425","984621911723274240","insidelombok_"
"1362938697415450625","Sat Feb 20 01:34:42 +0000 2021","1","[KOPMA STTT PROUDLY PRESENT] Salam Sehat! Webinar Kewirausahaan MEMANFAATKAN MEDIA SOSIAL DAN E-COMMERCE SEBAGAI LANGKAH BARU PENGUSAHA DI ERA PANDEMI Sejak adanya pandemi banyak perekonomian diantara kita yang mengalami penurunan. https://t.co/6fqqIDQ0tJ","1362938697415450625","https://pbs.twimg.com/media/Euogb41VEAEXpxL.jpg","","in","Politeknik STTT-Bandung","0","1","0","https://twitter.com/viskosagopublic/status/1362938697415450625","877957086","viskosagopublic"
"1362887714010398720","Fri Feb 19 22:12:06 +0000 2021","1","Knp di media sosial banyak berita hoax...?? Krn dpt di pastikan orang orang yg sering dan senang fitnah dan sebar hoax tidak menggunakan Iman- Nurani &amp; Akal sehat dlm menggerakkan jempolx...","1362887714010398720","","","in","","0","0","1","https://twitter.com/DahsyatHalilin1/status/1362887714010398720","1357601663255674881","DahsyatHalilin1"
"1362701973921746945","Fri Feb 19 09:54:03 +0000 2021","2","Pemkot Surabaya memastikan bahwa keluarga Santi Marisa sudah mendapatkan bantuan berupa Bantuan Sosial Tunai (BST) dan Kartu Indonesia Sehat (KIS). https://t.co/lG020ZRZpL","1362701973921746945","","","in","Jakarta","0","0","0","https://twitter.com/kompascom/status/1362701973921746945","23343960","kompascom"
"1362695923378360320","Fri Feb 19 09:30:00 +0000 2021","0","Tiongkok tingkatkan penanganan proposal yang efektif dari sidang NPC dan CPPCC untuk dorong pembangunan ekonomi dan sosial yang sehat https://t.co/4mbtJm1EeK https://t.co/pqpDkU17Rr","1362695923378360320","https://pbs.twimg.com/media/EukS5i5VgAgG3hQ.jpg","","in","Jakarta Capital Region","0","0","0","https://twitter.com/XHIndonesia/status/1362695923378360320","3271146871","XHIndonesia"
"1362652992609026050","Fri Feb 19 06:39:24 +0000 2021","0","#jumatberkah Aktifitas relawati askar ramadhan berbagi sayur dan makanan sehat #BerSemaT #yayasanaskar #sosial #Jumatbarokah https://t.co/6W3RPOxuad","1362652992609026050","https://pbs.twimg.com/media/EukdqN6VcAAIVNB.jpg","","in","Kota Surabaya, Jawa Timur","0","0","0","https://twitter.com/yayasanaskar/status/1362652992609026050","1068062619943104513","yayasanaskar"
"1362637623571869697","Fri Feb 19 05:38:20 +0000 2021","0","Gaes...jangan bingung lagi cara memilah sampah ya...demi BUMI yang sehat Kampanye Sosial PK Daring Angkatan 171 Pradipa Aryasatya Hari Ketujuh. Penanganan Sampah Pandemi @lpdp_ri #DiriUntukNegeri #AkuPastiMengabdi #SDMUnggulIndonesiaMaju #pk171 #pradipaaryasatya https://t.co/DZye6WJ22H","1362637623571869697","https://pbs.twimg.com/media/EukPshjVkAExydi.jpg","","in","Bandung, Indonesia","0","1","0","https://twitter.com/NegaraRidha/status/1362637623571869697","1351477294699671553","NegaraRidha"
"1362620434907230209","Fri Feb 19 04:30:02 +0000 2021","0","[ Coming Soon ] Halo KMFH ! Sebentar lagi akan diadakan Open Recruitment Staff DEMA FH UNS Periode 2021 mau tau informasi selanjutnya? Update dan stay tuned ya di media sosial DEMA FH UNS. Jangan sampai terlewat informasinya! Salam sehat https://t.co/vCKUxSEjat","1362620434907230209","https://pbs.twimg.com/media/EukAEFCVIAALhSv.png","","in","Surakarta, Jawa Tengah","0","1","0","https://twitter.com/demafhuns/status/1362620434907230209","1510719241","demafhuns"
"1362411908465184768","Thu Feb 18 14:41:26 +0000 2021","2","pengen jadi orang baik tp belum bisa merealisasikannya dalam bentuk perbuatan sosial. suka sedih aja aku cuma bisa doain mereka selalu sehat.","1362411908465184768","","","in","","0","0","0","https://twitter.com/binaarrrr/status/1362411908465184768","1130140560121982977","binaarrrr"
"1362253192898121729","Thu Feb 18 04:10:45 +0000 2021","0","Kampanye Sosial ke-5 Konsumsi makanan sehat dan bergizi buah-buahan jangan lupa juga vitamin untuk menambah imun tubuh dan perbanyak minum air putih... @LPDP_RI @adanu_pk172 #DiriUntukNegeri #AkuPastiMengabdi #SDMUnggulIndonesiaMaju #PK172LPDP #AdanuJagadhita https://t.co/JPc0Rbnxto","1362253192898121729","https://pbs.twimg.com/media/EueyDrAUYAEcaXB.jpg","","in","Merauke_Tomohon","0","1","0","https://twitter.com/chyntia714/status/1362253192898121729","304353891","chyntia714"
"1362231102023237632","Thu Feb 18 02:42:58 +0000 2021","0","#Sahabatbpbatam yang mau sehat nyantai dan tetap eksis di media sosial pasti udah tau dong harus kemana? yuk ke Taman Rusa aja salah satu objek wisata yang family friendly dan hits. Tag atau share post ini ke teman keluarga atau pacar ya #50tahunberkaryamembangunbatam https://t.co/kSl6sGsTyf","1362231102023237632","https://pbs.twimg.com/media/Eued9MRVoAICTPt.jpg","","in","Kota Batam, Kepulauan Riau","0","0","0","https://twitter.com/bp_batam/status/1362231102023237632","725332845187633152","bp_batam"
"1361929549827612678","Wed Feb 17 06:44:42 +0000 2021","1","Disaat Babinsa Koramil 04/Banyuurip menjaga kebugaran tubuh dengan jalan sehat menjumpai Suprapti (59) sedang menuntun sepeda karena rusak di wilayah Ds. Sumbersari Kec. Banyuurip Kab. Purworejo. Jiwa sosial Kopda Agus Riyanto tergerak untuk membantu membenahi sepeda tersebut https://t.co/yGRt8yJsS4","1361929549827612678","https://pbs.twimg.com/media/EuaLs1BVgAQ1_fe.jpg","","in","","0","0","0","https://twitter.com/Dim0708Pwr/status/1361929549827612678","1356812511861903365","Dim0708Pwr"
"1361912706165448705","Wed Feb 17 05:37:46 +0000 2021","0","Konstruksi sosial kita dibangun oleh satu sudut pandang: - Mayoritas - Hetero - Orang Sehat - Non-difabel - Maskulinitas - Kapital Di luar golongan ini kamu harus gigih untuk menghadapi dominasi dan penilaian tidak adil atas perspektif yang mereka buat soal struktur sosial.","1361912706165448705","","","in","Indonesia","0","1","0","https://twitter.com/SusantoRahka/status/1361912706165448705","1274697559588532225","SusantoRahka"
"1361843885794713601","Wed Feb 17 01:04:18 +0000 2021","8","Bagi saya Pak Jokowi adalah Presiden terbaik yang pernah terjadi selama hidup saya. Dia bekerja dengan hati dan cinta. Dan benar benar memikirkan dan memperjuangkan kesejahteraan dan keadilan sosial bagi seluruh rakyat Indonesia. Sehat dan diberkati selalu Mr. President 🇮🇩","1361843885794713601","","","in","East Java, Indonesia","0","0","0","https://twitter.com/lejef/status/1361843885794713601","114377782","lejef"
"1361660194170703875","Tue Feb 16 12:54:23 +0000 2021","0","Jadi inget dulu di FB ada yang marah² statusnya dishare. Lha kalau gak mau dishare kan bisa setting only for contact. Atau gimana kalau nulis di diary aja? Hal yang sama berlaku di semua platform media sosial. Kalo ngetwit viral dishare orang trus marah² apa sehat?","1361660194170703875","","","in","Palembang","0","2","1","https://twitter.com/Omnduut/status/1361660194170703875","926675802","Omnduut"
"1361636689257525250","Tue Feb 16 11:20:59 +0000 2021","1","Lengang tanpa sumbang. Ketika corong disumpal kursi. Kursi kura kura hasil pendusta. Legislasi tinggal njlenggernya saja. Sejurus Politisi kian pandai bersilat jari. Sejak TV memerah dan sosial media tak lagi sehat Orang susah makin digelonggong citra. #KebebasanDikebiri","1361636689257525250","","","in","East Java, Indonesia","0","0","0","https://twitter.com/arsyad_wira/status/1361636689257525250","793419849926008832","arsyad_wira"
"1361609272501493761","Tue Feb 16 09:32:02 +0000 2021","0","Main sosial media sekarang rata2 udah ga sehat yak buka twitter yg tujuannya hanya mencari hiburan wadah informasi eh sekarang malah disalahgunakan buat kebencian penipuan.","1361609272501493761","","","in","","0","0","0","https://twitter.com/niellbigwin/status/1361609272501493761","1342277934241906688","niellbigwin"
"1361574448797609985","Tue Feb 16 07:13:40 +0000 2021","1","Dengan memanfaatkan media sosial yang dikelola oleh BNN Kota Kendari Tim Penyuluh dari Seksi P2M BNN Kota Kendari gencar membuat e-Poster untuk mengajak masyarakat menerapkan pola hidup sehat yang jauh dari penyalahgunaan dan peredaran gelap narkoba. #warondrugs https://t.co/lWaPbMoZbY","1361574448797609985","https://pbs.twimg.com/media/EuVIuqkVEAIM6Jl.jpg","","in","Kendari, Indonesia","0","0","0","https://twitter.com/BnnKendari/status/1361574448797609985","1189355043176120320","BnnKendari"
"1361526315141111812","Tue Feb 16 04:02:24 +0000 2021","3","Buzzer bukan nih @haikal_hassan ?? Berperang opini di sosial media pas kalah perang eeeh triak2 suruh lawan perangnya diberangus..sehat anda ??","1361526315141111812","","","in","PAKIS weTAN","0","0","1","https://twitter.com/JoshGrobax/status/1361526315141111812","1358050106990186497","JoshGrobax"
"1361451873681645571","Mon Feb 15 23:06:35 +0000 2021","0","Kampanye Sosial ke-3 Pintarlah dalam mencari informasi tentang covid -19. Carilah informasi dari situs yang terpercaya. Jangan mudah percaya dengan berita hoax yaa kawan. Semoga sehat selalu @LPDP_RI @adanu_pk172 #DiriUntukNegeri #AkuPastiMengabdi #SDMUnggulIndonesiaMaju #PK172 https://t.co/9M0CdVoIZA","1361451873681645571","https://pbs.twimg.com/media/EuTZQ3TVkAEcLnB.jpg","","in","Merauke_Tomohon","0","1","0","https://twitter.com/chyntia714/status/1361451873681645571","304353891","chyntia714"
"1361292804731723776","Mon Feb 15 12:34:30 +0000 2021","4","Subang (15/02) Bio Farma menyalurkan bantuan sosial untuk korban banjir di daerah Pamanukan Subang Jawa Barat. Bio Farma menyalurkan paket sembako paket perlengkapan perilaku hidup bersih dan sehat (PHBS) dan obat-obatan. #BiofarmaPeduli #banjirsubang #banjirpamanukan https://t.co/mmfRWUuong","1361292804731723776","https://pbs.twimg.com/media/EuRIleMVIAMWwBb.jpg","","in","Bandung, Indonesia","0","1","1","https://twitter.com/biofarmaID/status/1361292804731723776","1930235365","biofarmaID"
"1361251766768001027","Mon Feb 15 09:51:26 +0000 2021","46","Ngomongin kesehatan apakah kita semua tahu kalo definisi SEHAT dari WHO itu juga t masuk kesejahteraan mental &amp; sosial? Jadi ngga cm fisik aja. Kesehatan mental sdr artinya spt pernyataan di bwh. Sy akan jelaskan di twit selanjutnya. iKON x iKONIC #StanWorld #iKON @YG_iKONIC https://t.co/Hcbeh64vmH","1361251766768001027","https://pbs.twimg.com/media/EuQjQ6VVgAAaLlN.jpg","","in","","5","2","66","https://twitter.com/KonicMental_INA/status/1361251766768001027","1184074307024179200","KonicMental_INA"
"1361232928269688832","Mon Feb 15 08:36:35 +0000 2021","0","Kehidupan Sosial yang Baik Membuat Lebih Sehat - https://t.co/07GebZbBxE https://t.co/6DzwlevhE8","1361232928269688832","https://pbs.twimg.com/media/EuQSIiBVcAcqlJv.jpg","","in","Yogyakarta, Indonesia","0","0","0","https://twitter.com/starjogja/status/1361232928269688832","159450635","starjogja"
"1361220592666517506","Mon Feb 15 07:47:34 +0000 2021","1","Riset: Ingin Lebih Sehat? Jaga Hubungan Sosial Anda Tetap Baik https://t.co/mGbcnJ5oEp","1361220592666517506","","","in","Jakarta, Indonesia","0","0","0","https://twitter.com/Bisniscom/status/1361220592666517506","118646322","Bisniscom"
"1361174913130790915","Mon Feb 15 04:46:03 +0000 2021","0","Gak menyentuh sosial media 36 jam membuat refreshing tersendiri... Coba deh... Liat situasi jadi lebih clear dan mental lebih sehat... Detox juga sepertinya","1361174913130790915","","","in","Lembah Gn.Salak ","0","0","0","https://twitter.com/YWijatmoko/status/1361174913130790915","1006008637","YWijatmoko"
"1361074531402588162","Sun Feb 14 22:07:10 +0000 2021","0","Banyak yang bilang menggemuk/membuncit/menggendut adalah lambang kesuksesan. Yes 2 tahun udah kurasain dan ternyata lambang sukses bukan soal berat badan tapi punya gaya hidup sehat walau kehidupan sosial sangat padat . Yok bisa yok kurangi lemak &amp; naikkan masa otot","1361074531402588162","","","in","Medan , Indonesia","0","0","0","https://twitter.com/rahmada_fandi/status/1361074531402588162","236034795","rahmada_fandi"
"1360817953369858055","Sun Feb 14 05:07:37 +0000 2021","0","Perkenalkan kami *awardee LPDP angkatan 171*. Pada saat ini kami memiliki program sosial membantu *Yayasan Kaki Kita Sukasada* di Buleleng Bali. Terima kasih untuk partisipasinya. Tetap sehat tetap semangat mari berbagi untuk negeri...️ https://t.co/yBuzpOWb0A","1360817953369858055","https://pbs.twimg.com/media/EuKYst7VkAEonLG.jpg","","in","Lampung Selatan, Lampung","0","0","0","https://twitter.com/KanandaKiki/status/1360817953369858055","1353601989737910272","KanandaKiki"
"1360581780735053826","Sat Feb 13 13:29:09 +0000 2021","60","Presiden @jokowi memang sejak awal mendorong penerapan pembatasan sosial secara mikro karena lebih efektif. Apalagi PPKM yang sudah berlaku sebelumnya dianggap tak efektif PPKM secara mikro lebih mengerucut ke target. INDONESIA SEHAT https://t.co/8ntrOJ55ar","1360581780735053826","https://pbs.twimg.com/media/EuHB6uzVIAIm43G.jpg","","in","👇","0","2","12","https://twitter.com/Terima_Berkat/status/1360581780735053826","1267754111165804545","Terima_Berkat"
"1360454913340309509","Sat Feb 13 05:05:02 +0000 2021","0","liat cowok lg kegiatan sosial gantengnya nambah liat cewek lg kegiatan sosial cantiknya banget banget sehat sehat selalu buat semua yg berbesar hati untuk ikut bantu korban terkena musibah","1360454913340309509","","","in","","0","1","0","https://twitter.com/fettuzcini/status/1360454913340309509","554885476","fettuzcini"
"1360245017978183686","Fri Feb 12 15:10:59 +0000 2021","1","Momen haru saat Wagub DKI Jakarta @BangAriza mengunjungi Panti Sosial Asuhan Anak Balita Tunas Bangsa Cipayung Jakarta Timur untuk melihat 87 anak asuh dan memberi hormat atas pengabdian 88 pengasuh dan petugas di panti ini. Sehat selalu ya adek dan ibu bapak #arizaupdate https://t.co/Xh8yxH2Apu","1360245017978183686","https://pbs.twimg.com/ext_tw_video_thumb/1360244722611048449/pu/img/QinVIc4pY7SVQmXG.jpg","","in","DKI Jakarta, Indonesia","0","0","0","https://twitter.com/arizaupdate/status/1360245017978183686","1265254231935578114","arizaupdate"
"1360223662515777541","Fri Feb 12 13:46:07 +0000 2021","0","Sehat selalu &amp; panjang umur solidaritas ~ terimakasih kawan2 bahagia punya kawan2 yang punya banyak ide gagasan semangat &amp; jiwa sosial. Terimakasih juga kepada seluruh donatur #banjirpekalongan #pasirsari #pekalongankuat #dukamudukakitasemua panjang umur &amp; selalu semuanya. https://t.co/LioCMIBhVJ","1360223662515777541","https://pbs.twimg.com/media/EuB8NkYVgAQGSVE.jpg","","in","dihatiku sendiri","0","0","0","https://twitter.com/Iniaku67297344/status/1360223662515777541","1357873871798431745","Iniaku67297344"
"1359764658371006466","Thu Feb 11 07:22:12 +0000 2021","7","Sehat selalu admin akun quotes frontal yang sering menyelipkan pesan moral dan pesan sosial di dalam quotes-quotes nya","1359764658371006466","","","in","Indonesia","0","0","0","https://twitter.com/perihalkopi/status/1359764658371006466","1115448087030321153","perihalkopi"
"1359737674416812035","Thu Feb 11 05:34:58 +0000 2021","0","Ketika olahraga cuma menjadi kebutuhan sosial media di situ olahraga sudah menjadi tidak sehat.","1359737674416812035","","","in","Pontianak, Indonesia.","0","4","1","https://twitter.com/tommyvtama/status/1359737674416812035","63704206","tommyvtama"
"1359703268771864576","Thu Feb 11 03:18:15 +0000 2021","1","Sebanyak 180 Warga Binaan Pemasyarakatan (WBP) Lembaga Pemasyarakatan (Lapas) Kelas I Semarang ikuti program Rehabilitasi Sosial. Hal tersebut dilaksanakan untuk meningkatkan perilaku sehat selama menjalani masa pidana. #wartajateng https://t.co/mNpHULqt33","1359703268771864576","","","in","Semarang, Jawa Tengah","0","0","0","https://twitter.com/IdWartajateng/status/1359703268771864576","1273236133283983360","IdWartajateng"
"1359697136368058371","Thu Feb 11 02:53:53 +0000 2021","0","Di twitter bebas mo bahas politik agama sosial bisnis online dll. Yang bahaya buzzer suka membalikkan opini lalu menyasar media untuk adu domba. Gmana dunia pers mau sehat?","1359697136368058371","","","in","Indonesia","0","0","0","https://twitter.com/kerupvk/status/1359697136368058371","2814280963","kerupvk"
"1359483722425225219","Wed Feb 10 12:45:52 +0000 2021","0","Kalo lagi cape gini rasanya butuh rekan berbincang untuk membahas permasalahan sosial dan ekonomi pada negara ini dibumbui sedikit perdebatan sehat dan juga secangkir kopi...","1359483722425225219","","","in","Indonesia","0","1","0","https://twitter.com/muftiwarits/status/1359483722425225219","91308327","muftiwarits"
"1359471276398686211","Wed Feb 10 11:56:24 +0000 2021","5","[#ACTWITHME CHALLENGE] Halo Wellbuddies! #ActWithMe Challenge adalah bentuk ajakan kepada masyarakat umum untuk membagikan aktivitas sosial versi mereka di media sosial bertemakan Sehat Sejahtera Kita Berdaya . Silakan daftarkan dirimu melalui: https://t.co/BewcCnXJUp https://t.co/aPGotcc1z0","1359471276398686211","https://pbs.twimg.com/media/Et3OUMXVkAQftmR.jpg","","in","","0","0","2","https://twitter.com/social_wellfair/status/1359471276398686211","1340253049130897408","social_wellfair"
"1359466594112425986","Wed Feb 10 11:37:48 +0000 2021","0","Bagi yg belum dapat program keluarga harapan (PKH) bantuan sosial tunai (BST) juga bantuan dari @KemensosRI /lembaga lainnya semacam Kartu Indonesia Sehat (KIS) Kartu Keluarga Sejahtera (KKS) atau Kartu Indonesia Pintar (KIP) terbuka lebar. Bagikan dan Pelajari Caranya","1359466594112425986","","","in","Jakarta Capital Region","0","1","0","https://twitter.com/catedoss/status/1359466594112425986","1673058955","catedoss"
"1359359496917643267","Wed Feb 10 04:32:14 +0000 2021","0","Generasi Sosial Peduli Indinesia GSPI organisasi masyarakat NGO selalu medukasi di masyarakat agar memilki BPJS saat sehat. https://t.co/jrHzjWlpnf","1359359496917643267","https://pbs.twimg.com/media/Et1qQbBVcAEBB4y.jpg","","in","Bengkulu, Indonesia","0","0","0","https://twitter.com/JontuaManik/status/1359359496917643267","1272267029202927616","JontuaManik"
"1359339616143167491","Wed Feb 10 03:13:14 +0000 2021","2","Komentar warganet di berbagai saluran media sosial seringkali buruk dan menyakiti. Padahal komentar buruk itu ada efeknya lho. Mau tahu apa efek komentar buruk di media sosial? Yuk ikuti IG LIVE Internet Sehat Jumat 12 Februari 2021 #trolling https://t.co/IeqM5LF0YV","1359339616143167491","https://pbs.twimg.com/media/Et1YJqEVkAoP--X.jpg","","in","Indonesia","0","0","4","https://twitter.com/internetsehat/status/1359339616143167491","47292369","internetsehat"
"1359326221826359296","Wed Feb 10 02:20:01 +0000 2021","0","Kepala Jawatan Sosial Kapanewon Kasihan Bapak Medi Siswantara M.Pd. bersama pendamping Boga Sehat Kalurahan Ngestiharjo dan Pendamping TKPK Sdr. Risang Pradana https://t.co/C1eDpWY7zI. melaksanakan monitoring dan penyaluran Boga Sehat Hari Selasa 9 Februari 2021 https://t.co/ZGy4ncxOBU","1359326221826359296","https://pbs.twimg.com/media/Et1L5djVoAIuYlo.jpg","","in","Bantul","0","0","0","https://twitter.com/kec_kasihan/status/1359326221826359296","1222016053405831169","kec_kasihan"
"1359171822558711808","Tue Feb 09 16:06:29 +0000 2021","2","Hidup udah ribet jangan dibikin makin ribet cuma karena sesuatu yang diposting di sosial media semoga bahagia dan sehat selalu~","1359171822558711808","","","in","","0","1","1","https://twitter.com/aiimaulinda/status/1359171822558711808","178230025","aiimaulinda"
"1359119812316680197","Tue Feb 09 12:39:49 +0000 2021","8","Bagiku sosial media adalah pelarian gabut yang tidak sehat.","1359119812316680197","","","in","Malang, Jawa Timur","0","4","0","https://twitter.com/_radenmasbagus/status/1359119812316680197","2514609636","_radenmasbagus"
"1359116065163288578","Tue Feb 09 12:24:55 +0000 2021","1","Kesalahan tidak lain merupakan mekanisme yang kita gunakan untuk mengontrol manusia dan tidak lebih dari ilusi semacam mekanisme kontrol sosial yang nggak sehat. Gak baik banget buat pikiran -TB","1359116065163288578","","","in","Kota Kediri, Indonesia","0","0","0","https://twitter.com/pressafff/status/1359116065163288578","3268828740","pressafff"
"1359046238734229508","Tue Feb 09 07:47:27 +0000 2021","0","Semoga dana jaminan sosial kita selalu sehat ya. Agar pelayanan terhadap masyarakat juga membaik. Support terus @BPJSKesehatanRI #SurplusBPJSKes","1359046238734229508","","","in","Malang, Jawa Timur","0","0","0","https://twitter.com/r_wahyuindah/status/1359046238734229508","1266230724","r_wahyuindah"
"1359042887875391488","Tue Feb 09 07:34:08 +0000 2021","0","Per 31 Desember 2020 Dana Jaminan Sosial (DJS) Kesehatan memiliki saldo sebesar Rp.18 7 triliun. Ini menunjukkan DJS Kesehatan mengalami surplus dan kondisi keuangan dalam keadaan sehat. #SurplusBPJSKes","1359042887875391488","","","in","Jakarta Capital Region, Indone","0","0","0","https://twitter.com/imamiskan/status/1359042887875391488","1274208946027261953","imamiskan"
"1359032620152025089","Tue Feb 09 06:53:20 +0000 2021","3","Sampai akhir tahun 2020 pendanaan program terhitung cukup. Bahkan arus kas atau cashflow Dana Jaminan Sosial Kesehatan (DJS Kesehatan) mulai surplus dan kondisi keuangan berangsur sehat. #SurplusBPJSKes","1359032620152025089","","","in","","3","2","0","https://twitter.com/FionazIsza/status/1359032620152025089","1110352106538450944","FionazIsza"
"1359029381155311617","Tue Feb 09 06:40:28 +0000 2021","3","Hingga akhir tahun 2020 kata Fachmi pendanaan program terhitung cukup. Bahkan arus kas atau cashflow Dana Jaminan Sosial Kesehatan (DJS Kesehatan) mulai surplus dan kondisi keuangan berangsur sehat. https://t.co/25RZHi4PGn #SurplusBPJSKes","1359029381155311617","","","in","surabaya","3","1","0","https://twitter.com/Hanifah_Nila/status/1359029381155311617","58172853","Hanifah_Nila"
"1359028181940854785","Tue Feb 09 06:35:42 +0000 2021","0","Bahkan arus kas atau cashflow Dana Jaminan Sosial Kesehatan (DJS Kesehatan) mulai surplus dan kondisi keuangan berangsur sehat. #SurplusBPJSKes","1359028181940854785","","","in","Bangkalan","0","0","0","https://twitter.com/RiskaNgilan/status/1359028181940854785","157024852","RiskaNgilan"
"1359025039820087296","Tue Feb 09 06:23:13 +0000 2021","3","Saat ini arus kas atau cashflow Dana Jaminan Sosial Kesehatan (DJS Kesehatan) mulai surplus dan kondisi keuangan berangsur sehat #SurplusBPJSKes https://t.co/Lw6MdJbKOV","1359025039820087296","https://pbs.twimg.com/media/Etw6DBTVoAMlG4u.jpg","","in","Bekasi","1","2","3","https://twitter.com/Desty007/status/1359025039820087296","155161935","Desty007"
"1359024805673013248","Tue Feb 09 06:22:17 +0000 2021","3","Jadi sampai akhir tahun 2020 arus kas Dana Jaminan Sosial Kesehatan (DJS Kesehatan) mulai surplus dan kondisi keuangan berangsur sehat. Semoga kedepannya semakin membaik yak biar bisa memberikan pelayanan yang terbaik. #SurplusBPJSKes https://t.co/ClbR5jBCpp","1359024805673013248","https://pbs.twimg.com/media/Etw5lHQVoAAWCIo.jpg","","in","","1","1","0","https://twitter.com/tiamunir/status/1359024805673013248","109173947","tiamunir"
"1359022300096434177","Tue Feb 09 06:12:20 +0000 2021","0","Kondisi cashflow Dana Jaminan Sosial Kesehatan yg berangsur sehat menjadi hal positif untuk keberlangsungan #SurplusBPJSKes","1359022300096434177","","","in","","0","0","0","https://twitter.com/Heloraras/status/1359022300096434177","1144221881106497538","Heloraras"
"1359022274653736961","Tue Feb 09 06:12:14 +0000 2021","0","#SurplusBPJSKes patut kita syukuri artinya arus Dana Jaminan Sosial (DJS) Kesehatan mulai sehat. Karena selama ini biasanya selalu mengalami defisit","1359022274653736961","","","in","Jakarta Timur, DKI Jakarta","0","0","0","https://twitter.com/Giantitan1/status/1359022274653736961","949225334737584129","Giantitan1"
"1359022090788065281","Tue Feb 09 06:11:30 +0000 2021","0","Hingga akhir tahun 2020 kata Fachmi pendanaan program terhitung cukup. Bahkan arus kas atau cashflow Dana Jaminan Sosial Kesehatan (DJS Kesehatan) mulai surplus dan kondisi keuangan berangsur sehat. #SurplusBPJSKes","1359022090788065281","","","in","Lamongan","0","0","0","https://twitter.com/Munasyaroh_Fadh/status/1359022090788065281","1946034596","Munasyaroh_Fadh"
"1359021591380676612","Tue Feb 09 06:09:31 +0000 2021","0","Hingga akhir tahun 2020 kata Fachmi pendanaan program terhitung cukup. Bahkan arus kas atau cashflow Dana Jaminan Sosial Kesehatan (DJS Kesehatan) mulai surplus dan kondisi keuangan berangsur sehat #SurplusBPJSKes https://t.co/VcS2Mlaftd","1359021591380676612","https://pbs.twimg.com/media/Etw27NHVoAMrzIH.jpg","","in","","1","0","0","https://twitter.com/dee_wiwien/status/1359021591380676612","1209742631749615617","dee_wiwien"
"1359020482914181122","Tue Feb 09 06:05:07 +0000 2021","0","Arus cashflow dana jaminan sosial kesehatan mulai surplus dan kondisi keuangan berangsur sehat #SurplusBPJSKes","1359020482914181122","","","in","98mm dari Gadget ","0","1","0","https://twitter.com/mahardika98/status/1359020482914181122","327788714","mahardika98"
"1358989836347088899","Tue Feb 09 04:03:20 +0000 2021","0","Pers dituntut untuk menyiarkan hal-hal secara ilmiah sesuai fakta dan meluruskan informasi palsu atau hoaks yang memicu rusaknya akal sehat. Namun kadang berhadapan dengan pengguna media sosial yang lebih sok tahu dan tak ada otak. Selamat Hari Pers Nasional 2021","1358989836347088899","","","in","Polewali Mandar","0","0","0","https://twitter.com/askaralqadri/status/1358989836347088899","475594316","askaralqadri"
"1358945099938414609","Tue Feb 09 01:05:34 +0000 2021","3","Badan Penyelenggara Jaminan Sosial Kesehatan surpplus RP 18 7 triliun. Hal itu disebabkan kenaikan iuran peserta Jaminan Kesehatan Nasional-Kartu Indonesia Sehat dan menurunnya jumlah kunjungan peserta ke rumah sakit. #Kesehatan #adadikompas https://t.co/huepcmtdL1","1358945099938414609","","","in","Palmerah, Jakarta","2","1","2","https://twitter.com/hariankompas/status/1358945099938414609","255866913","hariankompas"
"1358826369279401984","Mon Feb 08 17:13:46 +0000 2021","0","Assalamualaikum warahmatullahi wabarakatuh Hai teman² sosial media apa kabar? Aku harap kalian semua dalam keadaan baik dan sehat. Melalui postingan ini saya ingin menyampaikan dengan segenap hati dan jiwa. Saya memohon maaf atas segala perilaku yang kurang berkenan atau","1358826369279401984","","","in","","0","0","0","https://twitter.com/nristaf/status/1358826369279401984","519299688","nristaf"
"1358799455990861824","Mon Feb 08 15:26:50 +0000 2021","0","Sosial media kadang bikin mental gak sehat. Gue udah sadar dari lama soal ini seharusnya udah lama juga close ig. Akhirnya baru skrg close ig. Dear aku semoga cepet membaik ya.","1358799455990861824","","","in","Jakarta, Indonesia.","0","0","0","https://twitter.com/ddlionxreyi/status/1358799455990861824","1084421092192571392","ddlionxreyi"
"1358755874634825730","Mon Feb 08 12:33:39 +0000 2021","0","Semasa pandemi kesehatan menjadi fokus banyak orang. Di timeline media sosial kamu pasti menemukan banyak produk kesehatan seperti madu dan vitamin. Ada juga yang berjualan pakaian atau makanan sehat. Kalau kamu sudah berbisnis apa? #finpedia #bisnisonline #pandemi #madu https://t.co/7a1YS6tSgZ","1358755874634825730","https://pbs.twimg.com/media/EttE-fwUcAAnBDs.jpg","","in","Jakarta, Indonesia","0","0","0","https://twitter.com/finpediaid/status/1358755874634825730","1281109984021905408","finpediaid"
"1358721011529572353","Mon Feb 08 10:15:07 +0000 2021","0","Hubungan Laura Anna dan Gaga Muhammad tiba-tiba menjadi sorotan dan viral di media sosial. Laura membeberkan gaya pacarannya dengan Gaga yang tidak sehat sampai akhirnya mereka putus. #TempoSeleb https://t.co/KqbWj8219i","1358721011529572353","","","in","Indonesia","2","4","0","https://twitter.com/tempodotco/status/1358721011529572353","18129942","tempodotco"
"1358702861518004224","Mon Feb 08 09:03:00 +0000 2021","0","Alokasi anggaran bantuan sosial tahun 2021 untuk rakyat. Sumber daya manusia sehat Indonesia sehat dan maju divaksin lebih baik https://t.co/mei6ypjtHN","1358702861518004224","https://pbs.twimg.com/media/EtsF4MuUYAEq2Cv.jpg","","in","","0","0","0","https://twitter.com/LoveToleransi/status/1358702861518004224","1204035483942047745","LoveToleransi"
"1358694649435594752","Mon Feb 08 08:30:22 +0000 2021","1","Ormas baik dibubarkan. Kegiatan sosial pun baik di framing jelek. Hellooo..sehat kan? #StopFramingeFPeI #StopFramingeFPeI","1358694649435594752","","","in","","0","0","2","https://twitter.com/FZA_007/status/1358694649435594752","1264243750408077313","FZA_007"
"1358362494083989506","Sun Feb 07 10:30:30 +0000 2021","0","Pemilik Kartu Indonesia Sehat (KIS) Dapatkan Bantuan Sosial Terpadu (BST) Rp300 Ribu Simak Cara Ceknya https://t.co/x4TqDwLhgW","1358362494083989506","","","in","Jakarta","0","0","0","https://twitter.com/Bagi_Bagiinfo/status/1358362494083989506","2329427112","Bagi_Bagiinfo"
"1358254919547977731","Sun Feb 07 03:23:02 +0000 2021","4","Kehidupan sosial yang kuat dan keteguhan ikigai (formula untuk memenuhi kepuasan hidup yang seimbang) membuat warga Okinawa tetap sehat melewati usia 100 tahun. #userstory https://t.co/SaoTL1UDHz","1358254919547977731","","","in","","0","0","2","https://twitter.com/kumparan/status/1358254919547977731","759692754985242625","kumparan"
"1357998841560064001","Sat Feb 06 10:25:28 +0000 2021","0","Usahakan tetap hidup sehat mental jiwa dan raga. Krn dunia sudah banyak bencana alam hingga bencana sosial.","1357998841560064001","","","in","Surabaya","0","0","0","https://twitter.com/Linggaaawati/status/1357998841560064001","523213736","Linggaaawati"
"1357953141023494146","Sat Feb 06 07:23:53 +0000 2021","1"," Keadilan sosial bagi seluruh rakyat Indonesia Adil lahir dri kearifan. Arif tdk mngkin tnpa akal yng sehat dn hati yang jernih. Kata Pramoedya ananta Toer adil sejak dlm pikiran Arti'a adil mletakkan ssuatu pda tmpatnya ssuai kbutuhannya kualifikasinya dgn urgensitasnya.","1357953141023494146","","","in","Bandung, Indonesia","0","0","0","https://twitter.com/ArgBudy/status/1357953141023494146","1004748578911186945","ArgBudy"
"1357864564549816320","Sat Feb 06 01:31:54 +0000 2021","2","rehat dari sosial media keluar dari circle toxic fokus sama diri sendiri hubungan makin sehat komunikasi sama orangtua makin lancar demi apapun hidup gue nyaman banget sekarang. yang perlu dipikirin cuman mslah kuliah sama merjuangin restu hihi️️","1357864564549816320","","","in","","0","0","1","https://twitter.com/vanilagirlskk/status/1357864564549816320","1293921521291804675","vanilagirlskk"
"1357750838937022465","Fri Feb 05 18:00:00 +0000 2021","0","Assalamualaikum sobat.Ini akun khusus diskusi seni politik sosial budaya dan filsafat.Mari kita saling berinteraksi dengan sehat.","1357750838937022465","","","in","","0","0","0","https://twitter.com/IBacnu/status/1357750838937022465","1357744866109739008","IBacnu"
"1357709688469508097","Fri Feb 05 15:16:29 +0000 2021","8","Yang ada pembatasan sosial silakan nonton di rumah masing-masing Interisti sehat Inter hebat","1357709688469508097","","","in","Indonesia 🇮🇩","0","0","1","https://twitter.com/InterClubIndo/status/1357709688469508097","80051270","InterClubIndo"
"1357620155845513216","Fri Feb 05 09:20:43 +0000 2021","0","Ka.Jawatan Sosial Kap.Kasihan Bpk Medi Siswantara M.Pd. menghadiri Rakor tentang Hidup Sehat di Masa Pandemi di Puskesmas Kasihan 2 dgn nara sumber Dokter Lili &amp; peserta Polsek Babinsa Babinsa Lurah PKK Kader Kasi Kamituwo dr 2 Kalurahan yaitu Tirtonirmolo dan Kal.Ngestiharjo https://t.co/i6uTo5yjcv","1357620155845513216","https://pbs.twimg.com/media/Etc78uMUcAglKUA.jpg","","in","Bantul","0","0","0","https://twitter.com/kec_kasihan/status/1357620155845513216","1222016053405831169","kec_kasihan"
"1357590507141033984","Fri Feb 05 07:22:54 +0000 2021","1","Kamu masih sehat? Udah bahagia belum? Jangan usik lagi ya aktivitas sosial aku. Terima kasih.","1357590507141033984","","","in","","0","1","0","https://twitter.com/seeikocha/status/1357590507141033984","1014780732198141954","seeikocha"
"1357531733151764482","Fri Feb 05 03:29:21 +0000 2021","0"," Sing Penting Bisa Membawa Indonesia Kepada Keadilan Sosial Bagi Seluruh Rakyat Indonesia...Sehat Dan Berkah Padhe @jokowi Dan Seluruh Lapisan Masyarakat Indonesia","1357531733151764482","","","in","Indonesia","0","0","0","https://twitter.com/Kotjo3/status/1357531733151764482","1306651573536264193","Kotjo3"
"1357347343587151885","Thu Feb 04 15:16:39 +0000 2021","0","Satgas Covid-19 Kelurahan dipimpin Kasi Kesra melaksanakan giat Monitoring Pembatasan Sosial Berskala Besar (PSBB) dan Operasi Tertib Masker hari Kamis tanggal 04 Februari 2021 Yuk tetap terapkan protokol kesehatan Covid-19 agar kita tetap sehat dan terhidar dr Covid-19 https://t.co/AmuikuWgdl","1357347343587151885","https://pbs.twimg.com/media/EtZEMZbVoAUfWMm.jpg","","in","Jl Anggrek IV No.01 Jak Sel","0","0","0","https://twitter.com/Kel_KarKun/status/1357347343587151885","3166468723","Kel_KarKun"
"1357243523330830339","Thu Feb 04 08:24:06 +0000 2021","0","Halo wargi sehat al ihsan. Jangan lupa nihhhh yuk Like dan Follow akun media sosial kami yaaa dan Subscribe youtube channel nya juga yaaaa https://t.co/9qvL5U4JA5","1357243523330830339","https://pbs.twimg.com/media/EtXlymoUcAYZQcs.jpg","","in","Provinsi Jawa Barat","0","0","0","https://twitter.com/rsudalihsan/status/1357243523330830339","2193675409","rsudalihsan"
"1357241876248629248","Thu Feb 04 08:17:34 +0000 2021","0","Kabar gembira! Kami akan bagikan 7 Kebiasaan Baik di Kamar Mandi untuk membantu menjaga kesehatan keluarga Anda melalui gaya hidup sehat dimulai dari kamar mandi Anda. Pantau terus media sosial kami untuk mengetahui lebih lanjut. https://t.co/z429YurlZ7","1357241876248629248","https://pbs.twimg.com/media/EtXkSb9VoAEsX92.jpg","","in","Indonesia","0","1","0","https://twitter.com/AMStandard_ID/status/1357241876248629248","884283507488374786","AMStandard_ID"
"1357221690992783362","Thu Feb 04 06:57:21 +0000 2021","0","Banyak akun sosial media tidak sehat. Terlepas dari followers aktif akun sosial media harus 40% aktif. sekalinya ada akun sosmed 40% foll aktif eh buat PAID PROMOTE *peace*","1357221690992783362","","","in","Sukoharjo","0","0","0","https://twitter.com/rizkywij/status/1357221690992783362","578031477","rizkywij"
"1357038788980006916","Wed Feb 03 18:50:34 +0000 2021","1"," beli tanah itu ndak sekedar beli wujud tanah tapi beli lingkungan dan sosial di sekitarnya. Percuma beli tanah dapat harga murah tapi kalau tetangga sekelilingnya ndak sehat akan berpengaruh ke kehidupan anak anakmu kelak _Mama 2021_","1357038788980006916","","","in","Malang, Jawa Timur","0","0","0","https://twitter.com/veiza_alfahmy/status/1357038788980006916","1073063473263726593","veiza_alfahmy"
"1356923978657402882","Wed Feb 03 11:14:21 +0000 2021","0","Media sosial ini mengerikan. Sungguh. Setiap orang bisa mengeluarkan asumsi dari A-Z mengenai privasi orang lain. Menurutku ini sudah nggak sehat. Simpati dan nyemplung dalam masalah kamar orang lain jadi 11-12.","1356923978657402882","","","in","somewheregreeny","0","0","0","https://twitter.com/_clovergreen/status/1356923978657402882","1305919971684356098","_clovergreen"
"1356819034952491009","Wed Feb 03 04:17:21 +0000 2021","0","Bhabinkamtibmas Kalurahan Canden Aiptu Heri Pratama bersama Babinsa dan Staf Sosial Jawatan Jetis serta Ketua PKK Kalurahan Canden laksanakan bantuan boga sehat bagi lansia di wilayah Kalurahan Canden Jetis Bantul . Rabu 03/02/2021 . @PoldaJogja @PolresBantulDIY https://t.co/YWuCK9eyEp","1356819034952491009","https://pbs.twimg.com/media/EtRjtPiUcBMh3bG.jpg","","in","Bantul, Indonesia","0","0","0","https://twitter.com/Polsekjetisbtl/status/1356819034952491009","923733500380844032","Polsekjetisbtl"
"1356796074548027392","Wed Feb 03 02:46:06 +0000 2021","0","Sesungguhnya kita lahir dua kali: 1. melalui rahim ibu sebagai mahluk sehat Dan 2. melalui rahim masyarakat sebagai mahluk sosial.","1356796074548027392","","","in","Bandar Lampung, Lampung","0","0","0","https://twitter.com/FanduHolic/status/1356796074548027392","988859561489547264","FanduHolic"
"1356622914158739459","Tue Feb 02 15:18:02 +0000 2021","0","biar makin sehat jaga kesehatan mental kita yuk salah satunya dengan cerdas literasi sosial. Selain itu pastinya ada banyak hal lain bisa di lakukan https://t.co/otL0FCxJbn","1356622914158739459","","","in","Sleman, Indonesia","0","0","0","https://twitter.com/djokoyugiyanto/status/1356622914158739459","536074749","djokoyugiyanto"
"1356579452101087232","Tue Feb 02 12:25:20 +0000 2021","1","Orang-orang sehat sesuka hati jalan-jalan aslinya yang punya riwayat sakit napas juga pengen karena udah terlalu stress di rumah tapi balik lagi kepikiran kalau kena virus persentase sembuh lebih kecil daripada orang sehat. Gitu ya maksudnya jangan dikira anti sosial :')","1356579452101087232","","","in","Semarang, Jawa Tengah","0","1","0","https://twitter.com/nnhanifaw/status/1356579452101087232","2878305619","nnhanifaw"
"1356538146876395521","Tue Feb 02 09:41:12 +0000 2021","1","Bhabinkamtibmas Kalurahan Ringinharjo mendampingin team boga sehat dari dinas sosial kab bantul. https://t.co/IdmBQkYjLx","1356538146876395521","https://pbs.twimg.com/media/EtNkP8HWYAEpZ6w.jpg","","in","","0","0","0","https://twitter.com/bantul_polsek/status/1356538146876395521","1219796780772032512","bantul_polsek"
"1356528055129235457","Tue Feb 02 09:01:06 +0000 2021","0","Integrasi Kartu Papua Sehat atau KPS ke Badan Penyelenggara Jaminan Sosial (BPJS) Kesehatan tak boleh menghilangkan hak orang asli Papua (OAP) dalam KPS. #PapuanLivesMatter https://t.co/ADemri1oXd","1356528055129235457","","","in","West Papua","0","0","0","https://twitter.com/News_jubi/status/1356528055129235457","1023114824","News_jubi"
"1356514799874498563","Tue Feb 02 08:08:25 +0000 2021","0","Pada hari Selasa tanggal 2 Februari 2021 pukul 10.00 Wib Bhabinkamtibmas Sedayu Bripka M. Rosyid telah melaksanakan giat Sosial memberikan tali asih kepada petugas pemungut sampah Desa Sedayu agar lebih semangat dan Desa Sedayu lebih bersih dan sehat. https://t.co/IvRQdG7AA8","1356514799874498563","https://pbs.twimg.com/media/EtNPBSVUUAYUXaO.jpg","","in","Wonosobo, Indonesia","0","0","0","https://twitter.com/sapuranpolsek/status/1356514799874498563","949559192930562048","sapuranpolsek"
"1356510129940619264","Tue Feb 02 07:49:52 +0000 2021","0","Distribusi bansos boga sehat di wilayah Kalurahan Tirtonirmolo oleh Kepala Jawatan sosial Kapanewon Kasihan pendamping TKPK pendamping TKSK Pendamping boga sehat kalurahan serta ketua PKK Kalurahan Tirtonirmolo pada Hari ini Selasa 2 Februari 2021. https://t.co/D6x1P689t5","1356510129940619264","https://pbs.twimg.com/media/EtNKuSFVkAEwvcV.jpg","","in","Bantul","0","0","0","https://twitter.com/kec_kasihan/status/1356510129940619264","1222016053405831169","kec_kasihan"
"1356509723885899777","Tue Feb 02 07:48:15 +0000 2021","0","Pada hari senin 1 pebruari 2021 jawatan Sosial kapanewon kasihan bersama pendamping TKPK pendamping TKSK beserta pandamping Boga sehat kalurahan bangunjiwo monitoring dan penyaluran boga sehat Berlanjut sambang warga terkait pengajuan jamkesda di dusun goren bangunjiwo. https://t.co/MgF0maPnAX","1356509723885899777","https://pbs.twimg.com/media/EtNKV_CVEAItiRF.jpg","","in","Bantul","0","0","0","https://twitter.com/kec_kasihan/status/1356509723885899777","1222016053405831169","kec_kasihan"
"1356492159919087616","Tue Feb 02 06:38:27 +0000 2021","0","Sebenarnya juga kalau kita mendefinisikan media sosial itu sendiri ya sebagai sistem komunikasi yang 'sehat' tergantung penggunanya. Terus kalo di tanya 'medsos itu kotor dan sebagainya' ya itu balik lagi ke kamu sebagai pengguna kamu bener menerapkan definisi medsos atau tidak","1356492159919087616","","","in","","0","0","0","https://twitter.com/smundaq/status/1356492159919087616","1014767239491301377","smundaq"
"1356139000575090688","Mon Feb 01 07:15:08 +0000 2021","0","Saran untuk nama kebijakan berikutnya TIRANOSAURUS MEGALODON yang artinya TATANAN KEAMANAN RAKYAT INDONESIA DARURAT DAN SOSIAL DALAM MENUJU NEGARA YG AMAN SEHAT DAN LOCKDOWN https://t.co/iOmEYvSl2z","1356139000575090688","https://pbs.twimg.com/media/EtH5OdCVcAMeUCf.jpg","","in","ig: @yogi.gumlr","0","0","0","https://twitter.com/yogigumgum/status/1356139000575090688","291689158","yogigumgum"
"1356112569358934016","Mon Feb 01 05:30:06 +0000 2021","0","Sangat berbahaya pembunuhan karakter seperti ini karena bisa memutus rejeki orang lain dan itu tidak boleh dilakukan. Orang Indonesia harus belajar untuk bisa lebih baik dalam ber sosial media. Kalaupun berdebat debat yang ilmiah dan sehat ga seperti ini ","1356112569358934016","","","in","Екатеринбург, Россия 🇷🇺","0","1","0","https://twitter.com/aryapradanab/status/1356112569358934016","2321766421","aryapradanab"
