"conversation_id_str","created_at","favorite_count","full_text","id_str","image_url","in_reply_to_screen_name","lang","location","quote_count","reply_count","retweet_count","tweet_url","user_id_str","username"
"1718939763275886619","Mon Oct 30 10:35:50 +0000 2023","0","Seluruh program TJSL yang dilakukan tentunya sejalan dengan core bisnis perusahaan yakni mewujudkan kesejahteraan sosial dan membantu meningkatkan kualitas hidup masyarakat guna mendorong pertumbuhan ekonomi yang sehat dengan mempertimbangkan faktor pendidikan kesehatan dan https://t.co/xAqDEjtJhx","1718939763275886619","https://pbs.twimg.com/media/F9rmkAVaMAAmxew.jpg","","in","","0","0","0","https://twitter.com/BUMNPKP_jitu/status/1718939763275886619","1671350194708049921","BUMNPKP_jitu"
"1718894223683174608","Mon Oct 30 07:34:53 +0000 2023","0","Media Sampah banyak sliweran di Media sosial .tugas sebagai pewarta hanya bikin Hoax .tidak mengedukasi kejujuran berita untuk publik . Ini Adalah Jalan Sehat Acaranya H.Najmuddin S.E Dapil No.urut 5 Makassa .","1718894223683174608","","","in","Indonesia","0","0","0","https://twitter.com/DiwandaD/status/1718894223683174608","1645463649329508353","DiwandaD"
"1718702672172519561","Sun Oct 29 18:53:43 +0000 2023","2","ok case clear. wes dadi pelajaran yo nggo koe karo konco-konco mu kui. rak sah do sembrono meneh nyebarke mukane wong ng sosial media. seng sehat yo kei urip ki sawang si nawang di ileng yo koe lan kanca ne oleh ngono ya ngono ning aja ngono. peace.","1718702672172519561","","","in","gf protector || 21 y.o","0","1","0","https://twitter.com/fourthbabies/status/1718702672172519561","1234393645266063363","fourthbabies"
"1718654949918478382","Sun Oct 29 15:44:05 +0000 2023","4","Apapun itu minumannya akal sehat tetap jalan. Karena hidup ini sisa dijalani sesuai hati nurani selamat atas pilihan semua untuk berkeadilan sosial bagi seluruh rakyat Indonesia. Ojo lali bahagia wayahe tak ng️pi sambil menyimak alunan narasi difrekuensi yg sama medso","1718654949918478382","","","in","SIRI'NA PESSE","0","0","0","https://twitter.com/patualanggaAsse/status/1718654949918478382","710763230445113344","patualanggaAsse"
"1718564066443288656","Sun Oct 29 09:42:57 +0000 2023","1","[KEMENTERIAN MEDIA INFORMASI KREATIF] Halooww teman-teman Tak kenal maka tak sayang Yuk kepoin sosial media BEM STTBANDUNG banyak yang menarik loh Yuk buruan jangan sampai ketinggalan Salam sehat dan sukses selalu Hidup Mahasiswa! BEM STT Bandung KABINET AKUSARA https://t.co/0fTZLPbbY9","1718564066443288656","https://pbs.twimg.com/media/F9mQ4EYbwAE1aav.jpg","","in","Bandung, West Java","0","1","0","https://twitter.com/bem_sttbandung/status/1718564066443288656","3242793943","bem_sttbandung"
"1718492657926951089","Sun Oct 29 04:59:12 +0000 2023","0","hal hal yang beneran bikin hari atau plan kamu (diri gua sendiri)berantakan di mulai dari -waktu sholat yang berantakan -makanan yang masuk berlebihan atau terlalu banyak mengonsumsi makanan manis atau gak sehat -isi hp yang berantakan -konsumsi media sosial yang berlebihan https://t.co/WH4o2yeKIg","1718492657926951089","https://pbs.twimg.com/media/F9lP9g7aQAIHeX6.jpg","","in","Sydney ","0","0","0","https://twitter.com/popapotie/status/1718492657926951089","1648990500446425091","popapotie"
"1718483404289949748","Sun Oct 29 04:22:26 +0000 2023","2","Sahabat Sehat Dalam rangka memperingati Hari Cuci Tangan Pakai Sabun (HCTPS) Sedunia Kementerian Kesehatan menghadirkan Festival CTPS dan Bakti Sosial dalam rangka Hari Kesehatan Nasional (HKN) ke-59 tahun 2023. #HKN2023 #HCTPS2023 #CuciTanganLindungiKesehatanku #ditjenp2p https://t.co/KHtCDjuSHC","1718483404289949748","https://pbs.twimg.com/media/F9lHhpSa4AAtb7O.jpg","","in","Jl. H.R. Rasuna Said Blok X-5 ","0","0","0","https://twitter.com/DitjenP2Pkemkes/status/1718483404289949748","209506820","DitjenP2Pkemkes"
"1718457470027456544","Sun Oct 29 02:39:22 +0000 2023","13","Selamat ulang tahun @AU_LiaJKT48 yang ke 21 semoga panjang umur sehat selalu kegiatannya dilancarkan semoga dilancarkan juga skripsinya.. Semoga terus menggemaskan ya tetap menjadi Lia yang sosial butterfly juga . Sekali lagi happy birthday Lia #Liamoroll21stBday https://t.co/uuaZo9i2Tp","1718457470027456544","https://pbs.twimg.com/media/F9kv12taMAARim9.jpg","","in","","0","0","4","https://twitter.com/MhilmyC/status/1718457470027456544","1236606483220975617","MhilmyC"
"1718400099582423101","Sat Oct 28 22:51:24 +0000 2023","1","Media sosial sudah kurang sehat lagi buat saya. Isinya selalu tentang hal-hal yang memusingkan.","1718400099582423101","","","in","","1","0","0","https://twitter.com/Fncityx/status/1718400099582423101","1496070367328497668","Fncityx"
"1718313785528815763","Sat Oct 28 17:08:25 +0000 2023","2","Selamat Ulang Tahun Si sosial butterfly ku Semoga Panjang Umurmu Sehat dan sukses selalu dimanapun kamu berada Semoga apa yang kamu semogakan segera bisa terwujud. Aamiin @Liamelior @AU_LiaJKT48 #LiaCe21aSeha21Ha21SetiapHa21 https://t.co/UBwNswJlya","1718313785528815763","https://pbs.twimg.com/media/F9itSAqacAAtT2_.jpg","","in","","0","0","3","https://twitter.com/Red_Zone_JKT48/status/1718313785528815763","1692730356183769088","Red_Zone_JKT48"
"1718184839529283701","Sat Oct 28 08:36:02 +0000 2023","0","Kerjaan aman finansial stabil sosial sehat romansa saja yang berdarah-darah. ","1718184839529283701","","","in","","0","0","0","https://twitter.com/perihalduniawi/status/1718184839529283701","1071450004445847552","perihalduniawi"
"1718125505646669890","Sat Oct 28 04:40:16 +0000 2023","0","Kacau ya perbedaan sosial bilang terima kasih gak ada expresinya sama sekali masih bagus anaknya gw temuin lagi bingung nyari mamanya sambil nangis sehat sehat ya bu jangan ditinggal lagi anaknya","1718125505646669890","","","in","","0","0","0","https://twitter.com/Parwantoro1974/status/1718125505646669890","1716699853152276480","Parwantoro1974"
"1718081604516810830","Sat Oct 28 01:45:49 +0000 2023","0","Alhamdulillah Buku RADIKALISME DI MEDIA SOSIAL karya Bib Muhammad Nuruzzaman sdh sampai. Terimakasih untuk kirimannya Bib. Semoga sehat selalu https://t.co/M97UlZiuvD","1718081604516810830","https://pbs.twimg.com/ext_tw_video_thumb/1718081566256279552/pu/img/gNY5Op5rtJluxuHf.jpg","","in","Indonesia","0","0","0","https://twitter.com/sudarman_bolo/status/1718081604516810830","811751299242786817","sudarman_bolo"
"1717519341934305695","Thu Oct 26 12:31:35 +0000 2023","0","PBNU telah menyiapkan rangkaian kegiatan yang berkolaborasi dengan Kemenag dari kirab shalawat jalan sehat bakti sosial dan perbagai perlombaan. https://t.co/Z5gIgyPT3L","1717519341934305695","","","in","Surabaya","0","0","0","https://twitter.com/ngopibareng_id/status/1717519341934305695","1291246080269545472","ngopibareng_id"
"1717504356126478742","Thu Oct 26 11:32:02 +0000 2023","1","emang kalo lagi ngerasa batin ga sehat bawaannya pengen marah-marah dan gampang emosi. mending jauhin sosial media deh. lo bakal jadi salah satu orgil kalo baca yg sebenernya ga harus lo debatin tapi akhirnya lo kepancing karena emosi emosi lo sebelumnya.","1717504356126478742","","","in","","0","0","0","https://twitter.com/sophrosyln/status/1717504356126478742","2500572342","sophrosyln"
"1717394838126281117","Thu Oct 26 04:16:51 +0000 2023","0","Purworejo - Guna mewujudkan wilayah Kelurahan binaan yang sehat Babinsa Koramil 01/Purworejo Serma M. Pakriyani melaksanakan Komunikasi Sosial bersama Bidan Kelurahan di Klinik Kelurahan Keseneng Kecamatan Purworejo Kabupaten Purworejo. https://t.co/oWtwULRXvN","1717394838126281117","https://pbs.twimg.com/media/F9VpgFwbgAAyvtj.jpg","","in","","0","0","0","https://twitter.com/PENRAMIL01/status/1717394838126281117","1433245451164131336","PENRAMIL01"
"1717288673920917848","Wed Oct 25 21:15:00 +0000 2023","0","Sri Mulyani bilang Kartu Indonesia Sehat (KIS) untuk lansia dan Dana Abadi Pesantren sudah ada dalam penggunaan anggaran perlindungan sosial (perlinsos) sebesar Rp487 triliun. https://t.co/afC95ZWhis https://t.co/53uQCmF1is","1717288673920917848","https://pbs.twimg.com/media/F9S2rE8a4AAqM6C.jpg","","in","DKI Jakarta, Indonesia","0","0","1","https://twitter.com/voidotid/status/1717288673920917848","1186946650595418116","voidotid"
"1717155169824366728","Wed Oct 25 12:24:30 +0000 2023","0","Yth. Pak @mohmahfudmd. Semoga anda sehat selalu. Kami rakyat Indonesia mengusulkan agar anda utk mengundurkan diri sebagai Menkopolkam setelah anda ditetapkan sebagai cawapres oleh KPU nanti agar kita tidak bingung melihat fenomena sosial politik Indonesia saat ini.","1717155169824366728","","","in","Jakarta","0","0","0","https://twitter.com/riharsya/status/1717155169824366728","63587962","riharsya"
"1716786784569569713","Tue Oct 24 12:00:40 +0000 2023","30","Film yang tanpa basa-basi mengangkat isu budaya media sosial yang tidak sehat mental health hingga bullying nasib para guru serta banyak hal lainnya yang terkadang luput dari perhatian kita. Didukung penampilan gemilang dan luar biasa dari para castnya #BudiPekerti wajib https://t.co/UfOT11Pn3O","1716786784569569713","https://pbs.twimg.com/media/F9NAewxbwAAK15Y.jpg","","in","CINEMA !","1","1","14","https://twitter.com/moviegoersID/status/1716786784569569713","522919955","moviegoersID"
"1716717939964162529","Tue Oct 24 07:27:06 +0000 2023","153","Sobat BRI jika menemukan Fraudster yang mengatasnamakan BRI segera laporkan dengan hubungi Sabrina di nomor 0812-12-14017. Pastikan Sobat hanya menghubungi akun media sosial BRI yang sudah terverifikasi. Sukses dan sehat selalu ya. #BRIEdukasi https://t.co/hdo46Uiro1","1716717939964162529","https://pbs.twimg.com/media/F9MBzrQacAAzMvA.jpg","","in","Jl Jend Sudirman 44-46 Jakarta","0","8","8","https://twitter.com/kontakBRI/status/1716717939964162529","1355925366","kontakBRI"
"1716702897428373991","Tue Oct 24 06:27:20 +0000 2023","1","Have fun oreli.. @AU_LiaJKT48 tp km sehat kan? *Pegang jidat dikit anget si.. masa km si extorvert sosial bateflay suka sendirian?? Gasalah?? #LiaChat hospital playlist dr judul ny yg paling soundtrack ny ga si? Itu cast ny beneran belajar nge band buat film ny.. dedicated ","1716702897428373991","","","in","Surakarta, Jawa Tengah","0","0","0","https://twitter.com/DagDigDugDeerr/status/1716702897428373991","2303201406","DagDigDugDeerr"
"1716637325810360322","Tue Oct 24 02:06:46 +0000 2023","3","Forum INKLUSI SOSIAL Inspirasi Ahad Pagi Gerakan Mewujudkan Masyarakat Sehat Berkemajuan Ikuti Akun Media Sosial Kami di Link Berikut ini: https://t.co/t2e9WYyrxx #muhammadiyah #aisyiyah #tvmujogja #tvmuhammadiyah https://t.co/2a7jjnZRVa","1716637325810360322","https://pbs.twimg.com/media/F9K4bWoaIAAm_8C.jpg","","in","Yogyakarta, D.I.Y","0","0","1","https://twitter.com/tvmujogja_/status/1716637325810360322","1445239305237000196","tvmujogja_"
"1716588828214054912","Mon Oct 23 22:54:03 +0000 2023","0","Tebar kedamaian walau serendah apapun status sosial sahabat dan musuh karena sahabat dan musuh punya nurani dan nurani pasti tulus dan suci. Pinjam dulu seratus. Selamat pagi semoga senantiasa sehat dan sukses. Menyapa Manusia Dengan Cinta I Love Indonesiaku️🇮🇩 https://t.co/1VvGtE6o90","1716588828214054912","https://pbs.twimg.com/media/F9KMcSBa0AAcrId.jpg","","in","Bogor, Jawa Barat","0","0","0","https://twitter.com/affan_hm/status/1716588828214054912","1409675476193275904","affan_hm"
"1716441009599725809","Mon Oct 23 13:06:41 +0000 2023","0","Selamat malam salam sejahtera utk kita semuanya Saya bermedia sosial hanya posting selain politik pemilu dan berbau Sara Postingan saya sekitar Cuan hiburan dan Bisnis dan lain2 mari kita ciptakan bermedia sosial yg sehat dan teratur Salam sehat dan cuan selalu https://t.co/pRhHSBLkHf","1716441009599725809","https://pbs.twimg.com/media/F9IEjtdbAAATDu9.jpg","","in","DKI Jakarta, Indonesia","0","0","0","https://twitter.com/ReviewSosialita/status/1716441009599725809","1683143676414009344","ReviewSosialita"
"1716387269618389351","Mon Oct 23 09:33:08 +0000 2023","1","Dana Jaminan Sosial Sehat Layanan Bagi Peserta BPJS Jadi Semakin Hebat! https://t.co/YWw6zKfl9y https://t.co/nCmmT6Xh7O #BPJSKesehatan #GotongRoyong #Inisiatif #MakinMudah #MakinCepat #SemuaSetara","1716387269618389351","","","in","Indonesia","0","0","0","https://twitter.com/BPJSKesehatanRI/status/1716387269618389351","1522337929","BPJSKesehatanRI"
"1716106194929287531","Sun Oct 22 14:56:15 +0000 2023","2","Relawan Sintawati Gerakkan Masyarakat Jaksel Hidup Sehat dan Kegiatan Sosial Tebus Murah Sembako https://t.co/oQafkmNq2z","1716106194929287531","","","in","","0","0","1","https://twitter.com/VIVAcoid/status/1716106194929287531","41730943","VIVAcoid"
"1715973445258018950","Sun Oct 22 06:08:45 +0000 2023","1","&gt;Akal sehat &gt;Pikiran cerdas &gt;Cinta diri &amp; cinta sosial &gt;Semangat hidup &amp; tubuh sehat &gt;Pengetahuan &gt;Kecakapan &gt;IMAJINASI &gt;RASA KEINDAHAN &gt;RASA SENI &gt;UANG &gt;KEBERUNTUNGAN https://t.co/2YmfB4pOuA","1715973445258018950","","","in","SAMPIT, KalTeng, INDONESIA+62","0","0","0","https://twitter.com/Budi_2232/status/1715973445258018950","1203075185420599296","Budi_2232"
"1715947926017737070","Sun Oct 22 04:27:20 +0000 2023","2","Pengumuman! Ayo daftarkan sekolahmu untuk mengikuti lomba Gala Kreasi Video Kampanye Sekolah Sehat 2023! Unggah video terbaik sekolahmu seputar penerapan KSS di sosial media. info selengkapnya dapat diakses melalui laman https://t.co/j85qKJ40FD #KampanyeSekolahSehat https://t.co/1nq861kb7u","1715947926017737070","https://pbs.twimg.com/media/F9BFh2ebQAACvVj.jpg","","in","Jawa Barat, Indonesia","0","0","0","https://twitter.com/BBPMP_Jabar/status/1715947926017737070","803251250217136128","BBPMP_Jabar"
"1715939183133659324","Sun Oct 22 03:52:36 +0000 2023","6","[FORUM INKLUSI SOSIAL INSPIRASI AHAD PAGI] Sosialisasi Perilaku Hidup Bersih dan Sehat (PHBS) dan clubfoot (kaki pengkor) oleh Tim MENTARI Clubfoot MPKU PP Muhammadiyah. #KabarMPM #Muhammadiyah #INSPIRASIAHADPAGI https://t.co/8xMnBlW8tJ","1715939183133659324","https://pbs.twimg.com/media/F9A9kzRakAArUUh.jpg","","in","Indonesia","0","0","0","https://twitter.com/kabarmpm/status/1715939183133659324","464360157","kabarmpm"
"1715906772253507758","Sun Oct 22 01:43:49 +0000 2023","0","Resep Herba HNI IKHTIAR sehat bersama HNI.. InsyaAllah.. Biidznillah #tonsil #Amandel #wasir #ambeien #absespayudara #hni #hnidepok #hnitopteam Dapatkan info mengenai HNI di akun media sosial HNI TOPTEAM: https://t.co/TvmJiDYVnE https://t.co/M12FxjFodf https://t.co/8ewWRenGmG","1715906772253507758","https://pbs.twimg.com/media/F9AgHFRaYAAFcRv.jpg","","in","Bogor, Jawa Barat","0","0","0","https://twitter.com/tantyosipa/status/1715906772253507758","235679908","tantyosipa"
"1715861958233366828","Sat Oct 21 22:45:44 +0000 2023","0","Rapatkan barisan! Pertarungan baru dimulai ngga penting siapa yang menang dan kalah. Yang penting kita percaya pada akal sehat &amp; hati nurani dan menolak sekaligus melawan siapapun yang nafsu untuk berkuasa tanpa memperdulikan azas keadilan sosial untuk seluruh rakyat Indonesia!","1715861958233366828","","","in","Jakarta, Indonesia.","0","0","0","https://twitter.com/AmienKamil/status/1715861958233366828","2392016114","AmienKamil"
"1715673897516097992","Sat Oct 21 10:18:27 +0000 2023","3","Jakarta 21 Oktober 2023 BRAND S® Sari Pati Ayam bersama Paguyuban Sosial Marga Tionghoa Indonesia (PSMTI) berikan 2.500 Sari Pati Ayam kepada Palang Merah Indonesia (PMI) Provinsi DKI Jakarta sekaligus mempromosikan Donor Darah untuk Indonesia Sehat . #donordarahjakarta https://t.co/vDKNOnUN4v","1715673897516097992","https://pbs.twimg.com/media/F89MN6TaQAAOwl4.jpg","","in","Jl.Kramat Raya No.47 Jakarta Pusat","0","0","1","https://twitter.com/dondar_jakarta/status/1715673897516097992","889458150264381441","dondar_jakarta"
"1715564391129919722","Sat Oct 21 03:03:19 +0000 2023","0","Akibat hilangnya akal sehat dan rasa peduli....buat apa ada dinas sosial dan panti jompo kalau masih ada begini dibiarkan saja","1715564391129919722","","","in","","0","0","0","https://twitter.com/rubah007/status/1715564391129919722","988987837239377920","rubah007"
"1715379391830876233","Fri Oct 20 14:48:11 +0000 2023","1","Gapapa ka Ino detox social media tuh enak banget loh. Aku pernau detox social media 2 malam 3 hari karena ada kegiatan pramuka waktu SMA dan lebih fokus sama orang² sekitar itu rasanya nyaman bgt ga megang hp dan cek sosial media Semoga ka ino sehat selalu","1715379391830876233","","","in","read carrd byf. || 20+","0","0","0","https://twitter.com/scorpiuslino/status/1715379391830876233","1323877543158583296","scorpiuslino"
"1715315211035656316","Fri Oct 20 10:33:09 +0000 2023","0","Sehat tidak hanya berkaitan dengan keadaan sejahtera fisik saja melainkan didukung dengan sehat mental dan sosial. #userstory https://t.co/Xbhmrs1uwY","1715315211035656316","","","in","","0","0","0","https://twitter.com/kumparan/status/1715315211035656316","759692754985242625","kumparan"
"1715294330263670944","Fri Oct 20 09:10:11 +0000 2023","0","Komitmen pada keadilan sosial dan kompetisi yang sehat sangat kentara dalam pandangan kedua calon ini Ganjar Mahfud 2024 https://t.co/Tuk6xPNj95","1715294330263670944","https://pbs.twimg.com/media/F83zGZKaQAAQmOY.jpg","","in","Gorontalo","0","0","0","https://twitter.com/novianfaisalll/status/1715294330263670944","1689159852818644992","novianfaisalll"
"1715259351747957021","Fri Oct 20 06:51:12 +0000 2023","1","JALAN SEHAT &amp; BAKTI SOSIAL DALAM RANGKA HUT KE 5 PA dan PN DATARAN HUNIMOA (20/10) Seram Bagian Timur 20 Oktober 2023 Pengadilan Agama dan Pengadilan Negeri Dataran Hunimoa melaksanakan kegiatan Jalan Sehat &amp; Bakti Sosial dalam rangka HUT ke 5 Tahun Pengadilan Berdiri https://t.co/sjACPEZOdm","1715259351747957021","https://pbs.twimg.com/media/F83TG92a4AAXtsf.jpg","","in","Kabupaten Seram Bagian Timur ","0","0","0","https://twitter.com/pa_dat_hunimoa/status/1715259351747957021","1643040743915917315","pa_dat_hunimoa"
"1715002832666104268","Thu Oct 19 13:51:53 +0000 2023","0","[ OPEN DONASI BAKTI SOSIAL JAKMER 2023 ] Hallo sobat Gimana nih kabarnya? semoga kalian semua dalam keadaan sehat dan bahagia yaa https://t.co/q5yKU7zXST","1715002832666104268","https://pbs.twimg.com/media/F8zp_Ipa4AAmzBA.jpg","","in","","0","1","0","https://twitter.com/bzuzzy/status/1715002832666104268","1412769385249316869","bzuzzy"
"1714965716770894071","Thu Oct 19 11:24:24 +0000 2023","0","[PENYULUHAN RUTIN DI RSBN] Hai Sobat Sehat! Setiap Rabu minggu pertama Petugas Puskesmas Janti mendapatkan kesempatan untuk melakukan penyuluhan kesehatan di Rehabilitasi Sosial Bina Netra (RSBN). https://t.co/MvQelypFUX","1714965716770894071","https://pbs.twimg.com/media/F8zIKxsaUAAk-HT.jpg","","in","Jl. Janti Barat no. 88, Sukun","0","1","0","https://twitter.com/janticare/status/1714965716770894071","1294491727311470592","janticare"
"1714809851845767245","Thu Oct 19 01:05:02 +0000 2023","0","Sehat sellu buat pak @aniesbaswedan Dan @cakimiNOW Semoga di berikan kemudahan serta ke suksesan hingga di lantik menjadi presiden dan wakil presiden 2024-2029 demi mewujudkan keadilan sosial bagi seluruh rakyat indonesia.","1714809851845767245","","","in","","0","0","0","https://twitter.com/SuriAdi04863979/status/1714809851845767245","1630256942424928257","SuriAdi04863979"
"1714691277101691022","Wed Oct 18 17:13:52 +0000 2023","0","Hyunsuk : vlog jalan/belanja Jihoon : gym Junkyu : game Yoshi : main sama binatang Jaehyuk : sosial eksperiment Asahi : hunting tempat wisata/buat prank Doyoung : tutorial hidup sehat Haruto : jalan jalan sama keluarga Jeongwoo : cover song Junghwan : mukbang","1714691277101691022","","","in","","0","0","0","https://twitter.com/Baobxai/status/1714691277101691022","1633521797625946112","Baobxai"
"1714604783091478808","Wed Oct 18 11:30:10 +0000 2023","0","sumpah ya media sosial bener-bener gak sehat buat guee!!","1714604783091478808","","","in","Personal Account!","0","0","0","https://twitter.com/pookiemax__/status/1714604783091478808","1527519664149889024","pookiemax__"
"1714603693633581198","Wed Oct 18 11:25:51 +0000 2023","6","Undangan tentang kegiatan jalan sehat hari santri tahun 2023 pun tersebar melalui berbagai akun media sosial. Sebelumnya sudah ada Seminar Santri dan Kiai setelah itu ada pula Lomba-lomba antar santri pesantren. Nah yang ketiga ini adalah jalan sehat yang diikuti 10 ribu warga https://t.co/dkPBm2teDa","1714603693633581198","https://pbs.twimg.com/media/F8t-94caIAAHrVF.jpg","","in","🇮🇩","0","4","3","https://twitter.com/elsaday__/status/1714603693633581198","1316243860280889345","elsaday__"
"1714206636209029352","Tue Oct 17 09:08:05 +0000 2023","5","Kunci penguatan demokrasi terletak pada partai politik yang sehat dan berperan aktif dalam menjaga stabilitas sosial politik serta organisasi kemasyarakatan yang kritis dan berdaya. @ganjarpranowo #GanjarJagaDemokrasi https://t.co/ZgZeR8tobZ","1714206636209029352","https://pbs.twimg.com/media/F8oV2TBaYAAvNGh.jpg","","in","","0","0","2","https://twitter.com/kenhans03/status/1714206636209029352","3270403033","kenhans03"
"1714182204626989384","Tue Oct 17 07:31:00 +0000 2023","1","sehat bukan hanya tentang fisik tapi juga tentang keadaan mental dan sosial seseorang.","1714182204626989384","","","in","","0","0","0","https://twitter.com/lavaspajogja/status/1714182204626989384","1324412748","lavaspajogja"
"1714132399259615675","Tue Oct 17 04:13:05 +0000 2023","51","Sejumlah kegiatan telah disiapkan oleh PBNU dalam rangka memperingati Hari Santri 2023 diantaranya kirab shalawat jalan sehat bakti sosial dan perlombaan. Kegiatan #HariSantri2023 berkolaborasi dengan Kementerian Agama (Kemenag). Berikut rangkaian kegiatannya: #NUOnline https://t.co/peZUiBsFgE","1714132399259615675","https://pbs.twimg.com/ext_tw_video_thumb/1714132275573780480/pu/img/21L7p7YzewkIJzpw.jpg","","in","Indonesia","0","1","9","https://twitter.com/nu_online/status/1714132399259615675","214818815","nu_online"
"1713900244772233216","Mon Oct 16 12:50:35 +0000 2023","0","5 Perilaku Tak Sehat di Media Sosial Bikin Orang Malas Berinteraksi https://t.co/1Uoc2IiThj","1713900244772233216","","","in","Sumatera Selatan, Indonesia","0","0","0","https://twitter.com/IDNTimesSumsel/status/1713900244772233216","1318860486759182336","IDNTimesSumsel"
"1713823462916260206","Mon Oct 16 07:45:29 +0000 2023","374","Tujuan joging atau senam aerobik agar badan sehat dan langsing tapi banyak yang pakai pakaian ketat mengumbar aurat bahkan tak jarang live di sosial media. Inilah zaman dimana orang lebih takut kepada beratnya badan daripada beratnya dosa. - Habibie Quotes","1713823462916260206","","","in","","4","0","94","https://twitter.com/ahmadtaqy_/status/1713823462916260206","1397066537882640386","ahmadtaqy_"
"1713816675899134088","Mon Oct 16 07:18:31 +0000 2023","8","Ucapan yang positif itu banyak manfaatnya lho seperti: 1. Mengurangi stress 2. Mempererat hubungan sosial 3. Memperbaiki kesehatan tubuh 4. Melindungi diri dari pengaruh negatif Ucapan yang sehat bisa didapat karena punya mulut yang sehat! #BerawalDariMulutSehat https://t.co/hdVYHiYdwN","1713816675899134088","https://pbs.twimg.com/media/F8iy9_AaoAAZbBt.jpg","","in","Indonesia","0","0","0","https://twitter.com/SystemaOralCare/status/1713816675899134088","1523948462","SystemaOralCare"
"1713730146631594144","Mon Oct 16 01:34:41 +0000 2023","5","PP Ikastara baru aja selesai mengadakan kegiatan sosial di beberapa lokasi bersama YTBN ILUNI UI Polsek Mampang dan Paramita Dental. Kegiatan ini diinisiasi oleh ketua Gerakan Sobat Sehat Sri Gusni Febriasari dengan tema Gotong Royong Cegah Stunting . https://t.co/rHqk9eoyNL","1713730146631594144","https://pbs.twimg.com/media/F8hkdFeakAA5h5n.jpg","","in","Magelang, Jawa Tengah","0","0","0","https://twitter.com/SMATN/status/1713730146631594144","169086797","SMATN"
"1713696896643219737","Sun Oct 15 23:22:33 +0000 2023","2","Negara Palestina harus diakui. Penjahat perang Netanyahu harus diseret ke pengadilan. (Ione Belarra - Menteri Sosial Spanyol) *Beberapa orang Eropa masih punya hati dan akal sehat. https://t.co/TUZesmw30R","1713696896643219737","","","in","","0","0","1","https://twitter.com/HH__ONE/status/1713696896643219737","1618016214768578560","HH__ONE"
"1713593940925133261","Sun Oct 15 16:33:27 +0000 2023","0","Cutt off orang dari sosial media sepenting itu ternyata untuk sesuatu yang ga lagi sehat untuk dilihat.","1713593940925133261","","","in","","0","0","0","https://twitter.com/alfshinta29/status/1713593940925133261","1445563563280527362","alfshinta29"
"1713538861740212698","Sun Oct 15 12:54:35 +0000 2023","0","Dinsos Pekanbaru Imbau Warga Aktifkan KIS di Puskesmas Terdekat: https://t.co/fvfXioYa49 -Dinas Sosial (Dinsos) Kota Pekanbaru mengimbau warga agar selalu mengaktifkan Kartu Indonesia Sehat (KIS). Pengaktifan KIS bisa dilakukan di puskesmas terdekat. https://t.co/w22487E0AM https://t.co/nCG7BkOsIh","1713538861740212698","https://pbs.twimg.com/media/F8e2g6ia0AACz5g.jpg","","in","","0","0","0","https://twitter.com/Riau1Official/status/1713538861740212698","984647597699751937","Riau1Official"
"1713504493470699561","Sun Oct 15 10:38:01 +0000 2023","0","Semangat aksi sosial yang sangat luar biasa dari teman-teman ganjar. Berkat aksi sosial sopir truk ganjar lingkungan bersih asri dan sehat.","1713504493470699561","","","in","","0","0","0","https://twitter.com/0583Styana/status/1713504493470699561","1708736627223535616","0583Styana"
"1713497903304736958","Sun Oct 15 10:11:50 +0000 2023","0","Satpol PP Prov.Lampung melaksanakan pengamanan &amp; pengawalan kegiatan Gubernur Lampung pada acara Launching Warung Sehat Binaan Kimia Farma Apotek Tahun 2023 &amp; Penyerahan Bantuan Sosial Berupa Kursi Roda &amp; Sembako di BUM Desa Endra Raman Endra Kec.Raman Utara Kab.Lamtim. https://t.co/EdwhR0JfRC","1713497903304736958","https://pbs.twimg.com/media/F8eRQchasAAlbYx.jpg","","in","lampung","0","1","0","https://twitter.com/prajawibawalam1/status/1713497903304736958","1486915145787850752","prajawibawalam1"
"1713420460921426413","Sun Oct 15 05:04:06 +0000 2023","34","Maap saya terlalu oversharing di sosial media (Ini adalah dampak dimana stigma laki-laki dipandang lemah karena membuka diri tentang masalah pribadi oleh karena itu bnyk lelaki tidak mempunyai cara sehat untuk ekspresikan masalah mereka)","1713420460921426413","","","in","Jakarta Capital Region","0","1","9","https://twitter.com/rohani_alip/status/1713420460921426413","878592221519372288","rohani_alip"
"1713416448486654324","Sun Oct 15 04:48:09 +0000 2023","0","Tahun Politik kita berharap adem ayem bersaing sehat dan bergembira....beda itu wajar dan hak....mari mulai dari diri kita utk mnciptakan itu. Hindari hoaks posting2 yg mngandung hal2 negatif.. Tetap kontrol dan bijak dlm bermedia sosial. #ra perlu podo sikut sikutan.","1713416448486654324","","","in","Pekalongan Barat, Indonesia","0","0","0","https://twitter.com/aruman77447998/status/1713416448486654324","3532432574","aruman77447998"
"1713374672321146891","Sun Oct 15 02:02:09 +0000 2023","9","Acara bakti sosial yg digelar Gapopin spt pengecekan mata gratis dan pembagian kecamatan gratis sangat bermanfaat bagi masyarakat yg ingin matanya sehat Terimakasih Gapopin #GapopinLoveYourEyes https://t.co/L9zuXX12DY","1713374672321146891","https://pbs.twimg.com/ext_tw_video_thumb/1713374649051238400/pu/img/ImS8YoHDzs5H4OYD.jpg","","in","","0","2","8","https://twitter.com/Bambiboo81/status/1713374672321146891","1371718668686557184","Bambiboo81"
"1713016338191708421","Sat Oct 14 02:18:15 +0000 2023","0","Jeno tolong lah... muncul jen... temen gw hampir gila jen.. di smw media sosial status nya begini jen Kek nya klw pny nomor lu dia akan tlp lu dan blg jeno kamu lagi apa ? sehat kan jen ? ","1713016338191708421","","","in","Indonesia","0","1","1","https://twitter.com/_foxfairy/status/1713016338191708421","2467224817","_foxfairy"
"1712974379972542508","Fri Oct 13 23:31:32 +0000 2023","0","Lebih mulia apabila kesalehan sosial itu digemakan untuk disekeliling terlebih dahulu. Selamat pagi semoga senantiasa sehat dan sukses. Menyapa Manusia Dengan Cinta I Love Indonesiaku️🇮🇩 https://t.co/o49A8GhmCN","1712974379972542508","https://pbs.twimg.com/media/F8W1HrtaYAAXxdT.jpg","","in","Bogor, Jawa Barat","0","0","0","https://twitter.com/affan_hm/status/1712974379972542508","1409675476193275904","affan_hm"
"1712680238122254380","Fri Oct 13 04:02:43 +0000 2023","3","Jantho - Prajurit Yonif 117/KY melaksanakan aksi Bakti Sosial yang bertajuk Jumat Berkah dengan membagikan makanan sehat kepada Masyarakat Ds. Teureubeh Kec. Kota Jantho. Kab. Aceh Besar. Jumat (13/10/2023) https://t.co/sTgRDvFXZm","1712680238122254380","https://pbs.twimg.com/media/F8SpmPFaIAAsC1R.jpg","","in","Kota Banda Aceh, Provinsi Aceh","0","0","0","https://twitter.com/kodam_im/status/1712680238122254380","4495974920","kodam_im"
"1712540828512776659","Thu Oct 12 18:48:45 +0000 2023","0","Emang bener yahh mental sehat itu perlu. Beruntung bgt gw pernah kuliah d jkt dan bisa tau sikon d jkt gimana dan budaya d sana gimana.. jujur yg bkin org jd terpuruk adalah sosial media.. sangat menyeramkan jika kita d kendalikan org sosmed.. h","1712540828512776659","","","in","ÜT: 0.892007,108.982177","0","0","0","https://twitter.com/gid_dizzy/status/1712540828512776659","88577333","gid_dizzy"
"1712411855208251448","Thu Oct 12 10:16:16 +0000 2023","727","Kan w lagi ngajar aja biasa tentang materi interaksi sosial tu. Lagi bahas tentang persaingantp ga expect celetukannya gini Persaingan sehat itu kira2 gimana contohnya? Makan buah bu ","1712411855208251448","","","in","ig : @/todayis.molen","1","16","12","https://twitter.com/armaraher/status/1712411855208251448","1398809398496006146","armaraher"
"1712377333347491920","Thu Oct 12 07:59:05 +0000 2023","2","Ayo daftarkan sekolahmu untuk mengikuti lomba Gala Kreasi Video Kampanye Sekolah Sehat 2023! Unggah video terbaik sekolahmu seputar penerapan Kampanye Sekolah Sehat di sosial media (Instagram Tik Tok &amp; Facebook). https://t.co/BPg3zDO5R7","1712377333347491920","https://pbs.twimg.com/media/F8OV6Yda0AA3Gxw.jpg","","in","PekanBaru, Riau","0","1","0","https://twitter.com/BPMP_RIAU/status/1712377333347491920","1063081036098101248","BPMP_RIAU"
"1712312841708150792","Thu Oct 12 03:42:49 +0000 2023","1","Menurut Nimaz kesehatan jiwa adalah kondisi kesejahteraan psikologis emosional dan sosial individu di mana seseorang dapat mengatasi stres berinteraksi secara sehat dengan lingkungan serta meraih potensi pribadi secara optimal #HKJS2023 #SehatJiwabagiSemuaOrang","1712312841708150792","","","in","Jakarta Selatan, DKI Jakarta","0","0","1","https://twitter.com/EfaButar2/status/1712312841708150792","467361306","EfaButar2"
"1712129596706197872","Wed Oct 11 15:34:40 +0000 2023","1","Selalu respect terhadap Ronaldo yang memiliki gaya hidup sehat dan aktifis sosial https://t.co/zWcQiDUxzR","1712129596706197872","https://pbs.twimg.com/media/F8K0y1Vb0AA_Lu1.jpg","","in","","0","0","0","https://twitter.com/alnassrid/status/1712129596706197872","1671439396942512128","alnassrid"
"1712091290471391550","Wed Oct 11 13:02:27 +0000 2023","0","Penyakit kelamin satu ini genore lagi viral di media sosial.Sobat Sehat perlu berhati-hati kenali tanda dan gejalanya di bawah ini! #hellosehat https://t.co/gtHlj0Zh8t","1712091290471391550","","","in","Jakarta Capital Region","0","0","0","https://twitter.com/HelloSehat/status/1712091290471391550","4620595760","HelloSehat"
"1712046461733716384","Wed Oct 11 10:04:19 +0000 2023","0","Semarak HUT ke-24 Kabupaten Landak Cornelis menggelar kegiatan senam sehat hingga bakti sosial. Mangga #GanjarPresiden #PDIPerjuangan https://t.co/iTmDphNlEf","1712046461733716384","https://pbs.twimg.com/media/F8JpLl9acAAFV10.jpg","","in","Jakarta","0","0","0","https://twitter.com/SusantiLuthfia/status/1712046461733716384","1630742507410825217","SusantiLuthfia"
"1712040526365819085","Wed Oct 11 09:40:44 +0000 2023","0","Semarak HUT ke-24 Kabupaten Landak Cornelis menggelar kegiatan senam sehat hingga bakti sosial. Mangga #GanjarPresiden #PDIPerjuangan https://t.co/3H6vHf6eIp","1712040526365819085","https://pbs.twimg.com/media/F8JjyHna4AAlg-w.jpg","","in","","0","0","0","https://twitter.com/ArafaNeva/status/1712040526365819085","1613968623911194624","ArafaNeva"
"1712014270626676967","Wed Oct 11 07:56:24 +0000 2023","1","Semarak HUT Ke-24 Kabupaten Landak Cornelis Gelar Kegiatan Senam Sehat Hingga Bakti Sosial Anggota Komisi II DPR-RI Fraksi PDI Perjuangan Daerah Pemilihan Kalimantan Barat 1 Drs. Cornelis .MH Bersama Istri Frederika Cornelis S.Pd menghadiri kegiatan Senam Jalan Santai Donor https://t.co/MBsZO6Uqsx","1712014270626676967","https://pbs.twimg.com/media/F8JH2AoasAA6tHl.jpg","","in","Indonesia","0","0","0","https://twitter.com/PDI_Perjuangan/status/1712014270626676967","153407983","PDI_Perjuangan"
"1711950424096571436","Wed Oct 11 03:42:42 +0000 2023","0","Babinsa Koramil 01/Purworjo Sertu Arif Muh Iwan melaksanakan kegiatan pembinaan terhadap pelajar yang berada di panti sosial Kel. Sindurjan kegiatan pembinaan olahraga yang bertujuan agar terciptanya generasi masa depan yang sehat dan kuat di Alun-alun Purworejo Kab. Purworejo. https://t.co/IZN0Wa5CCc","1711950424096571436","https://pbs.twimg.com/media/F8IRxtlbUAAy11S.jpg","","in","","0","0","0","https://twitter.com/PENRAMIL01/status/1711950424096571436","1433245451164131336","PENRAMIL01"
"1711944861543514569","Wed Oct 11 03:20:36 +0000 2023","0","Halo #SobatBelajar ayo daftarkan sekolahmu untuk mengikuti lomba Gala Kreasi Video Kampanye Sekolah Sehat 2023! Unggah video terbaik sekolahmu seputar Kampanye Sekolah Sehat di sosial media (Instagram TikTok &amp; Facebook). Yuk simak informasi berikut! https://t.co/uz0uXMIy8a","1711944861543514569","","","in","Jakarta Capital Region","0","0","0","https://twitter.com/PAUDDikdasmen/status/1711944861543514569","809758186479566848","PAUDDikdasmen"
"1711736062769606885","Tue Oct 10 13:30:54 +0000 2023","10","Gelorakan Indonesia Sehat para sukarelawan Ganjar Pranowo turun aksi dengan melakukan cek kesehatan gratis untuk balita dan lansia di Kota Bandung Jawa Barat. Antusiasme tinggi dari masyarakat terlihat dalam kegiatan bakti sosial ini. Mari kita saksikan cuplikan dari video https://t.co/hU0Jumpwtt","1711736062769606885","https://pbs.twimg.com/ext_tw_video_thumb/1711733255454826496/pu/img/mNiYe91I3xGNI-x1.jpg","","in","","0","0","8","https://twitter.com/sahabatganjar/status/1711736062769606885","1230994530083565568","sahabatganjar"
"1711706908808409226","Tue Oct 10 11:35:03 +0000 2023","8","Untuk mewujudkan Indonesia Sehat kegiatan Bakti Sosial dengan Periksa Kesehatan Gratis berlangsung di Joglo Kembangan Jakarta Barat. Dengan kegiatan yang dilangsungkan kali ini banyak sekali masyarakat yang antusias dalam mengikuti kegiatan tersebut. Seperti apa jalannya https://t.co/EJiRjDAsev","1711706908808409226","https://pbs.twimg.com/ext_tw_video_thumb/1711706317600280576/pu/img/RDwbLM0NIcXw4k5M.jpg","","in","","0","0","8","https://twitter.com/sahabatganjar/status/1711706908808409226","1230994530083565568","sahabatganjar"
"1711695271070142960","Tue Oct 10 10:48:49 +0000 2023","0","Biasanya liat penjual buta dari tiktok ytb n sosial media lain Kali ini aku alamin sendiri Bapak penjual ngga bisa liat sama sekali Bahkan dia ngga tau uang kita berapa dia minta uang pas juga Smoga bapak sehat selalu dan dilindungi Allah : (","1711695271070142960","","","in","","0","0","0","https://twitter.com/MoouuSapi/status/1711695271070142960","1569333879152197633","MoouuSapi"
"1711683963692228953","Tue Oct 10 10:03:53 +0000 2023","0","Untuk mewujudkan Indonesia Sehat kegiatan Bakti Sosial dengan Periksa Kesehatan Gratis berlangsung di Joglo Kembangan Jakarta Barat. Dengan kegiatan yang dilangsungkan kali ini banyak sekali masyarakat yang antusias dalam mengikuti kegiatan tersebut. Seperti apa jalannya https://t.co/lvCJWtkffr","1711683963692228953","https://pbs.twimg.com/ext_tw_video_thumb/1711683215306657792/pu/img/YqaxPgqyQWcaGETu.jpg","","in","","0","0","0","https://twitter.com/sahabatganjar/status/1711683963692228953","1230994530083565568","sahabatganjar"
"1711683737820536850","Tue Oct 10 10:02:59 +0000 2023","1","sering tidak buka media sosial dijamin sehat mental","1711683737820536850","","","in","Indonesia","0","1","0","https://twitter.com/ririn_nathaliak/status/1711683737820536850","156171638","ririn_nathaliak"
"1711682862351880253","Tue Oct 10 09:59:30 +0000 2023","0","Kembali gelorakan Indonesia Sehat melalui kegiatan bakti sosial Periksa Kesehatan Gratis berhasil digelar di Kecamatan Bandung Wetan Kota Bandung Jawa Barat. Warga mengucapkan terima kasih karena mendapat edukasi kesehatan dari aksi sosial ini. Mari kita saksikan cuplikan https://t.co/i5XRhA5TK0","1711682862351880253","https://pbs.twimg.com/ext_tw_video_thumb/1711681978742001664/pu/img/KykX7pc_VsEso8DG.jpg","","in","","0","0","0","https://twitter.com/sahabatganjar/status/1711682862351880253","1230994530083565568","sahabatganjar"
"1711671356964901142","Tue Oct 10 09:13:47 +0000 2023","1","Halo #SahabatBPMP selamat jam sekarang! Ayo daftarkan sekolahmu untuk mengikuti lomba Gala Kreasi Video Kampanye Sekolah Sehat 2023! Unggah video terbaik sekolahmu seputar penerapan Kampanye Sekolah Sehat di sosial media (Instagram Tik Tok &amp; Facebook). https://t.co/aM5ZK7QL3T","1711671356964901142","https://pbs.twimg.com/ext_tw_video_thumb/1711670611108614144/pu/img/CBHDnHR7Oelo0tJk.jpg","","in","Pangkalpinang","0","1","0","https://twitter.com/BPMP_Babel/status/1711671356964901142","1117789620568150016","BPMP_Babel"
"1711660429444104406","Tue Oct 10 08:30:22 +0000 2023","0","BOLONEMASE SEMARANG GELAR SENAM SEHAT DAN BAZAR SEMBAKO Relawan Bolonemase Semarang melakukan bakti sosial di Kebonharjo Kelurahan Tanjungmas Kota Semarang Minggu 8 Oktober 2023. #bolonemaseindonesia #bolonemasejawatengah #bolonemase #gibranrakabuming #gibranindonesia https://t.co/g26RFMc1H5","1711660429444104406","https://pbs.twimg.com/ext_tw_video_thumb/1711660380421025792/pu/img/iTcs2qTLvhwfY8qG.jpg","","in","","0","0","0","https://twitter.com/bolonemase/status/1711660429444104406","1672937381861916674","bolonemase"
"1711659955261190384","Tue Oct 10 08:28:29 +0000 2023","0","BOLONEMASE SEMARANG GELAR SENAM SEHAT DAN BAZAR SEMBAKO Relawan Bolonemase Semarang melakukan bakti sosial di Kebonharjo Kelurahan Tanjungmas Kota Semarang Minggu 8 Oktober 2023. #bolonemaseindonesia #bolonemasejawatengah #bolonemase #gibranrakabuming #gibranindonesia https://t.co/xiIxQOgJBX","1711659955261190384","https://pbs.twimg.com/ext_tw_video_thumb/1711659896129912832/pu/img/4s_MG8wTVTF3dAoY.jpg","","in","","0","0","0","https://twitter.com/RBolonemase/status/1711659955261190384","1681925878329278465","RBolonemase"
"1711576556316033412","Tue Oct 10 02:57:05 +0000 2023","0","Polresta Samarinda Polda Kaltim Bakti Sosial Kesehatan Gelar 90 bersama Biddokkes Polda Kaltim dan Rs Bhayangkara TK II Balikpapan. - Khitan Masal - Edukasi dan Sosialisasi Stunting - Kampanye Gigi Sehat dan Kuat Senyum Cemerlang - Donor Darah - Pelayanan Keluarga Berencana https://t.co/JOrjIFnmzh","1711576556316033412","https://pbs.twimg.com/media/F8C9zgBbAAAtz5Y.jpg","","in","","0","0","0","https://twitter.com/tayib_abdul/status/1711576556316033412","1570923409537900544","tayib_abdul"
"1711552818962972763","Tue Oct 10 01:22:45 +0000 2023","1","Polresta Samarinda Polda Kaltim Bakti Sosial Kesehatan Gelar 90 bersama Biddokkes Polda Kaltim dan Rs Bhayangkara TK II Balikpapan. - Khitan Masal - Edukasi dan Sosialisasi Stunting - Kampanye Gigi Sehat dan Kuat Senyum Cemerlang - Donor Darah - Pelayanan Keluarga Berencana https://t.co/0FxUxOSCYx","1711552818962972763","https://pbs.twimg.com/media/F8CoNtWbYAAYMnf.jpg","","in","","0","0","0","https://twitter.com/IrwanIr22487651/status/1711552818962972763","1598581634328330240","IrwanIr22487651"
"1711008566109446198","Sun Oct 08 13:20:05 +0000 2023","0","Ciri-Ciri Anak Sehat Secara Fisik Psikis dan Sosial https://t.co/obHGtCz107","1711008566109446198","","","in","Indonesia","0","0","1","https://twitter.com/Popmama_com/status/1711008566109446198","2661838418","Popmama_com"
"1710966935603855850","Sun Oct 08 10:34:40 +0000 2023","0","Sehat-sehat ya kalian yang udah ngeramein setiap nabila off/on air dengan dateng langsung atau lewat sosial media Terima Kasih #RuangBermusikWithNabila #NabilaDiTasikmalaya","1710966935603855850","","","in","","0","0","1","https://twitter.com/Rahmatikaaa3/status/1710966935603855850","1299203416330174464","Rahmatikaaa3"
"1710819564190396521","Sun Oct 08 00:49:04 +0000 2023","0","Paling gak habis pikir sama orang yg status sosial y kaya orang paling dikecewain dan dihianati cinta. Nyata dya sendiri yg main² sama cinta seseorang.. mba sehat?? Klo gak bisa move on jangan nanggepin perhatian orang.. giliran d tanya pura² inocent ","1710819564190396521","","","in","Bekasi, Jawa Barat","0","0","0","https://twitter.com/Neko_dangi/status/1710819564190396521","450638011","Neko_dangi"
"1710632707636732386","Sat Oct 07 12:26:34 +0000 2023","0","Mending lebih bijak aja sih ngegunain media sosial termasuk disini ntah dri ketikan atau yg lain hal. Sama sama punya akal sehat kan. :)","1710632707636732386","","","in","She/her || ISFJ-T || unlabeled","0","0","0","https://twitter.com/flwrgirl20/status/1710632707636732386","848191305557491712","flwrgirl20"
"1710576967479939077","Sat Oct 07 08:45:04 +0000 2023","2","Jum'at Sehat Senam Sehat. Jumat (6/10) pagi Pegawai Psekp Kemtan melaksanakan senam sehat di hari Jumat di depan halaman apel Kantor Pusat Sosial Ekonomi dan Kebijakan Pertanian dengan instruktur senam. https://t.co/S5GW09b26w","1710576967479939077","https://pbs.twimg.com/media/F70wrNqbAAAFWgp.jpg","","in","","0","0","0","https://twitter.com/PSEKP_KEMENTAN/status/1710576967479939077","707032217529163776","PSEKP_KEMENTAN"
"1710561679124402452","Sat Oct 07 07:44:19 +0000 2023","0","Kegiatan Bersepeda Sehat Untuk Menumbuhkan Jiwa Sosial di Tengah Lingkungan Masyarakat https://t.co/rqbeNku1ss","1710561679124402452","","","in","Indonesia","0","0","0","https://twitter.com/kompasiana/status/1710561679124402452","23786106","kompasiana"
"1710268810333487131","Fri Oct 06 12:20:34 +0000 2023","1","yang mau pasang foto saya tak doakan berkah sehat dan panjang umur mohon sebarkan di semua media sosial anda terima kasih . habib yang lagi viral temen² wa banyak yg share ","1710268810333487131","","","in","Semarang, Jawa Tengah","0","0","0","https://twitter.com/caepriecrxn_/status/1710268810333487131","1378911463436288000","caepriecrxn_"
"1710140383391601120","Fri Oct 06 03:50:14 +0000 2023","0","Peringatan Hari Santri tahun ini akan diselenggarakan di Surabaya dan diisi dengan berbagai kegiatan yg sudah disiapkan oleh PBNU diantaranya kirab sholawatan jalan sehat bakti sosial dan perlombaan. #JihadSantriJayakanNegeri https://t.co/lpFCKTnRpE","1710140383391601120","https://pbs.twimg.com/media/F7ujm_wbsAAjv6p.jpg","","in","","0","0","0","https://twitter.com/kuyangmanis_/status/1710140383391601120","861604781869092864","kuyangmanis_"
"1710110564524126339","Fri Oct 06 01:51:45 +0000 2023","0","Purworejo - Babinsa Koramil 01/Purworejo guna mewujudkan wilayah binaan yang sehat Babinsa Serma M. Pakriyani melaksanakan Komunikasi Sosial bersama Bidan Kelurahan Keseneng Kecamatan Purworejo Kabupaten Purworejo. https://t.co/7hP8l0IeF1","1710110564524126339","https://pbs.twimg.com/media/F7uIfhHbIAAAM8N.jpg","","in","","0","0","0","https://twitter.com/PENRAMIL01/status/1710110564524126339","1433245451164131336","PENRAMIL01"
"1710104075898126520","Fri Oct 06 01:25:58 +0000 2023","37","[MP] Guysss! yang 14 Oktober free join seminar Aksi Sehat Mental yukk!! seminar yang diselenggarakan oleh BEM Kema Psikologi UPI ini akan membahas mengenai inner child. Pematerinya Kak Sabrina Maidah psikolog yang pasti kalian sering lihat di tiktokk dan media sosial lainnya! https://t.co/j0L0GkTKlo","1710104075898126520","https://pbs.twimg.com/media/F7uClPMaIAA_X4r.jpg","","in","lg mejeng di partere","1","1","7","https://twitter.com/UPIfess/status/1710104075898126520","1084456172395016193","UPIfess"
"1709897488172535894","Thu Oct 05 11:45:04 +0000 2023","0","kembali pamit dari semua sosial media termasuk akun ini. sehat-sehat semuaa mutualsku disini ","1709897488172535894","","","in","","0","1","0","https://twitter.com/whatwouldstondo/status/1709897488172535894","950534817455620096","whatwouldstondo"
"1709883957528170979","Thu Oct 05 10:51:18 +0000 2023","32","Ucapan Terima kasih diberikan masyarakat kepada sosok Ganjar Pranowo yang melaksanakan kegiatan bakti sosial berupa kesehatan Gratis. Kegiatan ini tentunya sangat bermanfaat bagi masyarakat yang mengikuti kegiatan ini. Ayo kita jaga pola hidup sehat untuk 2024 bersama Ganjar https://t.co/u4nyg0Gw2C","1709883957528170979","https://pbs.twimg.com/ext_tw_video_thumb/1709883268584329216/pu/img/IpT0SOdHUnDhgApt.jpg","","in","","1","4","9","https://twitter.com/sahabatganjar/status/1709883957528170979","1230994530083565568","sahabatganjar"
"1709561055461171241","Wed Oct 04 13:28:12 +0000 2023","0","orang yg di sosial media jarang update atau tidak konsisten updatenya tapi tiba-tiba sering update beberapa hari hidupnya antara 3hal: lagi gabut lagi sedih atau lagi tebar pesona.. hanya diantara ketiga itu. semoga semuanya sehat dan bahagia selalu~ apapun situasinya","1709561055461171241","","","in","","0","0","0","https://twitter.com/BaroqahHusni/status/1709561055461171241","1340725868465799169","BaroqahHusni"
"1709534328643051585","Wed Oct 04 11:42:00 +0000 2023","0","Keinginan orang2 bapak Prabowo kita akan sempurnakan program sosial yang sudah dimulai seperti Kartu Indonesia Sehat bisa menolong rakyat kecil JatuhHati KinerjaPakbowo VisiSubianto NKRISejahtera https://t.co/NPIK8K683b","1709534328643051585","https://pbs.twimg.com/media/F7lIkZlawAABOKV.jpg","","in","","0","0","0","https://twitter.com/Cucusuttt/status/1709534328643051585","1550093463575662592","Cucusuttt"
"1709526275746857188","Wed Oct 04 11:10:00 +0000 2023","0","Maunya kita2 bapak Prabowo kita bisa lanjutkan program sosial yang telah dimulai seperti Kartu Indonesia Sehat bisa membantu masyakat miskin JatuhHati KinerjaPakbowo VisiSubianto NKRISejahtera https://t.co/KmyAbm6ZA6","1709526275746857188","https://pbs.twimg.com/media/F7lGCCdacAA9PBI.jpg","","in","","0","0","0","https://twitter.com/GagaGhafar/status/1709526275746857188","1550071081418964993","GagaGhafar"
"1709523255550251502","Wed Oct 04 10:58:00 +0000 2023","0","Keinginan kita2 bapak Prabowo kita dapat melanjutkan program sosial yang sudah dilaksanakan seperti Kartu Indonesia Sehat untuk menolong masyakat kecil JatuhHati KinerjaPakbowo VisiSubianto NKRISejahtera https://t.co/I57Ptx8R4U","1709523255550251502","https://pbs.twimg.com/media/F7lE31Ya8AA7ZM9.jpg","","in","","0","0","0","https://twitter.com/HadadHadaya/status/1709523255550251502","1550061437136973825","HadadHadaya"
"1709423697793311076","Wed Oct 04 04:22:23 +0000 2023","1","Selamat siang teman-teman sosial media Apa kabarnya hari ini? Semoga dalam keadaan sehat wal a'fiat yaa ... Jika berkenan boleh bantu follow instagram kami yaa di @the1o1jakarta ️ Tentunya banyak promo dan giveaway yukk di follow. Terima kasih banyak️️","1709423697793311076","","","in","DKI Jakarta, Indonesia","0","1","0","https://twitter.com/halodilaa/status/1709423697793311076","1552377856109342720","halodilaa"
"1709381823782891908","Wed Oct 04 01:36:00 +0000 2023","0","Keinginan kita2 bapak Prabowo kita bisa melanjutkan program sosial yang telah dimulai seperti Kartu Indonesia Sehat agar membantu masyakat kecil. JatuhHati KinerjaPakbowo VisiSubianto NKRISejahtera","1709381823782891908","","","in","","0","0","0","https://twitter.com/trisabilaaa/status/1709381823782891908","1541774706495602695","trisabilaaa"
"1709381572221337642","Wed Oct 04 01:35:00 +0000 2023","0","Maunya kita2 bapak Prabowo kita bisa melanjutkan program sosial yang sudah dimulai seperti Kartu Indonesia Sehat untuk menolong rakyat kecil. JatuhHati KinerjaPakbowo KitaSubianto MajuBersama","1709381572221337642","","","in","","0","0","0","https://twitter.com/Jehan_han78/status/1709381572221337642","1640589333991407616","Jehan_han78"
"1709381320470888859","Wed Oct 04 01:34:00 +0000 2023","0","Maunya rakyat bapak Prabowo kita akan melanjutkan program sosial yang telah dimulai seperti Kartu Indonesia Sehat untuk membantu rakyat bawah. JatuhHati KinerjaPakbowo VisiSubianto NKRISejahtera","1709381320470888859","","","in","","0","0","0","https://twitter.com/Yuli_anii_/status/1709381320470888859","1651357576196657152","Yuli_anii_"
"1709380314924286179","Wed Oct 04 01:30:00 +0000 2023","0","Harapannya orang2 bapak Prabowo kita akan sempurnakan program sosial yang sudah dijalankan seperti Kartu Indonesia Sehat untuk menolong masyakat bawah JatuhHati KinerjaPakbowo VisiSubianto NKRISejahtera","1709380314924286179","","","in","","0","0","0","https://twitter.com/nanasuratnaa/status/1709380314924286179","1542058140870422528","nanasuratnaa"
"1709350677712150973","Tue Oct 03 23:32:14 +0000 2023","27","Pilih pemimpin itu yang paham geopolitik Bukan yg paham tebar air mata di sosial media. Pilihan cerdas buat org² cerdas #Prabowo . Bersama @prabowo indonesia kuat sehat dan semangat nguli apapun profesi. https://t.co/rR5zp7XLzq","1709350677712150973","https://pbs.twimg.com/ext_tw_video_thumb/1709350359557402624/pu/img/IxcF52iPHNv44pZB.jpg","","in"," Indonesia","1","19","13","https://twitter.com/adri_7i/status/1709350677712150973","773236758796394496","adri_7i"
"1709240838071656879","Tue Oct 03 16:15:46 +0000 2023","0","Dari mulai penanganan kemacetan lalu lintas banjir tata kota birokrasi pelayanan publik bidang sosial budaya (pendidikan kesehatan [budaya hidup sehat juga pengobatan] dan seni budaya) agama ekonomi dan kesejahteraan sosial material ... https://t.co/eP8k1m9zpF","1709240838071656879","","","in","Jakarta, Indonesia","0","0","0","https://twitter.com/didienAZHAR/status/1709240838071656879","194590819","didienAZHAR"
"1709143979009147330","Tue Oct 03 09:50:53 +0000 2023","1","Antikorupsi menginspirasi setiap orang untuk melawan kejahatan sosial ini seraya mewujudkan dunia yang sehat untuk ditempati. #HukumMatiKoruptor","1709143979009147330","","","in","","0","0","1","https://twitter.com/sarahmashumah/status/1709143979009147330","1530648392740782081","sarahmashumah"
"1709048264035881033","Tue Oct 03 03:30:33 +0000 2023","0","Wah nggak nyangka nih foto Brisia Jodie lagi viral di sosial media! Keren banget ya bisa bikin heboh begini. Semoga sehat selalu ya Bu Jodie! ","1709048264035881033","","","in","Cimahi","0","0","0","https://twitter.com/SitiRah75974756/status/1709048264035881033","1685899535841951744","SitiRah75974756"
"1709009842273423680","Tue Oct 03 00:57:52 +0000 2023","0","Halo #SobATRBPN Senin (02/10/2023) Mengawali apel pagi Kepala Kantor Pertanahan Kota Madiun menyampaikan ucapan terima kasih kepada seluruh jajaran yang turut berpartisipasi dalam kegiatan Jalan Sehat Pisah Sambut dan Bakti Sosial #TuntasdanBangkit #MenujuIndonesiaLengkap https://t.co/Afksa6kjn2","1709009842273423680","https://pbs.twimg.com/media/F7efWXcaQAAOGNc.jpg","","in","Kota Madiun, Jawa Timur","0","0","0","https://twitter.com/kantahkotmadiun/status/1709009842273423680","982115704366247937","kantahkotmadiun"
"1708960849128571133","Mon Oct 02 21:43:12 +0000 2023","144","Keburukan orang lain cukuplah hingga ditelinga saja jangan sampai di lisan apa lagi tertulis di sosial media... Assalamualaikum Selamat pagi selamat ber aktivitas Salam sehat selalu utk semua https://t.co/0swCu28elA","1708960849128571133","https://pbs.twimg.com/media/F7dy1e2aMAAL-or.jpg","","in","JANNAH ","0","4","16","https://twitter.com/Jingga_Aurora86/status/1708960849128571133","1260758420698742784","Jingga_Aurora86"
"1708842216331137447","Mon Oct 02 13:51:47 +0000 2023","5","[cm] HALLOOO GUYSS boleh minta bantuannya buat isi kuesioner skripsi akuu kriterianya pengguna media sosial TikTok ajaa linknya nanti sender dm ada saldo e-wallet buat 10 orang yang beruntungg terima kasihh sehat sehat https://t.co/h3sjjqypfu","1708842216331137447","https://pbs.twimg.com/media/F7cG8FNaMAA7GdM.jpg","","in","","0","23","0","https://twitter.com/collegemenfess/status/1708842216331137447","1046084008742801408","collegemenfess"
"1708780112752324900","Mon Oct 02 09:45:01 +0000 2023","4","hallo guyss boleh minta bantuannya buat isi kuesioner akuu kriterianya pengguna media sosial TikTok ajaa nanti sender dm terima kasihh sehat sehat https://t.co/6Zem8TLwVr","1708780112752324900","https://pbs.twimg.com/media/F7bMelNaIAAHR9N.jpg","","in","Indonesia","0","12","0","https://twitter.com/tanyakanrl/status/1708780112752324900","1331650559518990336","tanyakanrl"
"1708338323599794232","Sun Oct 01 04:29:30 +0000 2023","0","Dari mulai penanganan kemacetan lalu lintas banjir tata kota birokrasi pelayanan publik bidang sosial budaya (pendidikan kesehatan [budaya hidup sehat juga pengobatan] dan seni budaya) agama ekonomi dan kesejahteraan sosial material ... https://t.co/eP8k1m9zpF","1708338323599794232","","","in","Jakarta, Indonesia","0","0","0","https://twitter.com/didienAZHAR/status/1708338323599794232","194590819","didienAZHAR"
