"conversation_id_str","created_at","favorite_count","full_text","id_str","image_url","in_reply_to_screen_name","lang","location","quote_count","reply_count","retweet_count","tweet_url","user_id_str","username"
"1322125415998107649","Fri Oct 30 10:37:17 +0000 2020","0","Manfaat menyontek : 1. otot mata sehat 2. kreatifitas meningkat 3. Meningkatkn sosial teman 4. Nilai bagus 5. Melatih kecepatan gerak","1322125415998107649","","","in","","0","0","0","https://twitter.com/asihpriyati1/status/1322125415998107649","2191779301","asihpriyati1"
"1322053889403674624","Fri Oct 30 05:53:04 +0000 2020","1","Bermedia sosial secara sehat dengan memaksimalkan fitur mute/unfollow/pindah lokasi untuk mencegah timbulnya penyakit hati berujung toxic ","1322053889403674624","","","in","","0","1","0","https://twitter.com/andrebriian/status/1322053889403674624","135016168","andrebriian"
"1321898921031954432","Thu Oct 29 19:37:17 +0000 2020","0","Manfaat menyontek : 1. otot mata sehat 2. kreatifitas meningkat 3. Meningkatkn sosial teman 4. Nilai bagus 5. Melatih kecepatan gerak","1321898921031954432","","","in","","0","0","0","https://twitter.com/asihpriyati1/status/1321898921031954432","2191779301","asihpriyati1"
"1321894716183474176","Thu Oct 29 19:20:34 +0000 2020","1","Pemprov @DKIJakarta kembali memperpanjang Pembatasan Sosial Berskala Besar (PSBB) Masa Transisi menuju masyarakat sehat aman dan produktif selama 14 hari 26 Oktober - 8 November 2020. https://t.co/PZzAtiH7v1","1321894716183474176","https://pbs.twimg.com/media/ElKcXy9UwAMVZN1.jpg","","in","","0","0","2","https://twitter.com/RadioElshinta/status/1321894716183474176","121640063","RadioElshinta"
"1321809326927872000","Thu Oct 29 13:41:16 +0000 2020","0","[DOKUMENTASI BAKTI SOSIAL BEM PKM 2020] . Telah berlangsung salah satu Program Kerja dari Kementerian Advokasi dan Kesejahteraan Mahasiswa (ADKEMA) yaitu BAKTI SOSIAL BEM PKM dengan tema Berbagi Kebaikan Ciptakan Masyarakat Sehat . https://t.co/lj1DjVnGXN","1321809326927872000","https://pbs.twimg.com/media/ElgCe9xVkAEInbq.jpg","","in","Makassar, Indonesia","0","1","0","https://twitter.com/BEMPoltekkesMks/status/1321809326927872000","799827325","BEMPoltekkesMks"
"1321776294544039937","Thu Oct 29 11:30:00 +0000 2020","3","Sehat adalah hak semua orang baik secara fisik emosi hubungan sosial dan spiritual. Demikian juga dengan transpuan. Mereka pun butuh dilayani untuk pemenuhan kebutuhan emosi hubungan sosial dan spiritual untuk menjadi sehat. https://t.co/LYFkp9du3J","1321776294544039937","","","in","Jakarta","0","0","0","https://twitter.com/magdaleneid/status/1321776294544039937","1521159020","magdaleneid"
"1321763315371057153","Thu Oct 29 10:38:26 +0000 2020","0","Aktif dalam kegiatan sosial kemasyarakatan meskipun di tengah pandemi.Selalu ikuti info perkembangan covid-19 secara bijak tetap jaga jarak dan pakai masker! Semoga sehat selalu :) #EdukasiPerubahanPerilakuBidikmisi #MengajarDariRumahKemdikbud @ditjendikti @bppPDN_official https://t.co/1DGyq4ovHI","1321763315371057153","https://pbs.twimg.com/media/ElfYusqVkAAHLYu.jpg","","in","","0","0","0","https://twitter.com/rahmaws__/status/1321763315371057153","1261147819341053952","rahmaws__"
"1321757105385218048","Thu Oct 29 10:13:45 +0000 2020","2","Ayo ajak media lawan hoax ujaran kebencian dan politik uang. Bahayanya seorang provokator bisa menggerakan ratusan massa. Oleh krn itu perlu kerjasana antara warga masyarakat dan saling memberikan informasi yg akurat. Mari jaga media sosial agar selalu sehat. #PilkadaLawanHoax https://t.co/NKnrnu0usM","1321757105385218048","https://pbs.twimg.com/media/ElfTFQdVgAA1Nd6.jpg","","in","Bandung, Jawa Barat","0","1","1","https://twitter.com/barangkali__1/status/1321757105385218048","1293808650356629504","barangkali__1"
"1321742967866945536","Thu Oct 29 09:17:34 +0000 2020","0","Ayo sahabat sahabat bijak dalam menggunakan sosial media. Jelilah dalam memilih dan memilah informasi. jadilah milenial yg cerdas dan sehat tetap jaga kesehatan guys. #EdukasiPerubahanPerilakuBidikmisi #MengajarDariRumahKemdikbud @Ditjendikti @bppPDN_official","1321742967866945536","","","in","","0","1","0","https://twitter.com/Ikram15544218/status/1321742967866945536","1319520726584496133","Ikram15544218"
"1321672431140917248","Thu Oct 29 04:37:17 +0000 2020","0","Manfaat menyontek : 1. otot mata sehat 2. kreatifitas meningkat 3. Meningkatkn sosial teman 4. Nilai bagus 5. Melatih kecepatan gerak","1321672431140917248","","","in","","0","0","0","https://twitter.com/asihpriyati1/status/1321672431140917248","2191779301","asihpriyati1"
"1321570211128958977","Wed Oct 28 21:51:06 +0000 2020","620","Banyak yang mau buang tas branded Prancis-nya? Bagaimana kalau dilego terus donasikan ke kampanye Gerakan Indonesia Sehat 5.0? 100 tas branded aja InsyaAllah udah kelar tuh kampanye sehat fisik sehat mental sehat dompet sehat spiritual sehat sosial sampai 1 tahun ke depan.","1321570211128958977","","","in","Menteng, Indonesia","11","28","74","https://twitter.com/dr_koko28/status/1321570211128958977","1052703629528854530","dr_koko28"
"1321538771293138944","Wed Oct 28 19:46:10 +0000 2020","3","Pemprov @DKIJakarta kembali memperpanjang Pembatasan Sosial Berskala Besar (PSBB) Masa Transisi menuju masyarakat sehat aman dan produktif selama 14 hari 26 Oktober - 8 November 2020. https://t.co/PZzAtiH7v1","1321538771293138944","https://pbs.twimg.com/media/ElKcXy9UwAMVZN1.jpg","","in","","0","1","0","https://twitter.com/RadioElshinta/status/1321538771293138944","121640063","RadioElshinta"
"1321445936678096896","Wed Oct 28 13:37:17 +0000 2020","0","Manfaat menyontek : 1. otot mata sehat 2. kreatifitas meningkat 3. Meningkatkn sosial teman 4. Nilai bagus 5. Melatih kecepatan gerak","1321445936678096896","","","in","","0","0","0","https://twitter.com/asihpriyati1/status/1321445936678096896","2191779301","asihpriyati1"
"1321410698757296128","Wed Oct 28 11:17:15 +0000 2020","2","Pemprov @DKIJakarta kembali memperpanjang Pembatasan Sosial Berskala Besar (PSBB) Masa Transisi menuju masyarakat sehat aman dan produktif selama 14 hari 26 Oktober - 8 November 2020. #ElshintaEdisiSore https://t.co/PZzAtiH7v1","1321410698757296128","https://pbs.twimg.com/media/ElKcXy9UwAMVZN1.jpg","","in","","0","1","1","https://twitter.com/RadioElshinta/status/1321410698757296128","121640063","RadioElshinta"
"1321408973833007104","Wed Oct 28 11:10:24 +0000 2020","0","sebenernya pgn bngt off-in sosial media. bukan karna caper tp karna lebih pengen sehat aja buat diri gue. tp gabisa. sosial media adalah ranah ku untuk berkarya️","1321408973833007104","","","in","Indonesia","0","0","0","https://twitter.com/sweetzal__/status/1321408973833007104","1168351351824211969","sweetzal__"
"1321399767369281537","Wed Oct 28 10:33:49 +0000 2020","1","Generasi merunduk yang berbeda masa. pertama generasi merunduk karna menghormati yang lebih tua saat lewat di hadapan mereka. dan yang kedua genersai merunduk karna Hp sehingga hilanganya hubungan interaksi sosial yang sehat diantara mereka.","1321399767369281537","","","in","","0","0","0","https://twitter.com/ZulfikarTuahunz/status/1321399767369281537","1320975776821342208","ZulfikarTuahunz"
"1321382526779183106","Wed Oct 28 09:25:19 +0000 2020","0","Sedih bgt dg keadaan saat ini phk dmn Mana . Ga mandang status sosial mau ga mau kena imbas terutama secara financial... Liat berita Dan orang2 .. dikasi sehat Dan mkn sehari 3 kali bersyukur bgt dg situasi begini","1321382526779183106","","","in","Jakarta","0","0","0","https://twitter.com/Putriputttputt/status/1321382526779183106","1196949756","Putriputttputt"
"1321219444727689217","Tue Oct 27 22:37:17 +0000 2020","0","Manfaat menyontek : 1. otot mata sehat 2. kreatifitas meningkat 3. Meningkatkn sosial teman 4. Nilai bagus 5. Melatih kecepatan gerak","1321219444727689217","","","in","","0","0","0","https://twitter.com/asihpriyati1/status/1321219444727689217","2191779301","asihpriyati1"
"1321197461352796160","Tue Oct 27 21:09:56 +0000 2020","0","Santri sehat indonesia kuat #pembangunan #pantiasuhan #kabupatentangerang #waqaf #mariberbagi #sosial #abouttng #Berbagikebahagian #indonesia #baktisosial #HariSantri2020 https://t.co/T7Q6EjCPuo","1321197461352796160","https://pbs.twimg.com/ext_tw_video_thumb/1321197362979635207/pu/img/jidXt55tc3G5H-10.jpg","","in","Cisoka, Indonesia","0","0","0","https://twitter.com/2085Aswaja/status/1321197461352796160","1305544112565751808","2085Aswaja"
"1321087679119953930","Tue Oct 27 13:53:41 +0000 2020","1","smangat smuanya hidup itu indah kalau km kaya raya dan sehat dan panjang umur dan berkehidupan sosial baik dan keluarga baik dan status apapun baik lalala","1321087679119953930","","","in","","0","2","0","https://twitter.com/whatyoulovesmuc/status/1321087679119953930","248025706","whatyoulovesmuc"
"1320992951254745088","Tue Oct 27 07:37:17 +0000 2020","0","Manfaat menyontek : 1. otot mata sehat 2. kreatifitas meningkat 3. Meningkatkn sosial teman 4. Nilai bagus 5. Melatih kecepatan gerak","1320992951254745088","","","in","","0","0","0","https://twitter.com/asihpriyati1/status/1320992951254745088","2191779301","asihpriyati1"
"1320928464241717250","Tue Oct 27 03:21:02 +0000 2020","1","Gomawoo BTS udh hibur aku selama ini kalian datang pad aku bener bener ga ada harapan lagi buat hidup makasih banget udh jadi alasan aku tersenyum setiap hari kalian sehat sehat terus yaa i love youy guys I m voting for BTS @BTS_twt for Favorit Sosial Artist at the #AMAs","1320928464241717250","","","in","","0","0","0","https://twitter.com/anandhota/status/1320928464241717250","1232947045134028806","anandhota"
"1320916355252514816","Tue Oct 27 02:32:55 +0000 2020","0","10 Strategi Media Sosial Marketing Untuk Bisnis Berskala Kecil Cara Memasarkan https://t.co/qlTvbJ5UWj #mipacko #microfiber #cleaningcloth #detailingcloth #towel #microfibertowel #microfiberfabric #kainmicrofiber #tokopedia #bukalapak #lazada #masker #covid19 #sehat #jagajarak","1320916355252514816","","","in","","0","0","0","https://twitter.com/MicrofiberI/status/1320916355252514816","775894791502508032","MicrofiberI"
"1320766459312705537","Mon Oct 26 16:37:17 +0000 2020","0","Manfaat menyontek : 1. otot mata sehat 2. kreatifitas meningkat 3. Meningkatkn sosial teman 4. Nilai bagus 5. Melatih kecepatan gerak","1320766459312705537","","","in","","0","0","0","https://twitter.com/asihpriyati1/status/1320766459312705537","2191779301","asihpriyati1"
"1320577046653759490","Mon Oct 26 04:04:37 +0000 2020","1","Katanya lestarikanlah hewan yang hampir punah tapi ini apa? Pemerintah bukannya melestarikan malah merusak demi kepentingan pembangunan yang tiada habisnya sungguh indonesia krisis akhlak dan akal sehat sebagai makhluk sosial #savekomodo","1320577046653759490","","","in","Kalimantan Selatan, Indonesia","0","0","0","https://twitter.com/tinajodohV/status/1320577046653759490","1316957125990510592","tinajodohV"
"1320573016368177153","Mon Oct 26 03:48:36 +0000 2020","0","Belajar nggak menghubungi mantan selama 66 hari setelah putus. Contohnya kamu nggak telepon chatting atau stalking media sosial mantan itu bagian dari proses move on yang sehat. Saat putus cinta otak dan hati kamu nggak mau sinkron satu sama lainnya https://t.co/Eua0L1ud80 https://t.co/ZaG3ZI57az","1320573016368177153","https://pbs.twimg.com/media/ElOeKRwXYAAWxe5.jpg","","in","Indonesia","0","0","1","https://twitter.com/komucin/status/1320573016368177153","726380149","komucin"
"1320539972286382081","Mon Oct 26 01:37:18 +0000 2020","0","Manfaat menyontek : 1. otot mata sehat 2. kreatifitas meningkat 3. Meningkatkn sosial teman 4. Nilai bagus 5. Melatih kecepatan gerak","1320539972286382081","","","in","","0","0","0","https://twitter.com/asihpriyati1/status/1320539972286382081","2191779301","asihpriyati1"
"1320529672480800768","Mon Oct 26 00:56:22 +0000 2020","1","Pemprov DKI Jakarta kembali memperpanjang Pembatasan Sosial Berskala Besar (PSBB) Masa Transisi menuju masyarakat sehat aman dan produktif selama 14 hari mulai 26 Oktober sampai 8 November 2020 sebagai langkah antisipasi terhadap lonjakan kasus COVID-19. https://t.co/xXaBrNKG3u","1320529672480800768","https://pbs.twimg.com/media/ElN2pBXXgAEjvlG.jpg","","in","DKI Jakarta, Indonesia","1","0","2","https://twitter.com/dishubjakarta/status/1320529672480800768","3317577288","dishubjakarta"
"1320509367574163456","Sun Oct 25 23:35:41 +0000 2020","1","06.20 #InfoSonora Pemprov @DKIJakarta kembali memperpanjang Pembatasan Sosial Berskala Besar (PSBB) Masa Transisi menuju masyarakat sehat aman dan produktif selama 14 hari 26 Oktober - 8 November 2020. https://t.co/67k1aFHZmY","1320509367574163456","https://pbs.twimg.com/media/ElNkRSEVkAEcEbk.jpg","","in","Jakarta Barat, DKI Jakarta","0","0","0","https://twitter.com/SonoraFM92/status/1320509367574163456","180696019","SonoraFM92"
"1320505695213502464","Sun Oct 25 23:21:06 +0000 2020","0","06.20 #InfoSonora Pemprov @DKIJakarta kembali memperpanjang Pembatasan Sosial Berskala Besar (PSBB) Masa Transisi menuju masyarakat sehat aman dan produktif selama 14 hari 26 Oktober - 8 November 2020. https://t.co/9guQ57kG7N","1320505695213502464","","","in","Jakarta Barat, DKI Jakarta","0","0","0","https://twitter.com/SonoraFM92/status/1320505695213502464","180696019","SonoraFM92"
"1320492632947126272","Sun Oct 25 22:29:11 +0000 2020","5","Selamat pagi warga ibukota @DKIJakarta mulai hari ini di berlakukan Pembatasan Sosial Berskala Besar (PSBB) Masa Transisi menuju masyarakat sehat aman dan produktif selama 14 hari 26 Oktober - 8 November 2020. Salam sehat Pak Gubernur @aniesbaswedan https://t.co/2GCJ7owmmB","1320492632947126272","https://pbs.twimg.com/media/ElNVCTrVkAArEbr.jpg","","in","","0","0","2","https://twitter.com/patriot016610/status/1320492632947126272","2558197662","patriot016610"
"1320411922404048896","Sun Oct 25 17:08:29 +0000 2020","2","Pemprov @DKIJakarta kembali memperpanjang Pembatasan Sosial Berskala Besar (PSBB) Masa Transisi menuju masyarakat sehat aman dan produktif selama 14 hari 26 Oktober - 8 November 2020. https://t.co/UHc5CSAYW7 https://t.co/PZzAtiH7v1","1320411922404048896","https://pbs.twimg.com/media/ElKcXy9UwAMVZN1.jpg","","in","","0","0","2","https://twitter.com/RadioElshinta/status/1320411922404048896","121640063","RadioElshinta"
"1320393695212892161","Sun Oct 25 15:56:03 +0000 2020","14","Pemprov @DKIJakarta kembali memperpanjang Pembatasan Sosial Berskala Besar (PSBB) Masa Transisi menuju masyarakat sehat aman dan produktif selama 14 hari 26 Oktober - 8 November 2020. #ElshintaWeekend https://t.co/PZzAtiH7v1","1320393695212892161","https://pbs.twimg.com/media/ElKcXy9UwAMVZN1.jpg","","in","","2","1","5","https://twitter.com/RadioElshinta/status/1320393695212892161","121640063","RadioElshinta"
"1320360868777848832","Sun Oct 25 13:45:36 +0000 2020","3","POLRESTA PALANGKA RAYA Gowes Sehat dan Bakti Sosial Polresta Palangka Raya di Nyaru Menteng dan Danau Tahaii Sabtu (24/10/2020) Pagi. https://t.co/1vRH0hVMHi","1320360868777848832","https://pbs.twimg.com/ext_tw_video_thumb/1320360691119714304/pu/img/YNRXyXA_z87SokrQ.jpg","","in","Central Borneo, Indonesia","0","0","0","https://twitter.com/Humas_Polda_Ktg/status/1320360868777848832","1363268623","Humas_Polda_Ktg"
"1320334297740447744","Sun Oct 25 12:00:01 +0000 2020","4","#trending Pemprov DKI Jakarta kembali memperpanjang Pembatasan Sosial Berskala Besar (PSBB) Transisi menuju masyarakat sehat aman dan produktif selama 14 hari. https://t.co/VwrCa9XkR2","1320334297740447744","","","in","","0","1","0","https://twitter.com/VIVAcoid/status/1320334297740447744","41730943","VIVAcoid"
"1320327145462398976","Sun Oct 25 11:31:36 +0000 2020","0","Sehat sehat terus @vidiolucu123_ @vidiolucutv @ Yayasan Sosial Yatim Piatu Dhuafa Sabilillah An Nahdliyah https://t.co/Lp7lsN3HCp","1320327145462398976","","","in","Indonesia","0","0","0","https://twitter.com/AgusKangean501/status/1320327145462398976","992767995209396224","AgusKangean501"
"1320325372848734209","Sun Oct 25 11:24:34 +0000 2020","4","Pemprov DKI Jakarta kembali memperpanjang Pembatasan Sosial Berskala Besar (PSBB) Masa Transisi menuju masyarakat sehat aman dan produktif selama 14 hari mulai 26 Oktober sampai 8 November 2020 sebagai langkahi terhadap lonjakan kasus COVID-19. @RadioElshinta @SonoraFM92 https://t.co/q4HRKQbytG","1320325372848734209","https://pbs.twimg.com/media/ElK8mPZVMAc7Gat.jpg","","in","Jakarta Pusat, DKI Jakarta","1","0","1","https://twitter.com/atcs_jakarta/status/1320325372848734209","981377290180308992","atcs_jakarta"
"1320317470691848203","Sun Oct 25 10:53:09 +0000 2020","4","Pemprov DKI Jakarta kembali memperpanjang Pembatasan Sosial Berskala Besar (PSBB) Masa Transisi menuju masyarakat sehat aman dan produktif selama 14 hari mulai 26 Oktober sampai 8 November 2020 sebagai langkah antisipasi terhadap lonjakan kasus COVID-19. #JagaJakarta https://t.co/mcHCAqIETH","1320317470691848203","https://pbs.twimg.com/media/ElK1vB3VMAAgiP2.jpg","","in","Jakarta Selatan","1","0","3","https://twitter.com/KotaJaksel/status/1320317470691848203","1536237300","KotaJaksel"
"1320313473205612544","Sun Oct 25 10:37:16 +0000 2020","0","Manfaat menyontek : 1. otot mata sehat 2. kreatifitas meningkat 3. Meningkatkn sosial teman 4. Nilai bagus 5. Melatih kecepatan gerak","1320313473205612544","","","in","","0","0","0","https://twitter.com/asihpriyati1/status/1320313473205612544","2191779301","asihpriyati1"
"1320294978501791745","Sun Oct 25 09:23:47 +0000 2020","1","Pemprov @DKIJakarta kembali memperpanjang Pembatasan Sosial Berskala Besar (PSBB) Masa Transisi menuju masyarakat sehat aman dan produktif selama 14 hari 26 Oktober - 8 November 2020. https://t.co/UHc5CSAYW7 #ElshintaWeekend https://t.co/PZzAtiH7v1","1320294978501791745","https://pbs.twimg.com/media/ElKcXy9UwAMVZN1.jpg","","in","","0","0","2","https://twitter.com/RadioElshinta/status/1320294978501791745","121640063","RadioElshinta"
"1320289593904697346","Sun Oct 25 09:02:23 +0000 2020","372","Pemprov DKI Jakarta kembali memperpanjang Pembatasan Sosial Berskala Besar (PSBB) Masa Transisi menuju masyarakat sehat aman dan produktif selama 14 hari 26 Oktober - 8 November 2020. https://t.co/8u18283RQr #JagaJakarta #HadapiBersama #PSBBJakarta #PSBBTransisi #dirumahaja https://t.co/zyOXfJQM5p","1320289593904697346","https://pbs.twimg.com/media/ElKcXy9UwAMVZN1.jpg","","in","Jakarta, Indonesia","25","65","153","https://twitter.com/DKIJakarta/status/1320289593904697346","166014938","DKIJakarta"
"1320283930361118720","Sun Oct 25 08:39:53 +0000 2020","28","Program Jaring Pengaman Sosial (JPS) hasil kolaborasi Kemnaker dan @KemenDesa diharapkan dapat membantu pekerja yang ter-PHK serta menciptakan lingkungan yang bersih dan sehat di desa. Berita selengkapnya simak #SiaranPersKemnaker berikut: ⬇️⬇️⬇️ https://t.co/tFbGqSRQdu https://t.co/f6rZPl8Exh","1320283930361118720","https://pbs.twimg.com/media/ElKXO0VU0AAZ-HK.jpg","","in","www.goo.gl/maps/B7uJW3NksVv","0","9","7","https://twitter.com/KemnakerRI/status/1320283930361118720","409757397","KemnakerRI"
"1320252917316681728","Sun Oct 25 06:36:39 +0000 2020","75"," Kami kembali memperpanjang Pembatasan Sosial Berskala Besar (PSBB) Masa Transisi menuju masyarakat sehat aman dan produktif selama 14 hari terhitung tanggal 26 Oktober sampai 8 November 2020 sebagai langkah antisipasi terhadap lonjakan kasus COVID-19 https://t.co/5v4PfGnQPt https://t.co/Qs1pIBeAj6","1320252917316681728","https://pbs.twimg.com/media/ElJ7B6yU8AABfoF.jpg","","in","DKI Jakarta, Indonesia","2","1","14","https://twitter.com/kebijakananies_/status/1320252917316681728","1280945457716318209","kebijakananies_"
"1320233916570103808","Sun Oct 25 05:21:09 +0000 2020","27","Bantuan Sosial Program Keluarga Harapan (PKH )Tahap 4 Cair 3 Kali Lipat Batas waktu pencairan hingga 15 Nopember jika tdk dilakukan pencairan sebanyak 3 Kali @KemensosRI Ancam Blokir KKS(Kartu Kel sehat) @juliaribatubara - Ringtimes Bali https://t.co/tLSqmiOl72","1320233916570103808","","","in","Sweet home","0","1","5","https://twitter.com/__LOVE_AG4EVER/status/1320233916570103808","799023207294504960","__LOVE_AG4EVER"
"1320222997702008833","Sun Oct 25 04:37:45 +0000 2020","0","Lingkup yang gak sehat dengan kesesuaian isi dompet juga gak bakal baik di kehidupan mendatang. Percuma jika berhasil memenuhi dahaga kehidupan sosial akan tetapi bertolak belakang dengan kemampuan diri sendiri.","1320222997702008833","","","in","Indonesia","0","0","0","https://twitter.com/RifqeeHulk/status/1320222997702008833","1066147188491735041","RifqeeHulk"
"1320086981368377345","Sat Oct 24 19:37:17 +0000 2020","0","Manfaat menyontek : 1. otot mata sehat 2. kreatifitas meningkat 3. Meningkatkn sosial teman 4. Nilai bagus 5. Melatih kecepatan gerak","1320086981368377345","","","in","","0","0","0","https://twitter.com/asihpriyati1/status/1320086981368377345","2191779301","asihpriyati1"
"1319860491544477697","Sat Oct 24 04:37:17 +0000 2020","0","Manfaat menyontek : 1. otot mata sehat 2. kreatifitas meningkat 3. Meningkatkn sosial teman 4. Nilai bagus 5. Melatih kecepatan gerak","1319860491544477697","","","in","","0","0","0","https://twitter.com/asihpriyati1/status/1319860491544477697","2191779301","asihpriyati1"
"1319826392213696513","Sat Oct 24 02:21:47 +0000 2020","0","Ci @N_ShaniJKT48 coba jauhi dulu sosial media berapa hari kedepan Mencoba tegas untuk orang yg sedikit berlebihan itu baik semangat terus dan sehat selalu","1319826392213696513","","","in","DKI Jakarta, Indonesia","0","0","0","https://twitter.com/mil4nisti48/status/1319826392213696513","817186782152245248","mil4nisti48"
"1319798535248695297","Sat Oct 24 00:31:06 +0000 2020","1","Yg saya kenal itu SJW kayak @adionooo yg beneran memperjuangkan hak sosial dari segi literasi. Selamat beraktivitas sehat selalu","1319798535248695297","","","in","","0","1","0","https://twitter.com/Homo_sapiens21/status/1319798535248695297","210842691","Homo_sapiens21"
"1319797758031585280","Sat Oct 24 00:28:00 +0000 2020","2","SJW &amp; hubungannya dengan Odading*? SJW istilah peyoratif bagi seseorang yang mengusung pandangan progresivisme sosial termasuk feminisme hak sipil multikulturalisme dan politik identitas. *Sama2 susah dicerna pake akal sehat..! #Jokowi #6tahunjokowi https://t.co/3eKpCRGqEK","1319797758031585280","https://pbs.twimg.com/media/ElDdBYnVcAAJYny.jpg","","in","indonesia","0","1","1","https://twitter.com/pnugroho28/status/1319797758031585280","4721766133","pnugroho28"
"1319633998717603841","Fri Oct 23 13:37:17 +0000 2020","0","Manfaat menyontek : 1. otot mata sehat 2. kreatifitas meningkat 3. Meningkatkn sosial teman 4. Nilai bagus 5. Melatih kecepatan gerak","1319633998717603841","","","in","","0","0","0","https://twitter.com/asihpriyati1/status/1319633998717603841","2191779301","asihpriyati1"
"1319630714543878145","Fri Oct 23 13:24:14 +0000 2020","0","Kapolres Kota Blitar Gelar Kegiatan Sosial Bakti Sehat https://t.co/LsS81OzmNR","1319630714543878145","","","in","","0","0","0","https://twitter.com/7Lintas/status/1319630714543878145","1269909557247004672","7Lintas"
"1319629799418019841","Fri Oct 23 13:20:36 +0000 2020","0","Sebaiknya Pemerintah Fokus thdp penanganan sosial ekonomi serta fokus penyembuhan pasien COVID-19. pny rencana apapun Vaksin dari negara mana aja bagi anti Jokowi akan mencela dan nyinyir demi menggagalkan Pemerintahan nya. Jd tunda dl pengadaan vaksin. Toh mrk masih pd sehat .","1319629799418019841","","","in","","0","0","0","https://twitter.com/TobroniU/status/1319629799418019841","1242961884761870336","TobroniU"
"1319558554940891137","Fri Oct 23 08:37:30 +0000 2020","0","Udah jarang buka sosial media gk hobi nonton film gk hobi baca gk hobi main game. Gua masih sehat gk sih?","1319558554940891137","","","in","","0","0","0","https://twitter.com/gegabytes/status/1319558554940891137","145175640","gegabytes"
"1319506995330707456","Fri Oct 23 05:12:37 +0000 2020","0","Dunia perkontenan sosial media dah gak sehat ya ","1319506995330707456","","","in","","0","0","0","https://twitter.com/reymiera/status/1319506995330707456","424914670","reymiera"
"1319469457123622912","Fri Oct 23 02:43:27 +0000 2020","0","Media Sosial Untuk Bersosialisasi Bukan Memupuk Rasa Benci Mari Kita Wujudkan Pilkada Serentak 2020 Aman Damai Dan Sehat. https://t.co/lKVRhqhTTy","1319469457123622912","https://pbs.twimg.com/media/Ek-yekvUcAUwAoo.jpg","","in","Jembrana, Bali","0","0","0","https://twitter.com/polresjembrana/status/1319469457123622912","4863077292","polresjembrana"
"1319407506318188544","Thu Oct 22 22:37:17 +0000 2020","0","Manfaat menyontek : 1. otot mata sehat 2. kreatifitas meningkat 3. Meningkatkn sosial teman 4. Nilai bagus 5. Melatih kecepatan gerak","1319407506318188544","","","in","","0","0","0","https://twitter.com/asihpriyati1/status/1319407506318188544","2191779301","asihpriyati1"
"1319199799380381696","Thu Oct 22 08:51:56 +0000 2020","2","Assalamu'alaikum wr. wb. Kami Segenap Keluarga besar PMII Humaniora Park Rayon Fakultas Ilmu Sosial dan Humaniora mengucapkan Selamat Hari Santri Nasional 22 Oktober 2020 Santri Sehat Indonesia Kuat https://t.co/rQSwPeYO0p","1319199799380381696","https://pbs.twimg.com/media/Ek69N7vUwAIjxCT.jpg","","in","Daerah Istimewa Yogyakarta","0","0","1","https://twitter.com/Humaniora_Park/status/1319199799380381696","614354302","Humaniora_Park"
"1319196722149511169","Thu Oct 22 08:39:42 +0000 2020","1","Program Jaminan Kesehatan Nasional-Kartu Indonesia Sehat (JKN-KIS) menjadi jaminan sosial bidang kesehatan terbesar di dunia sebut Stafsus Menkeu. https://t.co/QbtwPYONwM","1319196722149511169","","","in","NKRI","0","0","0","https://twitter.com/antaranews/status/1319196722149511169","18071520","antaranews"
"1319192763422986240","Thu Oct 22 08:23:58 +0000 2020","0","[BAKSOS BEM PKM 2020] . BADAN EKSEKUTIF MAHASISWA POLTEKKES KEMENKES MAKASSAR Dengan Bangga Mempersembahkan Bakti Sosial BEM PKM Dengan Tema : (Berbagi Kebaikan Ciptakan Masyarakat sehat) . https://t.co/xoHphBrIZt","1319192763422986240","https://pbs.twimg.com/media/Ek62xO9VMAAQpqd.jpg","","in","Makassar, Indonesia","0","1","0","https://twitter.com/BEMPoltekkesMks/status/1319192763422986240","799827325","BEMPoltekkesMks"
"1319181013717712896","Thu Oct 22 07:37:17 +0000 2020","0","Manfaat menyontek : 1. otot mata sehat 2. kreatifitas meningkat 3. Meningkatkn sosial teman 4. Nilai bagus 5. Melatih kecepatan gerak","1319181013717712896","","","in","","0","0","0","https://twitter.com/asihpriyati1/status/1319181013717712896","2191779301","asihpriyati1"
"1319179774065999873","Thu Oct 22 07:32:21 +0000 2020","0","Yang menurut saya lebih sehat adalah mempertarungkan mutu kita hari ini (sosial finansial profesional dsb.) dng mutu kita di masa lalu. Adalah prestasi jika kita hari ini mampu beli barang yg mahal ketika dulu tdk mampu. Terkait beneran beli atau tdk itu soal lain.","1319179774065999873","","","in","🇮🇩🇦🇺🇩🇪🇯🇵","0","0","0","https://twitter.com/oggnir/status/1319179774065999873","449757114","oggnir"
"1319150010488029190","Thu Oct 22 05:34:05 +0000 2020","0","Hari Santri 2020 . Santri Sehat Indonesia Kuat . 22 Oktober 2020 . Official: Web. https://t.co/dZDSkUXGcf Mail. sinfst[at]https://t.co/9QuVZiEUsl Sosial Media | @SinFST . #harisantri #harisantri2020 #harisantrinasional #uinalauddinmakassar #uinam #uinmakassar #uinaminfo #sinfst https://t.co/nvdm73Vob3","1319150010488029190","https://pbs.twimg.com/media/Ek6P28MXUAAI7Hl.jpg","","in","Makassar","0","0","0","https://twitter.com/SinFST/status/1319150010488029190","1204265487665754112","SinFST"
"1319131822958145537","Thu Oct 22 04:21:49 +0000 2020","0","Stop Sebarkan Hoax Di Media Sosial Mari wujudkan Pilkada Serentak 2020 Aman Damai Dan Sehat. https://t.co/31Ani6Qjf3","1319131822958145537","https://pbs.twimg.com/media/Ek5_ZJPVMAE6j77.jpg","","in","Jembrana, Bali","0","0","0","https://twitter.com/polresjembrana/status/1319131822958145537","4863077292","polresjembrana"
"1319038632292855809","Wed Oct 21 22:11:31 +0000 2020","0","Kesehatan reproduksi remaja adalah keadaan sehat baik secara fisik psikis dan sosial yang berkaitan dengan sistem fungsi dan proses reproduksi pada laki- laki dan perempuan agar dapat bertanggung jawab menjaga dan memelihara organ reproduksi. #kesehatanreproduksi https://t.co/P6Tg6epY9t","1319038632292855809","https://pbs.twimg.com/media/Ek4qc0NVMAE77tz.jpg","","in","","0","0","0","https://twitter.com/bidanmembantu/status/1319038632292855809","1273849403657187328","bidanmembantu"
"1318954522471931904","Wed Oct 21 16:37:17 +0000 2020","0","Manfaat menyontek : 1. otot mata sehat 2. kreatifitas meningkat 3. Meningkatkn sosial teman 4. Nilai bagus 5. Melatih kecepatan gerak","1318954522471931904","","","in","","0","0","0","https://twitter.com/asihpriyati1/status/1318954522471931904","2191779301","asihpriyati1"
"1318915346171105282","Wed Oct 21 14:01:37 +0000 2020","0"," Andy Therapis Bekam skaligus sebagai Praktisi Pembekalan EQ di beberapa Rumah Sakit Swasta &amp; Pemerintah. rumah_bekam_indonesia di dirikan oleh kang Andy sebagai Klinik Sosial agar masyarakat Indonesia Sehat dgn metode Therapi yaitu... https://t.co/dP3pGnudsj","1318915346171105282","","","in","Jakarta Capital Region","0","0","0","https://twitter.com/BekamJakarta1/status/1318915346171105282","1281531653681119233","BekamJakarta1"
"1318914155152224261","Wed Oct 21 13:56:53 +0000 2020","0","Sejak berdirinya Republik Indonesia ini. Santri selulu memberi warna dalam kehidupan sosial politik. santri itu adalah asset bangsa yang menjadi suluh di gemerlap modernisasi. #banggajadisantri #selamatharisantri Santri Sehat Indonesia Kuat https://t.co/yAvR6SLRMV","1318914155152224261","https://pbs.twimg.com/media/Ek25bwfUUAEVg7u.jpg","","in","","0","0","0","https://twitter.com/RahmatL98520514/status/1318914155152224261","1185395137423147008","RahmatL98520514"
"1318886223537057793","Wed Oct 21 12:05:54 +0000 2020","5","Yuk ramaikan Sosial Media Kita di Hari Santri Nasional 2020 ini dengan Twibbon Hari Santri Khas Kempek. Untuk memasang Twibbon silakan kunjungi Profil Facebook Khas Kempek Cirebon dan Pasang Foto Profil Terbaik Anda. https://t.co/fQVInxpqM5 Santri Sehat Indonesia Kuat https://t.co/Xqr236IhlH","1318886223537057793","https://pbs.twimg.com/media/Ek2gBFmUUAEXtR0.jpg","","in","Cirebon, Jawa Barat","0","0","0","https://twitter.com/khaskempek_/status/1318886223537057793","4827026834","khaskempek_"
"1318862806674931713","Wed Oct 21 10:32:51 +0000 2020","0","in this time I finally move on. without forgetting nor forgiving. dulu susah move on. itu karena fokus untuk memaafkan dan melupakan yang nyatanya berat. salah satu konstruksi sosial yang tidak sehat sepertinya ","1318862806674931713","","","in","+6222-40291","0","0","0","https://twitter.com/beluga_dragon/status/1318862806674931713","1325998964","beluga_dragon"
"1318831426045800448","Wed Oct 21 08:28:09 +0000 2020","0","6 Tips Bijak Menggunakan Media Sosial untuk Para Milenial! 1. Tidak Membagikan https://t.co/mjCEduzri8 #mipacko #microfiber #cleaningcloth #detailingcloth #towel #microfibertowel #microfiberfabric #kainmicrofiber #microfibercloth #autodetailing #masker #covid19 #sehat #jagajarak","1318831426045800448","","","in","","0","0","0","https://twitter.com/MicrofiberI/status/1318831426045800448","775894791502508032","MicrofiberI"
"1318728027195338753","Wed Oct 21 01:37:17 +0000 2020","0","Manfaat menyontek : 1. otot mata sehat 2. kreatifitas meningkat 3. Meningkatkn sosial teman 4. Nilai bagus 5. Melatih kecepatan gerak","1318728027195338753","","","in","","0","0","0","https://twitter.com/asihpriyati1/status/1318728027195338753","2191779301","asihpriyati1"
"1318722179966459905","Wed Oct 21 01:14:03 +0000 2020","10","Pangeran Harry dan Meghan Markle Kampanyekan Cara Bermedia Sosial yang Sehat https://t.co/kf8MAHPdci https://t.co/CuqDwTLDvx","1318722179966459905","https://pbs.twimg.com/media/Ek0K1ZpU8AAinBg.jpg","","in","Indonesia","0","1","0","https://twitter.com/KompasTV/status/1318722179966459905","71436318","KompasTV"
"1318517751552512001","Tue Oct 20 11:41:43 +0000 2020","9","Luar biasa 200 ribu lebih UMKM mitra Aice Group secara sukarela bersedia dijadikan motor kampanye sosial Aice sbg pusat2 penyebaran Leaﬂet anjuran hidup sehat saat pandemi dan tempat pendistribusian 15 juta masker medis untuk masyarakat. Sungguh kerja kemanusiaan yg luar biasa https://t.co/7em91KVxk7","1318517751552512001","https://pbs.twimg.com/media/EkxQ2GbUcAAni2a.jpg","","in","twitter.com","0","2","8","https://twitter.com/mulanbilqis/status/1318517751552512001","1138727688","mulanbilqis"
"1318513915874009089","Tue Oct 20 11:26:29 +0000 2020","0","Rakyat dong apalagi kalau rokoknya 'Sehat Tentrem'. Dikarenakan keuntungan itu dikembalikan kepada rakyat melalui kegiatan sosial dan bantuan sosial~","1318513915874009089","","","in","Jakarta , indonesia","0","1","0","https://twitter.com/ubaysyarif/status/1318513915874009089","236751568","ubaysyarif"
"1318501534032830466","Tue Oct 20 10:37:16 +0000 2020","0","Manfaat menyontek : 1. otot mata sehat 2. kreatifitas meningkat 3. Meningkatkn sosial teman 4. Nilai bagus 5. Melatih kecepatan gerak","1318501534032830466","","","in","","0","0","0","https://twitter.com/asihpriyati1/status/1318501534032830466","2191779301","asihpriyati1"
"1318448702697111554","Tue Oct 20 07:07:20 +0000 2020","6","Thank You for Your Support. Indonesia's #1 Television In News &amp; Sports. Saksikan program Fakta untuk #CariBeritaditvOne yang mengupas berbagai masalah dan isu sosial. Cari informasi seputar kesehatan? Jangan lewatkan Hidup Sehat dengan #diRumahNontontvOne https://t.co/bzBP2oV8L8","1318448702697111554","https://pbs.twimg.com/media/EkwSG8YXIAY_XQu.jpg","","in","Pulo Gadung, Indonesia","0","1","0","https://twitter.com/tvOneNews/status/1318448702697111554","55507370","tvOneNews"
"1318406816837951488","Tue Oct 20 04:20:54 +0000 2020","11","Kita semua tahu terlalu sering pakai media sosial dapat bermanfaat buruk terhadap kehidupan nyata. Karena itu kamu wajib pakai media sosialmu secara sehat kalau ingin dapat pasangan berkualitas. Bagaimana caranya? https://t.co/U9Ki9hhS3u","1318406816837951488","https://pbs.twimg.com/ext_tw_video_thumb/1318406719660175360/pu/img/fIsIesJM--7MCPd8.jpg","","in","Jakarta ","1","0","6","https://twitter.com/kelascintacom/status/1318406816837951488","541361927","kelascintacom"
"1318392351824388096","Tue Oct 20 03:23:25 +0000 2020","1","Gue agak bingung skrg kalau ada perilaku dikritik kok yg kritik jadi diserang... Kalau tujuannya mengingatkan hidup sehat merencanakan finansial gak kena jebakan kapitalisme/iklan/media sosial kenapa diserang? Dengan alasan: Semua orang bebas bahagianya sendiri2. ‍️","1318392351824388096","","","in","JKT","0","1","0","https://twitter.com/tygerd/status/1318392351824388096","49648393","tygerd"
"1318388303524110336","Tue Oct 20 03:07:20 +0000 2020","0","Manfaat menyontek : 1. otot mata sehat 2. kreatifitas meningkat 3. Meningkatkn sosial teman 4. Nilai bagus 5. Melatih kecepatan gerak","1318388303524110336","","","in","","0","0","0","https://twitter.com/asihpriyati1/status/1318388303524110336","2191779301","asihpriyati1"
"1318348987452149760","Tue Oct 20 00:31:07 +0000 2020","15","Sejumlah langkah strategis pemerintah telah di lakukan dari infrastruktur pendidikan sosial ekonomi dan lainnya. Perjuangan berakhir semangat terus pak @jokowi jadikan Indonesia yg lebih maju..Amin ~ sehat selalu ya pak.. #JokowiBerbuatUntukRakyat https://t.co/vdyK4Krl8m","1318348987452149760","https://pbs.twimg.com/media/Eku3arcVgAAgvU-.jpg","","in","Indonesia🇮🇩","0","5","12","https://twitter.com/RiriJreeng/status/1318348987452149760","1369062793","RiriJreeng"
"1318329321317044224","Mon Oct 19 23:12:58 +0000 2020","0","Selamat Pagi. Sehat gak harus mahal Cobain yuuuk Minuman Sehat JSR (Jurus Sehat Rasulullah) Jangan lupa dukungannya Like coment subcribe n share ke media sosial kalian yaa https://t.co/TbSMk9dQ82 https://t.co/EkH7N1pSYT","1318329321317044224","https://pbs.twimg.com/media/EkulhsEUcAAjxgw.jpg","","in","","0","0","0","https://twitter.com/YuliAstutiuwi/status/1318329321317044224","1313362444039774209","YuliAstutiuwi"
"1318324720534573056","Mon Oct 19 22:54:41 +0000 2020","4","Ga perlu susah2 ngebandingin diri sendiri dengan orang lain di sosial media. Cukup dengan ngebandingin diri sendiri satu tahun yg lalu dengan hari ini. Sudah berapa banyak perubahan positif yg kita capai. Itu lebih sehat buat kita #tangtur","1318324720534573056","","","in","Yogyakarta","0","1","3","https://twitter.com/rzkysnr/status/1318324720534573056","981990558","rzkysnr"
"1318255116609146880","Mon Oct 19 18:18:06 +0000 2020","0","KEGIATAN OPERASI YUSTISI TIGA PILAR KEC.BATU CEPER LAKSANAKAN AJAKAN SEHAT TINGKATKAN DAYA JARING SOSIAL PROTOKOL KESEHATAN. POLSEK BATU CEPER BERSAMA ANGGOTA TNI KORAMIL 02 BATU CEPER BERIKUT TURUT HADIR DARI STAF ASN UNSUR MUSPIKA KEC. BATU CEPER DAN PETUGAS SATPOL-P. https://t.co/yl5tebQOit","1318255116609146880","https://pbs.twimg.com/media/EktiA_QVcAArRrd.jpg","","in","Batu Ceper, Indonesia","0","0","0","https://twitter.com/Hms44826300/status/1318255116609146880","1177406752108601344","Hms44826300"
"1318199911460950017","Mon Oct 19 14:38:44 +0000 2020","0","Sehat merupakan keadaan yang sempurna baik fisik mental maupun sosial tidak hanya terbebas dari penyakit atau kelemahan/cacat. -WHO Dio : Fisik Mental Sosial ","1318199911460950017","","","in","h","0","0","0","https://twitter.com/gisele_aespa/status/1318199911460950017","1186456980187054081","gisele_aespa"
"1318192270852739072","Mon Oct 19 14:08:22 +0000 2020","5","[[DIES NATALIS DIMPA KE-37]] Salam Lestari Terima kasih telah menyempatkan waktunya bersama kami meskipun hanya melalui media sosial. Sehat selalu para keluarga besar DIMPA semua . . #dimpaumm #diesnatalisdimpa37 #mapalaindonesia #ummcampus #pmbumm https://t.co/Fux4erZwQg","1318192270852739072","https://pbs.twimg.com/media/Ekso3edVkAEZkgZ.jpg","","in","MALANG","0","0","1","https://twitter.com/DIMPA_UMM/status/1318192270852739072","850573141","DIMPA_UMM"
"1318161804678242304","Mon Oct 19 12:07:19 +0000 2020","0","Manfaat menyontek : 1. otot mata sehat 2. kreatifitas meningkat 3. Meningkatkn sosial teman 4. Nilai bagus 5. Melatih kecepatan gerak","1318161804678242304","","","in","","0","0","0","https://twitter.com/asihpriyati1/status/1318161804678242304","2191779301","asihpriyati1"
"1318160202001047553","Mon Oct 19 12:00:57 +0000 2020","1","Sahabat Santri yuk sambut dan semarakkan Hari Santri Tanggal 22 Oktober 2020 * Santri Sehat Indonesia Kuat * dengan mengganti profil media sosial. Klik tautan twibbon: 1. https://t.co/wQcwovYWlm 2. https://t.co/OR6yEAxJ30 Salam Santri Sehat Indonesia Kuat #harisantri2020 https://t.co/oniKGIzOmr","1318160202001047553","https://pbs.twimg.com/media/EksLt46U8AcfY9v.jpg","","in","Rembang - Bekasi - Jakarta ","0","0","0","https://twitter.com/MasWahid_/status/1318160202001047553","244567220","MasWahid_"
"1318116917253566464","Mon Oct 19 09:08:57 +0000 2020","0","udh merasa sosial media ngebuat ga sehat... pgn rehat gimana caranya ya? uda addict bgt","1318116917253566464","","","in","","0","1","0","https://twitter.com/yutuber_kawe/status/1318116917253566464","1175709504534499328","yutuber_kawe"
"1318088161545777152","Mon Oct 19 07:14:41 +0000 2020","7","Tim Layanan Aktif BAZNAS mendistribusikan 5000 paket makanan sehat untuk kelompok pekerja rentan yang terdampak pandemi serta yayasan sosial yang tersebar di 20 Kabupaten atau Kota di Indonesia. https://t.co/8WyHbWABBL","1318088161545777152","https://pbs.twimg.com/media/EkrKMeSVcAEuKep.jpg","","in","Jakarta Capital Region","0","2","0","https://twitter.com/baznasindonesia/status/1318088161545777152","293290619","baznasindonesia"
"1318041190315421697","Mon Oct 19 04:08:02 +0000 2020","0","Aku ga sehat mental fisik sosial relasi pun.","1318041190315421697","","","in","CN-BDG","0","0","0","https://twitter.com/haeeenm/status/1318041190315421697","1360936596","haeeenm"
"1318024072727584769","Mon Oct 19 03:00:01 +0000 2020","1","Konsumsi media sosial dikatakan tidak sehat apabila dalam penggunaannya telah mempengaruhi hubungan tidur kesehatan kehidupan profesional atau keuangan. Jika hal itu terjadi coba lakukan detoks media sosial dengan langkah-langkah berikut agar kamu tetap #peaceofmind ! https://t.co/QQm2E7d1JT","1318024072727584769","https://pbs.twimg.com/media/Ekp9rwiVMAAHagK.jpg","","in","Indonesia","0","0","0","https://twitter.com/_AsuransiAstra/status/1318024072727584769","896898032","_AsuransiAstra"
"1318020768723214336","Mon Oct 19 02:46:53 +0000 2020","5","selain membanjiri sosial media dengan tanda pagar propaganda informasi manis tapi palsu seperti sakarin data gurih tapi kurang sehat seperti micin pemilik modal juga mengguncang negeri dengan penggiringan asumsi opini dan perhatian publik","1318020768723214336","","","in","Dominican Republic","0","1","0","https://twitter.com/bardanin/status/1318020768723214336","1278265288731947010","bardanin"
"1317935311092031488","Sun Oct 18 21:07:18 +0000 2020","0","Manfaat menyontek : 1. otot mata sehat 2. kreatifitas meningkat 3. Meningkatkn sosial teman 4. Nilai bagus 5. Melatih kecepatan gerak","1317935311092031488","","","in","","0","0","0","https://twitter.com/asihpriyati1/status/1317935311092031488","2191779301","asihpriyati1"
"1316520041836290048","Wed Oct 14 23:23:32 +0000 2020","0","Untuk kebaikan bersama Kapolsek Kawangkoan IPTU Anthonius Tumbelaka Ingatkan warga penerima bantuan sosial di Kantor Pos Kawangkoan harus pakai masker rajin mencuci tangan dan selalu menjaga jarak karena sehat itu mahal harganya. #marijopakemasker #cegahcovid19 https://t.co/k4zwyHXrNE","1316520041836290048","https://pbs.twimg.com/media/EkU3_nYUYAEDFXf.jpg","","in","","0","0","0","https://twitter.com/Stenky0/status/1316520041836290048","1224992079102627844","Stenky0"
"1316349863689252864","Wed Oct 14 12:07:18 +0000 2020","0","Manfaat menyontek : 1. otot mata sehat 2. kreatifitas meningkat 3. Meningkatkn sosial teman 4. Nilai bagus 5. Melatih kecepatan gerak","1316349863689252864","","","in","","0","0","0","https://twitter.com/asihpriyati1/status/1316349863689252864","2191779301","asihpriyati1"
"1316285535514624000","Wed Oct 14 07:51:41 +0000 2020","0","Realisasi anggaran PEN menunjukkan tren positif. Sebagian besar anggaran tersebut disalurkan untuk agenda perlindungan sosial &amp; membantu pelaku UMKM. Mari senantiasa jaga persatuan agar bersama dpt melewati masa sulit ini. Salam sehat. #Komitepcpen #pusatinformasipcpen https://t.co/4RdWsFM6tl","1316285535514624000","https://pbs.twimg.com/media/EkRit6yVoAEbDV1.jpg","","in","","0","0","0","https://twitter.com/pusatinfopcpen/status/1316285535514624000","1306516942761541632","pusatinfopcpen"
"1316265019080753153","Wed Oct 14 06:30:10 +0000 2020","2","Serka Suparcoyo komunikasi sosial bersama warga binaanya guna memberikan himbauan dan mengajak warga agar membiasakan hidup sehat dengan mengikuti anjuran pemerintah diantaranya menggunakan masker terutama sedang di luar rumah https://t.co/Q1yvSa0uX3","1316265019080753153","https://pbs.twimg.com/media/EkRQDvBVkAY2Vfj.jpg","","in","Jl.Magelang, Medari, Sleman","0","0","0","https://twitter.com/kodim0732Sleman/status/1316265019080753153","755418882903420928","kodim0732Sleman"
"1316123373714329600","Tue Oct 13 21:07:19 +0000 2020","0","Manfaat menyontek : 1. otot mata sehat 2. kreatifitas meningkat 3. Meningkatkn sosial teman 4. Nilai bagus 5. Melatih kecepatan gerak","1316123373714329600","","","in","","0","0","0","https://twitter.com/asihpriyati1/status/1316123373714329600","2191779301","asihpriyati1"
"1316043223706419200","Tue Oct 13 15:48:50 +0000 2020","15","Pandemi bukan penghalang bagi santri utk terus berkarya menebar kebaikan memproduksi konten2 positif sekaligus sterilisasi hoax dan fitnah di media sosial. Sambut #harisantri2020 @PPesantren bersama @aisnusantara akan menyelenggarakan COVID 19. Santri Sehat Indonesia Kuat https://t.co/FKV6D6vd3j","1316043223706419200","https://pbs.twimg.com/media/EkOGVjZU0AASC_y.jpg","","in","Jakarta Capital Region","0","0","2","https://twitter.com/PPesantren/status/1316043223706419200","801360165400363008","PPesantren"
"1315919586504572929","Tue Oct 13 07:37:32 +0000 2020","14","Tetaplah gunakan media sosial dengan bijak misalnya sharing pengalaman berbagi foto ketika liburan kuliner atau manfaatkan sosmed utk mengembangkan bisnismu atau usaha kawan dekatmu. Itu satu cara kita menggunakan internet secara sehat","1315919586504572929","","","in","Bekasi, Jawa Barat","1","1","11","https://twitter.com/FebryMeuthia/status/1315919586504572929","90679458","FebryMeuthia"
"1315896877699588096","Tue Oct 13 06:07:18 +0000 2020","0","Manfaat menyontek : 1. otot mata sehat 2. kreatifitas meningkat 3. Meningkatkn sosial teman 4. Nilai bagus 5. Melatih kecepatan gerak","1315896877699588096","","","in","","0","0","0","https://twitter.com/asihpriyati1/status/1315896877699588096","2191779301","asihpriyati1"
"1315869237575970817","Tue Oct 13 04:17:28 +0000 2020","0","Kebiasaan yg perlu dipupuk sejak kecil.. Demi Indonesia indah dan sehat. . PK-163 Tugas 001-I-PKD Kampanye Sosial Farina Pramanik @LPDP_RI @KanakaMoktika . #PK163 #KanakaMoktika #DiriUntukNegeri #SDMUnggulIndonesiaMaju #AkuPastiMengabdi https://t.co/ThCWVDJFss","1315869237575970817","https://pbs.twimg.com/media/EkLoGM_VkAAxxIe.jpg","","in","","0","0","0","https://twitter.com/farinapramanik1/status/1315869237575970817","1307502693993181185","farinapramanik1"
"1315867067833151488","Tue Oct 13 04:08:51 +0000 2020","1","Mari Ciptakan Pilkada yang Aman Damai dan Sehat dengan Bijak Mengelola Informasi di Media Sosial. Hindari Provokasi Negatif Hoaks isu SARA &amp; Kampanye Hitam. Dan Stop Penyebarannya dengan selalu Menyaring informasi Sebelum Membagikannya. #PilkadaAman #PilkadaDamai #PilkadaSehat https://t.co/5C00qiS91E","1315867067833151488","https://pbs.twimg.com/media/EkLlf7eU4AUKW4W.jpg","","in","Kalimantan Tengah, Indonesia","0","0","0","https://twitter.com/PolreskotimS/status/1315867067833151488","897422652859498496","PolreskotimS"
"1315683900794961922","Mon Oct 12 16:01:00 +0000 2020","3","Selamat ulang tahun bos besar Semoga kamu sehat selalu jangan lupa untuk selalu senyum Kamu tidak perlu menangis ketika merindukan army kamu bisa melihat kami disetiap media sosial kami akan menunggu hingga saat nya tiba saat dimana kita dapat bertemu #HappyBirthdayJimin https://t.co/RN19HEnYlE","1315683900794961922","https://pbs.twimg.com/ext_tw_video_thumb/1315683855924297730/pu/img/wTRV7KprebthZSeA.jpg","","in","","0","0","0","https://twitter.com/yukmainyu_/status/1315683900794961922","1265908986546552832","yukmainyu_"
"1315670406456463361","Mon Oct 12 15:07:23 +0000 2020","0","Manfaat menyontek : 1. otot mata sehat 2. kreatifitas meningkat 3. Meningkatkn sosial teman 4. Nilai bagus 5. Melatih kecepatan gerak","1315670406456463361","","","in","","0","0","0","https://twitter.com/asihpriyati1/status/1315670406456463361","2191779301","asihpriyati1"
"1315654484098387969","Mon Oct 12 14:04:07 +0000 2020","0","Perpanjangan Keempat Pemberlakuan Pembatasan Sosial Berskala Besar (PSBB) Pra Adaptasi Kebiasaan Baru (AKB) menuju Masyarakat Sehat Aman dan Produktif di Kabupaten Bogor mulai 12 Oktober 2020 hingga 27 Oktober 2020.","1315654484098387969","","","in","Sawarga maniloka","0","1","0","https://twitter.com/adhfhm/status/1315654484098387969","2605605584","adhfhm"
"1315592672560644097","Mon Oct 12 09:58:30 +0000 2020","0","rumah sehat adalah bangunan tempat berlindung dan beristirahat serta sebagai sarana pembinaan keluarga yang menumbuhkan kehidupan sehat secara fisik mental dan sosial sehingga seluruh anggota keluarga dapat bekerja secara produktif. https://t.co/PJKxweB7Ok.","1315592672560644097","","","in","Jakarta Capital Region","0","0","0","https://twitter.com/boghaisan/status/1315592672560644097","89670727","boghaisan"
"1315499952911441922","Mon Oct 12 03:50:04 +0000 2020","0","Ayooo kita semua wajib pakai masker untuk sehat kamu dan sehat orang Lain.jangan lupa lapor ke media sosial Humas Polres Metro Bekasi Kota #patuhiprotokolcovid19 #ayopakaimasker https://t.co/17N3mfsoIp","1315499952911441922","https://pbs.twimg.com/media/EkGYOxKU0AAv65_.jpg","","in","Bantargebang, Indonesia","0","0","0","https://twitter.com/humassekbtg/status/1315499952911441922","1250264103731343360","humassekbtg"
"1315490279273635841","Mon Oct 12 03:11:37 +0000 2020","1","Ayooo kita semua wajib pakai masker untuk sehat kamu dan sehat orang Lain.jangan lupa lapor ke media sosial Humas Polres Metro Bekasi Kota #patuhiprotokolcovid19 #ayopakaimasker https://t.co/tMZQpI5bgg","1315490279273635841","https://pbs.twimg.com/media/EkGPb8NUwAAuzU8.jpg","","in","","0","1","1","https://twitter.com/humassekms/status/1315490279273635841","1262279618234478593","humassekms"
"1315488274048118784","Mon Oct 12 03:03:39 +0000 2020","34","1) Fanatisme muncul dlm berbagai bentuk. Bukan hanya dlm soal agama di aspek sosial pun sikap atau keyakinan berlebihan ini sering kita saksikan. Fanatisme lahir dr kekaguman yg tinggi akan sesuatu yg jika dirawat terus menerus akan melumpuhkan logika n akal sehat. #HaulCakNur","1315488274048118784","","","in","Grha STR, Lt.4, Ruang 410-411","6","2","18","https://twitter.com/CakNur_Society/status/1315488274048118784","973223425","CakNur_Society"
"1315457920117530624","Mon Oct 12 01:03:02 +0000 2020","0","Koneksi Sosial Bisa Sehatkan Tubuh Simak 6 Tips Membangun Hubungan Sehat https://t.co/zbBgBl6OGu #DariSuara","1315457920117530624","","","in","Jakarta Capital Region","0","0","0","https://twitter.com/suaradotcom/status/1315457920117530624","2340155395","suaradotcom"
"1315443896252424192","Mon Oct 12 00:07:19 +0000 2020","0","Manfaat menyontek : 1. otot mata sehat 2. kreatifitas meningkat 3. Meningkatkn sosial teman 4. Nilai bagus 5. Melatih kecepatan gerak","1315443896252424192","","","in","","0","0","0","https://twitter.com/asihpriyati1/status/1315443896252424192","2191779301","asihpriyati1"
"1315260077775880193","Sun Oct 11 11:56:53 +0000 2020","0","mamah lagi rajin rajinnya nyiapin buah kurang kurangin yg digoreng semua serba grill sebagai upaya untuk ttep dapet sehat jasmani rohani ditengah hiruk pikuk pemerintahan dan sosial ekonomi di negara ini yang uda ga beres","1315260077775880193","","","in","","0","0","0","https://twitter.com/adeladwiptr/status/1315260077775880193","1271564515574902784","adeladwiptr"
"1315257951649587200","Sun Oct 11 11:48:26 +0000 2020","2","Selamat ulang tahun Laki - laki yang selama 6 tahun kusimpan dalam diam. Hanya bisa mengucapkan lewat doa dan ngetwit disini. Panjang umur &amp; sehat selalu Supaya aku masih bisa mencari tahu kabarmu dan keberadaanmu lewat sosial media yang kau punya. Aku sayang kamu.","1315257951649587200","","","in","","0","0","0","https://twitter.com/putridynrr/status/1315257951649587200","1296323808404463616","putridynrr"
"1315256475309109249","Sun Oct 11 11:42:34 +0000 2020","1","Aku juga berpandangan bahwa sehat itu tidak hanya sebatas keadaan sehat fisik namun juga keadaan jiwa seseorang yang sehat mental spiritual maupun sehat sosial operasional.","1315256475309109249","","","in","","0","1","0","https://twitter.com/Meisyaa06898032/status/1315256475309109249","1297889526560329728","Meisyaa06898032"
"1315253551300448256","Sun Oct 11 11:30:57 +0000 2020","0","Arya Nata Saputra Fakultas Ilmu sosial dan Ilmu politik Jurusan Ilmu Komunikasi Cluster 49 . Pentingnya kesehatan mental Mental yang sehat menandakan jiwa yang produktif! #adhikara58 #MabaUB2020 #RajaBrawijaya2020 #kitasatuBrawijaya #KreasinyataBrawijayans","1315253551300448256","","","in","","0","0","0","https://twitter.com/nolepliyfe_/status/1315253551300448256","1310157098785730560","nolepliyfe_"
"1315253036139180032","Sun Oct 11 11:28:54 +0000 2020","1","Hasil rapid test non reaktif tetap menerapkan pola hidup sehat dengan pembatasan sosial https://t.co/gGmqXI72Mk","1315253036139180032","https://pbs.twimg.com/media/EkC3qFGVkAEB-kd.jpg","","in","Indonesia","0","2","0","https://twitter.com/nusantoro_/status/1315253036139180032","1709537976","nusantoro_"
"1315253032548929536","Sun Oct 11 11:28:53 +0000 2020","12","Aku yakin memang berat jdi Pemimpin Jujur dinegeri ini Pekerjaan Bapak begitu sangat bnyak beban bwt mewujudkan/implementasikan keejahteraan rakyatnya sesuai sila ke 5 Keadilan Sosial Bagi Seluruh Rakyat Indonesia Tetap Semangat &amp; Sehat Pak @jokowi #RakyatAkanSelaluMendukungmu https://t.co/Edy5utSRIW","1315253032548929536","https://pbs.twimg.com/media/EkC3nZrVgAMeZP_.jpg","","in","Auckland, New Zealand","0","1","4","https://twitter.com/gadisresidu_b3/status/1315253032548929536","1091557101002940416","gadisresidu_b3"
"1315224979311456256","Sun Oct 11 09:37:25 +0000 2020","0","Kesehatan mental merupakan bagian integral dari hidup sehat dan seimbang.Ruang lingkup kesehatan mental mencakup kesejahteraan psikologis emosional dan sosial kita.Artinya hal ini mempengaruhi perasaan pikiran dan perilaku kita sehari-hari.","1315224979311456256","","","in","","0","1","0","https://twitter.com/Tharisamelani1/status/1315224979311456256","1315216453184876545","Tharisamelani1"
"1315222587719393280","Sun Oct 11 09:27:55 +0000 2020","0","Sehat? Apa itu sehat? Mengapa kita harus jaga kesehatan?. Sehat adalah kondisi kesejahteraan fisik mental dan sosial yang lengkap dan bukan sekadar tidak adanya penyakit atau kelemahan. #Adhikara58 #MabaUB2020 #RAJABrawijaya2020 #KitaSatuBrawijaya #KreasiNyataBrawijayans","1315222587719393280","","","in","rain city","0","1","0","https://twitter.com/dezem33/status/1315222587719393280","1215949416319729670","dezem33"
"1315222453468053505","Sun Oct 11 09:27:23 +0000 2020","19","MENTAL HEALTH Menurut WHO ( World Health Organization ) sehat adalah kondisi lengkap baik fisik mental maupun kesejahteraan sosial. Sedangkan Kesehatan Mental ( Mental Health ) yakni kondisi sejahtera karena individu menyadari potensi dirinya dapat mengatasi tekanan bekerja","1315222453468053505","","","in","","0","1","12","https://twitter.com/faizfakhrull/status/1315222453468053505","1188673682320711680","faizfakhrull"
"1315221983479570434","Sun Oct 11 09:25:31 +0000 2020","0","Kesehatan mental itu sendiri ternyata tidak hanya sehat secara fisik saja tetapi juga sehat secara rohani. Kesehatan mental adalah hal yang bersifat pribadi. Kesehatan mental mencangkup kesehatan emosional psikologi dan sosial. Masalah kesehatan mental adalah serangkaian kondisi","1315221983479570434","","","in","","0","0","0","https://twitter.com/DevyRat64909474/status/1315221983479570434","1315140332946747392","DevyRat64909474"
"1315221298922975234","Sun Oct 11 09:22:47 +0000 2020","1","tivitas yang kamu sukai dan membuat nyaman dapat mengurangi rasa cemas. Menikmati interaksi sosial dan hubungan yang positif juga dapat membantu. Ubah pola hidup dengan berusaha untuk hidup sehat. Gaya hidup yang tidak sehat dapat memperburuk gejala gangguan kecemasan. Hindari al","1315221298922975234","","","in","Indonesia","0","0","0","https://twitter.com/Desmita12714498/status/1315221298922975234","1165645530581438467","Desmita12714498"
"1315218739193737218","Sun Oct 11 09:12:37 +0000 2020","0","Nama : Salma Fauziah Azzahra Fakultas : Pendidikan Vokasi Jurusan : Sistem Informasi Cluster : 29 Kesehatan mental sama pentingnya dengan kesehatan fisik. Mental yang sehat dan positif memungkinkan tubuh berfungsi dengan baik dan membantu untuk memiliki koneksi sosial","1315218739193737218","","","in","","0","1","0","https://twitter.com/saldercyy/status/1315218739193737218","2388328488","saldercyy"
"1315217541694857216","Sun Oct 11 09:07:52 +0000 2020","0","Theodore Raphaello Fakultas Teknik Teknik Elektro Cluster 18 Pada akhirnya kesehatan mental adalah tentang menjadi sehat secara kognitif emosional dan sosial - cara kita berpikir merasakan dan mengembangkan hubungan - dan bukan hanya ketiadaan kondisi kesehatan mental.","1315217541694857216","","","in","","0","1","0","https://twitter.com/theodoreee31/status/1315217541694857216","1177832128412676097","theodoreee31"
"1315217425269354497","Sun Oct 11 09:07:24 +0000 2020","0","Manfaat menyontek : 1. otot mata sehat 2. kreatifitas meningkat 3. Meningkatkn sosial teman 4. Nilai bagus 5. Melatih kecepatan gerak","1315217425269354497","","","in","","0","0","0","https://twitter.com/asihpriyati1/status/1315217425269354497","2191779301","asihpriyati1"
"1315216630520008704","Sun Oct 11 09:04:14 +0000 2020","0","Sehat bukan sekadar memiliki fisik yang bagus berpenampilan baik atau punya banyak relasi. Sehat berarti saat dimana fisik mental dan sosial seseorang dalam keadaan sejahtera. Dewasa ini kesehatan mental sering kali dinomorduakan.","1315216630520008704","","","in","","0","1","0","https://twitter.com/dungndut/status/1315216630520008704","1095258989976121345","dungndut"
"1315216586802827266","Sun Oct 11 09:04:04 +0000 2020","0","Para remaja umumnya menjadikan media sosial sebagai pembanding diri dan orang lain.Ini dapat merusak citra diri yang sehat.Upaya untuk mencegah dampak negatif dari penggunaan media sosial oleh remaja dimulai dengan mendidik remaja tentang bahaya yang diberikan oleh media sosial.","1315216586802827266","","","in","","0","1","0","https://twitter.com/krisnahendra8/status/1315216586802827266","1314006464306900993","krisnahendra8"
"1315216317733986304","Sun Oct 11 09:03:00 +0000 2020","1","Pentingnya kesadaran akan kesehatan mental. Menurut WHO (World Health Organization) sehat adalah kondisi baik fisik mental maupun kesejahteraan sosial. #Adhikara58 #MabaUB2020 #RAJABrawijaya2020 #KitaSatuBrawijaya #KreasiNyataBrawijayans","1315216317733986304","","","in","","0","0","0","https://twitter.com/cyyndif_/status/1315216317733986304","799612699638317056","cyyndif_"
"1315215866401751040","Sun Oct 11 09:01:12 +0000 2020","0","Sehat bukan sekadar memiliki fisik yang bagus berpenampilan baik atau punya banyak relasi. Sehat berarti saat dimana fisik mental dan sosial seseorang dalam keadaan sejahtera. Dewasa ini kesehatan mental sering kali dinomorduakan.","1315215866401751040","","","in","Indonesia","0","1","0","https://twitter.com/alifahkhr/status/1315215866401751040","3093939542","alifahkhr"
"1315213998221000706","Sun Oct 11 08:53:47 +0000 2020","0","Lembaga Kesejahteraan Sosial Anak al-Bukhori Mangunan Dusun Pilang Desa Tulung Sampung Kabupaten Ponorogo bersama pemerintah desa dan masyarakat mengadakan senam sehat. Kegiatan juga diisi dengan pemberian santunan kepada santri yatim piatu dan dluafa. https://t.co/x0JDy83VN9","1315213998221000706","","","in","East Java, Indonesia","0","0","0","https://twitter.com/nuonlinejatim/status/1315213998221000706","1307604987124486144","nuonlinejatim"
"1315210112651284482","Sun Oct 11 08:38:20 +0000 2020","1","Definisi sehat menurut WHO adalah keadaan sejahtera untuk fisik mental serta sosial. Namun saat ini orang-orang lebih menggalakkan budaya sehat yang mengarah pada kesehatan fisik saja tanpa memperhatikan kesehatan mental. Kesehatan mental sangat penting bagi generasi muda.","1315210112651284482","","","in","","0","1","0","https://twitter.com/izzataniauuu/status/1315210112651284482","1312219428147224576","izzataniauuu"
"1315089747270864896","Sun Oct 11 00:40:03 +0000 2020","0","Sehat mental : lakuakan kegiatan kecil kebugaran tetap jaga interaksi sosial dan luangkan waktu untuk tertawa Muh. Farhan Aufa Fardana 205020301111008 FEB Akuntansi cluster 59 #goodmental #Adhikara58 #MabaUB2020 #RAJABrawijaya2020 #KitaSatuBrawijaya #KreasiNyataBrawijayans","1315089747270864896","","","in","","0","0","0","https://twitter.com/AufaFardana/status/1315089747270864896","1314566289881407488","AufaFardana"
"1314990909885382657","Sat Oct 10 18:07:18 +0000 2020","0","Manfaat menyontek : 1. otot mata sehat 2. kreatifitas meningkat 3. Meningkatkn sosial teman 4. Nilai bagus 5. Melatih kecepatan gerak","1314990909885382657","","","in","","0","0","0","https://twitter.com/asihpriyati1/status/1314990909885382657","2191779301","asihpriyati1"
"1314877656941228032","Sat Oct 10 10:37:17 +0000 2020","0","Manfaat menyontek : 1. otot mata sehat 2. kreatifitas meningkat 3. Meningkatkn sosial teman 4. Nilai bagus 5. Melatih kecepatan gerak","1314877656941228032","","","in","","0","0","0","https://twitter.com/asihpriyati1/status/1314877656941228032","2191779301","asihpriyati1"
"1314838075256844288","Sat Oct 10 08:00:00 +0000 2020","0","Entah jadi gampang marah sensitif galau atau larut dalam kesedihan sepanjang hari ketika baru putus. Sobat Sehat mungkin terbesit untuk menghapus foto mantan dari media sosial supaya bisa cepat move on. Namun apa benar harus begitu? #HelloSehat https://t.co/gSvfuSrTaX https://t.co/YJqoZOdQVE","1314838075256844288","https://pbs.twimg.com/ext_tw_video_thumb/1314466448232726528/pu/img/OH50pbswshjO2ubn.jpg","","in","Jakarta Capital Region","0","0","0","https://twitter.com/HelloSehat/status/1314838075256844288","4620595760","HelloSehat"
"1314792183690530816","Sat Oct 10 04:57:38 +0000 2020","0","Karena tidak memberdayakan akal sehat dan hati nurani serta malas belajar untuk menambah wawasan maka banyak orang menjadi picik dan pandir shg rela mengikuti jejak isis-khilafahisme untuk merusak harmoni sosial dan peradaban manusia.","1314792183690530816","","","in","","0","0","0","https://twitter.com/Ferrynine/status/1314792183690530816","1120283194761179136","Ferrynine"
"1314768668820029440","Sat Oct 10 03:24:12 +0000 2020","3"," Greater Investment Greater Access adalah Tema World Mental Health Day 2020 yang mengingatkan kita perlunya mental yang sehat dan menginvestasikan waktu kita untuk menjaga kesehatan mental kita. Kesehatan jiwa adalah kesejahteraan emosional psikologis dan sosial. https://t.co/h0QlM5GkpU","1314768668820029440","https://pbs.twimg.com/media/Ej7_IobVcAAM9Gt.jpg","","in","","0","1","0","https://twitter.com/pi_niaga/status/1314768668820029440","1257135510067179521","pi_niaga"
"1314694698301181952","Fri Oct 09 22:30:16 +0000 2020","6","semoga hari ini dan ke depannya selalu dipermudah dalam segala urusan. sehat selalu ya teman-teman yang sudah menyuarakan pendapatnya baik yang turun ke jalan maupun melalui sosial media. semoga selalu dilindungi Tuhan.","1314694698301181952","","","in","Yogyakarta, Indonesia","0","0","1","https://twitter.com/callmefaaar/status/1314694698301181952","864335545","callmefaaar"
"1314651161534722049","Fri Oct 09 19:37:16 +0000 2020","0","Manfaat menyontek : 1. otot mata sehat 2. kreatifitas meningkat 3. Meningkatkn sosial teman 4. Nilai bagus 5. Melatih kecepatan gerak","1314651161534722049","","","in","","0","0","0","https://twitter.com/asihpriyati1/status/1314651161534722049","2191779301","asihpriyati1"
"1314594365013073925","Fri Oct 09 15:51:35 +0000 2020","0","Sore tadi Pak Jokowi menjelaskan kpd publik bahwa sebaran hoax yg beredar di media sosial membawa imbas hingga kerusuhan semalam. Sehat terus Bapak... https://t.co/0vpqzWb1s3","1314594365013073925","https://pbs.twimg.com/media/Ej5gmpPVcAEY0kD.jpg","","in","Kota Semarang, Jawa Tengah","0","0","0","https://twitter.com/Novitasari_Din/status/1314594365013073925","1108641455579369474","Novitasari_Din"
"1314546658483400704","Fri Oct 09 12:42:01 +0000 2020","0","maka kita sebagai makhluk sosial harus mengingatkan dan menjadikan tubuh kita sehat. Jika kita bepergian sebaiknya pakai masker sarung tangan serta membawa hand sanitazer supaya virus covid 19 tidak menular kepada kaum lansia yang notabene mudah tertular","1314546658483400704","","","in","","0","0","0","https://twitter.com/RisnaSetiya/status/1314546658483400704","1310774509419462656","RisnaSetiya"
"1314493714857771008","Fri Oct 09 09:11:38 +0000 2020","0","Udah dibilang lagi karantina malah maksa ngajak keluar ncen awakku sehat tapi sanksi sosial kejam lur.","1314493714857771008","","","in","Yogyakarta, Indonesia","0","0","0","https://twitter.com/YourAleeaa/status/1314493714857771008","1232894062988079104","YourAleeaa"
"1314464502528630786","Fri Oct 09 07:15:33 +0000 2020","0","Muncul Isu Pemblokiran Medsos Kominfo: Hoaks Kami Hanya Jaga Media Sosial Tetap Bersih dan Sehat https://t.co/KLoSVtVcyS","1314464502528630786","","","in","Depok","0","0","0","https://twitter.com/PRDepok/status/1314464502528630786","1217625008169635840","PRDepok"
"1314424670309867521","Fri Oct 09 04:37:16 +0000 2020","0","Manfaat menyontek : 1. otot mata sehat 2. kreatifitas meningkat 3. Meningkatkn sosial teman 4. Nilai bagus 5. Melatih kecepatan gerak","1314424670309867521","","","in","","0","0","0","https://twitter.com/asihpriyati1/status/1314424670309867521","2191779301","asihpriyati1"
"1313971687906402305","Wed Oct 07 22:37:17 +0000 2020","0","Manfaat menyontek : 1. otot mata sehat 2. kreatifitas meningkat 3. Meningkatkn sosial teman 4. Nilai bagus 5. Melatih kecepatan gerak","1313971687906402305","","","in","","0","0","0","https://twitter.com/asihpriyati1/status/1313971687906402305","2191779301","asihpriyati1"
"1313896598762528768","Wed Oct 07 17:38:54 +0000 2020","0","Semua media sosial sedang tidak sehat untuk kalian punya psikis trauma pukul memukul dan brantem. Jauh jauhin deh mending serem anjerrrrr. Ampe degdegan liat video nya:(","1313896598762528768","","","in","depok - cinere","0","0","0","https://twitter.com/piknikk72/status/1313896598762528768","1100205632","piknikk72"
"1313868275021824007","Wed Oct 07 15:46:21 +0000 2020","0","Jika akun akun meme di sosial media sudah membahas politik percayalah negeri ini sedang tidak sehat","1313868275021824007","","","in","","0","0","0","https://twitter.com/ahandywijaya/status/1313868275021824007","1002027454645420032","ahandywijaya"
"1313852799923286018","Wed Oct 07 14:44:52 +0000 2020","0","Memahami Kesehatan Mental Bagi Generasi Z -A THREAD- Secara umum kesehatan mental mencakup kesejahteraan emosional psikologis dan sosial. Orang yang selalu tertawa bukan berarti dia sehat secara mental.elakukan aktivitas sehari-hari.","1313852799923286018","","","in","","0","1","0","https://twitter.com/kkkkaobuzzzz/status/1313852799923286018","1279001238793621504","kkkkaobuzzzz"
"1313793177455796224","Wed Oct 07 10:47:57 +0000 2020","0","Dimana logikal akal sehat kalian yang masih bertahan para pakar dan praktisi sdh banyak berbicara ttg OMNIBUS LAW berdampak buruk bagi perkembangan rasa KEADILAN SOSIAL dan EKONOMI. @SBYudhoyono @AgusYudhoyono @teukuriefky_1 @OssyDermawan @AndiArief__ @farhaneffendy","1313793177455796224","","","in","","0","0","0","https://twitter.com/jr_seno/status/1313793177455796224","1114099830","jr_seno"
"1313756895987994624","Wed Oct 07 08:23:47 +0000 2020","9","Makasih kakak² mahasiswa dan pelajar lainnya karena telah berjuang untuk hak masyarakat. Maaf kami hanya bisa mentrendingkan Tagar di tweet dan media sosial lainnya. Semangat buat yg turun kejalan semoga kalian selalu sehat Aamiin#MahasiswaBergerak https://t.co/D0RyBsP3oL","1313756895987994624","https://pbs.twimg.com/media/Ejtm7ZtU0AEJQAk.jpg","","in","","0","0","2","https://twitter.com/RaesaTaetae/status/1313756895987994624","1310791098999083008","RaesaTaetae"
"1313745195037462529","Wed Oct 07 07:37:17 +0000 2020","0","Manfaat menyontek : 1. otot mata sehat 2. kreatifitas meningkat 3. Meningkatkn sosial teman 4. Nilai bagus 5. Melatih kecepatan gerak","1313745195037462529","","","in","","0","0","0","https://twitter.com/asihpriyati1/status/1313745195037462529","2191779301","asihpriyati1"
"1313731939900112896","Wed Oct 07 06:44:37 +0000 2020","1","Aku ketika melihat foto dia di sosial media atau mengingat dia: *tersenyum tipis* lalu bicara dalam hati Sehat sehat ya bahagia selalu . Lalu seketika tanpa disadari ada air mata yang jatuh.","1313731939900112896","","","in","Indonesia","0","1","1","https://twitter.com/LTGP_/status/1313731939900112896","876006193554010113","LTGP_"
"1313692876748910593","Wed Oct 07 04:09:23 +0000 2020","2","Pak bagaimana soal omnibus law? Bagaimana soal RUU PKS pak?? Bagaimana kondis rakyat sekrg pak??? Sehat terus ya pakkk kami menunggu keadilan sosial bagi seluruh rakyat Indonesia ","1313692876748910593","","","in","madiun jawa timur","0","0","0","https://twitter.com/niken_trisdiana/status/1313692876748910593","456679248","niken_trisdiana"
"1313688954407796736","Wed Oct 07 03:53:48 +0000 2020","0","Diusia 11 Tahun ini berharap ada kenaikan TA mengingat kegiatan TKSK semakin luas dan meningkat belum lagi kondisi wilayah kerja yg luas Berharap Bagaimana TKSK dikukuhkan sebagai Pelaksana Teknis Sosial Kecamatan. Semoga teman2 selalu sehat... @KemensosRI @juliaribatubara https://t.co/m8m4IUsSiS","1313688954407796736","https://pbs.twimg.com/media/EjspItaU0AAhqum.jpg","","in","Manggelewa-Dompu","0","0","0","https://twitter.com/B_deroAR/status/1313688954407796736","772236496761860096","B_deroAR"
"1313683718867881986","Wed Oct 07 03:33:00 +0000 2020","1","#SobatPangan dapat menggunakan media sosial untuk mempromosikan pangan yang sehat. Membicarakan tentang acara ️ #WorldFoodDay dan #FoodHeroes (pakai hashtag ini ya!) kepada lingkungan sekitarmu juga sudah keren banget! 🆒🆒 #HariPanganSedunia #PahlawanPangan https://t.co/NVaYENq2Do","1313683718867881986","https://pbs.twimg.com/media/EjsjqqqUwAAN7IC.jpg","","in","","0","0","2","https://twitter.com/FAOIndonesia/status/1313683718867881986","1335525252","FAOIndonesia"
"1313682392595394560","Wed Oct 07 03:27:44 +0000 2020","1","MARI KITA BIJAK DALAM MENGGUNAKAN MEDIA SOSIAL Jangan jadikan media sosial sebagai alat untuk menyebarkan hoax isu sara dan menebarkan kebencian Tetapi jadikanlah sebagai alat pemersatu Bangsa AYO KITA WUJUDKAN PILKADA TAHUN 2020 YANG AMAN DAMAI SERTA SEHAT https://t.co/GGlFd7DhWD","1313682392595394560","https://pbs.twimg.com/media/EjsjJldVcAAHljn.jpg","","in","Sungaiselan","0","0","0","https://twitter.com/sungaiselan/status/1313682392595394560","1200331724833447936","sungaiselan"
"1313662670663380992","Wed Oct 07 02:09:22 +0000 2020","1","Feby Nadia Putri Fakultas Ilmu Sosial dan Ilmu Politik Prodi Ilmu Komunikasi Cluster 37 Setiap orang pastilah mencita-citakan dirinya dalam keadaan sehat dan tak seorang pun yang benar-benar menginginkan dirinya berada dalam kondisi yang tidak sehat.","1313662670663380992","","","in","di hatimu","0","1","0","https://twitter.com/kodeinkuy/status/1313662670663380992","1312414537367265280","kodeinkuy"
"1313657963110780934","Wed Oct 07 01:50:39 +0000 2020","0","pemerintah yang dengerin rakyat atau rakyat yang dengerin pemerintah si? dasar negara pancasila ada sila ttg keadilan sosial bagi seluruh rakyat indonesia tapi mana? situ semua yg digedung DPR sehat sm pinter kan? #DPRRIKhianatiRakyat #DPRgoblok","1313657963110780934","","","in","","0","0","0","https://twitter.com/ameyliau_/status/1313657963110780934","1304804628073046016","ameyliau_"
"1313652418601656325","Wed Oct 07 01:28:37 +0000 2020","1","Senangnya berteman dgn petani hutan pengelola Perhutanan Sosial. Dikasih buah tangan Madu Hitam. Sehat karena terjamin keasliannya. https://t.co/uxnT24HHhz","1313652418601656325","https://pbs.twimg.com/media/EjsH6DtU4AIQnYn.jpg","","in","Bogor, Jawa Barat","0","0","0","https://twitter.com/JambiNoor/status/1313652418601656325","2520016752","JambiNoor"
"1313631546218180608","Wed Oct 07 00:05:41 +0000 2020","0","Secara psikologis kecemburuan sosial terjadi diantara kelompok masyarakat yang memiliki profesi serupa. Sehingga kemungkinan disebabkan oleh persaingan tidak sehat dan atau belum terbentuknya standarnisasi pekerjaan. Sosialisasi kesadaran hukum adalah sebuah solusi intelektual.","1313631546218180608","","","in","Bulukumba, Sulawesi, Indonesia","0","0","0","https://twitter.com/Andiyadiputra/status/1313631546218180608","1228379249704226822","Andiyadiputra"
"1313530662834581505","Tue Oct 06 17:24:48 +0000 2020","0","Negeri surga katanya? Keadilan sosial bagi seluruh rakyat. Katanya!? Sehat selalu sodaraku!!! teruslah bergerak do'a kami menyertaimu. #MOSITIDAKDIPERCAYA","1313530662834581505","","","in","","0","0","0","https://twitter.com/AdityaAfo/status/1313530662834581505","1183403140189605888","AdityaAfo"
"1313518699815477248","Tue Oct 06 16:37:16 +0000 2020","0","Manfaat menyontek : 1. otot mata sehat 2. kreatifitas meningkat 3. Meningkatkn sosial teman 4. Nilai bagus 5. Melatih kecepatan gerak","1313518699815477248","","","in","","0","0","0","https://twitter.com/asihpriyati1/status/1313518699815477248","2191779301","asihpriyati1"
"1313509887540781056","Tue Oct 06 16:02:15 +0000 2020","0","Kalo cuma update status dan koar koar di sosial media percuma! Mereka semua juga nga akan dengar TURUN KEJALAN REVOLUSI TOTAL! Tpi buat gue kayanya skrg up dulu Sehat walafiat aja udah alhamdulilah skrg Salam sehat untuk kita semua.","1313509887540781056","","","in","Barcelona, Spain","0","0","0","https://twitter.com/isropay_/status/1313509887540781056","2278367942","isropay_"
"1313455527905558530","Tue Oct 06 12:26:15 +0000 2020","171","meet di tempat kopi meet di tempat rehabilitasi bangga ga si dari grup twt baru umur 2 bulan tapi udah berhasil bikin acara bakti sosial? makasii buat owner yg udah buat acara iniii sehat selalu semuanya! https://t.co/6xK5yJxXgy","1313455527905558530","https://pbs.twimg.com/media/EjpU0WkUcAURv4f.jpg","","in","กรุงเทพประเทศไทย","2","62","15","https://twitter.com/miiyumieayam/status/1313455527905558530","1251352145577734146","miiyumieayam"
"1313454360756543488","Tue Oct 06 12:21:37 +0000 2020","2","Mahendra: Lebih Baik Sehat Iuran BPJS-nya untuk Kontribusi Sosial https://t.co/3vYrBQWfuo","1313454360756543488","","","in","Jakarta","0","0","0","https://twitter.com/jawapos/status/1313454360756543488","2392460208","jawapos"
"1313445359964700672","Tue Oct 06 11:45:51 +0000 2020","0","gtau muk ngomong apalagi. pa you're really precious and i'm really proud to you. sehat ya pa semoga hak yg salah kembali ketempat yg seharusnya dan kita kembali bisa merasakan apa arti dari sila ke-5 dalam pancasila. keadilan sosial bagi seluruh rakyat indonesia . ","1313445359964700672","","","in","","0","0","0","https://twitter.com/aphroddite_/status/1313445359964700672","1098526548276080641","aphroddite_"
"1313433025531715584","Tue Oct 06 10:56:50 +0000 2020","3","Break dulu ya guys. Yg muslim shalat maghrib dulu Almatsurat &amp; dzikiran juga kalo bisa. Yg nonis banyakin doa sesuai kepercayaan masing². Semoga Indonesia lekas sehat kembali baik dari politik pendidikan ekonomi sosial kesehatan &amp; lainnya Yg belum makan juga makan dulu!","1313433025531715584","","","in","she/her","0","0","0","https://twitter.com/urskylight/status/1313433025531715584","1273618703582588930","urskylight"
"1313425530457255936","Tue Oct 06 10:27:03 +0000 2020","0","Mental Sehat Media sosial seakan menciptakan gaya hidup ideal yang sebenarnya tidak seindah kenyataan. Hal inilah yang menciptakan tekanan dan beban pikiran pada generasi muda. Keharmonisan dalam keluarga akan menjadi hal yang sangat penting bagi perkembangan mental remaja.","1313425530457255936","","","in","","0","1","0","https://twitter.com/HHerlyana/status/1313425530457255936","1312889615280300032","HHerlyana"
"1313423698276229120","Tue Oct 06 10:19:46 +0000 2020","1","Semoga sehat selalu dan panjang umur Pak Benny semoga kelak Indonesia mendapatkan pemimpin baik dan bertanggung jawab terhadap rakyat (tanpa membedakan status ekonomi sosial dll). Sbg wakil rakyat yang semestinya. #DPRRIKhianatiRakyat #MosiTidakPercaya #TolakRUUIblisOmnibusLaw","1313423698276229120","","","in","0","0","0","0","https://twitter.com/hanjepriv/status/1313423698276229120","1013152531034267648","hanjepriv"
"1313418985958862848","Tue Oct 06 10:01:03 +0000 2020","4","Turut berduka cita atas hilangnya akal sehat Dewan Penghianatan Rakyat. Tepat di tgl 1 Oktober kemarin kita baru saja memperingati Hari Kesaktian Pancasila; dimana terdapat sila ke-5 Keadilan Sosial Bagi Seluruh Rakyat Indonesia . Lalu dimana KEADILAN itu?#MosiTidakPercaya https://t.co/lYwuktq4Ym","1313418985958862848","https://pbs.twimg.com/ext_tw_video_thumb/1313418890915979264/pu/img/yATMa_Rl9YwJ5n8B.jpg","","in","Malang, Jawa Timur","0","0","0","https://twitter.com/fournineteen__/status/1313418985958862848","1094703684330516480","fournineteen__"
"1313413736892252167","Tue Oct 06 09:40:11 +0000 2020","0","Kita skip dlu ya si corona yang penting *keadilan sosial bagi seluruh rakyat indonesia* Sehat sehat terus kita yg lagi berjuang untuk kesejahteraan","1313413736892252167","","","in","Bandung, Jawa Barat","0","0","0","https://twitter.com/inadwrhm/status/1313413736892252167","494027423","inadwrhm"
"1313373773039509504","Tue Oct 06 07:01:23 +0000 2020","0","Kalo ada isu politik dan sosial tu gue selalu kepikiran orang yg kerjanya serabutan atau bergaji minim. Kenapa? Karena setiap keputusan pemerintah tu ga memihak ke mereka dan akhirnya berdampak ke kehidupan. Beban hidupnya berat banget. Ditambah lagi beban baru gini. DPR sehat?","1313373773039509504","","","in","middle of nowhere • she/her","0","1","0","https://twitter.com/ayafluvc/status/1313373773039509504","1278389172223406080","ayafluvc"
"1313367236204089350","Tue Oct 06 06:35:24 +0000 2020","0","Sudah tidak ada lagi Pancasila di Indonesia tidak ada lagi dari rakyat untuk rakyat keadilan sosial bagi seluruh rakyat Indonesia sudah tidak ada. Gunakan akal sehat lawan penindasan tolak RUU Cilaka. NKRI HARGA MATI! #IndonesiaDalamBahaya #MosiTidakPercaya #DPRRIKhianatiRakyat","1313367236204089350","","","in","Bekasi, Jawa Barat","0","1","0","https://twitter.com/rfqtwntysix_/status/1313367236204089350","1124057811820802048","rfqtwntysix_"
"1313334062090608640","Tue Oct 06 04:23:35 +0000 2020","0","Ketika akal sehat dan hati nurani berpulang ke Rahmatullah Para buruh akan kehilangan kesenjangan sosial Tidak dapat pesangon Dihapusnya upah minimum Dll Apa sebuah demo masih kurang? Apa suara kami kurang lantang di luar gedungmu?","1313334062090608640","","","in","Jember, Jawa Timur","0","0","0","https://twitter.com/bimawarsita/status/1313334062090608640","1290280952329940994","bimawarsita"
"1313306065748934656","Tue Oct 06 02:32:20 +0000 2020","0","‼️ FOR MY BELOVED OOMFS/NON OOMFS‼️ Buat kakak-kakak yang turun ke jalan gw doain lo semua sehat wal afiat sukses dunia akhirat semangat menegakkan sila ke-5 KEADILAN SOSIAL BAGI SELURUH RAKYAT INDONESIA ","1313306065748934656","","","in","","0","0","0","https://twitter.com/soybeenx/status/1313306065748934656","845974809863323648","soybeenx"
"1313292209106513920","Tue Oct 06 01:37:17 +0000 2020","0","Manfaat menyontek : 1. otot mata sehat 2. kreatifitas meningkat 3. Meningkatkn sosial teman 4. Nilai bagus 5. Melatih kecepatan gerak","1313292209106513920","","","in","","0","0","0","https://twitter.com/asihpriyati1/status/1313292209106513920","2191779301","asihpriyati1"
"1313169447616618496","Mon Oct 05 17:29:28 +0000 2020","0","Menciptakan etika bisnis dapat dilakukan dengan pengendalian diri pengembangan tanggungjawab sosial mempertahankan jati diri menciptakan persaingan yang sehat menghindari sikap 5k mampu mengatakan yang benar itu benar. #etbis","1313169447616618496","","","in","Pamekasan, Indonesia","0","0","0","https://twitter.com/kjaustman/status/1313169447616618496","1308104790887469056","kjaustman"
"1313155351286435841","Mon Oct 05 16:33:27 +0000 2020","2","Panjanh umur perjuangan. Sehat semua para pejuang yang besok turun jalan atau Demo. Perjuangin hak kalian perjuangin sila ke 5 keadilan sosial.","1313155351286435841","","","in","Pamekasan, Indonesia","0","0","0","https://twitter.com/DodyHm_/status/1313155351286435841","722389973979148288","DodyHm_"
"1313151654418477056","Mon Oct 05 16:18:46 +0000 2020","23","Sehat jiwa menurut WHO adalah kondisi mental sejahtera karena 4 hal: 1. Sadar potensi diri 2. Dapat mengatasi tekanan dalam kehidupan 3. Dapat bekerja secara baik dan produktif 4. Dapat memberikan kontribusi sosial https://t.co/gFyFoLqpG0","1313151654418477056","https://pbs.twimg.com/media/EjlAZXjVcAA73hd.png","","in","","1","1","6","https://twitter.com/HilmyFarhan_/status/1313151654418477056","93789289","HilmyFarhan_"
"1312553963674243078","Sun Oct 04 00:43:45 +0000 2020","0","Penentuan ATAS Kondisi SEHAT atau Tidak SEHAT. Sesungguhnya ada Pada Setiap Individu2 IMUNITAS Alamiah . Pandemi Covid19 Tidak boleh serta merta memvaksinasi Sosial. Bila VAKSIN diragukan. Dampak Kedepan Bagi Generasi BANGSA.bagaimana?? Jangan Terlalu GEGABAH Vaksinasi sosial.","1312553963674243078","","","in","","0","0","0","https://twitter.com/mulyawans07/status/1312553963674243078","1280647903355080707","mulyawans07"
"1312401415050911744","Sat Oct 03 14:37:35 +0000 2020","0","Krisis sehat Krisis tenaga medis Krisis sosial Krisis ekonomi #FixEnak","1312401415050911744","","","in","Ngunut, Tulungagung","0","0","0","https://twitter.com/Arifpersetan/status/1312401415050911744","304866415","Arifpersetan"
"1312386239274729473","Sat Oct 03 13:37:17 +0000 2020","0","Manfaat menyontek : 1. otot mata sehat 2. kreatifitas meningkat 3. Meningkatkn sosial teman 4. Nilai bagus 5. Melatih kecepatan gerak","1312386239274729473","","","in","","0","0","0","https://twitter.com/asihpriyati1/status/1312386239274729473","2191779301","asihpriyati1"
"1312376861243170816","Sat Oct 03 13:00:01 +0000 2020","1","Orang yang terlalu mencemaskan image-nya di hadapan publik atau di media sosial tentu tidak sehat. Pasalnya hal tersebut dapat memperburuk gejala dari gangguan kecemasan. Yuk simak cara menghadapinya berikut ini. #HelloSehat https://t.co/hq34ZoN8x1","1312376861243170816","","","in","Jakarta Capital Region","0","0","1","https://twitter.com/HelloSehat/status/1312376861243170816","4620595760","HelloSehat"
"1312374814359740416","Sat Oct 03 12:51:53 +0000 2020","3","Viral di sosial media ibu-ibu yang mengamuk lantaran gak mau menggunakan masker dan sebut pandemi itu pembodohan. Ibu itu: kita dikasih Tuhan udara yang sehat. #KAMUHARUSTAU https://t.co/Q2xbxAsGdO","1312374814359740416","","","in","Jakarta","0","0","0","https://twitter.com/indozonemedia/status/1312374814359740416","350668803","indozonemedia"
"1312225187442565121","Sat Oct 03 02:57:19 +0000 2020","0","Ditengah pandemi Covid-19 tidak menghalangi BNN yang terus menggaungkan #hidup100persen dengan memanfaatkan media sosial sebagai sarana penyebaran informasi tentang bahaya narkoba. #sadar #sehat #produktif #bahagiatanpanarkoba","1312225187442565121","","","in","Jl. Sembilang No.1 Kota Tegal","0","0","0","https://twitter.com/bnnktegal/status/1312225187442565121","963675778096467968","bnnktegal"
"1312205778380492800","Sat Oct 03 01:40:11 +0000 2020","1","Tetep berjiwa Pancasila mantab lah pemimpin yang begini ini. #TengokNomer2 Bobby-Aulia akan menciptakan masyarakat yg berkeadilan sosial agar tercipta lapangan kerja iklim kewirausahaan yg sehat dan SDM berkualitas. #TengokNomer2 https://t.co/tNUALA5Lrt","1312205778380492800","https://pbs.twimg.com/media/EjXkMcyVoAAd7SP.jpg","","in","","1","4","2","https://twitter.com/SantiaFerna/status/1312205778380492800","1310261252292108288","SantiaFerna"
"1312159746342805505","Fri Oct 02 22:37:16 +0000 2020","0","Manfaat menyontek : 1. otot mata sehat 2. kreatifitas meningkat 3. Meningkatkn sosial teman 4. Nilai bagus 5. Melatih kecepatan gerak","1312159746342805505","","","in","","0","0","0","https://twitter.com/asihpriyati1/status/1312159746342805505","2191779301","asihpriyati1"
"1311996585098670080","Fri Oct 02 11:48:56 +0000 2020","0","Saya hanya ingin.. keadilan sosial bagi seluruh rakyat Indonesia itu di jalankan.. Bukan keadilan sosial bagi seluruh rakyat mayoritas Sehat selalu bang Budi. Gbu","1311996585098670080","","","in","","0","0","0","https://twitter.com/4rios16/status/1311996585098670080","1127496135990435848","4rios16"
"1311942052154798082","Fri Oct 02 08:12:14 +0000 2020","1","BIJAKLAH DALAM BERMEDIA SOSIAL ! JANGAN ! : - MENYEBARKAN BERITA HOAX - MENYEBARKAN ISU SARA - MENYEBARKAN UJARAN KEBENCIAN Bersama kita ciptakan Pilkada tahun 2020 yang Aman Damai serta Sehat .#humaspolseksungaiselan #polseksungaiselan #polresbangkatengah #poldababel https://t.co/HsXkO714bb","1311942052154798082","https://pbs.twimg.com/media/EjT0VqSUwAEckVY.jpg","","in","Sungaiselan","0","0","0","https://twitter.com/sungaiselan/status/1311942052154798082","1200331724833447936","sungaiselan"
"1311933254698561538","Fri Oct 02 07:37:17 +0000 2020","0","Manfaat menyontek : 1. otot mata sehat 2. kreatifitas meningkat 3. Meningkatkn sosial teman 4. Nilai bagus 5. Melatih kecepatan gerak","1311933254698561538","","","in","","0","0","0","https://twitter.com/asihpriyati1/status/1311933254698561538","2191779301","asihpriyati1"
"1311874017465266177","Fri Oct 02 03:41:53 +0000 2020","0","Badan Penyelenggara Jaminan Sosial (BPJS) Kesehatan Sorong Provinsi Papua Barat menyediakan layanan daring untuk mempermudah peserta program Jaminan Kesehatan Nasional-Kartu Indonesia Sehat (JKN-KIS). Baca selengkapnya di website kami: https://t.co/oeQxvQpAme #beritapapua","1311874017465266177","","","in","Indonesia","0","0","0","https://twitter.com/berita_papuaID/status/1311874017465266177","1293024728303558657","berita_papuaID"
"1311842175018123264","Fri Oct 02 01:35:22 +0000 2020","0","Operasi Yustisi Pendisiplinan Protokol Kesehatan Covid-19 Sosial life of the TNI and Polri. Pakai masker selain melindungi diri. Orang lain menggunakan masker juga untuk menurunkan resiko penularan yang berasal dari orang yang tampak sehat. #JatengLawanCorona #JatengPakaiMasker https://t.co/TjOkLF730G","1311842175018123264","https://pbs.twimg.com/media/EjSZgVxUwAA7LDw.jpg","","in","Boyolali, Indonesia","0","0","0","https://twitter.com/Humas_Mojosongo/status/1311842175018123264","1261715410652508161","Humas_Mojosongo"
"1311841982021427200","Fri Oct 02 01:34:36 +0000 2020","0","Operasi Yustisi Pendisiplinan Protokol Kesehatan Covid-19 Sosial life of the TNI and Polri. Pakai masker selain melindungi diri. Orang lain menggunakan masker juga menurunkan resiko penularan yang berasal dari orang yang tampak sehat. #JatengLawanCorona #JatengPakaiMasker https://t.co/KoNNntSI92","1311841982021427200","https://pbs.twimg.com/media/EjSZVF-UYAI3XYg.jpg","","in","Boyolali, Indonesia","0","0","0","https://twitter.com/Humas_Mojosongo/status/1311841982021427200","1261715410652508161","Humas_Mojosongo"
"1311825938519269376","Fri Oct 02 00:30:50 +0000 2020","0","Assalamu'alaikum Sahabat Sehat... Forkopimda Sepakati Kembalikan PSBB Kebijakan pembatasan sosial ini disampaikan oleh Gubernur Gorontalo Rusli Habibie usai menggelar rapat terbatas dengan Wali Kota Gorontalo Marten Taha Forkopimda Kamis (1/10/2020).","1311825938519269376","","","in","Gorontalo, Indonesia","0","1","1","https://twitter.com/DinkesGtloProv/status/1311825938519269376","975609972141703169","DinkesGtloProv"
"1311744759652782080","Thu Oct 01 19:08:16 +0000 2020","0","Tapi hati ini punya rasa yakin seyakinya kalo suatu saat pasti ada waktunya ! Setengah dekade gua diem diem merhatiin lu walaupun dari sosial media hehe udh seneng banget dah. Semoga sehat selalu ya #malamjumat #jakarta #setengahdekade","1311744759652782080","","","in","","1","0","0","https://twitter.com/Woawoe3/status/1311744759652782080","1311669471803703296","Woawoe3"
"1311706762773364736","Thu Oct 01 16:37:17 +0000 2020","0","Manfaat menyontek : 1. otot mata sehat 2. kreatifitas meningkat 3. Meningkatkn sosial teman 4. Nilai bagus 5. Melatih kecepatan gerak","1311706762773364736","","","in","","0","0","0","https://twitter.com/asihpriyati1/status/1311706762773364736","2191779301","asihpriyati1"
"1311558345489227776","Thu Oct 01 06:47:31 +0000 2020","0","Badan Penyelenggara Jaminan Sosial (BPJS) Kesehatan Sorong Provinsi Papua Barat menyediakan layanan daring untuk mempermudah peserta program Jaminan Kesehatan Nasional-Kartu Indonesia Sehat (JKN-KIS). Baca selengkapnya di website kami: https://t.co/oeQxvQpAme #beritapapua","1311558345489227776","","","in","Indonesia","0","0","0","https://twitter.com/berita_papuaID/status/1311558345489227776","1293024728303558657","berita_papuaID"
"1311535364708868096","Thu Oct 01 05:16:12 +0000 2020","111","Selesai berkunjung ke 7 propinsi bulan kemarin saya dapatkan 5 poin penting. 1. Rakyat masih bisa bertahan asal... 2. Bantuan sosial dan stimulus ekonomi digulirkan tepat sasaran. 3. Pola hidup sehat edukasinya digencarkan. 4. Transparansi informasi 5. Komunikasi 2 arah/dialog","1311535364708868096","","","in","Menteng, Indonesia","1","4","20","https://twitter.com/dr_koko28/status/1311535364708868096","1052703629528854530","dr_koko28"
"1311480270923546625","Thu Oct 01 01:37:17 +0000 2020","0","Manfaat menyontek : 1. otot mata sehat 2. kreatifitas meningkat 3. Meningkatkn sosial teman 4. Nilai bagus 5. Melatih kecepatan gerak","1311480270923546625","","","in","","0","0","0","https://twitter.com/asihpriyati1/status/1311480270923546625","2191779301","asihpriyati1"
"1311463591762042880","Thu Oct 01 00:31:00 +0000 2020","0","Kalau memang peduli....minim telp kan bisa. Gimana kabarnya...udah sehat??? Boro boro peduli sosial tanya kabar saja gak ada. GIMANA BOSSSS","1311463591762042880","","","in","Gresik Jatim","0","0","0","https://twitter.com/Gusnawi/status/1311463591762042880","79225519","Gusnawi"
