"conversation_id_str","created_at","favorite_count","full_text","id_str","image_url","in_reply_to_screen_name","lang","location","quote_count","reply_count","retweet_count","tweet_url","user_id_str","username"
"1630238201683103746","Mon Feb 27 16:07:30 +0000 2023","0","Manfaat menyontek : 1. otot mata sehat 2. kreatifitas meningkat 3. Meningkatkn sosial teman 4. Nilai bagus 5. Melatih kecepatan gerak","1630238201683103746","","","in","","0","0","0","https://twitter.com/asihpriyati1/status/1630238201683103746","2191779301","asihpriyati1"
"1630234480958132224","Mon Feb 27 15:52:43 +0000 2023","1","Asyiiik ternyata bersepeda bikin sehat lho Om @emerson_yuntho saya terbuka menyampaikan saya suka olahraga bersepeda dan lari jauh. Bahkan saya share kegiatan itu media sosial. Ayoo sehatkan badan dg olah raga yg rutin. ‍️ ‍️‍️ ‍️‍️","1630234480958132224","","","in","Bumi Pertiwi Indonesia","0","1","1","https://twitter.com/MMisbakhun/status/1630234480958132224","2791337972","MMisbakhun"
"1630169945949741056","Mon Feb 27 11:36:16 +0000 2023","0","gk kaget si pas denger cerita kalo ada temen aku emang rada bermasalah dan ga sehat dlm menjalin hubungan sosial. ya jenis manusia tu emang macem2 kan? latar belakang jg beda2. bukan berarti memaklumi si tp ya jd ngerti dan lebih hati2 aja gt.","1630169945949741056","","","in","","0","0","0","https://twitter.com/l_llovegood/status/1630169945949741056","1011072925867257856","l_llovegood"
"1630118342303547392","Mon Feb 27 08:11:13 +0000 2023","1","PJOK Materi 01 || Kebugaran Jasmani - Mencari perbedaan antara sehat dan kebugaran jasman { Sehat - keadaan fisik mental sosial terbebas penyakit/kelemahan } { Bugar - kondisi dimana tubuh tidak mudah lelah walaupun sudah melakukan berbagai aktifitas }","1630118342303547392","","","in","ín чσur hєαrt","0","0","0","https://twitter.com/Kiyasavage_/status/1630118342303547392","1577998555973062656","Kiyasavage_"
"1630097661788573697","Mon Feb 27 06:49:02 +0000 2023","0","Di media sosial opini mudah sekali dibentuk sehingga kebencian dan kekaguman mudah dimobilisasi. Akal sehat hampir sama sekali tidak berguna di sini.","1630097661788573697","","","in","Bandung Jawa barat.","0","0","0","https://twitter.com/Aveherroes/status/1630097661788573697","1249179797445414912","Aveherroes"
"1630084232591851520","Mon Feb 27 05:55:41 +0000 2023","0","ragaku emang sehat tapi jiwaku nggak. aku menjauh sejenak dari sosial bahkan kebahagiaan teman bukan karena antisosial dan ga setia kawan tapi emang lg ga baik² saja.","1630084232591851520","","","in","Bumi ","0","0","0","https://twitter.com/simplychz_/status/1630084232591851520","467312741","simplychz_"
"1630071417667735552","Mon Feb 27 05:04:45 +0000 2023","1","Hai Kak @AffanFillah sama-sama ya Kak. Terima kasih telah menggunakan layanan Media Sosial BNI sehat selalu Kak. Tks -Iva-","1630071417667735552","","","in","Indonesia","0","0","0","https://twitter.com/BNI/status/1630071417667735552","62455266","BNI"
"1630011716263190529","Mon Feb 27 01:07:31 +0000 2023","0","Manfaat menyontek : 1. otot mata sehat 2. kreatifitas meningkat 3. Meningkatkn sosial teman 4. Nilai bagus 5. Melatih kecepatan gerak","1630011716263190529","","","in","","0","0","0","https://twitter.com/asihpriyati1/status/1630011716263190529","2191779301","asihpriyati1"
"1629830722134605824","Sun Feb 26 13:08:19 +0000 2023","0","Inilah pentingnya mendidik sosial media seperti anak sendiri.. Ajarin algoritmanya banyakin interaksi sama konten2 sehat mute/block akun/kata yang bikin kamu ngga nyaman.. Sosmed yang sehat terlahir dari aktivitas penggunanya yang juga sehat️","1629830722134605824","","","in","Just an archive","1","0","1","https://twitter.com/uarmyhomee_/status/1629830722134605824","977096298405928960","uarmyhomee_"
"1629818115784855553","Sun Feb 26 12:18:14 +0000 2023","0","Mau sehat Ikuti Kami Polres Cimahi . . kepada masyarakat jika menemukan gangguan kejahatan dapat menghubungi Call Center 110 atau Lapor Pak Kapolres Reborn di nomor WA 0812-7575-2003 atau melalui media sosial Instagram @kapolrescimahi @aldi2003ts dan @cimahipolres https://t.co/EMf5On6gFm","1629818115784855553","https://pbs.twimg.com/ext_tw_video_thumb/1629816914276155392/pu/img/KP_TDzqRFuUTvTpj.jpg","","in","","0","0","0","https://twitter.com/CimahiRes/status/1629818115784855553","1381434384809529345","CimahiRes"
"1629786556591480832","Sun Feb 26 10:12:49 +0000 2023","0","Inspiratif Aksi Sosial Tagana Kota Mojokerto Semula Jum at Berkah Menjadi Jamu Sehat https://t.co/cFKWxt9L11","1629786556591480832","","","in","Central Java, Indonesia","0","0","0","https://twitter.com/IpulSatory/status/1629786556591480832","2357236838","IpulSatory"
"1629785224719773696","Sun Feb 26 10:07:32 +0000 2023","0","Manfaat menyontek : 1. otot mata sehat 2. kreatifitas meningkat 3. Meningkatkn sosial teman 4. Nilai bagus 5. Melatih kecepatan gerak","1629785224719773696","","","in","","0","0","0","https://twitter.com/asihpriyati1/status/1629785224719773696","2191779301","asihpriyati1"
"1629737555263619073","Sun Feb 26 06:58:06 +0000 2023","0","Bupati Lombok Timur H. M. Sukiman Azmy melepas peserta jalan sehat dalam rangka milad pertama Institut Teknologi Sosial dan Kesehatan Muhammadiyah Selong (ITSKes Muhammadiyah). https://t.co/yf6FKl0Gm4","1629737555263619073","","","in","Selong, Lombok Timur, NTB","0","0","0","https://twitter.com/humasprolotim/status/1629737555263619073","1059251534070919168","humasprolotim"
"1629710599729864704","Sun Feb 26 05:11:00 +0000 2023","1","Dengan memperhatikan apa yang kita unggah bagaimana kita menggunakan media sosial dan dengan siapa kita berinteraksi kita dapat menghindari masalah yang menyertainya serta tetap aman dan sehat di dunia online #Headline https://t.co/xpBSZaEidz","1629710599729864704","","","in","Indonesia","0","0","0","https://twitter.com/kompasiana/status/1629710599729864704","23786106","kompasiana"
"1629558716050870273","Sat Feb 25 19:07:28 +0000 2023","0","Manfaat menyontek : 1. otot mata sehat 2. kreatifitas meningkat 3. Meningkatkn sosial teman 4. Nilai bagus 5. Melatih kecepatan gerak","1629558716050870273","","","in","","0","0","0","https://twitter.com/asihpriyati1/status/1629558716050870273","2191779301","asihpriyati1"
"1629332241863135232","Sat Feb 25 04:07:32 +0000 2023","0","Manfaat menyontek : 1. otot mata sehat 2. kreatifitas meningkat 3. Meningkatkn sosial teman 4. Nilai bagus 5. Melatih kecepatan gerak","1629332241863135232","","","in","","0","0","0","https://twitter.com/asihpriyati1/status/1629332241863135232","2191779301","asihpriyati1"
"1629105740416966657","Fri Feb 24 13:07:30 +0000 2023","0","Manfaat menyontek : 1. otot mata sehat 2. kreatifitas meningkat 3. Meningkatkn sosial teman 4. Nilai bagus 5. Melatih kecepatan gerak","1629105740416966657","","","in","","0","0","0","https://twitter.com/asihpriyati1/status/1629105740416966657","2191779301","asihpriyati1"
"1629100511948574725","Fri Feb 24 12:46:43 +0000 2023","20","GP Ansor @Official_Ansor berterima kasih banyak utk semua pihak atas dukungan suport dan doa untuk mas David terutama kpd pihak kepolisian yg selalu PRESISI dan para netizen yg ikut membantu mengawal di media sosial. Do'a terbaik untuk David agar segera pulih sehat #David https://t.co/yU0PChHcze","1629100511948574725","https://pbs.twimg.com/media/Fpu6RKeagAASu6W.jpg","","in","","0","0","6","https://twitter.com/triosukses/status/1629100511948574725","3150935910","triosukses"
"1628947600132173824","Fri Feb 24 02:39:06 +0000 2023","4","Hari kedua #Rakerkesnas2023 masih semangat dong pastinya? Terus pantau media sosial untuk tahu update terbaru seputar #Rakerkesnas2023 ya Salam sehat! #TransformasiKesehatan #HarmoniPusatDaerah","1628947600132173824","","","in","Jakarta, Indonesia","0","0","1","https://twitter.com/KemenkesRI/status/1628947600132173824","161236190","KemenkesRI"
"1628938716344614914","Fri Feb 24 02:03:48 +0000 2023","1","Percuma kalo manusia tabiatnya sudah sombong yaa sombong aja seterusnya dan gak akan peduli dengan hati nurani atau akal sehat atau norma sosial atau apapun itu pokoknya","1628938716344614914","","","in","Indonesia","0","0","0","https://twitter.com/butuhpelukantau/status/1628938716344614914","704723299289341952","butuhpelukantau"
"1628879246784622592","Thu Feb 23 22:07:30 +0000 2023","0","Manfaat menyontek : 1. otot mata sehat 2. kreatifitas meningkat 3. Meningkatkn sosial teman 4. Nilai bagus 5. Melatih kecepatan gerak","1628879246784622592","","","in","","0","0","0","https://twitter.com/asihpriyati1/status/1628879246784622592","2191779301","asihpriyati1"
"1628761542308270082","Thu Feb 23 14:19:47 +0000 2023","0","Seharian ga buka twitter. Buka buka pening dan mual baca berita. Semoga korban segera sehat Allah jaga dan kuatkan. Semoga SEMUA yg terlibat dihukum berat dan dihukum sanksi sosial sangat berat. Seluruh sekolah dan kampus semoga ga akan mau menerima penjahat spt mereka.","1628761542308270082","","","in","Indonesia","0","0","0","https://twitter.com/AdindaNindya/status/1628761542308270082","101390641","AdindaNindya"
"1628748593640374272","Thu Feb 23 13:28:20 +0000 2023","0","Peduli kesehatan masyarakat? boleh sekali. Harus malah. Tapi kesejahteraan ekonomi dan sosial juga harus dipertimbangkan. Sehat doang kalo gak punya pekerjaan dan uang sama aja boong :'). #TolakRevisiPP109 #RevisiBukanSolusi","1628748593640374272","","","in","Depok, Indonesia","0","0","0","https://twitter.com/itsonlyris/status/1628748593640374272","454859035","itsonlyris"
"1628748564842303488","Thu Feb 23 13:28:13 +0000 2023","0","Peduli sama kesehatan masyarakat ya boleh boleh aja tapi kesejahteraan ekonomi dan sosial juga nomer 1 kan kalo sehat gk punya duit mah lama lama juga bakal sakit jadi sama aja bohong #TolakRevisiPP109 #RevisiBukanSolusi","1628748564842303488","","","in","","0","0","0","https://twitter.com/BogosRepone0/status/1628748564842303488","1623176048358879232","BogosRepone0"
"1628652754595086336","Thu Feb 23 07:07:30 +0000 2023","0","Manfaat menyontek : 1. otot mata sehat 2. kreatifitas meningkat 3. Meningkatkn sosial teman 4. Nilai bagus 5. Melatih kecepatan gerak","1628652754595086336","","","in","","0","0","0","https://twitter.com/asihpriyati1/status/1628652754595086336","2191779301","asihpriyati1"
"1628582291025932289","Thu Feb 23 02:27:30 +0000 2023","0","Ya bagus si Peduli kesehatan masyarakat boleh tapi jangan sampe lupa kesejahteraan ekonomi dan sosial nomer 1 juga gimana mereka mau sehat kalau mata pencaharian mereka aja di persulit #TolakRevisiPP109 #RevisiBukanSolusi","1628582291025932289","","","in","","0","0","0","https://twitter.com/Rhm0100/status/1628582291025932289","1230363958160195584","Rhm0100"
"1628572175572807680","Thu Feb 23 01:47:18 +0000 2023","0","Peduli kesehatan masyarakat boleh tapi kesejahteraan ekonomi dan sosial kan juga harus dipikirin. Sehat doang kalo gak punya duit mah sama aja bohong. #TolakRevisiPP109 #RevisiBukanSolusi","1628572175572807680","","","in","","0","0","0","https://twitter.com/babyyum25/status/1628572175572807680","1149702067193126912","babyyum25"
"1628426642531192832","Wed Feb 22 16:09:00 +0000 2023","0","Peduli kesehatan masyarakat boleh tapi kesejahteraan ekonomi dan sosial kan juga harus dipikirin. Sehat doang kalo gak punya duit mah sama aja bohong. #TolakRevisiPP109 #RevisiBukanSolusi","1628426642531192832","","","in","","0","0","0","https://twitter.com/alidemenan/status/1628426642531192832","2380671288","alidemenan"
"1628426260543344640","Wed Feb 22 16:07:29 +0000 2023","0","Manfaat menyontek : 1. otot mata sehat 2. kreatifitas meningkat 3. Meningkatkn sosial teman 4. Nilai bagus 5. Melatih kecepatan gerak","1628426260543344640","","","in","","0","0","0","https://twitter.com/asihpriyati1/status/1628426260543344640","2191779301","asihpriyati1"
"1628424960904667141","Wed Feb 22 16:02:20 +0000 2023","0","Tujuan pemerintah bagus untuk kesehatan tapi seharusnya pikirin juga kesejahteraan ekonomi dan sosial masyarakat. Sehat doang tapi kaga punya duit mah sama aja bohong! #TolakRevisiPP109 #RevisiBukanSolusi","1628424960904667141","","","in","exo planet","0","0","0","https://twitter.com/zkdlndh/status/1628424960904667141","1058905754491543552","zkdlndh"
"1628423677388951552","Wed Feb 22 15:57:13 +0000 2023","0","Pemerintah bagus sih dia peduli sama kesehatan masyarakat. Tp kesejahteraan ekonomi dan sosial kan juga harus dipikirin. Sehat doang kalo gak punya duit mah sama aja bohong. #TolakRevisiPP109 #RevisiBukanSolusi","1628423677388951552","","","in","","0","0","0","https://twitter.com/clasicmewah/status/1628423677388951552","1213637076945555457","clasicmewah"
"1628402969594187776","Wed Feb 22 14:34:56 +0000 2023","5","Ke Cibodas beli nasi Dimakan pakai telur dadar Rakerkesnas mau dimulai Siapa nih yang udah nga sabar? ️ Pantau terus media sosial @KemenkesRI untuk tahu update seputar #Rakerkesnas2023 ya Salam sehat! ","1628402969594187776","","","in","Jakarta, Indonesia","0","1","2","https://twitter.com/KemenkesRI/status/1628402969594187776","161236190","KemenkesRI"
"1628399258817925120","Wed Feb 22 14:20:12 +0000 2023","0","Peduli kesehatan masyarakat boleh tapi kesejahteraan ekonomi dan sosial kan juga harus dipikirin. Sehat doang kalo gak punya duit mah sama aja bohong. #TolakRevisiPP109 #RevisiBukanSolusi","1628399258817925120","","","in","Jakarta","0","0","0","https://twitter.com/AbelJeffry/status/1628399258817925120","315818577","AbelJeffry"
"1628362848819908611","Wed Feb 22 11:55:31 +0000 2023","6","Orang² bermedia sosial sekarang ini memang harus sehat jasmani dan rohani sih. Persepsi² seperti ini nih yang makin ngerusak hak bermedia sosial. Padahal gampangnya kalau akun dia yang satu diblok dan sekarang ini dia punya akun kosongan kenapa nggak tinggal ketik DM yang-","1628362848819908611","","","in","","0","1","0","https://twitter.com/Ichisatssuga/status/1628362848819908611","1191626630503907329","Ichisatssuga"
"1628351348835237888","Wed Feb 22 11:09:49 +0000 2023","0","peduli kesehatan masyarakat boleh tapi kesejahteraan ekonomi dan sosial kan juga harus dipikirin. Sehat doang kalo gak punya duit mah sama aja bohong. #TolakRevisiPP109 #RevisiBukanSolusi","1628351348835237888","","","in","Mars","0","0","0","https://twitter.com/achmdnto/status/1628351348835237888","1338975650","achmdnto"
"1628199770862014464","Wed Feb 22 01:07:30 +0000 2023","0","Manfaat menyontek : 1. otot mata sehat 2. kreatifitas meningkat 3. Meningkatkn sosial teman 4. Nilai bagus 5. Melatih kecepatan gerak","1628199770862014464","","","in","","0","0","0","https://twitter.com/asihpriyati1/status/1628199770862014464","2191779301","asihpriyati1"
"1627973288533311488","Tue Feb 21 10:07:32 +0000 2023","0","Manfaat menyontek : 1. otot mata sehat 2. kreatifitas meningkat 3. Meningkatkn sosial teman 4. Nilai bagus 5. Melatih kecepatan gerak","1627973288533311488","","","in","","0","0","0","https://twitter.com/asihpriyati1/status/1627973288533311488","2191779301","asihpriyati1"
"1627842026921402369","Tue Feb 21 01:25:57 +0000 2023","0","Hi Sobat Sehat Taman Sari Pada hari Jum'at 17 Februari 2023 Telah dilaksanakan Vaksinasi Covid19 pegawai Kompas di gedung kompas gramedia kelurahan krukut. Yuk Cek Jadwal dan lokasi Vaksinasi covid19 di Sosial Media kami @KemenkesRI @DKIJakarta @dinkesJKT @SudinkesJakbar https://t.co/r4KshmxGWn","1627842026921402369","https://pbs.twimg.com/media/FpdBr2bacAEPPMZ.jpg","","in","Jl. Blustru No. 01","0","0","0","https://twitter.com/PuskesTamanSari/status/1627842026921402369","924558912845574144","PuskesTamanSari"
"1627841632166100999","Tue Feb 21 01:24:23 +0000 2023","0","Hi Sobat Sehat Taman Sari Pada hari Kamis 16 Februari 2023 Telah dilaksanakan Vaksinasi Covid19 pegawai Tessa di gedung kompas gramedia kelurahan keagungan. Yuk Cek Jadwal dan lokasi Vaksinasi covid19 di Sosial Media kami @KemenkesRI @DKIJakarta @dinkesJKT @SudinkesJakbar https://t.co/M87bFcPs4K","1627841632166100999","https://pbs.twimg.com/media/FpdBUIAaAAAB_VR.jpg","","in","Jl. Blustru No. 01","0","0","0","https://twitter.com/PuskesTamanSari/status/1627841632166100999","924558912845574144","PuskesTamanSari"
"1627746775393239040","Mon Feb 20 19:07:27 +0000 2023","0","Manfaat menyontek : 1. otot mata sehat 2. kreatifitas meningkat 3. Meningkatkn sosial teman 4. Nilai bagus 5. Melatih kecepatan gerak","1627746775393239040","","","in","","0","0","0","https://twitter.com/asihpriyati1/status/1627746775393239040","2191779301","asihpriyati1"
"1627648868333801473","Mon Feb 20 12:38:25 +0000 2023","1","Guna mewujudkan wilayah desa binaan yang sehat Babinsa Koramil 04/Banyuurip Kodim 0708/Purworejo Serka Parlan melaksanakan Komunikasi Sosial bersama Bidan Desa Indah Rahayu di Poliklinik Kesehatan Desa ( PKD ) Desa Malangrejo Kecamatan Banyuurip Kabupaten Purworejo. https://t.co/nW4d2P7XXF","1627648868333801473","https://pbs.twimg.com/media/FpaR-XyakAIWqKe.jpg","","in","","0","0","0","https://twitter.com/Dim0708Pwr/status/1627648868333801473","1356812511861903365","Dim0708Pwr"
"1627621237878054912","Mon Feb 20 10:48:37 +0000 2023","0","Ngerasa gak sih adanya dominasi dari kelompok-kelompok tertentu yang mempunyai modal nge buat kehidupan sosial kita jadi kurang sehat?","1627621237878054912","","","in","Yogyakarta, Indonesia","0","0","0","https://twitter.com/asuuluulee_/status/1627621237878054912","1345804085031702528","asuuluulee_"
"1627590661003427840","Mon Feb 20 08:47:07 +0000 2023","12","SobatKom Generasi Digital Indonesia (GRADASI) Sukoharjo melakukan koordinasi terkait rencana kegiatan Sosialisasi Penggunaan Media Sosial Yang Sehat dengan menggandeng Diskominfo Sukoharjo. . #MediaSosialSehat #GenerasiDigitalIndonesia #GradasiSukoharjo #diskominfoskh https://t.co/ptTMuW4Anp","1627590661003427840","https://pbs.twimg.com/media/FpZdFBPaYAIGAil.jpg","","in","","0","0","0","https://twitter.com/diskominfo_skh/status/1627590661003427840","1237956023278698501","diskominfo_skh"
"1627568327458701312","Mon Feb 20 07:18:22 +0000 2023","0","Oh ada lagi: High valued people always think that their own self is the biggest investment. Makanya mrk olahraga disiplin jaga kesehatan dg makan makanan sehat ada yg meditasi dan jg smp batasi asupan berita2 di media sosial jg.","1627568327458701312","","","in","","0","0","0","https://twitter.com/cracklingclack/status/1627568327458701312","1127075569","cracklingclack"
"1627520295274954752","Mon Feb 20 04:07:30 +0000 2023","0","Manfaat menyontek : 1. otot mata sehat 2. kreatifitas meningkat 3. Meningkatkn sosial teman 4. Nilai bagus 5. Melatih kecepatan gerak","1627520295274954752","","","in","","0","0","0","https://twitter.com/asihpriyati1/status/1627520295274954752","2191779301","asihpriyati1"
"1627478451707088897","Mon Feb 20 01:21:14 +0000 2023","0","Lowongan Kerja Dinas Sosial (Dinsos) Tahun 2023 Persyaratan Umum Warga Negara Indonesia; Memiliki Kartu Tanda Penduduk (KTP); Berusia maksimal 35 tahun pertanggal 1 Maret 2023; Sehat jasmani dan rohani; Tidak memiliki ketergantungan terhadap narkoba dan https://t.co/ba93ZqeaQP","1627478451707088897","","","in","Jakarta","0","0","0","https://twitter.com/lowongankerjalu/status/1627478451707088897","709010634","lowongankerjalu"
"1627293803148365825","Sun Feb 19 13:07:30 +0000 2023","0","Manfaat menyontek : 1. otot mata sehat 2. kreatifitas meningkat 3. Meningkatkn sosial teman 4. Nilai bagus 5. Melatih kecepatan gerak","1627293803148365825","","","in","","0","0","0","https://twitter.com/asihpriyati1/status/1627293803148365825","2191779301","asihpriyati1"
"1627219216872116224","Sun Feb 19 08:11:08 +0000 2023","0","Beda dengan urusan uang pekerjaan status sosial maka sedikit yang mau memelihara kesehatan karena tidak punya motifnya. Kebangun tidur pagiii ga niat olahraga ga mikir memilih menu sehat. berapa kali seminggu anda olahraga?","1627219216872116224","","","in","Tangerang - Banten, Indonesia","0","0","0","https://twitter.com/pusatherbalcom/status/1627219216872116224","411557062","pusatherbalcom"
"1627092403579682816","Sat Feb 18 23:47:13 +0000 2023","0","WORLD HEALTH ORGANIZATION men defenisikan kesehatan sbg keadaan diri yg sepenuhnya sehat secara fisik mental dan sosial dan bkn semata keadaan tdk sakit/lemah. Inilah definisi kesehatan yg sebenarnya: kondisi diri yg baik dari seseorang secara utuh (Stephen R. Covey The 3rd). https://t.co/uM2MsMDb4B","1627092403579682816","https://pbs.twimg.com/media/FpSX6e2aUAEDhO1.jpg","","in","","0","0","0","https://twitter.com/BachtiarSibaran/status/1627092403579682816","1475859266451902464","BachtiarSibaran"
"1627067315375448064","Sat Feb 18 22:07:32 +0000 2023","0","Manfaat menyontek : 1. otot mata sehat 2. kreatifitas meningkat 3. Meningkatkn sosial teman 4. Nilai bagus 5. Melatih kecepatan gerak","1627067315375448064","","","in","","0","0","0","https://twitter.com/asihpriyati1/status/1627067315375448064","2191779301","asihpriyati1"
"1626982735125569541","Sat Feb 18 16:31:26 +0000 2023","0","Terima kasih Kata Logika untuk artikel berita terbaru ini! https://t.co/YVOBJKxk6n Saat media sosial digunakan dengan tepat kreatif dan sehat maka akan banyak sisi baik yang kita dapat. https://t.co/2CCryeOdsL","1626982735125569541","https://pbs.twimg.com/media/FpQ0LFUakAE45-o.jpg","","in","Medan, Indonesia","0","0","0","https://twitter.com/gitsigitsantoso/status/1626982735125569541","387075020","gitsigitsantoso"
"1626895604361334790","Sat Feb 18 10:45:12 +0000 2023","0","Setelah lama otak tidak berputar aku belajar banyak hal berpikir kritis adalah bukti kita sebagai mahluk sosial memiliki akal pikiran sesuai dengan tafsir al-imron ayat 190-191 Laayati liulil Albab Manusia diharuskan untuk belajar kritis bagi orang orang yang berakal sehat.","1626895604361334790","","","in","","0","0","0","https://twitter.com/StewieMCalister/status/1626895604361334790","1466292150451068936","StewieMCalister"
"1626840814302412803","Sat Feb 18 07:07:30 +0000 2023","0","Manfaat menyontek : 1. otot mata sehat 2. kreatifitas meningkat 3. Meningkatkn sosial teman 4. Nilai bagus 5. Melatih kecepatan gerak","1626840814302412803","","","in","","0","0","0","https://twitter.com/asihpriyati1/status/1626840814302412803","2191779301","asihpriyati1"
"1626762808351412225","Sat Feb 18 01:57:31 +0000 2023","75","Sama kayak di indo ekosistem nakes dikita emang agak kurang sehat. Seolah diprofesi ini harus melupakan kehidupan sosial dan kesehatannya Pernah ngalamin dibentak lwt telpon sama org nggak dikenal saat malam soalnya dia habis sex tanpa kondom dan minta akses pep jam 1 malam ","1626762808351412225","","","in","Bandung, Jawa Barat","1","7","15","https://twitter.com/namasayalaut/status/1626762808351412225","83809930","namasayalaut"
"1626614324067201025","Fri Feb 17 16:07:30 +0000 2023","0","Manfaat menyontek : 1. otot mata sehat 2. kreatifitas meningkat 3. Meningkatkn sosial teman 4. Nilai bagus 5. Melatih kecepatan gerak","1626614324067201025","","","in","","0","0","0","https://twitter.com/asihpriyati1/status/1626614324067201025","2191779301","asihpriyati1"
"1626527456747470853","Fri Feb 17 10:22:19 +0000 2023","0","Teruslah belajar mendidik diri dengan akal sehat kesadaran dan kepekaan sosial. Jangan jadi idiot yg percaya diri. -Neng Imaz","1626527456747470853","","","in","Pamekasan, Indonesia","0","0","0","https://twitter.com/a_rifqi021/status/1626527456747470853","1554508293435199488","a_rifqi021"
"1626508065368571904","Fri Feb 17 09:05:16 +0000 2023","0","Assalamualaikum Waramatullahi Wabarakatuh dan Salam sehat selalu saatnya kita untuk menjaga persatuan kerukunan bangsa dan suku untuk Indonesia yang damai kembali kepada tujuan pendiri negara mewujudkan keadilan sosial bagi seluruh rakyat Indonesia","1626508065368571904","","","in","Jakarta","0","0","0","https://twitter.com/eko641212/status/1626508065368571904","140369510","eko641212"
"1626492792628482048","Fri Feb 17 08:04:35 +0000 2023","0"," Memfasilitasi diet sehat adalah tgg jwb sosial. Ini ttg memastikan keadilan sosial dlm masalah kesehatan dan sangat perlu utk digarisbawahi di masa ekonomi yg tdk menentu ini Renungan: ada peran kita masyarakat dan pastinya negara untuk mjamin kecukupan nutrisi anak2 negeri","1626492792628482048","","","in","","0","0","0","https://twitter.com/andinie/status/1626492792628482048","17417729","andinie"
"1626406215512379392","Fri Feb 17 02:20:33 +0000 2023","8","Even ini sebenernya sterotype yg bikin hubungan sosial gk sehat (byk labelling prejudice dsb). Tapi ini juga gk menampik fakta bahwa org2 (especially perempuan) dgn pretty privilege sebagian ada yg memanfaatkan kondisi mereka untuk melakukan manipulasi melalui citra mereka. https://t.co/OD8ueocTr5","1626406215512379392","https://pbs.twimg.com/media/FpIn1JCakAEb2bz.jpg","","in","Bandung, Indonesia","0","1","0","https://twitter.com/dyonisianprince/status/1626406215512379392","1642455589","dyonisianprince"
"1626405920539541505","Fri Feb 17 02:19:23 +0000 2023","1","Halo Keluarga Jakarta ! Kesehatan mental sama pentingnya dengan kesehatan fisik. Mental yang sehat akan membuat pikiran menjadi positif sehingga tubuh akan berfungsi dengan baik secara emosional psikolog sosial dan akan memengaruhi cara berpikir merasakan dan berperilaku. https://t.co/NbkLIvj8FV","1626405920539541505","https://pbs.twimg.com/media/FpInkBgaMAEzUx-.jpg","","in","","0","1","0","https://twitter.com/dppappdki/status/1626405920539541505","4891065976","dppappdki"
"1626387826735734784","Fri Feb 17 01:07:29 +0000 2023","0","Manfaat menyontek : 1. otot mata sehat 2. kreatifitas meningkat 3. Meningkatkn sosial teman 4. Nilai bagus 5. Melatih kecepatan gerak","1626387826735734784","","","in","","0","0","0","https://twitter.com/asihpriyati1/status/1626387826735734784","2191779301","asihpriyati1"
"1626210098032046082","Thu Feb 16 13:21:15 +0000 2023","0","GIAT BAKTI SOSIAL *PAMMASE (POLRES MAROS MEWUJUDKAN MASYARAKAT HIDUP SEHAT)* TERHADAP PASIEN STUNTING DI KEL.PETTUADAE POLSEK TURIKALE. https://t.co/hp4ssZMBSZ","1626210098032046082","","","in","Maros, Sulawesi Selatan","0","0","0","https://twitter.com/turikale_polsek/status/1626210098032046082","1203073357756813312","turikale_polsek"
"1626161341269676032","Thu Feb 16 10:07:31 +0000 2023","0","Manfaat menyontek : 1. otot mata sehat 2. kreatifitas meningkat 3. Meningkatkn sosial teman 4. Nilai bagus 5. Melatih kecepatan gerak","1626161341269676032","","","in","","0","0","0","https://twitter.com/asihpriyati1/status/1626161341269676032","2191779301","asihpriyati1"
"1626118687462952962","Thu Feb 16 07:18:01 +0000 2023","0","Terserah mau di internet sosial media dan kenyataan hujatan bully cacian pasti akan selalu ada jadi ya selalu persiapkan dirimu dengan membuat tubuhmu sehat kuat indah cerdas","1626118687462952962","","","in","","0","0","0","https://twitter.com/Mufasyah_/status/1626118687462952962","1442869021880184834","Mufasyah_"
"1626084467361325056","Thu Feb 16 05:02:02 +0000 2023","5","SIAPA BILANG SEHAT ITU MAHAL? SIAPA BILANG ORANG MISKIN DILARANG SAKIT? SEMUA KELUARGA TIDAK MAMPU KOTA SAMARINDA BISA BEROBAT GRATIS AYO DAFTAR SENDIRI KE DINAS SOSIAL KOTA SAMARINDA JALAN DAHLIA NO 12 JANGAN LEWAT CALO! #BanggaMelayaniBangsa #aseanindonesia2023 #aseanmatters https://t.co/IFRyeUIPEI","1626084467361325056","https://pbs.twimg.com/media/FpEDMxxaMAAYpgq.jpg","","in","East Borneo, Indonesia","0","0","1","https://twitter.com/ppid_smr/status/1626084467361325056","841831440782307328","ppid_smr"
"1626039367830749184","Thu Feb 16 02:02:50 +0000 2023","1","Danramil Jenar Kapten Arm Budiyanto S.H.I hadiri Bhakti Sosial pembagian sembako kepada warga salam rangka HUT Ke-29 RS Amal Sehat di Balai Desa Jenar Kecamatan Jenar Kab. Sragen. https://t.co/sbGCxAp7U4","1626039367830749184","https://pbs.twimg.com/media/FpDaL7yagAA2sw_.jpg","","in","","0","0","0","https://twitter.com/koramil_jenar/status/1626039367830749184","1497151647075958788","koramil_jenar"
"1626030456201441280","Thu Feb 16 01:27:25 +0000 2023","1","Hai Kak @iiaaa119 sama-sama sehat selalu dan terima kasih sudah menggunakan layanan Media Sosial BNI. Tks -Miskha-","1626030456201441280","","","in","Indonesia","0","0","0","https://twitter.com/BNI/status/1626030456201441280","62455266","BNI"
"1625934830918836224","Wed Feb 15 19:07:26 +0000 2023","0","Manfaat menyontek : 1. otot mata sehat 2. kreatifitas meningkat 3. Meningkatkn sosial teman 4. Nilai bagus 5. Melatih kecepatan gerak","1625934830918836224","","","in","","0","0","0","https://twitter.com/asihpriyati1/status/1625934830918836224","2191779301","asihpriyati1"
"1625783849535045634","Wed Feb 15 09:07:29 +0000 2023","6","Baguslah Anies jualan keadilan sosial lebih sehat daripada jualan radikul . Tetapi tetap saja rakyat kudu menyadari bahwa ini kan jualan politik..","1625783849535045634","","","in","Lombok-Bogor","1","1","0","https://twitter.com/suryadelalu/status/1625783849535045634","131712155","suryadelalu"
"1625774638260457473","Wed Feb 15 08:30:53 +0000 2023","88","Sobat BRI. Seluruh informasi terkait BRI bisa didapatkan melalui media sosial resmi BRI yang sudah terverifikasi. Pastikan selalu cek kebenaran informasi yang ditemukan saat Surfing digital agar informasi valid &amp; sesuai. Sehat dan sukses selalu ya. #BRIEdukasi https://t.co/MwGPNmXVUW","1625774638260457473","https://pbs.twimg.com/media/Fo_o-GxacAAAWyp.jpg","","in","Jl Jend Sudirman 44-46 Jakarta","1","39","9","https://twitter.com/kontakBRI/status/1625774638260457473","1355925366","kontakBRI"
"1625753718233915392","Wed Feb 15 07:07:46 +0000 2023","0","Gw lebih kasian sama si anak hrs berurusan sama rangorang dewasa goblok di sekitarnya. Masih balita udah berkali2 liat bapaknya ngews sama perempuan asing. Semoga dia dapet kesempatan punya lingkungan sosial yg lbh sehat.","1625753718233915392","","","in","Indonesia","0","0","0","https://twitter.com/asriprabasari/status/1625753718233915392","127105792","asriprabasari"
"1625708355116466177","Wed Feb 15 04:07:30 +0000 2023","0","Manfaat menyontek : 1. otot mata sehat 2. kreatifitas meningkat 3. Meningkatkn sosial teman 4. Nilai bagus 5. Melatih kecepatan gerak","1625708355116466177","","","in","","0","0","0","https://twitter.com/asihpriyati1/status/1625708355116466177","2191779301","asihpriyati1"
"1625689640773492740","Wed Feb 15 02:53:08 +0000 2023","1","KKB memamerkan seorang warga negara asing diduga pilot Susi Air berada di tangan mereka dalam keadaan sehat. Video dan foto-foto keberadaan pilot asal Selandia Baru itu telah beredar luas di sosial media. #NewsIndosiar #Fokus Berita lainnya: https://t.co/wddAYjpfz6 https://t.co/zOm2FBgyVn","1625689640773492740","https://pbs.twimg.com/media/Fo-cFEoXgAEXpxT.jpg","","in","Indonesia","0","0","0","https://twitter.com/Indosiar/status/1625689640773492740","351999221","Indosiar"
"1625681492625231874","Wed Feb 15 02:20:46 +0000 2023","2","Pilot Ama yang disandera oleh TPNPB - OPM di Ndugama Derakma dikabarkan hingga saat ini masih sehat-sehat saja dalam pengawalan TPNPB. Dalam video yang beredar di Media sosial TPNPB tuntut segera memberikan ruang Demokrasi bagi rakyat Papua untuk menentukan nasibnya. https://t.co/S6jX6dXTDa","1625681492625231874","https://pbs.twimg.com/media/Fo-UsBKaEAAZv-d.jpg","","in","West Papua, Indonesia","0","0","0","https://twitter.com/AleksWainee/status/1625681492625231874","990231852131614721","AleksWainee"
"1625665007127248901","Wed Feb 15 01:15:15 +0000 2023","0","Semoga Kak @aniesbaswedan sehat selalu agar Kakak sempat menjalani konsekuensi berupa sanksi sosial maupun legal dari kelihaian Kakak bersilat lidah memperdaya banyak orang yg silap akal &amp; telinga.","1625665007127248901","","","in","Indonesia","0","0","0","https://twitter.com/ibn_sjamsu/status/1625665007127248901","823139960567926784","ibn_sjamsu"
"1625566980999884800","Tue Feb 14 18:45:44 +0000 2023","0","Sosial media tidak lagi menjadi ruang publik yg sehat sebagaimana sebermula ia ingin diciptakan oleh para pakar teknologi dahulu kita kerapkali terekspos bahasa2 kekerasan dan pelbagai hal yg mengeksploitasi kelemahan kita dalam hal kebebasan.","1625566980999884800","","","in","","0","0","0","https://twitter.com/greentea141_/status/1625566980999884800","2992118291","greentea141_"
"1625481861253435394","Tue Feb 14 13:07:30 +0000 2023","0","Manfaat menyontek : 1. otot mata sehat 2. kreatifitas meningkat 3. Meningkatkn sosial teman 4. Nilai bagus 5. Melatih kecepatan gerak","1625481861253435394","","","in","","0","0","0","https://twitter.com/asihpriyati1/status/1625481861253435394","2191779301","asihpriyati1"
"1625432285729402881","Tue Feb 14 09:50:30 +0000 2023","0","Capaian Peserta BJPS Kesehatan Solsel 92 92 Persen Kepesertaan Badan Penyelenggara Jaminan Sosial (BPJS) Kesehatan melalui Program Jaminan Kesehatan Nasional Kartu Indonesia Sehat (JKN KIS) di Kabupaten Solok Selatan di tahun 2023 ini telah... https://t.co/8qkezvFXNM","1625432285729402881","","","in","ÜT: -6.349034,107.1245085","0","0","0","https://twitter.com/InfoSOLSEL/status/1625432285729402881","270776229","InfoSOLSEL"
"1625255371781861376","Mon Feb 13 22:07:31 +0000 2023","0","Manfaat menyontek : 1. otot mata sehat 2. kreatifitas meningkat 3. Meningkatkn sosial teman 4. Nilai bagus 5. Melatih kecepatan gerak","1625255371781861376","","","in","","0","0","0","https://twitter.com/asihpriyati1/status/1625255371781861376","2191779301","asihpriyati1"
"1625113159932743680","Mon Feb 13 12:42:25 +0000 2023","0","Breaking news indonesia hari ini menerapkan sila ke-5 keadilan sosial bagi seluruh rakyat indonesia bukan yang beruang. Sehat selalu buat pa hakim semoga indonesia kedepanya lebih baik.","1625113159932743680","","","in","Jawa Tengah, Indonesia","0","0","0","https://twitter.com/retakk__/status/1625113159932743680","3680988732","retakk__"
"1625055456216645632","Mon Feb 13 08:53:07 +0000 2023","7","Ketua DPD FKDB Provinsi Kalimantan Barat Bapak Azmi Lutpi melaksanakan kegiatan aksi sosial Donor Darah di UPT Kota Pontianak Kalimantan barat sebagai upaya membangun hidup sehat serta menanamkan rasa kepedulian terhadap sesama manusia https://t.co/Ngzq8BwEO3","1625055456216645632","https://pbs.twimg.com/media/Fo1bUuRaQAESWt4.jpg","","in","","0","0","3","https://twitter.com/FKDB_2005/status/1625055456216645632","1275925808268242945","FKDB_2005"
"1625028874970230785","Mon Feb 13 07:07:30 +0000 2023","0","Manfaat menyontek : 1. otot mata sehat 2. kreatifitas meningkat 3. Meningkatkn sosial teman 4. Nilai bagus 5. Melatih kecepatan gerak","1625028874970230785","","","in","","0","0","0","https://twitter.com/asihpriyati1/status/1625028874970230785","2191779301","asihpriyati1"
"1624974669479813120","Mon Feb 13 03:32:06 +0000 2023","0","Assalamu'alaikum. Wr.Wb. Anda tentu ingin HIDUP SEHAT. Namun sudahkah Anda Menjalani POLA HIDUP SEHAT ⁉️ Sudahkah gaya hidup Anda memerhatikan semua ASPEK KESEHATAN. Termasuk Interaksi SOSIAL Kegiatan IBADAH dan Perilaku SPIRITUAL 🇲🇨 https://t.co/iQrNQfSXPc","1624974669479813120","","","in","","0","0","1","https://twitter.com/skjenius/status/1624974669479813120","1270931904737370112","skjenius"
"1624802379429474312","Sun Feb 12 16:07:29 +0000 2023","0","Manfaat menyontek : 1. otot mata sehat 2. kreatifitas meningkat 3. Meningkatkn sosial teman 4. Nilai bagus 5. Melatih kecepatan gerak","1624802379429474312","","","in","","0","0","0","https://twitter.com/asihpriyati1/status/1624802379429474312","2191779301","asihpriyati1"
"1624680054595932160","Sun Feb 12 08:01:24 +0000 2023","7","Sehat bukan hanya apa yang dirasa pada tubuh Sobat. Tapi juga sehat rohani dan sosial. Ayo belajar untuk sayangi dirimu dan peduli pada kesehatanmu ya Sobat. . . #BKKBN #KeluargaHebatTerencana #BerencanaItuKeren #KeluargaKerenCegahStunting #SambutWeekend #Sehat https://t.co/stqwW0ZL3b","1624680054595932160","https://pbs.twimg.com/media/FowF5O7aAAI2FPL.jpg","","in","Jakarta Capital Region","0","0","4","https://twitter.com/BKKBNofficial/status/1624680054595932160","1397032298","BKKBNofficial"
"1624575887755849728","Sun Feb 12 01:07:29 +0000 2023","0","Manfaat menyontek : 1. otot mata sehat 2. kreatifitas meningkat 3. Meningkatkn sosial teman 4. Nilai bagus 5. Melatih kecepatan gerak","1624575887755849728","","","in","","0","0","0","https://twitter.com/asihpriyati1/status/1624575887755849728","2191779301","asihpriyati1"
"1624455993378889728","Sat Feb 11 17:11:04 +0000 2023","0","Beda dengan urusan uang pekerjaan status sosial maka sedikit yang mau memelihara kesehatan karena tidak punya motifnya. Kebangun tidur pagiii ga niat olahraga ga mikir memilih menu sehat. berapa kali seminggu anda olahraga?","1624455993378889728","","","in","Tangerang - Banten, Indonesia","0","0","0","https://twitter.com/pusatherbalcom/status/1624455993378889728","411557062","pusatherbalcom"
"1624424509876101121","Sat Feb 11 15:05:58 +0000 2023","0","Hati kosong sosial tak berjalan . Dinginnya hidup ini Karena sepi jadi beku hati pikiran jiwa . Ingin sehat","1624424509876101121","","","in","","0","0","0","https://twitter.com/banguszz_pro/status/1624424509876101121","1563447360381784064","banguszz_pro"
"1624349403481006080","Sat Feb 11 10:07:31 +0000 2023","0","Manfaat menyontek : 1. otot mata sehat 2. kreatifitas meningkat 3. Meningkatkn sosial teman 4. Nilai bagus 5. Melatih kecepatan gerak","1624349403481006080","","","in","","0","0","0","https://twitter.com/asihpriyati1/status/1624349403481006080","2191779301","asihpriyati1"
"1624236130186203137","Sat Feb 11 02:37:24 +0000 2023","0","Manfaat menyontek : 1. otot mata sehat 2. kreatifitas meningkat 3. Meningkatkn sosial teman 4. Nilai bagus 5. Melatih kecepatan gerak","1624236130186203137","","","in","","0","0","0","https://twitter.com/asihpriyati1/status/1624236130186203137","2191779301","asihpriyati1"
"1624009640869756930","Fri Feb 10 11:37:25 +0000 2023","0","Manfaat menyontek : 1. otot mata sehat 2. kreatifitas meningkat 3. Meningkatkn sosial teman 4. Nilai bagus 5. Melatih kecepatan gerak","1624009640869756930","","","in","","0","0","0","https://twitter.com/asihpriyati1/status/1624009640869756930","2191779301","asihpriyati1"
"1623783140308418560","Thu Feb 09 20:37:23 +0000 2023","0","Manfaat menyontek : 1. otot mata sehat 2. kreatifitas meningkat 3. Meningkatkn sosial teman 4. Nilai bagus 5. Melatih kecepatan gerak","1623783140308418560","","","in","","0","0","0","https://twitter.com/asihpriyati1/status/1623783140308418560","2191779301","asihpriyati1"
"1623658219548872711","Thu Feb 09 12:21:00 +0000 2023","2","Seksi Sosial dan Kebudayaan Persit KCK Cabang XXXII Dim 0731 Koorcab Rem 072 PD IV/Diponegoro ikuti webinar Hanpangan tema Sosialisasi Pekarangan Pangan Lestari (P2L) dan Konsumsi Pangan Beragam Bergizi Seimbang dan Aman(B2SA) Menuju Indonesia Hijau dan Sehat . Rabu (8/2/23) https://t.co/C54PBypGOK","1623658219548872711","https://pbs.twimg.com/media/FohkiL5aEAEn7Xz.jpg","","in","Kulon Progo, Yogyakarta","0","0","0","https://twitter.com/pendim0731/status/1623658219548872711","710626216135491584","pendim0731"
"1623653702207934464","Thu Feb 09 12:03:03 +0000 2023","0","Kapolres bantul menghadiri kegiatan bakti sosial dengan tema Balitaku Sehat Indonesiaku Hebat yang juga dihadiri oleh wakil bupati Bantul di pendopo kalurahan selopamioro Imogiri. Rabu 9/1/23 https://t.co/9JChlLIaGV","1623653702207934464","","","in","Imogiri bantul","0","0","0","https://twitter.com/Polsekimogiri/status/1623653702207934464","926441935966892032","Polsekimogiri"
"1623632567617589248","Thu Feb 09 10:39:04 +0000 2023","1","Tips yg sedang berusaha bersihin racun racun yang menjangkiti otak supaya tetep waras. Dilakuin ya guys. 1 jangan makan makanan ga sehat 2 perbanyak aktivitas fisik 3 perluas relasi sosial 4 buat progres untuk memperluas wawasan 4 asah soft skill","1623632567617589248","","","in","","0","1","0","https://twitter.com/ojixsnafu/status/1623632567617589248","1024699092855750656","ojixsnafu"
"1623602078613659656","Thu Feb 09 08:37:55 +0000 2023","3","Waktu MinTu lagi pergi ke Bali MinTu ketemu sama ibu-ibu yang lagi ngelamun di pinggir jalan. Karena sepertinya ibu sedang butuh bantuan MinTu jadi penyambung tangan #TemanPeduli ke beliau. . Semoga lancar rezekinya dan sehat selalu ya Bu! Tags: #Sosial #Kebaikan #Experiment https://t.co/w0TgxVq4Jf","1623602078613659656","https://pbs.twimg.com/ext_tw_video_thumb/1623601753152430081/pu/img/VGFFUXrga9TY6vkP.jpg","","in","Jakarta Selatan, DKI Jakarta","0","0","0","https://twitter.com/ayobantucom/status/1623602078613659656","1614939753165778944","ayobantucom"
"1623593434488635392","Thu Feb 09 08:03:34 +0000 2023","0","Yuk bergabung dalam kegiatan Bakto Sosial Donor Darah besok Jumat 10 Februari 2023 pkl 08.00 WIB di Ruang Sekar Jagad Gedung Nusa Indah Lt.3. Jangan lupa ikuti juga Talk Show gratis dengan tema Menghindari Makanan Pemicu Kanker Untuk Gaya Hidup Sehat https://t.co/Xa85iQoVAE","1623593434488635392","https://pbs.twimg.com/media/Fogpn0uaYAEnoKF.jpg","","in","Surakarta, Jawa Tengah","0","0","0","https://twitter.com/rsud_moewardi/status/1623593434488635392","952884338","rsud_moewardi"
"1623556657551937536","Thu Feb 09 05:37:26 +0000 2023","0","Manfaat menyontek : 1. otot mata sehat 2. kreatifitas meningkat 3. Meningkatkn sosial teman 4. Nilai bagus 5. Melatih kecepatan gerak","1623556657551937536","","","in","","0","0","0","https://twitter.com/asihpriyati1/status/1623556657551937536","2191779301","asihpriyati1"
"1623537444128968708","Thu Feb 09 04:21:05 +0000 2023","2","Ternyata banyak juga yg butuh ruang sendiri. Dimana kita membatasi circle. Membatasi pergaulan. Membatasi penggunaan media sosial. Bukan berarti kita sombong dan egois. Tapii demii kehidupan yg lebih baik sehat lahir dan batin.","1623537444128968708","","","in","Indonesia","0","0","0","https://twitter.com/ttytettyesty/status/1623537444128968708","192820456","ttytettyesty"
"1623493892976029696","Thu Feb 09 01:28:01 +0000 2023","0","Sosial mediaku tanpa pengikut cuma ini hanya untuk menulis saja menjaga mental supaya ttp sehat","1623493892976029696","","","in","","0","0","0","https://twitter.com/Supardi52479835/status/1623493892976029696","1613052520313815040","Supardi52479835"
"1623386191361114113","Wed Feb 08 18:20:03 +0000 2023","1","kalau pakai akal dan pikiran yang sehat harusnya paham kalo mau complain ke pihak promotor atau agensi jangan malah nyerang semua sosial media stayc. ini yang nyerang semua sosial media stayc yakin cuma mau complain? atau jangan jangan ada muatan kebencian? ","1623386191361114113","","","in","","0","0","1","https://twitter.com/moodforstayc/status/1623386191361114113","1577598455325020160","moodforstayc"
"1623344327941570560","Wed Feb 08 15:33:42 +0000 2023","0","Loh kan bagus Gitasav childfree. Emang klen mau ada Gitasav jr Gitasav jr lainnya? Satu aja udah bikin rame sosial media apalagi dua tiga empat sehat lima sempurna","1623344327941570560","","","in","New Москва
","0","0","0","https://twitter.com/vvaptrick/status/1623344327941570560","1338668360876224512","vvaptrick"
"1623330160836751360","Wed Feb 08 14:37:25 +0000 2023","0","Manfaat menyontek : 1. otot mata sehat 2. kreatifitas meningkat 3. Meningkatkn sosial teman 4. Nilai bagus 5. Melatih kecepatan gerak","1623330160836751360","","","in","","0","0","0","https://twitter.com/asihpriyati1/status/1623330160836751360","2191779301","asihpriyati1"
"1623103671235121153","Tue Feb 07 23:37:25 +0000 2023","0","Manfaat menyontek : 1. otot mata sehat 2. kreatifitas meningkat 3. Meningkatkn sosial teman 4. Nilai bagus 5. Melatih kecepatan gerak","1623103671235121153","","","in","","0","0","0","https://twitter.com/asihpriyati1/status/1623103671235121153","2191779301","asihpriyati1"
"1622877179108524033","Tue Feb 07 08:37:25 +0000 2023","0","Manfaat menyontek : 1. otot mata sehat 2. kreatifitas meningkat 3. Meningkatkn sosial teman 4. Nilai bagus 5. Melatih kecepatan gerak","1622877179108524033","","","in","","0","0","0","https://twitter.com/asihpriyati1/status/1622877179108524033","2191779301","asihpriyati1"
"1622838679978004480","Tue Feb 07 06:04:26 +0000 2023","0","Teruslah belajar. mendidik diri dengan akal sehat kesadaran dan kepekaan sosial. Jangan jadi idiot yg percaya diri. Tajamkan Nurani asah kepekaan dan bangkitkan ruhanimu","1622838679978004480","","","in","Kota Surabaya, Jawa Timur","0","0","0","https://twitter.com/FitriNaufal2/status/1622838679978004480","849068136984969216","FitriNaufal2"
"1622833795220271104","Tue Feb 07 05:45:02 +0000 2023","1","Apakah orang yang mempedulikan mental health adalah orang2 yg bermental lemah? Gak kan? Namanya sehat itu kan ya lahir batin bahkan sosial ekonomi juga ya to? Masa iya bahas mental health dikit ae dikatain Gen Z banget dikit2 mental health","1622833795220271104","","","in","","0","1","0","https://twitter.com/iiiffaa/status/1622833795220271104","425686093","iiiffaa"
"1622791398755008512","Tue Feb 07 02:56:34 +0000 2023","0","Status di media sosial menjadi indikator penilaian kinerja di suatu lembaga. Indikator nya adalah apakah mental anda sehat atau tidak.","1622791398755008512","","","in","Indonesia","0","0","0","https://twitter.com/JLarantuka/status/1622791398755008512","1222709157196779520","JLarantuka"
"1622748762727919618","Tue Feb 07 00:07:08 +0000 2023","0","Lowongan Kerja Pemadam Kebakaran (DAMKAR) Relawan Pemadam Kebakaran dan Penyelamatan Kualifikasi : Pria/Wanita Usia 19 - 40 tahun Sehat jasmani dan rohani Berjiwa sosial tinggi Paling lambat 31 Maret 2023 Selengkapnya di: https://t.co/yTOPopPWQl","1622748762727919618","","","in","","0","0","0","https://twitter.com/karirpurwokerto/status/1622748762727919618","1237416418338992130","karirpurwokerto"
"1622747264715464704","Tue Feb 07 00:01:11 +0000 2023","476",". Perlakuan yang sangat baik dari seorang Kepala Negara Terhadap Para Pengawalnya. Pemimpin yang Benar-benar Tidak Membeda-Bedakan Kasta/Kedudukan/Status Sosial &amp; Jabatan. Semoga Sehat selalu Bapak &amp; Ibu sekeluarga @jokowi @Joker_Wedoks https://t.co/fpMxHhJWc9","1622747264715464704","https://pbs.twimg.com/ext_tw_video_thumb/1622747072956108801/pu/img/d-zFNKjIUwg2ICqf.jpg","","in","DKI Jakarta | INDONESIA","12","28","129","https://twitter.com/Chynthia_K/status/1622747264715464704","1331140639","Chynthia_K"
"1622650683613921282","Mon Feb 06 17:37:25 +0000 2023","0","Manfaat menyontek : 1. otot mata sehat 2. kreatifitas meningkat 3. Meningkatkn sosial teman 4. Nilai bagus 5. Melatih kecepatan gerak","1622650683613921282","","","in","","0","0","0","https://twitter.com/asihpriyati1/status/1622650683613921282","2191779301","asihpriyati1"
"1622635102038822912","Mon Feb 06 16:35:30 +0000 2023","0","𝙒𝘼𝙉𝙄𝙏𝘼 Kutipan dr nawal as sa'dawi wanita harus dibela kita takkan bisa revolusi tanpa wanita takkan lahir keadilan tanpa wanita dilibatkan jika wanita terdikriminasi berarti kondisi sosial kita yg tidak sehat.","1622635102038822912","","","in","","0","0","0","https://twitter.com/eyudya/status/1622635102038822912","3176888358","eyudya"
"1622588304893022211","Mon Feb 06 13:29:32 +0000 2023","0","Lowongan Kerja Damkar Pemadam Kebakaran dan Penyelamatan Tahun 2023 Redkar Pemadam Kebakaran Persyaratan : Pria / Wanita Usia 19 - 40 tahun Sehat jasmani dan rohani Mengisi formulir pendaftaran Mengikuti interview Berjiwa sosial t https://t.co/r7iDvhtjFy https://t.co/fMIaaHNnYL","1622588304893022211","","","in","Jakarta","0","0","0","https://twitter.com/lowongankerjalu/status/1622588304893022211","709010634","lowongankerjalu"
"1622510585832427521","Mon Feb 06 08:20:43 +0000 2023","1","#Hai #SobatJdih Tetap semangat dan semoga senantiasa dalam keadaan sehat️... Mimin mau berbagi informasi mengenai Perubahan Jadwal dan Pembentukan Pantarlih pada Pemilu 2024. Jangan lupa ikuti/kunjungi website dan media sosial lainnya milik JDIH KPU Kabupaten Boalemo. https://t.co/XxVHKIOMny","1622510585832427521","https://pbs.twimg.com/media/FoRQvL1akAI7cDn.jpg","","in","Kecamatan Tilamuta ","0","0","0","https://twitter.com/jdihkpu_boalemo/status/1622510585832427521","1504646029819670528","jdihkpu_boalemo"
"1622424195111215104","Mon Feb 06 02:37:25 +0000 2023","0","Manfaat menyontek : 1. otot mata sehat 2. kreatifitas meningkat 3. Meningkatkn sosial teman 4. Nilai bagus 5. Melatih kecepatan gerak","1622424195111215104","","","in","","0","0","0","https://twitter.com/asihpriyati1/status/1622424195111215104","2191779301","asihpriyati1"
"1622415763087974401","Mon Feb 06 02:03:55 +0000 2023","2","Koramil14Ungaran Barat Kodim 0714/Slg. Babinsa Desa Nyatyono Sertu Sukamto monitoring Bakti Sosial Dan Terapi Kesehatan Gratis dari Teras MS(Terasi Sehat Melati Suci)di Gedung Serba guna Desa Nyatyono Kec Ungaran Barat Kab Semarang.(Senin 06/02/2023). https://t.co/yjB4OUb0jf","1622415763087974401","https://pbs.twimg.com/media/FoP6iR8aEAA6B45.jpg","","in","","0","0","0","https://twitter.com/14ungaran/status/1622415763087974401","1542357915272892416","14ungaran"
"1622245960591228929","Sun Feb 05 14:49:11 +0000 2023","0","Silaturahmi dengan Mas Adzif Novebry dan Ibu di Dukuh Pipes Desa Bergolo. Mas Adzif Novebry pengusaha muda Ibunya mantan guru yang aktif kegiatan sosial keagamaan. Semoga sehat dan barokah selalu. https://t.co/0aSOiWvNaH","1622245960591228929","https://pbs.twimg.com/media/FoNgGadacAA5OHV.jpg","","in","Blora, Indonesia","0","0","0","https://twitter.com/SISWANT81585310/status/1622245960591228929","1349644395184746496","SISWANT81585310"
"1622197708625952769","Sun Feb 05 11:37:27 +0000 2023","0","Manfaat menyontek : 1. otot mata sehat 2. kreatifitas meningkat 3. Meningkatkn sosial teman 4. Nilai bagus 5. Melatih kecepatan gerak","1622197708625952769","","","in","","0","0","0","https://twitter.com/asihpriyati1/status/1622197708625952769","2191779301","asihpriyati1"
"1622122236298809344","Sun Feb 05 06:37:33 +0000 2023","0","Hasyim Asy ari adalah rumah sakit wakaf yang menggunakan konsep sehat fisik sehat mental sehat sosial dan sehat rohani. https://t.co/GW2m9Socq6","1622122236298809344","","","in","Surabaya","0","0","0","https://twitter.com/ngopibareng_id/status/1622122236298809344","1291246080269545472","ngopibareng_id"
"1621982383456256000","Sat Feb 04 21:21:49 +0000 2023","0","Oh dan pengaruh social media itu beneran gede banget. Semenjak gue mutusin buat mengurangi sosial media ini nolong gue banget untuk jadi lebih sehat pikirannya.","1621982383456256000","","","in","","0","0","0","https://twitter.com/qamjoon/status/1621982383456256000","130458760","qamjoon"
"1621971203572514817","Sat Feb 04 20:37:24 +0000 2023","0","Manfaat menyontek : 1. otot mata sehat 2. kreatifitas meningkat 3. Meningkatkn sosial teman 4. Nilai bagus 5. Melatih kecepatan gerak","1621971203572514817","","","in","","0","0","0","https://twitter.com/asihpriyati1/status/1621971203572514817","2191779301","asihpriyati1"
"1621788108714041345","Sat Feb 04 08:29:51 +0000 2023","0","Sosial media makin hari makin tida sehat ak pusinkKkkkKkkkkk","1621788108714041345","","","in","clink2x being this young is 🎨","0","0","0","https://twitter.com/cangkuldiary/status/1621788108714041345","1615249108385824769","cangkuldiary"
"1621781933519945728","Sat Feb 04 08:05:18 +0000 2023","0","Terima kasih Temen2.... Sudah ditemukan di Panti Sosial Kedoya. Dalam keadaan sehat dan sudah kembali ke Keluarganya.","1621781933519945728","","","in","Jakarta","0","0","0","https://twitter.com/RachmatJoshua/status/1621781933519945728","2291907109","RachmatJoshua"
"1621768288756985857","Sat Feb 04 07:11:05 +0000 2023","0","Beda dengan urusan uang pekerjaan status sosial maka sedikit yang mau memelihara kesehatan karena tidak punya motifnya. Kebangun tidur pagiii ga niat olahraga ga mikir memilih menu sehat. berapa kali seminggu anda olahraga?","1621768288756985857","","","in","Tangerang - Banten, Indonesia","0","0","0","https://twitter.com/pusatherbalcom/status/1621768288756985857","411557062","pusatherbalcom"
"1621744710707732480","Sat Feb 04 05:37:24 +0000 2023","0","Manfaat menyontek : 1. otot mata sehat 2. kreatifitas meningkat 3. Meningkatkn sosial teman 4. Nilai bagus 5. Melatih kecepatan gerak","1621744710707732480","","","in","","0","0","0","https://twitter.com/asihpriyati1/status/1621744710707732480","2191779301","asihpriyati1"
"1621560120487612416","Fri Feb 03 17:23:54 +0000 2023","0","Kita dipaksa untuk mematuhi pilihan salah meski nalar dan fakta bicara dampak pilihan itu jauh lebih merugi bagi sistem sosial dan budaya sehat. Terutama dari perspektif agama.","1621560120487612416","","","in","Karawang, Jawa Barat","0","0","0","https://twitter.com/elbiwan/status/1621560120487612416","1094936725867003905","elbiwan"
"1621518224461557762","Fri Feb 03 14:37:25 +0000 2023","0","Manfaat menyontek : 1. otot mata sehat 2. kreatifitas meningkat 3. Meningkatkn sosial teman 4. Nilai bagus 5. Melatih kecepatan gerak","1621518224461557762","","","in","","0","0","0","https://twitter.com/asihpriyati1/status/1621518224461557762","2191779301","asihpriyati1"
"1621492858632163328","Fri Feb 03 12:56:38 +0000 2023","10","Sebagai bentuk apresiasi kepada penggerak perubahan dari berbagai bidang Lemonilo menjadi wadah pertemuan Lemonilo Change Makers Meet sekaligus berbagi langkah berarti dan sudut pandang masing-masing dalam mewujudkan Indonesia yang lebih sehat secara sosial fisik dan mental. https://t.co/3WZpcKJIf3","1621492858632163328","https://pbs.twimg.com/ext_tw_video_thumb/1621492618755735554/pu/img/OOhExYKlz5X-PGO5.jpg","","in","Indonesia","1","2","0","https://twitter.com/lemonilo/status/1621492858632163328","773884744597725184","lemonilo"
"1621478062327205888","Fri Feb 03 11:57:50 +0000 2023","4","Bhutan berada di peringkat atas negara-negara paling bahagia di dunia menurut Word Happiness Record. Laporan ini mengacu faktor sosial ekonomi: penghasilan harapan hidup sehat kemurahan hati dan saling percaya serta tidak adanya korupsi https://t.co/AEGZPU3nKy","1621478062327205888","","","in","BSD City","0","0","3","https://twitter.com/ZAMANe_id/status/1621478062327205888","1211113575365767169","ZAMANe_id"
"1621404996939190272","Fri Feb 03 07:07:30 +0000 2023","0","Manfaat menyontek : 1. otot mata sehat 2. kreatifitas meningkat 3. Meningkatkn sosial teman 4. Nilai bagus 5. Melatih kecepatan gerak","1621404996939190272","","","in","","0","0","0","https://twitter.com/asihpriyati1/status/1621404996939190272","2191779301","asihpriyati1"
"1621361612740501504","Fri Feb 03 04:15:06 +0000 2023","0","Hi Kak @Mikuriosu terima kasih sudah menggunakan layanan BNI Sosial Media. Sehat selalu ya Kak. Tks -Silvi-","1621361612740501504","","","in","Jakarta Capital Region","0","0","0","https://twitter.com/BNICustomerCare/status/1621361612740501504","3272444328","BNICustomerCare"
"1621349286750593025","Fri Feb 03 03:26:07 +0000 2023","0","Meski sibuk di kampus kulit harus tetap dirawat! Sebab kulit yang sehat berpengaruh positif terhadap kepercayaan diri dan hubungan sosial seseorang lho. https://t.co/HVva93SIh7","1621349286750593025","","","in","","0","0","0","https://twitter.com/kumparan/status/1621349286750593025","759692754985242625","kumparan"
"1621333526338752512","Fri Feb 03 02:23:30 +0000 2023","1","Dewasa ini setiap orang semakin akrab dengan gaya hidup sehat dan kerap membagikan aktivitas berolahraganya di media sosial. Mulai dari aktivitas olahraga di pusat-pusat kebugaran bersepeda lari mengitari lapangan olahraga senam &amp; banyak aktivitas olahraga lain yang diminati https://t.co/KHU8499ieZ","1621333526338752512","https://pbs.twimg.com/media/FoAiPoLaIAcSccW.jpg","","in","Jakarta Timur, DKI Jakarta","0","1","0","https://twitter.com/ppsdm_naker/status/1621333526338752512","4776427214","ppsdm_naker"
"1621325929745367045","Fri Feb 03 01:53:19 +0000 2023","0","Sehat selalu bapak Presiden @jokowi semoga keadilan sosial bagi seluruh rakyat Indonesia itu betul2 nyata adanya tidak hanya untuk wilayah tertentu saja Semoga Papua lekas maju dan setara dengan daerah lainnya🇮🇩","1621325929745367045","","","in","","0","0","0","https://twitter.com/DanangHanggika/status/1621325929745367045","1442090957810200579","DanangHanggika"
"1621278539247910914","Thu Feb 02 22:45:00 +0000 2023","0","Menggunakan skincare termasuk salah satu cara untuk mendapatkan kulit yang sehat cerah dan glowing. Berbagai pedoman dan panduan skincare rutin dari ahli kecantikan beauty influencer selebgram pun sangat mudah tiru dari media sosial. #MedcomID https://t.co/XuJLRrRd1R","1621278539247910914","","","in","Jakarta Capital Region, Indone","0","0","0","https://twitter.com/medcom_id/status/1621278539247910914","902837643024539651","medcom_id"
"1621178501201297408","Thu Feb 02 16:07:29 +0000 2023","0","Manfaat menyontek : 1. otot mata sehat 2. kreatifitas meningkat 3. Meningkatkn sosial teman 4. Nilai bagus 5. Melatih kecepatan gerak","1621178501201297408","","","in","","0","0","0","https://twitter.com/asihpriyati1/status/1621178501201297408","2191779301","asihpriyati1"
"1621139891244646407","Thu Feb 02 13:34:04 +0000 2023","0","turnip adalah gue yang sangat idealis. bukan karena film. tapi emang pengen aja hidup di alam terus bela diri olahraga meditasi makan sehat membangun hubungan sosial yang baik sama orang2 yang satu prinsip.","1621139891244646407","","","in","homophobic dni 💋","0","1","0","https://twitter.com/heartbreakerue/status/1621139891244646407","1101076766754430977","heartbreakerue"
"1621097345273286656","Thu Feb 02 10:45:00 +0000 2023","0","Menggunakan skincare termasuk salah satu cara untuk mendapatkan kulit yang sehat cerah dan glowing. Berbagai pedoman dan panduan skincare rutin dari ahli kecantikan beauty influencer selebgram pun sangat mudah tiru dari media sosial. #MedcomID https://t.co/XuJLRrRd1R","1621097345273286656","","","in","Jakarta Capital Region, Indone","0","0","0","https://twitter.com/medcom_id/status/1621097345273286656","902837643024539651","medcom_id"
"1621086647109697536","Thu Feb 02 10:02:29 +0000 2023","0","iya kalo lagi ga beruntung ketemu orang orang jahat. manusia emang makhluk sosial tapi pada akhirnya kita cuma punya diri sendiri. makin gede makin paham kalo temenan itu ya harus pilih pilih gapapa circle kecil asal relationshipnya sehat.","1621086647109697536","","","in","she/her","0","1","0","https://twitter.com/glossieyr/status/1621086647109697536","732106740796391424","glossieyr"
"1620952008864993281","Thu Feb 02 01:07:29 +0000 2023","0","Manfaat menyontek : 1. otot mata sehat 2. kreatifitas meningkat 3. Meningkatkn sosial teman 4. Nilai bagus 5. Melatih kecepatan gerak","1620952008864993281","","","in","","0","0","0","https://twitter.com/asihpriyati1/status/1620952008864993281","2191779301","asihpriyati1"
"1620730579951194114","Wed Feb 01 10:27:36 +0000 2023","0","Kunci utama sehat Pada badan yg sehat ada jiwa yg sehat pula. Pada pikiran yg sehat ada hati yg sehat pula. Perbanyak aktifitas yg berguna kurangi banyak pikiran negatif jngan terlalu memikirkan dan mencampuri urusan orang lain apalagi berdebat di media sosial yg tak jelas.","1620730579951194114","","","in","mana-mana hatiku senang","0","0","0","https://twitter.com/RH_Hani_/status/1620730579951194114","1583299837235458048","RH_Hani_"
"1620725524049051649","Wed Feb 01 10:07:31 +0000 2023","1","Manfaat menyontek : 1. otot mata sehat 2. kreatifitas meningkat 3. Meningkatkn sosial teman 4. Nilai bagus 5. Melatih kecepatan gerak","1620725524049051649","","","in","","0","0","0","https://twitter.com/asihpriyati1/status/1620725524049051649","2191779301","asihpriyati1"
"1620711120230318081","Wed Feb 01 09:10:17 +0000 2023","4","Bhutan berada di peringkat atas negara-negara paling bahagia di dunia menurut Word Happiness Record. Laporan ini mengacu faktor sosial ekonomi: penghasilan harapan hidup sehat kemurahan hati dan saling percaya serta tidak adanya korupsi https://t.co/jAd5RtLoPs","1620711120230318081","","","in","BSD City","0","0","5","https://twitter.com/ZAMANe_id/status/1620711120230318081","1211113575365767169","ZAMANe_id"
"1620655150854729728","Wed Feb 01 05:27:52 +0000 2023","2","Hallo sobat sehat! Jangan lupa follow akun-akun sosial media kami dibawah ini : https://t.co/FLPa3LOa7k","1620655150854729728","https://pbs.twimg.com/media/Fn25FnZaIAIzhya.jpg","","in","Kota Magelang, Jawa Tengah","0","0","0","https://twitter.com/akperkbn/status/1620655150854729728","732377363304972289","akperkbn"
