"conversation_id_str","created_at","favorite_count","full_text","id_str","image_url","in_reply_to_screen_name","lang","location","quote_count","reply_count","retweet_count","tweet_url","user_id_str","username"
"1519978778369597440","Fri Apr 29 09:55:55 +0000 2022","6","Artikel tentang apa itu variegata akan menemani liburan Hari Raya kali ini - tetap pantau linimasa sosial media kami juga blog @loubellespace https://t.co/Txe9RCJquO sehat selalu semua selamat berlibur sejahtera selalu selamat Lebaran #variegatedplants #varigataindonesia https://t.co/EALEPEvpWv","1519978778369597440","https://pbs.twimg.com/media/FRgMg4paQAEgCJI.jpg","","in","Bandung, Jawa Barat","0","0","1","https://twitter.com/thelouplants/status/1519978778369597440","1394095092109963265","thelouplants"
"1519899439623983106","Fri Apr 29 04:40:39 +0000 2022","3","pencapaian ga harus dg kita punya high end stuff &amp; benda2 sejenis yg jd variabel penentu strata sosial masyarakat pd umumnya. ttp bs menjalani hari ke harinya dg keadaan sehat tidur cukup hidup dg syukur jg termasuk pencapaian kali ah.","1519899439623983106","","","in","","0","1","1","https://twitter.com/violetssrbluee/status/1519899439623983106","1410348173122437121","violetssrbluee"
"1519680823653732352","Thu Apr 28 14:11:57 +0000 2022","0","umur 22: fokus tingkatin spiritual hubungan keluarga &amp; sosial materi dan punya pola hidup yg sehat!!!","1519680823653732352","","","in","","0","0","0","https://twitter.com/moonlaait/status/1519680823653732352","1246683657005199360","moonlaait"
"1519507533706055680","Thu Apr 28 02:43:21 +0000 2022","2","Melalui dialog sosial kita dapat membangun budaya keselamatan dan kesehatan yang positif. Mari kita tempatkan dialog sosial sebagai pusat dari semua kegiatan kita untuk memastikan tempat kerja yang aman dan sehat. - Chihoko Asada-Miyakawa","1519507533706055680","","","in","","0","0","1","https://twitter.com/IndonesiaILO/status/1519507533706055680","1295929053061537794","IndonesiaILO"
"1519390935443984384","Wed Apr 27 19:00:02 +0000 2022","0","Tagar #LettheEarthBreath banyak menghiasi media sosial akhir minggu lalu. Langkah kecil untuk menjadikan Bumi lebih sehat sudah mulai diserukan oleh sejumlah akun. https://t.co/VBR8BIiFav","1519390935443984384","","","in","Jakarta","0","0","1","https://twitter.com/LadiestoryID/status/1519390935443984384","1032497276785057792","LadiestoryID"
"1519285205093154816","Wed Apr 27 11:59:54 +0000 2022","0","Sebagai BUMN yang bergerak di bidang jaminan sosial PT Taspen (Persero) turut berkontribusi dalam rangkaian Program Mudik Aman Mudik Sehat BUMN 2022 melalui penyediaan 12 unit bus untuk mengangkut 480 orang pemudik secara gratis. https://t.co/8ecXCRqWAH","1519285205093154816","","","in","DKI Jakarta, Indonesia","0","0","0","https://twitter.com/voidotid/status/1519285205093154816","1186946650595418116","voidotid"
"1519270130668257280","Wed Apr 27 11:00:00 +0000 2022","2","Kita harus belajar membangun batasan yang sehat memperhatikan apa yang sering kita lihat atau dengar setiap hari. Siapa yang kamu ikuti di sosial media? Apakah mereka memberimu dampak yang positif atau negatif?","1519270130668257280","","","in","Jakarta, Indonesia","0","0","1","https://twitter.com/TreasuresWomen/status/1519270130668257280","134753631","TreasuresWomen"
"1519226762638462976","Wed Apr 27 08:07:40 +0000 2022","5","Makin sehat dengan membeli produk Deltomed gratis ikuti ajang balap sepeda bergengsi Bromo Kom Yuk simak caranya: 1. Follow sosial media Antangin. 2. Like postingan ini dan 3 post sebelumnya. https://t.co/8ynt9zGR1s","1519226762638462976","https://pbs.twimg.com/media/FRVgl2PUUAAXa11.jpg","","in","","0","2","4","https://twitter.com/Antangin_IDN/status/1519226762638462976","1229409224079265792","Antangin_IDN"
"1519214650360881157","Wed Apr 27 07:19:32 +0000 2022","0","Penerima PKH Gembira Dinas Sosial Toba Bersama Koramil Bangun Jamban Sehat https://t.co/72hkZ1piXe","1519214650360881157","","","in","Medan Kota, Indonesia","0","0","1","https://twitter.com/GoSumutdotcom/status/1519214650360881157","3700681692","GoSumutdotcom"
"1519177258971574272","Wed Apr 27 04:50:58 +0000 2022","2","Apa benar ada hal seperti ini di media sosial? Saya ragu tapi kalau ada ngeri sekali ya Saya mendukung @elonmusk untuk mengubur semua BOT Ini sangat tidak sehat dan pekerjaan yang jahat Semoga Allah menghancurkan segala keburukan yang ada di negri ini .","1519177258971574272","","","in","Earth","0","0","0","https://twitter.com/HelmiFelis_/status/1519177258971574272","3177957847","HelmiFelis_"
"1518990158422749184","Tue Apr 26 16:27:29 +0000 2022","9","Hasil itu tidak mengkhianati Kerja keras. Alhamdulillah Menteri Sosial Tri Rismaharini kembali dinobatkan sebagai menteri berkinerja paling baik. Tetap sehat dan semangat. Solid bergerak untuk Indonesia raya https://t.co/cdsPdSzJVK","1518990158422749184","https://pbs.twimg.com/media/FRSJf7AaQAAfqRH.jpg","","in","Indonesia","0","1","3","https://twitter.com/fadyanova/status/1518990158422749184","395794982","fadyanova"
"1518802045737725952","Tue Apr 26 04:00:00 +0000 2022","0","Alhamdulillah dengan download sosial yang positif dan fundamental perseroan yang semakin sehat #3BulanCetakLaba12T https://t.co/lbSe5cBz7Z","1518802045737725952","https://pbs.twimg.com/media/FRPYuzHUUAA7RUU.jpg","","in","","0","0","0","https://twitter.com/Kuncihatipad/status/1518802045737725952","1488755380411060229","Kuncihatipad"
"1518785677072400384","Tue Apr 26 02:54:57 +0000 2022","3","Jae sehat - sehat ya di belahan benua sana. Nggak masalah kamu mau rehat berapa lama dari dunia media sosial. Asal kamu sehat dan bahagia. Kita udah seneng. ","1518785677072400384","","","in","","0","0","2","https://twitter.com/maurilla_issa/status/1518785677072400384","1130612132","maurilla_issa"
"1518768022600949761","Tue Apr 26 01:44:48 +0000 2022","2","Senin 25 April 2022 . Stasiun KIPM Bima melaksanakan kegiatan Bulan Mutu Karantina (BMK) Tahun 2022 yang bertema Dengan Semangat BMK Kita Wujudkan Penjaminan Ikan Sehat dan Bermutu . Penyerahan Paket Ikan Sehat Bermutu BKIPM Peduli Sosial https://t.co/9FOqVHcEDy","1518768022600949761","https://pbs.twimg.com/media/FRO_dmEaUAEs5IL.jpg","","in","Bima","0","1","0","https://twitter.com/bp2mhkp_bima/status/1518768022600949761","726940109732368384","bp2mhkp_bima"
"1518759659967971329","Tue Apr 26 01:11:34 +0000 2022","3","Hal yang sama dirasakan dan media sosial membuat toxic diri sendiri karena hal itu lebih baik uninstall dan senyapkan dulu..... sampai jiwa ini sehat...........","1518759659967971329","","","in","","0","1","0","https://twitter.com/V_Evaldo/status/1518759659967971329","498927215","V_Evaldo"
"1518624750163038214","Mon Apr 25 16:15:29 +0000 2022","17","#SahabatBahari BKIPM Bandung melaksanakan kegiatan BKIPM Peduli Sosial berupa penyerahan ikan sehat dan bermutu dilaksanakan di Kabupaten Sukabumi tepatnya di Desa Gunung Malang Kec. Cikidang dan di Desa Kadudampit Kec. Cisaat yang merupakan rangkaian dari #BMK2022 (21/4). https://t.co/9c62Un779i","1518624750163038214","https://pbs.twimg.com/media/FRM9JqaVEAATSzS.jpg","","in","Gedung Mina Bahari II lantai 6,7,10  KKP Jakarta","0","3","2","https://twitter.com/bppmhkp/status/1518624750163038214","2990465502","bppmhkp"
"1518528700597166081","Mon Apr 25 09:53:49 +0000 2022","4","Rangkaian kegiatan Bulan Mutu Karantina (BMK) Tahun 2022 melalui Giat Peduli Sosial BKIPM Padang dan Dharma Wanita Persatuan (DWP) menyalurkan paket ikan sehat dan bermutu beserta sembako dan santunan kepada anak yatim piatu Panti Asuhan Aisyiah Kota Padang (23/04). #BMK2022 https://t.co/O6NbXKp5D2","1518528700597166081","https://pbs.twimg.com/ext_tw_video_thumb/1518528406413258752/pu/img/MYvtw3IPqBy9mbNd.jpg","","in","Padang Pariaman","0","0","3","https://twitter.com/BKIPMPadang/status/1518528700597166081","3312038526","BKIPMPadang"
"1518500445228249088","Mon Apr 25 08:01:33 +0000 2022","5","Untuk jadi sehat perlu usaha dan perjuangan begitu juga bagi teman-teman yang mengalami gangguan penggunaan zat/narkoba. Klinik Pratama Seger Waras BNNP DIY siap membantu pecandu/penyalahguna narkotika untuk pulih sehat dan berfungsi sosial kembali :) Jangan takut rehab!! https://t.co/9kSf7KCmlB","1518500445228249088","https://pbs.twimg.com/media/FRLLDiNaIAA3xO2.jpg","","in","Yogyakarta","0","0","0","https://twitter.com/BNNP_DIY/status/1518500445228249088","1057268191","BNNP_DIY"
"1518465839884017664","Mon Apr 25 05:44:02 +0000 2022","11","Kepala PPN Ternate bersama Sub Kord Kel Operasional menghadiri Kegiatan Peduli Sosial (24/04) yaitu penyerahan Paket Ikan Sehat Bermutu sebanyak 660 paket dalam rangka kegiatan Bulan Mutu Karantina (BMK) Tahun 2022 di Kantor Stasiun KIPM Ternate. #KKPAccelerate @djpt_kkp https://t.co/faVU0CoPsX","1518465839884017664","https://pbs.twimg.com/media/FRKsdAyaAAARYh6.jpg","","in","North Moluccas, Indonesia","0","0","3","https://twitter.com/PPNternate/status/1518465839884017664","741067959536259073","PPNternate"
"1518446980221239300","Mon Apr 25 04:29:06 +0000 2022","0","Oke saatnya mode off media sosial sampe lebaran +3. Biar apa? Biar sehat aja.","1518446980221239300","","","in","Kuala Lumpur Malaysia","0","0","0","https://twitter.com/all_ziii/status/1518446980221239300","1043100631","all_ziii"
"1518205292802342912","Sun Apr 24 12:28:43 +0000 2022","0","3 Hal yang Berhak Kamu Lakukan di Media Sosial Milikmu Demi Mental Sehat! https://t.co/r6Ke79GggN","1518205292802342912","","","in","","0","0","0","https://twitter.com/dheniratnasari_/status/1518205292802342912","3484268964","dheniratnasari_"
"1518099150792904704","Sun Apr 24 05:26:57 +0000 2022","36","Bakat bernyanyi Nurlela ditemukan oleh pak Erick Thohir yg kala itu sedang mengunjungi Panti Sosial Rehabilitasi Penyandang Disabilitas Cimahi Kab Bandung Jawa Barat. Pak @erickthohir berhati emas sama dengan suaranya mb nurlela. Sehat selalu pak #ErickThohirSolusiRakyat https://t.co/N70iGYALsU","1518099150792904704","https://pbs.twimg.com/media/FRFfIK7UcAAVO-8.jpg","","in","NKRI","0","2","30","https://twitter.com/terbucinz/status/1518099150792904704","742024154644381696","terbucinz"
"1517893717339754496","Sat Apr 23 15:50:37 +0000 2022","1","Puisi adalah Bagian Seni yang bisa menggambarkan Apapun oleh sang penulisnya...Berisikan Berbagai Problem realita Hidup Suka Duka Rutinitas Sampai Sosial Budaya Dan Sindiran yang dikemas Secara Baik🇲🇨🇲🇨🇲🇨 Tetap Sehat Dan Berkah Buat Kita Semua","1517893717339754496","","","in","Indonesia","0","1","0","https://twitter.com/Kotjo3/status/1517893717339754496","1306651573536264193","Kotjo3"
"1517888670132359169","Sat Apr 23 15:30:34 +0000 2022","0","Media sosial emg bener2 gk sehat bahkan LinkedIn yg harusnya jadi platform sosial media buat nambahin relasi profesional malah jadi tempat buat nyebarin berita politik yg gk penting dan menjatuhkan.","1517888670132359169","","","in","","0","0","0","https://twitter.com/sanfardizal/status/1517888670132359169","101968693","sanfardizal"
"1517871852592713729","Sat Apr 23 14:23:45 +0000 2022","8","Penyelenggaraan giat Peduli Sosial BKIPM Padang bersama Dharma Wanita Persatuan (DWP) dalam rangkaian kegiatan Bulan Mutu Karantina (BMK) Tahun 2022 dilaksanakan penyerahan paket ikan sehat dan bermutu beserta sembako kepada Panti Asuhan Aisyiah (23/04). #BMK2022 #KKPGOID #BKIPM https://t.co/5xAFHBNaJy","1517871852592713729","https://pbs.twimg.com/media/FRCQW7maIAAi3PZ.jpg","","in","Padang Pariaman","0","1","3","https://twitter.com/BKIPMPadang/status/1517871852592713729","3312038526","BKIPMPadang"
"1517871375561924609","Sat Apr 23 14:21:51 +0000 2022","7","Rangkaian kegiatan Bulan Mutu Karantina (BMK) Tahun 2022 melalui giat Peduli Sosial BKIPM Padang dan Dharma Wanita Persatuan (DWP) melakukan penyerahan paket ikan sehat dan bermutu serta sembako kepada Panti Asuhan Aisyiah (23/04). #BMK2022 #KKPAccelerate #KKPGOID #BKIPM https://t.co/h4VGfEwsbt","1517871375561924609","https://pbs.twimg.com/media/FRCP87FaUAA7AZm.jpg","","in","Padang Pariaman","0","0","2","https://twitter.com/BKIPMPadang/status/1517871375561924609","3312038526","BKIPMPadang"
"1517705508848816129","Sat Apr 23 03:22:45 +0000 2022","1","[Ulang] Slamat ulang tahun tman pertumbuhan ku jejek aoipda! Semoga panjang umur sehat slalu mnusia brbakti sosial egk lupa peswort lgie enggak aneh lagi yh! Hampi bsdey broder https://t.co/YsgSw7659T","1517705508848816129","https://pbs.twimg.com/media/FQ_5G15aAAArHZ6.jpg","","in","Selective | Sĕvir","0","1","1","https://twitter.com/chtoberi/status/1517705508848816129","1010171392715730945","chtoberi"
"1517703903051382784","Sat Apr 23 03:16:22 +0000 2022","81"," Serangan itu harus dihentikan karena sangat tidak sehat merusak kehidupan sosial menjadi racun buat demokrasi. PSI sejak awal menentang keras rasisme dan diskriminasi kata Ketua Umum DPP PSI Bro Giring Ganesha. https://t.co/hkpzNv7JHf","1517703903051382784","","","in","Jakarta Capital Region","4","39","18","https://twitter.com/psi_id/status/1517703903051382784","3102442327","psi_id"
"1517685011788357632","Sat Apr 23 02:01:18 +0000 2022","19","#KawanLaut Salam Semangat Pagi Salam Sehat Selalu Jum'at 23 April 2022 Pukul 14.00WITA SMRT (Sosial Media Response Team) Kantor UPP Wanci mengikuti Forum SMRT Ditjen Perhubungan Laut Tahun 2022 dengan tema Mudik Aman Mudik Sehat #HUTSMRT_Ke-4 #DJPLKemenhub151 https://t.co/aQqdj8K9fF","1517685011788357632","https://pbs.twimg.com/media/FQ_mHWlVgAMPjRL.jpg","","in","Wakatobi, Sulawesi Tenggara","0","19","11","https://twitter.com/KuppWanci/status/1517685011788357632","1085743493253746690","KuppWanci"
"1517517804626268161","Fri Apr 22 14:56:53 +0000 2022","40"," Serangan itu harus dihentikan karena sangat tidak sehat merusak kehidupan sosial menjadi racun buat demokrasi. PSI sejak awal menentang keras rasisme dan diskriminasi. @psi_id @Giring_Ganesha @TsamaraDKI @GunRomli @kokokdirgantoro @aryobimmo @Uki23 https://t.co/4K7QsMxfCe","1517517804626268161","","","in","ÜT: 55.753181,37.618633","0","4","15","https://twitter.com/sigitwid/status/1517517804626268161","168082298","sigitwid"
"1517507356393095168","Fri Apr 22 14:15:22 +0000 2022","0","Sosial control Akal sehat tak berfungsi dgn bijak Selalu mengikuti keadaan tak berani melawan kebiasaan yg buruk digiring opini / influencer / iklan ngikut.. Ngopi sono sini bangga beut pdhl cuma kopi ! Hidup sesuai dgn fungsinya bukan gengsi nya !","1517507356393095168","","","in","","0","0","0","https://twitter.com/UM_akhsan/status/1517507356393095168","819216768","UM_akhsan"
"1517490091165634560","Fri Apr 22 13:06:45 +0000 2022","0","Eugenika adalah filosofi sosial yang berarti memperbaiki ras manusia dengan membuang orang-orang berpenyakit dan cacat serta memperbanyak individu sehat.","1517490091165634560","","","in","in your mind","0","0","0","https://twitter.com/nuridaaa13/status/1517490091165634560","260700898","nuridaaa13"
"1517435148870242304","Fri Apr 22 09:28:26 +0000 2022","0","#Salam SMRT Selamat atas usia ke 4 Tahun Sosial Media Response Team ( SMRT ) semoga semakin bersinar dengan bersatu kita Kuat bersama kita Hebat... MUDIK AMAN MUDIK SEHAT https://t.co/8cAIUiJB2p","1517435148870242304","https://pbs.twimg.com/media/FQ8DOcdagAA0QrM.jpg","","in","Bukit Batu, Indonesia","0","0","0","https://twitter.com/ksop_tgbutonII/status/1517435148870242304","1397743608887791629","ksop_tgbutonII"
"1517412442023755776","Fri Apr 22 07:58:12 +0000 2022","2","Dilema anak kuliah. Pilih 2 hal dari 3 hal berikut ini: - waktu tidur yang cukup (7-9 jam) - ️ prestasi akademik - kehidupan sosial yang sehat","1517412442023755776","","","in","Jakarta, Indonesia","0","2","0","https://twitter.com/arjunaskykok/status/1517412442023755776","753309366","arjunaskykok"
"1517373957741023232","Fri Apr 22 05:25:17 +0000 2022","0","YaAllah mau nyiptain keluarga yang bahagia biar nanti anak anak ku bahagia trus sosial ke orang orang disekitarnya juga bagus. Biar sehat mental anak anak ku nanti: (","1517373957741023232","","","in","","0","0","0","https://twitter.com/rissollesss/status/1517373957741023232","1268993570","rissollesss"
"1517348286151245824","Fri Apr 22 03:43:17 +0000 2022","0","#Salam SMRT Selamat atas ke usia ke 4 Tahun Sosial Media Response Team ( SMRT ) semoga semakin bersinar dengan bersatu kita kuat bersama kita hebat.. MUDIK AMAN MUDIK SEHAT https://t.co/hMUvM4v5IF","1517348286151245824","","","in","Bukit Batu, Indonesia","0","0","0","https://twitter.com/ksop_tgbutonII/status/1517348286151245824","1397743608887791629","ksop_tgbutonII"
"1517306068262846464","Fri Apr 22 00:55:31 +0000 2022","94","ini keterlaluan. entah siapa dibalik akun media sosial fasis bgini. cuma kalau narik garis ke belakang. model kampanye media sosial yg ga sehat begini mulanya saat pilkada DKI jokowi v foke. konsultan politik jokowi berhasil bikin jasmev tim sosial media cikal bakal buzzerp ","1517306068262846464","","","in","Meanjin, Turrbal Nation","4","1","49","https://twitter.com/tyan_yr/status/1517306068262846464","221622236","tyan_yr"
"1517271307355787264","Thu Apr 21 22:37:23 +0000 2022","0","Manfaat menyontek : 1. otot mata sehat 2. kreatifitas meningkat 3. Meningkatkn sosial teman 4. Nilai bagus 5. Melatih kecepatan gerak","1517271307355787264","","","in","","0","0","0","https://twitter.com/asihpriyati1/status/1517271307355787264","2191779301","asihpriyati1"
"1517093734126845952","Thu Apr 21 10:51:47 +0000 2022","6","Jangan menormalkan wajib vaksin. Kamu nggak tau risiko apa yg kamu ambil serta implikasinya baik jangka pendek maupun panjang. Serta bagaimana imbasnya terhadap aspek kehidupan khususnya sosial ekonomi dan kesehatan. Banyak cara agar bisa sehat tidak dengan pendekatan obat.","1517093734126845952","","","in","on the sea","2","0","3","https://twitter.com/clairvoyant_cl/status/1517093734126845952","1510927488146305025","clairvoyant_cl"
"1516968448907411461","Thu Apr 21 02:33:56 +0000 2022","0","gafollow selebgram gakepo instagram gapernah update kehidupan sosial enak damai tp kalo ngobrol jd ganyambung ama gosip terkini bodoamatlah yg penting mental gw sehat","1516968448907411461","","","in","Indonesia","0","1","1","https://twitter.com/OmDento/status/1516968448907411461","98631648","OmDento"
"1516927546528796672","Wed Apr 20 23:51:24 +0000 2022","4","Melalui pendidikan perempuan Kartini berkontribusi pd banyak bidang spt ekonomi sosial politik/kepemimpinan/pengambilan keputusan serta menginspirasi relasi yg sehat dgn #BersamaBerperan Yuk lanjutkan perjuangan Kartini dgn mendukung perempuan raih cita2nya. #KartiniDays https://t.co/pkhscqYk5X","1516927546528796672","https://pbs.twimg.com/media/FQ01j3laAAAHs-m.jpg","","in","Indonesia","1","0","4","https://twitter.com/lakilakibaru/status/1516927546528796672","197350988","lakilakibaru"
"1516780112548491265","Wed Apr 20 14:05:33 +0000 2022","1","Setop Main Media Sosial Bikin Lebih Sehat Mental https://t.co/8Y0TrLZoXC","1516780112548491265","","","in","Jakarta, Indonesia","0","0","1","https://twitter.com/Bisniscom/status/1516780112548491265","118646322","Bisniscom"
"1516761609171259402","Wed Apr 20 12:52:02 +0000 2022","0","Nanti so ada anak 1 baru baku sindir di sosial media ? Ngana sehat kita cuma lucu saja le. Bekeng jo apa saja bestie ","1516761609171259402","","","in","Poso, Sulawesi Tengah","0","0","0","https://twitter.com/aset0516/status/1516761609171259402","1288672434","aset0516"
"1516650983345901573","Wed Apr 20 05:32:27 +0000 2022","6","Yuk ikutan online community gathering bersama HMD Global &amp; Hellosehat 23 April jam 2 siang Topiknya FoMO (Fear of Missing Out) dan Tips Sehat Bermedia Sosial. Menangkan giveaway merchandise eksklusif dan Nokia earbuds. Daftar sekarang !! https://t.co/5djQaUx6QZ https://t.co/tTEM0OELBA","1516650983345901573","https://pbs.twimg.com/media/FQw6B_ZUUAIPKaQ.jpg","","in","Jakarta Capital Region, Indone","1","1","2","https://twitter.com/nokianesia/status/1516650983345901573","305676888","nokianesia"
"1516250239769796610","Tue Apr 19 03:00:02 +0000 2022","0","Sebagaimana diakui lebaran bukan hanya momen religius tapi juga momen sosial ekonomi. #MudikSehatNyaman Booster Mudik Sehat Nyaman https://t.co/ieweTx1Pmy","1516250239769796610","https://pbs.twimg.com/media/FQqyOSUVIAArv2X.jpg","","in","","0","0","0","https://twitter.com/GenUwo/status/1516250239769796610","1425715024484462592","GenUwo"
"1515899703845527552","Mon Apr 18 03:47:08 +0000 2022","0","[ UKM PSM UNM - PINISI CHOIR ] Halo semuanya! Semoga senantiasa sehat dan berada dibawah lindungan-Nya. Kembali lagi kami mengingatkan bahwa kami akan mengadakan Bakti Sosial pada: ️ : Senin 18 April 2022 ⏰ : 15.00 WITA : Panti Asuhan Harapan Mandiri https://t.co/a1pvgzpQeV","1515899703845527552","https://pbs.twimg.com/media/FQmOvdNVgAE5yw0.jpg","","in","Makassar, Indonesia","0","3","0","https://twitter.com/ChoirPinisi/status/1515899703845527552","1178535924835045376","ChoirPinisi"
"1515896074032259074","Mon Apr 18 03:32:42 +0000 2022","0","mulai tanggal 18 April 2022 pukul 12.00 WIB ya! Pastikan seluruh persyaratan sudah terpenuhi ya terutama pastikan sudah vaksin booster agar perjalanan mudiknya sehat dan nyaman. Pantau terus informasi mudik melalui akun media sosial Ditjen Perhubungan Laut. @budikaryas https://t.co/cX70yrxhNw","1515896074032259074","https://pbs.twimg.com/media/FQmLcNKaMAE-uDC.jpg","","in","KENDARI","0","0","0","https://twitter.com/disnav_kendari/status/1515896074032259074","833023225","disnav_kendari"
"1515895354327126016","Mon Apr 18 03:29:51 +0000 2022","0","Dibutuhkan kerjasama bersama baik dari pemerintah swasta lembaga sosial dan masyarakat dalam memahami makanan yang sehat","1515895354327126016","","","in","","0","0","0","https://twitter.com/yulmasi/status/1515895354327126016","68628435","yulmasi"
"1515800541036785669","Sun Apr 17 21:13:05 +0000 2022","2","Orang yg mengerti sumber informasi tidak akan terjebak oleh hoax berandalan orang yang hebat dalam sosial tidak akan kaku dalam pergaulan orang yang berilmu dia tahu mana yg baik mana yg buruk orang yang sehat jasmaninya bisa mengaplikasikan semua point di atas.","1515800541036785669","","","in","Cairo, Egypt","0","1","0","https://twitter.com/hisyam_muhamad9/status/1515800541036785669","1124693998885412865","hisyam_muhamad9"
"1515661664217014273","Sun Apr 17 12:01:15 +0000 2022","2","Amanah Rakyat dilakukan Dengan Sepenuh Hati Semua Celah kebocoran Anggaran pun ditutup rapat dengan Kebijakan Pro Keadilan Sosial Bagi Seluruh Rakyat Indonesia Hingga Dahsyatnya Pembangunan Hingga Duniapun Mengakuinya Sehat Dan Berkah Padhe @jokowi 🇲🇨🇲🇨🇲🇨","1515661664217014273","","","in","Indonesia","0","0","0","https://twitter.com/Kotjo3/status/1515661664217014273","1306651573536264193","Kotjo3"
"1515579542194188289","Sun Apr 17 06:34:55 +0000 2022","17","Ramadhan kali ini Aice kembali membagikan lebih dari 1000 es krim Aice Mochi sebagai hidangan penutup saat berbuka puasa kepada anak-anak yang tengah menghuni berbagai Panti Sosial dan Panti Asuhan di wilayah DKI Jakarta. #AiceMochiKlepon Berbagi Sehat Di Bulan Puasa. https://t.co/1pn7biSE5C","1515579542194188289","https://pbs.twimg.com/media/FQhrj8dVIAgcffR.jpg","","in","","0","10","14","https://twitter.com/Penyair_Berdiri/status/1515579542194188289","1240137086331748352","Penyair_Berdiri"
"1515381244460093445","Sat Apr 16 17:26:57 +0000 2022","0","jebol bea intern akademik sosial komunikasi sm ini itu aman dan makin baik famtime juga sehat walafiat smua aamiin","1515381244460093445","","","in","he/him","0","0","0","https://twitter.com/txtfromgalen/status/1515381244460093445","1342828250238578688","txtfromgalen"
"1515332863071494149","Sat Apr 16 14:14:42 +0000 2022","5","gvr! yg udah isi kuesioner bugemm ttg dampak daring pd khidupan sosial makasih banyaakkkkk yaaaaaaa!!!!!️️️️️️️️ smoga kita sukses slalu dn sehat slalu","1515332863071494149","","","in","+17’24","0","0","0","https://twitter.com/graverlos/status/1515332863071494149","1355449542179602437","graverlos"
"1515139159044009984","Sat Apr 16 01:25:00 +0000 2022","7","kenaikan harga BBM itu tujuannya baik supaya BUMN sehat toh juga pemerintah perhatian pada kebutuhan masyarakat melalui bantuan sosial dan masih banyak lagi lainnya. #DukungKenaikanBBM #BUMNHarusSehat https://t.co/6cHn92mei1","1515139159044009984","https://pbs.twimg.com/media/FQbbCNxaIAIPTd5.jpg","","in","","0","0","0","https://twitter.com/dwirama89009610/status/1515139159044009984","1196811513559781376","dwirama89009610"
"1514949178484436995","Fri Apr 15 12:50:05 +0000 2022","18","#KawanLaut Salam Ramadan Salam Sehat Selalu Kamis 14 April 2022 Pukul 17.00 WITA tepatnya di hari ke - 12 bulan Ramadan Kantor UPP Wanci bersama Dwp Kupp Wanci telah melaksanakan Giat Bakti Sosial Ramadan dengan berbagi takjil buka puasa. #DJPLKemenhub151 https://t.co/VlF3v3otz7","1514949178484436995","https://pbs.twimg.com/media/FQYt2r7VEAU8Yyd.jpg","","in","Wakatobi, Sulawesi Tenggara","0","15","11","https://twitter.com/KuppWanci/status/1514949178484436995","1085743493253746690","KuppWanci"
"1514624092237807622","Thu Apr 14 15:18:18 +0000 2022","19","#SahabatBahari Bulan Ramadan menjadi momen untuk berbagi dengan sesama. Guna mengasah kepekaan sosial BKIPM Padang membagikan 700 paket ikan sehat dan bermutu di 8 Kabupaten/Kota yang ada di Provinsi Sumatera Barat. https://t.co/rKZ2LBgN21","1514624092237807622","https://pbs.twimg.com/media/FQUGlNRUcAE5PZ-.jpg","","in","Gedung Mina Bahari II lantai 6,7,10  KKP Jakarta","0","3","1","https://twitter.com/bppmhkp/status/1514624092237807622","2990465502","bppmhkp"
"1514592286705074179","Thu Apr 14 13:11:55 +0000 2022","0","I'm all good guys. Masih sehat baik-baik saja dan alhamdulillah msh bisa bahagia. Beberapa minggu ini emang lg off dr media sosial krn lg fokus ngurusin sekolah karir dan usaha. Terima kasih sdh peduli nanyain kabar. Aku terharu kalian baik2 banget sih. Hehehehe","1514592286705074179","","","in","","0","0","0","https://twitter.com/kokoburnout_/status/1514592286705074179","291558763","kokoburnout_"
"1514468492136824834","Thu Apr 14 05:00:00 +0000 2022","1","Proses rehabilitasi narkoba merupakan upaya pemulihan dan pengembalian kondisi sehat baik sehat fisik sehat psikologis sehat sosial dan sehat secara spiritual. https://t.co/PHAqrtYbcZ","1514468492136824834","","","in","Jakarta","0","0","0","https://twitter.com/HukumOnline/status/1514468492136824834","125297822","HukumOnline"
"1514247514362642435","Wed Apr 13 14:21:55 +0000 2022","4","Lebih suka dikirimin makanan pas lagi sehat karena jauh lebih enjoyable. Gak mau dibesuk pas sakit karena gak suka terlihat lemah dan pucet gak cakep dan gak punya energi buat interaksi sosial. Untungnya punya teman pengertian dan gak mudah tesinggungan ️ https://t.co/33ZGRk9TWj","1514247514362642435","https://pbs.twimg.com/media/FQOwBw6aAAc36tr.jpg","","in","","0","3","1","https://twitter.com/nanirigby/status/1514247514362642435","1670052086","nanirigby"
"1514167262416019457","Wed Apr 13 09:03:01 +0000 2022","2","Yaktul. Nek kncone pancen toxic meh acara tahlilan mantenan reunian utowo silaturahmi lebaran tetep wae bakal ga sehat scr sosial dan mental wkwk","1514167262416019457","","","in","","0","0","1","https://twitter.com/iqbalfawzi3/status/1514167262416019457","894858362210328577","iqbalfawzi3"
"1514090092155252741","Wed Apr 13 03:56:23 +0000 2022","0","Diskominfo Sintang Bekali Pelajar SMKN 1 Sintang Tentang Bermedia Sosial yang Sehat https://t.co/cDkpMnBUpS","1514090092155252741","","","in","Jl Sungai Raya Dalam Kubu Raya","0","0","0","https://twitter.com/tribunpontianak/status/1514090092155252741","115936810","tribunpontianak"
"1513869561422098433","Tue Apr 12 13:20:04 +0000 2022","13","Wah Pak Presiden sy bahagia melihat Bapak sehat dan tetap tenang melaksanakan tugas negara. Semoga Bapak tahu betapa perjuangan menjaga Bapak di media sosial oleh akun² pro NKRI akun² penjaga kehormatan bangsa dlm hari² ini begitu kuat. Dlm perjuangan itu sy jg bersedih.","1513869561422098433","","","in","Jakartovice, Česká republika","1","2","4","https://twitter.com/Utara99912/status/1513869561422098433","1443088672518139908","Utara99912"
"1513717385811099658","Tue Apr 12 03:15:22 +0000 2022","3","GET TO KNOW BEBASIN PART #2 Hai Prajurit Sosial! Apa kabar nih? Semoga sehat-sehat selalu yaa Wah ga kerasa sebentar lagi akan ada BEBASIN 2022 loh!! https://t.co/BVNOTVOoGa","1513717385811099658","https://pbs.twimg.com/media/FQHN7oSaUAAVgE8.jpg","","in","Gd.Student Centre No.30","0","1","1","https://twitter.com/PESOS_UNDIP/status/1513717385811099658","1149496886","PESOS_UNDIP"
"1513694462131720197","Tue Apr 12 01:44:17 +0000 2022","0","Hidup sehat dengan puasa upaya pengembangan sehat spiritual mental fisik dan sosial https://t.co/OjL7XqQd4C","1513694462131720197","","","in","Indonesia","0","0","0","https://twitter.com/penjelajah749/status/1513694462131720197","702788131","penjelajah749"
"1513492576367972354","Mon Apr 11 12:22:04 +0000 2022","9","Stigmatisasi kadrun dan cebong sudah membawa ke segregasi sosial politik yang tidak sehat. Saatnya dikubur dalam-dalam dan diganti dengan diskursus politik yang lebih berwarna tidak hitam putih.","1513492576367972354","","","in","Jakarta","0","5","4","https://twitter.com/Bekahapsara/status/1513492576367972354","287525430","Bekahapsara"
"1513483928333873153","Mon Apr 11 11:47:42 +0000 2022","1","Secara rohaniah politik itu tidak sehat selama ada nafsu berkuasa yang mempengaruhi akal sehat selama jasad kita bertubuh sosial maka ada pembasuh najis hawa nafsu kekuasaan yang bertujuan demi sahwat politik tanpa etika","1513483928333873153","","","in","DKI Jakarta, Indonesia","0","1","0","https://twitter.com/SalimSuryadiPe1/status/1513483928333873153","1164824401646243840","SalimSuryadiPe1"
"1513411655308562432","Mon Apr 11 07:00:31 +0000 2022","1","Dalam rangka penyebaran Informasi dan Edukasi kepada masyarakat melalui Media Online yaitu Diseminasi tentang P4GN BNNK Bengkulu Selatan melakukan Pembuatan Konten Informasi Edukasi melalui Media Sosial Facebook Twitter dan Instagram dengan tema Tips Berpuasa Sehat. #warondrugs https://t.co/tGbD0CPmeB","1513411655308562432","https://pbs.twimg.com/ext_tw_video_thumb/1513411608898580481/pu/img/WhalI-hCapD101ax.jpg","","in","Manna, Indonesia","0","0","0","https://twitter.com/BNNK_BS/status/1513411655308562432","1349557618675617793","BNNK_BS"
"1513335611276804097","Mon Apr 11 01:58:20 +0000 2022","1","Udah paling bener dan sehat menjauh dari segala lini media sosial","1513335611276804097","","","in","Southern Hemisphere","0","1","0","https://twitter.com/_tomoekky/status/1513335611276804097","39706462","_tomoekky"
"1513193330397523969","Sun Apr 10 16:32:58 +0000 2022","0","Dari jadwal imam ngisi ceramah kegiatan sosial cuma pengen satu tolong sehat wahai diri ini ","1513193330397523969","","","in","Bandung","0","0","0","https://twitter.com/firmanbungsu93/status/1513193330397523969","1153970424","firmanbungsu93"
"1513140681849847808","Sun Apr 10 13:03:46 +0000 2022","0","keanya harus mulai deactivate dulu ni semua app2 sosial. Mulai gag sehat hehehhehehehehe","1513140681849847808","","","in","Jakarta - Tangerang","0","0","0","https://twitter.com/biyumudah/status/1513140681849847808","888323324362711040","biyumudah"
"1513084852610138117","Sun Apr 10 09:21:55 +0000 2022","1","Seorang anak Upload foto orang tuanya yg sedang naik haji / berada di Mekah terus di wenehi kepsen (SEHAT SELALU BAPAK IBU KU ) itu adalah orang yg sedang pamer di sosial media kalau bapak ibunya wes mangkat kaji hahahahhaha jembuuuuuut kontol tempik hahahah ....!!!!!.","1513084852610138117","","","in","Semarang Selatan, Indonesia","0","0","0","https://twitter.com/Sabik_Siregar54/status/1513084852610138117","1259952861925916672","Sabik_Siregar54"
"1513077769521221633","Sun Apr 10 08:53:46 +0000 2022","2","yaallah makasih bangett buat nikmat yg Engkau berikan sampe saat ini: finansial kecukupan urusan lancar keluarga sehat&amp;support hub.sosial selalu oke: dg sodara tetangga temen diketemuin sama orang yg baik &amp;masih byk lagii. sumpah kadang terharu sendiri Allah baik bgt","1513077769521221633","","","in","Yogyakarta, Indonesia","0","0","1","https://twitter.com/daunkuning7/status/1513077769521221633","1300944113349451778","daunkuning7"
"1513003215515578376","Sun Apr 10 03:57:31 +0000 2022","0","Dijaga dilindungi dan tak perlu izin. Tpi upaya2 pembatalan terus dilakukan salah satunya melalui pembajakan sosial media pihak2 Ybs.Jadi ini yang namanya Demokrasi? Dipaksa Sehat di Negara yang Sakit.","1513003215515578376","","","in","DKI Jakarta, Indonesia","0","0","0","https://twitter.com/ganarmdhn/status/1513003215515578376","4757391673","ganarmdhn"
"1512875770003165184","Sat Apr 09 19:31:06 +0000 2022","0","OYO.. LAH.. PAK MENTRI YG MASIH BERAKAL SEHAT TAMPA RAGU2 MENUNJUKAN KEMUAKAN2MU ATAS TERSANDRA VISI MISI KALIAN TUK BANGSA DAN NEGARAMU SEBAGAI BAKTI SUCIMU KEPADA PARA PEJUANG2 KEMERDEKAAN NEGARA AGAR KEADILAN SOSIAL DENGAN BERADAB NYA.. KE MANUSIA'AN Jangan Biadab Lah ","1512875770003165184","","","in","","0","0","0","https://twitter.com/AbdulDhoib/status/1512875770003165184","1496534049623797761","AbdulDhoib"
"1512874696886214656","Sat Apr 09 19:26:50 +0000 2022","0","OYO.. LAH.. PAK MENTRI YG MASIH BERAKAL SEHAT TAMPA RAGU2 MENUNJUKAN KEMUAKAN KALIAN ATAS TERSANDRA NYA VISI MISI KALIAN UNTUK BANGSA &amp; NEGARAMU SEBAGAI BAKTI SUCIMU KEPADA PARA PEJUANG2 KEMERDEKAAN NEGARA AGAR KEADILAN SOSIAL DENGAN BERADAB NYA.. KE MANUSIA'AN","1512874696886214656","","","in","","0","0","0","https://twitter.com/AbdulDhoib/status/1512874696886214656","1496534049623797761","AbdulDhoib"
"1512811434765271042","Sat Apr 09 15:15:27 +0000 2022","0","Tetep aja ngerasa sendiri. Sakit sehat senang sedih.. kadang media sosial udah jadi tempat yang tepat buat cerita.","1512811434765271042","","","in","Flower city🌹","0","0","0","https://twitter.com/hwappy_mom/status/1512811434765271042","466437009","hwappy_mom"
"1512370751596244994","Fri Apr 08 10:04:20 +0000 2022","6","Dari berulang pengalaman yang lalu siapa yang bisa menjamin dana bantuan sosial tepat sasaran tidak tercecer? BLT Migor Rp 6 9 triliun ini proyek gak sehat resiko besar bebani negara. Kasihan rakyat minta harga murah saja harus dicegah https://t.co/wqUS9Fh7S0","1512370751596244994","","","in","Indonesia 🇲🇨","0","1","3","https://twitter.com/NeoNetizen/status/1512370751596244994","833728581633196033","NeoNetizen"
"1512308579209920515","Fri Apr 08 05:57:17 +0000 2022","1","Tujuan utama dari SKKNI Sanitarian itu tidak lain untuk mewujudkan kualitas lingkungan yang sehat baik dari aspek fisik kimia biologi maupun sosial dalam upaya pencegahan penyakit dan/atau gangguan kesehatan dari faktor risiko lingkungan. https://t.co/HHGM9WLAZA","1512308579209920515","","","in","Indonesia","0","0","0","https://twitter.com/ardadinata/status/1512308579209920515","233059769","ardadinata"
"1512242755782660099","Fri Apr 08 01:35:43 +0000 2022","0","[PRESS RELEASE NGOPILAH #4 : NGOBROLIN PENELITIAN ILMIAH (NGOPILAH) BIDANG SOSIAL] Assalamualaikum Warahmatullahi Wabarakatuh Hallo young researchers! Gimana nih kabarnya? Semoga sehat selalu ya! https://t.co/Z8OUfbxtlJ","1512242755782660099","https://pbs.twimg.com/media/FPyQVxVVEAQjpXa.jpg","","in","Gd. G lantai 1 R 106 Kampus A","0","1","0","https://twitter.com/KPM_UNJ/status/1512242755782660099","809894318","KPM_UNJ"
"1512041494193983489","Thu Apr 07 12:15:59 +0000 2022","9","dalam 1 bulan kedepan akun ini akan lebih random dri biasanya akan lebih banyak ngeluh dan misuh2 klo keganggu bub aja ya isinya yaitu cerita mahasiswi semester 6 yg sambil bekerja lalu ikut brevet juga marching band juga dan kegiatan sosial lainnya cuma minta sehat aja.","1512041494193983489","","","in","","0","11","0","https://twitter.com/christinaaa7_/status/1512041494193983489","3072852818","christinaaa7_"
"1512009302273187846","Thu Apr 07 10:08:04 +0000 2022","0","[HARI KESEHATAN INTERNASIONAL] Halo Kawan Nyentrik! Selamat memperingati Hari Kesehatan Internasional. Kesehatan tidak hanya fisik tetapi juga emosional mental dan sosial. Mari tanamkan semua nilai dan pola hidup sehat di kehidupan sehari-hari https://t.co/O8LHXcyx10","1512009302273187846","https://pbs.twimg.com/media/FPu8cVVVIAQPKpn.jpg","","in","Universitas Negeri Malang","0","0","0","https://twitter.com/bemfipum/status/1512009302273187846","1226906780","bemfipum"
"1511908532144132098","Thu Apr 07 03:27:38 +0000 2022","2","[SELAMAT MEMPERINGATI HARI KESEHATAN SEDUNIA] ‍Sekedar Info: Menurut WHO sehat adalah keadaan sempurna secara fisik mental serta sosial dan *tidak hanya terbebas dari penyakit dan kecacatan*. Sehat merupakan hak yang paling mendasar oleh setiap orang. https://t.co/z238LWYILx","1511908532144132098","https://pbs.twimg.com/media/FPtgy1aUcAQi5_W.jpg","","in","Makassar, Indonesia","0","1","0","https://twitter.com/formakesmas_uh/status/1511908532144132098","1490018132068487170","formakesmas_uh"
"1511735186907877376","Wed Apr 06 15:58:49 +0000 2022","0","tikod tidak sehat.. ga se media sosial kabeh","1511735186907877376","","","in","Mojokerto, Jawa Timur","0","1","0","https://twitter.com/urwaipee/status/1511735186907877376","1263489985975476232","urwaipee"
"1511647052979400709","Wed Apr 06 10:08:37 +0000 2022","10","Assalamualaikum sobat Gimana kabarnya hari ini? Semoga kalian bahagia dan sehat selalu yaaa Senyum Ramadhan kembali mengadakan kegiatan sosial yang berlokasi di Griya Yatim dan Dhuafa Kebayoran Baru Jakarta Selatan. #JKT48 #SenyumRamadhan https://t.co/Lrutt7LMYH","1511647052979400709","https://pbs.twimg.com/media/FPpy-YhaUAEQWKU.jpg","","in","Indonesia","0","1","2","https://twitter.com/_Xskip/status/1511647052979400709","1432350615796027395","_Xskip"
"1511506987821191169","Wed Apr 06 00:52:02 +0000 2022","1","Guna mewujudkan wilayah desa binaan yang sehat Danramil 11/Depok Mayor Inf Nurhadi Suswanto melaksanakan Komunikasi sosial (Komsos) bersama dengan Kepala Puskesmas Depok 2 (Srimujianto) dalam rangka Kordinasi pelaksanaan Vaksinasi Covid 19'.Selasa (5/4/2022) https://t.co/oP7dSnKFix","1511506987821191169","https://pbs.twimg.com/media/FPnzl-VaQAMbVeU.jpg","","in","","0","0","0","https://twitter.com/Lantari7/status/1511506987821191169","1247383922767327232","Lantari7"
"1511455145099669504","Tue Apr 05 21:26:02 +0000 2022","1","Sleman - Guna mewujudkan wilayah desa binaan yang sehat Danramil 11/Depok Mayor Inf Nurhadi Suswanto melaksanakan Komunikasi sosial (Komsos) bersama dengan Kepala Puskesmas Depok 2 (Srimujianto) dalam rangka Kordinasi pelaksanaan Vaksinasi Covid 19'.Selasa (5/4/2022) https://t.co/XeBNKcxhjl","1511455145099669504","https://pbs.twimg.com/media/FPnEcCQacAAKmQn.jpg","","in","","0","0","0","https://twitter.com/Koramil12Mlati/status/1511455145099669504","1356059255183269891","Koramil12Mlati"
"1511439224175837187","Tue Apr 05 20:22:46 +0000 2022","0","Sleman - Guna mewujudkan wilayah desa binaan yang sehat Danramil 11/Depok Mayor Inf Nurhadi Suswanto melaksanakan Komunikasi sosial (Komsos) bersama dengan Kepala Puskesmas Depok 2 (Srimujianto) dalam rangka Kordinasi pelaksanaan Vaksinasi Covid 19'.Selasa (5/4/2022) https://t.co/GiK8MC8hFC","1511439224175837187","https://pbs.twimg.com/media/FPm19MAaIAAjlwi.jpg","","in","","0","0","0","https://twitter.com/DepokKoramil/status/1511439224175837187","1367006483276128257","DepokKoramil"
"1511255133568397313","Tue Apr 05 08:11:16 +0000 2022","0","Setelah didiagnosa tapi dalam satu minggu lingkaran pelangi di lampu menghilang gitu aja mungkin presentase indikator penyebab munculnya penyakit : Spritual 50% Psikis 25% Sosial 15% Fisik 10% Intinya kalo ingin sehat harus ada power : 1. Doa 2. Duit 3. Dokter","1511255133568397313","","","in","Indonesia ","0","0","0","https://twitter.com/TutySusanti/status/1511255133568397313","530977501","TutySusanti"
"1511222098898915333","Tue Apr 05 06:00:00 +0000 2022","4","Sebuah proyek di Recife Brasil🇧🇷 berinvestasi dalam #pertanian organik untuk mengurangi kelaparan dan mempromosikan akses ke #makanan sehat. Keberlanjutan 'sosial hijau' bisa meningkatkan kesejahteraan bagi seluruh keluarga. | Via @dw_environment https://t.co/4012uCmQ0W","1511222098898915333","https://pbs.twimg.com/amplify_video_thumb/1508348250545442821/img/KGAd9LXS4OEhg-Dz.jpg","","in","Bonn, Jerman","0","0","1","https://twitter.com/dw_indonesia/status/1511222098898915333","150581612","dw_indonesia"
"1511203758402801665","Tue Apr 05 04:47:07 +0000 2022","1","#ASRI Alami Sehat dan Praktis w / DIAN SAVITRI Permainan yang Melibatkan Sosial Emosional Anak Usia Dini https://t.co/ZDLTHTK9eg","1511203758402801665","","","in","WR. Mongonsidi No.4B Padang","0","0","0","https://twitter.com/radioboosfm/status/1511203758402801665","345185939","radioboosfm"
"1511153306345025536","Tue Apr 05 01:26:38 +0000 2022","1","Bincang Sehat @RakaFMBandung bersama #RSHS dlm talkshow live streaming di https://t.co/5YATADS6RJ dgn tema : ''LAYANAN SOSIAL MEDIK PADA DISABILITAS DI RUMAH SAKIT'' Narsum Dra.Ardiah Nursyanti Supriadi Hari ini jam 10.00-11.00 ada live IG &amp; dpt didengarkan di 98 8 Raka FM Bdg https://t.co/YfINV0dTtb","1511153306345025536","https://pbs.twimg.com/media/FPiuz3hacAIX2ME.jpg","","in","Bandung","0","0","0","https://twitter.com/rshsbdg/status/1511153306345025536","874755092","rshsbdg"
"1511012770476888067","Mon Apr 04 16:08:12 +0000 2022","0","Aku ngikutin media sosial jogokaryan 3 tahun belakangan. Dari menu berbuka puasa sehari seribu porsi sekarang bisa tembus 3 ribu porsi. Gendeng Ra? Menu makannya ndak kaleng2 cuyyy... Sehat masakan Dari warga Jogokaryan. Semua gotong royong","1511012770476888067","","","in","Indonesia","0","1","0","https://twitter.com/fotodeka/status/1511012770476888067","761494284","fotodeka"
"1510939517720870915","Mon Apr 04 11:17:07 +0000 2022","0","Halo Sahabat Prodia! Yuk #JogetSehat Jelas Diandalkan Selain seru dan bikin sehat. Dapatkan kesempatan untuk meraih uang THR senilai total 2 5 juta rupiah untuk 5 orang pemenang! Untuk informasi selengkapnya pantengin terus postingan di media sosial Prodia ya! https://t.co/e413hyC1oY","1510939517720870915","https://pbs.twimg.com/media/FPfvebJaUAk4ku3.jpg","","in","Indonesia","0","0","0","https://twitter.com/Prodia_Lab/status/1510939517720870915","248509631","Prodia_Lab"
"1510839105042935809","Mon Apr 04 04:38:07 +0000 2022","9","Vaksin dosis penuh dan booster penting agar kita semakin siap beraktivitas secara sehat dan optimal. Mari kita penuhi dosis vaksinasi lengkap maupun booster sebelum menjalankan kegiatan sosial berskala besar seperti mudik🇮🇩 @airlangga_hrt https://t.co/gvhliIai3M","1510839105042935809","https://pbs.twimg.com/media/FPeUIOZacAAbzUv.jpg","","in","","0","1","8","https://twitter.com/Anaksenjaa_/status/1510839105042935809","1273477209999593472","Anaksenjaa_"
"1510806391958646784","Mon Apr 04 02:28:07 +0000 2022","0","Menteri Sosial menyiapkan wadah sebagai pusat aktivitas belajar dan memperkuat edukasi serta pengetahuan warga di Papua Booster Mudik Sehat https://t.co/sExFPhbYGp","1510806391958646784","https://pbs.twimg.com/media/FPdyQAeUYAAIri_.jpg","","in","","0","0","0","https://twitter.com/NengsihSuriyani/status/1510806391958646784","1400370716961239042","NengsihSuriyani"
"1510805162448678912","Mon Apr 04 02:23:14 +0000 2022","0","Menteri Sosial menyiapkan wadah sebagai pusat aktivitas belajar dan memperkuat edukasi serta pengetahuan warga di Papua Booster Mudik Sehat https://t.co/UivMnDZ0ir","1510805162448678912","https://pbs.twimg.com/media/FPdyQAeUYAAIri_.jpg","","in","","0","0","0","https://twitter.com/babaysuhani/status/1510805162448678912","1399327287959429122","babaysuhani"
"1510801821584953344","Mon Apr 04 02:09:58 +0000 2022","0","Menteri Sosial menyiapkan wadah sebagai pusat aktivitas belajar dan memperkuat edukasi serta pengetahuan warga di Papua Booster Mudik Sehat https://t.co/PtxL815EHh","1510801821584953344","https://pbs.twimg.com/media/FPdyQAeUYAAIri_.jpg","","in","East Borneo, Indonesia","0","0","0","https://twitter.com/AMeliantini/status/1510801821584953344","1347656281218187265","AMeliantini"
"1510659613464883201","Sun Apr 03 16:44:53 +0000 2022","0","hari ini kegiatan ku adalah mantengin sosial media mu aseekk kmu keren hari ini langsung bersih* istirahat yaa sehat sehat slalu dede @A_ChristyJKT48 #hwaitingchristy #ChriStory","1510659613464883201","","","in","Bucinnya Lord Christoy","0","0","0","https://twitter.com/xxxapdkrn/status/1510659613464883201","1396512977864380419","xxxapdkrn"
"1510625250819862530","Sun Apr 03 14:28:20 +0000 2022","0","terlalu sering mantengin media sosial ga sehat juga.","1510625250819862530","","","in","indonesia","0","0","0","https://twitter.com/cumikerin/status/1510625250819862530","1098090763416526848","cumikerin"
"1510561336987512832","Sun Apr 03 10:14:22 +0000 2022","4","Sejak usia dini anak-anak kita perlu dilatih berpuasa Ramadhan. Pasti lapar haus loyo &amp; lemes ya Latihan fisik mental agar kalian menjadi sehat kuat berempati sosial menjadi manusia bertakwa. Kaum dulu juga oleh Allah Swt diperintah untuk berpuasa. Sekarang kita. https://t.co/c6L1AbDnLX","1510561336987512832","https://pbs.twimg.com/ext_tw_video_thumb/1510561305417068548/pu/img/kX2xs2OooQ5_8L3z.jpg","","in","Jakarta,  Indonesia","0","1","1","https://twitter.com/vivayogamauladi/status/1510561336987512832","264301708","vivayogamauladi"
"1510534801580720131","Sun Apr 03 08:28:55 +0000 2022","1","Hallo #sobATRBPN Pringsewu Selamat Hari Ulang Tahun Pringsewu yang Ke-13. Sukses selalu dalam membangun Masyarakat Pringsewu sehat bangkit dan Pulihkan Ekonomi. #SobATRBPN Pringsewu ikuti dan pantau terus media sosial Kantor Pertanahan Kabupaten Pringsewu https://t.co/diIL3ZxUyf","1510534801580720131","https://pbs.twimg.com/media/FPZ_ZXpUcAAOyEK.jpg","","in","Pringsewu, Indonesia","0","1","0","https://twitter.com/kantahpringsewu/status/1510534801580720131","1070158749745111041","kantahpringsewu"
"1510529638749339648","Sun Apr 03 08:08:24 +0000 2022","8","Kangen jinnie udah lama ga update di media sosial. Sehat sehat hyung kesayangan Bangtan #WeLoveYouJin WE MISS YOU JIN https://t.co/YVXcxAfJ1B","1510529638749339648","https://pbs.twimg.com/media/FPZ6r8QaUAIDldx.jpg","","in","Sukabumi, Jawa Barat","0","0","1","https://twitter.com/Soffa_sofia/status/1510529638749339648","823118802","Soffa_sofia"
"1510240643657785348","Sat Apr 02 13:00:03 +0000 2022","0","Dukung misi Bobobox suarakan pentingnya gaya hidup sehat serta wujudkan misi sosial-ekonomi &amp; bawa dampak positif bagi negeri. https://t.co/UhmtASKWUT","1510240643657785348","","","in","Jakarta Selatan, DKI Jakarta","0","0","1","https://twitter.com/JurnalApps/status/1510240643657785348","764018087205089280","JurnalApps"
"1510182646672142340","Sat Apr 02 09:09:35 +0000 2022","2","Berbukalah dgn yg sehat bukan yg manis. Kata @harari_yuval lebih banyak orang mati karna diabetes daripada karna kelaparan. Kita tidak akan kelaparan karna jaring pengaman sosial sudah lumayan mapan. Tapi kita bisa kena diabetes kalo buka pake yg manis2.","1510182646672142340","","","in","","0","0","0","https://twitter.com/Harari133/status/1510182646672142340","1382609893010526210","Harari133"
"1510167799691284480","Sat Apr 02 08:10:35 +0000 2022","0","[ OPEN DONASI MARKISA: RAMADHAN EDITION] Marhaban yaa Ramadhan! Halo prajurit sosial! Markisa (Mari Kita Makan Sehat) yaitu program kerja Divisi Aksi yang kegiatannya berbagi makanan sehat (4 sehat 5 sempurna) untuk berbuka puasa kepada masyarakat yang membutuhkan. https://t.co/gRpDsxT1zL","1510167799691284480","https://pbs.twimg.com/media/FPUxmcAVQAEBwWn.jpg","","in","Semarang","0","2","1","https://twitter.com/lpmopini/status/1510167799691284480","242283401","lpmopini"
"1510144006369726465","Sat Apr 02 06:36:02 +0000 2022","1","Assalamualaikum Salam sehat semua... Dalam Rangka Menyambut *_BULAN SUCI RAMADHAN_ * Mari kita ramaikan media sosial dengan menggunakan twibbon resmi *Partai Persatuan Pembangunan*. _*Link Twibbon*_ https://t.co/QB3I3q7KvC (Putih) https://t.co/dbsxIMt5tJ (Hijau) https://t.co/tyD1cuH0iK","1510144006369726465","https://pbs.twimg.com/media/FPUb922aMAUI6oS.jpg","","in","Bandung","0","0","0","https://twitter.com/GitaWidyasanty/status/1510144006369726465","1576767409","GitaWidyasanty"
"1510143924006158337","Sat Apr 02 06:35:43 +0000 2022","1","Assalamualaikum Salam sehat semua... Dalam Rangka Menyambut *_BULAN SUCI RAMADHAN_ * Mari kita ramaikan media sosial dengan menggunakan twibbon resmi *Partai Persatuan Pembangunan*. _*Link Twibbon*_ https://t.co/QB3I3q7KvC (Putih) https://t.co/dbsxIMt5tJ (Hijau) https://t.co/c0avXBplOS","1510143924006158337","https://pbs.twimg.com/media/FPUb4xDakAAoMpp.jpg","","in","Bandung","0","0","0","https://twitter.com/GitaWidyasanty/status/1510143924006158337","1576767409","GitaWidyasanty"
"1510023555156946944","Fri Apr 01 22:37:25 +0000 2022","0","Manfaat menyontek : 1. otot mata sehat 2. kreatifitas meningkat 3. Meningkatkn sosial teman 4. Nilai bagus 5. Melatih kecepatan gerak","1510023555156946944","","","in","","0","0","0","https://twitter.com/asihpriyati1/status/1510023555156946944","2191779301","asihpriyati1"
"1509977271108444163","Fri Apr 01 19:33:30 +0000 2022","1","Edukasi Bincang Sehat RS Siloam Bahas Peran Keluarga Ciptakan Harmoni Sosial #Sindonews #BukanBeritaBiasa .https://t.co/Nd3ZGA8gGm","1509977271108444163","","","in","Jakarta Pusat, DKI Jakarta","0","2","0","https://twitter.com/SINDOnews/status/1509977271108444163","231355136","SINDOnews"
"1509793557728542725","Fri Apr 01 07:23:29 +0000 2022","0","gowes sehat irup Udara Seger Bersih dgn view Sawah Situ POON Rindang...SAIKS dab! follow media sosial saya: -twitter: @cepu_supriyanto -FB Fanpage: Cepu Supriyanto -IG: cepusupriyantoid -Youtube: Cepu Supriyanto -WA: 0811266332 #AdaptasiKebiasaanBaru #GowesSAIKS #SADEL30 https://t.co/YCT9fFarfu","1509793557728542725","https://pbs.twimg.com/media/FPPdOgTUYAAyL9a.jpg","","in","desa berbah-jogjakarta","0","0","0","https://twitter.com/cepu_supriyanto/status/1509793557728542725","147054445","cepu_supriyanto"
