"conversation_id_str","created_at","favorite_count","full_text","id_str","image_url","in_reply_to_screen_name","lang","location","quote_count","reply_count","retweet_count","tweet_url","user_id_str","username"
"1211716013177417729","Mon Dec 30 18:29:44 +0000 2019","1","Di sosial media kalah Perang opini sehat akan mengisolasi aqidah yang benar menjadi sesat dan radikal Selogan dibawa ini salah sebuah narasi yang salah pada hakikat sejarah menjastifikasi bahwa tahun baru masehi bukan bagian tahun baru kita ironinya haram untuk kita rayakan https://t.co/h67loHmZfQ","1211716013177417729","https://pbs.twimg.com/media/ENDhSluUUAgiitc.jpg","","in","Sukra 1, Indonesia","0","0","0","https://twitter.com/KramaWijaya8/status/1211716013177417729","1199380327774339072","KramaWijaya8"
"1211710365630750720","Mon Dec 30 18:07:18 +0000 2019","0","Manfaat menyontek : 1. otot mata sehat 2. kreatifitas meningkat 3. Meningkatkn sosial teman 4. Nilai bagus 5. Melatih kecepatan gerak","1211710365630750720","","","in","","0","0","0","https://twitter.com/asihpriyati1/status/1211710365630750720","2191779301","asihpriyati1"
"1211581903175860224","Mon Dec 30 09:36:50 +0000 2019","0","Akibat perkembangan teknologi kita jadi anti sosial. Benarkah? A &amp; O Magazine majalah psikologi tentang dunia kerja https://t.co/JnvLd2zf7K #majalah #psikologi #karir #motivasi #sehat #sukses #bahagia #gratis #internet #online #konsultasipsikologi #terapi #Motivation #Indonesia https://t.co/aW7FBpLuch","1211581903175860224","https://pbs.twimg.com/media/ENBnUQZXsAAyrJd.jpg","","in","Indonesia","0","1","0","https://twitter.com/aandomag/status/1211581903175860224","920160678979211264","aandomag"
"1211572632673497088","Mon Dec 30 09:00:00 +0000 2019","0","Masa sih media sosial bisa bikin keuangan milenial jadi gak sehat. Yuk cari tau di sini. #SolusiKeuangan #MelekDuit #MelekKeuangan https://t.co/atAxwceSPa","1211572632673497088","","","in","Indonesia","0","0","0","https://twitter.com/smartmoney_co/status/1211572632673497088","2837798976","smartmoney_co"
"1211508794435366912","Mon Dec 30 04:46:19 +0000 2019","4","Di sosial media komen dengan pujian tapi di kehidupan nyatanya dia menghujat orang tersebut. Cuma mau bilang kamu sehat? ","1211508794435366912","","","in","","1","0","0","https://twitter.com/diazrizkyyy/status/1211508794435366912","1171474618990809089","diazrizkyyy"
"1211483881473372160","Mon Dec 30 03:07:20 +0000 2019","0","Manfaat menyontek : 1. otot mata sehat 2. kreatifitas meningkat 3. Meningkatkn sosial teman 4. Nilai bagus 5. Melatih kecepatan gerak","1211483881473372160","","","in","","0","0","0","https://twitter.com/asihpriyati1/status/1211483881473372160","2191779301","asihpriyati1"
"1211430031957708800","Sun Dec 29 23:33:21 +0000 2019","4","Kebanyakan cewe pasti bilangnya ga suka cowo perokok dengan alasan ga sehat ga sayang badan. Tapi pas bang jep yg narkoba cewe2 terima2 aja. Udah lah cewe2 ga usah banyak bacot ga sayang diri sendiri lah apalah emang semuanya balik lagi ke muka sama status sosial kan?!","1211430031957708800","","","in","Indonesia","1","4","2","https://twitter.com/mans_noel/status/1211430031957708800","1194138622833745920","mans_noel"
"1211257382421970946","Sun Dec 29 12:07:18 +0000 2019","0","Manfaat menyontek : 1. otot mata sehat 2. kreatifitas meningkat 3. Meningkatkn sosial teman 4. Nilai bagus 5. Melatih kecepatan gerak","1211257382421970946","","","in","","0","0","0","https://twitter.com/asihpriyati1/status/1211257382421970946","2191779301","asihpriyati1"
"1211183799238705153","Sun Dec 29 07:14:55 +0000 2019","0","Nasehat yg bagus: Mereka yg lebih terkoneksi secara sosial dengan keluarganya teman-temannya &amp; komunitasnya itu lebih berbahagia hidupnya. Mereka secara fisik lebih sehat hidup lebih lama drpd mereka yg lebih sedikit berkoneksi dengan baik. #MerryChristmas2019 #LoveWins","1211183799238705153","","","in","Jakarta, Indonesia","0","0","0","https://twitter.com/YurikaAgustina/status/1211183799238705153","88869591","YurikaAgustina"
"1211164338964156416","Sun Dec 29 05:57:35 +0000 2019","1","Kami hanya bisa bersuara lewat sosial media .. Kami yakin ibu @susipudjiastuti bisa menjadi jembatan kepada pak @jokowi untuk segera menuntaskan masalah ini ... Sehat selalu ya bu ...","1211164338964156416","","","in","Jawa Barat, Indonesia","0","0","0","https://twitter.com/djagahutan/status/1211164338964156416","1129119650569105409","djagahutan"
"1211092890820079616","Sun Dec 29 01:13:40 +0000 2019","0","Toxic kalau too much kalau biasa mah wajah karna manusia itu manusiawi bila merasa insecure dalam hidupnya asal yah asal kitanya bisa manange biar ttp jadi sehat jiwa raga dan sosial .","1211092890820079616","","","in","🐸🐵 ","0","0","0","https://twitter.com/bluepurplee_/status/1211092890820079616","1203356223979962372","bluepurplee_"
"1211030892975575040","Sat Dec 28 21:07:19 +0000 2019","0","Manfaat menyontek : 1. otot mata sehat 2. kreatifitas meningkat 3. Meningkatkn sosial teman 4. Nilai bagus 5. Melatih kecepatan gerak","1211030892975575040","","","in","","0","0","0","https://twitter.com/asihpriyati1/status/1211030892975575040","2191779301","asihpriyati1"
"1210953508389699584","Sat Dec 28 15:59:49 +0000 2019","202","Segala perbuatan pasti mendatangkan hasil... Surprise di penghujung tahun 2019 mendapat follback dari pak Menteri Sosial @juliaribatubara merupakan hadiah natal 2019 &amp; tahun baru 2020 yg luar biasa. Terima kasih pak selalu sehat dan terus mengabdi bagi NKRI R A H A Y U https://t.co/qhxHGWQJYn","1210953508389699584","https://pbs.twimg.com/media/EM4ry0bVUAUTEV1.jpg","","in","Kahyangan Daksinapati ","4","36","28","https://twitter.com/wisanggeni_084/status/1210953508389699584","112953652","wisanggeni_084"
"1210851775902699520","Sat Dec 28 09:15:34 +0000 2019","0","berkehidupan sosial yang sehat diawali dengan senyuman","1210851775902699520","","","in","DKI Jakarta, Indonesia","0","0","0","https://twitter.com/Mochhamsyah/status/1210851775902699520","1078011948627718145","Mochhamsyah"
"1210834196576395264","Sat Dec 28 08:05:43 +0000 2019","1","lagi ngerokok diluar gedung ada anak kecil nanyak mas kok ngerokok gak sehat lo . ngisep dalem buang asap keatas sambil jawab iya dek ortunya bner ngajarin tapi nanti klo udh umr 20 thn diinget racun rkok gk sbrpa dri racun sosial ya . buang rkok kbawah diinjek kabur.","1210834196576395264","","","in","","0","3","0","https://twitter.com/player22nd/status/1210834196576395264","391900534","player22nd"
"1210804401343889408","Sat Dec 28 06:07:19 +0000 2019","0","Manfaat menyontek : 1. otot mata sehat 2. kreatifitas meningkat 3. Meningkatkn sosial teman 4. Nilai bagus 5. Melatih kecepatan gerak","1210804401343889408","","","in","","0","0","0","https://twitter.com/asihpriyati1/status/1210804401343889408","2191779301","asihpriyati1"
"1210577905807265793","Fri Dec 27 15:07:18 +0000 2019","0","Manfaat menyontek : 1. otot mata sehat 2. kreatifitas meningkat 3. Meningkatkn sosial teman 4. Nilai bagus 5. Melatih kecepatan gerak","1210577905807265793","","","in","","0","0","0","https://twitter.com/asihpriyati1/status/1210577905807265793","2191779301","asihpriyati1"
"1210564207093129218","Fri Dec 27 14:12:52 +0000 2019","0","BHAKTI SOSIAL CEGAH STUNTING UNTUK YATIM &amp; DHUAFA Sahabat badan sehat adalah dambaan setiap orang dengan badan yang sehat kita dapat melakukan aktivitas dengan baik. Namun bagaimanakah kesehatan saudar2 kita yang https://t.co/y2xa9fFLxX","1210564207093129218","","","in","Kota Depok, Jawa Barat","0","0","0","https://twitter.com/YMDepok/status/1210564207093129218","1109032183631482881","YMDepok"
"1210525636223062016","Fri Dec 27 11:39:36 +0000 2019","0","Banyak sekarang manusia yg berakal sehat lebih suka hal yg jelek untuk di share di media sosial dibandingkan share yg baik saja","1210525636223062016","","","in","Borneo Island","0","1","0","https://twitter.com/arifawait/status/1210525636223062016","255844472","arifawait"
"1210351411474489344","Fri Dec 27 00:07:18 +0000 2019","0","Manfaat menyontek : 1. otot mata sehat 2. kreatifitas meningkat 3. Meningkatkn sosial teman 4. Nilai bagus 5. Melatih kecepatan gerak","1210351411474489344","","","in","","0","0","0","https://twitter.com/asihpriyati1/status/1210351411474489344","2191779301","asihpriyati1"
"1208784257629319169","Sun Dec 22 16:19:59 +0000 2019","0","Minggu 22 Des 2019 Kegiatan Primas Indonesia Wilayah Jabodetabek bekerjasama dengan Rumah Sehat Anang &amp; Komunitas ToPung Bakti Sosial dalam rangka menyambut HUT ke-27 PT GMU selaku pengelola Plaza Pondok Gede https://t.co/mGPexkjlOm","1208784257629319169","","","in","Jakarta Capital Region, Indone","0","0","0","https://twitter.com/PrimasRescue/status/1208784257629319169","1049442890689081351","PrimasRescue"
"1208765968756772864","Sun Dec 22 15:07:19 +0000 2019","0","Manfaat menyontek : 1. otot mata sehat 2. kreatifitas meningkat 3. Meningkatkn sosial teman 4. Nilai bagus 5. Melatih kecepatan gerak","1208765968756772864","","","in","","0","0","0","https://twitter.com/asihpriyati1/status/1208765968756772864","2191779301","asihpriyati1"
"1208752147598319617","Sun Dec 22 14:12:24 +0000 2019","0","Interaksi Sosial Sebanyak Ini yang Sehat Menurut Penelitian https://t.co/VBQZIup7kR","1208752147598319617","","","in","","0","0","0","https://twitter.com/FIMELAdotcom/status/1208752147598319617","184706308","FIMELAdotcom"
"1208748423136067584","Sun Dec 22 13:57:36 +0000 2019","0","Interaksi Sosial Sebanyak Ini yang Sehat Menurut Penelitian https://t.co/Vj6Jod5X9j","1208748423136067584","","","in","RP. Soeroso - Jakarta","0","0","0","https://twitter.com/VemaleDotcom/status/1208748423136067584","111178995","VemaleDotcom"
"1208683867701276672","Sun Dec 22 09:41:04 +0000 2019","0","Buat yg masih belum bisa bahagiain ibu walaupun dengan hal sederhana. jangan sok an ucapin #SelamatHariIbu krn kalian munafik. Pencitraan !! doain ibu lewat sosial media.seharusnya doain ibu sama tuhan biar sehat selalu dan semua yg buat dia bahagia terkabul.","1208683867701276672","","","in","Indonesia","0","0","0","https://twitter.com/Rexy_kurni/status/1208683867701276672","1121642552543760385","Rexy_kurni"
"1208683142741024768","Sun Dec 22 09:38:12 +0000 2019","0","Saya termasuk salah seorang yang selalu berusaha update kegiatan sosial Bang Azzam barakallah dan sehat terus bang","1208683142741024768","","","in","Kota Makassar, Sulawesi Selata","0","0","0","https://twitter.com/Pedagang228/status/1208683142741024768","106270458","Pedagang228"
"1208679155669168129","Sun Dec 22 09:22:21 +0000 2019","0","Sedang mencoba untuk tidak terlalu kecanduan media sosial sebelah agar hidup lebih sehat baiklah mari kita mulai Bismillah","1208679155669168129","","","in","Bandung","0","1","1","https://twitter.com/dindarahmania1/status/1208679155669168129","324189792","dindarahmania1"
"1208626264627712000","Sun Dec 22 05:52:11 +0000 2019","0","Keren Presiden Beri Anugrah Satyalancana untuk Yusuf Nugraha || Direktur Klinik Harapan Sehat dr. Yusuf Nugraha terpilih sebagai Penerima Anugerah Penghargaan Satyalancana Kebaktian Sosial dari Presiden Republik https://t.co/JOFqNd0z2m","1208626264627712000","","","in","Cianjur, Indonesia","0","0","0","https://twitter.com/infocianjur/status/1208626264627712000","165331838","infocianjur"
"1208602008715841536","Sun Dec 22 04:15:48 +0000 2019","14","Bukan soal story bukan soal kata-kata yg di tulis dalam media sosial tapi soal ungkapan trima kasih dan rasa bangga karena mempunyai sosok ibu yg hebat sepertimu mak Tarti sehat selalu tetap kuat dan sabar menghadapi sikap joni. I love you mom you are my hero #SelamatHariIbu","1208602008715841536","","","in","tanya mantanmu","0","0","0","https://twitter.com/joni_jonell/status/1208602008715841536","1120270599970930688","joni_jonell"
"1208557943672598528","Sun Dec 22 01:20:42 +0000 2019","2","Di saat semua anak enggan mengungkapkan(aku sayang ibu) scara langsung mungkin media sosial tmpat paling pas buat hati yg pemalu mengungkapkan perasaan dan rasa terimakasih pada mu. Doaku setiap sujud untukmu masih sama semoga kau sehat selalu Bu. #SelamatHariIbu","1208557943672598528","","","in","Indonesia","0","0","0","https://twitter.com/RPipil25/status/1208557943672598528","1068617975270334464","RPipil25"
"1208539472695922689","Sun Dec 22 00:07:18 +0000 2019","0","Manfaat menyontek : 1. otot mata sehat 2. kreatifitas meningkat 3. Meningkatkn sosial teman 4. Nilai bagus 5. Melatih kecepatan gerak","1208539472695922689","","","in","","0","0","0","https://twitter.com/asihpriyati1/status/1208539472695922689","2191779301","asihpriyati1"
"1208284430860574720","Sat Dec 21 07:13:51 +0000 2019","0","Dorong Gaya Hidup Sehat dan Cegah Penyakit Tidak Menular dengan Kampanye Kesetiakawanan Untuk Satu Puntung Sejuta Masalah - https://t.co/cUhUieXWYs Dalam rangka memperingati Hari Kesetiakawanan Sosial Nasional 2019 Lentera Anak menggelar ... -https://t.co/2HuwRtWP9x h ... https://t.co/Vly2jDF0cL","1208284430860574720","https://pbs.twimg.com/media/EMSwSIYU8AAdmYV.jpg","","in","","0","0","0","https://twitter.com/info_kita2/status/1208284430860574720","781629770","info_kita2"
"1208086486291140608","Fri Dec 20 18:07:18 +0000 2019","0","Manfaat menyontek : 1. otot mata sehat 2. kreatifitas meningkat 3. Meningkatkn sosial teman 4. Nilai bagus 5. Melatih kecepatan gerak","1208086486291140608","","","in","","0","0","0","https://twitter.com/asihpriyati1/status/1208086486291140608","2191779301","asihpriyati1"
"1208080213952745472","Fri Dec 20 17:42:22 +0000 2019","0","Dahulukan kepentingan sosial dari pada kepentingan individu.. kalau sosialnya udah gak sehat perduli amat ama sosial! Mending mikirin diri sendiri!","1208080213952745472","","","in","","0","4","0","https://twitter.com/mbulukk/status/1208080213952745472","1647054950","mbulukk"
"1208057093145513987","Fri Dec 20 16:10:30 +0000 2019","1","Buat apa ya naro akun media sosial di bio/desc tapi si media sosial nya di private? Sehat kalian?","1208057093145513987","","","in","","0","0","0","https://twitter.com/SutanDF/status/1208057093145513987","262997266","SutanDF"
"1207931626262425601","Fri Dec 20 07:51:56 +0000 2019","0","Selain tumbuh lebih sehat karena berkurangnya risiko terjangkit penyakit-penyakit tertentu kondisi gigi dan mulut yang sehat juga berdampak baik pada prestasi serta kehidupan sosial Si Kecil. https://t.co/TjPyUqxrRz","1207931626262425601","https://pbs.twimg.com/media/EMNvZxoU4AAkeEj.jpg","","in","lebakbulus, jaksel","0","0","0","https://twitter.com/SmileDentalJkt/status/1207931626262425601","387634079","SmileDentalJkt"
"1207860001483526144","Fri Dec 20 03:07:19 +0000 2019","0","Manfaat menyontek : 1. otot mata sehat 2. kreatifitas meningkat 3. Meningkatkn sosial teman 4. Nilai bagus 5. Melatih kecepatan gerak","1207860001483526144","","","in","","0","0","0","https://twitter.com/asihpriyati1/status/1207860001483526144","2191779301","asihpriyati1"
"1207633506047672320","Thu Dec 19 12:07:19 +0000 2019","0","Manfaat menyontek : 1. otot mata sehat 2. kreatifitas meningkat 3. Meningkatkn sosial teman 4. Nilai bagus 5. Melatih kecepatan gerak","1207633506047672320","","","in","","0","0","0","https://twitter.com/asihpriyati1/status/1207633506047672320","2191779301","asihpriyati1"
"1207568750301581314","Thu Dec 19 07:50:00 +0000 2019","8","Tahukah Anda kalau orang-orang yang terbiasa bersyukur cenderung lebih sehat bahagia dan memiliki hubungan sosial yang lebih baik.","1207568750301581314","","","in","universe","1","0","1","https://twitter.com/video_168/status/1207568750301581314","259153904","video_168"
"1207541068700508162","Thu Dec 19 06:00:00 +0000 2019","0","Masa sih media sosial bisa bikin keuangan milenial jadi gak sehat. Cari tau yuk di sini. #SolusiKeuangan #MelekDuit #MelekKeuangan https://t.co/atAxwceSPa","1207541068700508162","","","in","Indonesia","0","0","0","https://twitter.com/smartmoney_co/status/1207541068700508162","2837798976","smartmoney_co"
"1207522503863631872","Thu Dec 19 04:46:14 +0000 2019","1","Alhamdulillah kemarin diberikan kemudahan&amp;dikuatkan untuk donor darah. Yuk #DonorDarah untuk kehidupan sosial &amp; diri yang lebih sehat. Dengan #berderma kita bisa membangun masyarakat yg lebih mencintai&amp;menghargai persaudaraan satu sama lain. Kpn terakhir kali kamu #donor darah ? https://t.co/LqAsQsF64m","1207522503863631872","https://pbs.twimg.com/media/EMH7RJjUwAAgVyC.jpg","","in","Jakarta, Indonesia","0","1","2","https://twitter.com/ari_aditya/status/1207522503863631872","76351840","ari_aditya"
"1207407009747722241","Wed Dec 18 21:07:18 +0000 2019","0","Manfaat menyontek : 1. otot mata sehat 2. kreatifitas meningkat 3. Meningkatkn sosial teman 4. Nilai bagus 5. Melatih kecepatan gerak","1207407009747722241","","","in","","0","0","0","https://twitter.com/asihpriyati1/status/1207407009747722241","2191779301","asihpriyati1"
"1207327042527588352","Wed Dec 18 15:49:32 +0000 2019","5","Betapa sulitnya mencari ekosistem sosial yang sehat yang menumbuhkan yang menyentuh jiwa yang sederhana tetapi mengatasi segala kepiluan hidup sebab ada ketulusan dan keikhlasan. Saya membawa pulang kenangan yang tidak saja manis juga menyembuhkan. Terima kasih Kalisat ","1207327042527588352","","","in","ÜT: -6.874097,107.650819","0","0","0","https://twitter.com/EviSriRezeki/status/1207327042527588352","274055263","EviSriRezeki"
"1207315921045377025","Wed Dec 18 15:05:21 +0000 2019","1","Semoga bisa berteman dengan sehat siapa tahu di masa depan jadi rekan 'rekan kerja' misalnya. . Kamu dan aku nyatanya makhluk sosial yg pernah saling membutuhkan satu sama lain dulunya. . Mari sukses bersama meskipun lintasan dan tujuan kita sudah saling berbeda. #SAPAMANTAN https://t.co/zPkI41p0O6","1207315921045377025","https://pbs.twimg.com/media/EME_bW0UcAEywiz.jpg","","in","Singaparna-Tasikmalaya","0","1","0","https://twitter.com/_lestari98/status/1207315921045377025","1432127682","_lestari98"
"1207231863686696960","Wed Dec 18 09:31:20 +0000 2019","0","MCD di Amerika jadi tempat makan buat orang-orang kelas rendah yang gak punya uang tapi di Indonesia malah jadi parameter status sosial orang. Berarti kalo orang cerdas dan punya uang gak perlu lah ke MCD. Makan sayur aja lebih sehat. Disana sayur lebih mahal.syukuri saja","1207231863686696960","","","in","Indonesia","0","0","0","https://twitter.com/alma_najma/status/1207231863686696960","871978572784717824","alma_najma"
"1207221016180576256","Wed Dec 18 08:48:13 +0000 2019","1","Uda gitu hobby-nya playing victim trus drama di media sosial. Seakan kamu Taylor Swift yang seluruh dunia harus tau kalau kamu lagi sedih. Duh! Dulu waktu pembagian akal sehat ke mana aja?","1207221016180576256","","","in","SUB - ICN","0","0","0","https://twitter.com/siieyyo/status/1207221016180576256","49665575","siieyyo"
"1207180518858510336","Wed Dec 18 06:07:18 +0000 2019","0","Manfaat menyontek : 1. otot mata sehat 2. kreatifitas meningkat 3. Meningkatkn sosial teman 4. Nilai bagus 5. Melatih kecepatan gerak","1207180518858510336","","","in","","0","0","0","https://twitter.com/asihpriyati1/status/1207180518858510336","2191779301","asihpriyati1"
"1207114853501947904","Wed Dec 18 01:46:22 +0000 2019","1","Rabu (18/12) Gerakan Memungut Sampah menjadi bagian dari HAB ke-74 Kementerian Agama RI Tahun 2020 di Kab. Pacitan selain kegiatan jalan sehat bakti sosial donor darah upacara bendera sholat hajat/sujud syukur.... @Kemenag_RI @kemenag_jatim @JatimPemprov @PemkabPacitan https://t.co/3nXkI83MYG","1207114853501947904","https://pbs.twimg.com/media/EMCIc3nVUAA3I8c.jpg","","in","Pacitan, Indonesia","0","0","0","https://twitter.com/kemenag_pacitan/status/1207114853501947904","1087193745613672449","kemenag_pacitan"
"1206954178763001856","Tue Dec 17 15:07:54 +0000 2019","0","Manfaat menyontek : 1. otot mata sehat 2. kreatifitas meningkat 3. Meningkatkn sosial teman 4. Nilai bagus 5. Melatih kecepatan gerak","1206954178763001856","","","in","","0","0","0","https://twitter.com/asihpriyati1/status/1206954178763001856","2191779301","asihpriyati1"
"1206840777147465728","Tue Dec 17 07:37:17 +0000 2019","0","Manfaat menyontek : 1. otot mata sehat 2. kreatifitas meningkat 3. Meningkatkn sosial teman 4. Nilai bagus 5. Melatih kecepatan gerak","1206840777147465728","","","in","","0","0","0","https://twitter.com/asihpriyati1/status/1206840777147465728","2191779301","asihpriyati1"
"1206837703502749697","Tue Dec 17 07:25:05 +0000 2019","1","Satbrimob Polda Kepri turut berpartisipasi dalam kegiatan Jalan Sehat Fun Bike dan Bhakti Sosial Dalam Rangka Hari Juang TNI AD 2019 di Markas Komando Korem 033/ WP - Tanjung Pinang. 'Obromarkoto' -Satya Sundang https://t.co/Adkjd8GHeb","1206837703502749697","","","in","","0","0","0","https://twitter.com/BrimobKepri/status/1206837703502749697","1087915499558764546","BrimobKepri"
"1206805715479719941","Tue Dec 17 05:17:58 +0000 2019","1","Ciri ciri Generasi Emas antara lain Kreatif Inovatif Produktif Berkarakter Kuat Damai dalam berinteraksi sosial Sehat dan Menyehatkan dan Beradap unggul #pangansehat","1206805715479719941","","","in","Jambi, Indonesia","0","1","1","https://twitter.com/Ca_Pengangguran/status/1206805715479719941","822389809884762113","Ca_Pengangguran"
"1206775105067474944","Tue Dec 17 03:16:20 +0000 2019","0","Baca pemberitaan2 kegiatan sosial @hilmi_fpi saja saya sudah capek apalagi kalian wahai para Pahlawan. Semoga semua tetap sehat semangat dan selalu dalam lindungan-Nya. Aamiin Yaa Rabbal'alamiin #WeStandWithUyghur","1206775105067474944","","","in","Kota Surabaya, Jawa Timur","0","0","0","https://twitter.com/Ann_AnnieRid/status/1206775105067474944","888304441425674240","Ann_AnnieRid"
"1206764322598182912","Tue Dec 17 02:33:29 +0000 2019","1","Hari Ke-2 Workshop Sekolah Siaga Bencana Aman Sehat dan Ramah diikuti oleh ± 60 Peserta dari 30 Kontingen Peserta JUMBARA PMR IX PMI Kota Cilegon Tahun 2019 di Aula Panti Sosial Selasa (17/12) #PMIKotaCilegon #WorkshopSSB #JumbaraPMRIXPMICilegon @palangmerah @info_cilegon https://t.co/nDgWUm5HO9","1206764322598182912","https://pbs.twimg.com/media/EL9Jt3xUcAAh9O1.jpg","","in","Kota Cilegon, Banten","0","0","1","https://twitter.com/pmicilegon/status/1206764322598182912","255247589","pmicilegon"
"1206734145759506432","Tue Dec 17 00:33:35 +0000 2019","0","Di kala manusia berkarya hanya demi bertahan hidup disitulah mental seutuhnya sbg manusia sosial mulai luntur #sehatmental #indonesiasehatmental #SEVENTEEN","1206734145759506432","","","in","Jakarta Capital Region","0","0","0","https://twitter.com/mental_sehat/status/1206734145759506432","1171982877350752256","mental_sehat"
"1206618727845748736","Mon Dec 16 16:54:57 +0000 2019","3","Workshop Sekolah Siaga Bencana (SSB) - Aman Sehat dan Ramah bersama Dindik Cilegon Kemenag BPBD Dinkes dan DP3AKB bersama para kepala sekolah dan pembina PMR bertempat di Aula Pondok Sosial 16/12/2019 #PMIKotaCilegon #PMR #JUMBARA #WorkshopSSB @palangmerah @info_cilegon https://t.co/ORjafksh1N","1206618727845748736","https://pbs.twimg.com/media/EL7FQUNUEAAsh5B.jpg","","in","Kota Cilegon, Banten","0","0","1","https://twitter.com/pmicilegon/status/1206618727845748736","255247589","pmicilegon"
"1206614281023676416","Mon Dec 16 16:37:17 +0000 2019","0","Manfaat menyontek : 1. otot mata sehat 2. kreatifitas meningkat 3. Meningkatkn sosial teman 4. Nilai bagus 5. Melatih kecepatan gerak","1206614281023676416","","","in","","0","0","0","https://twitter.com/asihpriyati1/status/1206614281023676416","2191779301","asihpriyati1"
"1206584385954123776","Mon Dec 16 14:38:29 +0000 2019","1","Dokumen itu berisi panduan supaya pemerintah Urumqi melakukan kendali sosial yaitu menangkap etnis Uighur secara acak meski mereka tidak melanggar aturan atau berbuat kejahatan. https://t.co/ptHupHJbwk #WeStandWithUyghur","1206584385954123776","","","in","Solo, Indonesia","1","1","3","https://twitter.com/kanal_sehat/status/1206584385954123776","2426563633","kanal_sehat"
"1206562924396830721","Mon Dec 16 13:13:12 +0000 2019","2","Salah satu tujuan negara ini didirikan adalah untuk: ikut melaksanakan ketertiban dunia yang berdasarkan kemerdekaan perdamaian abadi dan keadilan sosial . Mari wujudkan tujuan itu dengan peduli terhadap kezaliman yang menimpa Muslim Uighur. #westandwithuyghur","1206562924396830721","","","in","Solo, Indonesia","1","0","1","https://twitter.com/kanal_sehat/status/1206562924396830721","2426563633","kanal_sehat"
"1206494367277436928","Mon Dec 16 08:40:47 +0000 2019","5","#BhaktiSosial dg adakan #Pendidikan #Sehat &amp; #Pengobatan #Gratis utk masyarakat #GunungGeulis #Ciawi #Bogor @OneEarthCentre Acara ini rutin 2 (dua) bulan sekali. Layanilah #Tuhan dengan #Melayani #Kemanusiaan dan Masyarakat #Seva #KarmaYoga #TanpaPamrih #Sosial @KemensosRI https://t.co/odSGyDy4Pd","1206494367277436928","https://pbs.twimg.com/media/EL5UOmtUEAEE_4_.jpg","","in","Jakarta Utara, DKI Jakarta","0","0","0","https://twitter.com/AnandAshram/status/1206494367277436928","128622561","AnandAshram"
"1206387790771916801","Mon Dec 16 01:37:17 +0000 2019","0","Manfaat menyontek : 1. otot mata sehat 2. kreatifitas meningkat 3. Meningkatkn sosial teman 4. Nilai bagus 5. Melatih kecepatan gerak","1206387790771916801","","","in","","0","0","0","https://twitter.com/asihpriyati1/status/1206387790771916801","2191779301","asihpriyati1"
"1206161298653761536","Sun Dec 15 10:37:17 +0000 2019","0","Manfaat menyontek : 1. otot mata sehat 2. kreatifitas meningkat 3. Meningkatkn sosial teman 4. Nilai bagus 5. Melatih kecepatan gerak","1206161298653761536","","","in","","0","0","0","https://twitter.com/asihpriyati1/status/1206161298653761536","2191779301","asihpriyati1"
"1206160715804864512","Sun Dec 15 10:34:58 +0000 2019","0","BAKTI SOSIAL DAN KESEHATAN GRATIS Merajut Kebhinekaan Membangun Bersama Guna Menuju Indonesia Sehat . #LH87 #bagimunegeri #khitanmassal #baktisosial https://t.co/SC5L4N5EIM","1206160715804864512","https://pbs.twimg.com/media/EL0kwPhUwAI9vL_.jpg","","in","","0","0","0","https://twitter.com/PTrawas/status/1206160715804864512","1169521141821521920","PTrawas"
"1206097460579319809","Sun Dec 15 06:23:37 +0000 2019","1","Mengawali hari dng makanan sehat itu berat yg ringan itu kepoin sosial media tetangga trus awali dng kata eh tau ga si ini kan lagi...... ","1206097460579319809","","","in","","0","0","0","https://twitter.com/aay_ayang/status/1206097460579319809","1177090004385853440","aay_ayang"
"1206058650927714307","Sun Dec 15 03:49:24 +0000 2019","9","#VideoClip #Pendidikan #Sehat &amp; #Pengobatan #Gratis utk masyarakat #GunungGeulis #Ciawi #Bogor @OneEarthCentre Acara ini rutin 2 (dua) bulan sekali. Layanilah #Tuhan dengan Melayani #Kemanusiaan dan Masyarakat #Seva #BhaktiSosial #KarmaYoga #TanpaPamrih #Sosial @KemensosRI https://t.co/qLlGF0yo9G","1206058650927714307","https://pbs.twimg.com/ext_tw_video_thumb/1206057898985476097/pu/img/Mw7JR9pvpd4pqx9l.jpg","","in","Jakarta Utara, DKI Jakarta","1","0","4","https://twitter.com/AnandAshram/status/1206058650927714307","128622561","AnandAshram"
"1205934802144124928","Sat Dec 14 19:37:16 +0000 2019","0","Manfaat menyontek : 1. otot mata sehat 2. kreatifitas meningkat 3. Meningkatkn sosial teman 4. Nilai bagus 5. Melatih kecepatan gerak","1205934802144124928","","","in","","0","0","0","https://twitter.com/asihpriyati1/status/1205934802144124928","2191779301","asihpriyati1"
"1205767829040975872","Sat Dec 14 08:33:47 +0000 2019","0","BAKTI SOSIAL DAN KESEHATAN GRATIS Merajut Kebhinekaan Membangun Bersama Guna Menuju Indonesia Sehat . Kabaharkam Polri Komjen Pol Drs. Firli M. Si secara simbolis membuka kegiatan bakti Kesehatan &amp; bakti Sosial di https://t.co/YvIqDWPnzW","1205767829040975872","","","in","","0","0","0","https://twitter.com/Basudew36646240/status/1205767829040975872","1043492461908189185","Basudew36646240"
"1205708312269819904","Sat Dec 14 04:37:17 +0000 2019","0","Manfaat menyontek : 1. otot mata sehat 2. kreatifitas meningkat 3. Meningkatkn sosial teman 4. Nilai bagus 5. Melatih kecepatan gerak","1205708312269819904","","","in","","0","0","0","https://twitter.com/asihpriyati1/status/1205708312269819904","2191779301","asihpriyati1"
"1205705151593320448","Sat Dec 14 04:24:43 +0000 2019","0","Karena tidak menggunakan akal sehat dan hati nuraninya seorang wanita usia 21 tahun dan mantan kontestan ratu kecantikan terjerumus mendukung isis. isis merupakan organisasi radikal-teroris perpanjangan tang iblis didunia fana untuk merusak harmoni sosial dan peradaban manusia.","1205705151593320448","","","in","","0","0","0","https://twitter.com/Ferrynine/status/1205705151593320448","1120283194761179136","Ferrynine"
"1205699604311789569","Sat Dec 14 04:02:41 +0000 2019","0","BAKTI SOSIAL DAN KESEHATAN GRATIS Merajut Kebhinekaan Membangun Bersama Guna Menuju Indonesia Sehat . #LH87 #bagimunegeri #khitanmassal #baktisosial https://t.co/qst220FO4o","1205699604311789569","https://pbs.twimg.com/media/ELuBXmxU0AE5oPH.jpg","","in","","0","0","0","https://twitter.com/MjkRes/status/1205699604311789569","1156080622491672578","MjkRes"
"1205691694894596097","Sat Dec 14 03:31:15 +0000 2019","1","Lo gak suka ma akun tinggal Unfollow Block Mute. Ga suka ama cuitannya kan bisa Report Tweet. Ga demen ma komentar nya Hide Reply lah. Di Twitter udah disiapin semuanya mari sehat dalam bermedia sosial. No Baper an","1205691694894596097","","","in","Indonesia","0","0","0","https://twitter.com/dwyprasetyo/status/1205691694894596097","98073049","dwyprasetyo"
"1205683115315777536","Sat Dec 14 02:57:09 +0000 2019","0","Bertahan ditempat yang kamu sudah muak didalamnya! Kompetisi yg tak sehat! Hubungan sosial yg toxic! Lingkungan baru yg dicintai tp tak direstui :) OK Allah know best! Karena harta tidak bisa membeli kedekatan bersama keluarga MAKA BERSYUKURLAH !!","1205683115315777536","","","in","","0","0","0","https://twitter.com/saputriani_/status/1205683115315777536","854292949","saputriani_"
"1205679903741370369","Sat Dec 14 02:44:24 +0000 2019","0","BAKTI SOSIAL DAN KESEHATAN GRATIS Merajut Kebhinekaan Membangun Bersama Guna Menuju Indonesia Sehat #LH87 #bagimunegeri #khitanmassal #baktisosial https://t.co/kX1FKLap9i","1205679903741370369","https://pbs.twimg.com/media/ELtvbKDUcAAvvNP.jpg","","in","","0","0","0","https://twitter.com/Rven47908768/status/1205679903741370369","1186561763648524288","Rven47908768"
"1205659746805538816","Sat Dec 14 01:24:18 +0000 2019","662","Di twitter itu ndak usah terlalu baper sampe drama besilit-silit Ndak suka dgn sebuah akun tinggal Unfollow Block Mute Ndak suka dgn cuitan: Report Tweet Ndak suka dgn komentar : Hide Reply Platform Twitter sudah menyediakan agar anda sehat dalam bermedia sosial.","1205659746805538816","","","in","Jakarta Pusat, DKI Jakarta","17","63","147","https://twitter.com/kangdede78/status/1205659746805538816","235931838","kangdede78"
"1205658726029348864","Sat Dec 14 01:20:14 +0000 2019","0","humaspoldajatim - BAKTI SOSIAL DAN KESEHATAN GRATIS Merajut Kebhinekaan Membangun Bersama Guna Menuju Indonesia Sehat . Kabaharkam Polri Komjen Pol Drs. Firli M. Si secara simbolis membuka kegiatan bakti https://t.co/qk1wdTFZpg","1205658726029348864","","","in","","0","0","0","https://twitter.com/PolsekLorok/status/1205658726029348864","1195423857227657216","PolsekLorok"
"1205547860059516928","Fri Dec 13 17:59:42 +0000 2019","0","sehat party sakit minta donasi artis media sosial masa kini makin gaada harga diri","1205547860059516928","","","in","","0","0","1","https://twitter.com/rahmadihanafii/status/1205547860059516928","1667413075","rahmadihanafii"
"1205527463134019584","Fri Dec 13 16:38:39 +0000 2019","0","BAKTI SOSIAL DAN KESEHATAN GRATIS Merajut Kebhinekaan Membangun Bersama Guna Menuju Indonesia Sehat Kabaharkam Polri Komjen Pol Drs. Firli M. Si secara simbolis membuka kegiatan bakti Kesehatan &amp; bakti Sosial di GOR Wijaya Kusu #LH87 #bagimunegeri #khitanmassal #baktisosial https://t.co/MYWixWD4l3","1205527463134019584","https://pbs.twimg.com/media/ELrkzsOUcAA9CbL.jpg","","in","","0","0","0","https://twitter.com/PersonDawar/status/1205527463134019584","1130344000387313664","PersonDawar"
"1205517811176620032","Fri Dec 13 16:00:18 +0000 2019","1","BAKTI SOSIAL DAN KESEHATAN GRATIS Merajut Kebhinekaan Membangun Bersama Guna Menuju Indonesia Sehat . Kabaharkam Polri Komjen Pol Drs. Firli M. Si secara simbolis membuka kegiatan bakti Kesehatan &amp; bakti Sosial https://t.co/l4zyiGtr0H","1205517811176620032","","","in","","0","0","0","https://twitter.com/PolsekBesuki86/status/1205517811176620032","867017438751215616","PolsekBesuki86"
"1205513950017839104","Fri Dec 13 15:44:57 +0000 2019","0","humaspoldajatim - BAKTI SOSIAL DAN KESEHATAN GRATIS Merajut Kebhinekaan Membangun Bersama Guna Menuju Indonesia Sehat . Kabaharkam Polri Komjen Pol Drs. Firli M. Si secara simbolis membuka kegiatan bakti https://t.co/Yjtv9SvUqS","1205513950017839104","","","in","","0","0","0","https://twitter.com/polsekbandar066/status/1205513950017839104","1197651295869341697","polsekbandar066"
"1205504314468233218","Fri Dec 13 15:06:40 +0000 2019","0","humaspoldajatim - BAKTI SOSIAL DAN KESEHATAN GRATIS Merajut Kebhinekaan Membangun Bersama Guna Menuju Indonesia Sehat . Kabaharkam Polri Komjen Pol Drs. Firli M. Si secara simbolis membuka kegiatan bakti https://t.co/mUI0aNG0RH","1205504314468233218","","","in","","0","0","0","https://twitter.com/polsek_arjosari/status/1205504314468233218","1074564479831105536","polsek_arjosari"
"1205495158927757317","Fri Dec 13 14:30:17 +0000 2019","0","#Repost humaspoldajatim BAKTI SOSIAL DAN KESEHATAN GRATIS Merajut Kebhinekaan Membangun Bersama Guna Menuju Indonesia Sehat . Kabaharkam Polri Komjen Pol Drs. Firli M. Si secara simbolis membuka https://t.co/2qQ8d7bAYm","1205495158927757317","","","in","","0","0","0","https://twitter.com/SektorSBJ/status/1205495158927757317","1023645177733242880","SektorSBJ"
"1205492167134855168","Fri Dec 13 14:18:24 +0000 2019","0","BAKTI SOSIAL DAN KESEHATAN GRATIS Merajut Kebhinekaan Membangun Bersama Guna Menuju Indonesia Sehat . Kabaharkam Polri Komjen Pol Drs. Firli M. Si secara simbolis membuka kegiatan bakti Kesehatan &amp; bakti Sosial https://t.co/HNmdZmN4Yf","1205492167134855168","","","in","Indonesia","0","0","0","https://twitter.com/Senkomsidoarjo/status/1205492167134855168","183250913","Senkomsidoarjo"
"1205486476315656192","Fri Dec 13 13:55:47 +0000 2019","0","BAKTI SOSIAL DAN KESEHATAN GRATIS Merajut Kebhinekaan Membangun Bersama Guna Menuju Indonesia Sehat . Kabaharkam Polri Komjen Pol Drs. Firli M. Si secara simbolis membuka kegiatan bakti Kesehatan &amp; bakti Sosial #LH87 #bagimunegeri #khitanmassal https://t.co/j9F4GuySmF","1205486476315656192","https://pbs.twimg.com/media/ELq_jXqVUAA7CVi.jpg","","in","","0","0","0","https://twitter.com/bagrenmojokerto/status/1205486476315656192","1063336156509532161","bagrenmojokerto"
"1205485694187134978","Fri Dec 13 13:52:40 +0000 2019","0","Kabaharkam Polri Komjen Pol Drs. Firli Bahuri https://t.co/xFMtq4SIMZ secara simbolis membuka kegiatan Bakti Kesehatan dan Bakti Sosial dengan tema Merajut Kebhinekaan Membangun Bersama Guna Menuju Indonesia Sehat di GOR Wijaya https://t.co/Jxn7R8UykK","1205485694187134978","","","in","Sampang, Jawa Timur, Indonesia","0","0","0","https://twitter.com/binmas_sampang/status/1205485694187134978","1188776629318742016","binmas_sampang"
"1205481821732921344","Fri Dec 13 13:37:17 +0000 2019","0","Manfaat menyontek : 1. otot mata sehat 2. kreatifitas meningkat 3. Meningkatkn sosial teman 4. Nilai bagus 5. Melatih kecepatan gerak","1205481821732921344","","","in","","0","0","0","https://twitter.com/asihpriyati1/status/1205481821732921344","2191779301","asihpriyati1"
"1205480452611440640","Fri Dec 13 13:31:51 +0000 2019","0","BAKTI SOSIAL DAN KESEHATAN GRATIS Merajut Kebhinekaan Membangun Bersama Guna Menuju Indonesia Sehat . Kabaharkam Polri Komjen Pol Drs. Firli M. Si secara simbolis membuka kegiatan bakti Kesehatan &amp; bakti Sosial https://t.co/q9AUui9Ez5","1205480452611440640","","","in","","0","0","0","https://twitter.com/PamungkasSi/status/1205480452611440640","1202909981172912128","PamungkasSi"
"1205463229742215168","Fri Dec 13 12:23:25 +0000 2019","1","BAKTI SOSIAL DAN KESEHATAN GRATIS Merajut Kebhinekaan Membangun Bersama Guna Menuju Indonesia Sehat . Kabaharkam Polri Komjen Pol Drs. Firli M. Si secara simbolis membuka kegiatan bakti Kesehatan &amp; bakti Sosial di GOR Wijaya Kusuma Jl. Wahid Hasyim Kab Sampang. Jumat 13/12/19 https://t.co/p6bAaBdARN","1205463229742215168","https://pbs.twimg.com/media/ELqqZPvU0AAuAUa.jpg","","in","Pare, Kediri, Indonesia","0","0","0","https://twitter.com/humaskedirires/status/1205463229742215168","877389222516097025","humaskedirires"
"1205460274527891456","Fri Dec 13 12:11:40 +0000 2019","1","BAKTI SOSIAL DAN KESEHATAN GRATIS Merajut Kebhinekaan Membangun Bersama Guna Menuju Indonesia Sehat https://t.co/4AGuzRHNIU","1205460274527891456","https://pbs.twimg.com/media/ELqns66UEAAH11L.jpg","","in","Jetis, Indonesia","0","0","0","https://twitter.com/Yono14429317/status/1205460274527891456","985509809880367105","Yono14429317"
"1205457463455232001","Fri Dec 13 12:00:30 +0000 2019","1","humaspoldajatim BAKTI SOSIAL DAN KESEHATAN GRATIS Merajut Kebhinekaan Membangun Bersama Guna Menuju Indonesia Sehat . Kabaharkam Polri Komjen Pol Drs. Firli M. Si secara simbolis membuka kegiatan bakti Kesehatan https://t.co/OdL4WNxoXR","1205457463455232001","","","in","Ngawi, Indonesia","0","0","0","https://twitter.com/SekKendal/status/1205457463455232001","119031890","SekKendal"
"1205452221535506432","Fri Dec 13 11:39:40 +0000 2019","0","BAKTI SOSIAL DAN KESEHATAN GRATIS Merajut Kebhinekaan Membangun Bersama Guna Menuju Indonesia Sehat . Kabaharkam Polri Komjen Pol Drs. Firli M. Si secara simbolis membuka kegiatan bakti Kesehatan &amp; bakti Sosial di GOR Wijaya Kusuma Jl. Wahid Hasyim Kab. Sampang. #LH87 https://t.co/510uayHfxH","1205452221535506432","https://pbs.twimg.com/media/ELqgXxIU4AARsWS.jpg","","in","","0","0","0","https://twitter.com/PKraksaan/status/1205452221535506432","1049544958061899776","PKraksaan"
"1205451490116145153","Fri Dec 13 11:36:46 +0000 2019","1","#Repost humaspoldajatim (with report.for.insta) ... BAKTI SOSIAL DAN KESEHATAN GRATIS Merajut Kebhinekaan Membangun Bersama Guna Menuju Indonesia Sehat . Kabaharkam Polri Komjen Pol Drs. Firli M. Si secara https://t.co/X5jjzlGABX","1205451490116145153","","","in","","0","0","0","https://twitter.com/pri_nggoda_ni/status/1205451490116145153","869020994509299712","pri_nggoda_ni"
"1205450064610463744","Fri Dec 13 11:31:06 +0000 2019","0","#Repost humaspoldajatim (@get_repost) ・・・ BAKTI SOSIAL DAN KESEHATAN GRATIS Merajut Kebhinekaan Membangun Bersama Guna Menuju Indonesia Sehat . Kabaharkam Polri Komjen Pol Drs. Firli M. Si secara simbolis membuka https://t.co/WTXkMrsZg0","1205450064610463744","","","in","","0","0","0","https://twitter.com/AirudSumenep/status/1205450064610463744","1089854316758761472","AirudSumenep"
"1205449696530976770","Fri Dec 13 11:29:38 +0000 2019","0","BAKTI SOSIAL DAN KESEHATAN GRATIS Merajut Kebhinekaan Membangun Bersama Guna Menuju Indonesia Sehat . Kabaharkam Polri Komjen Pol Drs. Firli M. Si secara simbolis membuka kegiatan bakti Kesehatan &amp; bakti Sosial https://t.co/uEtLq5ZlGk","1205449696530976770","","","in","","0","0","0","https://twitter.com/triyan_novan/status/1205449696530976770","1189390633057701888","triyan_novan"
"1205446486135164929","Fri Dec 13 11:16:53 +0000 2019","0","BAKTI SOSIAL DAN KESEHATAN GRATIS Merajut Kebhinekaan Membangun Bersama Guna Menuju Indonesia Sehat . Kabaharkam Polri Komjen Pol Drs. Firli M. Si secara simbolis membuka kegiatan bakti Kesehatan &amp; bakti Sosial https://t.co/ao02yZSwQR","1205446486135164929","","","in","","0","0","0","https://twitter.com/Bokrut1/status/1205446486135164929","1194588785452838912","Bokrut1"
"1205441354253373441","Fri Dec 13 10:56:29 +0000 2019","0","BAKTI SOSIAL DAN KESEHATAN GRATIS Merajut Kebhinekaan Membangun Bersama Guna Menuju Indonesia Sehat . Kabaharkam Polri Komjen Pol Drs. Firli M. Si secara simbolis membuka kegiatan bakti Kesehatan &amp; bakti Sosial di GOR Wijaya Kusuma Jl. Wahid Hasyim Kab. Sampang. Jumat (13 https://t.co/azqbj08KUP","1205441354253373441","https://pbs.twimg.com/media/ELqWhepX0AEV2vD.png","","in","Madiun, Indonesia","0","0","0","https://twitter.com/polres_madiun/status/1205441354253373441","869452834697236480","polres_madiun"
"1205438911188652032","Fri Dec 13 10:46:47 +0000 2019","0","BAKTI SOSIAL DAN KESEHATAN GRATIS Merajut Kebhinekaan Membangun Bersama Guna Menuju Indonesia Sehat . Kabaharkam Polri Komjen Pol Drs. Firli M. Si secara simbolis membuka kegiatan bakti Kesehatan &amp; bakti Sosial https://t.co/Wl8AaJllv0","1205438911188652032","","","in","","0","0","0","https://twitter.com/Siskarina12/status/1205438911188652032","1204356498983243776","Siskarina12"
"1205437558177640448","Fri Dec 13 10:41:24 +0000 2019","0","BAKTI SOSIAL DAN KESEHATAN GRATIS Merajut Kebhinekaan Membangun Bersama Guna Menuju Indonesia Sehat . Kabaharkam Polri Komjen Pol Drs. Firli M. Si secara simbolis membuka kegiatan bakti Kesehatan &amp; bakti Sosial https://t.co/WvLGhafTWU","1205437558177640448","","","in","","0","0","0","https://twitter.com/reonald62603389/status/1205437558177640448","1189442239644102659","reonald62603389"
"1205435960273575937","Fri Dec 13 10:35:03 +0000 2019","0","BAKTI SOSIAL DAN KESEHATAN GRATIS Merajut Kebhinekaan Membangun Bersama Guna Menuju Indonesia Sehat . Kabaharkam Polri Komjen Pol Drs. Firli M. Si secara simbolis membuka kegiatan https://t.co/P2Z58fNdF0","1205435960273575937","","","in","Jawa timur, indonesia","0","0","0","https://twitter.com/polsekleces/status/1205435960273575937","868697511124287489","polsekleces"
"1205434061851742208","Fri Dec 13 10:27:30 +0000 2019","0","BAKTI SOSIAL DAN KESEHATAN GRATIS Merajut Kebhinekaan Membangun Bersama Guna Menuju Indonesia Sehat . Kabaharkam Polri Komjen Pol Drs. Firli M. Si secara simbolis membuka kegiatan bakti Kesehatan &amp; bakti Sosial di GOR Wijaya Kusuma Jl. Wahid Hasyim Kab. Sampang. Jumat (13 https://t.co/hMUADYNt2r","1205434061851742208","https://pbs.twimg.com/media/ELqP5AsU4AAjzxh.png","","in","Madiun, Indonesia","0","0","0","https://twitter.com/polres_madiun/status/1205434061851742208","869452834697236480","polres_madiun"
"1205433661551566848","Fri Dec 13 10:25:55 +0000 2019","0","BAKTI SOSIAL DAN KESEHATAN GRATIS Merajut Kebhinekaan Membangun Bersama Guna Menuju Indonesia Sehat . Kabaharkam Polri Komjen Pol Drs. Firli M. Si secara simbolis membuka kegiatan bakti Kesehatan &amp; bakti Sosial https://t.co/Q3zQkqtCRr","1205433661551566848","","","in","East Java, Indonesia","0","0","0","https://twitter.com/wawanaguskopi/status/1205433661551566848","1188782909894746112","wawanaguskopi"
"1205432566460764161","Fri Dec 13 10:21:34 +0000 2019","1","BAKTI SOSIAL DAN KESEHATAN GRATIS Merajut Kebhinekaan Membangun Bersama Guna Menuju Indonesia Sehat . Kabaharkam Polri Komjen Pol Drs. Firli M. Si secara simbolis membuka kegiatan bakti Kesehatan &amp; bakti Sosial di GOR Wijaya Kusuma Jl. Wahid Hasyim #LH87 #bagimunegeri #jcs99 https://t.co/44F5TUFhAA","1205432566460764161","https://pbs.twimg.com/media/ELqOf5PUcAAkz6e.jpg","","in","Yogyakarta, Indonesia","0","0","0","https://twitter.com/1Khan_7/status/1205432566460764161","3127462284","1Khan_7"
"1205428704748244994","Fri Dec 13 10:06:13 +0000 2019","0","BAKTI SOSIAL DAN KESEHATAN GRATIS Merajut Kebhinekaan Membangun Bersama Guna Menuju Indonesia Sehat . Kabaharkam Polri Komjen Pol Drs. Firli M. Si secara simbolis membuka kegiatan bakti Kesehatan &amp; bakti Sosial https://t.co/RFnlRlRipz","1205428704748244994","","","in","","0","0","0","https://twitter.com/SapekenPolsek/status/1205428704748244994","1085563523650904064","SapekenPolsek"
"1205426126186844160","Fri Dec 13 09:55:58 +0000 2019","0","#Repost humaspoldajatim with @kimcy929_repost BAKTI SOSIAL DAN KESEHATAN GRATIS Merajut Kebhinekaan Membangun Bersama Guna Menuju Indonesia Sehat . Kabaharkam Polri Komjen Pol Drs. Firli M. Si secara https://t.co/210f3Sicj3","1205426126186844160","","","in","","1","0","0","https://twitter.com/polsekkota38/status/1205426126186844160","866509823566692352","polsekkota38"
"1205424930864746497","Fri Dec 13 09:51:13 +0000 2019","0","BAKTI SOSIAL DAN KESEHATAN GRATIS Merajut Kebhinekaan Membangun Bersama Guna Menuju Indonesia Sehat . Kabaharkam Polri Komjen Pol Drs. Firli M. Si secara simbolis membuka kegiatan bakti Kesehatan &amp; bakti Sosial https://t.co/dTA9wPHSlI","1205424930864746497","","","in","","0","0","0","https://twitter.com/polsekbatuputi/status/1205424930864746497","866187773983694848","polsekbatuputi"
"1205423873614704640","Fri Dec 13 09:47:01 +0000 2019","0","BAKTI SOSIAL DAN KESEHATAN GRATIS Merajut Kebhinekaan Membangun Bersama Guna Menuju Indonesia Sehat . Kabaharkam Polri Komjen Pol Drs. Firli M. Si secara simbolis membuka kegiatan bakti Kesehatan &amp; bakti Sosial https://t.co/waUXefmVTW","1205423873614704640","","","in","","0","0","0","https://twitter.com/polsekngg/status/1205423873614704640","992259801873707010","polsekngg"
"1205423198012968960","Fri Dec 13 09:44:20 +0000 2019","0","BAKTI SOSIAL DAN KESEHATAN GRATIS Merajut Kebhinekaan Membangun Bersama Guna Menuju Indonesia Sehat . Kabaharkam Polri Komjen Pol Drs. Firli M. Si secara simbolis membuka kegiatan bakti Kesehatan &amp; bakti Sosial https://t.co/AIMvqSLhDD","1205423198012968960","","","in","Mojosari, Indonesia","0","0","0","https://twitter.com/sakti97050125/status/1205423198012968960","1189182936341331970","sakti97050125"
"1205418396524982272","Fri Dec 13 09:25:15 +0000 2019","0","BAKTI SOSIAL DAN KESEHATAN GRATIS Merajut Kebhinekaan Membangun Bersama Guna Menuju Indonesia Sehat . Kabaharkam Polri Komjen Pol Drs. Firli M. Si secara simbolis membuka kegiatan bakti Kesehatan &amp; bakti Sosial https://t.co/vJyBiuxm5t","1205418396524982272","","","in","","0","0","0","https://twitter.com/GigihLilo/status/1205418396524982272","1202672501349728256","GigihLilo"
"1205415546055004160","Fri Dec 13 09:13:56 +0000 2019","0","BAKTI SOSIAL DAN KESEHATAN GRATIS Merajut Kebhinekaan Membangun Bersama Guna Menuju Indonesia Sehat . Kabaharkam Polri Komjen Pol Drs. Firli M. Si secara simbolis membuka kegiatan bakti Kesehatan &amp; bakti Sosial https://t.co/aqxI2MB9fz","1205415546055004160","","","in","","0","0","0","https://twitter.com/Saiful73688758/status/1205415546055004160","1202526896992313344","Saiful73688758"
"1205412683526418432","Fri Dec 13 09:02:33 +0000 2019","0","BAKTI SOSIAL DAN KESEHATAN GRATIS Merajut Kebhinekaan Membangun Bersama Guna Menuju Indonesia Sehat . Kabaharkam Polri Komjen Pol Drs. Firli M. Si secara simbolis membuka kegiatan bakti Kesehatan &amp; bakti Sosial https://t.co/IVJRsFvlyY","1205412683526418432","","","in","","0","0","0","https://twitter.com/DedyBonga/status/1205412683526418432","2608989486","DedyBonga"
"1205411713987813376","Fri Dec 13 08:58:42 +0000 2019","0","Reposted from humaspoldajatim (@get_regrann) BAKTI SOSIAL DAN KESEHATAN GRATIS Merajut Kebhinekaan Membangun Bersama Guna Menuju Indonesia Sehat . Kabaharkam Polri Komjen Pol Drs. Firli M. Si secara simbolis https://t.co/UTyzbYTKGL","1205411713987813376","","","in","","0","0","0","https://twitter.com/BadeganRespo/status/1205411713987813376","916446793457582080","BadeganRespo"
"1205408132966551552","Fri Dec 13 08:44:28 +0000 2019","0","BAKTI SOSIAL DAN KESEHATAN GRATIS Merajut Kebhinekaan Membangun Bersama Guna Menuju Indonesia Sehat . Kabaharkam Polri Komjen Pol Drs. Firli M. Si secara simbolis membuka kegiatan bakti Kesehatan &amp; bakti Sosial di https://t.co/wbI5hPwSv7","1205408132966551552","","","in","","0","0","0","https://twitter.com/ArionAzada/status/1205408132966551552","1189543692467523584","ArionAzada"
"1205406752499367936","Fri Dec 13 08:38:59 +0000 2019","0","BAKTI SOSIAL DAN KESEHATAN GRATIS Merajut Kebhinekaan Membangun Bersama Guna Menuju Indonesia Sehat . #LH87 #bagimunegeri #khitanmassal #baktisosial https://t.co/N5JlzIuqX8","1205406752499367936","https://pbs.twimg.com/media/ELp3CAOUYAATkYp.jpg","","in","","0","0","0","https://twitter.com/GendingHumas/status/1205406752499367936","1205404829381611520","GendingHumas"
"1205406538682134528","Fri Dec 13 08:38:08 +0000 2019","1","#Repost @humaspoldajatim BAKTI SOSIAL DAN KESEHATAN GRATIS Merajut Kebhinekaan Membangun Bersama Guna Menuju Indonesia Sehat . https://t.co/ZL4SxNCmhB . . #LH87 #bagimunegeri #khitanmassal #baktisosial https://t.co/13KZ2IcU4f","1205406538682134528","https://pbs.twimg.com/media/ELp2tFeVUAAk4a5.jpg","","in","Ngawi, Jawa Timur, Indonesia.","0","0","0","https://twitter.com/Sek_Karanganyar/status/1205406538682134528","920659140728328194","Sek_Karanganyar"
"1205402619897757697","Fri Dec 13 08:22:34 +0000 2019","0","BAKTI SOSIAL DAN KESEHATAN GRATIS Merajut Kebhinekaan Membangun Bersama Guna Menuju Indonesia Sehat Kabaharkam Polri Komjen Pol Drs. Firli M. Si secara simbolis membuka kegiatan bakti Kes. &amp; bakti Sosial di GOR Wijaya Kusuma Jl. Wahid Hasyim Kab. Sampang. Jumat (13/12/2019) https://t.co/SeDKH6uPdU","1205402619897757697","https://pbs.twimg.com/media/ELpzPPWUYAAbUdx.jpg","","in","Jawa Timur, Indonesia","0","0","0","https://twitter.com/_sugengkarya/status/1205402619897757697","927393466044129280","_sugengkarya"
"1205402074382553088","Fri Dec 13 08:20:24 +0000 2019","0","RT infoJATIASIH muriacell Sepertinya lingkungan yang sehat begitu hanya warga yang punya jiwa sosial yang tinggi saja yang mau jadi ketua RT/RW. Kalau sampai bayar untuk jadi pengurus besar kemungkinan ada exploitasi warga oleh pengurus. ","1205402074382553088","","","in","Jatiasih","0","0","0","https://twitter.com/infoJ4T14S1H/status/1205402074382553088","2259738085","infoJ4T14S1H"
"1205401411766255616","Fri Dec 13 08:17:46 +0000 2019","0","#Repost humaspoldajatim BAKTI SOSIAL DAN KESEHATAN GRATIS Merajut Kebhinekaan Membangun Bersama Guna Menuju Indonesia Sehat . Kabaharkam Polri Komjen Pol Drs. Firli M. Si secara simbolis membuka https://t.co/IUje4gtRPk","1205401411766255616","","","in","Ngawi, Indonesia","0","0","0","https://twitter.com/SekKarangjati/status/1205401411766255616","870938192618192896","SekKarangjati"
"1205398047225602048","Fri Dec 13 08:04:24 +0000 2019","0","BAKTI SOSIAL DAN KESEHATAN GRATIS Merajut Kebhinekaan Membangun Bersama Guna Menuju Indonesia Sehat . Kabaharkam Polri Komjen Pol Drs. Firli M. Si secara simbolis membuka kegiatan bakti Kesehatan &amp; bakti Sosial di GOR Wijaya . . #LH87 #bagimunegeri #khitanmassal #baktisosial https://t.co/HMyH915kxG","1205398047225602048","https://pbs.twimg.com/media/ELpvIWnUwAAVU5B.jpg","","in","","0","0","0","https://twitter.com/Ikwan70982997/status/1205398047225602048","1078492168543645696","Ikwan70982997"
"1205397703410229248","Fri Dec 13 08:03:02 +0000 2019","0","BAKTI SOSIAL DAN KESEHATAN GRATIS Merajut Kebhinekaan Membangun Bersama Guna Menuju Indonesia Sehat . Kabaharkam Polri Komjen Pol Drs. Firli M. Si secara simbolis membuka kegiatan bakti Kesehatan &amp; bakti Sosial https://t.co/bVp7YtsGb8","1205397703410229248","","","in","Diatas awan","0","0","0","https://twitter.com/Putrils13/status/1205397703410229248","1189378280702402560","Putrils13"
"1205397600221843456","Fri Dec 13 08:02:37 +0000 2019","0","BAKTI SOSIAL DAN KESEHATAN GRATIS Merajut Kebhinekaan Membangun Bersama Guna Menuju Indonesia Sehat . Kabaharkam Polri Komjen Pol Drs. Firli M. Si secara simbolis membuka kegiatan bakti Kesehatan &amp; bakti Sosial di GOR . #LH87 #bagimunegeri #khitanmassal #baktisosial https://t.co/vjCto34Rlp","1205397600221843456","https://pbs.twimg.com/media/ELpuuXvVUAA4Xwb.jpg","","in","","0","0","0","https://twitter.com/Antok57320441/status/1205397600221843456","1158561836809121792","Antok57320441"
"1205394239296802817","Fri Dec 13 07:49:16 +0000 2019","0","BAKTI SOSIAL DAN KESEHATAN GRATIS Merajut Kebhinekaan Membangun Bersama Guna Menuju Indonesia Sehat . Kabaharkam Polri Komjen Pol Drs. Firli M. Si secara simbolis membuka kegiatan bakti Kesehatan &amp; bakti Sosial https://t.co/ynxoJN6U0n","1205394239296802817","","","in","","0","0","0","https://twitter.com/ayudewi75862918/status/1205394239296802817","1189114581924241410","ayudewi75862918"
"1205393399794110464","Fri Dec 13 07:45:56 +0000 2019","0","BAKTI SOSIAL Merajut Kebhinekaan Membangun Bersama Guna Menuju Indonesia Sehat . Kabaharkam Polri Komjen Pol Drs. Firli M. Si secara simbolis membuka kegiatan bakti Kesehatan &amp; bakti Sosial di GOR Wijaya Kusuma Jl. Wahid Hasyim Kab. Sampang. Jumat (13/12/2019) . #LH87 https://t.co/cLwDZtnI1K","1205393399794110464","https://pbs.twimg.com/media/ELpq41cUEAIlp0T.jpg","","in","Jawa Timur, Indonesia","0","0","0","https://twitter.com/HumasPaiton/status/1205393399794110464","944798381611683840","HumasPaiton"
"1205392937871265792","Fri Dec 13 07:44:06 +0000 2019","0","BAKTI SOSIAL DAN KESEHATAN GRATIS Merajut Kebhinekaan Membangun Bersama Guna Menuju Indonesia Sehat . Kabaharkam Polri Komjen Pol Drs. Firli M. Si secara simbolis membuka kegiatan bakti Kesehatan &amp; bakti Sosial di GOR Wijaya Kusuma Jl. Wahid Hasyim Kab. Sampang. #LH87 https://t.co/EZ6YfUhwCA","1205392937871265792","https://pbs.twimg.com/media/ELpqdedVAAAUwO5.jpg","","in","","0","0","1","https://twitter.com/KurahKurah/status/1205392937871265792","1094072325887078400","KurahKurah"
"1205391469218893825","Fri Dec 13 07:38:16 +0000 2019","0","BAKTI SOSIAL DAN KESEHATAN GRATIS Merajut Kebhinekaan Membangun Bersama Guna Menuju Indonesia Sehat . Kabaharkam Polri Komjen Pol Drs. Firli M. Si secara simbolis membuka kegiatan bakti Kesehatan &amp; bakti Sosial https://t.co/sNNd5MLnIP","1205391469218893825","","","in","","0","0","0","https://twitter.com/sebastian813_/status/1205391469218893825","1189376960423587840","sebastian813_"
"1205388243467849729","Fri Dec 13 07:25:26 +0000 2019","0","BAKTI SOSIAL DAN KESEHATAN GRATIS Merajut Kebhinekaan Membangun Bersama Guna Menuju Indonesia Sehat . Kabaharkam Polri Komjen Pol Drs. Firli M. Si secara simbolis membuka kegiatan bakti Kesehatan &amp; bakti Sosial https://t.co/lbXZEmE0gX","1205388243467849729","","","in","","0","0","0","https://twitter.com/Pacarmu15245340/status/1205388243467849729","1189420866624319488","Pacarmu15245340"
"1205386311131000832","Fri Dec 13 07:17:46 +0000 2019","0","BAKTI SOSIAL &amp; KESEHATAN GRATIS Merajut Kebhinekaan Membangun Brsma Guna Menuju Indonesia Sehat Kabaharkam Polri Komjen Pol Drs. Firli M. Si scr simbolis membuka kegiatan bakti Kesehatan &amp; bakti Sosial. https://t.co/lICRBWl8p2 #LH87 #bagimunegeri #khitanmassal #baktisosial https://t.co/FmoImTiBtB","1205386311131000832","https://pbs.twimg.com/media/ELpkcJoVUAAeAgR.jpg","","in","Senduro, Indonesia","3","0","0","https://twitter.com/Polsek_senduro/status/1205386311131000832","864334800059940864","Polsek_senduro"
"1205386113763799045","Fri Dec 13 07:16:59 +0000 2019","0","BAKTI SOSIAL DAN KESEHATAN GRATIS Merajut Kebhinekaan Membangun Bersama Guna Menuju Indonesia Sehat . Kabaharkam Polri Komjen Pol Drs. Firli M. Si secara simbolis membuka kegiatan bakti Kesehatan &amp; bakti Sosial https://t.co/Xl5uNgvrmR","1205386113763799045","","","in","Kota Surabaya, Jawa Timur","0","0","0","https://twitter.com/Ranu0011/status/1205386113763799045","1188030089096646657","Ranu0011"
"1205384992198557696","Fri Dec 13 07:12:31 +0000 2019","0","#Repost humaspoldajatim BAKTI SOSIAL DAN KESEHATAN GRATIS Merajut Kebhinekaan Membangun Bersama Guna Menuju Indonesia Sehat . Kabaharkam Polri Komjen Pol Drs. Firli M. Si secara simbolis membuka https://t.co/Xnf3HqKb8X","1205384992198557696","","","in","Ngawi, Indonesia","1","0","0","https://twitter.com/PolsekKwadungan/status/1205384992198557696","870570210104758272","PolsekKwadungan"
"1205381698914881536","Fri Dec 13 06:59:26 +0000 2019","0","BAKTI SOSIAL DAN KESEHATAN GRATIS Merajut Kebhinekaan Membangun Bersama Guna Menuju Indonesia Sehat . Kabaharkam Polri Komjen Pol Drs. Firli M. Si secara simbolis membuka kegiatan bakti Kesehatan &amp; bakti Sosial di GOR Wijaya Kusuma Jl. Wahid Hasyim Kab. Sampang. #LH87 https://t.co/YDg80qmoYm","1205381698914881536","https://pbs.twimg.com/media/ELpgP98UwAAyZKS.jpg","","in","","0","0","0","https://twitter.com/dhukhon_soffa/status/1205381698914881536","890445923196719104","dhukhon_soffa"
"1205381215970381824","Fri Dec 13 06:57:31 +0000 2019","1","BAKTI SOSIAL DAN KESEHATAN GRATIS Merajut Kebhinekaan Membangun Bersama Guna Menuju Indonesia Sehat . Kabaharkam Polri Komjen Pol Drs. Firli M. Si secara simbolis membuka kegiatan bakti Kesehatan &amp; bakti Sosial https://t.co/hybi0k80iz","1205381215970381824","","","in","Kediri, Jawa Timur","0","0","0","https://twitter.com/PolsekPagu/status/1205381215970381824","888445098668679168","PolsekPagu"
"1205381174069121024","Fri Dec 13 06:57:21 +0000 2019","5","BAKTI SOSIAL DAN KESEHATAN GRATIS Merajut Kebhinekaan Membangun Bersama Guna Menuju Indonesia Sehat Kabaharkam Polri Komjen Pol Drs. Firli M. Si secara simbolis membuka kegiatan bakti Kesehatan &amp; bakti Sosial di GOR Wijaya Kusuma Jl. Wahid Hasyim Kab. Sampang. Jumat #jcs99 https://t.co/AwZClIYeT4","1205381174069121024","https://pbs.twimg.com/media/ELpfwNkVUAAAeLy.jpg","","in","Trenggalek, Jatim, Indonesia","1","0","4","https://twitter.com/1trenggalek/status/1205381174069121024","823858795021410304","1trenggalek"
"1205380621054275587","Fri Dec 13 06:55:09 +0000 2019","0","BAKTI SOSIAL DAN KESEHATAN GRATIS Merajut Kebhinekaan Membangun Bersama Guna Menuju Indonesia Sehat . Kabaharkam Polri Komjen Pol Drs. Firli M. Si secara simbolis membuka kegiatan bakti Kesehatan &amp; bakti Sosial https://t.co/Q8Y7jIp0B4","1205380621054275587","","","in","Kota Pasuruan, Jawa Timur","0","0","0","https://twitter.com/Ocha17034824/status/1205380621054275587","1190997159614660615","Ocha17034824"
"1205380015782793216","Fri Dec 13 06:52:45 +0000 2019","0","BAKTI SOSIAL DAN KESEHATAN GRATIS Merajut Kebhinekaan Membangun Bersama Guna Menuju Indonesia Sehat . Kabaharkam Polri Komjen Pol Drs. Firli M. Si secara simbolis membuka kegiatan bakti Kesehatan &amp; bakti Sosial https://t.co/YkGX4FqM85","1205380015782793216","","","in","","0","0","0","https://twitter.com/PolsekKandat/status/1205380015782793216","888350689381842944","PolsekKandat"
"1205378536711712768","Fri Dec 13 06:46:52 +0000 2019","1","BAKTI SOSIAL DAN KESEHATAN GRATIS Merajut Kebhinekaan Membangun Bersama Guna Menuju Indonesia Sehat https://t.co/dAkad0RnSy . #LH87 #bagimunegeri #khitanmassal #baktisosial https://t.co/UiSp4ZhPtF","1205378536711712768","https://pbs.twimg.com/media/ELpdYpqU4AEtOlb.jpg","","in","","0","0","0","https://twitter.com/narirarendra/status/1205378536711712768","1120228130273128454","narirarendra"
"1205375101329240064","Fri Dec 13 06:33:13 +0000 2019","11","BAKTI SOSIAL DAN KESEHATAN GRATIS Merajut Kebhinekaan Membangun Bersama Guna Menuju Indonesia Sehat . Kabaharkam Polri Komjen Pol Drs. Firli M. Si secara simbolis membuka kegiatan bakti Kesehatan &amp; bakti Sosial di GOR Wijaya Kusuma Jl. Wahid Hasyim Kab. Sampang. #LH87 https://t.co/6Z8DJvulla","1205375101329240064","https://pbs.twimg.com/media/ELpaQHYUUAAx_20.jpg","","in","Surabaya, Jatim, Indonesia","4","1","2","https://twitter.com/HumasPoldaJatim/status/1205375101329240064","185101017","HumasPoldaJatim"
"1205337140357259264","Fri Dec 13 04:02:22 +0000 2019","1","Senam Lansia Pamungkas di 2019 Walikota Imbau Lansia Selalu Sehat dan Bahagia MADIUN- Senam lansia yang rutin diadakan oleh Dinas Sosial PP dan PA (Dinsos) Kota Madiun telah berakhir untuk tahun 2019 ini. Jumat (13/12) dijadikan sebagai momentum untuk https://t.co/80czUc3yU2 https://t.co/isUVsWAd6i","1205337140357259264","https://pbs.twimg.com/media/ELo3vfSVAAAj2gf.jpg","","in","East Java, Indonesia","0","0","0","https://twitter.com/madiuntoday_/status/1205337140357259264","920455143623073792","madiuntoday_"
"1204297210982227968","Tue Dec 10 07:10:04 +0000 2019","5","Peringatan hari #HAM Sedunia 2019: pernikahan usia dini merampas peluang perempuan dan anak perempuan untuk mendapatkan pendidikan keterampilan dan jejaring sosial yang dapat memberdayakan mereka untuk kehidupan yang lebih sehat. #16Days https://t.co/RY35b6WHtU #usaidbersama https://t.co/VZH3h0d3A4","1204297210982227968","https://pbs.twimg.com/media/ELaF7kbW4AAqi6C.jpg","","in","Jakarta, Indonesia","0","0","0","https://twitter.com/usaidindonesia/status/1204297210982227968","198898768","usaidindonesia"
"1204271439450275840","Tue Dec 10 05:27:40 +0000 2019","3","Pasar Tradisional adalah ruang interaksi sosial masyarakat sekaligus cermin yang utuh bagi budaya persaingan yang sehat. #savepasartradisional #ayobelanjakepasartradisional https://t.co/Q4qz0B3hvk","1204271439450275840","https://pbs.twimg.com/media/ELZue8FVUAAQ0QM.jpg","","in","Jakarta Capital Region","0","0","0","https://twitter.com/DPP_IKAPPI/status/1204271439450275840","531259231","DPP_IKAPPI"
"1204122865236209664","Mon Dec 09 19:37:17 +0000 2019","0","Manfaat menyontek : 1. otot mata sehat 2. kreatifitas meningkat 3. Meningkatkn sosial teman 4. Nilai bagus 5. Melatih kecepatan gerak","1204122865236209664","","","in","","0","0","0","https://twitter.com/asihpriyati1/status/1204122865236209664","2191779301","asihpriyati1"
"1204053758994313216","Mon Dec 09 15:02:41 +0000 2019","0","UPZIS NU CARE LAZISNU MWC NU CANDI mengadakan Bhakti Sosial Pengobatan Gratis &amp; Cek Kesehatan Dhu'afa. Acara ini bekerja sama dgn BAZNAS RUMAH SEHAT AL CHUSNAINI Kloposepuluh Sukodono Sidoarjo Jatim yang dibantu oleh Kader-kader GP. ANSOR Ranting Gelam Candi Sidoarjo (9/12) https://t.co/wN15NxxvZ8","1204053758994313216","https://pbs.twimg.com/media/ELWogfQU4AEY3gJ.jpg","","in","","0","0","0","https://twitter.com/76_nursalim/status/1204053758994313216","855472622","76_nursalim"
"1203999623565545473","Mon Dec 09 11:27:34 +0000 2019","3","Bukan saling sindir twit klo sdh dilempar ke publik WAJIB MEMPUNYAI TANGGUNG JAWAB SOSIAL ini media umum semua berhak berekspresi selama sehat+edukatif yg terjadi yg berusaha edukasi malah dikira nyinyir renggang/tidak tergantung yg menyikapi Sdh dewaskah kita?","1203999623565545473","","","in","5G","0","0","1","https://twitter.com/ayooogr/status/1203999623565545473","1241449891","ayooogr"
"1203918713772298243","Mon Dec 09 06:06:03 +0000 2019","4","Beredar foto surat edaran pemberhentian Kartu Sehat (KS) Bekasi di media sosial. Dalam surat itu tertulis bahwa pelayanan kartu sehat diberhentikan pada Januari 2020. Bagaimana faktanya? #KartuSehatBekasi https://t.co/D19AvWluzf","1203918713772298243","","","in","","0","0","2","https://twitter.com/detikcom/status/1203918713772298243","69183155","detikcom"
"1203914524551569409","Mon Dec 09 05:49:24 +0000 2019","0","Itulah gunanya bermedia sosial yg sehat. Bisa berbagi ilmu buat temen yg ngga tahu Sabar selalu dan jangan lupa @CintaDamai8585 ","1203914524551569409","","","in","Jakarta Capital Region","0","0","0","https://twitter.com/888Noer/status/1203914524551569409","3014065326","888Noer"
"1203896373180977152","Mon Dec 09 04:37:17 +0000 2019","0","Manfaat menyontek : 1. otot mata sehat 2. kreatifitas meningkat 3. Meningkatkn sosial teman 4. Nilai bagus 5. Melatih kecepatan gerak","1203896373180977152","","","in","","0","0","0","https://twitter.com/asihpriyati1/status/1203896373180977152","2191779301","asihpriyati1"
"1203704063176523776","Sun Dec 08 15:53:07 +0000 2019","6396","Media sosial sudah jadi kurang sehat kalau kamu mulai merasa lifestyle orang lain gaya pacaran orang lain dll adalah goals dan kamu adalah kentank.","1203704063176523776","","","in","Indonesia","107","122","2492","https://twitter.com/JeromePolin/status/1203704063176523776","1043820778519580672","JeromePolin"
"1203669882786594816","Sun Dec 08 13:37:17 +0000 2019","0","Manfaat menyontek : 1. otot mata sehat 2. kreatifitas meningkat 3. Meningkatkn sosial teman 4. Nilai bagus 5. Melatih kecepatan gerak","1203669882786594816","","","in","","0","0","0","https://twitter.com/asihpriyati1/status/1203669882786594816","2191779301","asihpriyati1"
"1203658396487974913","Sun Dec 08 12:51:39 +0000 2019","0","empat sehat lima keadilan sosial bagi sluruh rakyat","1203658396487974913","","","in","","0","0","0","https://twitter.com/berhenty/status/1203658396487974913","859652261462417408","berhenty"
"1203644083148713984","Sun Dec 08 11:54:46 +0000 2019","0","#blogger Apa yang kamu rasakan bang aku juga ngerasain. Bahkan aku di jalan 3 tahun ini tanpa hp dan sosial media jadi sirahtuhrahmi itu berat! Sehat sehat selalu...","1203644083148713984","","","in","Pekanbaru- Indonesia","0","1","0","https://twitter.com/abdi_cakrawala/status/1203644083148713984","264278480","abdi_cakrawala"
"1203601609491668992","Sun Dec 08 09:06:00 +0000 2019","0","#GoodEvent 62 Tahun Hari Perkebunan diadakan rangkaian kegiatan: Bhakti Sosial Pameran Bazaar Gala Dinner Senam Bersama &amp; Jalan Sehat | Talkshow &amp; Pemberian Penghargaan | 10-12 Des '19 | Kampus Polbangtan Jl. DR. Cipto 144a Lawang | info: https://t.co/H6HFFbQzMu https://t.co/LyBNeJSSGy","1203601609491668992","https://pbs.twimg.com/media/EIwfmcbUwAA2v96.jpg","","in","Malang","0","0","0","https://twitter.com/good_mlg/status/1203601609491668992","1158614519217700865","good_mlg"
"1203548080429244416","Sun Dec 08 05:33:17 +0000 2019","0","Emang siii ituuu anak loe tapiii emang nya gaa ada waktu lagiii ampe musti ambil waktu tidur nyenyak nya anak loe? Lhaaa waktu loe ajaa kloo di ganggu orang laen kadang suka gaa enak hati pan cik di pikir lahhh dengan sehat &amp; lebih baik..Jangan penting in Sosial media !!! ️","1203548080429244416","","","in","Bandung,Indonesia","0","0","0","https://twitter.com/luckyairlangga/status/1203548080429244416","251757751","luckyairlangga"
"1203524434335694848","Sun Dec 08 03:59:20 +0000 2019","0","Lewat Jalan Sehat Para Istri Menteri Adakan Berbagai Program Sosial https://t.co/AB5EZ3pdmb","1203524434335694848","","","in","Jakarta Pusat, DKI Jakarta","0","0","0","https://twitter.com/SINDOnews/status/1203524434335694848","231355136","SINDOnews"
"1203518023165870081","Sun Dec 08 03:33:51 +0000 2019","0","Jaga paru parumu. Sehat itu mahal...️ . . . By @galihendiyana . Thanks for your support. Follow terus sosial media kami. . Safety first️ https://t.co/n95kw0GxT5 . #infohseid #infotraining #hseindonesia #safety https://t.co/BwnsImikNP","1203518023165870081","","","in","Jakarta Capital Region, Indone","0","0","0","https://twitter.com/Infohseid/status/1203518023165870081","1108002707409793024","Infohseid"
"1203443387057094656","Sat Dec 07 22:37:17 +0000 2019","0","Manfaat menyontek : 1. otot mata sehat 2. kreatifitas meningkat 3. Meningkatkn sosial teman 4. Nilai bagus 5. Melatih kecepatan gerak","1203443387057094656","","","in","","0","0","0","https://twitter.com/asihpriyati1/status/1203443387057094656","2191779301","asihpriyati1"
"1203359100211384320","Sat Dec 07 17:02:21 +0000 2019","1","Yg model ginian bebas di group2 pendukung Presiden @jokowi ini PR Presiden sebagai pemimpin untuk menertibkan rakyat melalui instrumen hukum ITE Ujaran kebencian saling hina hingga timbul gaduh dan hukum jalanan seperti di Solo Ini tidak sehat utk sosial bermasyarakat https://t.co/7XpybUPhih","1203359100211384320","https://pbs.twimg.com/media/ELMwuG5UYAIA_DA.jpg","","in","𝘽𝙖𝙩𝙖𝙢 ↔️𝙅𝙖𝙠𝙖𝙧𝙩𝙖","0","0","0","https://twitter.com/InayahRasyid/status/1203359100211384320","2645700810","InayahRasyid"
"1203216894855004162","Sat Dec 07 07:37:17 +0000 2019","0","Manfaat menyontek : 1. otot mata sehat 2. kreatifitas meningkat 3. Meningkatkn sosial teman 4. Nilai bagus 5. Melatih kecepatan gerak","1203216894855004162","","","in","","0","0","0","https://twitter.com/asihpriyati1/status/1203216894855004162","2191779301","asihpriyati1"
"1202990401033924608","Fri Dec 06 16:37:16 +0000 2019","0","Manfaat menyontek : 1. otot mata sehat 2. kreatifitas meningkat 3. Meningkatkn sosial teman 4. Nilai bagus 5. Melatih kecepatan gerak","1202990401033924608","","","in","","0","0","0","https://twitter.com/asihpriyati1/status/1202990401033924608","2191779301","asihpriyati1"
"1202941953421086720","Fri Dec 06 13:24:45 +0000 2019","1","Beberapa hari yg lalu ngaji gus Baha belajar ilmu sosial yang sehat dari situ nangkep bahwa membeli dagangan orang lain itu termasuk sodakoh lebih mulia drpd ngemis.","1202941953421086720","","","in","","0","1","1","https://twitter.com/uxbdlld/status/1202941953421086720","518133670","uxbdlld"
"1202890201275625472","Fri Dec 06 09:59:07 +0000 2019","10","Kabaharkam Polri pimpin bakti sosial dan pembagian sembako gratis kepada masyarakat di Kelurahan Karang Anyar Palembang Sumsel Kamis (5/12). Baksos yang mengusung tema Merajut Kebhinekaan membangun kebersamaan guna mewujudkan Indonesia Sehat dihadiri ribuan masyarakat. https://t.co/fjAClyQ05E","1202890201275625472","https://pbs.twimg.com/media/ELGGQXcUUAEswWn.jpg","","in","","0","0","0","https://twitter.com/DivHumas_Polri/status/1202890201275625472","138290629","DivHumas_Polri"
"1202882552266031106","Fri Dec 06 09:28:43 +0000 2019","0","Potret kepedulian Kabaharkam Polri Komjen Pol. Drs. Firli https://t.co/LGvvQZJjqJ. saat menggelar kegiatan Bakti Sosial Merajut Kebhinekaan Membangun kebersamaan Guna Mewujudkan Indonesia Sehat untuk masyarakat di Provinsi Sumsel Jumat (6/12).@DivHumas_Polri https://t.co/bSnc18qEtU","1202882552266031106","https://pbs.twimg.com/media/ELF_TPwVAAIqKL4.jpg","","in","Jl johan idrus","0","0","0","https://twitter.com/SatPolresta/status/1202882552266031106","1184381632792260610","SatPolresta"
"1202862691213176833","Fri Dec 06 08:09:48 +0000 2019","21","Potret kepedulian Kabaharkam Polri Komjen Pol. Drs. Firli https://t.co/4DihjLYjFu. saat menggelar kegiatan Bakti Sosial Merajut Kebhinekaan Membangun kebersamaan Guna Mewujudkan Indonesia Sehat untuk masyarakat di Provinsi Sumsel Jumat (6/12). https://t.co/znp5dR5r8T","1202862691213176833","https://pbs.twimg.com/media/ELFtPC-U8AALlnb.jpg","","in","","0","1","2","https://twitter.com/DivHumas_Polri/status/1202862691213176833","138290629","DivHumas_Polri"
"1202844677180809216","Fri Dec 06 06:58:13 +0000 2019","0","Suku dalam negeri tak kunjung stabil Ku lihat tiada tanda-tanda penistaan akan berakhir. Akal sehat di perkosa Ku baca koran mana yang berimbang Kiniku beralih ke televisi. dimana khilaf semua terekam media sosial jadi ladang perang kulihat ranjau di banyak postingan.","1202844677180809216","","","in","","0","0","0","https://twitter.com/HapipRizky/status/1202844677180809216","1086945999669477376","HapipRizky"
"1202824699316621312","Fri Dec 06 05:38:50 +0000 2019","0","twitter dan segala sosial media ini mulai tidak sehat","1202824699316621312","","","in","","0","0","0","https://twitter.com/matchalahmu/status/1202824699316621312","955206097","matchalahmu"
"1202774099363106816","Fri Dec 06 02:17:46 +0000 2019","0","Mending ga usah pacaran kalau ujungnya berduaan tapi masih ttp update sosial media. Kasian tu pacar udah merjuangin susah kudu deg2an tiap bales chat bilangnya kangen eh gilarn ketemu malah liat story orang laen. Situ sehat ya?","1202774099363106816","","","in","Indonesia","0","0","0","https://twitter.com/OGPAW_/status/1202774099363106816","1424983736","OGPAW_"
"1202768309055193088","Fri Dec 06 01:54:45 +0000 2019","0","Jum'at 06-12-2019 Giat Bhakti Sosial Lembaga Lanjut Usia (LLI) Tk. Kecamatan Lengkong Kota Bandung yang di rangkai dengan Gerakan Senam Sehat Lansia (LLI) Kelurahan Paledang Kecamatan Lengkong Kota Bandung https://t.co/6QTgzx5tuX","1202768309055193088","","","in","Lengkong, Indonesia","0","0","0","https://twitter.com/kelpaledang_/status/1202768309055193088","4776797598","kelpaledang_"
"1202763912304685061","Fri Dec 06 01:37:17 +0000 2019","0","Manfaat menyontek : 1. otot mata sehat 2. kreatifitas meningkat 3. Meningkatkn sosial teman 4. Nilai bagus 5. Melatih kecepatan gerak","1202763912304685061","","","in","","0","0","0","https://twitter.com/asihpriyati1/status/1202763912304685061","2191779301","asihpriyati1"
"1202756353086779392","Fri Dec 06 01:07:15 +0000 2019","0","sehat menurut @WHO : - sehat jasmani - sehat rohani - sehat sosial https://t.co/fa9GgcVKPx","1202756353086779392","https://pbs.twimg.com/media/ELEMhz-U0AEhdAN.jpg","","in","jakarta 💕💚💚 ","0","0","0","https://twitter.com/OO38220246/status/1202756353086779392","865001604944076800","OO38220246"
"1202600275397079046","Thu Dec 05 14:47:03 +0000 2019","0","[ Posyandu Dies Natalis Itenas ke-47 ] --- Dalam rangkaian acara Dies Natalis ke-47 Institut Teknologi Nasional Bandung mengadakan Bakti Sosial berupa Posyandu untuk menjaga anak dan Ibu tetap sehat. Acara ini https://t.co/kdLMtesUFK","1202600275397079046","","","in","","0","0","0","https://twitter.com/itenas_official/status/1202600275397079046","852388532777697280","itenas_official"
"1202537421071503360","Thu Dec 05 10:37:17 +0000 2019","0","Manfaat menyontek : 1. otot mata sehat 2. kreatifitas meningkat 3. Meningkatkn sosial teman 4. Nilai bagus 5. Melatih kecepatan gerak","1202537421071503360","","","in","","0","0","0","https://twitter.com/asihpriyati1/status/1202537421071503360","2191779301","asihpriyati1"
"1202533471937130496","Thu Dec 05 10:21:36 +0000 2019","0","BAKTI SOSIAL Merajut kebhenikaan membangung kebersamaan guna mewujudkan Indonesia sehat . @divisihumaspolri @priyowidyanto @multimedia.humaspolri @multimedia.poldasumsel @rudisetiawan.93 @supriadi_bd91 @Polsek_kertapati @polisi_sumsel @didihayamansyah96 @andes9899 https://t.co/0H58wFXT6k","1202533471937130496","https://pbs.twimg.com/media/ELBBz2eUEAAiNBF.jpg","","in","","0","0","0","https://twitter.com/PolsekKertapat1/status/1202533471937130496","1102388148997283840","PolsekKertapat1"
"1202533125533790208","Thu Dec 05 10:20:13 +0000 2019","0","BAKTI SOSIAL Merajut kebhenikaan membangung kebersamaan guna mewujudkan Indonesia sehat . @divisihumaspolri @priyowidyanto @multimedia.humaspolri @multimedia.poldasumsel @rudisetiawan.93 @supriadi_bd91 @Polsek_kertapati @polisi_sumsel @didihayamansyah96 @andes9899 https://t.co/RPeBsv7gI1","1202533125533790208","https://pbs.twimg.com/media/ELBBfoSU8AE1OSk.jpg","","in","","0","0","0","https://twitter.com/PolsekKertapat1/status/1202533125533790208","1102388148997283840","PolsekKertapat1"
"1202532488339320832","Thu Dec 05 10:17:41 +0000 2019","0","BAKTI SOSIAL Merajut kebhenikaan membangung kebersamaan guna mewujudkan Indonesia sehat . @divisihumaspolri @priyowidyanto @multimedia.humaspolri @multimedia.poldasumsel @rudisetiawan.93 @supriadi_bd91 @Polsek_kertapati @polisi_sumsel @didihayamansyah96 @andes9898 https://t.co/iPdzGHDO1V","1202532488339320832","https://pbs.twimg.com/media/ELBA6mjUwAcZ8Yz.jpg","","in","","0","0","0","https://twitter.com/PolsekKertapat1/status/1202532488339320832","1102388148997283840","PolsekKertapat1"
"1202499346450673664","Thu Dec 05 08:06:00 +0000 2019","0","#GoodEvent 62 Tahun Hari Perkebunan diadakan rangkaian kegiatan: Bhakti Sosial Pameran Bazaar Gala Dinner Senam Bersama &amp; Jalan Sehat | Talkshow &amp; Pemberian Penghargaan | 10-12 Des '19 | Kampus Polbangtan Jl. DR. Cipto 144a Lawang | info: https://t.co/H6HFFc8aE2 https://t.co/IQgpG5qfl3","1202499346450673664","https://pbs.twimg.com/media/EIwfgTzVUAAEXxn.jpg","","in","Malang","0","0","0","https://twitter.com/good_mlg/status/1202499346450673664","1158614519217700865","good_mlg"
"1202415280120418304","Thu Dec 05 02:31:57 +0000 2019","0","Selalu sehat Dan Berkah Dalam Membangun Infrastructure yang Berkeadilan Sosial Pak Bas @KemenPU ..","1202415280120418304","","","in","South Jakarta, Indonesia","0","0","0","https://twitter.com/Jackelkotjo/status/1202415280120418304","524567380","Jackelkotjo"
"1202410813333442560","Thu Dec 05 02:14:12 +0000 2019","0","Bablas pagi ini seru diajak ngobrol sama veteran Namanya bapak suryadi umur 90 tahun Pemahaman ilmu nya masih bagus banget agama sosial tehnik dll Berasa kultum 30 menit di dalem bis Sehat selalu pak semoga bisa ketemu lagi","1202410813333442560","","","in","Banten - indonesia","0","0","0","https://twitter.com/Rinutama_/status/1202410813333442560","615738713","Rinutama_"
"1202388881246605312","Thu Dec 05 00:47:03 +0000 2019","3","Artinya.. Kalau yang berlawanan dengan arah politik kalian boleh dighibahin gitu? Jadi akun media sosial makanya yang rasional laah. Akal sehat. Logic aja... Seperti yang lain juga banyak yang biasa... spt ungkapan : Ah masa.. Oh iyakah... Sedih juga ya... Ya udah gitu aja","1202388881246605312","","","in","In a clear heart and conscienc","0","0","0","https://twitter.com/conan_idn/status/1202388881246605312","2950033490","conan_idn"
"1202310925266472960","Wed Dec 04 19:37:17 +0000 2019","0","Manfaat menyontek : 1. otot mata sehat 2. kreatifitas meningkat 3. Meningkatkn sosial teman 4. Nilai bagus 5. Melatih kecepatan gerak","1202310925266472960","","","in","","0","0","0","https://twitter.com/asihpriyati1/status/1202310925266472960","2191779301","asihpriyati1"
"1202108805946851328","Wed Dec 04 06:14:08 +0000 2019","13","KKP dukung penuh pencegahan dan pemberantasan korupsi. Melalui peringatan Hari Anti Korupsi Se-Dunia di KKP Tahun 2019 beragam acara digelar dari Jalan Sehat Bakti Sosial hingga acara puncak Talk Show dengan narasumber para pakar yang tidak diragukan semangat anti korupsinya! https://t.co/T5n3Fnj5M0","1202108805946851328","https://pbs.twimg.com/media/EK6_k7cUwAEkDsK.jpg","","in","Jakarta Capital Region","0","0","6","https://twitter.com/ITJEN_KKP/status/1202108805946851328","4274337079","ITJEN_KKP"
"1202084438051606528","Wed Dec 04 04:37:18 +0000 2019","0","Manfaat menyontek : 1. otot mata sehat 2. kreatifitas meningkat 3. Meningkatkn sosial teman 4. Nilai bagus 5. Melatih kecepatan gerak","1202084438051606528","","","in","","0","0","0","https://twitter.com/asihpriyati1/status/1202084438051606528","2191779301","asihpriyati1"
"1201971193412120576","Tue Dec 03 21:07:18 +0000 2019","0","Manfaat menyontek : 1. otot mata sehat 2. kreatifitas meningkat 3. Meningkatkn sosial teman 4. Nilai bagus 5. Melatih kecepatan gerak","1201971193412120576","","","in","","0","0","0","https://twitter.com/asihpriyati1/status/1201971193412120576","2191779301","asihpriyati1"
"1201744702132719616","Tue Dec 03 06:07:18 +0000 2019","0","Manfaat menyontek : 1. otot mata sehat 2. kreatifitas meningkat 3. Meningkatkn sosial teman 4. Nilai bagus 5. Melatih kecepatan gerak","1201744702132719616","","","in","","0","0","0","https://twitter.com/asihpriyati1/status/1201744702132719616","2191779301","asihpriyati1"
"1201638574719995907","Mon Dec 02 23:05:36 +0000 2019","0","LOWONGAN KERJA IKHWAN - DEPOK CONTENT CREATIVE Bismillah. ADL Sinergi Yayasan yang fokus dibidang Sosial dan Pendidikan Anak. Sedang membuka lowongan sebagai Creative Content. Kriteria : - Muslim sehat jasmani https://t.co/F9AdJzRCKw","1201638574719995907","","","in","Jakarta","0","0","0","https://twitter.com/maisyah_id/status/1201638574719995907","1168733818053771264","maisyah_id"
"1201518208009658368","Mon Dec 02 15:07:18 +0000 2019","0","Manfaat menyontek : 1. otot mata sehat 2. kreatifitas meningkat 3. Meningkatkn sosial teman 4. Nilai bagus 5. Melatih kecepatan gerak","1201518208009658368","","","in","","0","0","0","https://twitter.com/asihpriyati1/status/1201518208009658368","2191779301","asihpriyati1"
"1201443221693440000","Mon Dec 02 10:09:20 +0000 2019","0","'Gebyar Budaya dan Sosialisasi Internet Sehat' Bersama #KemdesSukalilah dan diskominfogarut diskominfogrt Internet dan Sosial media merupakan salah satu alat dalam memperkenalkan dan https://t.co/ng0tblwG7u","1201443221693440000","","","in","abad 21","0","0","0","https://twitter.com/AtiahZR/status/1201443221693440000","1562071664","AtiahZR"
"1201291714951991296","Mon Dec 02 00:07:18 +0000 2019","0","Manfaat menyontek : 1. otot mata sehat 2. kreatifitas meningkat 3. Meningkatkn sosial teman 4. Nilai bagus 5. Melatih kecepatan gerak","1201291714951991296","","","in","","0","0","0","https://twitter.com/asihpriyati1/status/1201291714951991296","2191779301","asihpriyati1"
"1201165676070588417","Sun Dec 01 15:46:28 +0000 2019","0","Selamat pagi Indonesia... Menuju keadilan sosial bagi seluruh rakyat Indonesia... Sehat Jiwanya sehat badannya... Merdeka!!! @ Bunderan H.I. Jakarta Pusat DKI Jakarta 10310 Sudirman https://t.co/iDUuCA4tUh","1201165676070588417","","","in","Sidoarjo Jawa Timur","0","0","0","https://twitter.com/Adri_Istambul/status/1201165676070588417","434062460","Adri_Istambul"
"1201147467103756290","Sun Dec 01 14:34:07 +0000 2019","16","HIV/AIDS Dampak Sosial dan Pentingnya Membangun Relasi yang Sehat https://t.co/kdbuXa1xQK","1201147467103756290","","","in","Indonesia","0","0","7","https://twitter.com/kompasiana/status/1201147467103756290","23786106","kompasiana"
"1201146258779525122","Sun Dec 01 14:29:18 +0000 2019","0","*Lepas Peserta Jalan Sehat di Arena CFD Mensos Serukan Pemenuhan Hak Bagi Penyandang Disabilitas* *JAKARTA (01/12/2019)* - Menteri Sosial Juliari P. Batubara menyerukan kepada seluruh pemangku kepentingan untuk https://t.co/pFZ5s455Ti","1201146258779525122","","","in","Matesih, Indonesia","0","0","0","https://twitter.com/mudha_satriya/status/1201146258779525122","498272759","mudha_satriya"
"1201144154010439680","Sun Dec 01 14:20:57 +0000 2019","0","Malam sobat sehat tidak terasa sudah sampai di Desember tahun ini ya semoga sobat selalu dilimpahi kesehatan. Jangan lupa untuk update sosial media #Herbacive untuk info serta promo dan pastinya konsultasi kesehatan Sobat! https://t.co/midpYcuZoE","1201144154010439680","https://pbs.twimg.com/media/EKtSOt1UYAAI3xr.png","","in","Indonesia","0","0","0","https://twitter.com/herbacive/status/1201144154010439680","1091236343722590209","herbacive"
"1201103544104833024","Sun Dec 01 11:39:34 +0000 2019","21","Rangkaian peringatan Hari Disabilitas Internasional 2019 ditandai dengan kegiatan olahraga. Bersama keluarga Menteri Sosial @juliaribatubara mengikuti kegiatan jalan sehat dengan 1000-an penyandang disabilitas. @KemensosRI #DisabilityDay2019 #Kemensos https://t.co/NgJGU0gcN4","1201103544104833024","","","in","Indonesia","0","2","11","https://twitter.com/Relawan_GPXMMD/status/1201103544104833024","1457046180","Relawan_GPXMMD"
"1201065226080178176","Sun Dec 01 09:07:19 +0000 2019","0","Manfaat menyontek : 1. otot mata sehat 2. kreatifitas meningkat 3. Meningkatkn sosial teman 4. Nilai bagus 5. Melatih kecepatan gerak","1201065226080178176","","","in","","0","0","0","https://twitter.com/asihpriyati1/status/1201065226080178176","2191779301","asihpriyati1"
"1201052840464044032","Sun Dec 01 08:18:06 +0000 2019","0","PPKS BRSPDI Ciungwanara Bogor berpartisipasi dalam jalan sehat HDI 2019 JAKARTA MINGGU (01/12/2019). Pemerlu Pelayanan Kesejahteraan Sosial (PPKS) bersama pendamping Balai Rehabilitasi Sosial Penyandang https://t.co/qSs7N48Iev","1201052840464044032","","","in","Cibinong, Indonesia","0","0","0","https://twitter.com/BRSPDI_Ciung/status/1201052840464044032","993662643339579392","BRSPDI_Ciung"
"1201041345646743552","Sun Dec 01 07:32:25 +0000 2019","0","Berkompetisi dengan sehat. . . . By em_rizkyptm . Thanks for your support. Follow terus sosial media kami. . Safety first️ https://t.co/n95kw0GxT5 . #infohseid #infotraining #hseindonesia #safety #infoloker #infokerja https://t.co/GRNcv82XGU","1201041345646743552","","","in","Jakarta Capital Region, Indone","0","0","0","https://twitter.com/Infohseid/status/1201041345646743552","1108002707409793024","Infohseid"
"1201019272182390784","Sun Dec 01 06:04:43 +0000 2019","1","6 Personil Polsek Grogol melaksanakan Pengamanan Kegiatan Senam Sehat Gerakan Masyarakat Hidup Sehat Penerima Bantuan Sosial Kecamatan Grogol Tahun 2019 yang diselenggarakan oleh Panitia GERMAS Kec. Grogol Kabupaten Sukoharjo tanggal 1 Desember 2019. #polisisukoharjo https://t.co/3ijYMkFC2l","1201019272182390784","https://pbs.twimg.com/media/EKrgqNBUcAAvI6h.jpg","","in","","0","0","0","https://twitter.com/GrogolPolsek/status/1201019272182390784","1186545753243521025","GrogolPolsek"
"1201015856043479041","Sun Dec 01 05:51:08 +0000 2019","2","Hallo #sobatsosial senang sekali pagi ini Menteri Sosial @juliaribatubara dan Istri didamping Dirjen Rehabilitasi Sosial @edisuhartophd dan Istri hadir membuka secara resmi acara Car Free day dan Gerak Jalan Sehat dalam Rangka Hari Disabilitas Internasional (HDI) 2019. https://t.co/V5DvX6BG9C","1201015856043479041","https://pbs.twimg.com/media/EKrdhqeUcAE9Wfa.jpg","","in","Kementerian Sosial","0","0","1","https://twitter.com/DITJEN_REHSOS/status/1201015856043479041","1156565611","DITJEN_REHSOS"
"1201005598365511680","Sun Dec 01 05:10:22 +0000 2019","13","Terima kasih Kementrian Sosial telah mengundang saya di acara Jalan sehat tadi . Sangat menyenangkan sekali membagikan inspirasi kpd orang banyak","1201005598365511680","","","in","malang  / jakarta ","0","6","2","https://twitter.com/daniaaditya/status/1201005598365511680","452535415","daniaaditya"
"1200986509987500033","Sun Dec 01 03:54:31 +0000 2019","0","Beta absen dl Kmaren yang hadir di SOSIAL DISTORSI II semua sehat ko atau su sekarat ","1200986509987500033","","","in","","0","0","0","https://twitter.com/rockie25dv/status/1200986509987500033","3232598520","rockie25dv"
"1200981531424018432","Sun Dec 01 03:34:44 +0000 2019","0","Untuk lebih dipahami bahwa asuransi sosial merupakan bentuk gotong royong dari bapak ibu yang sehat untuk saudara kita yang sakit. https://t.co/cw04Qj9v4V","1200981531424018432","","","in","Indonesia, watampone","0","0","0","https://twitter.com/arisanti1804/status/1200981531424018432","91968786","arisanti1804"
"1200978393568665601","Sun Dec 01 03:22:16 +0000 2019","2"," Hari ini kita berjalan sehat berolahraga dengan teman-teman disabilitas dalam rangkaian memeringati Hari Disabilitas Internasional kata Menteri Sosial RI Juliari P. Batubara. https://t.co/SvFixQ87O0","1200978393568665601","","","in","NKRI","0","0","0","https://twitter.com/antaranews/status/1200978393568665601","18071520","antaranews"
