"conversation_id_str","created_at","favorite_count","full_text","id_str","image_url","in_reply_to_screen_name","lang","location","quote_count","reply_count","retweet_count","tweet_url","user_id_str","username"
"1332836677279105029","Sun Nov 29 00:00:01 +0000 2020","49","Apakah kamu pengguna media sosial yang sehat? Yuk simak nasihat baik dari abah berikut ini! Jangan lewatkan #TasbihIndosiar pukul 06.00 WIB di @indosiar https://t.co/Oafv1W0ysg","1332836677279105029","https://pbs.twimg.com/amplify_video_thumb/1331856330194186240/img/XvVMo8dMHhFkUbYT.jpg","","in","Indonesia","0","2","1","https://twitter.com/Indosiar/status/1332836677279105029","351999221","Indosiar"
"1332736875509862401","Sat Nov 28 17:23:26 +0000 2020","5","Empat sehat lima keadilan sosial bagi seluruh rakyat Indonesia. https://t.co/9iDxzStEQx","1332736875509862401","https://pbs.twimg.com/media/En7VHJPUUAAioIs.jpg","","in","Lampung, Indonesia","0","0","0","https://twitter.com/alfiandi01/status/1332736875509862401","1100305990631579649","alfiandi01"
"1332723113834946560","Sat Nov 28 16:28:45 +0000 2020","1","Tiba-tiba keingetan sama orang-orang yg dulu deket banget terus sekarang ngga tau gimana kabarnya. Gak bisa ditrace sosial medianya. Semoga pada sehat-sehat dan bahagia ya","1332723113834946560","","","in","","0","0","10","https://twitter.com/nisamariaulfa/status/1332723113834946560","101277048","nisamariaulfa"
"1332678836681465858","Sat Nov 28 13:32:49 +0000 2020","0","semuanya serba virtual charity event banyak diselenggarakan ekonomi terombang-ambing masyarakat bingung akan keadaan sosial dan ekonominya semoga duaribu duasatu lebih baik dan ada hikmah yang didapatkan salut buat jjk 2020 yg tetap eksis di kala pandemi ini sehat boskuu https://t.co/o33z1rj5rK","1332678836681465858","https://pbs.twimg.com/media/En6gVnYUcAEJazJ.jpg","","in","Malang East Java","0","0","0","https://twitter.com/hizqilasharicp/status/1332678836681465858","1460960496","hizqilasharicp"
"1332577845227360256","Sat Nov 28 06:51:31 +0000 2020","8","Sama² bocil sama² egois sama² ga ngotak. Bisa gausah saling lempar-lemparan ga? Itu cuman buat lo keliatan ga sehat sosial lol","1332577845227360256","","","in","Bora bora v bora","0","0","1","https://twitter.com/Szylsa/status/1332577845227360256","1258386366263472130","Szylsa"
"1332558858481401858","Sat Nov 28 05:36:04 +0000 2020","1","Rupanya punya barisan pendukung fanatik sampai main ad hominem dan ucapan merendahkan bukan debat sehat. Sungguh suatu media intelektual progresif egaliter pejuang kesetaraan keadilan sosial woles panutan.","1332558858481401858","","","in","The Internet","0","0","0","https://twitter.com/SatyaPrapanca/status/1332558858481401858","933771803650068481","SatyaPrapanca"
"1332286206273409025","Fri Nov 27 11:32:38 +0000 2020","0","Apalah aku seperti burung pancasila indah namun tidak bisa terbang.. Dari aku yang makan 4 sehat 5 keadilan sosial bagi seluruh rakyat indonesia","1332286206273409025","","","in","UPDATE ONLY","0","0","0","https://twitter.com/choi_sh_ttop/status/1332286206273409025","1543927370","choi_sh_ttop"
"1332211613449895943","Fri Nov 27 06:36:14 +0000 2020","0","Sebagai wujud nyata kepedulian TNI - POLRI kepada masyarakat. Polres Indramayu bersama @kodimindramayu melakukan bakti sosial serentak di seluruh Indramayu untuk membantu meringankan beban masyarakat yang terdampak pandemi covid 19. Semoga kita semua selalu sehat. https://t.co/FAiOiYm3qA","1332211613449895943","https://pbs.twimg.com/media/Enz3ZsiUwAA8EiY.jpg","","in","Indramayu, Indonesia","0","0","0","https://twitter.com/PSukagumiwang/status/1332211613449895943","991338482881650694","PSukagumiwang"
"1331956784769089536","Thu Nov 26 13:43:38 +0000 2020","0","Setuju banget percayalah adek2 manis media sosial banyak gak sehat nya buat kalian kasihan mental kalian tumbuh beriringan dengan kejamnya medsos So mending adek2 belajar kelompok aja ya","1331956784769089536","","","in","Jakarta Capital Region","0","0","0","https://twitter.com/silaaaa1001/status/1331956784769089536","1331295152539725824","silaaaa1001"
"1331951879488630785","Thu Nov 26 13:24:09 +0000 2020","0","pengen off sosial media dulu asli kek gak sehat banget jiwa ragaku ini.","1331951879488630785","","","in","","0","0","0","https://twitter.com/ujungbeb0/status/1331951879488630785","3036010832","ujungbeb0"
"1331882527494078465","Thu Nov 26 08:48:34 +0000 2020","0","Hp di pisah ? Mulai pelan pelan dipisah. Hp yang udh rusak aja ada 3. Beli baru 2 Satu udh digunakan buat media sosial. Satu lagi blm sampe. Yang lama 3 Buat WhatsApp pribadi 2 ga di gunakan ga sehat udh lemah syahwat.","1331882527494078465","","","in","Indonesia","0","1","0","https://twitter.com/pemilikmekdi/status/1331882527494078465","1231819777263337473","pemilikmekdi"
"1331775590521659393","Thu Nov 26 01:43:38 +0000 2020","21","4 sehat 5 keadilan sosial bagi seluruh rakyat indonesia.","1331775590521659393","","","in","","0","0","1","https://twitter.com/gunadi___/status/1331775590521659393","1289557754302984195","gunadi___"
"1331571961667850240","Wed Nov 25 12:14:29 +0000 2020","0","[ DIHARKOS : DISKUSI HARI KOSONG ] Halo Libs Apa kabar? Semoga selalu sehat ya. Kangen ga sih bahas isu-isu sosial-politik? Jangan sedih meskipun akan dilaksanakan secara online DIHARKOS akan tetap menyajikan isu seru dan baru https://t.co/yEYLfwm9IK","1331571961667850240","https://pbs.twimg.com/media/EnqxorUVoAICWys.jpg","","in","Bandung, Jawa Barat","0","1","0","https://twitter.com/BEM_Perpusinfo/status/1331571961667850240","1267729123687821313","BEM_Perpusinfo"
"1331474867514793984","Wed Nov 25 05:48:40 +0000 2020","0","Stabilitas ekonomi nasional yang sehat dan dinamis Pertumbuhan ekonomi yang tinggi Pemerataan pembangunan serta hasil hasilnya yang menuju terciptanya keadilan sosial bagi seluruh rakyat di Indonesia. 3. Pemulihan di Bidang Ekonomi https://t.co/UqPBRmbeSf","1331474867514793984","https://pbs.twimg.com/media/EnpZVH5VoAEnVzn.jpg","","in","Indonesia","0","0","0","https://twitter.com/muhamma35215575/status/1331474867514793984","1306928856650006528","muhamma35215575"
"1331163604003876867","Tue Nov 24 09:11:49 +0000 2020","3","Pemprov DKI Jakarta memperpanjang Pembatasan Sosial Berskala Besar (PSBB) Masa Transisi menuju masyarakat sehat aman dan produktif selama 14 hari 23 Nov - 6 Des 2020. via @DKIJakarta https://t.co/zPLLqu5WeP","1331163604003876867","https://pbs.twimg.com/media/EnbuemnXcAAurxi.jpg","","in","","2","0","2","https://twitter.com/RadioElshinta/status/1331163604003876867","121640063","RadioElshinta"
"1331154122465177601","Tue Nov 24 08:34:09 +0000 2020","0","Tidak terlalu mengikuti segala per-drama-an di sosial media adalah jalan ninjaku supaya bermental sehat.","1331154122465177601","","","in","loey•gyu•jin•pjh•jjh•eaJ","0","0","1","https://twitter.com/itsrealarin/status/1331154122465177601","2257444100","itsrealarin"
"1330737989153120256","Mon Nov 23 05:00:35 +0000 2020","3","Pemprov DKI Jakarta kembali memperpanjang Pembatasan Sosial Berskala Besar (PSBB) Masa Transisi menuju masyarakat sehat aman dan produktif selama 14 hari. https://t.co/PC2aopb7Us #vivacoid #PSBB #PSBBTransisi #aniesbaswedan #jakarta #ganjilgenap https://t.co/lR626KLomO","1330737989153120256","https://pbs.twimg.com/media/Ene7JdxXIAADYff.jpg","","in","","0","0","1","https://twitter.com/VIVAcoid/status/1330737989153120256","41730943","VIVAcoid"
"1330699904646217730","Mon Nov 23 02:29:15 +0000 2020","0","Demi siaran yang sehat jika wargi Jabar menemukan pelanggaran tayangan jangan lupa laporkan via media sosial kami. Ikuti langkah petunjuk tata cara pengaduan untuk lebih lanjut simak info diatas. Mari wargi Jabar tetap peduli terhadap tayangan siaran ya Selamat beraktivitas! https://t.co/M9YppcRxgn","1330699904646217730","https://pbs.twimg.com/media/EneYfhIUYAARoph.jpg","","in","SMS aduan 081573107000","0","0","0","https://twitter.com/kpidjabar1/status/1330699904646217730","2490643327","kpidjabar1"
"1330683460499894273","Mon Nov 23 01:23:54 +0000 2020","0","Sekarang media dan buzzeRp ribut soal propaganda sosial media... Padahal mereka udah melakukan hal itu tu sejak 2013 kewalahan ya dapat perlawanan akal sehat? Dung dung dung dung dung","1330683460499894273","","","in","Bukan Reklamasi","0","0","0","https://twitter.com/deni_beyna/status/1330683460499894273","29427580","deni_beyna"
"1330662346117746688","Mon Nov 23 00:00:00 +0000 2020","0","Pemprov DKI Jakarta kembali memperpanjang Pembatasan Sosial Berskala Besar (PSBB) Transisi menuju masyarakat sehat aman dan produktif selama 14 hari 23 Nov - 6 Des 2020. Buat #SahabatRTV jangan lupa 3M ya.. #PSBBTransisiJakarta #PSBB #Jakarta #CerdasCovid19 #LensaIndonesia https://t.co/jGRSXHdOdj","1330662346117746688","https://pbs.twimg.com/media/EncIcE3VcAAsjxY.jpg","","in","Indonesia","0","0","1","https://twitter.com/lensaRTV/status/1330662346117746688","2393930923","lensaRTV"
"1330660369669320704","Sun Nov 22 23:52:09 +0000 2020","1","Pemprov DKI Jakarta kembali memperpanjang Pembatasan Sosial Berskala Besar (PSBB) Masa Transisi menuju masyarakat sehat aman dan produktif selama 14 hari terhitung tanggal 23 November sampai dengan 6 Desember 2020 sebagai langkah antisipasi terhadap lonjakan kasus COVID-19. https://t.co/FavV2JWX1P","1330660369669320704","https://pbs.twimg.com/media/End0i_KUYAAtUZP.jpg","","in","Jakarta Selatan","1","0","0","https://twitter.com/KotaJaksel/status/1330660369669320704","1536237300","KotaJaksel"
"1330645170904203265","Sun Nov 22 22:51:45 +0000 2020","1","Sobat IBS... Baik buruk penggunaan media sosial ada di tangan pemegangnya. Mengapa medsos masif pasti ada sesuatu yang tidak beres dalam masyarakat Salam sehat Panglima TNI: Media Sosial Menjadi Media untuk Melakukan Perang Informasi https://t.co/kIIMFwU5VM","1330645170904203265","","","in","Indonesia","0","0","0","https://twitter.com/IndoBicaraSehat/status/1330645170904203265","1277895592170016769","IndoBicaraSehat"
"1330635104717217793","Sun Nov 22 22:11:45 +0000 2020","0","Pengkritik Akal sehat Menegakkan Keadilan &amp; kejujuran..di Curigai. Padahal Semua Untuk Keseimbangan agar Harmonisasi Ber BANGSA &amp; Ber Negara Terlaksana. Kini Media Sosial Pun dianggap ALAT Propaganda. Tapi Untuk dirinya Dianggap Tidak ada.. Karena Di Fihak ISTANA. Adilkah?","1330635104717217793","","","in","","0","0","0","https://twitter.com/mulyawans07/status/1330635104717217793","1280647903355080707","mulyawans07"
"1330631067468873728","Sun Nov 22 21:55:43 +0000 2020","12","Pemprov DKI Jakarta memperpanjang Pembatasan Sosial Berskala Besar (PSBB) Masa Transisi menuju masyarakat sehat aman dan produktif selama 14 hari mulai 23 November hingga 6 Desember 2020. via @DKIJakarta https://t.co/o4YACOTbHQ","1330631067468873728","https://pbs.twimg.com/media/EndY_RwVQAA_Up_.jpg","","in","","0","6","5","https://twitter.com/RadioElshinta/status/1330631067468873728","121640063","RadioElshinta"
"1330522641350885376","Sun Nov 22 14:44:52 +0000 2020","13","Pemprov DKI Jakarta memperpanjang Pembatasan Sosial Berskala Besar (PSBB) Masa Transisi menuju masyarakat sehat aman dan produktif selama 14 hari 23 Nov - 6 Des 2020. https://t.co/zPLLqu5WeP via @DKIJakarta","1330522641350885376","https://pbs.twimg.com/media/EnbuemnXcAAurxi.jpg","","in","","5","6","4","https://twitter.com/RadioElshinta/status/1330522641350885376","121640063","RadioElshinta"
"1330515976207564801","Sun Nov 22 14:18:23 +0000 2020","16","Pemprov DKI Jakarta memperpanjang Pembatasan Sosial Berskala Besar (PSBB) Masa Transisi menuju masyarakat sehat aman dan produktif selama 14 hari 23 Nov - 6 Des 2020. https://t.co/zPLLqu5WeP via @DKIJakarta","1330515976207564801","https://pbs.twimg.com/media/EnbuemnXcAAurxi.jpg","","in","","1","1","5","https://twitter.com/RadioElshinta/status/1330515976207564801","121640063","RadioElshinta"
"1330513911905390597","Sun Nov 22 14:10:11 +0000 2020","23","Pemprov DKI Jakarta memperpanjang Pembatasan Sosial Berskala Besar (PSBB) Masa Transisi menuju masyarakat sehat aman dan produktif selama 14 hari 23 Nov - 6 Des 2020. #JagaJakarta #JakartaTanggapCorona #HadapiBersama #PSBBJakarta #PSBBTransisi @DKIJakarta @M_Asmara1701 https://t.co/00bwcfk1yp","1330513911905390597","https://pbs.twimg.com/media/EnbvWcoXEAEsaHC.jpg","","in","DKI Jakarta, Indonesia","0","1","4","https://twitter.com/kebijakananies_/status/1330513911905390597","1280945457716318209","kebijakananies_"
"1330512965632630784","Sun Nov 22 14:06:25 +0000 2020","538","Pemprov DKI Jakarta memperpanjang Pembatasan Sosial Berskala Besar (PSBB) Masa Transisi menuju masyarakat sehat aman dan produktif selama 14 hari 23 Nov - 6 Des 2020. https://t.co/utvg76Dtda #JagaJakarta #JakartaTanggapCorona #HadapiBersama #PSBBJakarta #PSBBTransisi https://t.co/SI3XzmnuR3","1330512965632630784","https://pbs.twimg.com/media/EnbuemnXcAAurxi.jpg","","in","Jakarta, Indonesia","79","156","152","https://twitter.com/DKIJakarta/status/1330512965632630784","166014938","DKIJakarta"
"1330511346237108228","Sun Nov 22 13:59:59 +0000 2020","0","C gak nularin lewat media sosial sakit jiwa iya. coba lu baca dah ni orang kek ga waras gue yg bacanya juga ikut ilang akal sehat :(","1330511346237108228","","","in","Yume no Sekai.","0","0","0","https://twitter.com/CatCatKrunch/status/1330511346237108228","1097847553511456768","CatCatKrunch"
"1330511302410727425","Sun Nov 22 13:59:48 +0000 2020","0","C gak nularin lewat media sosial sakit jiwa iya. coba lu baca dah ni orang kek ga waras gue yg bacanya juga ikut ilang akal sehat :(","1330511302410727425","","","in","Yume no Sekai.","0","0","0","https://twitter.com/CatCatKrunch/status/1330511302410727425","1097847553511456768","CatCatKrunch"
"1330460229545455616","Sun Nov 22 10:36:52 +0000 2020","0","[Masyarakat Adat Sudah Sejahtera kah?] Halo Sobat FIB! Yakpo kabar e? Semoga selalu sehat ya :) Kali ini BEM FIB UB berkolaborasi dengan BEM FISIP UI BEM FISIP UNDIP dan BEM FISIP UNPAD dalam Aliansi Departemen Sosial Masyarakat. https://t.co/EEHLyn1VC7","1330460229545455616","https://pbs.twimg.com/media/Ena-gl0VoAALdzy.jpg","","in","Malang, Jawa Timur","0","2","0","https://twitter.com/bemfib_ub/status/1330460229545455616","1275755926989889536","bemfib_ub"
"1330344661416767488","Sun Nov 22 02:57:38 +0000 2020","6","Buku baru tentang Fear of Missing Out (FOMO). Keadaan sosial memborbardir kita dengan banyak informasi &amp; kejadian melelahkan juga ya. Coba yuk take a step back mulai selektif kepada yang penting-penting saja demi sehat jiwa raga. Pesan https://t.co/IYQPv2Ui0c #bukugpu https://t.co/0rfs09rbym","1330344661416767488","https://pbs.twimg.com/media/EnZVZxtXMAA5MUx.jpg","","in","Palmerah, Jakarta","0","0","1","https://twitter.com/bukugpu/status/1330344661416767488","21726758","bukugpu"
"1330324182798725120","Sun Nov 22 01:36:16 +0000 2020","0","Beauties walaupun sekarang sudah banyak filter-filter di media sosial yang akan membuat tampilan wajahmu mulus dan cantik seketika namun kulit wajah yang sehat dan terawat tentunya akan lebih diutamakan lho. #RahasiaCantikWanita #HeroInOurLife https://t.co/4ErqUioI6x","1330324182798725120","https://pbs.twimg.com/media/EnZCySjVkAUh-Ky.jpg","","in","DKI Jakarta, Indonesia","0","1","0","https://twitter.com/Marcks_IND/status/1330324182798725120","730307043014250496","Marcks_IND"
"1330280747404550155","Sat Nov 21 22:43:40 +0000 2020","0","menentang kepentingan pribadi yang memanipulasi kepentingan sosial... cara menentangnya juga (sedikit/banyak) dengan manipulasi. siapa yang sehat?","1330280747404550155","","","in","Horoq","0","1","0","https://twitter.com/setupainx/status/1330280747404550155","1052760339404582912","setupainx"
"1330135493837729797","Sat Nov 21 13:06:29 +0000 2020","0","Mengisi Materi Analisis Sosial di Mapaba PMII Universitas Ibnu Chaldun (UIC) Jakarta Timur. Semoga sahabat2 mahasiswa baru tetap sehat dan semangat dalam menuntut ilmu @ Ponpes Al-qudwah Muqoddasah https://t.co/K8oQY1LTHk","1330135493837729797","","","in","Jakarta City","0","0","0","https://twitter.com/mulyadin7/status/1330135493837729797","174626856","mulyadin7"
"1330096354975248387","Sat Nov 21 10:30:57 +0000 2020","0","Pilkada serentak 2020 damai pilkada sehat Bijaklah dalam bermedia sosial pilkada setentak 2020 damai #pilkadadamai2020 https://t.co/mqpXjo6Qk8","1330096354975248387","https://pbs.twimg.com/media/EnVzk_OWMAEl0cH.jpg","","in","","0","0","0","https://twitter.com/HumasSuparno/status/1330096354975248387","1270596113775513600","HumasSuparno"
"1329983631742287872","Sat Nov 21 03:03:02 +0000 2020","1","Ngebandingin diri sendiri sama orang lain emg gak sehat belajar bandingin diri sendiri sama setahun kebelakang. Effort dan status sosial org beda2. Frodcast","1329983631742287872","","","in","unknown","0","0","0","https://twitter.com/leolavenia/status/1329983631742287872","1108337416169877504","leolavenia"
"1329863783737479168","Fri Nov 20 19:06:48 +0000 2020","2","Itu imam besar dan ketua fpi/ormas bukan ulama saya yg memang selalu mengajarkan kebaikan dan hidup sosial bermasyarakat hidup berdampingan dgn agama ras dan suku lainya pke akal sehat lah","1329863783737479168","","","in","Pondok Aren, Indonesia","0","1","0","https://twitter.com/INJnews/status/1329863783737479168","1283567882585006080","INJnews"
"1329750452645158912","Fri Nov 20 11:36:28 +0000 2020","1","PILKADA TAHUN 2020 AMAN DAN DAMAI SERTA SEHAT Media Sosial Adalah Sarana Untuk Bersosialisasi Bukan Untuk Sarana Hoax dan Provokasi !!! #humaspolseksungaiselan #polseksungaiselan #polresbangkatengah #poldababel #divisihumaspolri #patuhiprotokolcovid19 https://t.co/zI4nFJpalX","1329750452645158912","https://pbs.twimg.com/media/EnQ4-6kVcAEXGG1.jpg","","in","Sungaiselan","0","0","0","https://twitter.com/sungaiselan/status/1329750452645158912","1200331724833447936","sungaiselan"
"1329466117778247682","Thu Nov 19 16:46:37 +0000 2020","0","terbukti bahwa sosial media tidak sehat untukku","1329466117778247682","","","in","","0","0","0","https://twitter.com/aphelionion/status/1329466117778247682","1255221601609580545","aphelionion"
"1329400479873343488","Thu Nov 19 12:25:48 +0000 2020","0","Hallo mutualan mutualanku bantu sub channel aku dong ya semoga kaliam sehat selalu dan di lancarkan rejekinya KONTEN di channel ku macem2 ada hiburan sosial dan kuliner. Jika berkenan silakan klik link ini https://t.co/4g8ZvYIhto","1329400479873343488","","","in","","0","0","0","https://twitter.com/Diandermawann/status/1329400479873343488","983742717200031744","Diandermawann"
"1329316936748974084","Thu Nov 19 06:53:49 +0000 2020","0","Hidup ya tuntutan pribadi sosial love life dan kerjaan. Tapi masih bersyukur logika dan hati tetap sehat sampe sekarang Ehmm...hati nggak sih kegores-gores dikit lah","1329316936748974084","","","in","Indonesia ","0","0","0","https://twitter.com/ibnoo89/status/1329316936748974084","372194914","ibnoo89"
"1329293050372190208","Thu Nov 19 05:18:54 +0000 2020","0","Hallo Fellass! Saat pandemi seperti ini kita perlu pengetahuan yang luas agar tetap sehat dan terhindar dari covid-19. Kita dapat memanfaatkan media sosial kita sebagai sarana belajar dan menyebarkan informasi.","1329293050372190208","","","in","","0","1","0","https://twitter.com/Tuan_muda_harit/status/1329293050372190208","1234654634192429057","Tuan_muda_harit"
"1329235880779808769","Thu Nov 19 01:31:44 +0000 2020","0","Aku klo ga on sosial media sama sekali brarti lg bener2 ga sehat","1329235880779808769","","","in","","0","0","0","https://twitter.com/dRizkaUmi/status/1329235880779808769","1709804358","dRizkaUmi"
"1329071166376427521","Wed Nov 18 14:37:13 +0000 2020","70","cuma mau ingetin terlalu maksa tampil hedon di sosial media itu tidak sehat buat dompetmu. sak madyone wae ya ","1329071166376427521","","","in","Jawa Tengah, Indonesia","0","5","1","https://twitter.com/AndiPriwibowo/status/1329071166376427521","353642145","AndiPriwibowo"
"1329040603095519232","Wed Nov 18 12:35:46 +0000 2020","0","ga sehat juga kebanyakan ngeliat cewe cantik di sosial media ini","1329040603095519232","","","in","Indonesia","0","2","0","https://twitter.com/kpolsme/status/1329040603095519232","403329667","kpolsme"
"1329035173933899780","Wed Nov 18 12:14:12 +0000 2020","0","Terimakasih atas perdebatan sehat di sosial media nya kawan kawan.","1329035173933899780","","","in","","0","0","0","https://twitter.com/danajelek/status/1329035173933899780","1074532714370412545","danajelek"
"1328908898703527936","Wed Nov 18 03:52:26 +0000 2020","1","4.2 Milyar orang di DUNIA blum bisa mempunyai akses atau belum memahami mengenai sanitasi aman Kalau mau lebih detil mengenai apa dan bagaimana sanitasi aman kepoin akun sosial media @airsanitasi @cleanomictweets kenapa harus aman? biar anak cucu kita sehat #SanitasiAman #WTD2020","1328908898703527936","","","in","Indonesia Raya","1","0","1","https://twitter.com/sattoraji/status/1328908898703527936","775991034","sattoraji"
"1328845366540652544","Tue Nov 17 23:39:58 +0000 2020","0","Ngeliat orang yang katanya udah ga peduli lagi sama orang-orang di masa lalunya karena ia menganggap itu tidak sehat. Tapi malah dia sendiri yang masih suka umbar-umbar di media sosial tentang orang-orang tersebut. Situ sehat? https://t.co/H3TmtYNZFj","1328845366540652544","https://pbs.twimg.com/tweet_video_thumb/EnEBz-uVoAA_ttZ.jpg","","in","Kehidupan tak pernah berakhir","0","1","0","https://twitter.com/kucinghytam/status/1328845366540652544","2769096607","kucinghytam"
"1328771976836550659","Tue Nov 17 18:48:21 +0000 2020","0","Keadilan sosial bagi seluruh rakyat Indonesia jgn tebang pilih kalo emang masih mengamalkan Pancasila..jdlah pemimpin buat seluruh rakyat Indonesia jgn cuma buat keluarga n pengikut nya bersainglah dgn sehat jgn gunakan kekuasaan sebagai senjata https://t.co/tCVsnreDGP","1328771976836550659","https://pbs.twimg.com/media/EnC_DsaUUAAybMz.jpg","","in","","0","0","0","https://twitter.com/Alfariziq1/status/1328771976836550659","1098608269751394304","Alfariziq1"
"1328736518014320643","Tue Nov 17 16:27:27 +0000 2020","3","Puji Tuhan ada tmn yg suport desinfektan Lama yaaa gak kumpul ma tmn² relawan Sehat selalu buat kalian semua Biasanya rame lapak kl malam abis selesai kegiatan sosial Ngobrol ngopi hahahihi Sampe lali brp bulan gak ngakak bersama https://t.co/gFavSfvkiQ","1328736518014320643","https://pbs.twimg.com/media/EnCdxkVUUAADBAe.jpg","","in","Semarang","0","0","0","https://twitter.com/Em_7015/status/1328736518014320643","2699993566","Em_7015"
"1328576763727843330","Tue Nov 17 05:52:38 +0000 2020","1","Kayanya bodo amat sama isu sosial politik akhir ini adalah hal terbaik untuk menjaga pikiran tetap sehat","1328576763727843330","","","in","Liverpool, England","0","0","0","https://twitter.com/namakubaim/status/1328576763727843330","382554474","namakubaim"
"1328538798402125830","Tue Nov 17 03:21:47 +0000 2020","1","Apakah masih punya akal sehat yang nyata bukan hanya koaran di sosial media?","1328538798402125830","","","in","في قلبك ","0","0","0","https://twitter.com/ikut_gaaaaa/status/1328538798402125830","1321823924410216449","ikut_gaaaaa"
"1328526832493154305","Tue Nov 17 02:34:14 +0000 2020","0","Mungkin harus tenngelam dulu agar semua sadar bahwa keadilan sosial hukum itu penting adanya. Seburuk2 nya rezim @SBYudhoyono tp blio berhasil membangun demokrasi yg sehat. Dan saya tdk menyesal 2 x pilih blio. #BangsatIstana","1328526832493154305","","","in","","0","0","0","https://twitter.com/PakKumi93921831/status/1328526832493154305","1201876643914174464","PakKumi93921831"
"1328439288858513408","Mon Nov 16 20:46:22 +0000 2020","1","Lingkungan sosial media ku tidak sehat","1328439288858513408","","","in","dunia - akhirat","0","0","0","https://twitter.com/reppinocrimulti/status/1328439288858513408","1170243739412910080","reppinocrimulti"
"1328286445300117504","Mon Nov 16 10:39:01 +0000 2020","0","agak susah ya nyari perdebatan yang sehat di sosial media :)","1328286445300117504","","","in","Taman Eden","0","0","0","https://twitter.com/seasofinnuendo/status/1328286445300117504","1023621306208608256","seasofinnuendo"
"1328230282902704128","Mon Nov 16 06:55:51 +0000 2020","3","Salam sehat selalu #SobatEmilea #sobatdiklat Senin 16 November 2020 Kepala Pusat Pelatihan dan Penyuluhan KP membuka secara resmi daring Pelatihan Pengantar Sosial Budaya Perekat Bangsa yang diikuti 245 peserta dari BRPBATPP Bogor. https://t.co/ktvZIUPuMW","1328230282902704128","https://pbs.twimg.com/media/Em7SZHzUYAIOsM0.jpg","","in","Subang, Indonesia","0","0","0","https://twitter.com/bda_sukamandi/status/1328230282902704128","2991583393","bda_sukamandi"
"1328200402609733639","Mon Nov 16 04:57:07 +0000 2020","4","Mengawal kondusifitas di lini media sosial dan membangun gotong royong guna keberhasilan upaya pemerintah membangun kesehatan masyarakat serta pemulihan perekonomian bangsa. #CaraPulihkanEkonomi Indonesia Sehat Ekonomi Pulih https://t.co/OrJNW9KbxB","1328200402609733639","https://pbs.twimg.com/media/Em63OSaVcAAFO4l.jpg","","in","Indonesia","0","3","4","https://twitter.com/seruanhl/status/1328200402609733639","1174287141909590017","seruanhl"
"1328197785758298113","Mon Nov 16 04:46:43 +0000 2020","1","KAI turut mendukung salah satu prioritas Kementerian BUMN di bawah kepemimpinan Menteri Erick Thohir yakni peningkatan nilai ekonomi dan dampak sosial. Indonesia Sehat Ekonomi Pulih #CaraPulihkanEkonomi https://t.co/tERB3wzGcC","1328197785758298113","","","in","negri di awan ☁️","1","0","2","https://twitter.com/Adhitya_anand4/status/1328197785758298113","1289106099186987008","Adhitya_anand4"
"1328161286719303680","Mon Nov 16 02:21:41 +0000 2020","0","Sebagai salah satu perwujudan upaya nyata dalam memberikan akses layanan dasar yang lebih baik serta membangun generasi penerus yang sehat dan kuat serta bangkit dari momok gizi buruk. Pemerintah Provinsi (Pemprov) Papua telah meluncurkan Program perlindungan sosial. #BanggaPapua","1328161286719303680","","","in","","0","0","0","https://twitter.com/DinaNurAlifiah/status/1328161286719303680","2210732136","DinaNurAlifiah"
"1328078376402227200","Sun Nov 15 20:52:14 +0000 2020","5","Selalu respect sama orang-orang baik yg punya jiwa sosial yang tinggi sehat selalu kawan","1328078376402227200","","","in","kosan","0","0","0","https://twitter.com/lrnzo_ds/status/1328078376402227200","1162238305179537408","lrnzo_ds"
"1328014571068538885","Sun Nov 15 16:38:41 +0000 2020","0","Media sosial yg semakin hari malah semakin tidak sehat dan mood yg lagi hancur banget. Sebuah kombinasi yg bagus.","1328014571068538885","","","in","","0","0","0","https://twitter.com/eenerniwati1/status/1328014571068538885","1712773620","eenerniwati1"
"1328001542901821446","Sun Nov 15 15:46:55 +0000 2020","0","Pengen Balek Ke Taon 2000 Dimane Berite Hanye Ade Di TV. Saat ini bukan Dunie Yg Sedang Ndak Baek Tapi Karangan Berita Di Banyaknye Media Sosial Yg Terlalu Ndak Sehat..","1328001542901821446","","","in","Kalimantan Barat, Indonesia","0","0","0","https://twitter.com/zamydaeng/status/1328001542901821446","1056523169526239232","zamydaeng"
"1327932612514435072","Sun Nov 15 11:13:01 +0000 2020","0","'Dih Dyar! Di mana-mana kok jualan? Ganggu heh.' Ya maaf ya media sosial saya manfaatkan untuk hal-hal yang menurut saya positif. Namun sekiranya itu mengganggu Anda saya tak keberatan untuk di-unfollow. Sehat-sehat selalu kita semua!","1327932612514435072","","","in","Yogyakarta","0","1","1","https://twitter.com/kabupatenwifey/status/1327932612514435072","546555865","kabupatenwifey"
"1327900246924435463","Sun Nov 15 09:04:24 +0000 2020","0","Pas pulang disambut melalui postingan di beberapa sosial media kalian. Skrg pas anaknya nikah kok ga pada ngucapin sih temen-temen? Terlalu fanatik pun ga baik ya. Saya beragama Islam. Meskipun ga sesuci mereka. Tapi saya masih punya akal sehat.","1327900246924435463","","","in","","0","0","0","https://twitter.com/mess_merized/status/1327900246924435463","223004632","mess_merized"
"1327874750949953536","Sun Nov 15 07:23:06 +0000 2020","0","Dahlah emang paling bener gak usah terlalu mengikuti sosial media. Jiwaku perlu sehat:)","1327874750949953536","","","in","","0","0","0","https://twitter.com/beautyme____/status/1327874750949953536","1262729077284147200","beautyme____"
"1327765364659286016","Sun Nov 15 00:08:26 +0000 2020","0","...perihnya hati....melihat Norma sosial yang dikangkangi Runtuhnya Akal sehat. Pengkhianatan terhadap Idealisme yang menjadi kesepakatan kolektif.","1327765364659286016","","","in","","0","0","1","https://twitter.com/erwin_purnawan/status/1327765364659286016","2961171938","erwin_purnawan"
"1327671598157946881","Sat Nov 14 17:55:50 +0000 2020","0","Jauhi HOAX ! Bijaklah Dalam Menggunakan Media Sosial.. Sukseskan Pilkada Serentak 2020 Aman Damai Dan Sehat.. https://t.co/hXIKjOBrE5","1327671598157946881","https://pbs.twimg.com/media/EmzWR-5VoAE7IiJ.jpg","","in","East Borneo, Indonesia","0","0","0","https://twitter.com/PTabalar/status/1327671598157946881","1132659971743608832","PTabalar"
"1327543706044432384","Sat Nov 14 09:27:38 +0000 2020","0","Kodim 0503/JB Kolonel Inf. Dadang Ismail Marzuki S.I.P Bersama HDCI &amp; Yukata Heya Gelar Baksos dan Gowes Sehat Di Masa Pembatasan Sosial Berskala Besar (PSBB) Transisi Pandemi Corona Virus Covid-19 Jakarta Barat. https://t.co/O2DVGJstUF","1327543706044432384","https://pbs.twimg.com/media/Emxh5ZJVgAA3LAv.jpg","","in","Jakarta Barat, DKI Jakarta","0","0","0","https://twitter.com/Kodim_0503JB/status/1327543706044432384","967792733833216001","Kodim_0503JB"
"1327342294974959617","Fri Nov 13 20:07:18 +0000 2020","0","Manfaat menyontek : 1. otot mata sehat 2. kreatifitas meningkat 3. Meningkatkn sosial teman 4. Nilai bagus 5. Melatih kecepatan gerak","1327342294974959617","","","in","","0","0","0","https://twitter.com/asihpriyati1/status/1327342294974959617","2191779301","asihpriyati1"
"1327332082180268032","Fri Nov 13 19:26:43 +0000 2020","1","Bismillah doa yang terbaik bib Karna adab bermedia sosial itu seperti kiasan kata kata Satu Tulisan Bisa Menembus Jutaan Kepala Salam hormat untuk Beliau Abah @HabibluthfiYahy sehat selalu senantiasa dalam lindungan Allah SWT Aamiin YRA","1327332082180268032","","","in","Kalimantan Tengah, Indonesia","0","0","0","https://twitter.com/safira_floran/status/1327332082180268032","1186531317539717120","safira_floran"
"1327265635227746304","Fri Nov 13 15:02:41 +0000 2020","0"," ...karena hanya di warkop terjadi demokrasi... Pelawak yang melegenda dengan bahan lawakan yang bertema budaya dan kritik sosial. Sehat sehat om indro sukses untuk seluruh keluarga warkop dki dan perwarkopan indonesia! https://t.co/ifPlSor5Wx","1327265635227746304","","","in","","0","0","0","https://twitter.com/immareist/status/1327265635227746304","1319381936","immareist"
"1327134237376581634","Fri Nov 13 06:20:33 +0000 2020","0","Sosok yang akan naik ke publik KSAD Jendral Andika Perkasa Beliau sosok yg berjiwa sosial thd prajuritnya Semoga tetap sehat walafiat Jendral https://t.co/lFKk311Wjz","1327134237376581634","https://pbs.twimg.com/media/EmrtjfGWEAANIzo.jpg","","in","Jawa Barat, Indonesia","0","0","0","https://twitter.com/sunyisenyap_id/status/1327134237376581634","1429972866","sunyisenyap_id"
"1327127252392415232","Fri Nov 13 05:52:48 +0000 2020","0","Kasat Binmas bersama Para Polwan Polres Batola Melaksanakan kegiatan Bakti sosial Pemberian Makanan berupa Makanan Sehat kepada masyarakat yang terdampak covid-19 dalam rangka Polres Batola Peduli kepada masyarakat Barito kuala. https://t.co/NfePG2NuNd","1327127252392415232","https://pbs.twimg.com/ext_tw_video_thumb/1327127113560973314/pu/img/sLTKrwknjHsFC5vO.jpg","","in","","0","0","0","https://twitter.com/Polres_batola/status/1327127252392415232","1310472228815814657","Polres_batola"
"1327115813560619008","Fri Nov 13 05:07:21 +0000 2020","0","Manfaat menyontek : 1. otot mata sehat 2. kreatifitas meningkat 3. Meningkatkn sosial teman 4. Nilai bagus 5. Melatih kecepatan gerak","1327115813560619008","","","in","","0","0","0","https://twitter.com/asihpriyati1/status/1327115813560619008","2191779301","asihpriyati1"
"1326928928510935041","Thu Nov 12 16:44:44 +0000 2020","0"," Kampanye Sosial Hari ke-4 Hayo siapa yang kecanduan gadget? Yuk kurangi screentime kita. Mata sehat kantong hemat. @pk167lpdp @LPDP_RI #DiriUntukNegeri #SDMUnggulIndonesiaMaju #AkuPastiMengabdi #PKDaring167 #PK167 #GamaAdhigana #HematListrikItuCerdik https://t.co/YtdSB1PF56","1326928928510935041","https://pbs.twimg.com/media/Emoy0QWVgAAypu8.jpg","","in","","0","0","0","https://twitter.com/AyuRonanda/status/1326928928510935041","1313079668023545858","AyuRonanda"
"1326927317814317056","Thu Nov 12 16:38:20 +0000 2020","0","Kampanye Sosial hari ke-4 Buka jendelamu kurangi penggunaan AC. Badan sehat kantong hemat ️ @pk167lpdp @LPDP_RI #DiriUntukNegeri #SDMUnggulIndonesiaMaju #AkuPastiMengabdi #PKDaring167 #PK167 #GamaAdhigana #HematListrikItuCerdik https://t.co/dSrzP4KIUU https://t.co/vzWOium9kc","1326927317814317056","https://pbs.twimg.com/media/EmoxW0QVoAAbomH.jpg","","in","","0","0","0","https://twitter.com/AyuRonanda/status/1326927317814317056","1313079668023545858","AyuRonanda"
