"conversation_id_str","created_at","favorite_count","full_text","id_str","image_url","in_reply_to_screen_name","lang","location","quote_count","reply_count","retweet_count","tweet_url","user_id_str","username"
"1344378022195941377","Wed Dec 30 20:21:12 +0000 2020","0","F.Sebelum Pembuatan Teks Naskah (Persaingan Sehat) Media Sosial Terujinya Anda Oleh 10Unit (Namun Serasa Hidup Dan Dewan Juri Belakang Bidadari Budaya Dan Dulunya Orang Indonesia Asli Dan Murni Sekali Setiap Hari Turun Jam Dan Tempat Sama Halnya Yang Telah Di Jelaskan) https://t.co/6nAqjH5sgQ","1344378022195941377","https://pbs.twimg.com/ext_tw_video_thumb/1344377984170381312/pu/img/5C5iBmw2jny124We.jpg","","in","","0","0","0","https://twitter.com/RPintabarSilam/status/1344378022195941377","708940599005548544","RPintabarSilam"
"1344344982652555266","Wed Dec 30 18:09:55 +0000 2020","0","Kalo ditanyain kabar sehat atau ga suka bingung karena sehat ini definisi yang mana? Sehat secara fisik mental spiritual maupun sosial kah? 4 aspek itu tercantum di definisi kesehatan pada UU No. 36 Tahun 2009 tentang Kesehatan","1344344982652555266","","","in","Jakarta Timur, DKI Jakarta","0","1","0","https://twitter.com/merrrcury/status/1344344982652555266","493843506","merrrcury"
"1344286612897689602","Wed Dec 30 14:17:58 +0000 2020","0","2020 mengajarkan bahwa hal terburuk bisa dengan mudah menghampiri siapa aja tanpa pandang kelas sosial ekonomi tua muda sehat apalagi sakit..so semoga tahun ini bisa membuka mata hati dan pikiran kita untuk mempersiapkan segala sesuatunya dengan bijak ","1344286612897689602","","","in","","0","1","1","https://twitter.com/iqbalamps/status/1344286612897689602","124933076","iqbalamps"
"1344257663018831876","Wed Dec 30 12:22:56 +0000 2020","1","Do'a bersama untuk Indonesia Sehat. Kamis 31 Desember 2020 Pukul 20.00 -22.30 WIB Live di Sosial Media Partai Keadilan Sejahtera #fraksipksdprri #bersamamelayanirakyat #pkspelayanrakyat","1344257663018831876","","","in","Jakarta Barat, DKI Jakarta","0","0","0","https://twitter.com/Sholikhahpks/status/1344257663018831876","1011449204344942592","Sholikhahpks"
"1344251607895089153","Wed Dec 30 11:58:52 +0000 2020","14","Sobat BRI. Waspada terhadap modus penipuan admin pencairan BPUM melalui Telegram atau media sosial lainnya. Pastikan untuk selalu mengecek kebenaran informasi yang diterima melalui Contact BRI. Sehat dan sukses selalu. #BRIEdukasi https://t.co/qViEGdBWLJ","1344251607895089153","https://pbs.twimg.com/media/Eqe9SgFVQAI4wH8.jpg","","in","Jl Jend Sudirman 44-46 Jakarta","0","0","2","https://twitter.com/kontakBRI/status/1344251607895089153","1355925366","kontakBRI"
"1344205447528497152","Wed Dec 30 08:55:27 +0000 2020","0","suka bingung sama ortu2 yg blg anaknya fine2 aja dan sdh jelas2 demand mereka ke anak tinggi bgt harus ini harus itu les sana sini. who aja jelasin kl sehat itu suatu keadaan yang sempurna baik fisik mental dan sosial dan tidak hanya bebas dari penyakit atau kelemahan ","1344205447528497152","","","in","♡160416.230722.230923.230927♡","0","1","0","https://twitter.com/starlitaeyeon/status/1344205447528497152","1221446032266907649","starlitaeyeon"
"1344184801150992384","Wed Dec 30 07:33:24 +0000 2020","22","Dah di duga sih ini Aneh bgt tiba2 beda sehari ngadain konser gratis emang ceo agensi nya gak sehat cara bersaingnya kmrn dah ngeklaim kesuksesan bts terus hbis ini panjat sosial mau di blg agensi wise gk mata duitan dll Ceo sama pendukung agensi alias SM stan sefrekuensi ew","1344184801150992384","","","in","","1","1","1","https://twitter.com/KspringdayJ/status/1344184801150992384","1191636552465580032","KspringdayJ"
"1344144995620556801","Wed Dec 30 04:55:14 +0000 2020","0","Waka Polres Bangka Kompol Faisal Fatsey S. I. K menghadiri Kegiatan Bakti Sosial dan Peluncuran Perdana Mobil Sehat PT. Timah Tbk yang bertempat di Rusunnawa Link. Nelayan II Kec.Sungailiat Kab. Bangka. . . #poldababelupdate @poldababel https://t.co/BozuKlHUC3","1344144995620556801","https://pbs.twimg.com/media/EqdcuzeU0AYby2R.jpg","","in","Bangka, Bangka Belitung","0","0","0","https://twitter.com/humas_resbangka/status/1344144995620556801","1304329604224618496","humas_resbangka"
"1344121675562938368","Wed Dec 30 03:22:34 +0000 2020","27","Do'a bersama untuk Indonesia Sehat. Kamis 31 Desember 2020 Pukul 20.00 -22.30 WIB Live di Sosial Media Partai Keadilan Sejahtera #fraksipksdprri #bersamamelayanirakyat #pkspelayanrakyat https://t.co/kfxgapDZxv","1344121675562938368","https://pbs.twimg.com/media/EqdHevFVoAAX9dv.jpg","","in","Jakarta Capital Region","0","0","12","https://twitter.com/FPKSDPRRI/status/1344121675562938368","91255162","FPKSDPRRI"
"1343914691806916608","Tue Dec 29 13:40:05 +0000 2020","0","Assalamu'alaikum Sahabat Sehat... Liputan Video : RSUD dr. Hasri Ainun Habibie Gelar Bakti Sosial dan Capacity Building https://t.co/TRuvILR8vx","1343914691806916608","","","in","Gorontalo, Indonesia","0","0","0","https://twitter.com/DinkesGtloProv/status/1343914691806916608","975609972141703169","DinkesGtloProv"
"1343912695653834754","Tue Dec 29 13:32:09 +0000 2020","1","kami dari yang sering kau hina cebong sekeluarga mengucapkan semoga cepat sembuh ya.. smoga abis sehat waras taubat dan damai ya karena para cebong ini turut mendoakan anda makanya mari kita bijak bersosial media ya jangan sampai deh mempermainkan doa ke Allah di sosial media.. https://t.co/DaQS6w6kLN","1343912695653834754","https://pbs.twimg.com/media/EqaJcjPUYAEiMFW.jpg","","in","","2","2","0","https://twitter.com/HabibMaaher/status/1343912695653834754","1341260838255005697","HabibMaaher"
"1343911729625874433","Tue Dec 29 13:28:19 +0000 2020","0","buat yang Rame rame tadi yang pAcaRnOtFound itu cukup sampe malam ini aja ya... orang yang bijak harus bisa menggunakan media sosial dengan baik ber opini yang sehat mengkritik sewajarnya orang yang lagi sedih itu butuh support mereka cuman butuh perhatian kita","1343911729625874433","","","in","planet atata tiga","0","1","0","https://twitter.com/alphakmg/status/1343911729625874433","1279368818565865472","alphakmg"
"1343886392040910849","Tue Dec 29 11:47:38 +0000 2020","0","Saya bangga degan mentri sosial yg sekarang sehat selalu ibu Risma amin trima kasih cuman ibu tupuan harapan pemulung yg di bawah kolong jembatan","1343886392040910849","","","in","Lombok Tengah, Nusa Tenggara B","0","0","0","https://twitter.com/agusalw71036986/status/1343886392040910849","1306209952797609984","agusalw71036986"
"1343869046979096578","Tue Dec 29 10:38:43 +0000 2020","0","Sosial media lagi ga sehat buat dikonsumsi. Ga instagram ga twitter isinya gisel gisel giseeeeel semua. Twit ini akan menandakan gue akan menghilang dari sosmed untuk beberapa jam kedepan. Hit me on discord or whatsapp","1343869046979096578","","","in","","0","0","0","https://twitter.com/kurniaDputra/status/1343869046979096578","1059553730","kurniaDputra"
"1343832119856955392","Tue Dec 29 08:11:59 +0000 2020","15","Selamat ulang tahun kak lala @N_LalaJKT48 semoga panjang umur sehat selalu di beri rezeki yang melimpah dan di berkahi selalu kehidupan sosial dan karirnya di JKT48 Aamiin. #LalaImp20vedDream @la_starlight https://t.co/fR8MsozfjF","1343832119856955392","https://pbs.twimg.com/media/EqZALpQVQAAG0v9.jpg","","in","FX Sudirman","0","1","3","https://twitter.com/Dheyzious/status/1343832119856955392","1047810393169485824","Dheyzious"
"1343831903317585921","Tue Dec 29 08:11:07 +0000 2020","0","Hamdalah... Bisa donor apheresis lagi pertanda kondisi tubuh lg sehat.... Nikmat Yaa Allah..... #apheresis #donorapheresis #donordarah #palangmerahindonesia #givebloodsavealife #aksisosial #sosial #socialmovement #ateppitbull https://t.co/B7sLd4mHMM","1343831903317585921","https://pbs.twimg.com/media/EqY_-e0UcAEW4Pm.jpg","","in","indonesia","0","0","0","https://twitter.com/lord_sbt/status/1343831903317585921","584995587","lord_sbt"
"1343818716434186241","Tue Dec 29 07:18:43 +0000 2020","0","Assalamu'alaikum Sahabat Sehat... RSUD dr. Hasri Ainun Habibie Gelar Bakti Sosial dan Capacity Building https://t.co/qjcbajh5HU","1343818716434186241","","","in","Gorontalo, Indonesia","0","0","0","https://twitter.com/DinkesGtloProv/status/1343818716434186241","975609972141703169","DinkesGtloProv"
"1343724724719820801","Tue Dec 29 01:05:14 +0000 2020","0","Sehat selalu ya Bu Risma @KemensosRI senang melihat Ibu melayani dari kaum terpinggirkan krn status sosial. Semoga 4th ini Ibu bisa pakai untuk datangin semua wilayah di Indo khususnya bagian Timur. @KemensosRI bangkit Indonesia juga bangkit. https://t.co/ypIQEsPrdb","1343724724719820801","https://pbs.twimg.com/media/EqXegaZUcAEKd4B.jpg","","in","Jakarta Pusat, DKI Jakarta","0","0","0","https://twitter.com/Aser_Vin/status/1343724724719820801","964377757714071558","Aser_Vin"
"1343593709938429952","Mon Dec 28 16:24:37 +0000 2020","160","Jiwa sosial yang ibu punya bisa ibu terapkan di jabatan yang Bu Risma emban saat ini. Dan kami sekarang bisa merasakan apa yang sudah dirasakan warga Surabaya. Sehat selalu ya bu. Semangattt 🇮🇩 @NgkongN0tR0b0t @YRadianto @arjuno_ireng01 https://t.co/m0H4mnZ2E3","1343593709938429952","https://pbs.twimg.com/media/EqVnWmwVgAQMDPd.jpg","","in","Indonesia","5","15","52","https://twitter.com/PakarINTELek/status/1343593709938429952","194582998","PakarINTELek"
"1343473893051252736","Mon Dec 28 08:28:31 +0000 2020","0","PT TWC melalui program Tanggung Jawab Sosial Lingkungan (TJSL) melakukan Pendampingan Budidaya Tanaman Organik di Dusun Jongkangan Tamanmartani Kalasan Sleman. Hasilnya dirayakan dengan melakukan Panen Padi Sehat bersama kelompok tani Ngudi Makmur &amp; warga Rabu (23/12/2020). https://t.co/RRDHtGPBLK","1343473893051252736","https://pbs.twimg.com/ext_tw_video_thumb/1343471410715394048/pu/img/Xfw2DfxmwtuKkhrY.jpg","","in","Prambanan, Indonesia","0","0","1","https://twitter.com/injourney_IDM/status/1343473893051252736","4880730389","injourney_IDM"
"1343471927789154304","Mon Dec 28 08:20:42 +0000 2020","1","sini sini kita kenalan trs gw tularin nih virus biar tau kamu gmna rasanya di karantina sosial. d-7 karantina pikiran udh kemana² mood gak jelas pengennya keluar main tpi gak bisa. makan its ok teratur hidup sehat bgt tapi kelamaan ya muak juga.. malah iri pgn cpet sehat.","1343471927789154304","","","in","they/them — it","0","0","0","https://twitter.com/jjyueon/status/1343471927789154304","1101795634204401664","jjyueon"
"1343455242009001984","Mon Dec 28 07:14:24 +0000 2020","1","Seneng banget dapat kabar Kyungsoo oppa udah balik first love di exo Terimakasih udah pulang dengan sehat selamat beristirahat ditunggu livenya nggak sabar pengin liat oppa lagi oh ya jangan lupa buat media sosial ya @weareoneEXO #WelcomeHomeKyungsoo https://t.co/NI0zu89Zf3","1343455242009001984","https://pbs.twimg.com/media/EqTpZoDVEAE8Bcy.jpg","","in","Indonesia ","0","0","0","https://twitter.com/Nabilaa512/status/1343455242009001984","1325732811270098950","Nabilaa512"
"1343421418885718019","Mon Dec 28 05:00:00 +0000 2020","42","Instagram menjadi media sosial paling buruk bagi kesehatan mental. Media sosial ini dapat meningkatkan kecemasan depresi dan masalah percaya diri. Berikut 5 aturan sehat bermain Instagram agar kesejahteraan mental terjaga. https://t.co/7XexWGYxm1","1343421418885718019","","","in","Indonesia","6","0","13","https://twitter.com/NGIndonesia/status/1343421418885718019","36904795","NGIndonesia"
"1343418429504557056","Mon Dec 28 04:48:07 +0000 2020","19","Sobat BRI. Yuk kenali akun resmi layanan sosial media BANK BRI yaitu Twitter @kontakBRI @BANKBRI_ID @promo_BRI bercentang biru. Selalu waspada terhadap informasi dari akun Twitter palsu yang mengatasnamakan BANK BRI. Sehat dan sukses selalu. #BRIEdukasi https://t.co/OBpghUFUxJ","1343418429504557056","https://pbs.twimg.com/media/EqTH3KHUUAAZ6Qr.jpg","","in","Jl Jend Sudirman 44-46 Jakarta","0","1","3","https://twitter.com/kontakBRI/status/1343418429504557056","1355925366","kontakBRI"
"1343406280040349696","Mon Dec 28 03:59:51 +0000 2020","26","4 sehat 5 keadilan sosial bagi seluruh rakyat indonesia","1343406280040349696","","","in","","1","1","5","https://twitter.com/weekdies/status/1343406280040349696","1070306008570810368","weekdies"
"1343389755837304838","Mon Dec 28 02:54:11 +0000 2020","0","Ini yg seharusnya di lakukan kementrian sosial.. Mantap bu.. .. Sehat selalu ","1343389755837304838","","","in","Jambi, Indonesia","0","0","0","https://twitter.com/MYusuf54882724/status/1343389755837304838","918766761410830336","MYusuf54882724"
"1343226830594035714","Sun Dec 27 16:06:47 +0000 2020","0","ada beberapa faktor yg membuat sifat dasar manusia demikian;lingkungan masa lalu atau bahkan yg terjadi skrg adalah faktor media sosial. Manusia yg berfikir panjang dan sehat akan menjadi sadar diri tapi yg berfikirnya dangkal akan mengagungkan egonya sendiri.","1343226830594035714","","","in","Bali, Indonesia","0","0","0","https://twitter.com/good_dayant/status/1343226830594035714","727853359","good_dayant"
"1343059337091006465","Sun Dec 27 05:01:13 +0000 2020","31","Sobat BRI. Yuk kenali akun resmi layanan sosial media BANK BRI yaitu Instagram resmi bankbri_id bercentang biru (Verified). Selalu waspada terhadap informasi akun palsu Instagram yang mengatasnamakan BANK BRI. Sehat dan sukses selalu. #BRIEdukasi https://t.co/QoMDj6nwLc","1343059337091006465","https://pbs.twimg.com/media/EqN_EBMVEAE-bqD.jpg","","in","Jl Jend Sudirman 44-46 Jakarta","3","9","7","https://twitter.com/kontakBRI/status/1343059337091006465","1355925366","kontakBRI"
"1343007354124570624","Sun Dec 27 01:34:39 +0000 2020","0","Belum juga 24 tapi sering dpat tekanan sosial ntah dari keluarga atau tetangga. Masih ngerasa mudah bet pengen explore sana sini bahagiain diri sendiri. Apa daya tak mendapat dukungan pokonya harus kuat dan mental sehat selalu.","1343007354124570624","","","in","hijrah","0","3","0","https://twitter.com/akurums/status/1343007354124570624","471759148","akurums"
"1342822313901715458","Sat Dec 26 13:19:22 +0000 2020","17","Devie Rahmawati pengamat sosial UI berharap Ibu Risma mampu membawa @KemensosRI pd birokrasi yg sehat rakyat pst menunggu program2 sosial yg mengena dan tepat sasaran dgn one single big data mengcapture kmn anggaran bansos negara memberikan hak ats bansos bg warga miskin. https://t.co/DfXYClqpxw","1342822313901715458","https://pbs.twimg.com/media/EqKpxwmUUAAXAUv.jpg","","in","Unknown","0","0","12","https://twitter.com/NayDwiyana/status/1342822313901715458","195305417","NayDwiyana"
"1342818942163664902","Sat Dec 26 13:05:58 +0000 2020","9","Pengamat Sosial Devie Rahmawati berharap Mensos Tri Rismaharini mampu membawa @KemensosRI pd birokrasi yang sehat yg menjadikan kue kemanusiaan u/ sebesar-besarnya kemaslahatan masyarakat Indonesia. https://t.co/irJj8ki2BE","1342818942163664902","","","in","Blossomville 🌹","0","0","4","https://twitter.com/Widyarenee/status/1342818942163664902","91103761","Widyarenee"
"1342790838472994816","Sat Dec 26 11:14:18 +0000 2020","8","Pengamat Sosial UI Devie Rahmawati menyambut baik Bu Risma sbg Mensos yg baru. Ia menyatakan harapannya beliau mampu lbh membawa @KemensosRI pd birokrasi yg sehat yg menjadikan kue kemanusiaan untuk sebesar²nya kemashalatan masyarakat Indonesia https://t.co/Z2EBeFzxMc","1342790838472994816","","","in","Indonesia","0","0","4","https://twitter.com/muslimahGP_/status/1342790838472994816","136299265","muslimahGP_"
"1342787289349419008","Sat Dec 26 11:00:12 +0000 2020","1","lucu ya orang gasuka beraninya di secreto. kenapa dia ga langsung chat acu atau samperin kerumah acu gt. apa takut ya berani ngoceh di sosial media. sehat kau?","1342787289349419008","","","in","","0","2","0","https://twitter.com/capricornnngurl/status/1342787289349419008","1101432755018035200","capricornnngurl"
"1342761484628221952","Sat Dec 26 09:17:39 +0000 2020","0","Apakah #manusia memang mahluk #sosial? ️ A &amp; O Magazine majalah psikologi tentang dunia kerja https://t.co/JnvLd2zf7K #psikologi #karir #motivasi #manajemen #coaching #training #pelatihan #konseling #konsultasi #sehat #sukses #bahagia #gratis #Indonesia #optimis #aandomag https://t.co/eWQmH94Ani","1342761484628221952","https://pbs.twimg.com/media/EqJycz_W4AE6xzW.jpg","","in","Indonesia","0","0","0","https://twitter.com/aandomag/status/1342761484628221952","920160678979211264","aandomag"
"1342508738050080769","Fri Dec 25 16:33:20 +0000 2020","0","Awal2 dulu masih punya tenaga buat berpanjang2 ngomongin diskursus jilbab &amp; isu2 sosial-politik. Ada kali lah seminggu sekali bikin story IG bahas2 ginian. Skrg? Boro-boro. I lost all my energy &amp; I admit I ve become more self-centered. Yg penting w &amp; org2 terdekat bahagia sehat.","1342508738050080769","","","in","","0","1","0","https://twitter.com/3amJKT/status/1342508738050080769","1137758512715407360","3amJKT"
"1342380948973703169","Fri Dec 25 08:05:33 +0000 2020","1","A THREAD: Teruntuk PJ WALIKOTA MAKASSAR. Assalamu Alaikum Warahmatullahi Wabarakatuh. Apa kabarki Pak Prof. Rudy Djamaluddin? Semoga sehat selalu ya Pak. Ketemu lagi Pak kali ini lewat media sosial ini.","1342380948973703169","","","in","Makassar, Indonesia","0","1","1","https://twitter.com/AndiMattuju/status/1342380948973703169","171741974","AndiMattuju"
"1342159311305261057","Thu Dec 24 17:24:50 +0000 2020","1","Cinta Sesama hrs lbh ditingkatkan di 2021 biar kemerdekaan strata sosial Makin mapan di Nusantara ini.Amin Pak Menko @airlangga_hrt sehat lahir bathin dan smgt terus..!","1342159311305261057","","","in","","0","0","0","https://twitter.com/ChozinMas/status/1342159311305261057","1278364218345971712","ChozinMas"
"1342156447275053056","Thu Dec 24 17:13:27 +0000 2020","1","Reguleran malam ini ada Satpol PP razia katanya sosial distancing jaga jarak protokol kesehatan. Satpol PP datengnya bergerombol nyamperin pengunjung dan sok sokan ngatur.. mungkin mentalmu yang nggak sehat pak.. ","1342156447275053056","","","in","Kudus","0","0","0","https://twitter.com/adhythimoty/status/1342156447275053056","457160068","adhythimoty"
"1342125081409961984","Thu Dec 24 15:08:49 +0000 2020","0","Selamat Natal buat sahabat2ku yang merayakan. Saya sangat bersyukur mendapatkan sahabat2 yang selalu mendukung kerja2 sosial saya di kampung2 tanpa memandang apa agama saya. Semoga semua selalu sehat dan bahagia.","1342125081409961984","","","in","cirebon","0","0","0","https://twitter.com/faridamahri1/status/1342125081409961984","1348473602","faridamahri1"
"1342085459199987712","Thu Dec 24 12:31:22 +0000 2020","0","Selamat hari raya buat temen2 sedunia Twitter baik yang oposisi seperti gw atau sebaliknya ya mugo2 kalian semua yang merayakan berbahagia sehat terus dan berkecukupan dan mari kita sama2 mendukung tegaknya keadilan sosial bagi seluruh rakyat Indonesia.","1342085459199987712","","","in","Jakarta Selatan, DKI Jakarta","0","0","0","https://twitter.com/senopatimgl/status/1342085459199987712","805601876422987776","senopatimgl"
"1342077494002765827","Thu Dec 24 11:59:43 +0000 2020","3","Di hari Jumat yang penuh berkah ini mari kita doakan Mensos Risma sehat walafiat sehingga dapat membangun kesejahteraan sosial dari Sabang sampai Merauke. Amiin https://t.co/9b8CejugKY","1342077494002765827","https://pbs.twimg.com/media/EqAEW0UUYAERafI.jpg","","in","Indonesia","0","2","2","https://twitter.com/iskandarjet/status/1342077494002765827","16995323","iskandarjet"
"1342031563601506304","Thu Dec 24 08:57:13 +0000 2020","1","Saya bersama @ccicpolri mewujudkan kedamaian di media sosial. Tanpa adanya kita yang menjaga kedamaian di dunia siber siapa lagi yang akan melakukannya. Dimulai dari sehat berbagi konten dan tidak meneruskan hoax atau informasi yang salah.","1342031563601506304","","","in","Bali, Indonesia","0","0","0","https://twitter.com/duitkripto/status/1342031563601506304","1048461988991365121","duitkripto"
"1341976432977702913","Thu Dec 24 05:18:08 +0000 2020","11","Setelah 2 periode menjabat Wali Kota Surabaya akhirnya Tri Rismaharini di dampuk jadi MENTERI SOSIAL.. Selamat bekerja buu.. Sehat selalu.. Aamiin Saya Percaya @jokowi https://t.co/s1t26G7b8o","1341976432977702913","https://pbs.twimg.com/media/Ep-ocBgU0AELRhn.jpg","","in","","0","1","6","https://twitter.com/RBonafida/status/1341976432977702913","1261496786440515586","RBonafida"
"1341941284362100737","Thu Dec 24 02:58:28 +0000 2020","45","Tips sehat mental main sosial media: Jangan menaruh harapan pada following-mu. Berharap semua yang kamu follow akan posting sesuai dengan keinginan dan value-mu nantinya akan kecewa. Biasa aja. Kalau dirasa ga menarik dan ga bermanfaat klik unfollow.","1341941284362100737","","","in","+62","2","1","19","https://twitter.com/disyarinda/status/1341941284362100737","51461606","disyarinda"
"1341890382196436993","Wed Dec 23 23:36:12 +0000 2020","0","Enak juga pacaran tanpa tukeran media sosial saling percaya satu sama lain saling support apapun itu. Kalau putus karena ada orang baru pun itu tandanya belum siap menerima satu sama lain. Sesimple itu sebenernya hubungan yang sehat.","1341890382196436993","","","in","","0","1","0","https://twitter.com/yanshnr/status/1341890382196436993","1320141921210150912","yanshnr"
"1341769158803898368","Wed Dec 23 15:34:30 +0000 2020","0","Saya bersama @ccicpolri mewujudkan kedamaian di media sosial. -- hidup sehat hidup semangat hidup bahagia tanpa provokasi &amp; ujaran kebencian ","1341769158803898368","","","in","South Borneo, Indonesia","0","0","0","https://twitter.com/IrfanKaruniawan/status/1341769158803898368","1102447742251458562","IrfanKaruniawan"
"1341727377970274304","Wed Dec 23 12:48:29 +0000 2020","0","Jujur seneng banget ngeliat ibu gue jadi Menteri Sosial RI. Semoga Bu Risma selalu sehat dan juga dapat memegang amanah penuh dengan tanggung jawab. Love you Bu Risma ️️️️️ https://t.co/n4NskYEY95","1341727377970274304","https://pbs.twimg.com/media/Ep7F8G3VgAEa7mw.jpg","","in","","0","0","0","https://twitter.com/aekarinawintoe/status/1341727377970274304","1317606904978239489","aekarinawintoe"
"1341718832839192579","Wed Dec 23 12:14:32 +0000 2020","0","Saya bersama @CCICPolri mewujudkan kedamaian di media sosial. Gunakan Media Sosial dengan bijak menebarkan kebaikan mengalirkan cinta kasih merangkai persaudaraan membangun persatuan antar anak bangsa untuk terwujudnya Indonesia yang maju damai rukun sehat dan bahagia🇮🇩","1341718832839192579","","","in","Indonesia","0","0","0","https://twitter.com/dink2525/status/1341718832839192579","1178530955377569793","dink2525"
"1341686923018919936","Wed Dec 23 10:07:44 +0000 2020","0","Saya bersama @ccicpolri mewujudkan kedamaian di media sosial. -- Mari jadikan media sosial kita sebagai literatur informasi yg sehat &amp; menyehatkan bagi masyarakat ","1341686923018919936","","","in"," Madura - Jakarta  🇮🇩","0","0","0","https://twitter.com/mafhastweet/status/1341686923018919936","2598126426","mafhastweet"
"1341681726557364226","Wed Dec 23 09:47:05 +0000 2020","0","Saya bersama @ccicpolri mewujudkan kedamaian di media sosial. Sebagai kaum milenial yg cerdas pasti selalu cermat dalam segala hal. Tunjukan bahwa kita negara yg kuat dan sehat.","1341681726557364226","","","in","","0","0","0","https://twitter.com/Roy92743320/status/1341681726557364226","1334889664075816961","Roy92743320"
"1341681575486885888","Wed Dec 23 09:46:29 +0000 2020","1","Saya bersama @CCICPolri mewujudkan kedamaian di media sosial untuk Indonesia lebih Aman Damai Tentrem Loh Jinawi. POLRI @CCICPolri bersama Netizen Sehat Indonesia 🇮🇩 ","1341681575486885888","","","in","Indonesia","0","0","0","https://twitter.com/Khusni_Mub87/status/1341681575486885888","772766114","Khusni_Mub87"
"1341676546365349888","Wed Dec 23 09:26:30 +0000 2020","235","Saya bersama @CCICPolri mewujudkan kedamaian di media sosial untuk Indonesia lebih Aman Damai Tentrem Loh Jinawi. POLRI @CCICPolri bersama Netizen Sehat Indonesia ","1341676546365349888","","","in","Jakarta","2","3","21","https://twitter.com/noeruzzaman/status/1341676546365349888","182216008","noeruzzaman"
"1341642612680261632","Wed Dec 23 07:11:40 +0000 2020","0","Semakin ingin lepas dari lingkungan sosial kuliah yg ga sehat. Gw baik sama semuanya si tp pure bisa temenan ama w cuma 3/4 orang aja.","1341642612680261632","","","in","she / her","0","0","0","https://twitter.com/jeanaisant/status/1341642612680261632","1141377455871016961","jeanaisant"
"1341633163362267136","Wed Dec 23 06:34:07 +0000 2020","0","Selamat untuk pelantikan Ibu Risma sebagai Menteri Sosial di Kabinet Indonesia Maju! Sehat-sehat ya Bu https://t.co/d193CJGDWI","1341633163362267136","","","in","Indonesia","0","1","0","https://twitter.com/globalfmsby/status/1341633163362267136","498599294","globalfmsby"
"1341593952718221313","Wed Dec 23 03:58:18 +0000 2020","0","Selamat Nggeh Bu ..jd MENTERI Sosial semoga Amanah Djauhkan dr yg Negatif Sehat selalu Punya Iman yg Kuat Bu Biar djauhkan dr yg buruk2. Semoga Warga Mu di Suroboyo Baik2 dan Aman https://t.co/J0aKkwOWgT","1341593952718221313","https://pbs.twimg.com/media/Ep5MlrpVQAAnjQG.jpg","","in","","0","0","0","https://twitter.com/Ayoebundaayoe/status/1341593952718221313","1280777755789897729","Ayoebundaayoe"
"1341592027675283461","Wed Dec 23 03:50:39 +0000 2020","0","Wah Bu Risma habis masa jabatan walikota langsung jadi menteri sosial...Mugi tetep amanah sehat kuat berkat manfaat ... Selamat Bu ","1341592027675283461","","","in","","0","0","0","https://twitter.com/aryamelita/status/1341592027675283461","1310133532765741057","aryamelita"
"1341588128235196416","Wed Dec 23 03:35:09 +0000 2020","0","Selamat untuk 6 Menteri yang diangkat hari ini Semoga saya menjadi manusia yang : Bisa rekreasi lagi dan jualan apa aja (yang penting kreatif) | Agama dan keyakinan saya semakin kuat | Jiwa Sosial saya semakin kuat | Saya sehat lahir dan bathin | Bisa berdagang ikan laut dll.","1341588128235196416","","","in","@Indonesia","0","0","0","https://twitter.com/hendrotristan29/status/1341588128235196416","2444946127","hendrotristan29"
"1341577227591249920","Wed Dec 23 02:51:51 +0000 2020","0","Aku malah seneng ibu tri rismaharini yang saya hormati jadi mentri sosial orangnya jujur adil rendah diri tegas dalam semua urusan selamat sehat dan sukses buat ibu tri rismaharini yang saya hormati saya bakal dukung dinerja ibu tri rismaharini dalam urusan mentri sosial maju ibu","1341577227591249920","","","in","","0","0","0","https://twitter.com/RonalMaxim1/status/1341577227591249920","1339874015096160257","RonalMaxim1"
"1341439439461961728","Tue Dec 22 17:44:19 +0000 2020","0","teruntuk anak badut sehat sehat trs ya walaupun kita sdang sosial dispenser","1341439439461961728","","","in","She Her","0","0","0","https://twitter.com/Amoureite/status/1341439439461961728","1310143378697252864","Amoureite"
"1341394283958513665","Tue Dec 22 14:44:53 +0000 2020","1","Mentri sosial yang baru gua sangat berharap lebih sih kinerja sebelumnya sudah sangat memuaskan di Surabaya bagaimana untuk jabatan barunya? semoga sama baiknya dengan di Surabaya Selamat Bu Risma sukses terus yaaa dan sehat selalu!!","1341394283958513665","","","in","","0","0","0","https://twitter.com/kurniawan98_/status/1341394283958513665","314369603","kurniawan98_"
"1341338680984682498","Tue Dec 22 11:03:57 +0000 2020","0","Apakah jangan² tuhan memberikan kita nafsu untuk bergerak bebas mencoba berkehendak atas apa yang manusia inginkan kepuasan² sosial agar mencapai agar hidup menjadi bergairah . Lalu dimanakah peran akal sehat dan peran berfikir jernih .","1341338680984682498","","","in","Bandung","0","0","0","https://twitter.com/idrismustopa/status/1341338680984682498","371097841","idrismustopa"
"1341309254418845696","Tue Dec 22 09:07:01 +0000 2020","8","Sukses dan sehat selalu Bu Risma. Ibunya arek² Suroboyo sebagai Menteri Sosial. . Udah ga bisa lagi liat Bu Risma keliling Surabaya. https://t.co/vtxO8y2bLX","1341309254418845696","https://pbs.twimg.com/media/Ep1JqHZU8AARr3a.jpg","","in","Malang, Jawa Timur","0","0","0","https://twitter.com/Hi8ayat/status/1341309254418845696","994464290261250049","Hi8ayat"
"1341296377540689920","Tue Dec 22 08:15:51 +0000 2020","1","Manusia normal tentunya memberdayakan akal sehat dan hatinuraninya sehingga tidak terjerumus kedalam radikalisme keagamaan atau ekstrem kanan. Sebab radikalisme paradigma dari neraka yang bertujuan untuk mengacaukan dn menghancurkan harmoni sosial kedamaian dn peradaban manusia.","1341296377540689920","","","in","","0","0","1","https://twitter.com/Ferrynine/status/1341296377540689920","1120283194761179136","Ferrynine"
"1341232822040727553","Tue Dec 22 04:03:18 +0000 2020","0","Kata mama doain aja mama panjang umur dan sehat selalu. Gaperlu upload2an kalau diceramahin malah ngelawan. Apalagi ngucapinnya cuma di media sosial aja. Trus ga dikasih duit malah bilang kenapa hidup aku gini amat ya Allah ","1341232822040727553","","","in","Sumatera Barat, Indonesia","0","1","0","https://twitter.com/billythekidd33/status/1341232822040727553","1303761968918966272","billythekidd33"
"1341218189976293377","Tue Dec 22 03:05:09 +0000 2020","0","B-) Alhamdulillah walau gak pernah kebagian bantuan soSIAL dari Pemerentah Bocah ama Bini dirumah bisa terus Sehat Wal Afiat dengan hidup seadanya Nikmat Sabar en Syukur itu lebih Utama dibanding kudu ngarep kucuran dari komplotan #RejimBedebah :-D","1341218189976293377","","","in","Nuhsantara","0","0","0","https://twitter.com/skandalmedia/status/1341218189976293377","926487776081539072","skandalmedia"
"1341035701819695110","Mon Dec 21 15:00:01 +0000 2020","52","Mikel Arteta menyadari membaca komentar-komentar pedas netizen di media sosial hanya akan membuat pikirannya jadi tak sehat dan semakin berantakan. https://t.co/kuXSOHVwju","1341035701819695110","","","in","Indonesia","8","19","8","https://twitter.com/GOAL_ID/status/1341035701819695110","27197792","GOAL_ID"
"1341001614463619072","Mon Dec 21 12:44:34 +0000 2020","24","Sayangnya sosial media hanya punya filter usia tidak ada filter orang wajib sehat mental untuk berkomunikasi di sini. Jadi ya wajar kalo ada orang yang caper atau tiba-tiba melampiaskan kekesalan padamu. Mungkin menurut dia social media itu ya samsak untuknya.","1341001614463619072","","","in","South Australia, Australia","0","2","6","https://twitter.com/fierza/status/1341001614463619072","942220232306802688","fierza"
"1340969076517076992","Mon Dec 21 10:35:16 +0000 2020","0","Berikut kegiatan-kegiatan yang dilakukan pada beberapa Kecamatan di Kota Tangerang: kec_periuk - Apel Siaga Bencana dan Peringatan Hari Kesetiakawanan Sosial (HKSN) kecamatan_cibodas - Giat Penilaian Lomba Ketahanan Pangan - Giat Penilaian Lomba Kantor Sehat - Giat Kunjungan (01) https://t.co/47QBTmQhbI","1340969076517076992","https://pbs.twimg.com/media/EpwUQPdUwAEbpcr.jpg","","in","","0","1","0","https://twitter.com/Kota_Tangerang/status/1340969076517076992","484490033","Kota_Tangerang"
"1340935844471795712","Mon Dec 21 08:23:13 +0000 2020","10","Memasuki akhir tahun 2020 Pemprov DKI Jakarta kembali memperpanjang kembali Pembatasan Sosial Berskala Besar Masa Transisi menuju masyarakat sehat aman dan produktif hingga 3 Januari 2021. @DKIJakarta https://t.co/roduGzffTo","1340935844471795712","https://pbs.twimg.com/media/EpvLM5gVEAALIj0.jpg","","in","","0","0","4","https://twitter.com/RadioElshinta/status/1340935844471795712","121640063","RadioElshinta"
"1340923981797486592","Mon Dec 21 07:36:05 +0000 2020","0","SERGAI Infoklik.co-Sebelum Pandemi Covid-19 pemerintah telah menggulirkan berbagai program jaminan sosial mulai dari Program Keluarga Harapan (PKH) Program Sembako Kartu Indonesia Pintar (KIP) Kartu Indonesia Sehat (KIS) dan lain sebagainya. Namun saya https://t.co/msGF8PpGPp https://t.co/HPkEwR1pZE","1340923981797486592","https://pbs.twimg.com/media/EpvrQV9XUAEx5Em.jpg","","in","Jakarta Timur","0","0","0","https://twitter.com/Infoklik1/status/1340923981797486592","1324609700302741504","Infoklik1"
"1340911136237998082","Mon Dec 21 06:45:02 +0000 2020","0","Miliki Tubuh Lentur dan Sehat Nenek 82 Tahun jadi Ratu Yoga di Media Sosial: Jia Yu Xian nenek berusia 82 tahun dijuluki Flexy Granny menjadi ratu yoga di media sosial karena tubuhnya yang sangat lentur dan sehat. https://t.co/vX5qcxlIra","1340911136237998082","","","in","","0","0","2","https://twitter.com/FIMELAdotcom/status/1340911136237998082","184706308","FIMELAdotcom"
"1340888795718197248","Mon Dec 21 05:16:16 +0000 2020","444","Memasuki akhir tahun 2020 Pemprov DKI Jakarta kembali memperpanjang kembali Pembatasan Sosial Berskala Besar Masa Transisi menuju masyarakat sehat aman dan produktif hingga 3 Januari 2021. #JagaJakarta #JakartaTanggapCorona #HadapiBersama #PSBBJakarta #COVID19 #PSBBTransisi https://t.co/Ep6J1aXynh","1340888795718197248","https://pbs.twimg.com/media/EpvLM5gVEAALIj0.jpg","","in","Jakarta, Indonesia","11","51","110","https://twitter.com/DKIJakarta/status/1340888795718197248","166014938","DKIJakarta"
"1340886438695432193","Mon Dec 21 05:06:54 +0000 2020","0","Waspada! Paham Radikal yang disebar luaskan di Media Sosial Saring dan Selalu Gunakan Akal Sehat dalam Bermedia Sosial #berantasradikalisme #antiradikalisme #polriberantasradikalisme #radikalismeharusdilawan #radikalismeharusdilawan #polrimelindungimasyarakat https://t.co/h0SaeLY3MG","1340886438695432193","https://pbs.twimg.com/media/EpvJGW5UYAI5rBp.jpg","","in","Kota Pasuruan, Jawa Timur","0","0","0","https://twitter.com/respaskot11/status/1340886438695432193","1240847073177550849","respaskot11"
"1340882949466558467","Mon Dec 21 04:53:02 +0000 2020","5","PSBB Transisi di Jakarta Diperpanjang hingga 3 Januari 2021 Pemprov DKI Jakarta kembali memperpanjang Pembatasan Sosial Berskala Besar (PSBB) masa transisi menuju masyarakat sehat aman dan produktif hingga 3 Januari 2021. https://t.co/ja05t5ysBC https://t.co/s6hQqcC5j4","1340882949466558467","https://pbs.twimg.com/media/EpvF79mU0AA7DgG.jpg","","in","","0","0","0","https://twitter.com/VIVAcoid/status/1340882949466558467","41730943","VIVAcoid"
"1340879869110960128","Mon Dec 21 04:40:47 +0000 2020","0","bayar hutang 40k gabisa main nongkrong ala buat sosial media bisa sehat?","1340879869110960128","","","in","cetrekan lampu","0","2","0","https://twitter.com/owhajayekan/status/1340879869110960128","1131844266651598848","owhajayekan"
"1340855904971845635","Mon Dec 21 03:05:34 +0000 2020","0","Pemprov DKI Jakarta kembali memperpanjang kembali Pembatasan Sosial Berskala Besar (PSBB) Masa Transisi menuju masyarakat sehat aman dan produktif hingga 3 Januari 2021. #PSBB #Jakarta #Anies https://t.co/9l8KAcsAib","1340855904971845635","","","in","Jakarta","0","0","0","https://twitter.com/mnctrijaya/status/1340855904971845635","88593647","mnctrijaya"
"1340829245145116673","Mon Dec 21 01:19:38 +0000 2020","10","Halo Lur! semoga tetap sehat dan semangat ya. Baru-baru ini beredar informasi di media sosial kalau tes COVID-19 lewat hidung (tes swab) dapat membahayakan otak bener ga sih? https://t.co/8vTJiM6exn","1340829245145116673","https://pbs.twimg.com/media/EpuVFmhVgAAPYv9.jpg","","in","Yogyakarta, Indonesia","0","1","3","https://twitter.com/kominfodiy/status/1340829245145116673","755673247660650497","kominfodiy"
"1340621298636976128","Sun Dec 20 11:33:19 +0000 2020","2","buat orang social workers entah komunitas peduli sosial lingkungan hidup sampe content creator support system camaba sumpa kalian keren bgt sehat selalu ya kalian doa terbaik buat kalian :(","1340621298636976128","","","in","","0","0","0","https://twitter.com/erythrocute/status/1340621298636976128","1251084607409119233","erythrocute"
"1340504265777770496","Sun Dec 20 03:48:16 +0000 2020","0","Setiap orang tentu ingin sehat. Namun sayangnya tidak semuanya mau menjalani POLA HIDUP SEHAT. Perlu kita sadari kebugaran fisik saja bukanlah satu-satunya dasar untuk menjadi sehat; SEHAT berarti sejahtera secara MENTAL EMOSIONAL SOSIAL dan SPIRITUAL.","1340504265777770496","","","in","","0","1","0","https://twitter.com/DewanPPNB/status/1340504265777770496","1258020801967603712","DewanPPNB"
"1340452040053387264","Sun Dec 20 00:20:45 +0000 2020","0","Menarik sebagai pengingat bhw kebutuhan manusia cenderung sama (misal utk terhubung dgn keluarga/teman utk sehat dll) tapi cara pemenuhannya yg berbeda2 sesuai konteks sosial teknologi lingkungan ekspektasi dll. Penting utk desainer ngerti the needs baru mikir solusi.","1340452040053387264","","","in","Abu Dhabi","0","0","0","https://twitter.com/borryshasian/status/1340452040053387264","28290909","borryshasian"
"1340285085984034816","Sat Dec 19 13:17:20 +0000 2020","0","Bersama kita jaga kedamaian dan kesejukan di media sosial. Indonesia aman sehat sejahtera. #IndonesiaNegaraHukum #PenegakanHukumDemiNKRI","1340285085984034816","","","in","","0","0","0","https://twitter.com/YiTon15/status/1340285085984034816","1340284069293117440","YiTon15"
"1340280714646970373","Sat Dec 19 12:59:58 +0000 2020","12","Cepet sembuh Bro. Ntar kalau udah sehat fokus aje di issue sosial ekonomi dalam negeri. Bisa dua periode kalau begitu.","1340280714646970373","","","in","Jakarta, Indonesia","0","2","1","https://twitter.com/hasmibakhtiar/status/1340280714646970373","230313497","hasmibakhtiar"
"1340170486206980096","Sat Dec 19 05:41:57 +0000 2020","319","Bersama kita jaga kedamaian dan kesejukan di media sosial. Indonesia aman sehat sejahtera. #IndonesiaNegaraHukum #PenegakanHukumDemiNKRI","1340170486206980096","","","in","Indonesia","7","35","78","https://twitter.com/CCICPolri/status/1340170486206980096","735358344106549248","CCICPolri"
"1340144714218168326","Sat Dec 19 03:59:33 +0000 2020","1","Kemajuan technologi semakin pesat mari kita manfaatkan media sosial sebagai media pemersatu bangsa untuk menumbuhkan rasa nasionalis dan cinta terhadap negara kita sendiri. Gunakan Akal Sehat untuk bermedia sosial. #IndonesiaNegaraHukum @CCICPolri","1340144714218168326","","","in","","0","0","0","https://twitter.com/JackPenak/status/1340144714218168326","1335951889230229506","JackPenak"
"1340123569494212609","Sat Dec 19 02:35:31 +0000 2020","0","Akal sehat jujur &amp; konsisten dimanifestasikan dlm praksis sosial adalah modal aktualisasi diri untuk menuai jempolan (believeable).","1340123569494212609","","","in","Manado Sulut Indonesia","0","0","0","https://twitter.com/Burakos7/status/1340123569494212609","1300405532012867587","Burakos7"
"1339945056464093184","Fri Dec 18 14:46:11 +0000 2020","0","Passing grade jodoh meningkat tiap tahunya ayangs. Tidak cukup S1 Cantik Sehat Glowing. Selanjutnya adalah menjadi viral di seluruh sosial media dan jajaranya. Nggak mampu aku wes ndak kuat ","1339945056464093184","","","in","","0","0","0","https://twitter.com/mineyyy00/status/1339945056464093184","830825516","mineyyy00"
"1339842052712878080","Fri Dec 18 07:56:53 +0000 2020","0","Ada term 'blunder' dalam sosial media aja udah nunjukin ada yang ga sehat di situ","1339842052712878080","","","in","","0","0","0","https://twitter.com/ambiiiinn/status/1339842052712878080","99038804","ambiiiinn"
"1339769427894530048","Fri Dec 18 03:08:17 +0000 2020","1","Imo orang yg ngerasa insecure kalo liat story ig org atau insecure kalo tweet nya flop menurut gw sosial media di hidup dia itu udah toxic udh ga sehat jatohnya anxious kalo gaada yg jbjb once again IMO","1339769427894530048","","","in","","0","1","0","https://twitter.com/4BokutoOnly/status/1339769427894530048","1303013199244009473","4BokutoOnly"
"1339723985622163456","Fri Dec 18 00:07:43 +0000 2020","0","16. Semoga makin sukses karirnya panjang umur sehat selalu gaberhenti buat selalu jadi orang yang lucu yang gemes sukses buat konser onlinenya! 18. Yang sok iya yang ngerasa dirinya harus dipandang yang sombong yang suka panjat sosial yang mandang ina ini itu dkk.","1339723985622163456","","","in","⠀⠀ 𓊆ྀི  O'  ࣪Wixst,  Ao͟e͟s͟p͟a.”  ⊹  Blissful,  에스파.   ྀི𓊇","1","0","0","https://twitter.com/yooiarina/status/1339723985622163456","1152903475434385408","yooiarina"
"1339720439111663617","Thu Dec 17 23:53:38 +0000 2020","0","Uang yang Kalian Dewa Dewakan Nomor yang melintas di lintasan Radio Gelombang Tak Mampu mendapatkan Solusinya Kalian Semua Bukan Sedang Krisis Uang Kalian Semua Krisis PeriKemasyrakatan dan sosial budaya lingkungan yang sehat.","1339720439111663617","","","in","Indonesia","0","0","1","https://twitter.com/shribrahmana/status/1339720439111663617","251976019","shribrahmana"
"1339417148452610048","Thu Dec 17 03:48:28 +0000 2020","0","Telimakaci follback-nya @puspitahati5 Love you so much ️ Tetap semangat dengan aksi-aksi sosial nya yaaaa mak Sehat selalu dan tetap bahagia ️ https://t.co/K7ObVQLcQL","1339417148452610048","https://pbs.twimg.com/media/EpaQzDWUwAYg3PY.jpg","","in","Bandung~Garut","0","0","0","https://twitter.com/Itsme_Bunn/status/1339417148452610048","1327936971184828416","Itsme_Bunn"
"1339366809284141056","Thu Dec 17 00:28:26 +0000 2020","0","Hukum Tuhan tertinggi yang mengatur kehidupan sosial politik bukanlah kitab suci. Kalau Islam bukan Quran dan hadist dalam kitab tapi adalah konsensus atau ijma ujarnya. Ini org lama2.. sbg pemimpin bukan BADANMU SEHAT ..TAPI JIWA PIKIRAN WARAS https://t.co/WaSfnLqbQ2","1339366809284141056","","","in","Denpasar Selatan, Indonesia","0","0","0","https://twitter.com/Wongkuno2B/status/1339366809284141056","1226827655242084354","Wongkuno2B"
"1339169913030602752","Wed Dec 16 11:26:02 +0000 2020","0","Ibu sehat? Udah ada gejala? Kapan cepet nyusul? Dont be toxic to other People!! Seengganya ksh support yg meringankan beban pasien krna di sebagian orng sakit fisiknya ga sbrapa tpi bbn mental sosial yg luar biasa https://t.co/OtC0ubl5oe","1339169913030602752","https://pbs.twimg.com/media/EpWv8EKU0AER6uz.jpg","","in","","0","0","0","https://twitter.com/muthiapw1/status/1339169913030602752","1120670081963270144","muthiapw1"
"1338989684014247936","Tue Dec 15 23:29:52 +0000 2020","0","Salam hari Rabu. Yg tidak suka FPI berarti musuh Islam. Keluar kalian dari Bumi Nusantara. Masa aparat diadu dgn rakyat? Akal sehat dimana. Keadilan sosial dimana. Apakah perlu kami #PakaiHukumJalanan","1338989684014247936","","","in","East Borneo, Indonesia","0","0","0","https://twitter.com/Berau394/status/1338989684014247936","1333212008427098112","Berau394"
"1338884301841022976","Tue Dec 15 16:31:07 +0000 2020","0","Klo DEMOKRASI dimatikan FADLI ZON gak bisa NGOMONG di MEDIA SOSIAL dong. Otak mu sehat ?","1338884301841022976","","","in","","0","0","0","https://twitter.com/JayaKat36918366/status/1338884301841022976","1336227600159580160","JayaKat36918366"
"1338860041693065220","Tue Dec 15 14:54:43 +0000 2020","0","Kita berharap vaksin covid19 bisa digratiskan utk semua.. Anggaran penanganan dampak pandemi utk sosial dan ekonomi yg di proporsionalkan dan dirasionalkan.. Semoga Rakyat dan anggaran negara sehat.","1338860041693065220","","","in","","0","0","0","https://twitter.com/YudoJayate/status/1338860041693065220","1145259521687748608","YudoJayate"
"1338838372291203072","Tue Dec 15 13:28:37 +0000 2020","0","Kita tuh waras berakal sehat Apasih salah FPI GARDA TERDEPAN KEMANUSIAAN SOSIAL TINGKAT TINGGI #TetapDukungFPI #TetapDukungFPI","1338838372291203072","","","in","Jakarta Capital Region","0","0","0","https://twitter.com/sopyan_mr/status/1338838372291203072","1245606594080997379","sopyan_mr"
"1338831124039049216","Tue Dec 15 12:59:48 +0000 2020","1","Bhabinkamtibmas Ds.Sumberagung Brigadir Ahmad Rifaki bersama Babinsa dan Ka. Jawatan Sosial Kapanewon Jetis serta pendamping TKPK memberikan boga sehat kepada warga Kalurahan Sumberagung Jetis Bantul . Selasa 15/12/2020 . @PoldaJogja @PolresBantulDIY https://t.co/nskVIEpHJE","1338831124039049216","https://pbs.twimg.com/media/EpR7yN6UwAAY-Wd.jpg","","in","Bantul, Indonesia","0","0","0","https://twitter.com/Polsekjetisbtl/status/1338831124039049216","923733500380844032","Polsekjetisbtl"
"1338830436357685249","Tue Dec 15 12:57:04 +0000 2020","1","Bhabinkamtibmas Ds.Trimulyo Aipda Sugiyono SH bersama Babinsa dan Ka. Jawatan Sosial Kapanewon Jetis serta pendamping TKPK memberikan boga sehat kepada warga Kalurahan Trimulyo Jetis Bantul . Selasa 15/12/2020 . @PoldaJogja @PolresBantulDIY https://t.co/eRqr9jlPvE","1338830436357685249","https://pbs.twimg.com/media/EpR7KOHUYAEZhgW.jpg","","in","Bantul, Indonesia","0","0","0","https://twitter.com/Polsekjetisbtl/status/1338830436357685249","923733500380844032","Polsekjetisbtl"
"1338800241546391554","Tue Dec 15 10:57:05 +0000 2020","4","Terima kasih Bang @karniilyas telah mengantarkan banyak cerita kepada masyarakat perihal hukum dan ilmu sosial. Bila sekarang Anda harus pamit karena beban persoalan yg baru dihadapi saya maklumi. Sehat selalu https://t.co/NuuNC3m3uy","1338800241546391554","https://pbs.twimg.com/media/EpRfsQFVEAAU8Ag.jpg","","in","","0","1","0","https://twitter.com/BungMilky/status/1338800241546391554","1036814455345041410","BungMilky"
"1338767198450401281","Tue Dec 15 08:45:47 +0000 2020","85","Ada yang kalau nulis itu bijak banget. Terkesan kritis terhadap isu sosial dan semacamnya. Gembar-gembor tentang anti perundungan. Bahkan katanya sih terjun langsung di jalan. Tapi sekalinya nggak suka sama orang ajakin temen-temennya buat ngebully di sosmed. Sehat?","1338767198450401281","","","in","Yogyakarta, Indonesia","1","1","21","https://twitter.com/judithchung_/status/1338767198450401281","1630065848","judithchung_"
"1338518142419488773","Mon Dec 14 16:16:08 +0000 2020","1","Anak gifted adalah anak yang masa kecil dan remajanya sangat berisiko ketidaksinkronan perkembangan dan karakteristiknya yang supersensitif intens dan sangat kompleks dapat mengancam perkembangan sosial emosionalnya ke arah yang sehat. https://t.co/1Dm6CXijeN","1338518142419488773","","","in","Jakarta, Indonesia","0","0","0","https://twitter.com/didienAZHAR/status/1338518142419488773","194590819","didienAZHAR"
"1338513545869201408","Mon Dec 14 15:57:52 +0000 2020","2","Satire sosial; Saat petugas sedang mencari aparat yg tewas ditabrak sepur komentar semoga masinisnya sehat walafiat .","1338513545869201408","","","in","-6.252543,106.806343","0","0","1","https://twitter.com/alisyarief/status/1338513545869201408","30201110","alisyarief"
"1338453197044686852","Mon Dec 14 11:58:04 +0000 2020","2","Program GESID telah resmi rilis! Program GESID (Generasi Sehat Indonesia) ditujukan bagi Siswa SMP dan SMA dengan maksud untuk membantu mengatasi berbagai permasalahan yang dialami oleh kalangan remaja baik dari segi gizi maupun sosial. https://t.co/HLGIDG6tTd","1338453197044686852","https://pbs.twimg.com/ext_tw_video_thumb/1338452918664450048/pu/img/TrsAp_2fByRk8CA3.jpg","","in","Indonesia","0","1","1","https://twitter.com/Nutrisi_Bangsa/status/1338453197044686852","176442910","Nutrisi_Bangsa"
"1338433466459832320","Mon Dec 14 10:39:39 +0000 2020","0","LOL di Indonesia cuma yang berduit yang berhak sehat. Uww keadilan sosial bagi seluruh rakyat Indonesia ️","1338433466459832320","","","in","canyon moon","0","0","0","https://twitter.com/pootreez/status/1338433466459832320","1202481542313824257","pootreez"
"1338332890178805760","Mon Dec 14 04:00:00 +0000 2020","1","Menurut berbagai penelitian kebahagiaan orang dipengaruhi oleh hubungan sosial pekerjaan maupun pendidikan dan fisik yang sehat. #KompasKlasika #TriviaKlasika Lebih lengkap: https://t.co/BT99PPJyat https://t.co/W8NOOxLpDb","1338332890178805760","https://pbs.twimg.com/media/EpHSIhUVgAcJCZ9.jpg","","in","Palmerah Selatan, Jakarta","0","0","1","https://twitter.com/KompasKlasika/status/1338332890178805760","155456716","KompasKlasika"
"1338045982429220865","Sun Dec 13 08:59:56 +0000 2020","0","serasa mau rehat dari apapun mau sendiri tanpa orang-orang tanpa media sosial tapi jiwaku bisa sehat dengan itu tidak?","1338045982429220865","","","in","","0","0","0","https://twitter.com/hepikiyowogirls/status/1338045982429220865","1070596861067579396","hepikiyowogirls"
"1338010927820500993","Sun Dec 13 06:40:38 +0000 2020","0","knapa harus ada perbedaan perlakuan si? bukannya malah jadi kesenjangan sosial? bukannya tim gabole ada yang terlalu didominankan? yakin tim ini sehat?","1338010927820500993","","","in","Semesta.","0","0","0","https://twitter.com/fisypisy/status/1338010927820500993","1201041017836720128","fisypisy"
"1337970974981902336","Sun Dec 13 04:01:53 +0000 2020","0","Ada apa dengan Mensos di twiter? Saya ga mengerti dengan cara main twiter dan saya apa adanya mau kalian apapun juga buatlah semua orang mengerti dengan cara media sosial yang sehat bukan permainan. yang kalian coba ciptakan twiter terlalu banyak peraturan yang di rekayasa","1337970974981902336","","","in","JAKARTA UTARA  PRIUK 14320","0","0","0","https://twitter.com/muhamad49063980/status/1337970974981902336","1066490988108046336","muhamad49063980"
"1337954539127783427","Sun Dec 13 02:56:34 +0000 2020","0","Astaga hahaha lucu banget bantuan apa ya kayaknya bantuan sosial ya? Hehehe sama-sama dan makasih juga ya masih kontakan sama saya even jarang tapi kalo diitung-itung dari SMP berarti hampir 6 tahun ya? Tanpa sadar we grow up together via twitter and sehat selalu ya. ️","1337954539127783427","","","in","Kwangay Club","0","1","1","https://twitter.com/yaegerneoze/status/1337954539127783427","1092347170617942016","yaegerneoze"
"1337902502503596035","Sat Dec 12 23:29:48 +0000 2020","5"," Salam sayang dan salam sehat dari Ketum Persit KCK ibu Hetty Andika Perkasa. Persit KCK berikan bantuan sosial untuk masyarakat Sentani Papua. Bantuan tersebut berupa paket untuk anak peralatan rumah tangga masker susu serta alat medis lainnya. #JenderalTNIAndikaPerkasa https://t.co/42DHpiSrAg","1337902502503596035","https://pbs.twimg.com/ext_tw_video_thumb/1337902280775876613/pu/img/nLwLilm50D3Ka8M-.jpg","","in","DKI Jakarta","0","0","2","https://twitter.com/RicharBP_14/status/1337902502503596035","1217344915","RicharBP_14"
"1337801736036229120","Sat Dec 12 16:49:23 +0000 2020","3","Program Keluarga Harapan (PKH) Kementerian Sosial berhasil mengubah pola pikir Keluarga Penerima Manfaat (KPM) untuk berperilaku hidup bersih dan sehat. https://t.co/Q2hd0RIu0V","1337801736036229120","","","in","Jakarta, Indonesia","0","0","0","https://twitter.com/detikfinance/status/1337801736036229120","135795460","detikfinance"
"1337786915005722624","Sat Dec 12 15:50:30 +0000 2020","0","Resolusi 2021 tentunya sehat selalu dan mau ketemu kumpul sama temen temen. Sudahlah di masa yang berbeda tambah pula covid jadi makin aja berasa ga punya kehidupan sosial.","1337786915005722624","","","in","","0","0","1","https://twitter.com/nikiasyaraf/status/1337786915005722624","49036627","nikiasyaraf"
"1337619367022882818","Sat Dec 12 04:44:43 +0000 2020","3","Papua adalah Kita. Salam sayang dan salam sehat dari Ketum Persit KCK ibu Hetty Andika Perkasa melalui bantuan sosial untuk masyarakat Sentani Papua. #JenderalTNIAndikaPerkasa https://t.co/6GFLZhMlkD","1337619367022882818","https://pbs.twimg.com/ext_tw_video_thumb/1337619014969774082/pu/img/S3lRZo9Fb6rkGmvB.jpg","","in","","0","0","1","https://twitter.com/merpati_merah14/status/1337619367022882818","1310903178804695041","merpati_merah14"
"1337389913004679169","Fri Dec 11 13:32:57 +0000 2020","5","Kalau kamu masih mikir sehat itu cuma masalah fisik coba cek lagi definisi sehat menurut WHO. Sehat = sejahtera fisik mental dan sosial. Jadi yuk kita sama-sama belajar menjadi sehat :) Pic: salah satu PPT webinar saya. Link WHO https://t.co/d5rULr92w0 https://t.co/nHQVTNfe5F","1337389913004679169","https://pbs.twimg.com/media/Eo9dCHoVgAEIyIc.jpg","","in","South Tangerang","0","0","2","https://twitter.com/wiwitto/status/1337389913004679169","52191398","wiwitto"
"1337382921783574531","Fri Dec 11 13:05:10 +0000 2020","3","Sempet kaget pas guru SMP komen foto di platform sosial media sebelah Pas saya tanya Saya kira ibu sudah lupa sama saya Cah bagus cah manut cah pinter kok lupa Wahyu kabarnya gimana sehat ? Berasa seneng aja karena bahkan ga pernah dibilang gitu sama ibu sendiri hahah","1337382921783574531","","","in","","0","1","0","https://twitter.com/Yuul666/status/1337382921783574531","1211939045581840385","Yuul666"
"1337356352042070016","Fri Dec 11 11:19:35 +0000 2020","0","kalo menurut gua berbagi kebaikan atau melakukan kebaikan lalu diumbar di media sosial itu bagus kalo ada yg bilang r1y444 woyy r1y44 itu emang hati lu nya aja penyakitan. Soalnya kebaikan itu menular ((kalo yg hatinya sehat))","1337356352042070016","","","in","Indonesia","0","1","0","https://twitter.com/dmrgrey/status/1337356352042070016","605563524","dmrgrey"
"1337298514687115264","Fri Dec 11 07:29:46 +0000 2020","1","#SobatDepok Jumat (11/12/2020) Asisten Pemerintahan dan Kesejahteraan Sosial Sri Utomo membuka Rapat Koordinasi Focal Point Pengarusutamaan Gender (PUG). Tetap Patuhi Protokol Kesehatan ya sobat! Salam Sehat. https://t.co/Z49vVohA0V","1337298514687115264","https://pbs.twimg.com/media/Eo8J5jqUUAADOz7.jpg","","in","Gedung Balai Kota Depok","0","0","0","https://twitter.com/pemkotdepok/status/1337298514687115264","130723905","pemkotdepok"
"1337068570203869185","Thu Dec 10 16:16:03 +0000 2020","1","Lingkungan media sosial di indonesia sepertinya sudah tidak sehat","1337068570203869185","","","in","","0","0","0","https://twitter.com/GaneshaVishnu79/status/1337068570203869185","1218874155099049985","GaneshaVishnu79"
"1337030471704690688","Thu Dec 10 13:44:39 +0000 2020","2","Pada saat fungsi kontrol politik belum sehat seperti saat ini aku lebih setuju kalau Kementrian Sosial ini ditiadakan/dibubarkan","1337030471704690688","","","in","Medan Laga","0","1","0","https://twitter.com/tannusantara/status/1337030471704690688","260685197","tannusantara"
"1336965136075001857","Thu Dec 10 09:25:02 +0000 2020","1","Media Sosial Bisa Bikin Mental Sehat di Masa Pandemi? Yuk Ikuti Webinar Bareng Mahasiswa Komunikasi Unri https://t.co/UIPCde4epl","1336965136075001857","","","in","Pekanbaru Riau","0","0","1","https://twitter.com/GoRiauCom/status/1336965136075001857","1632918924","GoRiauCom"
"1336883883799789568","Thu Dec 10 04:02:10 +0000 2020","1","Acting single on sosial media iku ngga sehat. Bro","1336883883799789568","","","in","Surabaya kota","0","3","0","https://twitter.com/maarrino/status/1336883883799789568","949661667607982081","maarrino"
"1336875916123754497","Thu Dec 10 03:30:31 +0000 2020","0","*PENYALURAN BANTUAN SOSIAL POLRES BERUPA BERAS KEPADA MASYARAKAT TERDAMPAK COVID 19* MASYARAKAT SEHAT EKONOMI KUAT. @divisihumaspolri #kapoldasulsel #poldasulsel #opsyustisipoldasulsel https://t.co/IbFHfqLcPz","1336875916123754497","","","in","","0","0","0","https://twitter.com/HumasSabbang/status/1336875916123754497","1203927769823891457","HumasSabbang"
"1336846316635222017","Thu Dec 10 01:32:53 +0000 2020","0","persoalannya PRESTASI keduanya apa?? mana?? dlm kehidupan sosial aja gak tetiba jd politikus dan lsg menang pilkada? mbok ya pake akal sehat mbah!","1336846316635222017","","","in","Indonesia","0","0","0","https://twitter.com/truk_ce/status/1336846316635222017","75939896","truk_ce"
"1336808223706210305","Wed Dec 09 23:01:31 +0000 2020","1","Semoga sehat selalu ibu.. Sebenarnya saya mendukung seandainya ibu menjadi Menteri Sosial tapi juga gak tega dengan ibu krn tanggung jawab makin besar. Apalagi status ibu sebagai seorang istri dan ibu.. Semoga Alloh memberikan yg terbaik buat ibu..","1336808223706210305","","","in","","0","0","0","https://twitter.com/Bro_3dien/status/1336808223706210305","1193858680954834944","Bro_3dien"
"1336648986032148480","Wed Dec 09 12:28:46 +0000 2020","0","Assalamu'alaikum Sahabat Sehat... Talkshow [LIVE] : Kondisi Sosial Ekonomi Gorontalo Di Masa Pandemi Covid-19 https://t.co/IdDcGLwZnZ","1336648986032148480","https://pbs.twimg.com/media/Eoy7KwyU0AAHSSN.jpg","","in","Gorontalo, Indonesia","0","1","2","https://twitter.com/DinkesGtloProv/status/1336648986032148480","975609972141703169","DinkesGtloProv"
"1336569732233715713","Wed Dec 09 07:13:51 +0000 2020","2","klinik 2M dr. ZARRIL Mudah &amp; Mulia SEHAT Jasmani Rohani Sosial Ekonomi","1336569732233715713","","","in","","0","0","0","https://twitter.com/k2MdrZARRIL/status/1336569732233715713","1336565033325629440","k2MdrZARRIL"
"1336561151958663169","Wed Dec 09 06:39:45 +0000 2020","0","Bang @fadlizon Walaupun Saya Hanya Lihat Abang di TV dan Media Sosial Tapi Saya Yakin Abang Orang Yang Ikhlas Dengan Semua Gerakan Yang Abang Lakukan Doa Sy Semoga Abang Senantiasa Sehat dan Tetap Tidak Berubah Nurani dan Adab..Tetap Tajam Bang!!!","1336561151958663169","","","in","","0","0","0","https://twitter.com/armuchsin/status/1336561151958663169","1046227120769314816","armuchsin"
"1336541207002898432","Wed Dec 09 05:20:30 +0000 2020","35","Penerapan yang terjadi di media sosial adalah antara akal sehat dan otak primitive. Celakanya algoritma memanjakan otak primitive sehingga persebarannya 10 kali lipat lebih cepat sehingga lama-lama dianghap sebagai kebenaran. -Ainun Chomsun","1336541207002898432","","","in","Indonesia Raya","0","1","2","https://twitter.com/GUSDURians/status/1336541207002898432","200804596","GUSDURians"
"1336362287226101761","Tue Dec 08 17:29:32 +0000 2020","4","Definisi 'sehat untuk semua' adalah berkualitas efektif efisien terjangkau memerhatikan keadilan sosial dan nggak memiskinkan.","1336362287226101761","","","in","","0","1","0","https://twitter.com/siputriwidi/status/1336362287226101761","75485715","siputriwidi"
"1336246480164724737","Tue Dec 08 09:49:21 +0000 2020","1","baru sadar selama pandemi gapernah sakit yang disebabkan karena virus sekali pun alias aku lebih sehat alias masker dan sosial distancing works.","1336246480164724737","","","in","","0","0","1","https://twitter.com/tasyall/status/1336246480164724737","553484158","tasyall"
"1336239364259516417","Tue Dec 08 09:21:05 +0000 2020","0","Udah umur segini liat perkembangan ekonomi politik negara via sosial media malah kepikiran kemana-mana. Berat-berat. Sehat-sehat Indonesia.","1336239364259516417","","","in","","0","0","0","https://twitter.com/bandarkelapa/status/1336239364259516417","526407533","bandarkelapa"
"1336173003403489281","Tue Dec 08 04:57:23 +0000 2020","0","Menurut data Dinas Sosial Kota Bekasi angka kemiskinan di Kota Bekasi naik 37 persen akibat pandemi COVID-19. Waduh kalian termasuk nggak tuh dari 3 kecamatan diatas? @txtdrbekasi @txtdrbkstimur Semoga kita sehat selalu dan lancar rezekinya ya https://t.co/nZzeGFy3Lw","1336173003403489281","https://pbs.twimg.com/media/EosKQ9yUYAABfhr.jpg","","in","","0","0","1","https://twitter.com/bekasikinian/status/1336173003403489281","1230499562982240258","bekasikinian"
"1336061040858079233","Mon Dec 07 21:32:29 +0000 2020","0","Efek media sosial luar biasa.Bila orang atau institusi atau pribadi pribadi punya akal sehat.syaratnya. 1.Nggak bohong nggak dusta menjadi budaya. 2. Pintar dalam membaca situasi kondisi. 3. Ndablek jangan di pelihara","1336061040858079233","","","in","Tgaalek Jatim","0","0","0","https://twitter.com/SMujsin/status/1336061040858079233","1138335162188554240","SMujsin"
"1335774334292389888","Mon Dec 07 02:33:13 +0000 2020","0","Suasana di dalam rumah hobbit di kawasan hunian vertikal di Serpong Tangerang Selatan Banten Minggu (6/12/2020). Taman tematik lingkungan rumah hobbit tersebut bertujuan untuk mendukung relasi sosial antar warga serta menciptakan hunian sehat di tengah Pandemi Covid-19. https://t.co/9OZE6Y2Vnd","1335774334292389888","https://pbs.twimg.com/media/EomfocdUYAIPpw8.jpg","","in","Jl. Raya Kebayoran Lama No.72","0","0","0","https://twitter.com/indoposonline/status/1335774334292389888","219226384","indoposonline"
"1335766470769344512","Mon Dec 07 02:01:58 +0000 2020","0","Pemprov DKI Jakarta kembali memperpanjang Pembatasan Sosial Berskala Besar (PSBB) Masa Transisi menuju masyarakat sehat. #Psbb #Pandemi #Covid19 #Corona #News #Trijayaupdate https://t.co/IdjYAu0lXU","1335766470769344512","","","in","Jakarta","0","0","0","https://twitter.com/mnctrijaya/status/1335766470769344512","88593647","mnctrijaya"
"1335744913586065409","Mon Dec 07 00:36:18 +0000 2020","7","Pemprov DKI Jakarta kembali memperpanjang Pembatasan Sosial Berskala Besar (PSBB) Masa Transisi menuju masyarakat sehat aman dan produktif selama 14 hari tanggal 7-21 Desember 2020. via @DKIJakarta #ElshintaEdisiPagi https://t.co/zVZG2TLuBk","1335744913586065409","https://pbs.twimg.com/media/EokBD2FVgAM0NBW.jpg","","in","","2","0","3","https://twitter.com/RadioElshinta/status/1335744913586065409","121640063","RadioElshinta"
"1335734648182173697","Sun Dec 06 23:55:31 +0000 2020","4","Pemprov DKI Jakarta kembali memperpanjang Pembatasan Sosial Berskala Besar (PSBB) Masa Transisi menuju masyarakat sehat aman dan produktif selama 14 hari mulai tanggal 7 - 21 Desember 2020 sebagai langkah antisipasi terhadap lonjakan kasus COVID-19. Sumber : @dkijakarta https://t.co/qVhgtoZIhL","1335734648182173697","https://pbs.twimg.com/media/Eol7k6qUUAM5_lI.jpg","","in","Jakarta Selatan","0","0","4","https://twitter.com/KotaJaksel/status/1335734648182173697","1536237300","KotaJaksel"
"1335713636325548033","Sun Dec 06 22:32:01 +0000 2020","0","Setuju Pak @jokowi mengecam dan mendorong @KPK_RI memproses kasus korupsi menteri2nya scr tegas tidak pandang bulu. Korupsi adl perbuatan keji apapun bentuknya. Hrs dihukum berat. Tp mengkorupsi dana bantuan sosial ini sudah di luar akal sehat. Perlukah hukuman maksimal?","1335713636325548033","","","in","Yogyakarta","0","0","0","https://twitter.com/adiansyahdompu/status/1335713636325548033","93762902","adiansyahdompu"
"1335608181997768711","Sun Dec 06 15:32:59 +0000 2020","16","Pemprov DKI Jakarta kembali memperpanjang Pembatasan Sosial Berskala Besar (PSBB) Masa Transisi menuju masyarakat sehat aman dan produktif selama 14 hari tanggal 7-21 Desember 2020. via @DKIJakarta https://t.co/zVZG2TLuBk","1335608181997768711","https://pbs.twimg.com/media/EokBD2FVgAM0NBW.jpg","","in","","0","3","3","https://twitter.com/RadioElshinta/status/1335608181997768711","121640063","RadioElshinta"
"1335599947966676993","Sun Dec 06 15:00:16 +0000 2020","454","Pemprov DKI Jakarta kembali memperpanjang Pembatasan Sosial Berskala Besar (PSBB) Masa Transisi menuju masyarakat sehat aman dan produktif selama 14 hari tanggal 7-21 Desember 2020. https://t.co/Qja0C7Qz0N #JagaJakarta #JakartaTanggapCorona #HadapiBersama #PSBBJakarta #JAKI https://t.co/Ne7GcvILFQ","1335599947966676993","https://pbs.twimg.com/media/EokBD2FVgAM0NBW.jpg","","in","Jakarta, Indonesia","27","58","121","https://twitter.com/DKIJakarta/status/1335599947966676993","166014938","DKIJakarta"
"1335586964225945605","Sun Dec 06 14:08:40 +0000 2020","1","Sehat selalu Peof Muhadjir Jokowi Tunjuk Menko PMK Muhadjir Effendy Gantikan Menteri Sosial https://t.co/pj7PIVNsQM via @beritabaruco","1335586964225945605","","","in","DKI Jakarta","0","0","0","https://twitter.com/hadiprayitno82/status/1335586964225945605","588837318","hadiprayitno82"
"1335581088278749187","Sun Dec 06 13:45:19 +0000 2020","2","Sobat kom Aobat sosial Sobat sehat Sobat apalagi?","1335581088278749187","","","in","Jakarta, Indonesia","0","4","0","https://twitter.com/nuytarigan/status/1335581088278749187","145878495","nuytarigan"
"1335536742351310849","Sun Dec 06 10:49:07 +0000 2020","0","kemarin kementrian kkp skrg kementrian sosial hehehe kabinet kerja sehat?","1335536742351310849","","","in","Yogyakarta, Indonesia","0","0","0","https://twitter.com/habibmuhmardi_/status/1335536742351310849","2358707364","habibmuhmardi_"
"1335491781434068995","Sun Dec 06 07:50:27 +0000 2020","0","Orang dpet bantuan sosial isinya gak genep..saya dr awal gak pernah dapet itu bantuan..padahal di web terdaftar termasuk golongan dpet bansos..biarin aja nanti dia yg nanggung sendiri di akhirat..ngapain sibuk ngurusin amal orang lain positif nya Alhamdulillah msih dikasih sehat","1335491781434068995","","","in","Jakarta","0","0","0","https://twitter.com/zayninho/status/1335491781434068995","231128509","zayninho"
"1335465211206148099","Sun Dec 06 06:04:52 +0000 2020","1","Kalo media sosial udh mulai bikin ga sehat secara emosional istirahat bentar gpp kok. *ngomong ke diri sendiri.","1335465211206148099","","","in","","0","0","0","https://twitter.com/ramawintara53/status/1335465211206148099","1214133291462225921","ramawintara53"
"1335436287583551489","Sun Dec 06 04:09:56 +0000 2020","14","Dari awal sangat bisa dinalar dg akal sehat bahwa bantuan sosial Covid19 dlm bentuk PAKET SEMBAKO itu lebih banyak mudharat dari manfaatnya. Dan potensi disalahgunakannya jauh lebih besar dr BANTUAN LANGSUNG TUNAI. Menalar sesederhana itu koq di negara ini jadi demikian sulit?","1335436287583551489","","","in","Kota Surabaya, Jawa Timur","0","7","2","https://twitter.com/ferrykoto/status/1335436287583551489","24893875","ferrykoto"
"1335431340104196096","Sun Dec 06 03:50:17 +0000 2020","0","Oia kata Ibuku di kota ada program Kormobid apa ya. Jadi Dinas Sosial buka lowongan relawan buat jadi petugas penjaga dan memantau orang-orang yang rentan tertular Covid19. Dibukanya buat orang ya sehat anak muda.","1335431340104196096","","","in","","0","1","0","https://twitter.com/juniatin/status/1335431340104196096","408167881","juniatin"
"1335377342466674688","Sun Dec 06 00:15:43 +0000 2020","3","Tidak tanggung tanggung dana bantuan sosial di embat juga pemerintah gelontorkan dana trilyunan rakyat masih kesusahan krn dampak covid sementara dokter perawat masih berjibaku dengan korban covid yang terus bertambah Akal tidak sehat nurani beku rasa kemanusiaan hilang.","1335377342466674688","","","in","","0","1","1","https://twitter.com/miftahhudaID/status/1335377342466674688","2887042249","miftahhudaID"
"1335363430409097216","Sat Dec 05 23:20:26 +0000 2020","0","Akhlaq bangsa ini sepertinya memang perlu diperbaiki terutama untuk para pemimpinnya. Berita mensos menggarong dana bantuan sosial bagi masyarakat sungguh merusak nurani dan akal sehat.. #RevolusiAkhlak #FrontPembelaIndonesia","1335363430409097216","","","in","Republik Indonesia","0","0","0","https://twitter.com/Hape67889697/status/1335363430409097216","1029849874362068992","Hape67889697"
"1335363017345679363","Sat Dec 05 23:18:47 +0000 2020","47","Laahaula walaa quwwata illa billah... Dana COVID-19 &amp; dana bantuan sosial untuk masyarakat lemah akibat pandemi global ini-PUN DIKORUPSI? Akal sehat klean liburkan? PENGKHIANAT amanah! Camkan! ORANG SERAKAH (RAKUS) BERADA DALAM BELENGGU KENISTAAN. ","1335363017345679363","","","in","Dunia","1","4","5","https://twitter.com/wahhabicc_jabar/status/1335363017345679363","838413792677507072","wahhabicc_jabar"
"1335361739731263488","Sat Dec 05 23:13:43 +0000 2020","0","menteri sosial dari @PDI_Perjuangan ini memang sudah hilang akal sehat rakyat lagi kesusahan kena covid gini eh eh duwit bantuan sosial di embatnya juga....astagfirullah....","1335361739731263488","","","in","على الارض","0","0","0","https://twitter.com/Wongalit_elit/status/1335361739731263488","392856761","Wongalit_elit"
"1335208759371603969","Sat Dec 05 13:05:49 +0000 2020","0","Ini tuh buah hasil dr yg namanya popular culture yang menghasilkan persekusi sosial. Kalau kata Dir.Yoon. RISK Orang2 punya attachment yg terlalu tinggi dengan karakter fiksi. Sayangnya jd sikap overvalidasi sih. Kalau udah merasa ga sehat lepaskan attachment mu. Candu!","1335208759371603969","","","in","","0","0","0","https://twitter.com/Besibusy/status/1335208759371603969","918733257318973440","Besibusy"
"1335127875532566529","Sat Dec 05 07:44:25 +0000 2020","2","AKU lahir sebagai bayi MANUSIA LALU aku jadi ORANG berstatus pelajar mahasiswa pekerja ADA amat banyak ORANG yang LUPA bhw dirinya MANUSIA AKU tidak LUPA: aku adalah ORANG tanpa lupa bahwa aku MANUSIA maka aku selalu punya AKAL-SEHAT CINTA-SOSIAL FUNGSI-SOSIAL BUDAYA LUHUR️","1335127875532566529","","","in","SAMPIT, KalTeng, INDONESIA+62","0","2","1","https://twitter.com/Budi_2232/status/1335127875532566529","1203075185420599296","Budi_2232"
"1335098310319689729","Sat Dec 05 05:46:56 +0000 2020","0","Kantor sehat pekerja kuat dan giat. Personil satlantas situbondo melaksanakan giat bakti sosial dengan melaksanakan penyemprotan desinfektan di kantor Bawaslu sebagai wujud kesiapan pelaksanaan Pilkada yang bebas dari Covid 19. #cegahcovid #satlantassitubondo #rtmcjatim https://t.co/J20QIVAebT","1335098310319689729","https://pbs.twimg.com/media/Eoc41L-UcAI__R0.jpg","","in","","0","0","0","https://twitter.com/LantasSitubondo/status/1335098310319689729","187563821","LantasSitubondo"
"1335069082907934720","Sat Dec 05 03:50:48 +0000 2020","1","4 sehat 5 keadilan sosial bagi seluruh rakyat Indonesia","1335069082907934720","","","in","Palu, Hut","0","0","0","https://twitter.com/ohmykonss/status/1335069082907934720","1210114484188041216","ohmykonss"
"1335055836498939904","Sat Dec 05 02:58:10 +0000 2020","0","5 Desember 2020 Selamat Hari Relawan Dunia. Salut bagi perjuangan tanpa pamrih relawan-relawan dimanapun berada. Di tengah pandemi di lokasi bencana maupun kegiatan² sosial. Salam sehat dan tetap semangat. #VolunteerDay","1335055836498939904","","","in","Where do you live?","0","0","0","https://twitter.com/awwikanadi/status/1335055836498939904","1192530074","awwikanadi"
"1335045667098529792","Sat Dec 05 02:17:45 +0000 2020","0","Sehat fisik mental dan sosial. Aamiin","1335045667098529792","","","in","Indonesia","0","0","0","https://twitter.com/RenitaTitik/status/1335045667098529792","338687237","RenitaTitik"
"1334867685490917382","Fri Dec 04 14:30:31 +0000 2020","0","Assalamu'alaikum Sahabat Sehat... Merayakan Hari Ulang Tahun Provinsi Gorontalo ke-20 ramaikan media sosial dengan upload poto kamu di aplikasi dibawah ini : https://t.co/fszjVX4T43 https://t.co/juinyPsBq9","1334867685490917382","https://pbs.twimg.com/media/EoZnFd0U0AAULQ8.jpg","","in","Gorontalo, Indonesia","0","0","0","https://twitter.com/DinkesGtloProv/status/1334867685490917382","975609972141703169","DinkesGtloProv"
"1334823479703601155","Fri Dec 04 11:34:52 +0000 2020","0","wow iklan @Ichitanindo yang ini heartwarming banget sumpah semoga untuk para single-parent yang ada selalu sehat dan gak lagi mendapat judgement dari sosial apapun yg kalian pilih. Kalian hebat! Aku jadi kangen ibu juga btw: )) https://t.co/YXvVTrFJHB","1334823479703601155","https://pbs.twimg.com/media/EoY-2zPVEAArbkG.jpg","","in","","0","1","0","https://twitter.com/bbeomnal/status/1334823479703601155","362931043","bbeomnal"
"1334758533074599936","Fri Dec 04 07:16:47 +0000 2020","1","orang kaya yang banyak harta orang populer yg wara wiri di media sosial juga mengalami kesepian yg tidak diketahui org lain kecuali org terdekatnya Tidak ada orang yang rentan thd perasaan kesepian #sehatmental #mentalsehat #indonesiasehatmental","1334758533074599936","","","in","Jakarta Capital Region","0","0","0","https://twitter.com/mental_sehat/status/1334758533074599936","1171982877350752256","mental_sehat"
"1334756759949307904","Fri Dec 04 07:09:44 +0000 2020","0","ok lah mayan disini mah menunya sehat sehat https://t.co/2eKub1Z6sQ Penyidik Bareskrim Polri resmi menahan tersangka kasus ujaran kebencian di media sosial Ustadz Maaher At-Thuwailibi alias Soni Eranata selama 20 hari.","1334756759949307904","","","in","🇮🇩 NKRI","0","0","0","https://twitter.com/vnamimel/status/1334756759949307904","1314108365807648769","vnamimel"
"1334462397415755781","Thu Dec 03 11:40:03 +0000 2020","0","Mengunjungi Rumah Hobbit di Perkotaan: Mengunjungi Rumah Hobbit di Perkotaan. Taman tematik lingkungan rumah hobbit tersebut bertujuan untuk mendukung relasi sosial antar warga serta menciptakan hunian sehat di tengah pandemi Covid-19. https://t.co/LLKj7jZraU","1334462397415755781","","","in","Indonesia","0","0","0","https://twitter.com/merdekadotcom/status/1334462397415755781","456426648","merdekadotcom"
"1334407031113957382","Thu Dec 03 08:00:02 +0000 2020","11","BISMILLAH menuju Surabaya Beberapa hari saya tidak aktif sosial media sebenarnya agak kurang sehat sehingga mau cancel jadwal Surabaya dan sekitarnya tapi malu sama para jamaah karena bukan hanya satu acara tetapi 12 acara. Jamaah sudah siap sudah menunggu sudah kangen. https://t.co/oi2QFMVvyU","1334407031113957382","https://pbs.twimg.com/media/EoTEHxfVEAEJfov.jpg","","in","","0","1","0","https://twitter.com/SyekhMJaber/status/1334407031113957382","1311187763060858881","SyekhMJaber"
"1334323495572971521","Thu Dec 03 02:28:06 +0000 2020","0"," H9 Kampanye Sosial Pak Basri merantau untuk mengabdi~ Meski selalu rindu orang terkasih~ Mari kurangi naik kendaraan pribadi~ Demi udara sehat bebas polusi~ #PK170LPDP #NaradiptaArunasweta #DiriUntukNegeri #AkuPastiMengabdi #SDMUnggulIndonesiaMaju https://t.co/EfQS4CK1lg","1334323495572971521","https://pbs.twimg.com/media/EoR4JXTVgAINfnP.jpg","","in","Nanggalo, Indonesia","0","2","0","https://twitter.com/Annita_ta2612/status/1334323495572971521","1167739751933198337","Annita_ta2612"
"1334309305642696704","Thu Dec 03 01:31:43 +0000 2020","0","ga sehat ni sosial media","1334309305642696704","","","in","e-diary","0","0","0","https://twitter.com/literallydelin/status/1334309305642696704","1223731780877815808","literallydelin"
"1334292311040086017","Thu Dec 03 00:24:11 +0000 2020","0","Jadi pengen banget ikut kegiatan sosial apalagi liat twit bersliweran soal perpustakaan keliling.. . Betapa mulianya abang2 mas mas mba mba yg sampai detik ini masih menjalankan misi nyata mencerdaskan kehidupan bangsa khususnya daerah terpencil : ) Sehat sehat ya kalian semua","1334292311040086017","","","in","jakarta, Indonesia","0","1","0","https://twitter.com/onionyumy/status/1334292311040086017","369925401","onionyumy"
"1334256024870502400","Wed Dec 02 22:00:00 +0000 2020","6","Selamat Pagi. Kebiasaan baru untuk hidup lebih sehat harus terus menerus dilakukan di masyarakat dan setiap individu sehingga menjadi norma sosial dan norma individu baru dalam kehidupan sehari hari.","1334256024870502400","","","in","DKI Jakarta","0","3","1","https://twitter.com/PT_Transjakarta/status/1334256024870502400","104556071","PT_Transjakarta"
"1334099746173067265","Wed Dec 02 11:39:00 +0000 2020","9","Kampanye politik di media sosial diperbolehkan. Tapi beberapa model kampanye masuk kategori tidak sehat dan melanggar aturan. Apa saja? Klik gambar berikut untuk mengenali lebih jauh. https://t.co/HBAhPb4vLx","1334099746173067265","https://pbs.twimg.com/media/EoOYi7iVcAA1Qk2.jpg","","in","Jakarta - Indonesia","1","1","3","https://twitter.com/elsamnews/status/1334099746173067265","258629268","elsamnews"
"1334071894887153664","Wed Dec 02 09:48:20 +0000 2020","3","Ngawal Babang Bara Dulu.. Santay Ajaah Yaaah Bang kalau Bermedia Sosial Indak Usah Baperan.. Kata Si Bang Bara Iyuuuh Salamat Helemei/Sore Pahari Pahari Semoga Itah/Kita Semua dlm Keadaan Sehat Bahalap.. Aamiin YRA https://t.co/DDBBbtgI9A","1334071894887153664","https://pbs.twimg.com/ext_tw_video_thumb/1334071546046935041/pu/img/9wulK_x9lpbTK_MN.jpg","","in","Kalimantan Tengah, Indonesia","0","0","0","https://twitter.com/safira_floran/status/1334071894887153664","1186531317539717120","safira_floran"
"1334049240926961666","Wed Dec 02 08:18:19 +0000 2020","0","Tetep aja sih kayaknya aku butuh rehat bentar dari media sosial. Merasa aku nggak sehat.","1334049240926961666","","","in","","0","0","0","https://twitter.com/novocainie/status/1334049240926961666","1173076953831596033","novocainie"
"1333938818043441154","Wed Dec 02 00:59:32 +0000 2020","0","kalian bebas kok mau ngapain aja di sosial media nggak usah pedulikan mereka yang sirik dan nggak suka sama kamu juga nggak perlu takut jika nanti hanya menjadi bahan olok-olokan di dunia nyata kamu tinggal block dan jauhi orangnya agar mentalmu tetap sehat!","1333938818043441154","","","in","Sleman","0","1","0","https://twitter.com/bestaprdn/status/1333938818043441154","78205669","bestaprdn"
"1333893641039908865","Tue Dec 01 22:00:01 +0000 2020","10","Selamat Pagi. Kebiasaan baru untuk hidup lebih sehat harus terus menerus dilakukan di masyarakat dan setiap individu sehingga menjadi norma sosial dan norma individu baru dalam kehidupan sehari hari.","1333893641039908865","","","in","DKI Jakarta","0","4","1","https://twitter.com/PT_Transjakarta/status/1333893641039908865","104556071","PT_Transjakarta"
"1333807719837429762","Tue Dec 01 16:18:36 +0000 2020","1","Terserah sih ya mau gimana sama pak gub @aniesbaswedan yang jelas sebagai individu sosial dan yang gak mau satupun keluargaku bersentuhan dengan Covid syafakallah pak Anies. Sehat selalu kita semua","1333807719837429762","","","in","","0","0","0","https://twitter.com/dauganabrat/status/1333807719837429762","2356395133","dauganabrat"
"1333762236175683586","Tue Dec 01 13:17:51 +0000 2020","0","Jangan jadikan media sosial kita sebagai wajah palsu kita. Jadikanlah ini sebagai pembatas diri supaya tidak menjadi penyesat akal sehat kita. Bijaklah dalam menggunakannya. #typography #petuahsendu #puisiambyar #nasehatdiri https://t.co/kBG2hw5X3y","1333762236175683586","https://pbs.twimg.com/media/EoJ5pvJVkAIZG93.jpg","","in","Temanggung Bersenyum","0","0","0","https://twitter.com/Asysyafoeq/status/1333762236175683586","803947974569005056","Asysyafoeq"
"1333745493478805505","Tue Dec 01 12:11:20 +0000 2020","9","Anggota DPRD Sambas Gelar Bakti Sosial Hendro: Mari Budayakan Hidup Sehat https://t.co/5lynIQp40v #PDIPerjuangan","1333745493478805505","","","in","Indonesia","0","7","1","https://twitter.com/PDI_Perjuangan/status/1333745493478805505","153407983","PDI_Perjuangan"
"1333738333755740160","Tue Dec 01 11:42:53 +0000 2020","9","Ikut kegiatan sosial boleh poko syaratnya harus sehat. Situ otaknya kan gasehat masa iya masih mau ikut :(","1333738333755740160","","","in","","0","0","0","https://twitter.com/lindaayuuuu_/status/1333738333755740160","1299552337921335298","lindaayuuuu_"
"1333604850341437440","Tue Dec 01 02:52:28 +0000 2020","0","Tips rajin olahraga dan makan sehat : Follow akun media sosial influencer gym dan fitness dalam dan luar negeri Niscaya jadi panas pengen terus olahraga dan merasa berdosa makan junk food","1333604850341437440","","","in","","0","0","0","https://twitter.com/wisnu93/status/1333604850341437440","58127994","wisnu93"
