"conversation_id_str","created_at","favorite_count","full_text","id_str","image_url","in_reply_to_screen_name","lang","location","quote_count","reply_count","retweet_count","tweet_url","user_id_str","username"
"1443254927074074627","Wed Sep 29 16:42:43 +0000 2021","504","Tagar #DejanOut bukan sekedar tagar di media sosial lagi. Puluhan suporter setia PS Sleman menyuarakan aspirasi mereka di omah PSS (kantor PS Sleman). Perjuangkan lah yang menurut kalian itu betul. Sehat selalu kawan-kawan Sleman fans.","1443254927074074627","","","in","Indonesia","4","14","232","https://twitter.com/garagarabola_/status/1443254927074074627","1042719651250110464","garagarabola_"
"1443055690507952128","Wed Sep 29 03:31:01 +0000 2021","12","#JabarSukseskanVaksinasi salahs atunya dgn vaksinasi door to door. Selain di vaksinasi masyarakat Cibinong jg mndapatkan bantuan sosial dn sembako juga. Semoga tetap sehat! https://t.co/4tpqkKAEul","1443055690507952128","https://pbs.twimg.com/media/FAbDfxGVUAIVOCS.jpg","","in","Indonesia","1","1","11","https://twitter.com/catatankaqihati/status/1443055690507952128","1057158238779539456","catatankaqihati"
"1443052758228156418","Wed Sep 29 03:19:22 +0000 2021","0","Halo warga sehat Jakarta! Yuk follow semua sosial media Jaminan Kesehatan Jakarta dari Instagram sampai Twitter supaya tidak ketinggalan informasi-informasi seputar Jaminan Layanan Kesehatan dan informasi kesehatan lainnya yaa #Jaminanlayanangr https://t.co/md0rrJmO4n https://t.co/lNnfreMCkw","1443052758228156418","https://pbs.twimg.com/media/FAbA1dkXsAgZUKg.jpg","","in","DKI Jakarta, Indonesia","0","0","0","https://twitter.com/dinkesJKT/status/1443052758228156418","942558493604638720","dinkesJKT"
"1443043748590489604","Wed Sep 29 02:43:34 +0000 2021","0","Tetaplah sehat terutama sehat badan. Lingkungan sosial tidak selamanya ideal itu bisa menyakitkan secara mental dan ujungnya pada fisik/badan. Jika badan sehat kita akan selalu eksis termasuk saat lingkungan sosial sudah berubah lebih ideal.","1443043748590489604","","","in","Yogyakarta, Indonesia","0","1","1","https://twitter.com/DimasWisnuAsh/status/1443043748590489604","1147709949809528833","DimasWisnuAsh"
"1442721399269855232","Tue Sep 28 05:22:40 +0000 2021","1","Ketua Laboratorium Intervensi Sosial dan Krisis UI mengatakan patuh terhadap prokes dan pembatasan kegiatan di masa pandemi COVID-19 harus dilihat sebagai investasi sehat. https://t.co/Q7TCbh8tsF","1442721399269855232","","","in","NKRI","0","0","2","https://twitter.com/antaranews/status/1442721399269855232","18071520","antaranews"
"1442654772033589249","Tue Sep 28 00:57:55 +0000 2021","1","Kehidupan sosial orang dewasa sungguh tidak sehat. Kalau ngga kenal dari jaman sekolahan udah lah susah sekali menemukan orang yg cocok dan baik apa adanya. Bukannya saya sok baik juga cuma hobi ngomongin orang lain itu kok jadi based pertemanan banget sih heran.","1442654772033589249","","","in","S 0° 56' 0'' / E 100° 21' 0''","0","1","0","https://twitter.com/gustyayu/status/1442654772033589249","58374347","gustyayu"
"1442651562719858691","Tue Sep 28 00:45:10 +0000 2021","0","Aku gak iri sama orang yg high class temennya banyak orang-orang populer Aku cuma iri sama orang yg punya banyak kegiatan-kegiatan sosial aktif jadi relawan dan sehat mental","1442651562719858691","","","in","Balikpapan","0","0","0","https://twitter.com/fhadel25/status/1442651562719858691","2659364023","fhadel25"
"1442507912165789707","Mon Sep 27 15:14:21 +0000 2021","0"," Kehidupan beragama yang sehat harmonis dan rukun adalah modal sosial yang dibutuhkan dalam proses pembangunan bangsa. https://t.co/ZP86td7dIq","1442507912165789707","","","in","Jakarta - Indonesia","0","0","0","https://twitter.com/mediaindonesia/status/1442507912165789707","68930552","mediaindonesia"
"1442464464528297987","Mon Sep 27 12:21:42 +0000 2021","7","Giat para relawan sosial Muhammadiyah mendistribusikan bingkisan untuk anak-anak yatim akibat pandemi covid. Semoga selalu sehat teman2....... https://t.co/UmoAC0XtxQ","1442464464528297987","https://pbs.twimg.com/media/FASpxxUVkAMp9ID.jpg","","in","","0","0","3","https://twitter.com/ridwan_furqoni/status/1442464464528297987","727561136","ridwan_furqoni"
"1442337128474570753","Mon Sep 27 03:55:43 +0000 2021","0","Jika kita punya kesadaran menjaga lingkungan tetap bersih dan sehat mengubah limbah dapur menjadi sesuatu yang bermanfaat tidaklah mustahil. Limbah dapur bisa bermanfaat secara ekosistem sosial maupun secara ekonomi. #Headline https://t.co/mmRpZdB2c3","1442337128474570753","","","in","Indonesia","0","0","0","https://twitter.com/kompasiana/status/1442337128474570753","23786106","kompasiana"
"1442086401906933763","Sun Sep 26 11:19:25 +0000 2021","0","PMI ikut berkontribusi dalam melawan pandemi Covid-19. Tiga strategi yang dilakukan PMI yaitu sterilisasi kota melalui penyemprotan disinfektan edukasi masyarakat untuk melakukan pencegahan mandiri serta memberikan bantuan sosial berupa paket hidup bersih &amp; sehat. #MedcomAd https://t.co/5Rw0DJKGTC","1442086401906933763","https://pbs.twimg.com/media/FANR7oPVIAIe7EK.png","","in","Jakarta Capital Region, Indone","0","0","0","https://twitter.com/medcom_id/status/1442086401906933763","902837643024539651","medcom_id"
"1442083558315626500","Sun Sep 26 11:08:07 +0000 2021","0","Bukan hanya di Twitter. Tapi diseluruh media sosial Setiap netizen wajib hati-hati: (Wajib paham apa yg diketik) (Harus ngerti apa fakta/hoax) (Gunakan akal sehat) Apalagi urusan politik Jangan mimpi jadi seleb Karena para seleb Itu terorganisir. Bukan aji mumpung/kebetulan!","1442083558315626500","","","in","Indonesia","0","0","0","https://twitter.com/___ZADU___/status/1442083558315626500","2318015738","___ZADU___"
"1442029393312763909","Sun Sep 26 07:32:53 +0000 2021","0","Dalam rangka menyemarakkan Bulan Bhakti Karang Taruna (BBKT) ke-61 tahun 2021 Karang Taruna menggelar kegiatan vaksinasi Covid-19 aman dan sehat serta bakti sosial berupa pembagian masker vitamin dan sembako di Balai Desa Tambak Ukir... https://t.co/lUqUlCKhV9 https://t.co/qv0aBq5R1U","1442029393312763909","https://pbs.twimg.com/media/FAMeFl6UYAIRPd5.jpg","","in","","0","0","0","https://twitter.com/digital_satu/status/1442029393312763909","1426574380876779523","digital_satu"
"1441901156502933511","Sat Sep 25 23:03:19 +0000 2021","0","Eh baru ngeuh koruptor tuh anti sosial ya (Ga berpikir nyusahin orang lain dengan memperkaya diri sendiri). Saya masih di tahap pengertian untuk susah membaur dengan orang baru untuk arti anti sosial. Memang ga sehat namun sulit bersosial dari dulu.","1441901156502933511","","","in","Indonesia","0","0","0","https://twitter.com/irulrizal/status/1441901156502933511","24703599","irulrizal"
"1441752648164601857","Sat Sep 25 13:13:12 +0000 2021","0","[ MEDIA SOSIAL MARKETING KOMUNIKASI DI MAL ORANG SEHAT ] #KabinetPelitaCakrawala #PerekatTaliSilaturahmi #BPHAUNAIR2021 https://t.co/DeyUDy4FtO","1441752648164601857","https://pbs.twimg.com/media/FAIiZC4UUAMjgPC.jpg","","in","Banyuwangi, Indonesia","0","0","0","https://twitter.com/Bphaunair/status/1441752648164601857","4856106184","Bphaunair"
"1441723376515514370","Sat Sep 25 11:16:53 +0000 2021","42","Mustinya kalau sehat secara sosial tidak melakukan anti sosial melakukan tindakan korupsi #salamsehat @infosehatfkui https://t.co/EPs6UxQMQj","1441723376515514370","https://pbs.twimg.com/media/FAIHwvqVIAAN3ee.jpg","","in","Jakarta Indonesia","4","2","15","https://twitter.com/DokterAri/status/1441723376515514370","250045325","DokterAri"
"1441674402865684484","Sat Sep 25 08:02:17 +0000 2021","0","Menurut saya penyalah gunaan media sosial merupakan hal yang kekanak-kanakan dan merupakan kegiatan yang tidak patut dilakukan oleh seseorang yang memiliki akal sehat. #YuwarajaXIII #BanggaVokasiUB #VokasiSatuPraktisiSejati","1441674402865684484","","","in","Indonesia","0","1","0","https://twitter.com/AminullahNizar/status/1441674402865684484","1428668653638066182","AminullahNizar"
"1441620457275289604","Sat Sep 25 04:27:55 +0000 2021","0","[INFO KESEHATAN] Halo Sahabat Sehat! Sehubungan dgn pelonggaran pembatasan sosial maka scr tdk langsung aktivitas diluar rumah akan semakin byk Agar tetap aman yuk kita cari tau 3 hal yg perlu dipertimbangkan sebelum beraktivitas diluar rumah! Unit PKRS Sehat Bersama Kami https://t.co/ITzNPti4sZ","1441620457275289604","https://pbs.twimg.com/media/FAGqI0cVIAIOMuC.jpg","","in","Jl. Rumah Sakit No. 22","0","0","1","https://twitter.com/RSUDBDG/status/1441620457275289604","1895658816","RSUDBDG"
"1441605967347523592","Sat Sep 25 03:30:21 +0000 2021","0","[INFO SOSPOL BEM KM MIPA UNSOED: KAWALAN ISU DAN AKSI] Hallo Teman-teman KM MIPA Unsoed Bagaimana nih kabarnya? Semoga selalu dalam keadaan sehat Pada kesempatan kali ini Kementerian Sosial Politik BEM KM MIPA Unsoed ingin memberikan updatean kawalan isu dan aksi. https://t.co/jOGvyxk1ba","1441605967347523592","https://pbs.twimg.com/media/FAGc1-7UYAMrwgC.jpg","","in","Purwokerto","0","1","0","https://twitter.com/bemkmipa_unsoed/status/1441605967347523592","751042735","bemkmipa_unsoed"
"1441422789450166280","Fri Sep 24 15:22:28 +0000 2021","0","jika kamu terus melihat sosial mediamu kehidupan orang lain akan selalu terlihat lebih sempurna dimatamu. Akhirnya kamu iri dan mengeluh dengan apa yang kamu miliki saat ini. Padahal selama kamu SEHAT dan orang2 yang kamu cintai BAIK-BAIK SAJA maka dunia ini sudah SEMPURNA.","1441422789450166280","","","in","New York, USA","0","0","0","https://twitter.com/dlstngrm/status/1441422789450166280","3316472454","dlstngrm"
"1441328856439218183","Fri Sep 24 09:09:12 +0000 2021","0","Selamat sore ilkom famss!! Gimana nih kabarnya? Semoga sehat selalu yaa!! Sore sore gini emang enaknya mainan hp sambil buka sosmed. Tapi di sini mimin ada tips nih biar kita semua bisa bijak dalam menggunakan sosial media https://t.co/vQ5b1fkxJk","1441328856439218183","https://pbs.twimg.com/media/FACg83RVQAI5ai9.jpg","","in","Karangmalang, Yogyakarta","0","1","0","https://twitter.com/HimakomUNY/status/1441328856439218183","2785414418","HimakomUNY"
"1441326091067551748","Fri Sep 24 08:58:13 +0000 2021","0","Lu kalo tobat karena udah ga perawan ya udah cuy ga masalah yg jadi masalah tuh kenapa elu pamerin di sosial media anjir dengan bangganya menyebut diri lo begitu Yauda cukup elo keluarga dan calon suami lo yg tau. Gamau di hujat tp di umbar mba sehat?","1441326091067551748","","","in","","0","0","0","https://twitter.com/Matchanamu/status/1441326091067551748","1415607744866910212","Matchanamu"
"1441245429815861254","Fri Sep 24 03:37:42 +0000 2021","4","Kritis itu penting dan seseorang dikritisi itu wajar saja selama tujuannya buat kebaikan Boleh mengkritisi apapun yang menurut kita itu salah namun kritis yang benar harus mengedepankan akal yang sehat apalagi media sosial sudah di atur oleh UU ITE Cc. @Kimberley20101 @MMargani5 https://t.co/eVQ9EASy0Q","1441245429815861254","https://pbs.twimg.com/ext_tw_video_thumb/1441244726905040905/pu/img/hRVviYyG7XBRUMTS.jpg","","in","","0","2","1","https://twitter.com/dr_4rhoul/status/1441245429815861254","1439892931733643273","dr_4rhoul"
"1441243058763300868","Fri Sep 24 03:28:16 +0000 2021","0","Saya kira setelah cebong kampret berakhir akan hidup lagi persatuan dan akal sehat eeh ternyata ada tamu buatan yang membuat indonesia terpecah lagi. Memang tanpa perang sains pun indonesia sptnya riskan penyakit sosial. bener kata KH. Zainuddin MZ. Kita berbakat tapi berbahaya.","1441243058763300868","","","in","Bogor, Jawa Barat","0","0","0","https://twitter.com/Ahmad74Syahid/status/1441243058763300868","331400634","Ahmad74Syahid"
"1440937402122465283","Thu Sep 23 07:13:42 +0000 2021","0","Bismillah selagi Masih sehat carilah uang sebanyak mungkin Kumpulkan Dan jgn lupa zakat Nya... karena di saat dirimu sakit tidak akan ada yang peduli dengan mu***maka jadilah kamu' sekaya mungkin Dan se sosial mungkin ","1440937402122465283","","","in","","0","0","0","https://twitter.com/RizalLu03951344/status/1440937402122465283","1421984593326927876","RizalLu03951344"
"1440815604227657732","Wed Sep 22 23:09:43 +0000 2021","3","Hallo salam sehat Pemberitahuan Bakti Sosial Vaksinasi Perhimpunan Ahli Bedah Onkologi Indonesia (PERABOI) Jakarta untuk: Pasien Kanker Komorbid Lansia Ibu Hamil Anak-anak dan Masyarakat Umum yang akan dilaksanakan pada:","1440815604227657732","","","in","","0","1","1","https://twitter.com/Perilotus/status/1440815604227657732","1249740236856295433","Perilotus"
"1440748901468762119","Wed Sep 22 18:44:40 +0000 2021","0","udh berapa matkul yy aku setiap ditmya sehat ga pasti jawabnya klo fisik sama sosial sehat pak tp kalo mental engga capek bgttt","1440748901468762119","","","in","haechan","0","0","0","https://twitter.com/sahateyou/status/1440748901468762119","1036167929778171905","sahateyou"
"1440324794096832518","Tue Sep 21 14:39:25 +0000 2021","1","Sesi 023 Etika dalam bermedia sosial Bersama UAD kita wujudkan insan sehat adaptif dan kolaboratif yg berbasis nilai nilai Islam menuju indonesia berkemajuan #universitasahmaddahlan https://t.co/bUp9qpOMrb","1440324794096832518","https://pbs.twimg.com/media/E_0PxD4VgAUB3wc.jpg","","in","","0","0","0","https://twitter.com/alfathurofi/status/1440324794096832518","1326007884967129088","alfathurofi"
"1439953326129352704","Mon Sep 20 14:03:20 +0000 2021","3","Halllo chen gimana kabar nya? Ga kerasa ya udah lama ga muncul disosial media kangen tau kamu kemana aja exol kangen sama dinosaurus nyaaa dinosaurus yang paling kuattt klo ngehadepin masalah pokok nya Diaman pun kamu berada semoga sehat ya - Cepet balik ke media sosial https://t.co/DD0oa1LcNb","1439953326129352704","https://pbs.twimg.com/media/E_u96nnUUAE3KKZ.jpg","","in","","0","0","0","https://twitter.com/queenznaiea/status/1439953326129352704","1356888014962610178","queenznaiea"
"1439939421562802184","Mon Sep 20 13:08:05 +0000 2021","0","7 Efek Buruk Sering Stalking Mantan di Media Sosial: Melakukan stalking mantan di media sosial itu normal tapi tidak sehat secara kejiwaan. Begini efek buruk sering stalking mantan! The post 7 Efek Buruk Sering Stalking Mantan di Media Sosial appeared https://t.co/Qvbfc5cxaN","1439939421562802184","","","in","Indonesia","0","0","1","https://twitter.com/AsianParentID/status/1439939421562802184","1682357677","AsianParentID"
"1439923011558146057","Mon Sep 20 12:02:53 +0000 2021","1","Hi Taxer! Gimana nih kabarnya? Semoga sehat semua ya. Ngga terasa udah bulan September bahkan udah tanggal 20 nih. Ada beberapa program kerja yang dilaksanakan oleh HMPS Perpajakan di bulan ini. Jadi pantengin terus seluruh sosial media kita ya untuk informasi lebih lanjut! ","1439923011558146057","","","in","","0","0","0","https://twitter.com/hmpsperpajakan/status/1439923011558146057","1347923095001067521","hmpsperpajakan"
"1439915535173521408","Mon Sep 20 11:33:10 +0000 2021","0","Orang dituntut sempurna di sosial media berkomentar agar orang lain menjadi apa yg dia inginkan. Katanya bebas berpendapat tapi ketika ada yg berbeda pendapat kok malah marah? Situ sehat??","1439915535173521408","","","in","","0","0","0","https://twitter.com/FakhriSatya/status/1439915535173521408","380189674","FakhriSatya"
"1439869101627695105","Mon Sep 20 08:28:39 +0000 2021","3","Kegiatan Family Support Group dengan tema Restart; Sehat Mental Kuat Finansial kegiatan ini dimulai dengan kata pembuka dari Sub Koordinator Sosial Loka Rehabilitasi BNN Deli Serdang Vivi Dyah Ramanda S.Psi Dan Pemateri dibawakan oleh Ibu Katrinnada Psi. AWP. CFP. AEPP. IPP. https://t.co/zyS5lawKTq","1439869101627695105","https://pbs.twimg.com/media/E_txMKaVEAUUFPP.jpg","","in","Jl. Karya Jasa, Lubuk Pakam","0","1","0","https://twitter.com/infobnn_rehabDS/status/1439869101627695105","1347444565834305540","infobnn_rehabDS"
"1439603552138055686","Sun Sep 19 14:53:28 +0000 2021","0","Sekian sambat hari ini. Terima kasih teman-teman sudah mau berteman dengan saya di media sosial ini. Tetap sehat dan bahagia ya! Semoga hal-hal baik selalu menempel dan hadir di diri kita. ","1439603552138055686","","","in","Lampung, Indonesia","0","0","0","https://twitter.com/sikuncikei/status/1439603552138055686","1198259911160782848","sikuncikei"
"1439560037425303555","Sun Sep 19 12:00:33 +0000 2021","0","Mungkin dia ini ada gangguan psikologis??? Kalo pertanyaannya gue beban banget ya? iyalah. Coba dengan kesadaran diri dan niat ingin berubah dan memperbaiki hidup pergi ke psikolog ibadah cari kesenangan yg positif. Yg jelas dikamer aja juga gak sehat manusia mahluk sosial+","1439560037425303555","","","in","","0","1","0","https://twitter.com/DTSfairy/status/1439560037425303555","1309104035090305030","DTSfairy"
"1439534273799745539","Sun Sep 19 10:18:10 +0000 2021","0","Dampak sosial dari gaya hidup sehat.. https://t.co/mjcMOU1Ekr","1439534273799745539","https://pbs.twimg.com/media/E_pAylxVcAMeXwv.jpg","","in","Jakarta, Indonesia","0","0","0","https://twitter.com/DarthConscious/status/1439534273799745539","74715743","DarthConscious"
"1439463729834299394","Sun Sep 19 05:37:51 +0000 2021","0","Manfaat menyontek : 1. otot mata sehat 2. kreatifitas meningkat 3. Meningkatkn sosial teman 4. Nilai bagus 5. Melatih kecepatan gerak","1439463729834299394","","","in","","0","0","0","https://twitter.com/asihpriyati1/status/1439463729834299394","2191779301","asihpriyati1"
"1439463226895310848","Sun Sep 19 05:35:51 +0000 2021","12","pentingnya bermain sosial media yang sehat . Phil Jones merasakan hal buruk dgn sosial media dalam beberapa tahun karirnya dan saat itu pula kesehatan mentalnya juga terganggu hingga sekarang doi udah balik tp bermain sama Juniornya. Come back stronger Big Jones ! #Respect","1439463226895310848","","","in","Indonesia","0","1","2","https://twitter.com/BetaKopites/status/1439463226895310848","1093997036985147392","BetaKopites"
"1439439769449078784","Sun Sep 19 04:02:39 +0000 2021","0","[BioFunTips #6: Tips Menjaga Kesehatan Mental] Isu kesehatan mental sedang banyak dibicarakan saat ini di sosial media. Mental seseorang dapat dikatakan sehat apabila seseorang merasakan kesejahteraan emosional psikologis dan sosial manusia. https://t.co/EofD7AP2L7","1439439769449078784","https://pbs.twimg.com/media/E_nqx7lUYAg8X66.jpg","","in","Kampus Kentingan UNS","0","1","0","https://twitter.com/hmpbiosferuns/status/1439439769449078784","1462128961","hmpbiosferuns"
"1439429914025861121","Sun Sep 19 03:23:29 +0000 2021","0","[Hasil Kegiatan] Selamat pagi Agrotekers! Semoga selalu dalam keadaan yang sehat dan semangat ya. Gimana keseruan Makrab Bibit XIV ODT hari kedua? Nah ini ada beberapa cuplikan kegiatan hari kedua! Ikuti terus media sosial kami untuk mendapatkan info menarik selanjutnya! https://t.co/MLL7I0nAWM","1439429914025861121","https://pbs.twimg.com/media/E_nh1TiVEAA8q3V.jpg","","in","","0","1","0","https://twitter.com/Himagrotek_/status/1439429914025861121","1341328203206430720","Himagrotek_"
"1439237250840031232","Sat Sep 18 14:37:54 +0000 2021","0","Manfaat menyontek : 1. otot mata sehat 2. kreatifitas meningkat 3. Meningkatkn sosial teman 4. Nilai bagus 5. Melatih kecepatan gerak","1439237250840031232","","","in","","0","0","0","https://twitter.com/asihpriyati1/status/1439237250840031232","2191779301","asihpriyati1"
"1439154287876075522","Sat Sep 18 09:08:15 +0000 2021","0","Terima kasih banyak ya -rek semoga kalian selalu sehat &amp; bahagia selalu. Disini ada yang tau komunitas penyintas hiv aids surabaya itu sosial media/tempatnya dimana? TERIMA KASIH BANYAK","1439154287876075522","","","in","Kota Surabaya, Jawa Timur","0","0","0","https://twitter.com/sbyfess/status/1439154287876075522","1152437175587241985","sbyfess"
"1439110280894574595","Sat Sep 18 06:13:22 +0000 2021","0","[DISKUSI PUBLIK : PENANGANAN SAMPAH DI INDONESIA DARI ASPEK KELAUTAN DAN DARATAN] Hallo temen-temen Gimana kabarnya nih? Semoga dalam keadaan sehat ya Kami dari kementrian Sosial Politik BEM KM MIPA X Kementerian Sosial Politik dan Kemaritiman BEM FPIK akan mengadakan https://t.co/IoaXOuoHCz","1439110280894574595","https://pbs.twimg.com/media/E_i_HqeVgAAY_I9.jpg","","in","Purwokerto","0","1","0","https://twitter.com/bemkmipa_unsoed/status/1439110280894574595","751042735","bemkmipa_unsoed"
"1439080501931741187","Sat Sep 18 04:15:03 +0000 2021","1","Situasi Covid19 Sumsel https://t.co/xiP7gnwpGY Bang Juna puasa di bulan syawal Supaya sehat dan terbiasa sedikit kelaparan Ayo hindari bersama stigma sosial Karena dampaknya bisa memperbanyak penularan https://t.co/Md3r7dE47T","1439080501931741187","https://pbs.twimg.com/media/E_ikEAzUUAE2Rpw.jpg","","in","Palembang, South Sumatra","0","0","0","https://twitter.com/DinkesPrvSumsel/status/1439080501931741187","814301619386912768","DinkesPrvSumsel"
"1439058514924560387","Sat Sep 18 02:47:41 +0000 2021","1","*[DISKUSI PUBLIK : PENANGANAN SAMPAH DI INDONESIA DARI ASPEK KELAUTAN DAN DARATAN]* Hallo temen-temen Gimana kabarnya nih? Semoga dalam keadaan sehat ya Kami dari kementrian Sosial Politik BEM KM MIPA X Kementerian Sosial Politik dan Kemaritiman BEM FPIK akan mengadakan https://t.co/qFzpieW1q5","1439058514924560387","https://pbs.twimg.com/media/E_iP8N1VUAEKBTe.jpg","","in","Purwokerto Utara, Central Java","0","1","0","https://twitter.com/bem_fpikunsoed/status/1439058514924560387","3153071744","bem_fpikunsoed"
"1439010734042611717","Fri Sep 17 23:37:49 +0000 2021","0","Manfaat menyontek : 1. otot mata sehat 2. kreatifitas meningkat 3. Meningkatkn sosial teman 4. Nilai bagus 5. Melatih kecepatan gerak","1439010734042611717","","","in","","0","0","0","https://twitter.com/asihpriyati1/status/1439010734042611717","2191779301","asihpriyati1"
"1438784280730030082","Fri Sep 17 08:37:58 +0000 2021","0","Manfaat menyontek : 1. otot mata sehat 2. kreatifitas meningkat 3. Meningkatkn sosial teman 4. Nilai bagus 5. Melatih kecepatan gerak","1438784280730030082","","","in","","0","0","0","https://twitter.com/asihpriyati1/status/1438784280730030082","2191779301","asihpriyati1"
"1438763024299352065","Fri Sep 17 07:13:30 +0000 2021","0","Teror itu banyak macamnya. Tidak hanya serangan senjata... ! Bisa dengan produk yg berbahaya. Makanan yg tidak sehat. Pakaian yg tidak sopan untuk formal ataupun keseharian. Budaya yg merusak tubuh dan kehidupan sosial. https://t.co/9PPdpQfJLX","1438763024299352065","https://pbs.twimg.com/media/E_eDSJTVQAEswB5.jpg","","in","universe","0","0","0","https://twitter.com/hennypyk/status/1438763024299352065","1423227624","hennypyk"
"1438760394026147843","Fri Sep 17 07:03:03 +0000 2021","87","Sesuai dengan misi membahagiakan warganya dan memajukan kota. Jakarta serius menata perkampungan lewat Community Action Plan program Kolaborasi Sosial Berskala Besar (KSBB) Permukiman pengelolaan sampah rumah tangga hingga sanitasi yang sehat. https://t.co/kqUaUuCKce","1438760394026147843","","","in","Jakarta, Indonesia","3","16","8","https://twitter.com/DKIJakarta/status/1438760394026147843","166014938","DKIJakarta"
"1438750225082904581","Fri Sep 17 06:22:39 +0000 2021","0","Jangan Asal Upload Sertifikat Vaksinmu di Media Sosial Hai Sobat Polri salam sehat untuk kalian semua. Kamu sudah vaksin ? Sudah juga dapat sertifikat vaksin? Hebat ! Nah sertifikat vaksin kamu sebaiknya jangan diupload atau diunggah ke media sosial yaa https://t.co/uE16XTkDBG","1438750225082904581","https://pbs.twimg.com/ext_tw_video_thumb/1438749898870902786/pu/img/iTbF_OcA8wwxgmB2.jpg","","in","Jl. Kyai Mojo No.3  Yogyakarta","0","1","0","https://twitter.com/POLSEK_JTJOGJA/status/1438750225082904581","1223871925685899266","POLSEK_JTJOGJA"
"1438667837560614914","Fri Sep 17 00:55:16 +0000 2021","27","Happy b day habibi ke 13 Semoga terwujud semua cita²mu Sehat dan bahagia selalu Dan tumbuh jdi pemuda yg soleh berahlak baik dan cerdas sosial akademis Love u anakku Makasi om @kamto_adi utk kado jaket penerbang nya support cita² habibi jdi pilot. Foto candid pagi ini https://t.co/jNtRcbJu7M","1438667837560614914","https://pbs.twimg.com/media/E_csxd7UUAI54-j.jpg","","in","City Hopper, Travelholic","1","22","2","https://twitter.com/jumintenkoplak/status/1438667837560614914","280814251","jumintenkoplak"
"1438542658197069831","Thu Sep 16 16:37:51 +0000 2021","0","Manfaat menyontek : 1. otot mata sehat 2. kreatifitas meningkat 3. Meningkatkn sosial teman 4. Nilai bagus 5. Melatih kecepatan gerak","1438542658197069831","","","in","","0","0","0","https://twitter.com/asihpriyati1/status/1438542658197069831","2191779301","asihpriyati1"
"1438508065184120849","Thu Sep 16 14:20:23 +0000 2021","0","Puasa media sosial sampe bayinya lahir. Insya Allah psikis bagus dan sehat. @aurelhermansyah","1438508065184120849","","","in","Jakarta Capital Region","0","0","0","https://twitter.com/Imade_kun/status/1438508065184120849","1248255233433546754","Imade_kun"
"1438308657955966979","Thu Sep 16 01:08:01 +0000 2021","0","Manfaat menyontek : 1. otot mata sehat 2. kreatifitas meningkat 3. Meningkatkn sosial teman 4. Nilai bagus 5. Melatih kecepatan gerak","1438308657955966979","","","in","","0","0","0","https://twitter.com/asihpriyati1/status/1438308657955966979","2191779301","asihpriyati1"
"1438086768964747267","Wed Sep 15 10:26:18 +0000 2021","0","Salam Sehat Sahabat.. Merdeka membayar dengab Gita Rany Digitalisasi Pembayaran Pelayanan di area RSUD Kelet. Pastikan sahabat selalu update informasi dari kami ya baik melalui media sosial ataupun website kami. Salam sehat jangan lupa #ProtokolKesehatan dan Patuh #PPKM ! https://t.co/eIUQXFT164","1438086768964747267","https://pbs.twimg.com/ext_tw_video_thumb/1438086090116583424/pu/img/syTTUWl0nlQctW1j.jpg","","in","Jalan Raya Jepara Kelet KM 37","0","0","0","https://twitter.com/rsuddrrehatta/status/1438086768964747267","2713316906","rsuddrrehatta"
"1438082116877651970","Wed Sep 15 10:07:49 +0000 2021","0","Manfaat menyontek : 1. otot mata sehat 2. kreatifitas meningkat 3. Meningkatkn sosial teman 4. Nilai bagus 5. Melatih kecepatan gerak","1438082116877651970","","","in","","0","0","0","https://twitter.com/asihpriyati1/status/1438082116877651970","2191779301","asihpriyati1"
"1438028978443284482","Wed Sep 15 06:36:40 +0000 2021","0","Jujur aja bgi gua ini kebijakan terlalu instan. Yg kya gini c cuma ulah orang yg pengen keliatan kerja aja. Keadilan sosial bagi seluruh rakyat Indonesia gak akan terwujud dengan cara instan modelan begini. Hahaha... Dipaksa sehat dinegara yg sakit. #kocak","1438028978443284482","","","in","Di Tengah-tengah masalah","0","0","0","https://twitter.com/Tendy_AS/status/1438028978443284482","815823950","Tendy_AS"
"1438009166057000960","Wed Sep 15 05:17:56 +0000 2021","0","Karena yang membentuk sebuah lingkungan yg sehat bukan hanya dari fasilitas yang tersedia tapi lebih dari itu hubungan sosial yang terjadi antar tetangga. Disitu banyak orang-orang yang mungkin lupa.","1438009166057000960","","","in","Makassar, Indonesia","0","0","0","https://twitter.com/diminatihousing/status/1438009166057000960","1437640153808314371","diminatihousing"
"1438004468855951360","Wed Sep 15 04:59:16 +0000 2021","3","Semalem nggak tidur. Tidur pagi tadi dari jam 6.30 - 9 Pasti dong ga sehat bgt. Tapi bukan karena kerjaan kantor. Ada kerja sosial yg menyangkut kehidupan sebuah keluarga. Beliau udh give up aku ngerjainnya juga sambil nangis karena aku sendiri capek &amp; kepala mau meledak ","1438004468855951360","","","in","Gunung Kidul, Yogyakarta","0","0","1","https://twitter.com/dhntfr/status/1438004468855951360","729924383393746944","dhntfr"
"1437910874153373701","Tue Sep 14 22:47:22 +0000 2021","1","AIA luncurkan program aksi sosial bertajuk Sehat Untuk Negeri https://t.co/NnPolmEYJ9","1437910874153373701","","","in","Jakarta, Indonesia","0","0","0","https://twitter.com/republikaonline/status/1437910874153373701","22126902","republikaonline"
"1437855602454118401","Tue Sep 14 19:07:44 +0000 2021","0","Manfaat menyontek : 1. otot mata sehat 2. kreatifitas meningkat 3. Meningkatkn sosial teman 4. Nilai bagus 5. Melatih kecepatan gerak","1437855602454118401","","","in","","0","0","0","https://twitter.com/asihpriyati1/status/1437855602454118401","2191779301","asihpriyati1"
"1437767793538056195","Tue Sep 14 13:18:49 +0000 2021","1","[INFOGRAFIS] Data sasaran Vaksinasi COVID-19 dari bulan Januari - Agustus 2021 di RSUD Kelet. Pastikan sahabat selalu update informasi dari kami ya baik melalui media sosial ataupun website kami. Salam sehat jangan lupa #ProtokolKesehatan dan Patuh #PPKM ! Lets Beat Covid ! https://t.co/k1UMpqpTOq","1437767793538056195","https://pbs.twimg.com/media/E_P6L_eVIAYbUO_.jpg","","in","Jalan Raya Jepara Kelet KM 37","0","0","0","https://twitter.com/rsuddrrehatta/status/1437767793538056195","2713316906","rsuddrrehatta"
"1437669265826406401","Tue Sep 14 06:47:18 +0000 2021","1","[INFOGRAFIS] Kinerja Keuangan &amp; Realisasi Pendapatan Keuangan Per Agustus Tahun 2021. https://t.co/zPScQfabsJ . Pastikan sahabat selalu update informasi dari kami ya baik melalui media sosial ataupun website kami. Salam sehat jangan lupa #ProtokolKesehatan dan Patuh #PPKM ! https://t.co/u950xgRbM9","1437669265826406401","https://pbs.twimg.com/media/E_OgeGMUUAYd9ZZ.jpg","","in","Jalan Raya Jepara Kelet KM 37","0","0","0","https://twitter.com/rsuddrrehatta/status/1437669265826406401","2713316906","rsuddrrehatta"
"1437654083448434694","Tue Sep 14 05:46:58 +0000 2021","0","Hasil penjualan dari produk ini salah satunya adlh untuk pembangunan rumah layak huni sehingga dg anda membeli rokok sehat tentrem anda telah ikut serta dalam kegiatan kegiatan sosial dan ikut berkontribusi atas pembangunan rumah layak huni https://t.co/viSJsGmQz3","1437654083448434694","","","in","Kota Tasikmalaya, Jawa Barat","0","0","0","https://twitter.com/amuhshimumuhm/status/1437654083448434694","406893696","amuhshimumuhm"
"1437621473015857152","Tue Sep 14 03:37:23 +0000 2021","0","Manfaat menyontek : 1. otot mata sehat 2. kreatifitas meningkat 3. Meningkatkn sosial teman 4. Nilai bagus 5. Melatih kecepatan gerak","1437621473015857152","","","in","","0","0","0","https://twitter.com/asihpriyati1/status/1437621473015857152","2191779301","asihpriyati1"
"1437387787691442186","Mon Sep 13 12:08:48 +0000 2021","0","[Fixed Mindset dan Growth Mindset] Hello Chems Gimana nih kabar teman-teman semua? Semoga sehat selalu dan dalam kondisi yang terbaik yaa! Dalam kesempatan kali ini teman-teman dari sosial bakal berbagi info mengenai Perbedaan Fixed Mindset dan Growth Mindset. https://t.co/x3hfq3fHyA","1437387787691442186","https://pbs.twimg.com/media/E_KgisLVkAUmU8P.jpg","","in","Tembalang, Semarang","0","1","0","https://twitter.com/HMK_UNDIP/status/1437387787691442186","476545551","HMK_UNDIP"
"1437380035866873857","Mon Sep 13 11:38:00 +0000 2021","0","Manfaat menyontek : 1. otot mata sehat 2. kreatifitas meningkat 3. Meningkatkn sosial teman 4. Nilai bagus 5. Melatih kecepatan gerak","1437380035866873857","","","in","","0","0","0","https://twitter.com/asihpriyati1/status/1437380035866873857","2191779301","asihpriyati1"
"1437362649025548290","Mon Sep 13 10:28:55 +0000 2021","0","Seorang pemuda yg penuh energetik visi misi berpendidikan motivator muda byk sosial dan penuh harapan sbg Tokoh masa depan yaitu : ALBERT Masli Datang kunjungi dan silahturami ke ktr CHANNEL 88 Group... Sehat dan sukses selalu https://t.co/qwAL7ONmxQ","1437362649025548290","https://pbs.twimg.com/media/E_KJswRUcAELtWU.jpg","","in","Medan Kota, Indonesia","0","0","0","https://twitter.com/channel_hans/status/1437362649025548290","1279376242291077121","channel_hans"
"1437330568941735936","Mon Sep 13 08:21:26 +0000 2021","0","[INFOGRAFIS] Data Laporan Pengaduan di RSUD Kelet Per Januari - Agustus 2021 https://t.co/HWx2vrUeOP Pastikan sahabat selalu update informasi dari kami ya baik melalui media sosial ataupun website kami. Salam sehat jangan lupa #ProtokolKesehatan dan Patuh #PPKM ! https://t.co/yNlEZPcKtK","1437330568941735936","https://pbs.twimg.com/media/E_JsMVfVIAMFqDS.jpg","","in","Jalan Raya Jepara Kelet KM 37","0","0","0","https://twitter.com/rsuddrrehatta/status/1437330568941735936","2713316906","rsuddrrehatta"
"1437323549975269378","Mon Sep 13 07:53:33 +0000 2021","4","[PENGUMUMAN] Hasil seleksi administrasi calon tenaga dgn perjanjian kerja di lingkungan @Bandung_Dinkes akan diumumkan hari Rabu (15/09) melalui website &amp; media sosial resmi Dinkes Kota Bandung.Salam sehat! @ahyaniR13 @halo_bandung @DiskominfoBdg https://t.co/eb146J1uCe","1437323549975269378","https://pbs.twimg.com/media/E_JlgOxVgAEE0A9.jpg","","in","Jl Supratman 73 Bandung","0","0","3","https://twitter.com/Bandung_Dinkes/status/1437323549975269378","1880780406","Bandung_Dinkes"
"1437299380457906177","Mon Sep 13 06:17:30 +0000 2021","0","Badan Penyelenggaraan Jaminan Sosial (BPJS) Kesehatan mengubah layanan Care Center ke yang baru yakni di Nomor 165. Hal ini dilakukan sebagai upaya dalam peningkatan kualitas layanan Program Jaminan Kesehatan Nasional-Kartu Indonesia Sehat (JKN-KIS). https://t.co/wpeDjT1Fm1","1437299380457906177","","","in","Kota Bandung, Jawa Barat","0","0","0","https://twitter.com/ayobandungcom/status/1437299380457906177","2985307064","ayobandungcom"
"1437294487978475524","Mon Sep 13 05:58:04 +0000 2021","21","APAPUN HARAPANNYA MOHON DIAMINKAN...! Semoga sehat selalu untuk teman-teman dan kita semua meskipun kita sedang dalam kondisi SOSIAL DISPENSER! #Ngik","1437294487978475524","","","in","Indonesia","0","8","1","https://twitter.com/HumorJonTampan/status/1437294487978475524","257090687","HumorJonTampan"
"1437292352272404482","Mon Sep 13 05:49:35 +0000 2021","10","Halo semuanya ukm peduli sosial undip lagi ngadain markisa (mari kita makan sehat) nih. Kegiatan ini berupa membagikan makanan di semarang kepada orang2 yang membutuhkan. Ayo buat temen2 yang mau bersedekah dimasa pandemi bisa banget nih. InsyaAllah bakal bermanfaat buat (cont) https://t.co/W6Rd9BWmHU","1437292352272404482","https://pbs.twimg.com/media/E_JJxwNVcAEkFtG.jpg","","in","⬇️BACA RULES JANGAN NGELANGGAR","2","2","10","https://twitter.com/undipmenfess/status/1437292352272404482","1177052356925513728","undipmenfess"
"1437288392073510912","Mon Sep 13 05:33:50 +0000 2021","1","Presiden...ku tdk punya jarak sosial dg rakyatnya..smg Pak Jokowi sll sehat....Aamiin","1437288392073510912","","","in","","0","1","0","https://twitter.com/jun_pemulung/status/1437288392073510912","1038958284","jun_pemulung"
"1437261480118743042","Mon Sep 13 03:46:54 +0000 2021","0","Babinsa Koramil 1407-08/Lamuru Sertu Abidin melakukan komunikasi sosial bersama warga binaan binaan terkait mengajak warga untuk hidup sehat bertempat di salah satu rumah warga di Desa Mattampa Walie Kec. Lamuru Kab. Bone. #pendamhasanuddin #kodamhasanuddin #dispenad #mabesad https://t.co/C52EArgITg","1437261480118743042","https://pbs.twimg.com/media/E_ItsafVEAM1H-M.jpg","","in","","0","0","0","https://twitter.com/kodimbone/status/1437261480118743042","983530586508673025","kodimbone"
"1437241392636383240","Mon Sep 13 02:27:05 +0000 2021","0","Situasi Sumsel 12/9/2021 https://t.co/tiyuNqG7QH Kiat kiat physical distancing bukan sosial distancing ya Salam sehat selalu bersyukur https://t.co/F5KX8YkFA3","1437241392636383240","https://pbs.twimg.com/media/E_IbZnVVUAAv7_Q.jpg","","in","Palembang, South Sumatra","0","0","0","https://twitter.com/DinkesPrvSumsel/status/1437241392636383240","814301619386912768","DinkesPrvSumsel"
"1437153522596782086","Sun Sep 12 20:37:55 +0000 2021","0","Manfaat menyontek : 1. otot mata sehat 2. kreatifitas meningkat 3. Meningkatkn sosial teman 4. Nilai bagus 5. Melatih kecepatan gerak","1437153522596782086","","","in","","0","0","0","https://twitter.com/asihpriyati1/status/1437153522596782086","2191779301","asihpriyati1"
"1436976439698419715","Sun Sep 12 08:54:15 +0000 2021","0","Lingkungan sosial yang sehat itu pentinggg","1436976439698419715","","","in","Cnd & her ✨ future","0","0","0","https://twitter.com/cyaafi/status/1436976439698419715","2309303197","cyaafi"
"1436919488604086275","Sun Sep 12 05:07:57 +0000 2021","0","Manfaat menyontek : 1. otot mata sehat 2. kreatifitas meningkat 3. Meningkatkn sosial teman 4. Nilai bagus 5. Melatih kecepatan gerak","1436919488604086275","","","in","","0","0","0","https://twitter.com/asihpriyati1/status/1436919488604086275","2191779301","asihpriyati1"
"1436845486703452165","Sun Sep 12 00:13:53 +0000 2021","0","Banyak orang tidak tahu bahwa The Matrix adalah film dokumenter yang disajikan secara Epic melalui Kiasan &amp; Metafora keadaan sosial zaman ini dimana orang waras dengan akal sehat berjuang mati-matian melawan sistem Mugen Tsukuyomi .","1436845486703452165","","","in","","0","0","0","https://twitter.com/dareRocks/status/1436845486703452165","134725866","dareRocks"
"1436704756047626247","Sat Sep 11 14:54:41 +0000 2021","0","Semoga sehat kita semua dari segala aspek kehidupan pisik ekonomi pikiran sosial dll. https://t.co/EZMqQuMQBc","1436704756047626247","https://pbs.twimg.com/media/E_AzXEfVcAIXBpQ.jpg","","in","","0","0","0","https://twitter.com/BayangBintan/status/1436704756047626247","1397774027498819584","BayangBintan"
"1436692960893042689","Sat Sep 11 14:07:48 +0000 2021","0","Manfaat menyontek : 1. otot mata sehat 2. kreatifitas meningkat 3. Meningkatkn sosial teman 4. Nilai bagus 5. Melatih kecepatan gerak","1436692960893042689","","","in","","0","0","0","https://twitter.com/asihpriyati1/status/1436692960893042689","2191779301","asihpriyati1"
"1436510887117037572","Sat Sep 11 02:04:19 +0000 2021","3","Empat sehat lima sosial media","1436510887117037572","","","in","Kediri, Jawa Timur","0","2","0","https://twitter.com/biassepta/status/1436510887117037572","1057964449875689473","biassepta"
"1436451381385175045","Fri Sep 10 22:07:51 +0000 2021","0","Manfaat menyontek : 1. otot mata sehat 2. kreatifitas meningkat 3. Meningkatkn sosial teman 4. Nilai bagus 5. Melatih kecepatan gerak","1436451381385175045","","","in","","0","0","0","https://twitter.com/asihpriyati1/status/1436451381385175045","2191779301","asihpriyati1"
"1436217422000787492","Fri Sep 10 06:38:11 +0000 2021","0","Manfaat menyontek : 1. otot mata sehat 2. kreatifitas meningkat 3. Meningkatkn sosial teman 4. Nilai bagus 5. Melatih kecepatan gerak","1436217422000787492","","","in","","0","0","0","https://twitter.com/asihpriyati1/status/1436217422000787492","2191779301","asihpriyati1"
"1435990869635592193","Thu Sep 09 15:37:57 +0000 2021","0","Manfaat menyontek : 1. otot mata sehat 2. kreatifitas meningkat 3. Meningkatkn sosial teman 4. Nilai bagus 5. Melatih kecepatan gerak","1435990869635592193","","","in","","0","0","0","https://twitter.com/asihpriyati1/status/1435990869635592193","2191779301","asihpriyati1"
"1435948233994301441","Thu Sep 09 12:48:32 +0000 2021","0","Kasus Pencurian HP yang viral di media sosial. Tim Opsnal Polsek Lubuk Kilangan langsung Gercep mencari menemukan dan mengamankan terduga pelaku beserta barang bukti dalam waktu 1x24 jam. . . . . . . . Polresta Padang Ciptakan Kota Padang yang Aman Sehat dan Kondusif. https://t.co/zWEfE4Pu8l","1435948233994301441","https://pbs.twimg.com/ext_tw_video_thumb/1435948126389501953/pu/img/rPROIByuYTjhIb-q.jpg","","in","Kota Padang, Indonesia","0","0","0","https://twitter.com/PolrestaPadang_/status/1435948233994301441","1416390836820975617","PolrestaPadang_"
"1435929780935794696","Thu Sep 09 11:35:12 +0000 2021","1","Today My Happy Day 090921 Launching Bubuhan (Sahabat) GAS POOL (Ganjar Aja Sudah @ganjarpranowo Pokoke Ora Ono Liane) Kaltim dgn Aksi Sosial Vaksinasi 315 Peserta di Hall Madinah Balikpapan.Indonesia Sehat 🇲🇨 BISA! Kita Gas Pool Vaksin Diseluruh Negeri 🇲🇨 #gaspool #mybirthday https://t.co/Uk2vdNJM8M","1435929780935794696","https://pbs.twimg.com/media/E-1yhmYUcAEnTdS.jpg","","in","Jakarta selatan","0","0","0","https://twitter.com/rizal_ninodeale/status/1435929780935794696","158553324","rizal_ninodeale"
"1435929461216591873","Thu Sep 09 11:33:56 +0000 2021","1","Today My Happy Day 090921 Launching Bubuhan (Sahabat) GAS POOL (Ganjar Aja Sudah @ganjarpranowo Pokoke Ora Ono Liane) Kaltim dgn Aksi Sosial Vaksinasi 315 Peserta di Hall Madinah Balikpapan.Indonesia Sehat 🇲🇨 BISA! Kita Gas Pool Vaksin Diseluruh Negeri 🇲🇨 #gaspool #mybirthday https://t.co/ByGz7ABpPZ","1435929461216591873","https://pbs.twimg.com/media/E-1yPB0UYAYTuFB.jpg","","in","Jakarta selatan","0","0","0","https://twitter.com/rizal_ninodeale/status/1435929461216591873","158553324","rizal_ninodeale"
"1435929309097566209","Thu Sep 09 11:33:20 +0000 2021","1","Today My Happy Day 090921 Launching Bubuhan (Sahabat) GAS POOL (Ganjar Aja Sudah @ganjarpranowo Pokoke Ora Ono Liane) Kaltim dgn Aksi Sosial Vaksinasi 315 Peserta di Hall Madinah Balikpapan.Indonesia Sehat 🇲🇨 BISA! Kita Gas Pool Vaksin Diseluruh Negeri 🇲🇨 #gaspool #mybirthday https://t.co/CGmx7pVbHA","1435929309097566209","https://pbs.twimg.com/media/E-1yGKnVEAUJonu.jpg","","in","Jakarta selatan","0","0","0","https://twitter.com/rizal_ninodeale/status/1435929309097566209","158553324","rizal_ninodeale"
"1435929197629771779","Thu Sep 09 11:32:53 +0000 2021","1","Today My Happy Day 090921 Launching Bubuhan (Sahabat) GAS POOL (Ganjar Aja Sudah @ganjarpranowo Pokoke Ora Ono Liane) Kaltim dgn Aksi Sosial Vaksinasi 315 Peserta di Hall Madinah Balikpapan.Indonesia Sehat 🇲🇨 BISA! Kita Gas Pool Vaksin Diseluruh Negeri 🇲🇨 #gaspool #mybirthday https://t.co/kBex3ObHjn","1435929197629771779","https://pbs.twimg.com/media/E-1x_rJUUAM-Sfl.jpg","","in","Jakarta selatan","0","0","0","https://twitter.com/rizal_ninodeale/status/1435929197629771779","158553324","rizal_ninodeale"
"1435890762906955778","Thu Sep 09 09:00:10 +0000 2021","1","Sekda Sambangi Nenek Anting di Panti Sosial Pemkab Tangerang Nenek Anting yang hidup sebatang kara kini sehat dan ceria di Panti Sosial milik Kabupaten Tangerang nenek tersebut sudah tinggal selama enam bulan di panti yang beralamat Kecamatan Jayanti. https://t.co/AnTYsusVWQ","1435890762906955778","https://pbs.twimg.com/media/E-1OC3JUYAIP9Xa.jpg","","in","Tangerang, Banten","0","1","0","https://twitter.com/PemKabTangerang/status/1435890762906955778","2480614310","PemKabTangerang"
"1435890721479823361","Thu Sep 09 09:00:00 +0000 2021","1","Selamat sore Handai Tolan! Ada yang masih ingat sama Ibu Anting? Seorang Ibu yang tinggal di pos ronda sebatang kara kini beliau sudah tinggal di panti sosial. Kita doakan agar Ibu Anting sehat selalu. #VoxPop #IbuAnting #PantiSosial #BantuSesama https://t.co/FoEdr9r1oM","1435890721479823361","https://pbs.twimg.com/ext_tw_video_thumb/1435875440330100743/pu/img/Ol9Hrz1sQrblg4_f.jpg","","in","Tangerang, Banten","0","1","0","https://twitter.com/PemKabTangerang/status/1435890721479823361","2480614310","PemKabTangerang"
"1435798324062216198","Thu Sep 09 02:52:50 +0000 2021","1","Selamat ulang tahun bpak @SBYudhoyono sehat slalu panjang umur dan kami mendoakan mu Bpk Demokrasi engkau telah mengajarkan kami akan penting nya Demokrasi dan persatuan saling asah asih dan asuh jauh dri perbedaan dan pembatasan Sosial dan RAS.","1435798324062216198","","","in","Jakarta Pusat, DKI Jakarta","0","0","0","https://twitter.com/Firdausharahap1/status/1435798324062216198","598429377","Firdausharahap1"
"1435756834787188736","Thu Sep 09 00:07:59 +0000 2021","0","Manfaat menyontek : 1. otot mata sehat 2. kreatifitas meningkat 3. Meningkatkn sosial teman 4. Nilai bagus 5. Melatih kecepatan gerak","1435756834787188736","","","in","","0","0","0","https://twitter.com/asihpriyati1/status/1435756834787188736","2191779301","asihpriyati1"
"1435756183248248835","Thu Sep 09 00:05:23 +0000 2021","0","Aku mau mam apa yang harus dilakukan dengan cara yang sama juga terjadi pergerakan aliran ini udah berapa lama gak update honkai belum ada komentar link ke posting ini kalau aman untuk hidup lebih sehat daripada yang lainnya tergantung oleh faktor biologis psikologis dan sosial.","1435756183248248835","","","in","Legal.","0","0","0","https://twitter.com/yocshida/status/1435756183248248835","2917810028","yocshida"
"1435651631446511627","Wed Sep 08 17:09:56 +0000 2021","0","Jadi Warganet yg saya cintai Begitu kira-kira sedikit gambaran dari Green New Deal. Masih panjang ini baru secuil dari Pertanian. Msh ada Energi Industri Pembangunan Lapangan Pekerjaan dsb. Beralih skrg. Demi keadilan sosial dan keberlangsungan alam yg sehat. Ttd ","1435651631446511627","","","in","Magelang, Jawa Tengah","0","0","0","https://twitter.com/kopididid/status/1435651631446511627","1049711295799296001","kopididid"
"1435634860937420804","Wed Sep 08 16:03:18 +0000 2021","0","Pagi itu ... di halaman salah satu rumah sakit swasta di bandung. sehat selalu untuk kita semua ️ lama tak jumpa di media sosial selalu memotret dengan hati walau dengan media handphone. @ R.S HERMINA ARCAMANIK https://t.co/RVUU6Jste0","1435634860937420804","","","in","Bandung, Jawa Barat","0","0","0","https://twitter.com/ridhoreynaldih/status/1435634860937420804","596038642","ridhoreynaldih"
"1435630525465595913","Wed Sep 08 15:46:04 +0000 2021","0","Spiritual yang sehat itu terjadi karena lingkungan sosial yang sehat.","1435630525465595913","","","in","","0","0","0","https://twitter.com/yonadeb/status/1435630525465595913","238487482","yonadeb"
"1435507680261464069","Wed Sep 08 07:37:56 +0000 2021","0","Manfaat menyontek : 1. otot mata sehat 2. kreatifitas meningkat 3. Meningkatkn sosial teman 4. Nilai bagus 5. Melatih kecepatan gerak","1435507680261464069","","","in","","0","0","0","https://twitter.com/asihpriyati1/status/1435507680261464069","2191779301","asihpriyati1"
"1435504027807014919","Wed Sep 08 07:23:25 +0000 2021","1","Pemerintah terus mengevaluasi penerapan PPKM Berlevel dan menyusun sejumlah protokol kesehatan. Sebagai bagian dari strategi menyeimbangkan kehidupan yang sehat. Kamu bisa tetap berdaya dalam kegiatan ekonomi dan sosial dengan melakukan duet jaga sehat #maskerdanvaksin","1435504027807014919","","","in","DKI Jakarta, Indonesia","0","0","0","https://twitter.com/dariwulan23/status/1435504027807014919","1246441077856321536","dariwulan23"
"1435462954565005323","Wed Sep 08 04:40:12 +0000 2021","1","Ga cuma duet jaga sehat #maskerdanvaksin aja. Penerapan PPKM berlevel jg ttp dievaluasi oleh pemerintah. Ini dilakukan spy pemerintah bs menyusun strategi agar bs menyeimbangkan kehidupan yang sehat namun juga tetap berdaya dalam kegiatan ekonomi dan sosial.","1435462954565005323","","","in","Indonesia","0","0","1","https://twitter.com/hanalleey/status/1435462954565005323","246029583","hanalleey"
"1435461397933019142","Wed Sep 08 04:34:01 +0000 2021","1","Evaluasi penerapan PPKM Berlevel pemerintah menyusun &amp; menerapkan sejumlah protkes sebagai bagian dari strategi agar dapat menyeimbangkan kehidupan yang sehat namun juga tetap berdaya dalam kegiatan ekonomi dan sosial. #maskerdanvaksin sebagi perisai kita untuk duet jaga sehat","1435461397933019142","","","in","jakata,Indonesia","0","0","0","https://twitter.com/Ria_Bilqis/status/1435461397933019142","1105246147","Ria_Bilqis"
"1435461177664888835","Wed Sep 08 04:33:08 +0000 2021","0","PPKM masih berlanjut pemerintah menyusun dan menerapkan prokes sbg bagian dari strategi jitu. Tujuannya agar menyeimbangkan warga tetap hidup sehat dan berdaya dg kegiatan ekonomi dan sosial dg duet jaga sehat #maskerdanvaksin","1435461177664888835","","","in","Semarang, Central Java","0","0","0","https://twitter.com/Hidayah_Art/status/1435461177664888835","462887758","Hidayah_Art"
"1435459638024019977","Wed Sep 08 04:27:01 +0000 2021","2","[cm] pagi guys semoga kita selalu di dalam keadaan sehat ya! aku mau nanya apakah diantara kalian ada yang pernah atau kenal sama orang (mahasiswa) yang membentuk komunitas berbasis sosial gitu lintas univ? mengadakan webinar dan sejenisnya? kalo ada info boleh sharing (cont)","1435459638024019977","","","in","","0","3","0","https://twitter.com/collegemenfess/status/1435459638024019977","1046084008742801408","collegemenfess"
"1435459344619823117","Wed Sep 08 04:25:51 +0000 2021","3","Pemerintah RI tetap mengevaluasi penerapan PPKM Berlevel. Trus menyusun dan menerapkan sejumlah prokes sbgai bagian dari strategi agar dpt menyeimbangkan kehidupan yg sehat. Juga tetap berdaya dalam kegiatan ekonomi dan sosial duet jaga prokes #maskerdanvaksin","1435459344619823117","","","in","Malang, Jawa Timur","0","0","0","https://twitter.com/ErnyKusuma6/status/1435459344619823117","1037277918177579018","ErnyKusuma6"
"1435459230073450500","Wed Sep 08 04:25:24 +0000 2021","0","Pemerintah terus mengevaluasi penerapan PPKM Berlevel dan juga menyusun strategi untuk menyeimbangkan kehidupan yang sehat namun juga tetap berdaya dalam kegiatan ekonomi dan sosial. Tetap disiplin lakukan duet jaga sehat ya teman-teman. #maskerdanvaksin","1435459230073450500","","","in","Tangerang, Indonesia","0","0","0","https://twitter.com/samLeinad/status/1435459230073450500","114417459","samLeinad"
"1435459003492880386","Wed Sep 08 04:24:30 +0000 2021","1","Pemerintah mengevaluasi penerapan PPKM Berlevel sekaligus menyusun &amp; menerapkan sejumlah prokes strategi agar dpt menyeimbangkan kehidupan yg sehat dan berdaya dlm kegiatan ekonomi &amp; sosial duet jaga sehat #maskerdanvaksin","1435459003492880386","","","in","","0","0","0","https://twitter.com/iluvtari/status/1435459003492880386","130398573","iluvtari"
"1435458320387563529","Wed Sep 08 04:21:47 +0000 2021","0","Sembari mengevaluasi penerapan PPKM yg terjadi berlevel pemerintah pun menyusun serta menerapkn sejumlah protokol kesehatan sebagai bagian dari strategi agar dpt menyeimbangkan kehidupan yg sehat dan tetap berdaya dlm kegiatan ekonomi &amp; sosial #maskerdanvaksin duet jaga sehat","1435458320387563529","","","in","","0","0","0","https://twitter.com/sehabsalman/status/1435458320387563529","1024553382302732288","sehabsalman"
"1435458006867537920","Wed Sep 08 04:20:33 +0000 2021","1","Nah sambil terus mengevaluasi penerapan PPKM Berlevel pemerintah menyusun &amp; menerapkan sejumlah protokol kesehatan sebagai bagian dari strategi agar dpt menyeimbangkan kehidupan yg sehat namun jg tetap berdaya dalam kegiatan ekonomi dan sosial. duet jaga sehat #maskerdanvaksin","1435458006867537920","","","in","Tanjung Pinang, Kepri,bintan","0","0","0","https://twitter.com/mommy_ina/status/1435458006867537920","153299541","mommy_ina"
"1435457967978016773","Wed Sep 08 04:20:23 +0000 2021","1","Oh ya pemerintah tetap menyusun &amp; menerapkan sejumlah protokol kesehatan sbg bagian dari strategi agar dapat menyeimbangkan kehidupan yg sehat dan tetap berdaya dlm kegiatan ekonomi sosial sembari terus mengevaluasi penerapan PPKM Berlevel duet jaga sehat #maskerdanvaksin","1435457967978016773","","","in","Yogyakarta, Indonesia","0","0","0","https://twitter.com/MrWahyuPrasetya/status/1435457967978016773","34984362","MrWahyuPrasetya"
"1435457741393301504","Wed Sep 08 04:19:29 +0000 2021","0","Well sambil terus mengevaluasi penerapan PPKM Berlevel pemerintah menyusun dan menerapkan sejumlah prokes sebagai bagian dari strategi agr dpt menyeimbangkan kehidupan yg sehat namun jg tetap berdaya dalam kegiatan ekonomi dan sosial #maskerdanvaksin Tetap duet jaga sehat ","1435457741393301504","","","in","Pijiyama, Depok, Hokkaido","0","0","0","https://twitter.com/nona_melinda_/status/1435457741393301504","81085105","nona_melinda_"
"1435456308904218625","Wed Sep 08 04:13:48 +0000 2021","1","Evaluasi penerapan PPKM Berlevel terus dilakukan. Pemerintah menyusun dan menerapkan sejumlah protokol kesehatan. Penting menyeimbangkan kehidupan yang sehat namun juga tetap berdaya dalam kegiatan ekonomi &amp; sosial masyarakat. Terus disiplin #maskerdanvaksin duet jaga sehat","1435456308904218625","","","in","Indonesia","0","0","0","https://twitter.com/JagatMaheswari/status/1435456308904218625","860136908478754816","JagatMaheswari"
"1435456087554084870","Wed Sep 08 04:12:55 +0000 2021","0","Sejumlah protokol kesehatan sebagai bagian dari strategi agar dapat menyeimbangkan kehidupan yang sehat namun juga tetap berdaya dalam kegiatan ekonomi dan sosial yuk terus terapkan duet jaga sehat #maskerdanvaksin","1435456087554084870","","","in","","0","0","0","https://twitter.com/Sulisss77/status/1435456087554084870","1248351422","Sulisss77"
"1435455847690227713","Wed Sep 08 04:11:58 +0000 2021","0","Di samping mengevaluasi penerapan PPKM Berlevel sejumlah protokol kesehatan disusun &amp; diterapkan pemerintah sebagai bagian dari strategi agar dapat menyeimbangkan kehidupan yg sehat &amp; tetap berdaya dalam kegiatan ekonomi &amp; sosial. Kita taati ya duet jaga sehat #maskerdanvaksin","1435455847690227713","","","in","Bandung","0","0","0","https://twitter.com/EuisSriNur/status/1435455847690227713","1479771402","EuisSriNur"
"1435455540725882882","Wed Sep 08 04:10:45 +0000 2021","9","Sambil terus mengevaluasi penerapan PPKM pemerintah menyusun dan menerapkan sejumlah protokol kesehatan sebagai bagian dari strategi agar dapat menyeimbangkan kehidupan yang sehat juga tetap berdaya dalam kegiatan ekonomi dan sosial #maskerdanvaksin duet jaga sehat","1435455540725882882","","","in","Indonesia","1","2","3","https://twitter.com/ManAja46/status/1435455540725882882","998892445537468417","ManAja46"
"1435454535342854148","Wed Sep 08 04:06:45 +0000 2021","0","Pemerintah menyusun dan menerapkan sejumlah protokol kesehatan sebagai bagian dari strategi agar dapat menyeimbangkan kehidupan yang sehat yang juga berdaya dalam kegiatan ekonomi dan sosial. Sambil terus mengevaluasi PPKM. Duet jaga sehat #maskerdanvaksin","1435454535342854148","","","in","Earth.","0","0","0","https://twitter.com/amyzet/status/1435454535342854148","67039104","amyzet"
"1435454509182947333","Wed Sep 08 04:06:39 +0000 2021","0","Selain terus mengevaluasi kebijakan PPKM Pemerintah jg menyusun dan menerapkan sejumlah prokes sbg bagian dr strategi supaya dpt menyeimbangkan kehidupan yg sehat &amp; ttp berdaya dlm kegiatan ekonomi &amp; sosial. duet jaga sehat #maskerdanvaksin","1435454509182947333","","","in","","0","0","0","https://twitter.com/ndiievania/status/1435454509182947333","167957816","ndiievania"
"1435453960085651456","Wed Sep 08 04:04:28 +0000 2021","0","Sambil terus mengevaluasi penerapan PPKM Berlevel pemerintah menyusun &amp; menerapkan sejumlah protokol kesehatan sebagai bagian dari strategi agar dapat menyeimbangkan kehidupan yg sehat namun juga tetap berdaya dlm kegiatan ekonomi &amp; sosial. duet jaga sehat #maskerdanvaksin.","1435453960085651456","","","in","Depok,Indonesia","0","0","0","https://twitter.com/Sanjayaluv/status/1435453960085651456","126622639","Sanjayaluv"
"1435453508426211331","Wed Sep 08 04:02:40 +0000 2021","0","Tweps.. sambil mengevaluasi penerapan PPKM Berlevel pemerintah menyusun sejumlah protokol kesehatan sebagai bagian dari strategi agar dapat menyeimbangkan kehidupan yang sehat namun juga tetap berdaya dalam kegiatan ekonomi dan sosial. duet jaga sehat #maskerdanvaksin","1435453508426211331","","","in","Malang","0","0","0","https://twitter.com/duniazie/status/1435453508426211331","280500568","duniazie"
"1435453477111537668","Wed Sep 08 04:02:33 +0000 2021","0","Pemerintah saat ini sedang menyusun dan menerapkan prokes sebagai bagian dari strategi untuk menyeimbangkan kehidupan sehat namun tetap berdaya dalam ekonomi dan sosial. Sekaligus juga melakukan valuasi penerapan PPKM Berlevel. Yuk duet jaga sehat #maskerdanvaksin","1435453477111537668","","","in","Bandung","1","0","0","https://twitter.com/meimoodaema/status/1435453477111537668","1548364825","meimoodaema"
"1435452765333905409","Wed Sep 08 03:59:43 +0000 2021","2","Pemerintah menyusun &amp; menerapkan sejumlah protokol kesehatan sambil trs mengevaluasi penerapan PPKM Berlevel. Hal ini sbg bagian dr strategi agar dpt menyeimbangkan kehidupan yang sehat namun juga tetap berdaya dalam kegiatan ekonomi dan sosial Duet jaga sehat #maskerdanvaksin","1435452765333905409","","","in","Kediri - Indonesia","0","0","1","https://twitter.com/ennymamito/status/1435452765333905409","255077992","ennymamito"
"1435451864284160000","Wed Sep 08 03:56:08 +0000 2021","1","Eh ya sambil terus mengevaluasi penerapan PPKM Berlevel. Pemerintah juga menyusun dan menerapkan protokol kesehatan sebagai bagian trategi agar dapat menyeimbangkan kehidupan yang sehat namun tetap berdaya dalam kegiatan ekonomi dan sosial. Yuk duet jaga sehat #maskerdanvaksin","1435451864284160000","","","in","Bandung, Jawa Barat","0","0","0","https://twitter.com/gemaulani/status/1435451864284160000","186376979","gemaulani"
"1435451601158766600","Wed Sep 08 03:55:05 +0000 2021","3","Sambil terus mengevaluasi penerapan PPKM berlevel pemerintah menyusun dan menerapkan sejumlah protokol kesehatan sebagai bagian dari strategi agar dapat seimbang kehidupan yang sehat namun juga tetap berdaya dalam kegiatan ekonomi dan sosial. duet jaga sehat #maskerdanvaksin","1435451601158766600","","","in","somewhere outhere","0","0","0","https://twitter.com/DayatRain/status/1435451601158766600","1387769551828525056","DayatRain"
"1435451372560814089","Wed Sep 08 03:54:11 +0000 2021","1","Sambil terus mengevaluasi penerapan PPKM berlevel pemerintah juga menyusun &amp; menerapkan sejumlah prokes sebagai bagian dari strategi agar dpt menyeimbangkan kehidupan yg sehat namun juga tetap berdaya dalam kegiatan ekonomi dan sosial. Tetap duet jaga sehat #maskerdanvaksin","1435451372560814089","","","in","Indonesia","0","0","0","https://twitter.com/mantrianarani/status/1435451372560814089","70088859","mantrianarani"
"1435449691638886404","Wed Sep 08 03:47:30 +0000 2021","2","selain prokes vaksi pemerintah juga membuat PPKM ber level untuk menyeimbangkan kehidupan yang sehat namun juga tetap berdaya dalam kegiatan ekonomi dan sosial #maskerdanvaksin","1435449691638886404","","","in","Indragiri Hulu - Riau","0","0","0","https://twitter.com/novanovili/status/1435449691638886404","370090382","novanovili"
"1435448954582286337","Wed Sep 08 03:44:34 +0000 2021","1","Bisa dibedakan sblm dan sesudah PPKM itu hasilnya bgmn? Pemerintah menerapkan protokol kesehatan sbg bagian dari strategi agar dapat menyeimbangkan kehidupan yg sehat tapi juga tetap berdaya dalam kegiatan ekonomi dan sosial #maskerdanvaksin Itu hasil dari duet jaga sehat","1435448954582286337","","","in","Pagelaran, Indonesia","0","0","0","https://twitter.com/T2h_Okti/status/1435448954582286337","605306840","T2h_Okti"
"1435448837888348163","Wed Sep 08 03:44:06 +0000 2021","1","PPKM berlevel terus dievaluasi oleh pemerintah dengan menyusun dan menerapkan protokol kesehatan sebagai bagian dari strategi agar dapat menyeimbangkan kehidupan yang sehat namun tetap berdaya dalam aktivitas ekonomi dan sosial dengan duet jaga sehat #maskerdanvaksin","1435448837888348163","","","in","Central Java, Indonesia","0","0","0","https://twitter.com/SriAstadi/status/1435448837888348163","3261209400","SriAstadi"
"1435448373545357315","Wed Sep 08 03:42:16 +0000 2021","1","Sambil terus mengevaluasi penerapan PPKM berlevel pemerintah jg menyusun &amp; menerapkan sejumlah prokes sbg bagian dr strategi agar dpt menyeimbangkan kehidupan yg sehat namun jg tetap berdaya dlm kegiatan ekonomi &amp; sosial. Yuk dukung dg terapkan duet jaga sehat #maskerdanvaksin","1435448373545357315","","","in","Jogja","0","0","0","https://twitter.com/ibuknya_jaksa/status/1435448373545357315","49328090","ibuknya_jaksa"
"1435446812567953415","Wed Sep 08 03:36:04 +0000 2021","0","Kita juga bisa sambil terus mengevaluasi penerapan PPKM Berlevel. Pemerintah menyusun &amp; menerapkan sejumlah protokol kesehatan sebagai strategi agar dapat menyeimbangkan kehidupan yang seha juga tetap berdaya di kegiatan ekonomi dan sosial. #maskerdanvaksin duet jaga sehat kita","1435446812567953415","","","in","Selong, Indonesia","0","0","0","https://twitter.com/Muslifa_Aseani/status/1435446812567953415","69514910","Muslifa_Aseani"
"1435446648788815877","Wed Sep 08 03:35:25 +0000 2021","0","Sambil terus evaluasi penerapan PPKM Berlevel strategi Pemerintah juga termasuk menyusun dan menerapkan sejumlah protokol kesehatan untuk menyeimbangkan kehidupan yang sehat namun tetap berdaya dalam kegiatan ekonomi dan sosial #maskerdanvaksin","1435446648788815877","","","in","","0","0","0","https://twitter.com/Arkian_Widi/status/1435446648788815877","77101812","Arkian_Widi"
"1435444222467788807","Wed Sep 08 03:25:46 +0000 2021","1","Selain PPKM saat ini Pemerintah sedang mengkaji strategi agar kita dapat berdamai dengan covid1-9 dengan tetap berdaya secara ekonomi dan sosial. Kita selaku masyarakat bisa mendukung dengan menerapkan duet jaga sehat #maskerdanvaksin","1435444222467788807","","","in","Purwakarta Raya","0","0","0","https://twitter.com/OfiSgumelar/status/1435444222467788807","1149071388","OfiSgumelar"
"1435442104365322245","Wed Sep 08 03:17:21 +0000 2021","0","PPKM terus dipantau gimana perkembangannya prokes juga bagian dari strategi semuanya demi bangkitnya kegiatan ekonomi dan sosial. #maskerdanvaksin duet jaga sehat","1435442104365322245","","","in","Indonesia","0","0","0","https://twitter.com/_WidyaDewi_/status/1435442104365322245","536114063","_WidyaDewi_"
"1435440983517249536","Wed Sep 08 03:12:54 +0000 2021","0","Seiring dengan membaiknya situasi Covid-19 pemerintah mulai membuka kembali kegiatan sosial dan ekonomi. Oleh karena itu protokol kesehatan harus tetap diterapkan agar tidak memicu kenaikan kasus Covid-19. Duet jaga sehat #maskerdanvaksin supaya kita semua selalu sehat.","1435440983517249536","","","in","Bangkalan","0","0","0","https://twitter.com/RiskaNgilan/status/1435440983517249536","157024852","RiskaNgilan"
"1435440116265218048","Wed Sep 08 03:09:27 +0000 2021","0","Uuhhh siapa sangka ya akhirnya kita ngalamin juga digempur virus COVID-19 sejak 1 5 tahun lalu. Kebiasaan baru duet jaga sehat dengan pakai #maskerdanvaksin ngecek jadwalnya kapan udah bikin tren baru di media sosial ye ga","1435440116265218048","","","in","Jakarta Capital Region, Indone","0","0","0","https://twitter.com/mba_diahworo/status/1435440116265218048","2539299234","mba_diahworo"
"1435416745703927811","Wed Sep 08 01:36:35 +0000 2021","0","Nikmat Bermain Media Sosial Twitter Game Dinasti Syariah Namun Sungguhan Terbarulah Percaya Sebagai Laporan Yang Pengajuan Terhadap Norma Tempat Berdoa Garis Hukum Di Terima Dengan Baik Dan Sehat Atas Apa Yang Telah Di Beritahukan Sebagai Bendera Yang Di Sukai Paling Di Sanjung https://t.co/uxVegnqDCv","1435416745703927811","https://pbs.twimg.com/media/E-ufyZ2VcAcsGRi.jpg","","in","","0","0","0","https://twitter.com/RPintabarSilam/status/1435416745703927811","708940599005548544","RPintabarSilam"
"1435266056789004300","Tue Sep 07 15:37:48 +0000 2021","0","Manfaat menyontek : 1. otot mata sehat 2. kreatifitas meningkat 3. Meningkatkn sosial teman 4. Nilai bagus 5. Melatih kecepatan gerak","1435266056789004300","","","in","","0","0","0","https://twitter.com/asihpriyati1/status/1435266056789004300","2191779301","asihpriyati1"
"1435160987582140420","Tue Sep 07 08:40:18 +0000 2021","1","sosial media tidak sehat","1435160987582140420","","","in","dimns nich","0","1","0","https://twitter.com/triplekberjalan/status/1435160987582140420","1233260004771155968","triplekberjalan"
"1435060249837416449","Tue Sep 07 02:00:00 +0000 2021","1","Bagaimana kabar Anda pagi ini ? Semoga selalu sehat dan tetap semangat. Silakan kirim tweet Anda dengan tidak menginformasikan data pribadi dan perbankan sensitif di media sosial ya. Semoga hari Anda menyenangkan. ^AZ","1435060249837416449","","","in","Jakarta, Indonesia","0","1","0","https://twitter.com/HSBC_ID/status/1435060249837416449","2966036890","HSBC_ID"
"1435052241094807553","Tue Sep 07 01:28:10 +0000 2021","1","Mustinya Kartu Vaksin diwajibkan di semua administrasi kependudukan kesehatan jaminan sosial dan keuangan. Ga ada kartu vaksin= ga mau vaksin =ga dapat pelayanan. Ekstrem sekalian ga mau vaksin cabut NIK-nya. Pointnya itu biar sehat sama2. Jadi buat apa Batalkan Kartu Vaksin","1435052241094807553","","","in","Jakarta Selatan, DKI Jakarta","1","0","0","https://twitter.com/callmenovian/status/1435052241094807553","974201526","callmenovian"
"1435032062302441474","Tue Sep 07 00:07:59 +0000 2021","0","Manfaat menyontek : 1. otot mata sehat 2. kreatifitas meningkat 3. Meningkatkn sosial teman 4. Nilai bagus 5. Melatih kecepatan gerak","1435032062302441474","","","in","","0","0","0","https://twitter.com/asihpriyati1/status/1435032062302441474","2191779301","asihpriyati1"
"1435019391289085952","Mon Sep 06 23:17:38 +0000 2021","0","Chief Henry Urutan 4 sehat 5 sempurna pengeluaran adalah: 1. Sosial 2. Hutang 3. Proteksi 4. Investasi 5. Kebutuhan Hidup Kalau itu diikuti maka surplus deh.","1435019391289085952","","","in","ÜT: -6.403128,106.76509","0","0","0","https://twitter.com/henryjanuar/status/1435019391289085952","91281342","henryjanuar"
"1434908617476489218","Mon Sep 06 15:57:28 +0000 2021","1","mangsamu iki sampah mbok buang. ya gusti otak e seng mbuang bocah iki pie sih. nek misal ra sanggup ngenei kehidupan mbok titipki panti sosial ora ko ngene. kwi manungso makluk urip semoga adik e sehat dan dilindungi wong apikan","1434908617476489218","","","in","Dihati","0","0","0","https://twitter.com/crushlit/status/1434908617476489218","1288425188250415105","crushlit"
"1434805518862749698","Mon Sep 06 09:07:47 +0000 2021","0","Manfaat menyontek : 1. otot mata sehat 2. kreatifitas meningkat 3. Meningkatkn sosial teman 4. Nilai bagus 5. Melatih kecepatan gerak","1434805518862749698","","","in","","0","0","0","https://twitter.com/asihpriyati1/status/1434805518862749698","2191779301","asihpriyati1"
"1434748829656440833","Mon Sep 06 05:22:31 +0000 2021","2","Hai Sobat Sehat Ada beberapa isu terkait PeduliLindungi yang beredar saat ini seperti Sertifikat Vaksinasi COVID-19 Presiden yang tersebar di media sosial dan dugaan kebocoran data pribadi pada aplikasi eHAC. https://t.co/ZXPe1Ojfxf","1434748829656440833","https://pbs.twimg.com/media/E-lAZC8VgAEJHat.jpg","","in","Jakarta, Indonesia","0","1","0","https://twitter.com/farmalkesRI/status/1434748829656440833","559416447","farmalkesRI"
"1434728266770702336","Mon Sep 06 04:00:49 +0000 2021","22","Saran yah kalo semisal kamu aware dengan mental HEALTH diusahakan istirahat dari sosial media. Jauhi hal-hal yang nantinya membuat kesehatan kamu terganggu. Ini sosial media dimana setiap orang bisa memberikan tanggapan tinggal bagaimana kita menanggapinya. Sehat selalu kamu","1434728266770702336","","","in","EN/JP/ID→いつもの乃木坂駅〜HEROINES推し❤︎","1","1","2","https://twitter.com/7r7t7z/status/1434728266770702336","1369627659525787651","7r7t7z"
"1434690474426601472","Mon Sep 06 01:30:39 +0000 2021","0"," Hidup sehat itu Tanpa Narkoba Kerja lebih aktif Kreatif dan Produktif Yuk follow akun Media Sosial BNNK HSS lainnya Fb : Bnnkhss Bnn Ig : @infobnn_kab_hss Youtube : BNN Kabupaten Hulu Sungai Selatan Website : https://t.co/rPbsjl9Osj WA: 0812-5724-0910 https://t.co/TKXqsiNTpB","1434690474426601472","https://pbs.twimg.com/media/E-kLYhKVUAAsB3_.jpg","","in","Kalimantan Selatan, Indonesia","0","0","0","https://twitter.com/infobnn_kab_hss/status/1434690474426601472","1376358308328562692","infobnn_kab_hss"
"1434567318902755328","Sun Sep 05 17:21:16 +0000 2021","1","PEMKO Medan segera Bangun PANTI SOSIAL di Jalan TURI III Kel. Sidomulyo Kec. Medan Tuntungan. Panti sosial ini akan dijadikan rumah binaan bagi warga TUNAWISMA dan yg kurang Sehat Kejiwaaanya. Bila pembangunan sdh selesai Panti Sosial ini akan dpt menampung 3.000 orang. https://t.co/ZIe6mg75so","1434567318902755328","https://pbs.twimg.com/media/E-ibXaBVQAIfK8k.jpg","","in","","0","0","0","https://twitter.com/channel_terkini/status/1434567318902755328","1318231657371955200","channel_terkini"
"1434106875377684480","Sat Sep 04 10:51:38 +0000 2021","1","Bantuan Sosial Dari Pemerintah Terus Diberikan. Vaksin Indonesia Sehat https://t.co/mtn0KkqIsZ","1434106875377684480","https://pbs.twimg.com/media/E-b4mkrVQAEtmgy.jpg","","in","","0","0","0","https://twitter.com/Yustinu5/status/1434106875377684480","1398605508764864519","Yustinu5"
"1434095920774139908","Sat Sep 04 10:08:06 +0000 2021","0","Manfaat menyontek : 1. otot mata sehat 2. kreatifitas meningkat 3. Meningkatkn sosial teman 4. Nilai bagus 5. Melatih kecepatan gerak","1434095920774139908","","","in","","0","0","0","https://twitter.com/asihpriyati1/status/1434095920774139908","2191779301","asihpriyati1"
"1434018995120734208","Sat Sep 04 05:02:25 +0000 2021","24","Yuk belanja ke pasar tradisional. Transaksi ekonomi dan interaksi sosial pemenuhan kebutuhan harian tetap hidup dan berkembang. Ayo wujudkan pasar yang lebih aman nyaman bersih dan sehat. Banyak dijual beragam pangan lokal segar. Tetap patuhi protokol kesehatan! @blogdokter https://t.co/WB5deIPraq","1434018995120734208","https://pbs.twimg.com/media/E-aorDAVgAAPIIG.jpg","","in","Jakarta","0","1","4","https://twitter.com/RoySparringa/status/1434018995120734208","341567204","RoySparringa"
"1434015754756579334","Sat Sep 04 04:49:33 +0000 2021","25","Sekedar share : Aku follow akunnya mbak @B3n1n9_17 karena selalu aktif mengingatkan tentang akun2 penyuka pornografi sangat bermanfaat Aku ingin bermedia sosial dgn sehat. Piss️","1434015754756579334","","","in","Moscow","1","1","2","https://twitter.com/Rourin02/status/1434015754756579334","1429632509982085120","Rourin02"
"1433997253002158082","Sat Sep 04 03:36:02 +0000 2021","2","Berperilaku CERDIK Cek kesehatan berkala Enyahkan asap rokok Rajin aktifitas fisik Diet sehat dan seimbang Istirahat cukup Kelola Stress InsyaAllah sehat secara utuh Fisik mental spiritual dan sosial.","1433997253002158082","","","in","Indonesia","0","0","1","https://twitter.com/RoniArianto11/status/1433997253002158082","1057997323236663296","RoniArianto11"
"1433854240523382787","Fri Sep 03 18:07:45 +0000 2021","0","Manfaat menyontek : 1. otot mata sehat 2. kreatifitas meningkat 3. Meningkatkn sosial teman 4. Nilai bagus 5. Melatih kecepatan gerak","1433854240523382787","","","in","","0","0","0","https://twitter.com/asihpriyati1/status/1433854240523382787","2191779301","asihpriyati1"
"1433777511398199307","Fri Sep 03 13:02:51 +0000 2021","0","Ekspresi sosial masyarakat kita unik. Namun sepertinya penguasa sedang membawa kita pada traumatik otoritarianisme masa orba. Hingga reformasi yang diharapkan menjadi awal dari proses demokratisasi yang sehat sekilas hanya menjadi fatamorgana politik semata.","1433777511398199307","","","in","","0","0","0","https://twitter.com/wirakunted/status/1433777511398199307","1412851725808005120","wirakunted"
"1433708097185280006","Fri Sep 03 08:27:02 +0000 2021","4","Tetaplah berani sendiri Karena disitu mental Manusiamu teruji Sosial bukan berarti sama Berbeda belum tentu Hilang empati Hidup Gembira Awet Muda Bahagiakan hati Dimulai dari diri sendiri Selamat siang damai Selamat siang sehat Selamat siang kuat i love u blue ","1433708097185280006","","","in","","0","1","0","https://twitter.com/Penyair_Berdiri/status/1433708097185280006","1240137086331748352","Penyair_Berdiri"
"1433672681270902784","Fri Sep 03 06:06:18 +0000 2021","0","Met Ultah Om @iwanfals sehat selalu saya suka lagu2nya dgn suara khas yang melengking tentang kesenjangan sosial. Cuman skrg dah gak kuat nafa tinggi ya ","1433672681270902784","","","in","Jakarta","0","0","0","https://twitter.com/artonpower/status/1433672681270902784","33080163","artonpower"
"1433648011775660037","Fri Sep 03 04:28:16 +0000 2021","0","Jumat 3 Sept 2021 Kepala Rumah Detensi Imigrasi Jayapura bersama seluruh pegawai melaksanakan Kerja Bakti bersama dengan Dinas Sosial Provinsi Papua.Kerja bakti bersama ini dilaksanakan guna menciptakan lingkungan kerja yang bersih sehat dan nyaman. https://t.co/hA3bGsDY2c","1433648011775660037","https://pbs.twimg.com/media/E-VXPb6UcAIByZj.jpg","","in","Jayapura","0","0","0","https://twitter.com/RudenimJ/status/1433648011775660037","1376807003108954114","RudenimJ"
"1433612741265088513","Fri Sep 03 02:08:07 +0000 2021","0","Manfaat menyontek : 1. otot mata sehat 2. kreatifitas meningkat 3. Meningkatkn sosial teman 4. Nilai bagus 5. Melatih kecepatan gerak","1433612741265088513","","","in","","0","0","0","https://twitter.com/asihpriyati1/status/1433612741265088513","2191779301","asihpriyati1"
"1433554021000749061","Thu Sep 02 22:14:47 +0000 2021","5","Perlu menjadi kesepakatan bersama : 1.pakai Masker itu dijadikan Etika Sosial Budaya baru . Org yg tidak bermasker diluar rumah kita anggap a sosial yg kena sanksi sosial. 2. 5 M menjadi acuan Pola Hidup Sehat baru Selamat pagi Indonesia selamat beraktifitas.","1433554021000749061","","","in","Kota Jogja,DIY,Indonesia","0","4","2","https://twitter.com/herry_zudianto/status/1433554021000749061","170171658","herry_zudianto"
"1433441327723663368","Thu Sep 02 14:46:59 +0000 2021","0","Lgi rame #perundungan di #kpipusat tp tetep jgn lupa #korupsibansos oleh menteri sosial #JuliariBatubara Knp negeri ini pejabat &amp; ASN-nya pd sperti ini g smua ya tp ya gak dikit jg. Sama sperti #mural yg kmrn viral trus lsng dihapus.. Dipaksa sehat di negeri yg sakit? https://t.co/9UJqAKzVWY","1433441327723663368","https://pbs.twimg.com/ext_tw_video_thumb/1433441207594590215/pu/img/MVu6bJXVLOHpykqC.jpg","","in","Surabaya","0","0","1","https://twitter.com/The_Mift/status/1433441327723663368","233131417","The_Mift"
"1433393571478966274","Thu Sep 02 11:37:13 +0000 2021","0","Bisa olah raga sekalian donasi kapan lagi? Sehat dapat sosial dapat kuy ikutan","1433393571478966274","","","in","","0","0","0","https://twitter.com/navisaarlina/status/1433393571478966274","1428966698246316036","navisaarlina"
"1433393176614608902","Thu Sep 02 11:35:39 +0000 2021","0","sudah bukan rahasia twitter media sosial yang paling ga sehat netizennya","1433393176614608902","","","in","","0","1","0","https://twitter.com/melankoboi/status/1433393176614608902","885531657003859968","melankoboi"
"1433291250526945283","Thu Sep 02 04:50:38 +0000 2021","2","Keluarga Indonesia sebagai unit sosial terkecil didorong untuk beradaptasi dan menjalankan tiga kebiasaan sehat sederhana. #kumparanNEWS https://t.co/b8QhM0aswu","1433291250526945283","","","in","","0","0","0","https://twitter.com/kumparan/status/1433291250526945283","759692754985242625","kumparan"
"1433283641128275968","Thu Sep 02 04:20:23 +0000 2021","0","jawab disini aja deh.. skpm ga cuma dari kepanitiaan doang banyak seminar apalagi skrng masa pandemi webinar lg bejibun kegiatan2 sosial bem jadi pengurus kelas rajin stan sehat (pas masih offline) ikut ukm https://t.co/GhiuoIbgZ2","1433283641128275968","https://pbs.twimg.com/media/E-QL3xuVEAAoLUf.jpg","","in","living in peace","0","0","0","https://twitter.com/_dxapril/status/1433283641128275968","1410228895","_dxapril"
"1433232672193761280","Thu Sep 02 00:57:51 +0000 2021","0","[GORESAN TINTA MERUBAH BANGSA] Saya Aurelia Rahma Savitri dari Fakultas Ilmu Sosial dan IlmuPolitik prodi Sosiologi Universitas Airlangga bagian dari Garuda 04 Ksatria 03 berperan sebagai mahasiswa. Bersama vaksin merah putih mari jadikan Indonesia hebat Indonesia sehat!","1433232672193761280","","","in","","0","1","0","https://twitter.com/SPokoknyabuat/status/1433232672193761280","1281466966847320064","SPokoknyabuat"
"1433152198171676687","Wed Sep 01 19:38:05 +0000 2021","0","Manfaat menyontek : 1. otot mata sehat 2. kreatifitas meningkat 3. Meningkatkn sosial teman 4. Nilai bagus 5. Melatih kecepatan gerak","1433152198171676687","","","in","","0","0","0","https://twitter.com/asihpriyati1/status/1433152198171676687","2191779301","asihpriyati1"
"1433040875400036353","Wed Sep 01 12:15:43 +0000 2021","5","[BAKTI SOSIAL 2021] Halooo kawan sosial! Gimana nih kabarnya? Semoga sehat dan tetap semangat menebar manfaat yaa. Ada kabar gembira nih kawan Kementrian Sosial BEM KM FMIPA UGM hadir kembali dengan mengadakan acara Bakti Sosial 2021 Tema Bakti Sosial kali ini adalah: https://t.co/wq2cUTf7hN","1433040875400036353","https://pbs.twimg.com/media/E-MvE2LVcAUbXB5.jpg","","in","Yogyakarta, Indonesia","0","1","1","https://twitter.com/bemkmfmipaugm/status/1433040875400036353","467229957","bemkmfmipaugm"
"1433038894803472385","Wed Sep 01 12:07:51 +0000 2021","0","Manfaat menyontek : 1. otot mata sehat 2. kreatifitas meningkat 3. Meningkatkn sosial teman 4. Nilai bagus 5. Melatih kecepatan gerak","1433038894803472385","","","in","","0","0","0","https://twitter.com/asihpriyati1/status/1433038894803472385","2191779301","asihpriyati1"
"1433010141574492161","Wed Sep 01 10:13:36 +0000 2021","0","Bakti sosial kepada masyarakat selama ini yg dilakukan FPI kini dilanjutkan oleh orang partai Demokrat!.Demokrat partai pembela rakyat partai yg orang kader nya berakal sehat!.Demokrat untuk Indonesia bersama ketum AHY!.","1433010141574492161","","","in","Riau, Indonesia","0","0","0","https://twitter.com/Pembencipejhat1/status/1433010141574492161","1420367539754786816","Pembencipejhat1"
"1432922624061939720","Wed Sep 01 04:25:50 +0000 2021","0","Bantuan sosial gerakan #Berbagi Indonesia Sehat Indonesia Hebat bawa kebahagiaan disaat pandemi https://t.co/slr5luoNSa","1432922624061939720","https://pbs.twimg.com/media/E-LDiAYVUAcsYTw.jpg","","in","Kota Ambon, Maluku","0","0","0","https://twitter.com/berbagimaluku/status/1432922624061939720","1419582649136414729","berbagimaluku"
