"conversation_id_str","created_at","favorite_count","full_text","id_str","image_url","in_reply_to_screen_name","lang","location","quote_count","reply_count","retweet_count","tweet_url","user_id_str","username"
"1509308238214443015","Wed Mar 30 23:15:00 +0000 2022","0","Penggunaan rokok elektrik meningkat signifikan di masa pandemi Covid-19. Sebagian besar penggunanya adalah kaum muda. Derasnya arus konten di media sosial menjadi wadah untuk menularkan kebiasaan tidak sehat itu. #Kesehatan #AdadiKompas @Rhamapurna https://t.co/8V3mITwjUZ","1509308238214443015","","","in","Palmerah, Jakarta","0","0","1","https://twitter.com/hariankompas/status/1509308238214443015","255866913","hariankompas"
"1509122601687212032","Wed Mar 30 10:57:21 +0000 2022","1","Belajar untuk menyendiri tidak melulu membiarkan jiwa kesepian tak masalah tanpa teman berbicara tak masalah menyimpan sekelumit gemuruh dalam kepala. Sebab manusia makhluk sosial. Tetap perlu merawat akal. Akal yang sehat mencerminkan raga yang kuat.","1509122601687212032","","","in","Purwodadi, Indonesia","0","0","0","https://twitter.com/Hai_Hawaa/status/1509122601687212032","1229055504921481217","Hai_Hawaa"
"1509093036244234242","Wed Mar 30 08:59:52 +0000 2022","1"," Assalamu'alaikum Warahmatullahi Wabarakatuh Hallo teman-teman semua bagaimana kabarnya??? Semoga sehat selalu yaa Mengingatkan bahwa HIMAFI akan mengadakan acara : Pelatihan Konten Media Sosial https://t.co/pZEOelsgjm","1509093036244234242","","","in","Kampus UIN Lampung","0","0","0","https://twitter.com/himafi_uinril/status/1509093036244234242","3140860003","himafi_uinril"
"1509086634410930177","Wed Mar 30 08:34:25 +0000 2022","0","[INFO BERKAS PENGAJUAN PERMOHONAN KERINGANAN UKT PUSPAS UNAIR] Halo sahabat Sasindo! Gimana nih kabarnya? Semoga dalam keadaan sehat ya teman-teman Berkaitan dengan telah dibukanya pengajuan permohonan bantuan UKT oleh PUSPAS (Pusat Pengelola Dana Sosial) bagi mahasiswa/i https://t.co/EbnmvyNEBV","1509086634410930177","https://pbs.twimg.com/media/FPFaSoMacAEEEbR.jpg","","in","Universitas Airlangga Surabaya","0","1","0","https://twitter.com/SasindoUNAIR/status/1509086634410930177","549126556","SasindoUNAIR"
"1508976894171312128","Wed Mar 30 01:18:21 +0000 2022","0","Ramadhan 1443 H segera menjelang mari banyak berdoa semoga kita dikaruniai umur panjang Istiqomah dalam keimanan sehat jasmani rohani sehat ekonomi sehat relasi sosial tingkatkan ibadah gapai keridhoan ilahi. #penyuluhagamabergerak #penyuluhagamaislambergerak https://t.co/qUTZyPjoJj","1508976894171312128","https://pbs.twimg.com/media/FPD2e5_aQAIloqp.jpg","","in","","0","0","0","https://twitter.com/subaimustalim/status/1508976894171312128","1398074941753282564","subaimustalim"
"1508833946234023942","Tue Mar 29 15:50:20 +0000 2022","0","Mau ngehilang dari sosial media tapi inget sekarang semua dari sosial media mau bangett healing tanpa sosial media udah sehat kali ya gw kalau ga kenal media sosial","1508833946234023942","","","in","","0","0","0","https://twitter.com/winterlxie/status/1508833946234023942","1213015479591112704","winterlxie"
"1508815582279647232","Tue Mar 29 14:37:21 +0000 2022","0","Veronica Chouinard mendefinisikan ableism sebagai 'ide praktik hubungan institusi dan sosial yang mendukung orang berbadan sehat atau normal membuat orang disabilitas terpinggirkan dan bahkan dianggap tidak ada' (1997 p.380).","1508815582279647232","","","in","in your mind","0","0","0","https://twitter.com/nuridaaa13/status/1508815582279647232","260700898","nuridaaa13"
"1508796674936029191","Tue Mar 29 13:22:14 +0000 2022","0","Dan yang berpikiran sehat tidak akan sedikit-sedikit share masalah hidupnya di sosial media~ #smartuser","1508796674936029191","","","in","","0","0","0","https://twitter.com/human__stupid/status/1508796674936029191","1440679528582377472","human__stupid"
"1508776733503201284","Tue Mar 29 12:02:59 +0000 2022","0","Dan yang berpikiran sehat enggak akan sedikit-sedikit share masalah di sosial media~ Smart user","1508776733503201284","","","in","","0","0","0","https://twitter.com/human__stupid/status/1508776733503201284","1440679528582377472","human__stupid"
"1508679048620572672","Tue Mar 29 05:34:49 +0000 2022","0","Nah ini setuju. Kalo boleh beropini di sosial media boleh2 aja asal tau dan mau bertanggung jawab atas dampak yang akan muncul dari opini yg mau dimuat di internet. Semoga masnya sehat selalu ya","1508679048620572672","","","in","Indonesia","0","0","0","https://twitter.com/puku2pawpaw/status/1508679048620572672","1319528386352476160","puku2pawpaw"
"1508606735052787713","Tue Mar 29 00:47:28 +0000 2022","0","Dinas Sosial Provinsi Maluku: Mari Tingkatkan Verivali dan updating data melalui SIKS-NG https://t.co/XI9qX0uxdy Mari bagikan kabar dan berita positif setiap hari. Tetap sehat dan semangat!","1508606735052787713","","","in","","0","0","0","https://twitter.com/mpuspertiwi/status/1508606735052787713","188245982","mpuspertiwi"
"1508436655128350725","Mon Mar 28 13:31:38 +0000 2022","0","Summit KKS se Indonesia Bupati Luwu Paparkan Langkah Wujudkan Tatanan Kehidupan Sosial yang Sehat https://t.co/wTviRwALFA","1508436655128350725","","","in","Kota Palopo, Sulawesi Selatan","0","0","0","https://twitter.com/TEKAPEdotco/status/1508436655128350725","794740667389857793","TEKAPEdotco"
"1508415901674225664","Mon Mar 28 12:09:10 +0000 2022","0","Bupati Luwu Paparkan Best Practice Tatanan Kehidupan Sosial yang Sehat https://t.co/MhD3HeloB7","1508415901674225664","","","in","","0","0","0","https://twitter.com/FirmRei/status/1508415901674225664","1195690853227880448","FirmRei"
"1508407797104447498","Mon Mar 28 11:36:58 +0000 2022","0","Bupati Luwu Paparkan Best Practice Tatanan Kehidupan Sosial yang Sehat https://t.co/vLLGomN9dE","1508407797104447498","","","in","","0","0","0","https://twitter.com/FirmRei/status/1508407797104447498","1195690853227880448","FirmRei"
"1508404990725005322","Mon Mar 28 11:25:49 +0000 2022","0","Summit Expo KKS se-Indonesia Basmin Bawakan Materi Best Practise Tatanan Kehidupan Sosial Yang Sehat https://t.co/IQNJSDYrHN","1508404990725005322","","","in","Indonesia","0","0","0","https://twitter.com/Beritadotnews/status/1508404990725005322","1132372555275223040","Beritadotnews"
"1508402350092066824","Mon Mar 28 11:15:19 +0000 2022","0","yaa kalau self-isolation adalah coping mechanism kamu menurut aku itu sehat-sehat aja ... dibanding waktu kamu stress tapi memaksakan diri buat tetap ada di lingkungan sosial resiko kamu bakal lebih stress lebih besar kan?","1508402350092066824","","","in","dnfwc","0","1","0","https://twitter.com/gyuvinbarat/status/1508402350092066824","1430196001696931842","gyuvinbarat"
"1508400592200388609","Mon Mar 28 11:08:20 +0000 2022","0","Bupati Luwu Paparkan Best Practise Tatanan Kehidupan Sosial yang Sehat https://t.co/JIWrCSyKnl","1508400592200388609","","","in","","0","0","0","https://twitter.com/FirmRei/status/1508400592200388609","1195690853227880448","FirmRei"
"1508368260189724673","Mon Mar 28 08:59:52 +0000 2022","0","Bijak dalam banyak hal sosial Giliran hubungan asmara yang di bahas siapa yg chat duluan panjang pendeknya chat drama salah salahan Gak sehat banget ya. https://t.co/BNIwinz4NC","1508368260189724673","https://pbs.twimg.com/media/FO7M8EoVsAQOLuB.png","","in","","0","0","0","https://twitter.com/ulilfauzah/status/1508368260189724673","1507981499269738496","ulilfauzah"
"1508315757759053827","Mon Mar 28 05:31:14 +0000 2022","0","Partai Gelora Indonesia Provinsi Bali melaunching organisasi sayapnya bernama 'Blue Helmet' yang akan berjibaku dalam hal kemanusiaan dan pelayanan sosial kepada masyarakat Bali dalam momen jalan sehat dan bersih pantai Mertasari. Selengkapnya di https://t.co/EozqPvqqAg","1508315757759053827","","","in","","0","0","0","https://twitter.com/eramadanicom/status/1508315757759053827","980055600057827328","eramadanicom"
"1508315273518272518","Mon Mar 28 05:29:19 +0000 2022","0","[OPEN DONASI MARKISA: RAMADHAN EDITION] Marhaban yaa Ramadhan! Halo prajurit sosial! Markisa (Mari Kita Makan Sehat) adalah program kerja Divisi Aksi yang berkegiatan dalam berbagi makanan sehat (4 sehat 5 sempurna) untuk berbuka puasa kepada masyarakat yang membutuhkan. https://t.co/XWWe0tk1JQ","1508315273518272518","https://pbs.twimg.com/media/FO6cuShaIAEeYrt.jpg","","in","Gd.Student Centre No.30","0","1","0","https://twitter.com/PESOS_UNDIP/status/1508315273518272518","1149496886","PESOS_UNDIP"
"1508313968557043717","Mon Mar 28 05:24:07 +0000 2022","0","Media sosial baru-baru ini dihebohkan dengan seorang nenek yang masih segar bugar dan memiliki jantung sehat. Nenek tersebut diketahui usianya sudah 87 tahun tetapi kondisi jantung masih sehat seperti usia 40-an. Apa rahasianya? https://t.co/2MlpWJVaUB","1508313968557043717","","","in","Jakarta","0","0","0","https://twitter.com/indozonemedia/status/1508313968557043717","350668803","indozonemedia"
"1508309001477685249","Mon Mar 28 05:04:23 +0000 2022","3","Hai SobatIno! di tengah aturan pembatasan sosial yang sudah mulai longgar protokol kesehatannya harus tetap dijaga ya! Jangan lupa sayuran hijaunya rutin dikonsumsi agar semakin sehat setiap hari! #InovasiTiadaHenti https://t.co/JnUwwOeXOV","1508309001477685249","https://pbs.twimg.com/ext_tw_video_thumb/1508308959098454017/pu/img/25ThRAIm1I7UubsX.jpg","","in","Jakarta","0","0","1","https://twitter.com/bsipkementan/status/1508309001477685249","1471464804","bsipkementan"
"1508228364225892353","Sun Mar 27 23:43:58 +0000 2022","0","MEROKOK bagi saya selain sebagai Alat Komunikasi Relasi Sosial juga sebagai PERLAWANAN thd Sistem Global. Kedua Kakek saya perokok Ayah saya bukan perokok tetapi tidak anti rokok. Sering terlihat merokok ketika semua orang merokok. SEHAT semua alhamdulillah hingga saatnya tiba","1508228364225892353","","","in","Utara Bandung ","0","0","0","https://twitter.com/__anomali__/status/1508228364225892353","351134369","__anomali__"
"1508094987409723392","Sun Mar 27 14:53:58 +0000 2022","0","wah2 sepertinya aku ingin mencoba olahraga climbing keknya seru sih selain sehat bisa tenar juga Climbing Sosial wkwkwk","1508094987409723392","","","in","","0","0","0","https://twitter.com/taudehsokpinter/status/1508094987409723392","1410830340965371910","taudehsokpinter"
"1508021304561061892","Sun Mar 27 10:01:11 +0000 2022","2","Banyak iklan tak sehat di media sosial yang mungkin menjadikan anak-anak sebagai target. Apa saja? Simak di #kumparanMOM https://t.co/Btb6OKCKIR","1508021304561061892","","","in","","0","0","1","https://twitter.com/kumparan/status/1508021304561061892","759692754985242625","kumparan"
"1507979776497229826","Sun Mar 27 07:16:10 +0000 2022","280","Kalau urusan pelni bisa diurus oleh kementerian BUMN knp tidak diambil alih saja jabatan komisaris orang ini. Orang ini terlihat makin tidak sehat liat aja byk cuitannya yg sengklek di media sosial tapi dibiarkan saja sementara orang yg kritik baik baik jadi tersangka","1507979776497229826","","","in","Jakarta Capital Region","2","17","45","https://twitter.com/DrEvaChaniago/status/1507979776497229826","1355632532","DrEvaChaniago"
"1507947414568648707","Sun Mar 27 05:07:34 +0000 2022","0","Saat berselancar di media sosial ada banyak cara untuk membuat linimasa lebih sehat sehingga pengguna bisa tetap waras. Salah satunya adalah menyaring konten yang tidak diinginkan. https://t.co/SC3HZFvbTy","1507947414568648707","","","in","Bandung","0","0","0","https://twitter.com/melekmedia/status/1507947414568648707","146060482","melekmedia"
"1507928322650836994","Sun Mar 27 03:51:42 +0000 2022","2","SOSIAL EKSPERIMEN Dijaman sekarang ini menurutku ibu ini orang yg sangat jujur Sehat selalu ya buk.. Yen weruh ibu e ng dalang di tumbasi yow lhur Terima kasih orang baik Lok perumahan kampung arab -------------- @aphip.alvaro_ #pekalongantrending #orangbaik #berbagi https://t.co/OJ7zbhysyn","1507928322650836994","https://pbs.twimg.com/ext_tw_video_thumb/1507928196314169348/pu/img/NK3DzOSGja26OlGr.jpg","","in","Pekalongan, Jawa Tengah","0","0","0","https://twitter.com/pklgntrending/status/1507928322650836994","1333096869048721408","pklgntrending"
"1507902754643070977","Sun Mar 27 02:10:06 +0000 2022","2094","Kalau sertifikasi halal bisa diambil alih oleh Kemenag knp tidak izin praktek dokter diambil alih oleh Kemenkes. Organisasi kedokteran itu terlihat makin tidak sehat liat aja bnyk dokter yg sengklek di media sosial tapi dibiarkan saja sementara dokter tersangka teroris dibela.","1507902754643070977","","","in","Jakarta Pusat, DKI Jakarta","153","460","480","https://twitter.com/kangdede78/status/1507902754643070977","235931838","kangdede78"
"1507735275224858638","Sat Mar 26 15:04:36 +0000 2022","14","Yg bener cuma statement ttg agama. Jumhur ahli psikologi sepakat LGBTQ ga sakit. Biologi ga menentukan orientasi seksual sbg kondisi sehat/tdk. In fact ada buku yg mendata perilaku homoseksual di ratusan spesies. Ahli ilmu sosial gencar advokasi kesetaraan hak LGBTQ.","1507735275224858638","","","in","","1","2","8","https://twitter.com/AndryWaseso/status/1507735275224858638","1130184029204955136","AndryWaseso"
"1507733417424998401","Sat Mar 26 14:57:13 +0000 2022","1","#XIUMINDAY #XIUMIN #HappyBirthdayXIUMIN ABG kesyangan Ku di persi dunia sosial love bang semoga diberikan keberkahan hidup and always sehat bahagia dan dilancarkan Segala urusannya｡‿｡ ️","1507733417424998401","","","in","","0","0","0","https://twitter.com/KimKai02773791/status/1507733417424998401","1414776654128312326","KimKai02773791"
"1507698139045769218","Sat Mar 26 12:37:02 +0000 2022","2","#youtube Cara Mengatasi Toxic Friendship dengan Filosofi Minimalism (Tips Punya Hubungan Sosial yang Sehat) https://t.co/czecYJNT6d","1507698139045769218","","","in","","0","0","3","https://twitter.com/satupersen_id/status/1507698139045769218","1097636424168263680","satupersen_id"
"1507694101881241601","Sat Mar 26 12:21:00 +0000 2022","1","[D-7 Social Action and Leadership Development 1] Halo Prajurit Sosial! Apa kabar nih temen-temen?? Semoga selalu dalam keadaan baik dan sehat yaa Ga kerasa bentar lagi kita mau sampai di SALDO 1 lho acara dimana kita semua bakal belajar dan bermain bersama https://t.co/vcm2rZKVDB","1507694101881241601","https://pbs.twimg.com/media/FOxnygVaMAIHfgt.jpg","","in","Gd.Student Centre No.30","0","1","0","https://twitter.com/PESOS_UNDIP/status/1507694101881241601","1149496886","PESOS_UNDIP"
"1507581217956581379","Sat Mar 26 04:52:26 +0000 2022","0","Yukk Sobat Pasla mari olahraga pagi agar tubuh sehat kuat dan dapat terhindar dari segala penyakit. . . jangan lupa untuk like share comment dan subscribe di sosial media Lapas Lamongan *--HUMAS LAPAS LAMONGAN--* https://t.co/SmakKa40au","1507581217956581379","","","in","","0","0","0","https://twitter.com/lapas_lamongan/status/1507581217956581379","2428467853","lapas_lamongan"
"1507418906310627329","Fri Mar 25 18:07:28 +0000 2022","0","Manfaat menyontek : 1. otot mata sehat 2. kreatifitas meningkat 3. Meningkatkn sosial teman 4. Nilai bagus 5. Melatih kecepatan gerak","1507418906310627329","","","in","","0","0","0","https://twitter.com/asihpriyati1/status/1507418906310627329","2191779301","asihpriyati1"
"1507329816831299587","Fri Mar 25 12:13:27 +0000 2022","3","Saat ini iklan vape di media sosial banyak memamerkan produk mereka dengan perisa buah atau permen. Hal ini bertujuan untuk mengajak konsumen untuk beralih dari rokok biasa ke vape yang katanya lebih sehat dan menyenangkan. https://t.co/Lm6aeR3Bl4","1507329816831299587","https://pbs.twimg.com/media/FOsceXHVkAQl9Mg.jpg","","in","Jakarta Selatan, DKI Jakarta","0","3","2","https://twitter.com/YLKI_ID/status/1507329816831299587","212085357","YLKI_ID"
"1507312747020660737","Fri Mar 25 11:05:38 +0000 2022","0","sehat mental sehat finansial saleh ritual dan saleh sosial. bismillah ramadan.","1507312747020660737","","","in","Penang Malaysia ","0","0","0","https://twitter.com/puri_saroh/status/1507312747020660737","1476874399106043904","puri_saroh"
"1507306786105466881","Fri Mar 25 10:41:56 +0000 2022","0","Perempuan harus Sehat Fisik Mental dan Sosial https://t.co/raYrhe7S5D","1507306786105466881","","","in","Kudus","0","0","0","https://twitter.com/kabarmuria/status/1507306786105466881","1019032285","kabarmuria"
"1507294244176011264","Fri Mar 25 09:52:06 +0000 2022","6","Saat ini iklan vape di media sosial banyak memamerkan produk mereka dengan perisa buah atau permen. Hal ini bertujuan untuk mengajak konsumen untuk beralih dari rokok biasa ke vape yang katanya lebih sehat dan menyenangkan. https://t.co/2hulhgzSDT","1507294244176011264","https://pbs.twimg.com/media/FOr8Hl-aQAEXbE7.jpg","","in","Jakarta Capital Region","0","1","6","https://twitter.com/SuaraTanpaRokok/status/1507294244176011264","3223115400","SuaraTanpaRokok"
"1507054841805168669","Thu Mar 24 18:00:48 +0000 2022","0","Seperti iklan marak di media masa media sosial tentang #protokolkesehatan begitu juga dengan #protokol #memasak #sehat","1507054841805168669","","","in","ÜT: -7.294774,112.730343","0","0","0","https://twitter.com/Kokok_Pethok/status/1507054841805168669","165879403","Kokok_Pethok"
"1507048494460067852","Thu Mar 24 17:35:35 +0000 2022","7","Pernyataan BMKG : Hujan berhenti di motoGP Mandalika bukan karena pawang hujan . Masih saja banyak yg percaya. Daripada buat pawang untuk bantuan sosial warga sekitar itu lebih bijak dan bermanfaat dan ajak masyarakat berdoa utk kelancaran. Logika dan akal sehat dipakai ya? https://t.co/zepVlMOz4E","1507048494460067852","https://pbs.twimg.com/media/FOocnYAUYB0yBwf.jpg","","in","","1","1","0","https://twitter.com/Me_her11/status/1507048494460067852","1282640753567518720","Me_her11"
"1506886674294652928","Thu Mar 24 06:52:34 +0000 2022","0","Oke sosial media enggak sehat buat kesehatan mental akhir akhir ini. Aku tau aku gabisa nonton justin so yeahh bye sosmed see you 2023 wkwkwk.","1506886674294652928","","","in","","0","0","0","https://twitter.com/mischievoushitt/status/1506886674294652928","1419097252958662659","mischievoushitt"
"1506847075082051594","Thu Mar 24 04:15:13 +0000 2022","0","ya kan emang gitu konsekuensi main di sosial media mana akunnya gede kalo salah satu aja pasti bakal dicari 100 kesalahan lain. semoga sehat selalu","1506847075082051594","","","in","He They","0","0","0","https://twitter.com/skateboiz/status/1506847075082051594","713632603","skateboiz"
"1506814210902478850","Thu Mar 24 02:04:37 +0000 2022","0","Halo Sahabat Sehat! Hari ini merupakan peringatan hari tuberkulosis 2022 atau World TB Day. Peringatan ini dibuat agar meningkatkan kesadaran publik terhadap konsekuensi kesehatan sosial dan ekonomi akibat penyakit TB Sehat Bersama Kami Unit PKRS RSUD Kota Bandung https://t.co/PJTJTP2gJb","1506814210902478850","https://pbs.twimg.com/media/FOlHhwNacAM4OuH.jpg","","in","Jl. Rumah Sakit No. 22","0","0","1","https://twitter.com/RSUDBDG/status/1506814210902478850","1895658816","RSUDBDG"
"1506810471516884996","Thu Mar 24 01:49:46 +0000 2022","0","Perempuan harus Sehat Fisik Mental dan Sosial https://t.co/raYrhe7S5D","1506810471516884996","","","in","Kudus","0","0","0","https://twitter.com/kabarmuria/status/1506810471516884996","1019032285","kabarmuria"
"1506616704570322945","Wed Mar 23 12:59:48 +0000 2022","8","kalau dirasa media sosial mulai kurang sehat ambil rehat sejenak. jangan biarkan dunia maya merusak realitas.","1506616704570322945","","","in","","0","0","3","https://twitter.com/aksarabyta/status/1506616704570322945","1383848408163651593","aksarabyta"
"1506530568745455619","Wed Mar 23 07:17:32 +0000 2022","0","MNC Peduli Gelar Bakti Sosial Donor Darah Peserta: Ini Membuat Kita Sehat https://t.co/kuvvkJ4ilz","1506530568745455619","","","in","","0","0","0","https://twitter.com/oke_zone/status/1506530568745455619","60005078","oke_zone"
"1506515348966633475","Wed Mar 23 06:17:03 +0000 2022","0","MNC Peduli Gelar Bakti Sosial Donor Darah Peserta: Ini Membuat Kita Sehat https://t.co/ZjyHIZRc0m","1506515348966633475","","","in","Indonesia","0","0","0","https://twitter.com/PetunjukSehat/status/1506515348966633475","2192080766","PetunjukSehat"
"1506239505577168900","Tue Mar 22 12:00:57 +0000 2022","0","Personel Polsek Pahndut Amankan dan Monitoring Senam Sehat dan Bakti Sosial https://t.co/JoHVQwvDv7","1506239505577168900","","","in","","0","0","0","https://twitter.com/persbhayangkar2/status/1506239505577168900","1265456716386205696","persbhayangkar2"
"1506028120616611841","Mon Mar 21 22:00:59 +0000 2022","0","Pengasuhan anak usia dini adalah proses interaksi antara orang tua dan anak dalam mendukung perkembangan fisik emosi sosial intelektual &amp; spritual sehingga anak tumbuh dan berkembang menjadi pribadi yang cerdas mandiri sehat berbudi pekerti yang luhur dan berakhlak mulia.","1506028120616611841","","","in","Bogor, Jawa Barat","0","0","0","https://twitter.com/rosenthasaragih/status/1506028120616611841","1293647358","rosenthasaragih"
"1505549396804616204","Sun Mar 20 14:18:42 +0000 2022","0","Dududu. Dikerubungi buzzers. Lah Mas @prastow teman saya. Begitu juga @darmantompul &amp; @fawkesguy32. Terkadang percakapan kami lebih tajam jika ngupi darat. Saya tidak pernah menyerang pribadi dan tidak ikut dukung mendukung politik. Media sosial harus dibikin sehat.","1505549396804616204","","","in","","0","2","1","https://twitter.com/erwinnatosmal/status/1505549396804616204","247482730","erwinnatosmal"
"1505175255521898507","Sat Mar 19 13:32:00 +0000 2022","0","Indira Jusuf Ismail Apresiasi Senam Sehat dan Aksi Sosial Iwaperbanas https://t.co/aRMlF32l3r","1505175255521898507","","","in","Indonesia","0","0","0","https://twitter.com/wartakitaID/status/1505175255521898507","1580557158","wartakitaID"
"1505101667410145281","Sat Mar 19 08:39:35 +0000 2022","4","Terimakasih dan apresiasi pengelolaan dana di BKAD sangat sehat dan bisa menghasilkan kegiatan sosial yg bermanfaat. Semoga kedepannya lebih maju dan mensejahterakan masyarakat kec. prambanan. keren ","1505101667410145281","","","in","Klaten, Jawa Tengah","0","0","0","https://twitter.com/YaniSunarno/status/1505101667410145281","704196328864112642","YaniSunarno"
"1505001664465768449","Sat Mar 19 02:02:13 +0000 2022","0","muncullnya perbedaan strata sosial memang keji ketika melihat dari segi humanity akal sehat saya secara pribadi menolak adanya kesan orang yang lebih tua tunduk kepada yang lebih muda hanya karena persoalan pangkat dan kekayaan.","1505001664465768449","","","in","","0","0","0","https://twitter.com/dandibajuddin/status/1505001664465768449","1175040745259991043","dandibajuddin"
"1504850041215004675","Fri Mar 18 15:59:43 +0000 2022","0","Gerak jalan sehat dan bhakti sosial Jiwalumaju72 https://t.co/zV7uQg028y lewat @YouTube","1504850041215004675","","","in","Kota Bandung","0","0","0","https://twitter.com/sonnihadi/status/1504850041215004675","261783984","sonnihadi"
"1502570639995023365","Sat Mar 12 09:02:11 +0000 2022","2"," AKAL SEHAT maka cinta di jiwa maka jiwa-besar maka tawadhu &amp; jujur &amp; cinta-sosial maka tinggi iman-taqwa-ibadah PADAHAL: pendidikan anak cuma hasilkan 20% akal-SEHAT 40% akal-MEDIUM 40% akal-LEMAH PRESIDEN 2024 harus bikin PROGNAS PARENTING AKAL-SEHAT(bareng Perbaikan Tafsir) https://t.co/tIQo7jqoaj","1502570639995023365","https://pbs.twimg.com/media/FNo0BtCVQAAjwZs.png","","in","SAMPIT, KalTeng, INDONESIA+62","1","1","0","https://twitter.com/Budi_2232/status/1502570639995023365","1203075185420599296","Budi_2232"
"1502563400077185024","Sat Mar 12 08:33:25 +0000 2022","7","Kelompok dari agama mayoritas di indonesia jangan mendominasi percakapan sosial antarwarga negara dgn menggunakan doktrin agama mayoritas krn akan menghambat percakapan sosial yg menggunakan akal sehat https://t.co/Qnw7XtBa1m","1502563400077185024","https://pbs.twimg.com/ext_tw_video_thumb/1502563350647296000/pu/img/E6Lr2RRV6uQR-oD1.jpg","","in","","0","1","3","https://twitter.com/AyaniMel/status/1502563400077185024","1303252304301236224","AyaniMel"
"1502559110411145217","Sat Mar 12 08:16:22 +0000 2022","3","Lomba Senam Sehat Bagelen Jaya digelar hari ini Sabtu 12 Maret 2022 di Desa Bagelen Gedung Tataan Pesawaran dengan Tema E Troopers atau yang dikenal dengan Gerakan Sosial Healing yang digagas oleh Pak Erick Thohir https://t.co/s8aLcnDcgC","1502559110411145217","https://pbs.twimg.com/ext_tw_video_thumb/1502559023966846979/pu/img/mSy9dC_DBx-7O2nk.jpg","","in","","0","1","2","https://twitter.com/MerahPutih_08/status/1502559110411145217","1221091995667423232","MerahPutih_08"
"1502555685397024773","Sat Mar 12 08:02:46 +0000 2022","14","Lomba Senam Sehat Bagelen Jaya yg digelar hari ini Sabtu 12 Maret 2022 di Desa Bagelen Gedung Tataan Kabupaten Pesawaran dgn mengambil Tema ETroopers atau yg dikenal dgn Gerakan Sosial Healing yg digagas o/ Bapak @erickthohir #DenganETMerdekaBerdaulat Dendi Ramadhona https://t.co/4dEEahg24Y","1502555685397024773","https://pbs.twimg.com/ext_tw_video_thumb/1502555606611546115/pu/img/rt9Gc66dVtZsWhd1.jpg","","in","Nusantara ","0","0","12","https://twitter.com/LampungGeeh/status/1502555685397024773","1457999676754464772","LampungGeeh"
"1502554886155927557","Sat Mar 12 07:59:35 +0000 2022","37","Hari ini Sabtu 12 Maret 2022 di gelar Lomba Senam Sehat Bagelen Jaya di Desa Bagelen Gedung Tataan Pesawaran Lampung Dgn Tema E Troopers atau yang dikenal dengan Gerakan Sosial Healing yang digagas oleh Menteri BUMN @erickthohir #DenganETMerdekaBerdaulat https://t.co/hUyk1BuAKK","1502554886155927557","https://pbs.twimg.com/ext_tw_video_thumb/1502554850189787136/pu/img/ptCWEYh3JzbQSjE-.jpg","","in","Medan Kota, Indonesia","1","3","32","https://twitter.com/And_Hongg/status/1502554886155927557","2950549608","And_Hongg"
"1502554877817667588","Sat Mar 12 07:59:33 +0000 2022","4","Lomba Senam Sehat Bagelen Jaya Sabtu 12 Maret 2022 Di Desa Bagelen Gedung Tataan Pesawaran Tema E Troopers atau yang dikenal dengan Gerakan Sosial Healing yg digagas oleh Bapak @erickthohir https://t.co/6wyaOlIsMk","1502554877817667588","https://pbs.twimg.com/ext_tw_video_thumb/1502554815209304065/pu/img/u-r-sIxGDvNOPgzx.jpg","","in","","0","0","3","https://twitter.com/bollo1000/status/1502554877817667588","1395659483179745290","bollo1000"
"1502295557582163969","Fri Mar 11 14:49:06 +0000 2022","0","Banyak salah satunya lingkungan sosial yang sehat.","1502295557582163969","","","in","","0","0","0","https://twitter.com/georgrst/status/1502295557582163969","1311763555318820864","georgrst"
"1502237899873349635","Fri Mar 11 11:00:00 +0000 2022","0","Bagaimana menggunakan sosial media secara sehat? Lihat cara-cara berikut: #ThePhraseID https://t.co/f419ZwrEGI","1502237899873349635","","","in","","0","0","0","https://twitter.com/ThePhraseID/status/1502237899873349635","1385513704322600961","ThePhraseID"
"1502167248655765506","Fri Mar 11 06:19:15 +0000 2022","0","Kanwil Kemenkumham Sumsel: Lindungi keluarga rekan sejawat lingkungan sosial Semoga selalu sehat dan senantiasa dalam lindungan Tuhan . Tutup Komjen Pol Adap Budhi Revianto @Kemenkumham_RI @kumhamsumsel #KumhamPasti #KumhamSumsel","1502167248655765506","","","in","Palembang, South Sumatera","0","0","0","https://twitter.com/Diimassaurus/status/1502167248655765506","393274818","Diimassaurus"
"1502116740938956803","Fri Mar 11 02:58:33 +0000 2022","0","Pertukaran pendapat antar warga dalam perumahan hingga gontok gontok an jd salah satu varian interaksi sosial yg sehat juga sih.","1502116740938956803","","","in","Batam","0","0","0","https://twitter.com/prasariv/status/1502116740938956803","1062882122","prasariv"
"1502092725835145216","Fri Mar 11 01:23:08 +0000 2022","2","Seseorang akan dikatakan sehat jika ia sehat fisik sehat sosial dan sehat jiwa : Sehat Fisikartinya memiliki badan yang sehat dan bugar Sehat Sosialartinya mampu menjalin hubungan baik dengan orang lain Sehat Jiwa artinya : Merasa senang dan bahagia","1502092725835145216","","","in","","0","0","0","https://twitter.com/seeunkiw/status/1502092725835145216","1500434238042419201","seeunkiw"
"1501926087554600961","Thu Mar 10 14:20:58 +0000 2022","0","Pada kejadian akhir-akhir ini kita bisa mengambil pelajaran bahwa semua hal yang tampak pada media sosial tidak sepenuhnya mengambarkan keadaan seseorang. Penting sekali bersikap untuk menyadari diri kita Seapa adanya demi sehat secara fisik dan mental :)","1501926087554600961","","","in","Metaverse","0","0","1","https://twitter.com/WorklifeWlb/status/1501926087554600961","1499276749359632384","WorklifeWlb"
"1501918242683916288","Thu Mar 10 13:49:48 +0000 2022","0","media sosial diblokir enggak ada fast food enggak ada fast fashion. Sehat udah Russia ini hidupnya ","1501918242683916288","","","in","","0","0","0","https://twitter.com/catcomplexx/status/1501918242683916288","157233380","catcomplexx"
"1501816996836810752","Thu Mar 10 07:07:29 +0000 2022","0","Bismillah semoga hari ini dan beberapa hari kedepan tetap waras dan sehat nyimak sosial media khususnya twitter","1501816996836810752","","","in","Indonesia","0","0","0","https://twitter.com/Erinakrn_/status/1501816996836810752","1176749160361390080","Erinakrn_"
"1501807213521752068","Thu Mar 10 06:28:36 +0000 2022","1","Setiap orang dengan berbagai latar belakang sosial ras dan budaya memiliki kesemapatan yang sama untuk pulih dan sembuh. Apapun hambatannya peluang hidup sehat adalah milik semua orang. https://t.co/c5XbVvJQuv","1501807213521752068","https://pbs.twimg.com/media/FNd9sCzVUAQEUI6.jpg","","in","Yogyakarta","0","0","0","https://twitter.com/BNNP_DIY/status/1501807213521752068","1057268191","BNNP_DIY"
"1501766948216279045","Thu Mar 10 03:48:36 +0000 2022","0","Teruntuk fake account; salam kenal ya. Siapa pun kamu semoga sehat selalu. Apapun yg kamu cari dari akun media sosial saya semoga kamu menemukannya.","1501766948216279045","","","in","","0","0","0","https://twitter.com/InesCostavina/status/1501766948216279045","244378928","InesCostavina"
"1501714471257243650","Thu Mar 10 00:20:05 +0000 2022","0","17. Kemenkumham Sulsel: Sahli Dhahana juga ingatkan kakanwil harus sehat sehingga tercapai Kumham Sehat dan Kumham Produktif. Terapkan prokes dalam kegiatan perkantoran pelayanan publik dan aktivitas sosial lainnya. @Kemenkumham_RI @Kumham_Sulsel #KumhamPasti #KumhamSulsel","1501714471257243650","","","in","Jln. Ampera 06, Makale","0","0","0","https://twitter.com/Rutan_makale/status/1501714471257243650","2938026619","Rutan_makale"
"1501699905231884288","Wed Mar 09 23:22:12 +0000 2022","0","17. Kemenkumham Sulsel: Sahli Dhahana juga ingatkan kakanwil harus sehat sehingga tercapai Kumham Sehat dan Kumham Produktif. Terapkan prokes dalam kegiatan perkantoran pelayanan publik dan aktivitas sosial lainnya. @Kemenkumham_RI @Kumham_Sulsel #KumhamPasti #KumhamSulsel","1501699905231884288","","","in","Jl.Pengayoman No.1, Soppeng","0","0","0","https://twitter.com/RutanWatansoppe/status/1501699905231884288","994722376964165633","RutanWatansoppe"
"1501602583643029504","Wed Mar 09 16:55:29 +0000 2022","1","sebentar lg di indonesia ganti hari walaupun di semua sosial media aku udh upload tp rasanya blm afdol kl blm ucapin di sini jg. selamat ulangtahun untuk org kedua yg aku sayang setelah jungkook. sehat &amp; bahagia selalu ya aku selalu berdoa supaya bs ketemu sm kamu &amp; yg lain. https://t.co/ecE0XfcIpU","1501602583643029504","https://pbs.twimg.com/media/FNbDl3facAIwSw2.jpg","","in","","0","1","0","https://twitter.com/aymazinggg/status/1501602583643029504","1130485036170469376","aymazinggg"
"1501471589237653507","Wed Mar 09 08:14:57 +0000 2022","1","17. Kemenkumham Sulsel: Sahli Dhahana juga ingatkan kakanwil harus sehat sehingga tercapai Kumham Sehat dan Kumham Produktif. Terapkan prokes dalam kegiatan perkantoran pelayanan publik dan aktivitas sosial lainnya. @Kemenkumham_RI @Kumham_Sulsel #KumhamPasti #KumhamSulsel","1501471589237653507","","","in","Watampone","1","0","0","https://twitter.com/bapas_watampone/status/1501471589237653507","1249679447336181763","bapas_watampone"
"1501438326876020736","Wed Mar 09 06:02:47 +0000 2022","0","RS AZRA bertujuan untuk mengkampanyekan pentingnya budaya hidup sehat di media sosial https://t.co/eNhWCGpmRM","1501438326876020736","","","in","Jakarta, Indonesia","0","0","0","https://twitter.com/republikaonline/status/1501438326876020736","22126902","republikaonline"
"1501438228767055872","Wed Mar 09 06:02:23 +0000 2022","2","RS AZRA bertujuan untuk mengkampanyekan pentingnya budaya hidup sehat di media sosial https://t.co/B8GgA6rF31","1501438228767055872","","","in","Jakarta, Indonesia","0","0","0","https://twitter.com/republikaonline/status/1501438228767055872","22126902","republikaonline"
"1501077156105011200","Tue Mar 08 06:07:37 +0000 2022","0","Apalagi di era transformasi sosial hari ini untuk keluar dari krisis pandemi Covid-19 dan adaptasi ekonomi baru menuju pemulihan dan kebangkitan sosial ekonomi serta menuju dunia yang lebih sehat damai sejahtera dan adil. Selamat Hari Perempuan Internasional. #BreakTheBias","1501077156105011200","","","in","DKI Jakarta, Indonesia","0","0","0","https://twitter.com/wibissono/status/1501077156105011200","1430087860644839427","wibissono"
"1501018566258151424","Tue Mar 08 02:14:48 +0000 2022","0","Hidup itu selow aja lurrr. Yang penting sehat makan enak tidur nyenyak boker lancar.. Kadang punya duit kadang ngga punya duit sesekali deg-degan biar jantungmu sehat.. Sesekali kritis pada situasi sosial. Bahagia sak madyo..","1501018566258151424","","","in","Punggelan, Banjarnegara.","0","0","0","https://twitter.com/IrfanLutfie/status/1501018566258151424","1106360100325777408","IrfanLutfie"
"1500958473106112515","Mon Mar 07 22:16:01 +0000 2022","0","Khotbah subuhnya bagus banget tentang kesehatan jasmani rohani sosial ekonomi. Meskipun badannya sehat tapi mentalnya belum tentu jangan ragu minta tolong kl merasa ga sehat rohani juga Not even my church talk abt these stuff","1500958473106112515","","","in","","0","2","0","https://twitter.com/KNRNIsntHere/status/1500958473106112515","1149715304538230784","KNRNIsntHere"
"1500909965560541184","Mon Mar 07 19:03:16 +0000 2022","0","Begadang itu sehat Rokok itu sehat Lakukan sesuai petunjuk fisikmu Yg jelas ga sehat itu : bohongi Hati nurani! Udah tahu Salah tp Hati dipaksa membenarkan demi dunia (duit status sosial jabatan dll) Udah tahu pandemi gaje eh terus sj jadi sales! hatimu tak mgkin bohong!","1500909965560541184","","","in","Makasar, Indonesia","0","0","0","https://twitter.com/DenBagusDhewe/status/1500909965560541184","828976373721026562","DenBagusDhewe"
"1500863388976844801","Mon Mar 07 15:58:11 +0000 2022","438","Hidup itu selow aja lurrr. Yang penting sehat makan enak tidur nyenyak boker lancar.. Kadang punya duit kadang ngga punya duit sesekali deg-degan biar jantungmu sehat.. Sesekali kritis pada situasi sosial. Bahagia sak madyo..","1500863388976844801","","","in","","4","5","120","https://twitter.com/fajarnugros/status/1500863388976844801","36321448","fajarnugros"
"1500849178469183500","Mon Mar 07 15:01:43 +0000 2022","35","Foto Indra Kenz dengan wajah lesu saat memakai baju tahanan beredar di media sosial. Polisi menyebut kondisi Indra Kenz dalam keadaan sehat. https://t.co/5xQSHiR8Zo","1500849178469183500","","","in","","1","16","1","https://twitter.com/detikcom/status/1500849178469183500","69183155","detikcom"
"1500829182024052736","Mon Mar 07 13:42:15 +0000 2022","1","Selamat malam lagi pada ngapain nih? Sehat terus ya! Oh iya kami telah membuat Linktree untuk media sosial kami agar kamu lebih mudah mengikuti Chandara Virtual. Terus ikuti media sosial Chandara Virtual untuk informasi debut VTuber kami. Terima kasih!","1500829182024052736","","","in","Indonesia","0","0","0","https://twitter.com/ChandaraLIVE/status/1500829182024052736","1494301396736217093","ChandaraLIVE"
"1500675104446902281","Mon Mar 07 03:30:00 +0000 2022","0","PM Tiongkok tekankan upaya untuk pastikan pembangunan ekonomi dan sosial yang berkelanjutan dan sehat https://t.co/Io9BXJLpIP https://t.co/R2Y7BBasOE","1500675104446902281","https://pbs.twimg.com/media/FNN034lVgAEWYCR.jpg","","in","Jakarta Capital Region","0","0","0","https://twitter.com/XHIndonesia/status/1500675104446902281","3271146871","XHIndonesia"
"1500673139998867456","Mon Mar 07 03:22:12 +0000 2022","1","Banteng Muda Indonesia (BMI) Kabupaten Kendal melaksanakan kegiatan sosial Giat Peduli Kendalku Sehat dengan membagikan beras kepada masyarakat Kendal yang membutuhkan #GenerasiGotongRoyong #MudaBerjuang #BMI #BantengMudaIndonesia https://t.co/27ce8GSt9s","1500673139998867456","https://pbs.twimg.com/media/FNN2QuoaUAARNZ8.jpg","","in","Indonesia","0","0","0","https://twitter.com/DPPBMI/status/1500673139998867456","2883691224","DPPBMI"
"1500422246036226049","Sun Mar 06 10:45:14 +0000 2022","1","Media sosial adalah sebuah pertengkaran nafsu (positif) dan akal sehat. :)","1500422246036226049","","","in","","0","0","0","https://twitter.com/mata_jiwaa/status/1500422246036226049","1493455972798398466","mata_jiwaa"
"1500397188945694723","Sun Mar 06 09:05:40 +0000 2022","0","Gak tau lagi bodo amat ini masih sehat atau enggak. Sampe dititik yg I hate people sangking nggak sukanya berinteraksi sama orang aku sendiri ya merasa sosial itu penting dan butuh tapi sumpah rasanya se nggak suka itu ngomong sama orang lain","1500397188945694723","","","in","Yogyakarta, Indonesia","0","0","0","https://twitter.com/Rsky4gstn/status/1500397188945694723","1325421997396930562","Rsky4gstn"
"1500388457847214082","Sun Mar 06 08:30:58 +0000 2022","1","temen2ku yg terlanjur kuliah di ptn lain malah pada pengen kuliah di unnes njr. mereka pernah main kesana dan suka sama suasana kampus yg tenang. tuntutan sosial juga lebih sehat dibanding ptn2 lainnya","1500388457847214082","","","in","🤎💚","0","0","0","https://twitter.com/aerivai/status/1500388457847214082","1499007833068605442","aerivai"
"1500272819510284289","Sun Mar 06 00:51:28 +0000 2022","1","Membaca replyan sebuah akun yg bercerita soal teman. Rata rata 25 taun kebawah yg reply dan generasi sekarang kayanya mrk kesusahan untuk punya pertemanan yg sehat. Bnyk yg cerita hampa krn ga punya temen sama sekali. Rada ngeri juga yah soal relasi sosial anak skrang.","1500272819510284289","","","in","Jakarta BSD","0","0","0","https://twitter.com/DewiTuwuh/status/1500272819510284289","45100171","DewiTuwuh"
"1499927139227140098","Sat Mar 05 01:57:51 +0000 2022","0","Sehat-sehat sampai hari H ya. Kalo bisa jangan main sosial media apalagi stalking akun sendiri sampai bertahun-tahun lalu.","1499927139227140098","","","in","Perbatasan","0","0","0","https://twitter.com/_insomria/status/1499927139227140098","346540059","_insomria"
"1499796617167523841","Fri Mar 04 17:19:13 +0000 2022","2","Masker Hanya Mencegah DEBU.... bukan Penularan Virus Canangkan Gerakan Buka Masker... agar kembali merajut jalinan sosial yang rusak interkoneksi personal yang sehat dan manusiawi BUKA MASKER mu ","1499796617167523841","","","in","Utara Bandung ","0","0","0","https://twitter.com/__anomali__/status/1499796617167523841","351134369","__anomali__"
"1499741043461263363","Fri Mar 04 13:38:23 +0000 2022","1","Gak semua hal bisa di-upload di sosial media biarkan mereka menikmati waktu luang bersama Dapet kabar dari OP mereka sehat dan bahagia terus konten dari individu aja udah bersyukur Tahun ini dikasih kabar shooting EXO ladder S3 gimana gak seneng Yuk jadi fans yang sehat ️","1499741043461263363","","","in","🇮🇩","0","0","0","https://twitter.com/fujidafau/status/1499741043461263363","1311811260711796737","fujidafau"
"1499678265149394946","Fri Mar 04 09:28:55 +0000 2022","0","Harlah Ke-76 Tahun Muslimat NU Batang Gelar Bakti Sosial Dan Lomba Batita Sehat https://t.co/Q0n3iSwxk2","1499678265149394946","","","in","Batang, Indonesia","0","0","0","https://twitter.com/batang_update/status/1499678265149394946","1150413914686947328","batang_update"
"1499603441043525642","Fri Mar 04 04:31:36 +0000 2022","1","Kalau udah main sosial media di jaman sekarang rata rata penggunanya pada toxic. Udah gitu pada cacat logika dan kehilangan akal sehat. Di dunia entertainment politik agama olahraga dll. Semuanya serba bacot sana sini.","1499603441043525642","","","in","Godean, Indonesia","0","1","0","https://twitter.com/abiyyukesna_/status/1499603441043525642","1361880545886564356","abiyyukesna_"
"1499584982750216193","Fri Mar 04 03:18:15 +0000 2022","0","Kehidupan dan kematian adalah takdir kesehatan dan kebugaran adalah ikhtiar. Salam sehat dan salam bugar untuk sahabat semua... @ Panti Sosial Tresna Werdha Budi Mulia 3 https://t.co/DnkG8uqBhf","1499584982750216193","","","in","Jakarta Selatan","0","0","0","https://twitter.com/eko_suroyo/status/1499584982750216193","482741254","eko_suroyo"
"1499395567755010059","Thu Mar 03 14:45:35 +0000 2022","0","kehidupan pribadi aku itu privasi jadi ga perlu menilai aku lewat postingan media sosial. karena disini yang kamu tau hanya apa yang aku izinkan untuk kamu tau. (Oke cantik. semoga sehat terus ya)","1499395567755010059","","","in","","0","0","0","https://twitter.com/icekarimvanilla/status/1499395567755010059","1393841938646769667","icekarimvanilla"
"1499199036447854593","Thu Mar 03 01:44:38 +0000 2022","0","4. Sehat 5. Keadilan sosial bagi seluruh rakyat Indonesia. Katla 42 4/6 ⬛⬛⬛ ⬛⬛ ⬛⬛ https://t.co/oIdL9Z0qFE","1499199036447854593","","","in","Fairy Tail","0","0","0","https://twitter.com/wsnumrti/status/1499199036447854593","1384749463","wsnumrti"
"1499165751554764800","Wed Mar 02 23:32:22 +0000 2022","0","Sugeng ambal warsa ke-32 teman seperjuangan otomotif ane di media sosial mas @tsugamumasakoto Semoga panjang umur sehat selalu dan terus berkarya sampai sukses besar hari ini esok dan seterusnya ","1499165751554764800","","","in","Pontianak, Indonesia","0","0","0","https://twitter.com/therealtheriuso/status/1499165751554764800","850948364","therealtheriuso"
"1499038687157710850","Wed Mar 02 15:07:28 +0000 2022","0","Manfaat menyontek : 1. otot mata sehat 2. kreatifitas meningkat 3. Meningkatkn sosial teman 4. Nilai bagus 5. Melatih kecepatan gerak","1499038687157710850","","","in","","0","0","0","https://twitter.com/asihpriyati1/status/1499038687157710850","2191779301","asihpriyati1"
"1498859957667921920","Wed Mar 02 03:17:16 +0000 2022","222","Sebab di Indonesia akan tinggal anak &amp; cucu saya. Saya ingin mereka tumbuh dalam lingkungan sosial yg sehat &amp; udara politik yg jernih. Supaya bisa tenang mikirin tantangan2 ilmu pengetahuan","1498859957667921920","","","in","Jakarta, Indonesia//","3","14","37","https://twitter.com/budimandjatmiko/status/1498859957667921920","183217247","budimandjatmiko"
"1498839065235722241","Wed Mar 02 01:54:14 +0000 2022","0","Sebenarnya beberapa tulisan di media sosial sudah sering membahas tentang akupuntur yang dapat mengatasi masalah jerawat. Akupuntur banyak digunakan untuk menghilangkan rasa sakit stres dan kecemasan. #YakinSehat #akupuntur #jerawat #NissaSabyan https://t.co/3OGS9rWhjI","1498839065235722241","","","in","Medan","0","0","0","https://twitter.com/yakin_sehat/status/1498839065235722241","1234856488432173058","yakin_sehat"
"1498726557426528258","Tue Mar 01 18:27:10 +0000 2022","1","Berbagilah rejekimu dgn yg membutuhkan selagi sehat maupun sakit jgn pernah pamrih sebab kita adalah makhluk sosial.. jgn pelit pada sesamamu","1498726557426528258","","","in","","0","0","0","https://twitter.com/Arilay_x/status/1498726557426528258","2162907344","Arilay_x"
"1498648756878966788","Tue Mar 01 13:18:01 +0000 2022","0","Bu Risma sdh menjalankan tanggungjawabnya sebagai Menteri Sosial. Mrk menolak ya itu urusan dan hak mereka. Tetap sehat bu Risma","1498648756878966788","","","in","","0","0","0","https://twitter.com/KianSie3/status/1498648756878966788","824137022180851712","KianSie3"
"1498644201273442304","Tue Mar 01 12:59:55 +0000 2022","0","Lagi dan lagi media sosial ku di blokir knp mas? Situ sehat kan??","1498644201273442304","","","in","Bandar Lampung, Lampung","0","0","0","https://twitter.com/bintiyakusa22/status/1498644201273442304","841626790481223680","bintiyakusa22"
"1498580433268793349","Tue Mar 01 08:46:32 +0000 2022","1","dr Leo Pardede: Kampung Sehat YPMAK Hadirkan Keadilan Sosial Bagi Masyarakat https://t.co/HxLdNUhVOm","1498580433268793349","","","in","Mimika, Papua, Indonesia","0","1","0","https://twitter.com/seputarpapuaCOM/status/1498580433268793349","890649248567500800","seputarpapuaCOM"
"1498522442947788800","Tue Mar 01 04:56:06 +0000 2022","0","Babinsa Ds Bade Srt Bambang S. melaksanakan Komsos(Komunikasi Sosial) dengan Mahasiswa KKN dari UNS Surakarta berkaitan dengan menjelang berakhirnya masa pengabdian selama melaksanakan KKN di Ds Bade bertempat di balai Desa Bade Kec. Klego. Mudah2 sehat dan sukses..!! https://t.co/giIjaK2DYU","1498522442947788800","https://pbs.twimg.com/media/FMvSMhhacAAEUPM.jpg","","in","","0","0","0","https://twitter.com/Koramil14_klego/status/1498522442947788800","1168344242546020353","Koramil14_klego"
"1498489742174089216","Tue Mar 01 02:46:09 +0000 2022","1","Selamat Siang Sobat Adhyaksa Salam sehat dan tetap terapkan Protokol Kesehatan. Cuplikan Video Kegiatan Pemberian Bantuan Sosial kepada Korban longsor sudah tayang dan sobat Adhyaksa bisa dilihat Video nya di Channel Youtube kami. https://t.co/oNK6vweOc1","1498489742174089216","https://pbs.twimg.com/media/FMu0dkMagAIylPk.jpg","","in","Makale, Tana Toraja, SulSel","0","1","0","https://twitter.com/KNtanatoraja/status/1498489742174089216","1371266693175992322","KNtanatoraja"
