"conversation_id_str","created_at","favorite_count","full_text","id_str","image_url","in_reply_to_screen_name","lang","location","quote_count","reply_count","retweet_count","tweet_url","user_id_str","username"
"1586789402512338945","Sun Oct 30 18:37:29 +0000 2022","0","Manfaat menyontek : 1. otot mata sehat 2. kreatifitas meningkat 3. Meningkatkn sosial teman 4. Nilai bagus 5. Melatih kecepatan gerak","1586789402512338945","","","in","","0","0","0","https://twitter.com/asihpriyati1/status/1586789402512338945","2191779301","asihpriyati1"
"1586643080232390657","Sun Oct 30 08:56:03 +0000 2022","2","Peluncuran Modul Guru Belajar dan Berbagi Seri Remaja Sehat Jiwa dan Raga Mau tahu bagaimana guru dapat mendukung siswa berinteraksi sosial dengan aman? Atau mau tahu apakah siswa anda mengalami masalah gizi? #SeriRemajaSehatJiwaRaga #GuruBelajardanBerbagi #MerdekaBelajar https://t.co/U22oUCMxyM","1586643080232390657","https://pbs.twimg.com/media/FgTjePhVEAEj1tb.jpg","","in","Yogyakarta, Indonesia","0","1","0","https://twitter.com/bbgpdiy/status/1586643080232390657","1107613313720958977","bbgpdiy"
"1586562906887372800","Sun Oct 30 03:37:28 +0000 2022","0","Manfaat menyontek : 1. otot mata sehat 2. kreatifitas meningkat 3. Meningkatkn sosial teman 4. Nilai bagus 5. Melatih kecepatan gerak","1586562906887372800","","","in","","0","0","0","https://twitter.com/asihpriyati1/status/1586562906887372800","2191779301","asihpriyati1"
"1586470826269818880","Sat Oct 29 21:31:34 +0000 2022","1","Udah sliweran aja kampanye nggak sehat pemilu. 2 tahun lagi yang sangat berat buat kewarasan berpikir dan mata yang sehat ketika melihat media sosial.","1586470826269818880","","","in","Bengawan","0","0","0","https://twitter.com/aissaputra__/status/1586470826269818880","3736599805","aissaputra__"
"1586336419009921025","Sat Oct 29 12:37:29 +0000 2022","0","Manfaat menyontek : 1. otot mata sehat 2. kreatifitas meningkat 3. Meningkatkn sosial teman 4. Nilai bagus 5. Melatih kecepatan gerak","1586336419009921025","","","in","","0","0","0","https://twitter.com/asihpriyati1/status/1586336419009921025","2191779301","asihpriyati1"
"1586206863074287616","Sat Oct 29 04:02:41 +0000 2022","1","Rasa Syukur Sahabat Mata karena dapat melihat kembali setelah dilakukan operasi pada Bakti Sosial Operasi Katarak di Papua Barat . Semoga senantiasa sehat 🇮🇩 (sumber : video @terang.papua ) #salamsehatmata #baksos #katarak #papuabarat #rsmatacicendo https://t.co/j8N8pHCASh","1586206863074287616","","","in","Bandung, Indonesia","0","0","0","https://twitter.com/rs_matacicendo/status/1586206863074287616","505374412","rs_matacicendo"
"1586185237121634305","Sat Oct 29 02:36:45 +0000 2022","0","Tatapan matanya ya Allah SEOKJIN tetap semangat dan bahagia anak baik dia konser bukannya ikut bahagia malah nangis bombay selesai live dia kemaren ga tau kenapa setiap lihat SEOKJIN pasti nangis sakit bgt pas dia cerita tentang hate komen di media sosial sehat terus syg https://t.co/5w3cShN7Xp","1586185237121634305","https://pbs.twimg.com/media/FgNDD_CakAAUs-v.jpg","","in","ONLY ARMY, fan account BANGTAN","0","0","0","https://twitter.com/lovely_jublly/status/1586185237121634305","1334542797639020546","lovely_jublly"
"1586109921665261568","Fri Oct 28 21:37:28 +0000 2022","0","Manfaat menyontek : 1. otot mata sehat 2. kreatifitas meningkat 3. Meningkatkn sosial teman 4. Nilai bagus 5. Melatih kecepatan gerak","1586109921665261568","","","in","","0","0","0","https://twitter.com/asihpriyati1/status/1586109921665261568","2191779301","asihpriyati1"
"1585883438761984002","Fri Oct 28 06:37:30 +0000 2022","0","Manfaat menyontek : 1. otot mata sehat 2. kreatifitas meningkat 3. Meningkatkn sosial teman 4. Nilai bagus 5. Melatih kecepatan gerak","1585883438761984002","","","in","","0","0","0","https://twitter.com/asihpriyati1/status/1585883438761984002","2191779301","asihpriyati1"
"1585826495595188224","Fri Oct 28 02:51:14 +0000 2022","0","Realisasi belanja APBN didukung oleh beberapa belanja yang menjadi fokus pemerintah untuk memperbaiki kesejahteraan rakyat melalui realisasi program perlindungan sosial. KemenkeuRI terus siaga untuk menjaga #UangKita tetap sehat dan kokoh. #PulihLebihCepat #BangkitLebihKuat https://t.co/Nc0v9ipdpB","1585826495595188224","https://pbs.twimg.com/media/FgH8xc8aUAABnIz.jpg","","in","","0","0","0","https://twitter.com/kppnkutacane/status/1585826495595188224","1517060001545977856","kppnkutacane"
"1585774433234743297","Thu Oct 27 23:24:21 +0000 2022","10","Selamat hari sumpah pemuda masih dalam kegiatan penyerahan bantuan sosial bagi keluarga beresiko stunting. Dalam semangat gotong royong dan berbagi Lazismu DIY terus meyelamatkan generasi emas dg pemberian nutrisi sehat kepada ibu hamil dan menyusui #JumatBerkah #sumpahpemuda https://t.co/rICWb2bt9a","1585774433234743297","https://pbs.twimg.com/ext_tw_video_thumb/1585774326225457153/pu/img/OITRoPO8VTa6q4gS.jpg","","in","Yogyakarta, Indonesia","0","0","2","https://twitter.com/lazismu_diy/status/1585774433234743297","799116396936318977","lazismu_diy"
"1585770182030417920","Thu Oct 27 23:07:28 +0000 2022","0","Manfaat menyontek : 1. otot mata sehat 2. kreatifitas meningkat 3. Meningkatkn sosial teman 4. Nilai bagus 5. Melatih kecepatan gerak","1585770182030417920","","","in","","0","0","0","https://twitter.com/asihpriyati1/status/1585770182030417920","2191779301","asihpriyati1"
"1585604355800985600","Thu Oct 27 12:08:32 +0000 2022","0","Hi selamat malam. Apa kabar teman? Semoga kalian semua selalu dalam keadaan sehat baik mental maupun fisik. Mau mengabarkan saja dalam waktu kedepan yang belum ditentukan sampai kapan Aisy akan rehat dulu dari media sosial ini. Terimakasih telah berinteraksi dengan aisy.","1585604355800985600","","","in","","0","2","0","https://twitter.com/smilefloweritme/status/1585604355800985600","1062748574356668416","smilefloweritme"
"1585543686120607744","Thu Oct 27 08:07:27 +0000 2022","0","Manfaat menyontek : 1. otot mata sehat 2. kreatifitas meningkat 3. Meningkatkn sosial teman 4. Nilai bagus 5. Melatih kecepatan gerak","1585543686120607744","","","in","","0","0","0","https://twitter.com/asihpriyati1/status/1585543686120607744","2191779301","asihpriyati1"
"1585473148895432706","Thu Oct 27 03:27:10 +0000 2022","6","Selamat pagi bang @helmifelis semoga dalam kondisi sehat walafiat ️ Masyarakat Dayak Kalimantan Tengah (Kalteng) ancam Helmi Felis setelah menyebut sebagai masyarakat primitif hanya peduli soal lingkungan. Tak paham Media Sosial (Medsos). #TangkapHelmiFelis https://t.co/7EKoSaFWq3","1585473148895432706","https://pbs.twimg.com/media/FgC7bKRVUAApFcA.jpg","","in","Iseh melu mamak","2","2","1","https://twitter.com/ConanNKRI/status/1585473148895432706","1282594653015953408","ConanNKRI"
"1585430448632901633","Thu Oct 27 00:37:29 +0000 2022","0","Manfaat menyontek : 1. otot mata sehat 2. kreatifitas meningkat 3. Meningkatkn sosial teman 4. Nilai bagus 5. Melatih kecepatan gerak","1585430448632901633","","","in","","0","0","0","https://twitter.com/asihpriyati1/status/1585430448632901633","2191779301","asihpriyati1"
"1585409698806878210","Wed Oct 26 23:15:02 +0000 2022","0","Bentuk pelayanan tidak melulu pendirian gereja-gereja baru dan jumlah orang Kristen; bisa juga badan kesehatan sekolah dan perguruan tinggi dan lembaga-lembaga sosial. Buah pelayanan itu adalah masyarakat cerdas sehat dan ilmu pengetahuan. https://t.co/Qrj2lGOOlB #melayani https://t.co/JQXdQHT2H0","1585409698806878210","https://pbs.twimg.com/media/FgCBuBwXgAESLsx.jpg","","in","Jakarta - Indonesia","0","0","0","https://twitter.com/gkipiweb/status/1585409698806878210","362998498","gkipiweb"
"1585317194711195649","Wed Oct 26 17:07:27 +0000 2022","0","Manfaat menyontek : 1. otot mata sehat 2. kreatifitas meningkat 3. Meningkatkn sosial teman 4. Nilai bagus 5. Melatih kecepatan gerak","1585317194711195649","","","in","","0","0","0","https://twitter.com/asihpriyati1/status/1585317194711195649","2191779301","asihpriyati1"
"1585276172136374273","Wed Oct 26 14:24:27 +0000 2022","0","Semangat Sehat Kegiatan Hari Aksi Bergizi Nasional 2022 meliputi: 1. Senam bersama 2. Makan bersama 3. Minum Tablet Tambah Darah (TTD) 4. Mengisi aplikasi ceria 5. Pemutaran video edukasi 6. Penyebarluasan melalui media sosial #pkmpurwodadipasuruan #aksibergizinasional https://t.co/P2ukGYub6a","1585276172136374273","https://pbs.twimg.com/media/FgAIP_vVUAMTbFB.jpg","","in","Jl.Lingkar AMD, Kec. Purwodadi","0","0","0","https://twitter.com/pkmpurwodadi/status/1585276172136374273","1486897467387891715","pkmpurwodadi"
"1585222821390721024","Wed Oct 26 10:52:27 +0000 2022","0","Jangan Galau Kelamaan! Berisiko Gangguan Kejiwaan | Fakta atau Mitos Hidup Sehat tvOne - Pada dasarnya manusia adalah makhluk sosial yang membutuhkan interaksi yang baik dengan orang lain ... https://t.co/TD3UL5PsrN","1585222821390721024","","","in","","0","0","0","https://twitter.com/kabartvOne/status/1585222821390721024","70269832","kabartvOne"
"1585153273916526592","Wed Oct 26 06:16:05 +0000 2022","0","Sehat selalu pakde semoga bantuan sosial yang dibagikan ini memberi manfaat untuk semua Keren! #BLTBBMBantuMasyarakat #BansosBBMRingankanRakyat #KPMPenyaluranBLTTepatSasaran #SukseskanKebijakanPemerintah #SubsidiBerkeadilanUntukMasaDepan Banten https://t.co/yBuSOcMEe1","1585153273916526592","https://pbs.twimg.com/media/Ff-YgGDXoAErT7-.jpg","","in","Kota Serang, Banten","0","0","0","https://twitter.com/Kaluamar1/status/1585153273916526592","1567078266351267848","Kaluamar1"
"1585147042435051526","Wed Oct 26 05:51:20 +0000 2022","2","Wujudkan RS Tanpa Dinding dgn Bakti Sosial Pengobatan Gratis Penyuluhan Kesehatan Masyarakat meliputi Kesehatan Gigi &amp; Kewaspadaan Kanker dan tak kalah pentingnya hadir pelaksanaan USG Payudara Sehat sehat selalu buat masyarakat Ds. Sukomulyo Kec. Kalsel Kab. Kendal. (26/10) https://t.co/7W4YvGfKWa","1585147042435051526","https://pbs.twimg.com/ext_tw_video_thumb/1585146808208359424/pu/img/HicBGivbI4HhjiNp.jpg","","in","Jl. Walisongo - Semarang 50185","0","0","0","https://twitter.com/Rs_Tugurejo/status/1585147042435051526","2714351082","Rs_Tugurejo"
"1585090703709069313","Wed Oct 26 02:07:27 +0000 2022","0","Manfaat menyontek : 1. otot mata sehat 2. kreatifitas meningkat 3. Meningkatkn sosial teman 4. Nilai bagus 5. Melatih kecepatan gerak","1585090703709069313","","","in","","0","0","0","https://twitter.com/asihpriyati1/status/1585090703709069313","2191779301","asihpriyati1"
"1584893583022125056","Tue Oct 25 13:04:10 +0000 2022","1","MEDIA SOSIAL LOKALITY Dapatkan informasi terbaru seputar promo tips sehat dan produk-produk gluten free dari kami Ikuti dan pantau sosial media Lokality Indonesia yuk Sahabat Minty... Jangan lupa juga untuk ikuti media sosial kami https://t.co/P3ogp0JnMm","1584893583022125056","https://pbs.twimg.com/media/Ff6sSl4UoAAYEAN.jpg","","in","Sleman, Indonesia","0","1","0","https://twitter.com/lokality_id/status/1584893583022125056","1418224100003094543","lokality_id"
"1584864212928450560","Tue Oct 25 11:07:28 +0000 2022","0","Manfaat menyontek : 1. otot mata sehat 2. kreatifitas meningkat 3. Meningkatkn sosial teman 4. Nilai bagus 5. Melatih kecepatan gerak","1584864212928450560","","","in","","0","0","0","https://twitter.com/asihpriyati1/status/1584864212928450560","2191779301","asihpriyati1"
"1584778144996855813","Tue Oct 25 05:25:28 +0000 2022","0","Sehat selalu pakde semoga bantuan sosial yang dibagikan ini memberi manfaat untuk semua Keren! #BLTBBMBantuMasyarakat #BansosBBMRingankanRakyat #KPMPenyaluranBLTTepatSasaran #SukseskanKebijakanPemerintah #SubsidiBerkeadilanUntukMasaDepan Banten https://t.co/LXifwxIejx","1584778144996855813","https://pbs.twimg.com/media/Ff5DUtAWIAA2Un6.jpg","","in","Kota Serang, Banten","0","0","0","https://twitter.com/Kaluamar1/status/1584778144996855813","1567078266351267848","Kaluamar1"
"1584750963617042433","Tue Oct 25 03:37:27 +0000 2022","0","Manfaat menyontek : 1. otot mata sehat 2. kreatifitas meningkat 3. Meningkatkn sosial teman 4. Nilai bagus 5. Melatih kecepatan gerak","1584750963617042433","","","in","","0","0","0","https://twitter.com/asihpriyati1/status/1584750963617042433","2191779301","asihpriyati1"
"1584707138789654529","Tue Oct 25 00:43:18 +0000 2022","0","Inilah 12 Jawara Healthkathon BPJS Kesehatan | Direktur TI dalam Penghargaan Pemenang Healthkathon 2022 https://t.co/sBDMC8OpXa Tetap sehat dan semangat! dan Terus dukung upaya edukasi publik dengan follow like comment dan share setiap konten media sosial BPJS Kesehatan ","1584707138789654529","","","in","","0","0","0","https://twitter.com/mpuspertiwi/status/1584707138789654529","188245982","mpuspertiwi"
"1584524479082160129","Mon Oct 24 12:37:29 +0000 2022","0","Manfaat menyontek : 1. otot mata sehat 2. kreatifitas meningkat 3. Meningkatkn sosial teman 4. Nilai bagus 5. Melatih kecepatan gerak","1584524479082160129","","","in","","0","0","0","https://twitter.com/asihpriyati1/status/1584524479082160129","2191779301","asihpriyati1"
"1584498996336549889","Mon Oct 24 10:56:13 +0000 2022","0","BAKTI SOSIAL SEHAT BERSAMA Minggu 23-10-2022 https://t.co/tt42ePmk8w","1584498996336549889","https://pbs.twimg.com/ext_tw_video_thumb/1584498672288804864/pu/img/ddczXjrap2LKyUeU.jpg","","in","Yayasan Bahtera Amal Shalih","0","0","0","https://twitter.com/AmalBahtera/status/1584498996336549889","1206387170065309696","AmalBahtera"
"1584411222597779456","Mon Oct 24 05:07:27 +0000 2022","0","Manfaat menyontek : 1. otot mata sehat 2. kreatifitas meningkat 3. Meningkatkn sosial teman 4. Nilai bagus 5. Melatih kecepatan gerak","1584411222597779456","","","in","","0","0","0","https://twitter.com/asihpriyati1/status/1584411222597779456","2191779301","asihpriyati1"
"1584401268528644096","Mon Oct 24 04:27:53 +0000 2022","0","Perumnas Sehat program Tanggung Jawab Sosial dan Lingkungan sebagai perwujudan dukungan Presidensi G20 https://t.co/9uScP5medN","1584401268528644096","https://pbs.twimg.com/media/FfzsPBkUAAMpt8O.jpg","","in","Jakarta","0","3","0","https://twitter.com/infoperumnas/status/1584401268528644096","808672063","infoperumnas"
"1584388723361607680","Mon Oct 24 03:38:02 +0000 2022","6","Selamat memulai pekan. Selamat menjalankan rutinitas dgn menjaga keseimbangan antara kuliah kerja dan kehidupan sosial yg rawan stress. Jaga kondisi tubuh biar selalu fit serta gunakan keahlian mengelola stressnya. Tetap sehat fisik maupun psikis ya. Have a great week ahead..","1584388723361607680","","","in","","0","0","1","https://twitter.com/GenuineHeart11/status/1584388723361607680","1514678590725828611","GenuineHeart11"
"1584347026900520962","Mon Oct 24 00:52:21 +0000 2022","0","Salam Sehat Warga Kota Tebing Tinggi! Dalam rangka menyambut Hari Sumpah Pemuda ada Kegiatan Bakti Sosial Pengobatan Gratis nih di Lapangan Merdeka Kota Tebing Tinggi. Catat tanggal dan waktunya ya! #kotatebingtinggi #tebingtinggi #pemkotebingtinggi #mediatebingtinggi https://t.co/Gvlb5SOcBl","1584347026900520962","https://pbs.twimg.com/ext_tw_video_thumb/1584346984991035392/pu/img/8q2kCCygQa2_vbEA.jpg","","in","Tebing Tinggi, Indonesia","0","0","0","https://twitter.com/Mediattinggi/status/1584347026900520962","940054851802734593","Mediattinggi"
"1584327081315696640","Sun Oct 23 23:33:06 +0000 2022","0","[Sehat] HUT Kaltara Gubernur Buka Kegiatan Bakti Sosial dan juga jalan sehat di Desa Tanjung Buka https://t.co/zThWJrgpaf #Video #bakti #buka #dan https://t.co/TOga32fZ30","1584327081315696640","","","in","","0","0","0","https://twitter.com/idntalk_com/status/1584327081315696640","564951196","idntalk_com"
"1584184731716837376","Sun Oct 23 14:07:27 +0000 2022","0","Manfaat menyontek : 1. otot mata sehat 2. kreatifitas meningkat 3. Meningkatkn sosial teman 4. Nilai bagus 5. Melatih kecepatan gerak","1584184731716837376","","","in","","0","0","0","https://twitter.com/asihpriyati1/status/1584184731716837376","2191779301","asihpriyati1"
"1584071490424967169","Sun Oct 23 06:37:28 +0000 2022","0","Manfaat menyontek : 1. otot mata sehat 2. kreatifitas meningkat 3. Meningkatkn sosial teman 4. Nilai bagus 5. Melatih kecepatan gerak","1584071490424967169","","","in","","0","0","0","https://twitter.com/asihpriyati1/status/1584071490424967169","2191779301","asihpriyati1"
"1584051827850420224","Sun Oct 23 05:19:20 +0000 2022","0","InfoPublik Donor Darah Bakti Sosial Jalan Santai Senam Sehat dan Expo Ramaikan Peringatan HORI ke https://t.co/g85LSwxML6","1584051827850420224","","","in","Kotawaringin Timur, Kalteng","0","0","0","https://twitter.com/Sampit_id/status/1584051827850420224","1469052564054315012","Sampit_id"
"1583844992162082818","Sat Oct 22 15:37:27 +0000 2022","0","Manfaat menyontek : 1. otot mata sehat 2. kreatifitas meningkat 3. Meningkatkn sosial teman 4. Nilai bagus 5. Melatih kecepatan gerak","1583844992162082818","","","in","","0","0","0","https://twitter.com/asihpriyati1/status/1583844992162082818","2191779301","asihpriyati1"
"1583709903650115585","Sat Oct 22 06:40:39 +0000 2022","0","EKONOMI INDONESIA SEHAT DAN TANGGUH Indonesia dihadapkan banyak persoalan akibat pandemi Covid-19. Hampir semua aktivitas terbatasi mulai dari sosial hingga ekonomi. https://t.co/iwVOARSPub","1583709903650115585","https://pbs.twimg.com/media/Ffp3tlkUoAAdpYc.jpg","","in","Jl. Medan Merdeka Barat 9","0","1","0","https://twitter.com/FMB9ID_/status/1583709903650115585","902385054336167937","FMB9ID_"
"1583618509497516032","Sat Oct 22 00:37:29 +0000 2022","0","Manfaat menyontek : 1. otot mata sehat 2. kreatifitas meningkat 3. Meningkatkn sosial teman 4. Nilai bagus 5. Melatih kecepatan gerak","1583618509497516032","","","in","","0","0","0","https://twitter.com/asihpriyati1/status/1583618509497516032","2191779301","asihpriyati1"
"1583609123966316545","Sat Oct 22 00:00:11 +0000 2022","3","Capek juga ya orang sampe di sosial media dituntut harus sesuai sama gelar dan pekerjaan. Pantes mentalnya pada sehat.","1583609123966316545","","","in","","1","0","0","https://twitter.com/dffzahra/status/1583609123966316545","1580389170966855680","dffzahra"
"1583505251524804609","Fri Oct 21 17:07:26 +0000 2022","0","Manfaat menyontek : 1. otot mata sehat 2. kreatifitas meningkat 3. Meningkatkn sosial teman 4. Nilai bagus 5. Melatih kecepatan gerak","1583505251524804609","","","in","","0","0","0","https://twitter.com/asihpriyati1/status/1583505251524804609","2191779301","asihpriyati1"
"1583354606159269891","Fri Oct 21 07:08:50 +0000 2022","3","[[ OPEN HOUSE ]] Assalamualaikum Wr. Wb. Bagaimana kabar kawan-kawan semua? Semoga selalu sehat dan dalam lindungan Allah SWT ya Aamiin YRA. Tak terasa ya rangkaian Ta'aruf telah terlaksana. Walaupun tak bisa saling jumpa namun masih bisa terwakilkan lewat tatap media sosial. https://t.co/00btJefd4m","1583354606159269891","https://pbs.twimg.com/media/Ffk0ngAaMAAdlK2.jpg","","in","","0","1","0","https://twitter.com/bemftkunisba/status/1583354606159269891","1382714426977964035","bemftkunisba"
"1583341578701398019","Fri Oct 21 06:17:04 +0000 2022","0","Sehat selalu pakde semoga bantuan sosial yang dibagikan ini memberi manfaat untuk semua Keren! #BLTBBMBantuMasyarakat #BansosBBMRingankanRakyat #KPMPenyaluranBLTTepatSasaran #SukseskanKebijakanPemerintah #SubsidiBerkeadilanUntukMasaDepan Banten https://t.co/QFY2SrsTWr","1583341578701398019","https://pbs.twimg.com/media/FfkoxlNWQAEA_OS.jpg","","in","Kota Serang, Banten","1","0","0","https://twitter.com/Kaluamar1/status/1583341578701398019","1567078266351267848","Kaluamar1"
"1583306125096591360","Fri Oct 21 03:56:11 +0000 2022","0","Gue bangga punya sosok presiden seperti Bapak @jokowi sangat terharu sungguh ini yang dinamakan Keadilan Sosial bagi Seluruh Rakyat Indonesia. Sehat selalu bapak ","1583306125096591360","","","in","Jakata selatan","0","0","0","https://twitter.com/doaldooo/status/1583306125096591360","1896570793","doaldooo"
"1583303328070787073","Fri Oct 21 03:45:04 +0000 2022","0","Giat Kasi Kesejahteraan Sosial (Rohyadi Wahyudin https://t.co/IEYyy1BpVY) menghadiri Kegiatan Pertemuan Rutin PKK Kelurahan Gumuruh dan Sosialisasi Pola Hidup Sehat pada hari Kamis 20 Oktober 2022. https://t.co/Khha8zUOUx","1583303328070787073","https://pbs.twimg.com/media/FfkF9M-aYAAHM46.jpg","","in","Jl. Saturnus No.8, Bandung","0","0","0","https://twitter.com/kel_gumuruh/status/1583303328070787073","1910488021","kel_gumuruh"
"1583278759502716929","Fri Oct 21 02:07:26 +0000 2022","0","Manfaat menyontek : 1. otot mata sehat 2. kreatifitas meningkat 3. Meningkatkn sosial teman 4. Nilai bagus 5. Melatih kecepatan gerak","1583278759502716929","","","in","","0","0","0","https://twitter.com/asihpriyati1/status/1583278759502716929","2191779301","asihpriyati1"
"1583086951066136576","Thu Oct 20 13:25:16 +0000 2022","1","Babinsa 09/Mantrijeron Melaksanakan Kegiatan Komunikasi sosial (Komsos) Menerapkan Pola Hidup Sehat dimasa Pandemi Covid-19 bersama anak - anak SMP yang lagi melaksanakan olah raga di Lapangan Minggiran Kelurahan Suryodiningratan Kemantren Mantrijeron (19/10/2022) https://t.co/CHa8VjujFu","1583086951066136576","https://pbs.twimg.com/media/FfhBLhWaYAImtwj.jpg","","in","","0","0","0","https://twitter.com/Koramilgt/status/1583086951066136576","1554637187752534016","Koramilgt"
"1583066752363003904","Thu Oct 20 12:05:00 +0000 2022","0","Pertama sih mau bilang kalau mengurus diri artinya menjaga kesehatan dan kewarasan jiwa raga. Sehat buat perempuan tuh artinya produktif secara sosial dan ekonomis. #FemmyCompletesMe #BeHealthyBeProductive","1583066752363003904","","","in","KA Malabar PP","0","0","0","https://twitter.com/arellsha/status/1583066752363003904","42356367","arellsha"
"1583052269129699333","Thu Oct 20 11:07:27 +0000 2022","0","Manfaat menyontek : 1. otot mata sehat 2. kreatifitas meningkat 3. Meningkatkn sosial teman 4. Nilai bagus 5. Melatih kecepatan gerak","1583052269129699333","","","in","","0","0","0","https://twitter.com/asihpriyati1/status/1583052269129699333","2191779301","asihpriyati1"
"1583020205642481664","Thu Oct 20 09:00:02 +0000 2022","0","Bentuk hubungan sosial lebih sehat dengan mengurangi minta maaf !! Loh jadi kita gausah minta maaf lagi min kalau salah ? Bukan begitu sobat ! Coba cek postingan berikut ini ya di https://t.co/585zUCsgjU #Tespenjurusan #biropsikologi #biropsikologijakarta #jasapsikotesonline https://t.co/Gb5pwDEmdE","1583020205642481664","https://pbs.twimg.com/media/FfQck1MUcAEj8Tn.jpg","","in","Jakarta Barat, DKI Jakarta","0","0","0","https://twitter.com/Assessment_id/status/1583020205642481664","1431636375254626304","Assessment_id"
"1582991378849869824","Thu Oct 20 07:05:29 +0000 2022","0","Mari ngopi Guys sahabat Media sosial semua ya.Salam sehat &amp; kabar baik buat kita semuanya &amp; dimana pun berada. #Kopihitam #Maringopi #santaingopi #nkrihargamati #kopijolo https://t.co/33QCEaJTF0","1582991378849869824","https://pbs.twimg.com/ext_tw_video_thumb/1582991361057267712/pu/img/rsNWUH9wqHNzvYos.jpg","","in","","0","0","0","https://twitter.com/siahaan_polin/status/1582991378849869824","1566701275177070592","siahaan_polin"
"1582972434084376576","Thu Oct 20 05:50:13 +0000 2022","1","Banyak kita temui antar tetangga tidak akur bahkan bersaing dan saling menjatuhkan kalau sudah demikian malah menimbulkan kesenjangan sosial juga timbul persaingan yang tidak sehat. https://t.co/3UjLTVczNn","1582972434084376576","","","in","Indonesia","1","0","0","https://twitter.com/kompasiana/status/1582972434084376576","23786106","kompasiana"
"1582886063512559617","Thu Oct 20 00:07:00 +0000 2022","0","Sehat selalu CAK IMIN. Semoga dengan setiap kegiatan sosial yang engkau lakukan bermanfaat buat orang banyak dan mendapatkan keberkahan untuk kedepannya. Amiiiin","1582886063512559617","","","in","Maluku Utara, Indonesia","0","0","0","https://twitter.com/AlimulAwaludin/status/1582886063512559617","950179364779405312","AlimulAwaludin"
"1582825769491116034","Wed Oct 19 20:07:25 +0000 2022","0","Manfaat menyontek : 1. otot mata sehat 2. kreatifitas meningkat 3. Meningkatkn sosial teman 4. Nilai bagus 5. Melatih kecepatan gerak","1582825769491116034","","","in","","0","0","0","https://twitter.com/asihpriyati1/status/1582825769491116034","2191779301","asihpriyati1"
"1582712538067673088","Wed Oct 19 12:37:29 +0000 2022","0","Manfaat menyontek : 1. otot mata sehat 2. kreatifitas meningkat 3. Meningkatkn sosial teman 4. Nilai bagus 5. Melatih kecepatan gerak","1582712538067673088","","","in","","0","0","0","https://twitter.com/asihpriyati1/status/1582712538067673088","2191779301","asihpriyati1"
"1582655552026460160","Wed Oct 19 08:51:02 +0000 2022","0","Sehat selalu pakde semoga bantuan sosial yang dibagikan ini memberi manfaat untuk semua Keren! #BLTBBMBantuMasyarakat #BansosBBMRingankanRakyat #KPMPenyaluranBLTTepatSasaran #SukseskanKebijakanPemerintah #SubsidiBerkeadilanUntukMasaDepan Banten https://t.co/z6MoM7WEAl","1582655552026460160","https://pbs.twimg.com/media/Ffa41hkWQAEenwc.jpg","","in","Kota Serang, Banten","0","0","0","https://twitter.com/Kaluamar1/status/1582655552026460160","1567078266351267848","Kaluamar1"
"1582607967269969921","Wed Oct 19 05:41:57 +0000 2022","1","Sehat selalu pakde semoga bantuan sosial yang dibagikan ini memberi manfaat untuk semua Keren! #BLTBBMBantuMasyarakat #BansosBBMRingankanRakyat #KPMPenyaluranBLTTepatSasaran #SukseskanKebijakanPemerintah #SubsidiBerkeadilanUntukMasaDepan Banten https://t.co/zfHLuybqYU","1582607967269969921","https://pbs.twimg.com/media/FfaNjy7XwAAlh6s.jpg","","in","Kota Serang, Banten","1","0","0","https://twitter.com/Kaluamar1/status/1582607967269969921","1567078266351267848","Kaluamar1"
"1582599281269444609","Wed Oct 19 05:07:26 +0000 2022","0","Manfaat menyontek : 1. otot mata sehat 2. kreatifitas meningkat 3. Meningkatkn sosial teman 4. Nilai bagus 5. Melatih kecepatan gerak","1582599281269444609","","","in","","0","0","0","https://twitter.com/asihpriyati1/status/1582599281269444609","2191779301","asihpriyati1"
"1582595140857655298","Wed Oct 19 04:50:59 +0000 2022","0","Kapolres Ketapang AKBP Yani Permana S.I.K. M.H. bersama team siaga banjir di Polsek Nanga Tayap menyalurkan bantuan sosial sembako kepada masyarkat terdampak banjir di Kec.Nanga Tayap dan sekitarnya. Semoga masyarkat selalu sehat dan dapat beraktivitas kembali seperti biasanya https://t.co/OJdCUek91v","1582595140857655298","https://pbs.twimg.com/ext_tw_video_thumb/1582594980937228289/pu/img/w4mwv9Ol_CTJMHUT.jpg","","in","","0","0","0","https://twitter.com/SATLANTASKTG/status/1582595140857655298","1227811000415469570","SATLANTASKTG"
"1582394592972148736","Tue Oct 18 15:34:05 +0000 2022","1","Anak baik anak sabar kalau kamu mau nenangin diri nggak apa apa kalau kamu nggak mau muncul di sosial media nggak apa apa yang penting kamu sehat aja kamu nggak sendiri kok ada renchin yang selalu temani kamu #런쥔 #런쥔이왔당 #仁俊 #RENJUN https://t.co/sEtVMrjZg8","1582394592972148736","https://pbs.twimg.com/media/FfXLcxTacAEUGBV.jpg","","in","renjun is my tomorrow","0","0","1","https://twitter.com/dziecoren/status/1582394592972148736","1338523760362627072","dziecoren"
"1582379788765106176","Tue Oct 18 14:35:15 +0000 2022","1","Gangguan Cemas Gangguan Depresi &amp; Skizofrenia: https://t.co/FX9sLAuFq6 #Cemas #Depresi #Skizofrenia #mood #konsultasi #konseling #psikoedukasi #psikoterapi #terapi #mindfulness #Psikologis #Psikolog #psikiater #stres #trauma #mental #DeusCaritasEst #Sosial #Jiwa #sehat #health","1582379788765106176","","","in","","0","0","0","https://twitter.com/AstridYogini/status/1582379788765106176","46363812","AstridYogini"
"1582372790459514880","Tue Oct 18 14:07:26 +0000 2022","0","Manfaat menyontek : 1. otot mata sehat 2. kreatifitas meningkat 3. Meningkatkn sosial teman 4. Nilai bagus 5. Melatih kecepatan gerak","1582372790459514880","","","in","","0","0","0","https://twitter.com/asihpriyati1/status/1582372790459514880","2191779301","asihpriyati1"
"1582330457366331399","Tue Oct 18 11:19:13 +0000 2022","6","Salam sehat untuk Sobat Golkar di seluruh Indonesia! Platform media sosial @golkar2024 akan datang ke kota anda melalui social activation bernama Yellow Movement. https://t.co/UTUugUmPm2","1582330457366331399","https://pbs.twimg.com/media/FfWQBSFakAAY9_z.jpg","","in","","0","1","3","https://twitter.com/Golkar2024/status/1582330457366331399","983533957709938688","Golkar2024"
"1582312827230236672","Tue Oct 18 10:09:10 +0000 2022","1","kecemburuan sosial yang berlebihan akan mengakibatkan boomerang bagi diri sendiri. Sesekali melihat/menengok kanan kiri tidaklah masalah tetapi harus menyesuaikan porsinya sendiri sendiri. Mari hidup sehat dan enjoy ","1582312827230236672","","","in","Yogyakarta ","2","1","2","https://twitter.com/mrtaufik12/status/1582312827230236672","1672130413","mrtaufik12"
"1582257738372960256","Tue Oct 18 06:30:16 +0000 2022","0","Bantuan Sosial diberikan kepada masyarkat Nanga Tayap yang terdampak banjir semoga selalu sehat dan dapat beraktivitas kembali seperti biasa aminnn https://t.co/XAevRYaWS5","1582257738372960256","https://pbs.twimg.com/ext_tw_video_thumb/1582257668189626368/pu/img/E650DGTaBE2oOLCF.jpg","","in","","0","0","0","https://twitter.com/SATLANTASKTG/status/1582257738372960256","1227811000415469570","SATLANTASKTG"
"1582214879054016514","Tue Oct 18 03:39:57 +0000 2022","2"," Sehat itu sendiri terbagi tiga kategori yaitu sehat secara fisik sehat secara mental dan sehat secara sosial ujar dokter Ayu. Tautan: https://t.co/ww0hVipBeU #pkspelayanrakyat #pksbatam https://t.co/JoqRAlREtW","1582214879054016514","https://pbs.twimg.com/media/FfUoC9AXwAACqmt.jpg","","in","Batam","0","0","0","https://twitter.com/pkskotabatam/status/1582214879054016514","1359773382686826499","pkskotabatam"
"1582185314491060224","Tue Oct 18 01:42:29 +0000 2022","0","Meskipun tugas negara tp rasa sosial mu lebih tinggi ke sesama tanpa pandang siapapun. Sehat selalu brimob² kebanggaan kita yg sedang bertugas di Papua","1582185314491060224","","","in","","0","0","0","https://twitter.com/DanangHanggika/status/1582185314491060224","1442090957810200579","DanangHanggika"
"1582146300971126785","Mon Oct 17 23:07:27 +0000 2022","0","Manfaat menyontek : 1. otot mata sehat 2. kreatifitas meningkat 3. Meningkatkn sosial teman 4. Nilai bagus 5. Melatih kecepatan gerak","1582146300971126785","","","in","","0","0","0","https://twitter.com/asihpriyati1/status/1582146300971126785","2191779301","asihpriyati1"
"1581934961367855105","Mon Oct 17 09:07:40 +0000 2022","0","Manfaatkan Gadget dan Media Sosial Dukung Pola Diet Demi Hidup Sehat https://t.co/QjQ5KlbXfI","1581934961367855105","","","in","","0","0","0","https://twitter.com/keponewsdotcom/status/1581934961367855105","2438141006","keponewsdotcom"
"1581923103747153920","Mon Oct 17 08:20:33 +0000 2022","2","Sehat selalu pakde semoga bantuan sosial yang dibagikan ini memberi manfaat untuk semua Sumatera Barat #BLTBBMBantuMasyarakat #BansosBBMRingankanRakyat #KPMPenyaluranBLTTepatSasaran #SukseskanKebijakanPemerintah #SubsidiBerkeadilanUntukMasaDepan https://t.co/eyFfbSK2ss","1581923103747153920","https://pbs.twimg.com/media/FfQem9fVQAAzSnw.jpg","","in","Sumatera Barat","2","0","0","https://twitter.com/AidilMadzi/status/1581923103747153920","1564555450439241729","AidilMadzi"
"1581919802956054528","Mon Oct 17 08:07:26 +0000 2022","0","Manfaat menyontek : 1. otot mata sehat 2. kreatifitas meningkat 3. Meningkatkn sosial teman 4. Nilai bagus 5. Melatih kecepatan gerak","1581919802956054528","","","in","","0","0","0","https://twitter.com/asihpriyati1/status/1581919802956054528","2191779301","asihpriyati1"
"1581914843489390593","Mon Oct 17 07:47:43 +0000 2022","0","KENAPA GUA KUDU SEANGKATAN DIKAMPUS YG GAYA ELIT PADAHAL EKONOMI SULIT. FAK SOK2AN NYURUH BERBAUR YA SAMA ANGKATAN. GUA MENYENDIRI SUPAYA MENJAGA KEUANGAN MENTAL DAN JIWA SOSIAL GUA TETAP SEHAT. SOK HIGH CLASS. PADAHAL BAYAR UKT AJA MASIH MINTA TOLONG. GO AWAY U BITXH","1581914843489390593","","","in","","0","0","0","https://twitter.com/hng_rjn/status/1581914843489390593","1282149230413414401","hng_rjn"
"1581897836093792257","Mon Oct 17 06:40:09 +0000 2022","0","Hallo #embriopeople Gimana kabar kalian semoga sehat selalu ya. Aamiin.. Buat #embriopeople yang baru bergabung di sosial media kami disini kami menyediakan berbagai Bibit/Benih Kultur Jaringan dengan kualitas terbaik tentunya. https://t.co/tV1LUjDWQ9","1581897836093792257","https://pbs.twimg.com/media/FfQHoF8VUAA5LKM.jpg","","in","Desa Sindanghayu, Kab.Cirebon","0","0","0","https://twitter.com/embriomultiagro/status/1581897836093792257","1155772787769786373","embriomultiagro"
"1581884030030868480","Mon Oct 17 05:45:17 +0000 2022","0","Sehat selalu pakde semoga bantuan sosial yang dibagikan ini memberi manfaat untuk semua Keren! #BLTBBMBantuMasyarakat #BansosBBMRingankanRakyat #KPMPenyaluranBLTTepatSasaran #SukseskanKebijakanPemerintah #SubsidiBerkeadilanUntukMasaDepan Banten https://t.co/3QsPFJZwqY","1581884030030868480","https://pbs.twimg.com/media/FfP7IlYWAAEkMJe.jpg","","in","Kota Serang, Banten","0","0","0","https://twitter.com/Kaluamar1/status/1581884030030868480","1567078266351267848","Kaluamar1"
"1581860922682798081","Mon Oct 17 04:13:28 +0000 2022","0","Kemeriahan itu tergambar dari seluruh rangkaian kegiatan mulai dari Jalan Sehat Bakti Sosial turnamen Free Fire live music dan door prize. https://t.co/qQzw5KSURn","1581860922682798081","","","in","Jakarta - Indonesia","0","0","0","https://twitter.com/mediaindonesia/status/1581860922682798081","68930552","mediaindonesia"
"1581852463031672832","Mon Oct 17 03:39:51 +0000 2022","26","UAJY berhasil menjadi Perguruan Swasta Pengelola Media Sosial TERBAIK I dalam Anugerah Kehumasan yang diselenggarakan LLDIKTI Wilayah V Tahun 2022. Terima kasih atas dukungan dari Sobat UAJY dalam pencapaian ini Salam sehat selalu! #UAJYUnggul #UAJYPrestasi #LLDIKTIV https://t.co/rCd4icvjZu","1581852463031672832","https://pbs.twimg.com/ext_tw_video_thumb/1581851956787568640/pu/img/UX1C4d-cVgcm0iui.jpg","","in","Yogyakarta | Indonesia","0","0","5","https://twitter.com/uajy/status/1581852463031672832","61089917","uajy"
"1581806568496017408","Mon Oct 17 00:37:29 +0000 2022","0","Manfaat menyontek : 1. otot mata sehat 2. kreatifitas meningkat 3. Meningkatkn sosial teman 4. Nilai bagus 5. Melatih kecepatan gerak","1581806568496017408","","","in","","0","0","0","https://twitter.com/asihpriyati1/status/1581806568496017408","2191779301","asihpriyati1"
"1581656602431483905","Sun Oct 16 14:41:34 +0000 2022","0","Walaupun hanya menonton perpisahan Pak Anis di media sosial ini tetapi saya sangat terharu. Semoga Pak Anis selalu sehat dan insha Allah nantinya bisa diterima jadi pemimpin no 1 di Negeri yang kita cintai ini. Aamiin ","1581656602431483905","","","in","Pekan Baru, Riau","0","0","0","https://twitter.com/Maferdi81/status/1581656602431483905","1319474154416947203","Maferdi81"
"1581630590109245442","Sun Oct 16 12:58:12 +0000 2022","1","sesok sangu HP 2 SIMcard 3 provider karo mental dan fisik seng bakoh. Meh muter sensus BPS bablas verval data kemiskinan karo daring sertifikasi tenaga kesejahteraan sosial. sehat sehat ya end . aku mencintaimu. ","1581630590109245442","","","in","","0","1","0","https://twitter.com/salebgram/status/1581630590109245442","1049455680","salebgram"
"1581580066735390720","Sun Oct 16 09:37:26 +0000 2022","0","Manfaat menyontek : 1. otot mata sehat 2. kreatifitas meningkat 3. Meningkatkn sosial teman 4. Nilai bagus 5. Melatih kecepatan gerak","1581580066735390720","","","in","","0","0","0","https://twitter.com/asihpriyati1/status/1581580066735390720","2191779301","asihpriyati1"
"1581520459619000321","Sun Oct 16 05:40:35 +0000 2022","0","Fakta Sebenarnya di Balik Foto Viral Nani Wijaya: ART Dipecat Direkam Sewaktu Baru Bangun Tidur: PIhak keluarga menegaskan kondisi Nani Wijaya dalam keadaan sehat tidak seperti video yang viral di media sosial. Keluarga juga jelaskan wajah Nani yang https://t.co/b38MPIZTfZ","1581520459619000321","","","in","Jakarta, Indonesia","0","0","0","https://twitter.com/Dreamcoid/status/1581520459619000321","2462686290","Dreamcoid"
"1581502740777566208","Sun Oct 16 04:30:10 +0000 2022","0","Jalan Sehat Melangkah Bersama Partai Golkar di Binjai Serentak di 558 Titik di Indonesia. Tidak hanya jalan santai DPD Partai Golkar Kota Binjai juga menggelar kegiatan lainnya seperti Senam Bersama Bakti Sosial donor darah serta berbagai hiburan https://t.co/3QO9jN3MS1","1581502740777566208","","","in","e-mail : utamanews@gmail.com","0","0","0","https://twitter.com/utamanewscom/status/1581502740777566208","1076275093","utamanewscom"
"1581353577964253186","Sat Oct 15 18:37:27 +0000 2022","0","Manfaat menyontek : 1. otot mata sehat 2. kreatifitas meningkat 3. Meningkatkn sosial teman 4. Nilai bagus 5. Melatih kecepatan gerak","1581353577964253186","","","in","","0","0","0","https://twitter.com/asihpriyati1/status/1581353577964253186","2191779301","asihpriyati1"
"1581322835867279361","Sat Oct 15 16:35:18 +0000 2022","0","Agaknya sudah harus membatasi penggunaan sosial media. Agar lebih sehat.","1581322835867279361","","","in","","0","0","0","https://twitter.com/galuhEGP/status/1581322835867279361","433851741","galuhEGP"
"1581170632179392512","Sat Oct 15 06:30:30 +0000 2022","0","Sehat selalu pakde semoga bantuan sosial yang dibagikan ini memberi manfaat untuk semua Keren! #BLTBBMBantuMasyarakat #BansosBBMRingankanRakyat #KPMPenyaluranBLTTepatSasaran #SukseskanKebijakanPemerintah #SubsidiBerkeadilanUntukMasaDepan Banten https://t.co/HOv6wQVVRL","1581170632179392512","https://pbs.twimg.com/media/FfFyT2cWQAMVL4j.jpg","","in","Kota Serang, Banten","0","0","0","https://twitter.com/Kaluamar1/status/1581170632179392512","1567078266351267848","Kaluamar1"
"1581127085837672449","Sat Oct 15 03:37:27 +0000 2022","0","Manfaat menyontek : 1. otot mata sehat 2. kreatifitas meningkat 3. Meningkatkn sosial teman 4. Nilai bagus 5. Melatih kecepatan gerak","1581127085837672449","","","in","","0","0","0","https://twitter.com/asihpriyati1/status/1581127085837672449","2191779301","asihpriyati1"
"1581033646475001856","Fri Oct 14 21:26:10 +0000 2022","0","Media sosial udah ga sehat harus banyak banyak olahraga","1581033646475001856","","","in","are colony are bro","0","0","0","https://twitter.com/hey_pampam/status/1581033646475001856","628195113","hey_pampam"
"1580986735638347776","Fri Oct 14 18:19:45 +0000 2022","0","This pentingnya orang tua yang sehat jadi anak juga sehat. Sakitnya bisa nular gak cuma dalam lingkup kecil tapi meluas. Sampai orang lain juga jadi korban. Note : keadaan yang baik secara fisik mental spiritual maupun sosial. Satu aja keganggu berarti sakit. Right?","1580986735638347776","","","in","Selective user, Cyber acc.","0","0","0","https://twitter.com/svtunning/status/1580986735638347776","1464201474360152069","svtunning"
"1580913268838711297","Fri Oct 14 13:27:49 +0000 2022","0","Ketua Dharma Wanita Persatuan (DWP) Prov Lampung Mamiyani Fahrizal bersama-sama Pengurus dan Anggota DWP Prov Lampung Bidang Sosial &amp; Budaya melaksanakan kegiatan Gerakan Masyarakat Hidup Sehat di Halaman Kantor DWP Prov Lampung Jumat (14/10/2022). https://t.co/bSGzY8opRV https://t.co/Pr2V6vJaic","1580913268838711297","https://pbs.twimg.com/media/FfCIPDvUAAATuAd.jpg","","in","","0","0","0","https://twitter.com/lampung_goid/status/1580913268838711297","1422560350382092291","lampung_goid"
"1580900598609678337","Fri Oct 14 12:37:29 +0000 2022","0","Manfaat menyontek : 1. otot mata sehat 2. kreatifitas meningkat 3. Meningkatkn sosial teman 4. Nilai bagus 5. Melatih kecepatan gerak","1580900598609678337","","","in","","0","0","0","https://twitter.com/asihpriyati1/status/1580900598609678337","2191779301","asihpriyati1"
"1580881270678380545","Fri Oct 14 11:20:40 +0000 2022","1","Ketua Dharma Wanita Persatuan (DWP) Provinsi Lampung Mamiyani Fahrizal bersama sama Pengurus dan Anggota DWP Provinsi Lampung Bidang Sosial &amp; Budaya melaksanakan kegiatan Gerakan Masyarakat Hidup Sehat (GERMAS) di Halaman Kantor DWP Provinsi Lampung Jumat (14/10/2022). https://t.co/znds3fhSo6","1580881270678380545","https://pbs.twimg.com/media/FfBrHIEaUAAN4Wq.jpg","","in","Lampung, Indonesia","0","0","0","https://twitter.com/KominfotikLpg/status/1580881270678380545","976692802477113344","KominfotikLpg"
"1580788801361784832","Fri Oct 14 05:13:14 +0000 2022","7","Komandan Kodim (Dandim) 1424/Sinjai Letkol Inf Sumardi S.E. https://t.co/MxzGLEFzzV. ikut serta meriahkan Jalan Sehat dan Bakti Sosial Di Venue Dalam Rangka Menyambut Porprov XXVII/2022 oleh Institut Agama Islam Muhammadiyah Sinjai Jumat (14/10/2022) https://t.co/7uTJWhwvD0","1580788801361784832","https://pbs.twimg.com/media/FfAXBkyVEAAMjME.jpg","","in","Sinjai Utara, Indonesia","0","1","0","https://twitter.com/1424Kodim/status/1580788801361784832","984068429538734081","1424Kodim"
"1580787340171440129","Fri Oct 14 05:07:26 +0000 2022","0","Manfaat menyontek : 1. otot mata sehat 2. kreatifitas meningkat 3. Meningkatkn sosial teman 4. Nilai bagus 5. Melatih kecepatan gerak","1580787340171440129","","","in","","0","0","0","https://twitter.com/asihpriyati1/status/1580787340171440129","2191779301","asihpriyati1"
"1580586965098909696","Thu Oct 13 15:51:13 +0000 2022","13","Arti sehat menurut WHO: suatu keadaan yg sempurna baik secara fisik mental dan sosial serta tidak hanya bebas dari penyakit atau kelemahan. Tapi kenapa psikiater gawajib ada di setiap kabupaten/ kota ya dok? (Maaf menfess sebelumnya typo) https://t.co/J0yc06t51O","1580586965098909696","https://pbs.twimg.com/media/Fe9fdqpaYAAxURz.jpg","","in","Belakang Parkiran RS","0","1","1","https://twitter.com/BaseAnakFK/status/1580586965098909696","1426471735734411266","BaseAnakFK"
"1580581996686086144","Thu Oct 13 15:31:28 +0000 2022","87","Arti sehat menurut WHO: suatu keadaan yg sempurna baik secara fisik mental dan sosial serta tidak hanya bebas dari penyakit atau kelemahan. Tapi kenapa psikiater wajib ada di setiap kabupaten/ kota dok ? https://t.co/jEv9V3L66T","1580581996686086144","https://pbs.twimg.com/media/Fe9a8c2akAAkDdk.jpg","","in","Belakang Parkiran RS","5","11","11","https://twitter.com/BaseAnakFK/status/1580581996686086144","1426471735734411266","BaseAnakFK"
"1580560850657882112","Thu Oct 13 14:07:26 +0000 2022","0","Manfaat menyontek : 1. otot mata sehat 2. kreatifitas meningkat 3. Meningkatkn sosial teman 4. Nilai bagus 5. Melatih kecepatan gerak","1580560850657882112","","","in","","0","0","0","https://twitter.com/asihpriyati1/status/1580560850657882112","2191779301","asihpriyati1"
"1580552738999783424","Thu Oct 13 13:35:12 +0000 2022","6","Teman-teman jangan rasa ada yang membekingi gunakan akal sehat agar jemarimu tidak mengantarkan ke prodeo tetap memperhatikan kaidah-kaidah hukum yang berlaku dalam bermedia sosial. https://t.co/E4xgq4nnxP","1580552738999783424","https://pbs.twimg.com/media/Fe9AVpuaEAMnXd-.jpg","","in","Kota Pekalongan, Jawa Tengah","0","0","0","https://twitter.com/Marbot_Udien/status/1580552738999783424","3827798354","Marbot_Udien"
"1580424601116737537","Thu Oct 13 05:06:02 +0000 2022","0","Pasti ini dapat info dari katanya katanya katanya yg gak jelas kebenarannya...sebagai pemerhati sosial di bio anda seharusnya mampu berpikir lebih cerdas...kritis boleh tapi jgn saking kritis mengikis akal sehat..","1580424601116737537","","","in","Pinggir Surga tepi neraka","0","0","1","https://twitter.com/ini4kunku/status/1580424601116737537","1297750216456589312","ini4kunku"
"1580395694556209153","Thu Oct 13 03:11:10 +0000 2022","0","Beda dengan urusan uang pekerjaan status sosial maka sedikit yang mau memelihara kesehatan karena tidak punya motifnya. Kebangun tidur pagiii ga niat olahraga ga mikir memilih menu sehat. berapa kali seminggu anda olahraga?","1580395694556209153","","","in","Tangerang - Banten, Indonesia","0","0","0","https://twitter.com/pusatherbalcom/status/1580395694556209153","411557062","pusatherbalcom"
"1580367356312027136","Thu Oct 13 01:18:34 +0000 2022","0","Media sosial menjadi ruang yang sudah tidak dapat terpisahkan dari kehidupan sehari-hari maka perlu strategi agar kita tetap sehat mental https://t.co/QdKMp2Nwe3","1580367356312027136","","","in","Jakarta Capital Region, Indone","0","0","0","https://twitter.com/validnewsid/status/1580367356312027136","874558344593195008","validnewsid"
"1580349743380647937","Thu Oct 13 00:08:34 +0000 2022","1","Guna mewujudkan wilayah desa binaan yang sehat Babinsa Koramil 11/Barebbo Kodim 1407/Bone Koptu Muhammad Amiruddin melaksanakan komunikasi sosial bersama bidan desa di Desa Cinnong Kecamatan Barebbo Kabupaten Bone. https://t.co/fKHvF0Fvnl","1580349743380647937","https://pbs.twimg.com/media/Fe6Hs6VUoAAjyrD.jpg","","in","","0","0","0","https://twitter.com/kodimbone/status/1580349743380647937","983530586508673025","kodimbone"
"1580334359626027008","Wed Oct 12 23:07:27 +0000 2022","0","Manfaat menyontek : 1. otot mata sehat 2. kreatifitas meningkat 3. Meningkatkn sosial teman 4. Nilai bagus 5. Melatih kecepatan gerak","1580334359626027008","","","in","","0","0","0","https://twitter.com/asihpriyati1/status/1580334359626027008","2191779301","asihpriyati1"
"1580280332842336256","Wed Oct 12 19:32:46 +0000 2022","1","Ini salah salah satu figur buat aku bukan politisi bukan mengaku ngaku hebat bak pejabat ! Seorang polisi yang memiliki jiwa sosial yang tinggi ! Salut dan ikut bangga pak @purnomo_baik Sehat selalu dan panjang umur ! Selalu jadi teladan","1580280332842336256","","","in","","0","1","0","https://twitter.com/Guard31Tony/status/1580280332842336256","1476461823465431040","Guard31Tony"
"1580225503297798144","Wed Oct 12 15:54:53 +0000 2022","0","sebenernya yg paling penting itu sehat akal pikiran jasmani rohani pinter diajak ngobrol utang negara nusa bangsa selera musik genre apa saja kesehatan olahraga bisnis sejarah ekonomi sosial politik nyambung dengan oke mah gasken.","1580225503297798144","","","in","21+","0","0","0","https://twitter.com/fenomenael/status/1580225503297798144","1498629225712357376","fenomenael"
"1580108060919750656","Wed Oct 12 08:08:13 +0000 2022","0","Bilangnya media sosial hanya makanan ringan kok serius amat sampai tega mengorbankan teman sejati untuk meraih simpati dari teman semu? kamu sehat?","1580108060919750656","","","in","Palangkaraya","0","0","0","https://twitter.com/Mariana_Kalla/status/1580108060919750656","1534752076466917377","Mariana_Kalla"
"1580107864202706944","Wed Oct 12 08:07:26 +0000 2022","0","Manfaat menyontek : 1. otot mata sehat 2. kreatifitas meningkat 3. Meningkatkn sosial teman 4. Nilai bagus 5. Melatih kecepatan gerak","1580107864202706944","","","in","","0","0","0","https://twitter.com/asihpriyati1/status/1580107864202706944","2191779301","asihpriyati1"
"1580064974461751297","Wed Oct 12 05:17:00 +0000 2022","0","Sehat selalu pakde semoga bantuan sosial yang dibagikan ini memberi manfaat untuk semua Keren! #BLTBBMBantuMasyarakat #BansosBBMRingankanRakyat #KPMPenyaluranBLTTepatSasaran #SukseskanKebijakanPemerintah #SubsidiBerkeadilanUntukMasaDepan Banten https://t.co/IXQrzXe41K","1580064974461751297","https://pbs.twimg.com/media/Fe2EuIsWAAA3lGp.jpg","","in","Kota Serang, Banten","0","0","0","https://twitter.com/Kaluamar1/status/1580064974461751297","1567078266351267848","Kaluamar1"
"1580026314525790208","Wed Oct 12 02:43:23 +0000 2022","8","Kemenkominfo ajak elit parpol ciptakan demokrasi sehat di ruang digital. Upaya kemkominfo tersebut agar masyarakat memanfaatkan media sosial untuk meningkatkan demokrasi. Yuk lebih bijaklah dalam bermedia sosial. https://t.co/PSvtLRjXhn","1580026314525790208","https://pbs.twimg.com/media/Fe1hji7VUAA_2HO.jpg","","in","Malang","0","1","4","https://twitter.com/VaniaCiprut/status/1580026314525790208","1109680953473945600","VaniaCiprut"
"1579881371476299776","Tue Oct 11 17:07:26 +0000 2022","0","Manfaat menyontek : 1. otot mata sehat 2. kreatifitas meningkat 3. Meningkatkn sosial teman 4. Nilai bagus 5. Melatih kecepatan gerak","1579881371476299776","","","in","","0","0","0","https://twitter.com/asihpriyati1/status/1579881371476299776","2191779301","asihpriyati1"
"1579871504921395200","Tue Oct 11 16:28:14 +0000 2022","0","Ayo buruan gabung dan meriahkan Jalan Sehat Bersama Partai Golkar pada Minggu 16 Oktober 2022. Untuk informasi lebih lanjut dan pendaftaran bisa langsung kunjungi media sosial Partai Golkar sesuai wilayah kalian. Pendaftaran gratissss!!! #HUTPartaiGolkar #GolkarIndonesia https://t.co/F6DM1jfgfM","1579871504921395200","https://pbs.twimg.com/ext_tw_video_thumb/1579871430421774337/pu/img/C-ocHb6cqbJOPo9E.jpg","","in","","0","0","0","https://twitter.com/AirlanggaUpdate/status/1579871504921395200","1539134636756021255","AirlanggaUpdate"
"1579795315686711307","Tue Oct 11 11:25:29 +0000 2022","0","Terima kasih JernihID untuk artikel berita terbaru ini! https://t.co/vM04W9RIOT Saat media sosial digunakan dengan tepat kreatif dan sehat maka akan banyak sisi baik yang kita dapat. https://t.co/GjhLJNnwF9","1579795315686711307","https://pbs.twimg.com/media/FeyPd0PVIAET-TQ.jpg","","in","Medan, Indonesia","0","0","0","https://twitter.com/gitsigitsantoso/status/1579795315686711307","387075020","gitsigitsantoso"
"1579792415913037824","Tue Oct 11 11:13:57 +0000 2022","1","Pentingnya membangun mekanisme koping yg sehat ditengah gempuran lingkungan sosial yg berpotensi menimbulkan gangguan mental.","1579792415913037824","","","in","Indonesia","0","0","0","https://twitter.com/bknpilihanmu/status/1579792415913037824","2739485355","bknpilihanmu"
"1579699218054524928","Tue Oct 11 05:03:37 +0000 2022","0","Seperti senam sehat yang diikuti ratusan emak-emak di Kota Bandung tersebut. Usai senam aksi sosial tetap juga dilakukan oleh para relawan Puan ini. Dengan membagikan paket sembako kepada masyarakat yang berhak. https://t.co/9OB0Rtc3pP","1579699218054524928","https://pbs.twimg.com/media/Few4EReaAAAdWXI.jpg","","in","Kota Surabaya, Jawa Timur","0","1","0","https://twitter.com/puanjawatimur/status/1579699218054524928","1525472715808702466","puanjawatimur"
"1579661272593104896","Tue Oct 11 02:32:50 +0000 2022","1","Warga Binaan Sosial Lansia Potensi maupun total care PSBI Bangun Daya 2 mengikuti kegiatan senam fisik peregangan otot dan juga berjemur agar para warga binaan dapat selalu aktif dan semangat untuk selalu hidup sehat. @DinsosDKI1 https://t.co/FU242CYvo3","1579661272593104896","https://pbs.twimg.com/media/FewVjRoUoAAM1CM.jpg","","in","Jl. Bina Marga No.48, Cipayung","0","0","0","https://twitter.com/psbibangundaya2/status/1579661272593104896","2800166454","psbibangundaya2"
"1579654877613264896","Tue Oct 11 02:07:26 +0000 2022","0","Manfaat menyontek : 1. otot mata sehat 2. kreatifitas meningkat 3. Meningkatkn sosial teman 4. Nilai bagus 5. Melatih kecepatan gerak","1579654877613264896","","","in","","0","0","0","https://twitter.com/asihpriyati1/status/1579654877613264896","2191779301","asihpriyati1"
"1579636078331367425","Tue Oct 11 00:52:43 +0000 2022","21","NasDem Jatim angkat bicara soal beredarnya istilah 'Nasdrun' di media sosial. Masyarakat diminta berdemokrasi yang sehat dan cerdas. https://t.co/z9Zjj8HJaW","1579636078331367425","","","in","","8","65","4","https://twitter.com/detikcom/status/1579636078331367425","69183155","detikcom"
"1579611752622624768","Mon Oct 10 23:16:04 +0000 2022","0","NasDem Jatim angkat bicara soal beredarnya istilah 'Nasdrun' di media sosial. Masyarakat diminta berdemokrasi yang sehat dan cerdas. https://t.co/7yMjEjyXAw","1579611752622624768","","","in","Indonesia","0","0","0","https://twitter.com/tauberitamedia/status/1579611752622624768","1520998271161831424","tauberitamedia"
"1579605753677029377","Mon Oct 10 22:52:13 +0000 2022","6","'Nasdrun' menggema di media sosial usai Nasdem mendeklarasikan Anies sebagai bakal capres 2024. PPP pun khawatir hal itu memicu politik identitas tidak sehat. https://t.co/UrRmDuB8UP","1579605753677029377","","","in","","1","6","3","https://twitter.com/detikcom/status/1579605753677029377","69183155","detikcom"
"1579527916584861696","Mon Oct 10 17:42:56 +0000 2022","1","Anies: Universal Health Coverage Jakarta Tahun 2022 Nyaris 100 Persen. Penjenamaan Rumah Sehat untuk Jakarta hadir memberi pesan kuat sekaligus ikhtiar besar untuk mewujudkan kesejahteraan sosial bagi semua warga. https://t.co/U3csAcDuh7","1579527916584861696","","","in","","0","0","0","https://twitter.com/Simanjunta9Nico/status/1579527916584861696","1460142601449840652","Simanjunta9Nico"
"1579505968987394052","Mon Oct 10 16:15:43 +0000 2022","1","menyimak update-an sosial media beberapa kolega hari ini beberapa ada yang update turahan nonton konser weekend kemaren beberapa ada yang update resik-resik omah bar kebanjiran karena udan deres terus beberapa hari ke belakang seng penting mugo-mugo tetep podo sehat kabeh","1579505968987394052","","","in","","0","0","0","https://twitter.com/tegarsatiya/status/1579505968987394052","2214119114","tegarsatiya"
"1579486600580722691","Mon Oct 10 14:58:45 +0000 2022","0","..https://t.co/RnRSz3j7BP 'Nasdrun' menggema di media sosial usai Nasdem mendeklarasikan Anies sebagai bakal capres 2024. PPP pun khawatir hal itu memicu politik identitas tidak sehat.","1579486600580722691","","","in","Indonesia","0","0","0","https://twitter.com/nabielnow/status/1579486600580722691","1163311760729706497","nabielnow"
"1579479106127036418","Mon Oct 10 14:28:58 +0000 2022","0","Definisi sehat menurut WHO gak cuma sebatas ttg fisik melainkan juga secara mental dan sosial. Oleh karena itu kesehatan mental adalah salah satu hal penting yang perlu diperhatikan. Kalau semisal ada perasaan yang dirasa mengganggu tolong bgt segera cari bantuan ahli ya!","1579479106127036418","","","in","","0","0","0","https://twitter.com/otakriuh/status/1579479106127036418","3284695512","otakriuh"
"1579469987168731136","Mon Oct 10 13:52:44 +0000 2022","0","Media Sosial Memperburuk Kesehatan Mental? | Fakta atau Mitos Hidup Sehat tvOne - Media Sosial Memperburuk Kesehatan Mental? | Fakta atau Mitos Dewasa ini penggunaan sosial media di ... https://t.co/dvqZN9o4ce","1579469987168731136","","","in","","0","1","0","https://twitter.com/kabartvOne/status/1579469987168731136","70269832","kabartvOne"
"1579443558570160128","Mon Oct 10 12:07:43 +0000 2022","3","Selamat Hari Kesehatan Mental Sedunia Kesehatan mental merupakan ukuran dari sejahteranya psikis sosial dan emosional seseorang. Jiwa yang sehat juga kunci kebahagiaan. Mari peduli sayangi dan apresiasi diri sendiri serta orang-orang terdekat kita. #WorldMentalHealthDay https://t.co/zRDFMMjTS6","1579443558570160128","https://pbs.twimg.com/media/FetPie2aYAEJEeb.jpg","","in","Indonesia","0","0","3","https://twitter.com/HumanityfirstID/status/1579443558570160128","2197085497","HumanityfirstID"
"1579428389005316096","Mon Oct 10 11:07:26 +0000 2022","0","Manfaat menyontek : 1. otot mata sehat 2. kreatifitas meningkat 3. Meningkatkn sosial teman 4. Nilai bagus 5. Melatih kecepatan gerak","1579428389005316096","","","in","","0","0","0","https://twitter.com/asihpriyati1/status/1579428389005316096","2191779301","asihpriyati1"
"1579400397634285568","Mon Oct 10 09:16:13 +0000 2022","0","#WorldMentalHealthDay Media sosial paling sehat mental jatuh kepada :","1579400397634285568","","","in","","0","0","0","https://twitter.com/txtdaririzki/status/1579400397634285568","955753823229718529","txtdaririzki"
"1579383761632124933","Mon Oct 10 08:10:06 +0000 2022","0","Sobat sehat jika berkenan mengakses pelayanan informasi publik dapat melalui meja customer service dengan jadwal pelayanan sebagai berikut. Atau secara daring dapat diakses 24 jam melalui website media sosial dan layanan hotline service https://t.co/TBJ6qQafDM","1579383761632124933","https://pbs.twimg.com/media/FesZJsIaYAEaxCi.jpg","","in","Surakarta, Jawa Tengah","0","0","1","https://twitter.com/RSJD_Surakarta/status/1579383761632124933","2714194369","RSJD_Surakarta"
"1579277030339891200","Mon Oct 10 01:06:00 +0000 2022","0","Isu sosial dan demokrasi yang sehat merupakan masalah serius kita saat ini #DemokrasiTanpaHoax https://t.co/I219JPPi4h","1579277030339891200","","","in","","0","0","0","https://twitter.com/Tuti1k/status/1579277030339891200","1512296629491027969","Tuti1k"
"1579275530230272002","Mon Oct 10 01:00:02 +0000 2022","1","Jangan lewatkan Hidup Sehat dengan tema : - Tulang Kuat di Usia Tua Cegah Osteoporosis Sejak Muda - Media Sosial Memperburuk Kesehatan Mental? Senin 10 Oktober 2022 pukul 09:00 WIB di tvOne &amp; streaming klik https://t.co/k9vOPIKXJd #HidupSehattvOne #cariberitaditvone #PromoFTA https://t.co/qdiW2Lctuc","1579275530230272002","https://pbs.twimg.com/media/Fen58fTUUAEyAog.jpg","","in","Pulo Gadung, Indonesia","0","0","0","https://twitter.com/tvOneNews/status/1579275530230272002","55507370","tvOneNews"
"1579230138272997378","Sun Oct 09 21:59:40 +0000 2022","0","Dalam rangka memperingati Hari Kesehatan Jiwa Sedunia 2022 Kementrian Sosial (Kemensos) mengusung tema 'Pulih Bersama Generasi Sehat Jiwa'. Waktu dan kesehatan adl dua aset berharga yg tdk dikenali hargailah jangan sampai keduanya hilang. Selamat Hari Kesehatan Mental Sedunia https://t.co/LIhWR1hAF2","1579230138272997378","https://pbs.twimg.com/media/FeqNcMUaUAEEvAN.jpg","","in","","0","0","0","https://twitter.com/SulistioBela/status/1579230138272997378","1045636189007441920","SulistioBela"
"1579201889044164608","Sun Oct 09 20:07:25 +0000 2022","0","Manfaat menyontek : 1. otot mata sehat 2. kreatifitas meningkat 3. Meningkatkn sosial teman 4. Nilai bagus 5. Melatih kecepatan gerak","1579201889044164608","","","in","","0","0","0","https://twitter.com/asihpriyati1/status/1579201889044164608","2191779301","asihpriyati1"
"1579087389607464960","Sun Oct 09 12:32:26 +0000 2022","5","Seberapa penting kesehatan mental untuk pekerja? Apakah freelancer juga berhak dapatkan jaminan sosial untuk jaga kesehatan mentalnya? Yuk temukan jawabannya dalam Twitter Space! Mental Sehat Pekerja Kuat besok 19:30-20:45 WIB #INFOSINDIKASI #KesehatanMental https://t.co/FIBELm8w1N","1579087389607464960","https://pbs.twimg.com/media/FeoLm5saUAA-SEF.jpg","","in","","1","1","5","https://twitter.com/SINDIKASI_/status/1579087389607464960","856438504108179456","SINDIKASI_"
"1578977643671666688","Sun Oct 09 05:16:20 +0000 2022","0","Sehat selalu pakde semoga bantuan sosial yang dibagikan ini memberi manfaat untuk semua Keren! #BLTBBMBantuMasyarakat #BansosBBMRingankanRakyat #KPMPenyaluranBLTTepatSasaran #SukseskanKebijakanPemerintah #SubsidiBerkeadilanUntukMasaDepan Banten https://t.co/sSTVRdttHw","1578977643671666688","https://pbs.twimg.com/media/FemnzIyXEAEKZn2.jpg","","in","Kota Serang, Banten","0","0","0","https://twitter.com/Kaluamar1/status/1578977643671666688","1567078266351267848","Kaluamar1"
"1578975402613084160","Sun Oct 09 05:07:26 +0000 2022","0","Manfaat menyontek : 1. otot mata sehat 2. kreatifitas meningkat 3. Meningkatkn sosial teman 4. Nilai bagus 5. Melatih kecepatan gerak","1578975402613084160","","","in","","0","0","0","https://twitter.com/asihpriyati1/status/1578975402613084160","2191779301","asihpriyati1"
"1578753468222738433","Sat Oct 08 14:25:33 +0000 2022","0","Hari makin ke hari banyak banget ya masalah sosial yang meningkat. I think I should ngelakuin information diet. Sehat sehat semuanyaaa ","1578753468222738433","","","in","she/her | ファ","0","0","0","https://twitter.com/naturalisctic/status/1578753468222738433","1242797219352199168","naturalisctic"
"1578748909190381569","Sat Oct 08 14:07:26 +0000 2022","0","Manfaat menyontek : 1. otot mata sehat 2. kreatifitas meningkat 3. Meningkatkn sosial teman 4. Nilai bagus 5. Melatih kecepatan gerak","1578748909190381569","","","in","","0","0","0","https://twitter.com/asihpriyati1/status/1578748909190381569","2191779301","asihpriyati1"
"1578740304798044161","Sat Oct 08 13:33:14 +0000 2022","0","Kursus Dukungan Psikologis Awal Oleh Deus Caritas Est @komsoskaj &amp; @GerejaKAJ: https://t.co/hH1BlLmeEx #Krisis #meditasi #Gereja #stres #trauma #PTSD #mental #Yesus #Kristus #Kasih #Sosial #Peduli #Katolik #Sahabat #Jiwa #Webinar #sehat #Jasmani #Rohani #psikolog #kursus","1578740304798044161","","","in","","0","0","0","https://twitter.com/AstridYogini/status/1578740304798044161","46363812","AstridYogini"
"1578738239938392065","Sat Oct 08 13:25:02 +0000 2022","7","PARPOL YG MAMPU MEMILAH DENGAN OBJEKTIF DAN AKAL SEHAT TENTU TIDAK MENGABAIKAN REALITA SOSIAL DALAM MEMILIH CALON https://t.co/YeHpEvq1Fg","1578738239938392065","https://pbs.twimg.com/media/FejODWmagAMFnOs.jpg","","in","Indonesian","0","0","1","https://twitter.com/Bons631/status/1578738239938392065","1347319305646456839","Bons631"
"1578701873422696448","Sat Oct 08 11:00:32 +0000 2022","0","Tetap sehat jasmani dan rohani Tetap tenang dalam kancah media sosial Tetap senyum melihat jungkir balik politik. Tetap ramah pada sikap bocah bocah yg lagi semangat2 beropini dan berargumen. Kendalikan diri tetap fokus NKRI yg aman damai buat siapapun https://t.co/Qb9J7dKee9","1578701873422696448","https://pbs.twimg.com/media/Feis_I4VIAA7KQD.jpg","","in","","0","0","0","https://twitter.com/S10Teguh/status/1578701873422696448","1544959322610081792","S10Teguh"
"1578593502510092288","Sat Oct 08 03:49:54 +0000 2022","0","Sehat selalu pakde semoga bantuan sosial BLT yang dibagikan ini memberi manfaat untuk semua Keren! #BLTBBMBantuMasyarakat #BansosBBMRingankanRakyat #KPMPenyaluranBLTTepatSasaran #SukseskanKebijakanPemerintah #SubsidiBerkeadilanUntukMasaDepan Kalimantan Utara https://t.co/xxrOKh5yEA","1578593502510092288","https://pbs.twimg.com/media/FehKa0faMAISqSB.jpg","","in","Provinsi Kalimantan Utara","0","0","0","https://twitter.com/Inocantiksekali/status/1578593502510092288","1541410854033567744","Inocantiksekali"
"1578589811526582280","Sat Oct 08 03:35:14 +0000 2022","0","Sehat selalu pakde semoga bantuan sosial yang dibagikan ini memberi manfaat untuk semua Keren! #BLTBBMBantuMasyarakat #BansosBBMRingankanRakyat #KPMPenyaluranBLTTepatSasaran #SukseskanKebijakanPemerintah #SubsidiBerkeadilanUntukMasaDepan Banten https://t.co/uMZrZikrjX","1578589811526582280","https://pbs.twimg.com/media/FehHEUjX0AA9dox.jpg","","in","Kota Serang, Banten","0","0","0","https://twitter.com/Kaluamar1/status/1578589811526582280","1567078266351267848","Kaluamar1"
"1578522421401096192","Fri Oct 07 23:07:27 +0000 2022","0","Manfaat menyontek : 1. otot mata sehat 2. kreatifitas meningkat 3. Meningkatkn sosial teman 4. Nilai bagus 5. Melatih kecepatan gerak","1578522421401096192","","","in","","0","0","0","https://twitter.com/asihpriyati1/status/1578522421401096192","2191779301","asihpriyati1"
"1578320164524695552","Fri Oct 07 09:43:45 +0000 2022","0","Sebenernya ga enaknya sakit itu pasti lebih banyak ngerepotin meskipun sehat juga pasti ada repot nya. Namanya aja makhluk sosial. Tapiiii kesannya itu lho yg beda.","1578320164524695552","","","in","","0","0","0","https://twitter.com/nabilahaymm/status/1578320164524695552","1443342936","nabilahaymm"
"1578295924841119744","Fri Oct 07 08:07:26 +0000 2022","0","Manfaat menyontek : 1. otot mata sehat 2. kreatifitas meningkat 3. Meningkatkn sosial teman 4. Nilai bagus 5. Melatih kecepatan gerak","1578295924841119744","","","in","","0","0","0","https://twitter.com/asihpriyati1/status/1578295924841119744","2191779301","asihpriyati1"
"1578202751053762560","Fri Oct 07 01:57:12 +0000 2022","0","Hai Inovers ! Meskipun lg rame soal Ronaldo Kita mau kasih info menarik nih soal RME yg merupakan sistem informasi kesehatan terkomputerisasi yg berisi data medis pasien. Sebarkan info ini di sosial media kalian. Salam sehat semuanya. #RME #rekammediselektronik #digital #simrs https://t.co/puH7PszIXw","1578202751053762560","https://pbs.twimg.com/media/Febm_VEaYAAX6os.jpg","","in","Bandung","0","1","0","https://twitter.com/inova_medika/status/1578202751053762560","2955725028","inova_medika"
"1578202144951668737","Fri Oct 07 01:54:47 +0000 2022","724","Ada gejala yang tidak sehat pada beberapa ilmuwan sosial di Indonesia yaitu kecenderungan menggunakan analisis semiotik secara tidak proporsional. Pada akhirnya menuntun ilmu sosial lebih banyak berbicara hal-hal superfisial dan mungkin juga trivial. https://t.co/ftThLuL5Qh","1578202144951668737","","","in","Yogyakarta, Indonesia","89","10","200","https://twitter.com/antinomidotorg/status/1578202144951668737","955811397878800386","antinomidotorg"
"1578197881835892736","Fri Oct 07 01:37:51 +0000 2022","0","membandingkan teori sosial dengan psikologi klinis dalam mengatasi keadaan sulit ... Cukup menarik sudut pandangnya satunya mendesak untuk mengubah sistem sosial satu yang terakhir meminta Individu untuk beradaptasi dan hidup sehat Mana yang dipilih?","1578197881835892736","","","in","Jawa Tengah, Indonesia","0","0","0","https://twitter.com/abjadrakjad/status/1578197881835892736","1425998345458180097","abjadrakjad"
"1578069434023161856","Thu Oct 06 17:07:26 +0000 2022","0","Manfaat menyontek : 1. otot mata sehat 2. kreatifitas meningkat 3. Meningkatkn sosial teman 4. Nilai bagus 5. Melatih kecepatan gerak","1578069434023161856","","","in","","0","0","0","https://twitter.com/asihpriyati1/status/1578069434023161856","2191779301","asihpriyati1"
"1577973124192428033","Thu Oct 06 10:44:44 +0000 2022","2","Peringatan Hari Kesehatan Jiwa Sedunia 6 Oktober 2022 Pulih Bersama Generasi Sehat Jiwa di Sentra Terpadu Pangudiluhur yg dihadiri oleh Menteri Sosial RI Sekda Kota Bekasi Kadinsos Kadisdukcapil dan Kadinkes Kota Bekasi @mas_triadhianto @humasbekasikota @KominfoBekasi https://t.co/cfiEoTbZRO","1577973124192428033","https://pbs.twimg.com/media/FeYWK5jaYAAm-4v.jpg","","in","Bekasi Timur, Indonesia","0","0","0","https://twitter.com/DinsosBekasi/status/1577973124192428033","753071312482873344","DinsosBekasi"
"1577889205984047104","Thu Oct 06 05:11:17 +0000 2022","1","Makan siang hari ini 4 sehat 5 keadilan sosial bagi seluruh rakyat indonesia","1577889205984047104","","","in","Bandung, Jawa Barat","0","0","0","https://twitter.com/tegarbuana2/status/1577889205984047104","996690582436130817","tegarbuana2"
"1577842940231421952","Thu Oct 06 02:07:26 +0000 2022","0","Manfaat menyontek : 1. otot mata sehat 2. kreatifitas meningkat 3. Meningkatkn sosial teman 4. Nilai bagus 5. Melatih kecepatan gerak","1577842940231421952","","","in","","0","0","0","https://twitter.com/asihpriyati1/status/1577842940231421952","2191779301","asihpriyati1"
"1577835719229259777","Thu Oct 06 01:38:44 +0000 2022","49","Bianco nanti akan mengalami perkembangan sosial emosi dan bahasa yg cepat. Interaksinya dg byk orang memberi byk stimuli bagi tumbuh kembangnya. Sehat selalu ya nak. Semoga tim #ikatancinta bisa menjaga loksyut spy ramah anak2.","1577835719229259777","","","in","","0","1","2","https://twitter.com/DoritisB/status/1577835719229259777","1380544529435004936","DoritisB"
"1577828807004033024","Thu Oct 06 01:11:16 +0000 2022","0","Kalau agama dijual dengan hukum sosial akan ribet. Banyak tuntutan. Maka disyiarkan lewat logika sehat imbuh Gus Baha. https://t.co/n0KPcBU8do","1577828807004033024","","","in","","0","0","0","https://twitter.com/bapakbagus4/status/1577828807004033024","1317787738423193601","bapakbagus4"
"1577791028391981057","Wed Oct 05 22:41:09 +0000 2022","0","Guna meminimalisir penyebaran berita Hoax dalam rangka terwujud ruang digital yang sehat dan berkeadilan masyarakat harus bijak dalam menggunakan sosial media Ikut Sukseskan KTT G20 Kominfo Denpasar Ajak Masyarakat Perangi Hoax @kemkominfo @PlateJohnny https://t.co/jKm00zBEeK https://t.co/P4hPcpGcXp","1577791028391981057","https://pbs.twimg.com/media/FeVwLosagAA_RZd.jpg","","in","DKI Jakarta, Indonesia","0","0","0","https://twitter.com/vianicantiq/status/1577791028391981057","1235944141554515972","vianicantiq"
"1577705476091187201","Wed Oct 05 17:01:12 +0000 2022","0","Semua sosial media semua berita isinya lagi kegaduhan semua.... Pusing liatnya harus puasa sosmed dulu keknya... Gak sehat.","1577705476091187201","","","in","","0","0","0","https://twitter.com/dwiki3945/status/1577705476091187201","3039613961","dwiki3945"
"1577686457539502081","Wed Oct 05 15:45:38 +0000 2022","0","Ketua LKKS Pasbar Titi Hamsuardi Bersama Dinas Sosial Serahkan Bantuan jamban Sehat Untuk Warga Nagari Persiapan Mahakarya https://t.co/puk4StLDcN","1577686457539502081","","","in","Indonesia","0","0","0","https://twitter.com/ekspresnews/status/1577686457539502081","884316721","ekspresnews"
"1577665178618863616","Wed Oct 05 14:21:04 +0000 2022","0","Wrwrwr gara2 topik sehat ini apa iya kita bener2 sehat yg well-being wkwkwk. Ya mungkin fisik iya spritual boleh lah. Mental mungkin sedikit terusik intelektual ya so so. Sosial hmmm boleh lah. Emang yee sehat itu luas bgt","1577665178618863616","","","in","","0","0","0","https://twitter.com/Sun_tawan_/status/1577665178618863616","1315831998875750400","Sun_tawan_"
"1577616446578118657","Wed Oct 05 11:07:26 +0000 2022","0","Manfaat menyontek : 1. otot mata sehat 2. kreatifitas meningkat 3. Meningkatkn sosial teman 4. Nilai bagus 5. Melatih kecepatan gerak","1577616446578118657","","","in","","0","0","0","https://twitter.com/asihpriyati1/status/1577616446578118657","2191779301","asihpriyati1"
"1577541940610203648","Wed Oct 05 06:11:22 +0000 2022","0","Army Indonesia Luar Biasa. Salute Krn dgn menumbuhkan kebaikan sosial sprti ini akan tumbuh kebaikan² lainnya shingga dpt mengantarkn generasi yg sllu membawa manfaat bg semua. Thanks utk para base ARMY di Kota manapun yg sdh ikut mmbantu. Smg kalian semua sllu sehat Amin. https://t.co/JtvX8dytWS","1577541940610203648","https://pbs.twimg.com/media/FeSOCM2aAAEoTks.jpg","","in","ℭιяۼвση, ⦕ ĵαωα Ƀαᴚαт ™ ⦖","0","0","0","https://twitter.com/roman_paqr/status/1577541940610203648","3103394935","roman_paqr"
"1577503204518293504","Wed Oct 05 03:37:27 +0000 2022","0","Manfaat menyontek : 1. otot mata sehat 2. kreatifitas meningkat 3. Meningkatkn sosial teman 4. Nilai bagus 5. Melatih kecepatan gerak","1577503204518293504","","","in","","0","0","0","https://twitter.com/asihpriyati1/status/1577503204518293504","2191779301","asihpriyati1"
"1577499448783286272","Wed Oct 05 03:22:31 +0000 2022","0","sehat jiwa itu apa sih? Kesehatan jiwa itu adalah kondisi seseorang yang berkembang secara fisik mental sosial dan spiritual sehingga seseorang itu menyadari kemampuan sendiri produktif dapat mengatasi tekanan. #AksiHKJS2022 #JiwaSehatIndonesiaPulih","1577499448783286272","","","in","Jakarta Capital Region","0","0","0","https://twitter.com/FenniBungsu/status/1577499448783286272","124664418","FenniBungsu"
"1577498868790358016","Wed Oct 05 03:20:13 +0000 2022","0","Orang yang sehat jiwa harus dapat berkembang secara fisik mental spritual &amp; sosial sehingga dapat mengatasi tekanan bekerja produktif dan memberika distribusi pada lingkungan sekitar #AksiHKJS2022 #JiwaSehatIndonesiaPulih https://t.co/baGqJ0ZzjJ","1577498868790358016","https://pbs.twimg.com/media/FeRm21yUUAALgWA.jpg","","in","DKI Jakarta, Indonesia","0","0","0","https://twitter.com/dariwulan23/status/1577498868790358016","1246441077856321536","dariwulan23"
"1577498828684787712","Wed Oct 05 03:20:03 +0000 2022","0","Pemateri kali ini adalah dr Agung Frijanto Tema ttg Pulih Bersama Generasi Sehat Jiwa. Kesehatan Jiwa adl kondisi dpt berkembang secara fisik mental spiritual dan sosial #AksiHKJS2022 #JiwaSehatIndonesiaPulih https://t.co/28pt65ZXyQ","1577498828684787712","https://pbs.twimg.com/media/FeRmzXnaEAA6H3w.jpg","","in","Indonesia","0","0","0","https://twitter.com/litachanlai2/status/1577498828684787712","2568370352","litachanlai2"
"1577498744198922241","Wed Oct 05 03:19:43 +0000 2022","0","Emang apa sih yang dimaksud sehat jiwa itu? Nih yaa kesehatan jiwa itu adalah kondisi dimana kita bisa berkembang secara fisik mental spiritual dan sosial #AksiHKJS2022 #JiwaSehatIndonesiaPulih","1577498744198922241","","","in","Bekasi","0","0","0","https://twitter.com/katanatara/status/1577498744198922241","941887008854573056","katanatara"
"1577498661260783617","Wed Oct 05 03:19:24 +0000 2022","1","Dr. Agung Frijanto SpKJ MHm Menyampaikan hal tentang seseorang yang sehat termasuk sehat jiwa baik secara fisik mental spiritual &amp; sosial. #AksiHKJS2022 #JiwaSehatIndonesiaPulih https://t.co/qZ3KvyDdjM","1577498661260783617","https://pbs.twimg.com/media/FeRmosEUcAAMzM-.jpg","","in","","0","0","0","https://twitter.com/ednadus/status/1577498661260783617","147881994","ednadus"
"1577498565488021504","Wed Oct 05 03:19:01 +0000 2022","0","Orang yg sehat jiwa adalah orang yg dpt berkembang secara fisik mental spiritual &amp; sosial #AksiHKJS2022 #JiwaSehatIndonesiaPulih https://t.co/qVEBbb0inY","1577498565488021504","https://pbs.twimg.com/media/FeRmXeBaUAEqaTh.jpg","","in","","0","0","0","https://twitter.com/bunda3f/status/1577498565488021504","1256216068588277760","bunda3f"
"1577498485255213056","Wed Oct 05 03:18:42 +0000 2022","0","hadir juga nih dr Agung Frijanto SpKJ MH mengatakan bahwa orang yg sehat jiwa dpt berkembang secara fisik mental sosial dan spritual juga #AksiHKJS2022 #JiwaSehatIndonesiaPulih https://t.co/q4LvYKY8kR","1577498485255213056","https://pbs.twimg.com/media/FeRmgGFakAEx85K.jpg","","in","Jakarta ","0","0","0","https://twitter.com/teeadnu/status/1577498485255213056","630979148","teeadnu"
"1577464903807692800","Wed Oct 05 01:05:15 +0000 2022","0","Manusia makhluk sosial sih tapi kalo gua mau bersosialisasi di lingkungan yang ga sehat ya buat apa? Mental gua yang kena yang ada.","1577464903807692800","","","in","caratland","0","0","0","https://twitter.com/cheoljpg/status/1577464903807692800","1277968418847592459","cheoljpg"
"1577279997093371904","Tue Oct 04 12:50:30 +0000 2022","2","Dinas Sosial Kabupaten Bekasi Mengucapkan : Wilujeng Milangkala Kang Emil (Gubernur Jawa Barat) Semoga Panjang Usia Sehat Jiwa Raga Semakin Bijaksana Dan Terus Memberi Inspirasi &amp; Manfaat Bagi Wargi Jawa Barat Untuk Mewujudkan Jabar Juara Lahir Batin #ridwankamil https://t.co/3tYiUb0oFk","1577279997093371904","https://pbs.twimg.com/media/FeOfvzpVUAEPIV9.jpg","","in","","0","0","0","https://twitter.com/dinsos_bkskab/status/1577279997093371904","1420936360924307457","dinsos_bkskab"
"1577276722357030913","Tue Oct 04 12:37:29 +0000 2022","0","Manfaat menyontek : 1. otot mata sehat 2. kreatifitas meningkat 3. Meningkatkn sosial teman 4. Nilai bagus 5. Melatih kecepatan gerak","1577276722357030913","","","in","","0","0","0","https://twitter.com/asihpriyati1/status/1577276722357030913","2191779301","asihpriyati1"
"1577254256973086720","Tue Oct 04 11:08:13 +0000 2022","2","ga salah masuk fandom yg jiwa sosial nya tinggi bngt setiap ada musibah pasti garcep buat open donasi bkn hanya uang tpi nyiapin team hukum + psikologi sekaligus Keren banget emang thanks buat army &amp; orng² baik yg udh ikut berdonasi semoga sehat selalu ","1577254256973086720","","","in","","0","0","0","https://twitter.com/taeismybae20_/status/1577254256973086720","1394553475510374408","taeismybae20_"
"1577227751911616512","Tue Oct 04 09:22:54 +0000 2022","10","Ada sunatullah pada kehidupan sosial. Ketika gelombang kedzaliman sudah sampai ke tepi akal sehat dan nurani maka akan terjadi gelombang balik yg bisa meluluhlantakkan segala hingga sampai terbentuk keseimbangan baru.","1577227751911616512","","","in","Solo-Samarinda INDONESIA","1","1","9","https://twitter.com/AidulFa/status/1577227751911616512","873663181","AidulFa"
"1577215739240468480","Tue Oct 04 08:35:10 +0000 2022","0","Demi apapun gua bangga sama fandom gw sendiri mereka orang2 baik dan berjiwa sosial sehat dan bahagia ya Armyy ","1577215739240468480","","","in","HOME","3","0","0","https://twitter.com/snmygii/status/1577215739240468480","1525763391142342656","snmygii"
"1577194337825218563","Tue Oct 04 07:10:07 +0000 2022","1"," Info Lowongan Kerja We are hiring - Marketing Online - Kasir Kualifikasi Marketing Online : - Wanita - Usia max 25 thn - Pendidikan min. SMA / SMK sederajat - Sehat jasmani dan rohani - Belum menikah - Mampu bekerja dalam tim - Dapat membuat konten media sosial https://t.co/o0DsHphwlQ","1577194337825218563","https://pbs.twimg.com/media/FeNRwsaVIAEdcE3.jpg","","in","Bekasi, Jawa Barat","0","1","0","https://twitter.com/histeelindo/status/1577194337825218563","1044533100","histeelindo"
"1577164214946656261","Tue Oct 04 05:10:25 +0000 2022","1","Dikantor gue ada yg Obes. Dia lagi usaha buat nurunin BB. Mulai bawa bekel sehat sendiri.. Reaksi kebanyakan orang; widih gaya bangetttt dah ah..diet ya lo? ngapain dah.. nyiksa diri.. Lalu dia malu bawa bekel lagi. Reaksi sosial itu ngaruh ya ke mental orang ","1577164214946656261","","","in","","0","1","0","https://twitter.com/OvienggaAr/status/1577164214946656261","368933395","OvienggaAr"
"1577163460689145857","Tue Oct 04 05:07:25 +0000 2022","0","Manfaat menyontek : 1. otot mata sehat 2. kreatifitas meningkat 3. Meningkatkn sosial teman 4. Nilai bagus 5. Melatih kecepatan gerak","1577163460689145857","","","in","","0","0","0","https://twitter.com/asihpriyati1/status/1577163460689145857","2191779301","asihpriyati1"
"1577131201177202688","Tue Oct 04 02:59:14 +0000 2022","1","Hai Pagiii Inovers ! Dlm memasuki musim pancaroba penyakit sgt rentan menyerang tubuh kita. Nah kita kasih beberapa tips utk jaga kesehatan. Moga bs bermanfaat. Sebarkan info ini di sosial media kalian. Salam sehat semuanya. #sehatalainovers #digital #simrs #inovamedika https://t.co/bhrupbQNbC","1577131201177202688","https://pbs.twimg.com/ext_tw_video_thumb/1577130481044578305/pu/img/MkKn16w5GznegEBT.jpg","","in","Bandung","0","0","0","https://twitter.com/inova_medika/status/1577131201177202688","2955725028","inova_medika"
"1577117500944584705","Tue Oct 04 02:04:48 +0000 2022","0","PRESIDENKU nomer 1 yang sederhana didunia ini...semoga sehat selalu dan dia selalu tetep membantu orang lain namun dibelakangnya banyak yang menyalah gunakan dana bantuan SOSIAL atau Dana COVID 19 tersebut https://t.co/5iTb03WdJY","1577117500944584705","https://pbs.twimg.com/media/FeMLYGgaUAECnbE.jpg","","in","","0","0","0","https://twitter.com/CRonyKusumaSE1/status/1577117500944584705","1568494104899895296","CRonyKusumaSE1"
"1577108161785344000","Tue Oct 04 01:27:41 +0000 2022","0","Mudah mudahan sehat kembali Bantu ade ini sembuh lgi #Bantusesama #gotongroyong #salingbantu #bantusosial #salingjaga #tolongmenolong #relawan #paradermawan #OrangBaik #Sosial https://t.co/RdOGy84Y2R","1577108161785344000","","","in","","0","0","0","https://twitter.com/YuliAst99943908/status/1577108161785344000","1577103662186319872","YuliAst99943908"
"1576936970781331456","Mon Oct 03 14:07:26 +0000 2022","0","Manfaat menyontek : 1. otot mata sehat 2. kreatifitas meningkat 3. Meningkatkn sosial teman 4. Nilai bagus 5. Melatih kecepatan gerak","1576936970781331456","","","in","","0","0","0","https://twitter.com/asihpriyati1/status/1576936970781331456","2191779301","asihpriyati1"
"1576862401387167744","Mon Oct 03 09:11:07 +0000 2022","0","Beda dengan urusan uang pekerjaan status sosial maka sedikit yang mau memelihara kesehatan karena tidak punya motifnya. Kebangun tidur pagiii ga niat olahraga ga mikir memilih menu sehat. berapa kali seminggu anda olahraga?","1576862401387167744","","","in","Tangerang - Banten, Indonesia","0","0","0","https://twitter.com/pusatherbalcom/status/1576862401387167744","411557062","pusatherbalcom"
"1576793399818014721","Mon Oct 03 04:36:56 +0000 2022","0","Sehat selalu pakde semoga bantuan sosial yang dibagikan ini memberi manfaat untuk semua #BLTBBMBantuMasyarakat #BansosBBMRingankanRakyat #KPMPenyaluranBLTTepatSasaran #SukseskanKebijakanPemerintah #SubsidiBerkeadilanUntukMasaDepan Lampung News","1576793399818014721","","","in","","0","0","0","https://twitter.com/SiputLpg/status/1576793399818014721","1566752552934207489","SiputLpg"
"1576780499669815297","Mon Oct 03 03:45:40 +0000 2022","2","Sehat selalu pakde semoga bantuan sosial yang dibagikan ini memberi manfaat untuk masyarakat Bengkulu #BLTBBMBantuMasyarakat #BansosBBMRingankanRakyat #KPMPenyaluranBLTTepatSasaran #SukseskanKebijakanPemerintah #SubsidiBerkeadilanUntukMasaDepan https://t.co/V0tQagIuGj","1576780499669815297","https://pbs.twimg.com/media/FeHZgepUAAIDUQj.jpg","","in","Bengkulu, Indonesia","0","0","0","https://twitter.com/rischas9/status/1576780499669815297","1045130483577679872","rischas9"
"1576710479057408001","Sun Oct 02 23:07:26 +0000 2022","0","Manfaat menyontek : 1. otot mata sehat 2. kreatifitas meningkat 3. Meningkatkn sosial teman 4. Nilai bagus 5. Melatih kecepatan gerak","1576710479057408001","","","in","","0","0","0","https://twitter.com/asihpriyati1/status/1576710479057408001","2191779301","asihpriyati1"
"1576703942825693184","Sun Oct 02 22:41:28 +0000 2022","0","Ngerasa ga sehat banget buja sosial media akhir-akhir ini tapi kalo gabuka sosmed ya gue ngapain di kamar masa diem doang","1576703942825693184","","","in","","0","0","0","https://twitter.com/nanikynf/status/1576703942825693184","3284498592","nanikynf"
"1576642392836358144","Sun Oct 02 18:36:53 +0000 2022","0","warning: to much information! ur head will explode if u r still keep watch this keriuhan di sosial mediaaaa. ada yg nyalahin nanem maju soal korban jiwa prank polisi soal ini soal itu makin kaga sehat ae ni sosmed. udahmah emyu kalah di derbi. babiiii.","1576642392836358144","","","in","","0","0","0","https://twitter.com/sobagus2/status/1576642392836358144","1086143054774300672","sobagus2"
"1576483986846912512","Sun Oct 02 08:07:26 +0000 2022","0","Manfaat menyontek : 1. otot mata sehat 2. kreatifitas meningkat 3. Meningkatkn sosial teman 4. Nilai bagus 5. Melatih kecepatan gerak","1576483986846912512","","","in","","0","0","0","https://twitter.com/asihpriyati1/status/1576483986846912512","2191779301","asihpriyati1"
"1576479641149112321","Sun Oct 02 07:50:10 +0000 2022","0","Belakangan ramai diperbincangkan di media sosial tentang tren rutinitas skincare (perawatan kulit) malam yang dinilai dapat membuat kulit lebih sehat. https://t.co/1vpXrgQKGD","1576479641149112321","","","in","Jakarta","0","0","0","https://twitter.com/De_Liput/status/1576479641149112321","1576197329626943488","De_Liput"
"1576257497555689472","Sat Oct 01 17:07:27 +0000 2022","0","Manfaat menyontek : 1. otot mata sehat 2. kreatifitas meningkat 3. Meningkatkn sosial teman 4. Nilai bagus 5. Melatih kecepatan gerak","1576257497555689472","","","in","","0","0","0","https://twitter.com/asihpriyati1/status/1576257497555689472","2191779301","asihpriyati1"
"1576205538295439361","Sat Oct 01 13:40:59 +0000 2022","0","Oktober semoga CoE aing terbit segera terbang ke sana kerjaan lancar hubungan sosial lancar banyak duit sehat &amp; bahagia sampai selama-lamanyaaa ","1576205538295439361","","","in","","0","0","0","https://twitter.com/chikapoapo/status/1576205538295439361","1338773932996919297","chikapoapo"
"1576165382247043073","Sat Oct 01 11:01:25 +0000 2022","16","Kaget juga tadi ada sejawat minta foto... Dok boleh foto yaa selama ini sering lihat di media sosial sy petugas kesehatan haji 2017 dok... Setelah selesai foto sy tanya maaf dokter tugas dimana? Kendari dok... Moga senantiasa sehat Aamiin Yaa Allah..","1576165382247043073","","","in","","0","2","0","https://twitter.com/nirwan_anestesi/status/1576165382247043073","103910267","nirwan_anestesi"
"1576030999372529664","Sat Oct 01 02:07:26 +0000 2022","0","Manfaat menyontek : 1. otot mata sehat 2. kreatifitas meningkat 3. Meningkatkn sosial teman 4. Nilai bagus 5. Melatih kecepatan gerak","1576030999372529664","","","in","","0","0","0","https://twitter.com/asihpriyati1/status/1576030999372529664","2191779301","asihpriyati1"
"1575998932575846401","Sat Oct 01 00:00:00 +0000 2022","0","Pemerintah Provinsi Papua melalui Dinas Komunikasi dan Informatika setempat terus mendorong adanya komunitas masyarakat peduli dengan literasi digital sehingga memberikan edukasi kepada masyarakat bagaimana bermain sosial media yang sehat #DOBUntukKemajuanPapua #LawanOPM https://t.co/OfKTe2KPgA","1575998932575846401","https://pbs.twimg.com/media/Fd726_5UcAA-fNG.jpg","","in","South Sulawesi, Indonesia","0","0","0","https://twitter.com/Dyyaa___/status/1575998932575846401","1556997801460269058","Dyyaa___"
