"conversation_id_str","created_at","favorite_count","full_text","id_str","image_url","in_reply_to_screen_name","lang","location","quote_count","reply_count","retweet_count","tweet_url","user_id_str","username"
"1300107729629925376","Sun Aug 30 16:26:52 +0000 2020","0","Dari Anjay sampe urusan Live Media sosial jadi perkara. Huh. Bapak bapak pejabat pada sehat?","1300107729629925376","","","in","","0","0","0","https://twitter.com/siipanjul_/status/1300107729629925376","2533341668","siipanjul_"
"1300103314281963520","Sun Aug 30 16:09:19 +0000 2020","0","Selamat tinggal hingar bingar kerusuhan informasi di sosial media saya hibernasi dulu Sampai bertemu minggu depan semoga semuanya sehat dan bahagia selalu aamiin Selamat malam","1300103314281963520","","","in","Depok 🔛 Bandung","0","0","0","https://twitter.com/rai_dhan/status/1300103314281963520","149369326","rai_dhan"
"1300075138038235136","Sun Aug 30 14:17:21 +0000 2020","0","MALAM SOBAT SEHAT! QnA Malam ini adalah mengenai Penggunaan THERMOGUN. Topik Tentang Penggunaan Thermogun sempat Viral di Sosialmedia Nah berikut klarifikasinya . . . Yukk ikuti media sosial kami untuk mendapatkan https://t.co/7VnLMB9CDx","1300075138038235136","","","in","Jl. Janti Barat no. 88, Sukun","0","1","0","https://twitter.com/janticare/status/1300075138038235136","1294491727311470592","janticare"
"1300027312772059136","Sun Aug 30 11:07:19 +0000 2020","0","Manfaat menyontek : 1. otot mata sehat 2. kreatifitas meningkat 3. Meningkatkn sosial teman 4. Nilai bagus 5. Melatih kecepatan gerak","1300027312772059136","","","in","","0","0","0","https://twitter.com/asihpriyati1/status/1300027312772059136","2191779301","asihpriyati1"
"1299983911334809600","Sun Aug 30 08:14:51 +0000 2020","0","Goodlocking Kaya Keluarga Harmonis Sehat Kehidupan sosial baik punya kerjaan dan karir bagus masih insekyur juga buat apa dah ...","1299983911334809600","","","in","Region Jakarta","0","0","0","https://twitter.com/BenCris231/status/1299983911334809600","1957872056","BenCris231"
"1299954406549385223","Sun Aug 30 06:17:37 +0000 2020","0","this. during this pandemic and hard times jangan lupa aware ttg mental health yak ! jan melulu mikirin fisik dan jaga fisik aja hehehe. yang dikatakan sehat itu mencakup 3 aspek. sehat fisik sehat mental dan sehat sosial. stay safe and healthyyy !!!","1299954406549385223","","","in","","0","0","1","https://twitter.com/gayoyayoyi/status/1299954406549385223","73844693","gayoyayoyi"
"1299888648385687553","Sun Aug 30 01:56:19 +0000 2020","0","Ketika SEHAT itu tak cuma tentang Tubuh tapi juga berkaitan dengan Mental dan Sosial Begitu pun dengan Kecantikan ala Sweden ato cantik versi Oriflamers gak melulu tentang kecantikan secara fisik atau melihat https://t.co/8itdd83DMl","1299888648385687553","","","in","indonesia","0","0","0","https://twitter.com/margarethawirda/status/1299888648385687553","81115419","margarethawirda"
"1299866609981493248","Sun Aug 30 00:28:44 +0000 2020","0","INDONESIA SOS...!!! Tanpa pandemi negeri ini sdh rusuh skrg Pilkada mau tetap diadakan. Komplit sudah Krisis Kesehatan Ekonomi Sosial-Budaya Ideologi dsbnya membuat kompilasi 4 Tidak Sehat 5 Tidak https://t.co/k878sGRQVz","1299866609981493248","","","in","","0","0","0","https://twitter.com/adioranan/status/1299866609981493248","203128951","adioranan"
"1299800816472137728","Sat Aug 29 20:07:18 +0000 2020","0","Manfaat menyontek : 1. otot mata sehat 2. kreatifitas meningkat 3. Meningkatkn sosial teman 4. Nilai bagus 5. Melatih kecepatan gerak","1299800816472137728","","","in","","0","0","0","https://twitter.com/asihpriyati1/status/1299800816472137728","2191779301","asihpriyati1"
"1299714124947972102","Sat Aug 29 14:22:49 +0000 2020","0","Selamat Malam Semoga sehat selalu sahabat RSDKC RSU Dadi Keluarga Ciamis mengadakan kembali Bakti Sosial Operasi Bibir Sumbing dan Celah Langit-langit GRATIS Sudahkah teman-teman tahu apa itu Bibir https://t.co/JpohWswK0X","1299714124947972102","","","in","Ciamis, Indonesia","0","0","0","https://twitter.com/rsdk_ciamis/status/1299714124947972102","1130301078883332096","rsdk_ciamis"
"1299712381900136449","Sat Aug 29 14:15:53 +0000 2020","0","Selamat Malam Semoga sehat selalu sahabat RSDKC RSU Dadi Keluarga Ciamis mengadakan kembali Bakti Sosial Operasi Bibir Sumbing dan Celah Langit-langit GRATIS Sudahkah teman-teman tahu apa itu Bibir https://t.co/YzTJB1w6U8","1299712381900136449","","","in","Ciamis, Indonesia","0","1","0","https://twitter.com/rsdk_ciamis/status/1299712381900136449","1130301078883332096","rsdk_ciamis"
"1299627932688609280","Sat Aug 29 08:40:19 +0000 2020","9","[SALAH] INNALILLAHI; Kabar Duka Dari Ustaz Yusuf Semoga Husnul Hotima Informasi PALSU. Yusuf Mansur melalui media sosial Instagram resminya mengklarifikasi kabar bohong tersebut dan menyatakan dirinya dalam kondisi sehat. Selengkapnya di https://t.co/abc12wNwWB #LawanHoax https://t.co/tAUhJhsA6p","1299627932688609280","https://pbs.twimg.com/media/Egk0fLMU0AAuMp0.png","","in","Jakarta Pusat, DKI Jakarta","1","2","10","https://twitter.com/TurnBackHoax/status/1299627932688609280","803432630121218048","TurnBackHoax"
"1299583988995174401","Sat Aug 29 05:45:42 +0000 2020","0","MashaAllah Tabarakallah. Sehat selalu kesayangan kita semua . Kamu adalah bayi yang kami idamkan seperti bayi-bayi gemeshhh yang seliweran di beranda sosial media nak. . Bahagia banget Allah kabulkan keinginan https://t.co/hY51ro6PdH","1299583988995174401","","","in","Palembang, Sumsel -  Indonesia","0","0","0","https://twitter.com/miatikkk/status/1299583988995174401","852961093","miatikkk"
"1299574328002932737","Sat Aug 29 05:07:19 +0000 2020","0","Manfaat menyontek : 1. otot mata sehat 2. kreatifitas meningkat 3. Meningkatkn sosial teman 4. Nilai bagus 5. Melatih kecepatan gerak","1299574328002932737","","","in","","0","0","0","https://twitter.com/asihpriyati1/status/1299574328002932737","2191779301","asihpriyati1"
"1299511718775672833","Sat Aug 29 00:58:32 +0000 2020","0","Assalamualaikum wr.wb Selamat pagi salam sejahtera Salam sehat dari kami Klinik Pratama Rawat Inap annisa dua Mari Follow Akun sosial media Kami Klinik annisa dua Instagram : https://t.co/bLNR8FJpQx Facebook : https://t.co/nGWSmSuo8p _*Bangga Melayani Anda*_ https://t.co/d61xlovuNO","1299511718775672833","https://pbs.twimg.com/media/EgjLAqfUwAEq---.jpg","","in","","0","0","0","https://twitter.com/DuaKlinik/status/1299511718775672833","1294168889136300037","DuaKlinik"
"1299347835226259456","Fri Aug 28 14:07:19 +0000 2020","0","Manfaat menyontek : 1. otot mata sehat 2. kreatifitas meningkat 3. Meningkatkn sosial teman 4. Nilai bagus 5. Melatih kecepatan gerak","1299347835226259456","","","in","","0","0","0","https://twitter.com/asihpriyati1/status/1299347835226259456","2191779301","asihpriyati1"
"1299343466481287168","Fri Aug 28 13:49:57 +0000 2020","212","Sebuah video menjadi viral di media sosial lantaran seorang pria yang masuk masjid dalam keadaan sehat namun meninggal dunia ketika sujud. -- Sosok ustaz yang wafat tersebut ternyata H Hasan Bisri yang juga merupakan Wakil Ketua PDM Kota Pekalongan. Begini momennya: https://t.co/IOUVUyduNv","1299343466481287168","https://pbs.twimg.com/ext_tw_video_thumb/1299343402480185344/pu/img/SUkRQ5daOjrWXsbt.jpg","","in","","7","4","43","https://twitter.com/detikcom/status/1299343466481287168","69183155","detikcom"
"1299284822859284483","Fri Aug 28 09:56:55 +0000 2020","0","Silahkan dibuktikan bahwa orangs yg tidak memberdayakan akal sehat dan hati nuraninya secara bersamaan dalam menjalankan hak dan kewajibannya sebagai warga negara dan mahluk sosial lebih cenderung menabrak etika moral norma dan komitmen kebangsaan.","1299284822859284483","","","in","","0","0","0","https://twitter.com/Ferrynine/status/1299284822859284483","1120283194761179136","Ferrynine"
"1299231135352918016","Fri Aug 28 06:23:35 +0000 2020","0","Manusia adalah makhluk sosial pastinya kita senang untuk bercerita kepada teman dan keluarga apalagi tentang sesuatu hal yang membawa kebahagiaan. Bahagia itu simpel kok masih bisa sehat di masa-masa sekarang itu https://t.co/y83CExkv0l","1299231135352918016","","","in","ÜT: -6.17299,106.91213","0","0","0","https://twitter.com/JojoKristianus/status/1299231135352918016","132548365","JojoKristianus"
"1299219476974415873","Fri Aug 28 05:37:16 +0000 2020","0","Assalamualaikum wr.wb Selamat pagi salam sejahtera Salam sehat dari kami Klinik Pratama Rawat Inap annisa dua Mari Follow Akun sosial media Kami Klinik annisa dua Instagram : https://t.co/bLNR8FJpQx Facebook : https://t.co/nGWSmSuo8p _*Bangga Melayani Anda*_ https://t.co/zci49qSdgX","1299219476974415873","https://pbs.twimg.com/media/EgfBOYlU8AEhcO2.jpg","","in","","0","0","0","https://twitter.com/DuaKlinik/status/1299219476974415873","1294168889136300037","DuaKlinik"
"1299121341275107328","Thu Aug 27 23:07:18 +0000 2020","0","Manfaat menyontek : 1. otot mata sehat 2. kreatifitas meningkat 3. Meningkatkn sosial teman 4. Nilai bagus 5. Melatih kecepatan gerak","1299121341275107328","","","in","","0","0","0","https://twitter.com/asihpriyati1/status/1299121341275107328","2191779301","asihpriyati1"
"1299012612215074816","Thu Aug 27 15:55:15 +0000 2020","0","Ohh jadi cara mu begini ya RCTI bukannya perbagus siaran malah mempersulit media sosial yg jelas lebih bagus dari siaran mu. Coba dong kalo mau bersaing yg sehat lah katro banget sih RCTI ini.. Makin keliatan busuk malah kalo kek gini cara mainnya.. https://t.co/FWEfrukDBq","1299012612215074816","","","in","","0","0","0","https://twitter.com/keteklembab/status/1299012612215074816","1234919472202317825","keteklembab"
"1298979754700181505","Thu Aug 27 13:44:42 +0000 2020","0","RCTI ngapa sih? Ngga mau banget bersaing secara sehat sama media sosial.","1298979754700181505","","","in","Jakarta, Indonesia","0","0","0","https://twitter.com/agnesmenteriaaa/status/1298979754700181505","1462197912","agnesmenteriaaa"
"1298913724028186624","Thu Aug 27 09:22:19 +0000 2020","0","Copyrigt denger2 diperkuat sampe bawain lagu orang dipanggung pun harus bayar royalti ini lagi tiba2 muncul stasuin televisi ngajuin gugatan larangan live stream di media sosial. Gak sehat anjir lama2 ini endonesa","1298913724028186624","","","in","","0","1","0","https://twitter.com/evlkxs/status/1298913724028186624","584539534","evlkxs"
"1298895172395130880","Thu Aug 27 08:08:36 +0000 2020","2","Terima kasih untuk seluruh Teman Sehat yang telah mengikuti giveaway popok Cheris @cherisindonesia! Selamat kepada para pemenang! Segera kirim data diri ke inbox Instagram kami @doktersehatcom berisi:⁣⁣ 1. Nama lengkap⁣⁣ 2. Nama media sosial⁣⁣ (...) https://t.co/Z6s5YTFmH8","1298895172395130880","https://pbs.twimg.com/media/EgaZ9icU0AI-kUy.jpg","","in","Indonesia","0","2","0","https://twitter.com/DokterSehatcom/status/1298895172395130880","511440105","DokterSehatcom"
"1298894853024096256","Thu Aug 27 08:07:19 +0000 2020","0","Manfaat menyontek : 1. otot mata sehat 2. kreatifitas meningkat 3. Meningkatkn sosial teman 4. Nilai bagus 5. Melatih kecepatan gerak","1298894853024096256","","","in","","0","0","0","https://twitter.com/asihpriyati1/status/1298894853024096256","2191779301","asihpriyati1"
"1298836085414526977","Thu Aug 27 04:13:48 +0000 2020","1","JAGA JARAK AGAR TETAP SEHAT Mohon izin viralisasi atensi Dari Pimpinan Kamis 27 Agustus 2020. Untuk Share Di Media Sosial Instagram Facebook Dan Twitter dengan hastag https://t.co/aNoAgZNCwu","1298836085414526977","","","in","Matraman, Indonesia","0","0","0","https://twitter.com/bandungjuaraaa/status/1298836085414526977","1230525878553022464","bandungjuaraaa"
"1298790714059272193","Thu Aug 27 01:13:31 +0000 2020","0","Assalamualaikum wr.wb Selamat pagi salam sejahtera Salam sehat dari kami Klinik Pratama Rawat Inap annisa dua Mari Follow Akun sosial media Kami Klinik annisa dua Instagram : https://t.co/bLNR8FJpQx Facebook : https://t.co/nGWSmSuo8p https://t.co/bgtXYZSfHZ","1298790714059272193","https://pbs.twimg.com/media/EgY7RD7U4AAbwmM.jpg","","in","","0","0","0","https://twitter.com/DuaKlinik/status/1298790714059272193","1294168889136300037","DuaKlinik"
"1298781595290095616","Thu Aug 27 00:37:17 +0000 2020","0","Manfaat menyontek : 1. otot mata sehat 2. kreatifitas meningkat 3. Meningkatkn sosial teman 4. Nilai bagus 5. Melatih kecepatan gerak","1298781595290095616","","","in","","0","0","0","https://twitter.com/asihpriyati1/status/1298781595290095616","2191779301","asihpriyati1"
"1298769173447708672","Wed Aug 26 23:47:55 +0000 2020","0","Kominfo Belu Sosialisasi Internet Sehat Membangun Generasi Muda Sadar Bermedia Sosial https://t.co/Q9Ytv9v4sF","1298769173447708672","","","in","Indonesia","0","0","0","https://twitter.com/nttonlinenow/status/1298769173447708672","447647929","nttonlinenow"
"1298633572157292545","Wed Aug 26 14:49:05 +0000 2020","0","Pelajaran hidup ; manusia adlh mahluk sosial membutuhkan org lain dlm hidupnya. Semua itu akan terasa ktk usia sdh menua sakit &amp; lemah. Yg dibutuhkan adlh dukungan klrg terutama dr pasangan disaat anak2 sdh memiliki hidupnya masing2. Jgn terlena ktk diberi nikmat sehat.","1298633572157292545","","","in","West Java, Indonesia","0","0","0","https://twitter.com/imediyani/status/1298633572157292545","3316219281","imediyani"
"1298555106170769414","Wed Aug 26 09:37:17 +0000 2020","0","Manfaat menyontek : 1. otot mata sehat 2. kreatifitas meningkat 3. Meningkatkn sosial teman 4. Nilai bagus 5. Melatih kecepatan gerak","1298555106170769414","","","in","","0","0","0","https://twitter.com/asihpriyati1/status/1298555106170769414","2191779301","asihpriyati1"
"1298547482109136896","Wed Aug 26 09:07:00 +0000 2020","0","Pengamat kebijakan publik Trubus Rahadiansyah mengkritik Peraturan Gubernur Nomor 80 Tahun 2020 tentang Pelaksanaan Pembatasan Sosial Berskala Besar Pada Masa Transisi Menuju Masyarakat Sehat Aman dan Produktif #merahputihcom #GaGe #Jakarta https://t.co/fwYvPlgUfY","1298547482109136896","","","in","Jakarta","0","0","0","https://twitter.com/newsmerahputih/status/1298547482109136896","2714869507","newsmerahputih"
"1298520650957467648","Wed Aug 26 07:20:23 +0000 2020","0","Hansamu Yama Pranata menjawab kritikan publik soal unggahan makanan tak sehat di media sosial. https://t.co/5Jw2Ks16pO","1298520650957467648","","","in","Balikpapan","0","0","0","https://twitter.com/kaltim_post/status/1298520650957467648","362336352","kaltim_post"
"1298519394566324225","Wed Aug 26 07:15:23 +0000 2020","0","Betul pak fase new normal dan Psbb masa transisi menuju masyarakat sehat aman dan produktif. Tetap patuhi protokol kesehatan baik saat aktivitas ddlm rmh maupun aktivitas sosial. Memakai masker Mencuci tangan dan Menjaga jarak aman. #JakartaTangguh #IndonesiaMenang","1298519394566324225","","","in","","0","3","0","https://twitter.com/Partono_ADjem/status/1298519394566324225","830258717341806592","Partono_ADjem"
"1298481683281264641","Wed Aug 26 04:45:32 +0000 2020","6","Pada batas mana aktivitas media sosial kita sudah tergolong tidak sehat dan perlu melakukan detoks? https://t.co/tUulaFWknH","1298481683281264641","","","in","Jakarta","0","0","0","https://twitter.com/kompascom/status/1298481683281264641","23343960","kompascom"
"1298456441724866561","Wed Aug 26 03:05:14 +0000 2020","5","Dan benar sekali hanya Gubernur yg berpikiran maju dan paham masalah kota dan dunia sebenarnya (lingkungan dan kota yg sehat sosial serta fisik) yg bisa punya gagasan demikian dan berani mencobanya krn benar. Bagus kalau para buser Jokowi mendukung. Drpd ngomel tak jelas.","1298456441724866561","","","in","","0","1","3","https://twitter.com/mkusumawijaya/status/1298456441724866561","46614875","mkusumawijaya"
"1298432553829855232","Wed Aug 26 01:30:19 +0000 2020","0","ADAPTASI KEBIASAAN BARU DALAM KEHIDUPAN SEHARI-HARI Kebiasaan baru untuk hidup lebih sehat harus terus menerus dilakukan di masyarakat dan setiap individu sehingga menjadi norma sosial dan norma individu baru https://t.co/SgqIcqOPlK","1298432553829855232","https://pbs.twimg.com/ext_tw_video_thumb/1298432416726437888/pu/img/pl0h9Te_JRRPfLzI.jpg","","in","Jl. Pahlawan No.40 Kebumen","0","0","0","https://twitter.com/TMC_Kebumen/status/1298432553829855232","56903194","TMC_Kebumen"
"1298426736208568321","Wed Aug 26 01:07:12 +0000 2020","0","Assalamualaikum wr.wb Selamat pagi salam sejahtera Salam sehat dari kami Klinik Pratama Rawat Inap annisa dua Mari Follow Akun sosial media Kami Klinik annisa dua Instagram : https://t.co/bLNR8FJpQx Facebook : https://t.co/bdRqogLBep https://t.co/EAYkqyr3MO","1298426736208568321","https://pbs.twimg.com/media/EgTwOxwUcAALFBw.jpg","","in","","0","0","0","https://twitter.com/DuaKlinik/status/1298426736208568321","1294168889136300037","DuaKlinik"
"1298405132124565504","Tue Aug 25 23:41:21 +0000 2020","0","14) Pergub itu tentang Pelaksanaan Pembatasan Sosial Berskala Besar pada Masa Transisi Menuju Masyarakat Sehat Aman dan Produktif. Salah satu yang diatur dalam pergub ini pengendalian moda transportasi. #BangkitdariPandemi #75tahunmerdeka https://t.co/b8YaozPLM8","1298405132124565504","https://pbs.twimg.com/media/EgTcle6UwAAIZOd.jpg","","in","Jakarta, Indonesia","0","0","0","https://twitter.com/MNCkoranSINDO/status/1298405132124565504","509946051","MNCkoranSINDO"
"1298328609992503296","Tue Aug 25 18:37:17 +0000 2020","0","Manfaat menyontek : 1. otot mata sehat 2. kreatifitas meningkat 3. Meningkatkn sosial teman 4. Nilai bagus 5. Melatih kecepatan gerak","1298328609992503296","","","in","","0","0","0","https://twitter.com/asihpriyati1/status/1298328609992503296","2191779301","asihpriyati1"
"1298290709208772608","Tue Aug 25 16:06:40 +0000 2020","0","So sekarang coba deh buktiin bangun relasi dan kehidupan sosial kalian lewat budaya NOGKRONG dan yang pastinya dengan obrolan yang bermanfaat and stay positive. Kuy nongkrong biar sehat psikisnya #kuynongkrong #nongkrongberkualitas #sehatkanpsikis #kafeinaja","1298290709208772608","","","in","","0","1","0","https://twitter.com/dompetcokelat/status/1298290709208772608","1296891614044905472","dompetcokelat"
"1298284650360709120","Tue Aug 25 15:42:36 +0000 2020","11","Hansamu Yama Pranata menjawab kritikan publik soal unggahan makanan tak sehat di media sosial. Ia mengaku tak setiap hari mengonsumsi makanan tersebut. https://t.co/Orm2N9NnY4","1298284650360709120","","","in","","4","4","1","https://twitter.com/detikcom/status/1298284650360709120","69183155","detikcom"
"1298261072525197321","Tue Aug 25 14:08:54 +0000 2020","0","Selama calon² pemimpin masih sehat jasmani &amp; akal pikiran dan bisa lebih prof/ lebih ju²r/ pekerjaan HALAL. (Pelecehan ?) Status sosial koq jadi ukuran RH. Jangan dikira org² non-politikus lalu tdk bertalenta analis politik... sangat dangkal. https://t.co/XlxuKvNVm7","1298261072525197321","","","in","TangSel","0","0","0","https://twitter.com/budihartodr/status/1298261072525197321","186803840","budihartodr"
"1298223741676277760","Tue Aug 25 11:40:34 +0000 2020","0","Anda yang buruk atau lingkungan sosial anda yang buruk? A &amp; O Magazine majalah psikologi tentang dunia kerja https://t.co/JnvLd2zf7K #karir #motivasi #manajemen #bisnis #coaching #training #pelatihan #konseling #konsultasi #sehat #sukses #bahagia #gratis #Indonesia #optimis https://t.co/PNpAVDfnK4","1298223741676277760","https://pbs.twimg.com/media/EgQ3nF2XsAIw4Ea.jpg","","in","Indonesia","0","0","0","https://twitter.com/aandomag/status/1298223741676277760","920160678979211264","aandomag"
"1298223690925182976","Tue Aug 25 11:40:22 +0000 2020","19","Hansamu Yama Pranata menjawab kritikan publik soal unggahan makanan tak sehat di media sosial. Ia mengaku tak setiap hari mengonsumsi makanan tersebut. https://t.co/QKiXw8zAHf","1298223690925182976","","","in","Jakarta","4","9","1","https://twitter.com/detiksport/status/1298223690925182976","135783107","detiksport"
"1298177073857495040","Tue Aug 25 08:35:08 +0000 2020","0","apresiasi untuk orang yg berani keluar dari lingkungan sosial yang tidak sehat you guys deserve better","1298177073857495040","","","in","","0","0","0","https://twitter.com/sadtorou/status/1298177073857495040","1055722186781016064","sadtorou"
"1298138040225787904","Tue Aug 25 06:00:01 +0000 2020","4","Hai Sobat Sosial...!!! :) Apa kabar hari ini? Smg sehat semuanya. Mimin cuma mau ingetin kalian nih buat selalu rajin olahraga dan makan makanan bergizi tuk jaga kesehatan. Dan jangan lupa tetap pakai masker saat beraktivitas ya apalagi pas kerja dan berada di tempat umum https://t.co/qUA0jbAbPh","1298138040225787904","https://pbs.twimg.com/media/EgPpqcEUEAAdvR4.jpg","","in","Jakarta Capital Region","0","0","2","https://twitter.com/LinjamsosOke/status/1298138040225787904","833932614092271616","LinjamsosOke"
"1298126563444060162","Tue Aug 25 05:14:25 +0000 2020","0","yg terpenting untuk saat ini adalah gw sehat dulu sesuai pengertian sehat menurut UU no. 23 tahun 1992. karena soal peduli sama diri gw sendiri bukan dan ga bisa dipindah hak milik jadi milik lu mereka bahkan dinas sosial.","1298126563444060162","","","in","7.06","0","0","0","https://twitter.com/afqisme/status/1298126563444060162","1119384047233298433","afqisme"
"1298115486970859520","Tue Aug 25 04:30:24 +0000 2020","0","Minta akuntabilitas kerja sosial buruh seni aja susah banget kok Jangankan ngarep punya komunitas yang insyaf dan sehat kejiwaannya apalagi ngarep dari batch semacam itu bisa ujug-ujug (WHAT THE FUCK) muncul government yang bagus Makan kontol bwosssq","1298115486970859520","","","in","Mordor","0","0","0","https://twitter.com/globalputdown/status/1298115486970859520","1063326734215405568","globalputdown"
"1298102119975628800","Tue Aug 25 03:37:17 +0000 2020","0","Manfaat menyontek : 1. otot mata sehat 2. kreatifitas meningkat 3. Meningkatkn sosial teman 4. Nilai bagus 5. Melatih kecepatan gerak","1298102119975628800","","","in","","0","0","0","https://twitter.com/asihpriyati1/status/1298102119975628800","2191779301","asihpriyati1"
"1298094664843575296","Tue Aug 25 03:07:40 +0000 2020","1","Assalamualaiku Selamat pagi soudara/i..Semogga selalu sehat. Numpang promo lagi yah video terbaru Saya Klik tulisan warna biru lalu klik like koment SUBSCRIBE and share ke seleluruh sosial media yg kamu punya. Thank You https://t.co/WymGXqhVTd","1298094664843575296","","","in","Riau, Indonesia","0","0","0","https://twitter.com/Art88Santo/status/1298094664843575296","1294324686591942656","Art88Santo"
"1298082519745732609","Tue Aug 25 02:19:24 +0000 2020","2","TVRI sebagai media pemersatu bangsa telah berkembang mengikuti perjalanan bangsa Indonesia dengan jangkauan luas TVRI menjadi media Informasi pendidikan kebudayaan hiburan sehat dan perekat sosial. Selamat Hari Ulang https://t.co/jZaDNWMtsv via https://t.co/EdAuEzj0V3 https://t.co/gWsZpomMQw","1298082519745732609","https://pbs.twimg.com/media/EgO3LDuXkAMDTgK.jpg","","in","Kota Mataram, Nusa Tenggara Ba","0","0","2","https://twitter.com/Bawaslu_NTB/status/1298082519745732609","1040163626638692352","Bawaslu_NTB"
"1298074211764719617","Tue Aug 25 01:46:23 +0000 2020","0","Khilafah pada masanya adalah negara superpower dunia....pendekatan sederhananya seperti USA saat ini. Logika sehat...tentu pengaruh mereka mendunia pula baik secara politik science sosial budaya.... Hanya yg akalnya &amp; hatinya rusak yg mengingkarinya #Mikir #FilmJKDNNyata https://t.co/FtPwnS4Hd5","1298074211764719617","https://pbs.twimg.com/media/EgOu-a5U8AAgHDa.jpg","","in","","0","0","0","https://twitter.com/Zhoel_Flyer/status/1298074211764719617","885513290612318208","Zhoel_Flyer"
"1298021584939003905","Mon Aug 24 22:17:16 +0000 2020","0","Kamu mengharapkan media sosial yang sehat tapi kamu follow base tempat 'ribut'? Kamu sehat?","1298021584939003905","","","in","","0","0","0","https://twitter.com/GoonersElReport/status/1298021584939003905","1248548341522165760","GoonersElReport"
"1297928562196926467","Mon Aug 24 16:07:38 +0000 2020","0","Pengen beraktivitas jd relawan sosial kayak jadul.. Ya Alloh semoga semua kembali normal &amp; sehat semuanya. Dulu soalnya suka ikut kegiatan sosial &amp; ini sedikit berbagi sekeping kisahnya : #kelasinspirasi https://t.co/BDcBpQSsyW","1297928562196926467","","","in","NKRI","0","0","0","https://twitter.com/sayapercha/status/1297928562196926467","15285173","sayapercha"
"1297875628696338432","Mon Aug 24 12:37:17 +0000 2020","0","Manfaat menyontek : 1. otot mata sehat 2. kreatifitas meningkat 3. Meningkatkn sosial teman 4. Nilai bagus 5. Melatih kecepatan gerak","1297875628696338432","","","in","","0","0","0","https://twitter.com/asihpriyati1/status/1297875628696338432","2191779301","asihpriyati1"
"1297863423070363648","Mon Aug 24 11:48:47 +0000 2020","4","Ok saya ngilang dulu dari peradaban media sosial. Kalau saya mati akan diberitahu xanak sawdara saya. Kalau hidup saya nazar udah sehat dan unggah karya banyak. Woof u.","1297863423070363648","","","in","Indonesia","0","2","0","https://twitter.com/ANZIMATTA/status/1297863423070363648","1002943924258856960","ANZIMATTA"
"1297817517923033088","Mon Aug 24 08:46:23 +0000 2020","1","Aku harap kamu gak mendengarkan berita menyakitkan hari ini ya berita yang bisa saja membuat mu malu dan sedih. Dimana orang-orang berlaga ingin membela mu tapi malah akan membuat mu malu. Jangan buka sosial media mu hari ini ya makan yang banyak oppa dan sehat terus. Saranghae","1297817517923033088","","","in","Magic Shop","0","0","1","https://twitter.com/meEibhlin/status/1297817517923033088","933554856907829248","meEibhlin"
"1297728507074605056","Mon Aug 24 02:52:41 +0000 2020","0"," Kesehatan adalah suatu keadaan sehat jasmani rohani dan sosial dan bukan hanya terbebas dari penyakit serta kecacatan. - Definisi kesehatan menurut WHO pada 22 juli 1946. ish ternyata aku gak sepenuhnya sehat ","1297728507074605056","","","in","","0","0","0","https://twitter.com/tolose_id/status/1297728507074605056","572551511","tolose_id"
"1297715913223892994","Mon Aug 24 02:02:38 +0000 2020","14","Twitter memang makin ke sini makin riuh rendah. Buat selera saya sudah terlalu berisik ga produktif dan ga sehat juga. Saya sengaja menambah interaksi dengan manusia yg bukan akun2 sosial media. Belakangan habiskan waktu untuk kerja urus keluarga dan gowes gowes gowes https://t.co/Q5cBwJq1tI","1297715913223892994","https://pbs.twimg.com/media/EgJpoWoUcAAb8hM.jpg","","in","Jakarta, Indonesia","2","2","5","https://twitter.com/edwardsuhadi/status/1297715913223892994","18941322","edwardsuhadi"
"1297649135743451139","Sun Aug 23 21:37:17 +0000 2020","0","Manfaat menyontek : 1. otot mata sehat 2. kreatifitas meningkat 3. Meningkatkn sosial teman 4. Nilai bagus 5. Melatih kecepatan gerak","1297649135743451139","","","in","","0","0","0","https://twitter.com/asihpriyati1/status/1297649135743451139","2191779301","asihpriyati1"
"1297522011720171521","Sun Aug 23 13:12:09 +0000 2020","6","[ EXTENDED OPEN DONATION GIZI PEDULI SOSIAL ] . Open Donation Gizi Peduli Sosial (GPS) yang bertemakan Satu Langkah Kecil Menuju Warga Sehat Produktif . GPS merupakan salah satu bentuk kegiatan pengabdian masyarakat. https://t.co/hrMkxX9MT0","1297522011720171521","https://pbs.twimg.com/media/EgG5YZiUMAAEM2z.jpg","","in","UPNVJ Kampus II, Limo, Depok","1","1","5","https://twitter.com/HimagiUPNVJ/status/1297522011720171521","1537580954","HimagiUPNVJ"
"1297493590394855424","Sun Aug 23 11:19:12 +0000 2020","1"," Tapi tak ada sesuatu yg menyangkut pembentukan publik tanpa desain. Begitulah social engineering bekerja. Manusia adalah objek social engineering. Hanya mereka yg kritis dan berakal sehat yg bisa memberontak dari jebakan rekayasa sosial seperti itu.","1297493590394855424","","","in","Cengkareng, Indonesia","0","0","0","https://twitter.com/Saratoga215/status/1297493590394855424","1238902607873105920","Saratoga215"
"1297422640299139073","Sun Aug 23 06:37:17 +0000 2020","0","Manfaat menyontek : 1. otot mata sehat 2. kreatifitas meningkat 3. Meningkatkn sosial teman 4. Nilai bagus 5. Melatih kecepatan gerak","1297422640299139073","","","in","","0","0","0","https://twitter.com/asihpriyati1/status/1297422640299139073","2191779301","asihpriyati1"
"1297257595472760832","Sat Aug 22 19:41:27 +0000 2020","0","Punya masalah? Mau minta maaf? Konfirmasi aja lewat sosial media. Masalah selesai dengan cepat. Sehat???","1297257595472760832","","","in","Indonesia","0","1","0","https://twitter.com/Josbaonn/status/1297257595472760832","76729881","Josbaonn"
"1297196148935991296","Sat Aug 22 15:37:17 +0000 2020","0","Manfaat menyontek : 1. otot mata sehat 2. kreatifitas meningkat 3. Meningkatkn sosial teman 4. Nilai bagus 5. Melatih kecepatan gerak","1297196148935991296","","","in","","0","0","0","https://twitter.com/asihpriyati1/status/1297196148935991296","2191779301","asihpriyati1"
"1297178335877844993","Sat Aug 22 14:26:30 +0000 2020","0","wah korsel udah naikin level sosial distancing ke level 2 per. tanggal 23 ags. dan sebentar lagi changmin nikah. fix sih cuma keluarga dan org terdekat yg dateng. ga yakin sugen bakal dateng. padahal yg ditunggu2 tp gapapa demi kepentingan bersama. yg penting sehat semua ","1297178335877844993","","","in","haru and wonderful day","0","0","0","https://twitter.com/haeyna/status/1297178335877844993","1704139088","haeyna"
"1297156395901440000","Sat Aug 22 12:59:19 +0000 2020","0","https://t.co/QL5syA8cgU Lakukan yang terbaik buat yang terbaik Terima kasih Pak Jokowi Terima kasih TNI POLRI Dan Jajaran Kontraktor Dan orang orang yang menbuat Sila ke 5 Keadilan Sosial Bagi Rakyat Indonesia terpenuhi Semoga semua rakyat selalu sehat wal afiat aamin","1297156395901440000","","","in","Semarang, Jawa Tengah","0","0","0","https://twitter.com/noveltomi/status/1297156395901440000","354247384","noveltomi"
"1297013039431131137","Sat Aug 22 03:29:40 +0000 2020","0","Edukasi Diri pada Masa Pandemi . . Materi #EdukasiRemaja 01 kali ini menginformasikan bagaimana kita dapat bermedia sosial yang benar. . . Salam sehat! . . . #KAJAdaptasiKebiasaanBaru @paroki_jamal humaskaj #komsos https://t.co/Dqh62wOrZy","1297013039431131137","","","in","Bintaro","0","0","0","https://twitter.com/matiusbintaro/status/1297013039431131137","1144371737523396608","matiusbintaro"
"1297003630059372544","Sat Aug 22 02:52:17 +0000 2020","1","/wal doakan lah aku handak mengurangi waktu main sosial media biar hidup lbh produktif lawan sehat fisik mental","1297003630059372544","","","in","Kalimantan Selatan, Indonesia","0","3","0","https://twitter.com/banjarbase/status/1297003630059372544","981988393","banjarbase"
"1296969658277404673","Sat Aug 22 00:37:17 +0000 2020","0","Manfaat menyontek : 1. otot mata sehat 2. kreatifitas meningkat 3. Meningkatkn sosial teman 4. Nilai bagus 5. Melatih kecepatan gerak","1296969658277404673","","","in","","0","0","0","https://twitter.com/asihpriyati1/status/1296969658277404673","2191779301","asihpriyati1"
"1296279880074584064","Thu Aug 20 02:56:21 +0000 2020","0","Hukum alam om. Selain dilahirkan sebagai makhluk sosial manusia juga dilahirkan sebagai makhluk kompetitif sejak di dalam rahim. Sebagian orang mampu mengarahkannya ke arah yg sehat sebagian lagi tidak.","1296279880074584064","","","in","🍎🦖🐑⚽🌾","0","0","0","https://twitter.com/maulcimol/status/1296279880074584064","1364611141","maulcimol"
"1296066798333247488","Wed Aug 19 12:49:39 +0000 2020","3","Panjang umur keadilan sosial bagi rakyat kecil Sehat ya jgn sampe sakit","1296066798333247488","","","in","di hati mu","0","0","0","https://twitter.com/HenderyGans/status/1296066798333247488","1292720832335056896","HenderyGans"
"1296063689527717889","Wed Aug 19 12:37:17 +0000 2020","0","Manfaat menyontek : 1. otot mata sehat 2. kreatifitas meningkat 3. Meningkatkn sosial teman 4. Nilai bagus 5. Melatih kecepatan gerak","1296063689527717889","","","in","","0","0","0","https://twitter.com/asihpriyati1/status/1296063689527717889","2191779301","asihpriyati1"
"1296054306366525440","Wed Aug 19 12:00:00 +0000 2020","29","Belum lagi dampaknya terhadap kehidupan sosial dan finansial yang terus berulang bagai siklus tak sehat. Beberapa dampak negatif penggunaan NAPZA terhadap kesehatan seseorang adalah: https://t.co/cVZF1hN2NL","1296054306366525440","","","in","Jakarta Capital Region","0","0","0","https://twitter.com/sehatq/status/1296054306366525440","1066960945115590656","sehatq"
"1296024109915287552","Wed Aug 19 10:00:01 +0000 2020","0","Kemudahan bersosialiasi lewat media sosial sering tidak disadari dapat berdampak negatif pada kesehatan mental Sobat Sehat lho. Oleh karena itu yuk simak ulasan ini agar Sobat Sehat bisa tetap aman dan sehat saat bermedia sosial. #HelloSehat https://t.co/uTKsAqx8lq https://t.co/MujJ9QmuoX","1296024109915287552","https://pbs.twimg.com/media/EfrUkmmVAAEd1fI.jpg","","in","Jakarta Capital Region","0","0","0","https://twitter.com/HelloSehat/status/1296024109915287552","4620595760","HelloSehat"
"1296019411430592512","Wed Aug 19 09:41:21 +0000 2020","0","Ya begitulah sosial media di circle pertemanan yg tidak sehat kalo ada yg jualan ada yg pura pura tanya padahal tujuannya menjatuhkan dengan gaya sok polosnya hahaha","1296019411430592512","","","in","jauh","0","0","1","https://twitter.com/the_kurn1awan/status/1296019411430592512","976839158164410368","the_kurn1awan"
"1296015554516410368","Wed Aug 19 09:26:01 +0000 2020","3","ADAPTASI KEBIASAAN BARU DALAM KEHIDUPAN SEHARI-HARI Kebiasaan baru untuk hidup lebih sehat harus terus menerus dilakukan di masyarakat dan setiap individu sehingga menjadi norma sosial dan norma individu baru https://t.co/zQ4FWcUbyf","1296015554516410368","https://pbs.twimg.com/ext_tw_video_thumb/1296015492356833281/pu/img/-FYqawkopEa5zHv0.jpg","","in","Indonesia","0","0","0","https://twitter.com/roadsafetymedia/status/1296015554516410368","2190758778","roadsafetymedia"
"1295989350035988480","Wed Aug 19 07:41:54 +0000 2020","1","Hampir 1 minggu gak pegang hp sama sekali karna rusak yg otomatis gak buka beberapa sosial media. Tp gatau kenapa ngerasa pikiran lebih waras dan badan lebih sehat.","1295989350035988480","","","in","Indonesia","0","0","0","https://twitter.com/SabrinaSisca/status/1295989350035988480","602520577","SabrinaSisca"
"1295958972583698432","Wed Aug 19 05:41:11 +0000 2020","19","Kapada Yth. Bpk/Ibu Pengelola Media Sosial @persib di Tempat. Kumaha sehat? https://t.co/EoRkWBG3jj","1295958972583698432","https://pbs.twimg.com/media/Efwr0TzU4AALxWK.jpg","","in","Stadion","0","1","0","https://twitter.com/LalajoPersib/status/1295958972583698432","88390298","LalajoPersib"
"1295956167840030720","Wed Aug 19 05:30:02 +0000 2020","0","Haloo sahabat dikatel..... Bekerja selain untuk mendapatkan penghasilan juga sebagai interaksi sosial kita sebagai manuasia. Mana yang lebih sahabat suka kerja kantoran atau dilapangan? isi di komen ya.... Salam Sehat Semangat Sukses... https://t.co/9dEi3rApXE","1295956167840030720","https://pbs.twimg.com/media/EfwpRDtU4AAo1y-.jpg","","in","Kota Cirebon, Jawa Barat","0","0","0","https://twitter.com/Dikatelcirebon/status/1295956167840030720","1051371908413841408","Dikatelcirebon"
"1295941573658554368","Wed Aug 19 04:32:03 +0000 2020","5","Saya Pilih Sehat &amp; Sembuh karya dr. Tan Shot Yen Edisi Revisi Dasawarsa sebentar lagi akan dibuka pre-order nya. Simak info selanjutnya di media sosial @bukugpu #bukugpu https://t.co/Sd77Vo1e21","1295941573658554368","https://pbs.twimg.com/media/Efwb_FRUEAAxRlf.jpg","","in","Palmerah, Jakarta","0","0","1","https://twitter.com/bukugpu/status/1295941573658554368","21726758","bukugpu"
"1295931147105386497","Wed Aug 19 03:50:37 +0000 2020","207","Alhamdulillah. Smoga Ibunda segera sembuh dan makin sehat wal afiat jg para NaKes. Dan bagi yg masih belum sadari jg pentingnya kesehatan sosial&amp;bahayanya abai thd covid-19 smoga peristiwa2 harian yg terjadinya terkait covid-19 mengembalikan mrk ke jalan kebenaran&amp;kesehatan.","1295931147105386497","","","in","Jakarta Capital Region","0","1","23","https://twitter.com/hnurwahid/status/1295931147105386497","86012022","hnurwahid"
"1295864291023654912","Tue Aug 18 23:24:57 +0000 2020","0","Polres Tulungagung Galakkan Sosialisasi Inpres No. 6/2020 dan Penerapan Pendisiplinan Bagi Masyarakat Yang Melanggar Protokol Kesehatan Dengan Memberikan Sangsi Sosial. #tulungagung #sehat #covid19 #astuti #Poldajatim #divisihumaspolri #polricegahcovid19 #ayojogojawatimur","1295864291023654912","","","in","","0","0","0","https://twitter.com/sunar_koi/status/1295864291023654912","1281600435728474112","sunar_koi"
"1295837194817425408","Tue Aug 18 21:37:17 +0000 2020","0","Manfaat menyontek : 1. otot mata sehat 2. kreatifitas meningkat 3. Meningkatkn sosial teman 4. Nilai bagus 5. Melatih kecepatan gerak","1295837194817425408","","","in","","0","0","0","https://twitter.com/asihpriyati1/status/1295837194817425408","2191779301","asihpriyati1"
"1295751773672501248","Tue Aug 18 15:57:51 +0000 2020","0","［LINE］ : sehat adalah konstruksi sosial : enak sih jdi aku makan : mau?? ️️","1295751773672501248","","","in","ocrp. multiverse.","0","0","0","https://twitter.com/lunaticuz/status/1295751773672501248","1295379748332306433","lunaticuz"
"1295747399093084160","Tue Aug 18 15:40:28 +0000 2020","0","Tentang unpad lagi hari ini : Mamah aing buka media sosial hari ini terus ada notifikasi dari kenangannya dan munculnya rekaman video saat 3 tahun lalu doi lagi rapat di auditorium bale sawala saat koordinasi rapat orangtua. Ehe.. Terharu ya mah :') Sehat-sehat mah :')","1295747399093084160","","","in","","0","0","0","https://twitter.com/agam_gus/status/1295747399093084160","1161917530631315456","agam_gus"
"1295712280496279552","Tue Aug 18 13:20:55 +0000 2020","1","Polres Tulungagung Galakkan Sosialisasi Inpres No. 6/2020 dan Penerapan Pendisiplinan Bagi Masyarakat Yang Melanggar Protokol Kesehatan Dengan Memberikan Sangsi Sosial. #tulungagung #sehat #covid19 #astuti https://t.co/ccVcVebhYO","1295712280496279552","","","in","","0","0","0","https://twitter.com/NewsTA10/status/1295712280496279552","1237276494965002240","NewsTA10"
"1295712125445431302","Tue Aug 18 13:20:18 +0000 2020","1","Polres Tulungagung Galakkan Sosialisasi Inpres No. 6/2020 dan Penerapan Pendisiplinan Bagi Masyarakat Yang Melanggar Protokol Kesehatan Dengan Memberikan Sangsi Sosial. #tulungagung #sehat #covid19 #astuti https://t.co/17oTy2hHE0","1295712125445431302","","","in","","0","0","0","https://twitter.com/xyou2_vevi/status/1295712125445431302","1218528587902382080","xyou2_vevi"
"1295711923955052544","Tue Aug 18 13:19:30 +0000 2020","1","Polres Tulungagung Galakkan Sosialisasi Inpres No. 6/2020 dan Penerapan Pendisiplinan Bagi Masyarakat Yang Melanggar Protokol Kesehatan Dengan Memberikan Sangsi Sosial. #tulungagung #sehat #covid19 #astuti https://t.co/PGhTMn2P0k","1295711923955052544","","","in","East Java, Indonesia","0","0","0","https://twitter.com/InfoTA4/status/1295711923955052544","1221679071748222977","InfoTA4"
"1295708486920069120","Tue Aug 18 13:05:51 +0000 2020","1","Polres Tulungagung Galakkan Sosialisasi Inpres No. 6/2020 dan Penerapan Pendisiplinan Bagi Masyarakat Yang Melanggar Protokol Kesehatan Dengan Memberikan Sangsi Sosial. #tulungagung #sehat #covid19 #astuti #Poldajatim #divisihumaspolri #polricegahcovid19 #ayojogojawatimur","1295708486920069120","","","in","","0","0","0","https://twitter.com/KangAma01034030/status/1295708486920069120","1254748176378036224","KangAma01034030"
"1295704144490029057","Tue Aug 18 12:48:35 +0000 2020","0","Polres Tulungagung Galakkan Sosialisasi Inpres No. 6/2020 dan Penerapan Pendisiplinan Bagi Masyarakat Yang Melanggar Protokol Kesehatan Dengan Memberikan Sangsi Sosial. #tulungagung #sehat #covid19 #astuti #Poldajatim #divisihumaspolri #polricegahcovid19 #ayojogojawatimur","1295704144490029057","","","in","","0","0","0","https://twitter.com/MAHARDI23337139/status/1295704144490029057","1241352090846285824","MAHARDI23337139"
"1295698794462445573","Tue Aug 18 12:27:20 +0000 2020","1","Polres Tulungagung Galakkan Sosialisasi Inpres No. 6/2020 dan Penerapan Pendisiplinan Bagi Masyarakat Yang Melanggar Protokol Kesehatan Dengan Memberikan Sangsi Sosial. #tulungagung #sehat #covid19 #astuti https://t.co/0i9b32JnOW","1295698794462445573","","","in","East Java, Indonesia","0","0","0","https://twitter.com/PakelHumas/status/1295698794462445573","1092418399492141056","PakelHumas"
"1295610702288150528","Tue Aug 18 06:37:17 +0000 2020","0","Manfaat menyontek : 1. otot mata sehat 2. kreatifitas meningkat 3. Meningkatkn sosial teman 4. Nilai bagus 5. Melatih kecepatan gerak","1295610702288150528","","","in","","0","0","0","https://twitter.com/asihpriyati1/status/1295610702288150528","2191779301","asihpriyati1"
"1295573666999275520","Tue Aug 18 04:10:07 +0000 2020","0","#Repost tdapursehat Salam! Semoga semua sehat bahagia bersama orang-orang terkasih dan tetap semangat. Postingan kali ini adalah laporan kegiatan sosial untuk Masamba. Sebelumnya kami update dari https://t.co/kHznZQCDbA","1295573666999275520","","","in","","0","0","0","https://twitter.com/ioflife/status/1295573666999275520","140295612","ioflife"
"1295548876120678401","Tue Aug 18 02:31:36 +0000 2020","2","Media penyiaran sebagai media informasi edukasi hiburan yang sehat kontrol dan perekat sosial. Agar tetap sesuai dengan moralitas nilai-nilai agama dan jatidiri bangsa konten dan isi siaran diawasi oleh Undang-Undang yang berlaku. https://t.co/RNtWbH8A3E","1295548876120678401","https://pbs.twimg.com/media/Efq2ccXVoAAkX-q.jpg","","in","SMS aduan 081573107000","0","1","0","https://twitter.com/kpidjabar1/status/1295548876120678401","2490643327","kpidjabar1"
"1295440595477905408","Mon Aug 17 19:21:20 +0000 2020","1","jadilah sosial yang sehat","1295440595477905408","","","in","Yogyakarta, Indonesia","0","1","0","https://twitter.com/beartrouble22/status/1295440595477905408","1096414510255005697","beartrouble22"
"1295384216775999493","Mon Aug 17 15:37:19 +0000 2020","0","Manfaat menyontek : 1. otot mata sehat 2. kreatifitas meningkat 3. Meningkatkn sosial teman 4. Nilai bagus 5. Melatih kecepatan gerak","1295384216775999493","","","in","","0","0","0","https://twitter.com/asihpriyati1/status/1295384216775999493","2191779301","asihpriyati1"
"1295329897922080768","Mon Aug 17 12:01:28 +0000 2020","0","ADAPTASI KEBIASAAN BARU DALAM KEHIDUPAN SEHARI-HARI Kebiasaan baru untuk hidup lebih sehat harus terus menerus dilakukan di masyarakat dan setiap individu sehingga menjadi norma sosial dan norma individu baru Hal https://t.co/laXuOZZAYe","1295329897922080768","","","in","polman sulbar","0","0","0","https://twitter.com/Sat_Lantas29/status/1295329897922080768","766215606626648064","Sat_Lantas29"
"1295226737152819200","Mon Aug 17 05:11:32 +0000 2020","0","Dirgahayu Indonesiaku. Sudah lanjut usiamu. Lekas sembuh dari korupsi intoleransi problem hak asasi ketimpangan sosial dan Covid-19. Lekas kembali menjadi Indonesia yang bersih berbudaya berbhineka dan sehat #dirgahayuindonesia https://t.co/D8z8jB8WSI","1295226737152819200","https://pbs.twimg.com/media/EfmR2g_UYAETcys.jpg","","in","🇮🇩","0","0","0","https://twitter.com/oktaviamanroe/status/1295226737152819200","71741008","oktaviamanroe"
"1295199799856074752","Mon Aug 17 03:24:30 +0000 2020","6","SALAM SEHAT Mengisi kemerdekaan dgn berolahraga tuk jaga kesehatan agar bisa bekerja guna tercapainya kesejahteraan sosial Indonesia. Mensos @juliaribatubara bersama Dirjen. Linjamsos Pepen Nazaruddin &amp; pejabat Eselon I Kementerian Sosial RI bersepeda bersama ke kantor Kemensos https://t.co/G7BwQJrjX6","1295199799856074752","https://pbs.twimg.com/media/Efl5LTNVoAEklzD.jpg","","in","Jakarta Capital Region","0","0","0","https://twitter.com/LinjamsosOke/status/1295199799856074752","833932614092271616","LinjamsosOke"
"1295193430537068545","Mon Aug 17 02:59:12 +0000 2020","2","SALAM SEHAT Mengisi kemerdekaan dgn berolahraga untuk menjaga kesehatan agar bisa bekerja guna tercapainya kesejahteraan sosial Indonesia. Mensos @juliaribatubara bersama Dirjen. Linjamsos Pepen Nazaruddin &amp; pejabat Eselon I Kementerian Sosial RI bersepeda bersama menuju kantor https://t.co/tdvljLawXj","1295193430537068545","https://pbs.twimg.com/media/EflzTTAUMAE8-bC.jpg","","in","Jakarta Capital Region","0","0","0","https://twitter.com/LinjamsosOke/status/1295193430537068545","833932614092271616","LinjamsosOke"
"1295172384450846720","Mon Aug 17 01:35:34 +0000 2020","0","Haiii sobat sehat! Berikut adalah penerapan Protokol Kesehatan di Klinik Bunga Melati. Dalam pelayanan kami selalu menerapkan protokol kesehatan seperti menjaga jarak aman dari kerumunan baik fisik maupun sosial https://t.co/Fe0TyaIfan","1295172384450846720","","","in","Malang, East Java","0","0","0","https://twitter.com/melaticareunit/status/1295172384450846720","3253804219","melaticareunit"
"1295157717770756104","Mon Aug 17 00:37:17 +0000 2020","0","Manfaat menyontek : 1. otot mata sehat 2. kreatifitas meningkat 3. Meningkatkn sosial teman 4. Nilai bagus 5. Melatih kecepatan gerak","1295157717770756104","","","in","","0","0","0","https://twitter.com/asihpriyati1/status/1295157717770756104","2191779301","asihpriyati1"
"1295038511679037447","Sun Aug 16 16:43:36 +0000 2020","694","Salam dan Doa untuk kawan dan sahabat sekalian siapanpun anda apapun status sosial kalian sesama anak negeri saya haturkan selamat HUT ke 75 sehat selalu dan tetap pada PROTOKOL KESEHATAN. Jaga ruang publik hindari berita bohong dan tetap membangun kebersamaa hormat AMN https://t.co/sSYQcotsHC","1295038511679037447","https://pbs.twimg.com/media/EfjmpiAU4AAFuxd.jpg","","in","Indonesia","12","83","120","https://twitter.com/AliNgabalin1/status/1295038511679037447","1041542534261080068","AliNgabalin1"
"1293798763828375552","Thu Aug 13 06:37:17 +0000 2020","0","Manfaat menyontek : 1. otot mata sehat 2. kreatifitas meningkat 3. Meningkatkn sosial teman 4. Nilai bagus 5. Melatih kecepatan gerak","1293798763828375552","","","in","","0","0","0","https://twitter.com/asihpriyati1/status/1293798763828375552","2191779301","asihpriyati1"
"1293746199413981184","Thu Aug 13 03:08:25 +0000 2020","0","Di masa sekarang2 ini hampir ga pernah denger himbauan hidup sehat dengan cara rutin olahraga makan bergizi dan tidur teratur. Isinya hanya pake masker sosial distancing dirumahaja nungguin vaksin corona dan denda untuk orang yg tidak patuh 'protokol' ","1293746199413981184","","","in","Lampung - Yogyakarta","0","2","0","https://twitter.com/delfarid/status/1293746199413981184","354816134","delfarid"
"1293572271194292224","Wed Aug 12 15:37:17 +0000 2020","0","Manfaat menyontek : 1. otot mata sehat 2. kreatifitas meningkat 3. Meningkatkn sosial teman 4. Nilai bagus 5. Melatih kecepatan gerak","1293572271194292224","","","in","","0","0","0","https://twitter.com/asihpriyati1/status/1293572271194292224","2191779301","asihpriyati1"
"1293521673388298252","Wed Aug 12 12:16:14 +0000 2020","15","Salah satu pelayanan kami yg 80 % dokter gigi berkomitmen secara disiplin ilmu kedokteran mau membantu tenaga dan pikiran agar RUMAH SEHAT ini tetap melayani bersifat sosial. Alhamdulillah semua telah kami pegang SIP dikami https://t.co/pT0x1dKejx","1293521673388298252","https://pbs.twimg.com/media/EfODGlBU4AMAsVF.jpg","","in","pinggir jakarta","0","0","0","https://twitter.com/izzan_art/status/1293521673388298252","1277607757944729605","izzan_art"
"1293488151059558401","Wed Aug 12 10:03:01 +0000 2020","1","Menjelang HUT Polwan Ke 72 Bhabinkamtibmas Sungai Rengas Aiptu Sehat Sitepu memberikan bantuan Beras Bantuan Sosial dari Polda Kalbar kepada Bpk Umar salah satu warga desa binaan kurang mampu terdampak covid-19 di Desa Rengas Kapuas https://t.co/I3CSZs8LLk","1293488151059558401","https://pbs.twimg.com/media/EfNknQIUEAAE2nW.jpg","","in","Jl.Raya Kakap No.88","0","0","0","https://twitter.com/P_SungaiKakap/status/1293488151059558401","869478923368673280","P_SungaiKakap"
"1293446897043009542","Wed Aug 12 07:19:05 +0000 2020","0","Banyak sekali informasi yang KALCare bagikan kepada Fams agar Sehat Lebih Mudah. Ada banyak juga lho cara untuk mendapatkan informasi tersebut mulai dari download aplikasi KALCare follow sosial media KALCare hingga save nomor WA KALCare.","1293446897043009542","","","in","https://www.kalcare.com/outlet","0","1","0","https://twitter.com/KALCare/status/1293446897043009542","293403061","KALCare"
"1293356460890402816","Wed Aug 12 01:19:44 +0000 2020","0","Part 1 : Bagaimana Mencapai Sehat Sempurna (Sehat Fisik Jiwa Sosial dan Spiritual)? - SUHU Talk bersama DR. dr. KRT. Bondan Agus S SE . MA . AAK Mantan kepala Dinas Kesehatan DIY Dosen di FKKMK UGM dan FK UII. - Selengkapnya tonton videonya di https://t.co/IvhXMKljJm","1293356460890402816","","","in","Yogyakarta, Indonesia","0","1","0","https://twitter.com/katasuhukita/status/1293356460890402816","1089770104911319040","katasuhukita"
"1293345776484024320","Wed Aug 12 00:37:16 +0000 2020","0","Manfaat menyontek : 1. otot mata sehat 2. kreatifitas meningkat 3. Meningkatkn sosial teman 4. Nilai bagus 5. Melatih kecepatan gerak","1293345776484024320","","","in","","0","0","0","https://twitter.com/asihpriyati1/status/1293345776484024320","2191779301","asihpriyati1"
"1293140106933465090","Tue Aug 11 11:00:01 +0000 2020","3","Definisi sehat bukan hanya sekedar bebas dari penyakit fisik namun juga harus sejahtera secara mental dan sosial. Bagaimana agar masyarakat lebih menganggap serius persoalan ini? Saksikan #15MinutesMetroTV eps. It's Okay to not be Okay Rabu (12/8) pukul 18.45 WIB. https://t.co/142Msnsgdf","1293140106933465090","https://pbs.twimg.com/media/EfH7dgAU0AA6jp2.jpg","","in","","1","0","0","https://twitter.com/Metro_TV/status/1293140106933465090","57261519","Metro_TV"
"1293119286957895682","Tue Aug 11 09:37:17 +0000 2020","0","Manfaat menyontek : 1. otot mata sehat 2. kreatifitas meningkat 3. Meningkatkn sosial teman 4. Nilai bagus 5. Melatih kecepatan gerak","1293119286957895682","","","in","","0","0","0","https://twitter.com/asihpriyati1/status/1293119286957895682","2191779301","asihpriyati1"
"1293102835798695936","Tue Aug 11 08:31:55 +0000 2020","0","4 sehat 5 sempurna harusnya diganti jadi 4 sehat 5 Keadilan sosial bagi seluruh rakyat Indonesia.","1293102835798695936","","","in","Jakarta","0","0","0","https://twitter.com/ejasembiring/status/1293102835798695936","125752870","ejasembiring"
"1293061627529502727","Tue Aug 11 05:48:10 +0000 2020","0","Kegiatan Monitoring dan Evaluasi Titik Pantau Kab/Kota Sehat 6 Agustus 2020. Ke LKS Pasundan Istri Garut Kota Lapad Ruhama Dinas Sosial. #fkgs #fkgskegiatan #fkgsmonitoringevaluasi #fkgsnewnormal #pemdagarut #bappedagarut #infogarut #garutupdate_ #garutsehat https://t.co/pkNhQ48HQt","1293061627529502727","https://pbs.twimg.com/media/EfHgr8_VoAIwU69.jpg","","in","","0","0","0","https://twitter.com/ForumGrutSehat/status/1293061627529502727","1279994594264903681","ForumGrutSehat"
"1293032828045627392","Tue Aug 11 03:53:44 +0000 2020","106","‍️ : Media sosial itu toxic palsu ngga sehat bla bla bla ... Ya terus ngapain disini? https://t.co/rETlFlZ6zI","1293032828045627392","https://pbs.twimg.com/media/EfHGgIIU0AEboiP.jpg","","in","Bali","6","10","48","https://twitter.com/nagotejena/status/1293032828045627392","132540233","nagotejena"
"1293006672852430849","Tue Aug 11 02:09:48 +0000 2020","1","Bang Asep kl lg di tv emang kocak tapi mantan preman tenabang ini wawasan dan pandangannya luas di bidang sosial budaya dan (situasi perkembangan) politik. sehat terus bang Asep https://t.co/RTryMgIWmm","1293006672852430849","https://pbs.twimg.com/media/EfGut0yVAAA8YXp.jpg","","in","Indonesia","0","2","0","https://twitter.com/Abrisamalimustf/status/1293006672852430849","967179511216332800","Abrisamalimustf"
"1292892790880256000","Mon Aug 10 18:37:16 +0000 2020","0","Manfaat menyontek : 1. otot mata sehat 2. kreatifitas meningkat 3. Meningkatkn sosial teman 4. Nilai bagus 5. Melatih kecepatan gerak","1292892790880256000","","","in","","0","0","0","https://twitter.com/asihpriyati1/status/1292892790880256000","2191779301","asihpriyati1"
"1292738436521025536","Mon Aug 10 08:23:55 +0000 2020","4","Pemberian Bantuan Sosial dan Kunjungan ke Kampung Sehat Desa Bonjeruk Kecamatan Jonggat Lombok Tengah pada hari Senin (10/8) dalam rangka Hari Jadi Polwan yang ke 72. https://t.co/PwMrKMOROP","1292738436521025536","https://pbs.twimg.com/ext_tw_video_thumb/1292738004998479872/pu/img/5pyTN9QBdEMHupCL.jpg","","in","Jl. Majapahit No. 88 Mataram","0","0","0","https://twitter.com/RTMCPoldaNTB/status/1292738436521025536","183982261","RTMCPoldaNTB"
"1292715535952560128","Mon Aug 10 06:52:55 +0000 2020","0","Menjelang HUT Polwan Ke 72 Bhabinkamtibmas Sungai Rengas Aiptu Sehat Sitepu memberikan bantuan Beras Bantuan Sosial dari Polda Kalbar kepada salah satu warga desa binaan kurang mampu yang terdampak covid-19 di Desa Rengas Kapuas https://t.co/JkvuUUpHhc","1292715535952560128","https://pbs.twimg.com/media/EfCl7cHUYAAZfzJ.jpg","","in","Jl.Raya Kakap No.88","0","0","0","https://twitter.com/P_SungaiKakap/status/1292715535952560128","869478923368673280","P_SungaiKakap"
"1292666300204949504","Mon Aug 10 03:37:17 +0000 2020","0","Manfaat menyontek : 1. otot mata sehat 2. kreatifitas meningkat 3. Meningkatkn sosial teman 4. Nilai bagus 5. Melatih kecepatan gerak","1292666300204949504","","","in","","0","0","0","https://twitter.com/asihpriyati1/status/1292666300204949504","2191779301","asihpriyati1"
"1292657771238703104","Mon Aug 10 03:03:23 +0000 2020","5","Tidak salah manusia terlahir sebagai makhluk-sosial. Bahwa tak mungkin manusia hidup tanpa orang-lain yang mana selalu saja ada kondisi sekedar berinteraksi pada saat dibutuhkan atau membutuhkan. Idealnya interaksi bersifat dua-arah pola hubungan yang sehat; saling membantu","1292657771238703104","","","in","Al Madinah Al Munawwarah, King","0","1","0","https://twitter.com/vasamodra/status/1292657771238703104","1263830868553949185","vasamodra"
"1292650901853728774","Mon Aug 10 02:36:05 +0000 2020","0","Kok ada orang yang masih follow orang orang toxic di media sosial. Bener bener nggak sehat ","1292650901853728774","","","in","Marseille, France","0","1","0","https://twitter.com/bobbydewitte/status/1292650901853728774","597199900","bobbydewitte"
"1292630431251099648","Mon Aug 10 01:14:45 +0000 2020","0","Jatim bermasker Magetan bermasker Magetan sehat.. Kegiatan Bakti Sosial Pembagian Masker dan Sembako oleh Kapolres Magetan bersama Dandim 0804/Magetan dan Komunitas Trail Magetan Kepada Warga di Desa Genilangit dan Wonomulyo Kecamatan Poncol Magetan https://t.co/fd53YcJotb","1292630431251099648","","","in","","0","0","0","https://twitter.com/MC76579895/status/1292630431251099648","1291571790116868099","MC76579895"
"1292613335750328320","Mon Aug 10 00:06:49 +0000 2020","0","Terimakasih its okay to not be okay sudah menemani weekend ku selama 2 bulan parah sih ceritanya banyak sekali pesan buat mental healthnya karena menurut WHO sehat adalah keadaan sempurna dari fisik mental dan sosial tidak hanya bebas dari penyakit atau kelemahan https://t.co/0x8XoraAO1","1292613335750328320","https://pbs.twimg.com/media/EfBI-OOVAAAozfB.jpg","","in","","0","0","0","https://twitter.com/nawrinaw/status/1292613335750328320","1254153280835293184","nawrinaw"
"1292439810804613121","Sun Aug 09 12:37:17 +0000 2020","0","Manfaat menyontek : 1. otot mata sehat 2. kreatifitas meningkat 3. Meningkatkn sosial teman 4. Nilai bagus 5. Melatih kecepatan gerak","1292439810804613121","","","in","","0","0","0","https://twitter.com/asihpriyati1/status/1292439810804613121","2191779301","asihpriyati1"
"1292071386832187394","Sat Aug 08 12:13:18 +0000 2020","0","Pada dasarnya manusia itu makhluk sosial. Harus bisa menjaga hubungan baik antara manusia satu dengan yang lainnya. Perkara manusia itu tidak suka atau iri kepada kita itu urusannya. Yang penting kami sebagai manusia yang memiliki akal sehat tetap berperilaku baik kpd seksama.","1292071386832187394","","","in","West Java, Indonesia","0","0","0","https://twitter.com/cuddleisdrugs/status/1292071386832187394","774855425682313217","cuddleisdrugs"
"1292067112899375104","Sat Aug 08 11:56:19 +0000 2020","1","Menkeu Sri Mulyani Indrawati mengungkapkan rasa syukurnya karena senantiasa dikaruniai kesehatan pada masa pandemi dan meningkatnya realisasi anggaran bantuan sosial. #Bansos https://t.co/QC3Q7Dt4uX SEHAT SELALU YA BU @smindrawatii","1292067112899375104","","","in","Indonesia","0","0","0","https://twitter.com/ARI_BHIROWO/status/1292067112899375104","2423043132","ARI_BHIROWO"
"1292041471084957696","Sat Aug 08 10:14:26 +0000 2020","0","Mainan yang tepat bisa berdampak pada perkembangan kognitif sosial emosional dan bahasa buah hati. Bermain juga bisa membuat otak anak menjadi lebih sehat. Supaya tidak keliru orangtua harus tahu beberapa https://t.co/hm92np6XQU","1292041471084957696","","","in","Indonesia","0","0","0","https://twitter.com/sekolahdasar/status/1292041471084957696","112983336","sekolahdasar"
"1292009948688179200","Sat Aug 08 08:09:10 +0000 2020","0","sosial media zaman sekarang banyak racunnya ya. capek juga kalau di pikir-pikir ga sehat buat kesehatan mental kalau di pakai berlebihan.","1292009948688179200","","","in","West Java, Indonesia","0","0","0","https://twitter.com/browniessus/status/1292009948688179200","1213018443470929920","browniessus"
"1292004347551703040","Sat Aug 08 07:46:55 +0000 2020","0","Visi mengapresiasikan kesenian kebudayaan melalui Musik Drum dan Perkusi Indonesia guna membangun generasi penerus bangsa yang berkarakter sehat kreatif cerdas semangat solid santun ramah dengan sosial https://t.co/kOV4FK0tpP","1292004347551703040","","","in","Bali, Indonesia","0","0","0","https://twitter.com/uce_rayamaja/status/1292004347551703040","853974476454678528","uce_rayamaja"
"1292003548507430912","Sat Aug 08 07:43:44 +0000 2020","0","Visi mengapresiasikan kesenian kebudayaan melalui Musik Drum dan Perkusi Indonesia guna membangun generasi penerus bangsa yang berkarakter sehat kreatif cerdas semangat solid santun ramah dengan sosial https://t.co/odngfJr4Sx","1292003548507430912","","","in","Indonesia","0","0","0","https://twitter.com/iddpf/status/1292003548507430912","2543516270","iddpf"
"1291986824777183233","Sat Aug 08 06:37:17 +0000 2020","0","Manfaat menyontek : 1. otot mata sehat 2. kreatifitas meningkat 3. Meningkatkn sosial teman 4. Nilai bagus 5. Melatih kecepatan gerak","1291986824777183233","","","in","","0","0","0","https://twitter.com/asihpriyati1/status/1291986824777183233","2191779301","asihpriyati1"
"1291968163123470336","Sat Aug 08 05:23:08 +0000 2020","0","Dimasa Pandemi Covid 19 tetap jalankan Protokol kesehatan ya gess: Sosial &amp; Pisical Distancing Biasakan pola hidup bersih &amp; sehat Pake masker..! Jaga Daya Tahan Tubuh kita dengan produk2 Essenzo yg https://t.co/bfv8YmuH2H","1291968163123470336","","","in","","0","0","0","https://twitter.com/ASTUMULIAWAN/status/1291968163123470336","456350753","ASTUMULIAWAN"
"1291923346137866242","Sat Aug 08 02:25:03 +0000 2020","0","Bantu Disnakertrans Satpol PP DKI Bakal Tempatkan Personel di Perkantoran: Merujuk Pergub 51 Tahun 2020 tentang Pelaksanaan Pembatasan Sosial Berskala Besar (PSBB) Pada Masa Transisi Menuju Masyarakat Sehat Aman dan Produktif Arifin menuturkan pihak https://t.co/oXd5msY6v5","1291923346137866242","","","in","Indonesia","0","0","0","https://twitter.com/merdekadotcom/status/1291923346137866242","456426648","merdekadotcom"
"1291915529775509506","Sat Aug 08 01:53:59 +0000 2020","10","Lucu bgt ya tetangga ku Bkin acara pernikahan besar besaran gini rame banget pke kuadrat rame nya. Dan gda yg pke masker ak liat Bukan julid cma ak kaget aja gtu. Ga ikut gabung di bilang anti sosial haha bomat yg penting ak sehat dgn dirmh aja https://t.co/Vm8ePBx34T","1291915529775509506","https://pbs.twimg.com/media/Ee3OTdIUEAEw9c3.jpg","","in","ONLY ELF","0","8","1","https://twitter.com/Istrinyasiwon_/status/1291915529775509506","3613029972","Istrinyasiwon_"
"1291888315956772865","Sat Aug 08 00:05:51 +0000 2020","3","(4) Ia ingin melakukan pembaharuan sehingga menjadi gambaran bagaimana menjaga akal sehat di tengah kegaduhan sosial politik. Pendukung: Sujiwo Tejo Cak Lontong Akbar Didik Nini Thowok Happy Salma Marwoto Trio GAM Butet Kartaredjasa Gita Sinaga Sruti Respati Bonita https://t.co/qI8yYRzdZF","1291888315956772865","https://pbs.twimg.com/media/Ee21CWdUYAIfAFV.jpg","","in","ÜT: -6.1655067,106.8186775","0","0","1","https://twitter.com/IndonesiaKaya/status/1291888315956772865","255827164","IndonesiaKaya"
"1291760331295875072","Fri Aug 07 15:37:17 +0000 2020","0","Manfaat menyontek : 1. otot mata sehat 2. kreatifitas meningkat 3. Meningkatkn sosial teman 4. Nilai bagus 5. Melatih kecepatan gerak","1291760331295875072","","","in","","0","0","0","https://twitter.com/asihpriyati1/status/1291760331295875072","2191779301","asihpriyati1"
"1291730429049888770","Fri Aug 07 13:38:28 +0000 2020","0","Berdasarkan mental health test saya bukanlah orang yang sehat secara mental.Perlakuan di masa kecil anti sosial beberapa kesakitan dan trauma psikis maupun batin.Benar-benar berperan besar dalam setiap tindakan dan pandangan hari ini entah itu soal kesuksesan hingga pernikahan.","1291730429049888770","","","in","Kota Manado, Sulawesi Utara","0","0","0","https://twitter.com/MamatBolota/status/1291730429049888770","3305598949","MamatBolota"
"1290627869522051080","Tue Aug 04 12:37:17 +0000 2020","0","Manfaat menyontek : 1. otot mata sehat 2. kreatifitas meningkat 3. Meningkatkn sosial teman 4. Nilai bagus 5. Melatih kecepatan gerak","1290627869522051080","","","in","","0","0","0","https://twitter.com/asihpriyati1/status/1290627869522051080","2191779301","asihpriyati1"
"1290535195813191683","Tue Aug 04 06:29:02 +0000 2020","0","Konversi Akademik Adalah Perubahan Informasi Intelektual Alamiah melalui Sistematika Akademik didalam Perolehan Legitimasi. Perluasan Sistematika Akademik Dibutuhkan Bagi Kelestarian &amp; Pengembangan Pendidikan Non Akademik di Lingkungan Sosial Demi Persaingan Sehat &amp; Kesetaraan.","1290535195813191683","","","in","Bulukumba, Sulawesi, Indonesia","0","0","0","https://twitter.com/Andiyadiputra/status/1290535195813191683","1228379249704226822","Andiyadiputra"
"1290516106902462465","Tue Aug 04 05:13:11 +0000 2020","1","Kendali Disiplin Diri Hadapi Pola Penyebaran Cepat Masuki Fase Adaptasi Kebiasaan Baru bukan berarti kita sebagai makhluk sosial produktif lantas abai terhadap tantangan kedewasaan perilaku sehat terkini Waktunya https://t.co/fMa1W7mDJ8","1290516106902462465","","","in","West Java, Indonesia","0","0","0","https://twitter.com/jasa_medivest/status/1290516106902462465","1275286598200856577","jasa_medivest"
"1290462106698088450","Tue Aug 04 01:38:36 +0000 2020","7","Media sosial itu juga media siapapun yang mengelola dan mengisi kontennya. Kalau pengelola membuat konten yang isinya menipu publik harus ada pertanggung-jawaban hukum. Media sosial yang sehat gak turun dari langit. Harus diperjuangkan. Ini bukan soal bungkam membungkam.","1290462106698088450","","","in","Jakarta Capital Region","0","0","6","https://twitter.com/muchlis_ar/status/1290462106698088450","33456112","muchlis_ar"
"1290444591372664833","Tue Aug 04 00:29:00 +0000 2020","0","#SaveKeris #SaveKeris berarti menyelamatkan AKAL SEHAT dr pengaruh manusia2 sampah perusak tatanan sosial di Nusantara. https://t.co/ZZ23ReCgSQ","1290444591372664833","https://pbs.twimg.com/media/EeiUgyKVAAArffT.jpg","","in","Ibu Pertiwi","0","0","0","https://twitter.com/Kalasuba2021/status/1290444591372664833","111547887","Kalasuba2021"
"1290401375621271553","Mon Aug 03 21:37:17 +0000 2020","0","Manfaat menyontek : 1. otot mata sehat 2. kreatifitas meningkat 3. Meningkatkn sosial teman 4. Nilai bagus 5. Melatih kecepatan gerak","1290401375621271553","","","in","","0","0","0","https://twitter.com/asihpriyati1/status/1290401375621271553","2191779301","asihpriyati1"
"1290359439334154240","Mon Aug 03 18:50:38 +0000 2020","0","Bakti Sosial Oase Kabinet Indonesia Maju Bersama Bhayangkari Oase Kabinet Indonesia Maju dan Bhayangkari Senantiasa Hadir Untuk Keluarga Indonesia Demi Mewujudkan Indonesia yang Berkarakter Sehat dan Sejahtera https://t.co/PV0mjFs9Bu","1290359439334154240","https://pbs.twimg.com/ext_tw_video_thumb/1290359243959238656/pu/img/vr2ehOKofNSADqRY.jpg","","in","Talang, Indonesia","0","0","0","https://twitter.com/sektalang/status/1290359439334154240","2388202254","sektalang"
"1290313749585223681","Mon Aug 03 15:49:05 +0000 2020","0","Bakti Sosial Oase Kabinet Indonesia Maju Bersama Bhayangkari Oase Kabinet Indonesia Maju dan Bhayangkari Senantiasa Hadir Untuk Keluarga Indonesia Demi Mewujudkan Indonesia yang Berkarakter Sehat dan Sejahtera https://t.co/06yUpprEcD","1290313749585223681","https://pbs.twimg.com/ext_tw_video_thumb/1290313484782014466/pu/img/87UtG9ekH4csNJ33.jpg","","in","Bojong, Indonesia","0","0","0","https://twitter.com/PolsekbojongTGL/status/1290313749585223681","1220605343987716097","PolsekbojongTGL"
"1290293623829827585","Mon Aug 03 14:29:07 +0000 2020","1","Bakti Sosial Oase Kabinet Indonesia Maju Bersama Bhayangkari Oase Kabinet Indonesia Maju dan Bhayangkari Senantiasa Hadir Untuk Keluarga Indonesia Demi Mewujudkan Indonesia yang Berkarakter Sehat dan Sejahtera https://t.co/8lQ7y7TCeD","1290293623829827585","https://pbs.twimg.com/ext_tw_video_thumb/1290293389091467265/pu/img/qBR2bHO4vzIryxLD.jpg","","in","Pagerbarang, Indonesia","0","0","0","https://twitter.com/SPagerbarang/status/1290293623829827585","1261166018145091585","SPagerbarang"
"1290286397161476097","Mon Aug 03 14:00:24 +0000 2020","0","Bakti Sosial Oase Kabinet Indonesia Maju Bersama Bhayangkari Oase Kabinet Indonesia Maju dan Bhayangkari Senantiasa Hadir Untuk Keluarga Indonesia Demi Mewujudkan Indonesia yang Berkarakter Sehat dan Sejahtera https://t.co/5NiT6dgXvj","1290286397161476097","https://pbs.twimg.com/ext_tw_video_thumb/1290286228542124035/pu/img/sjHYBlWOSbthacGx.jpg","","in","","0","0","0","https://twitter.com/polsektrucuk1/status/1290286397161476097","1274596465801703424","polsektrucuk1"
"1290264565494628352","Mon Aug 03 12:33:39 +0000 2020","0","Bakti sosial Pass Kabinet Indonesia maju dan Bhayangkari Oase Kabinet Indonesia Maju dan Bhayangkari Senantiasa Hadir Untuk Keluarga Indonesia Demi Mewujudkan Indonesia yang Berkarakter Sehat dan Sejahtera https://t.co/8cgDy9yamQ","1290264565494628352","https://pbs.twimg.com/ext_tw_video_thumb/1290264446028275714/pu/img/lX0_28JxIHQgMqiP.jpg","","in","","0","0","0","https://twitter.com/marowola/status/1290264565494628352","1101799852357251073","marowola"
"1290222189438877697","Mon Aug 03 09:45:15 +0000 2020","4","Hallo teman-teman Apa kabar semuanya? Semoga sehat selalu dan dalam keadaan yang baik ya! Ketemu lagi sama event terbesar Dept. Sains Komunikasi dan Pengembangan Masyarakat IPB yaitu : The 6th Connection 2020 Penasaran? Pantengin terus sosial media Connection IPB ya","1290222189438877697","","","in","Bogor, Jawa Barat","0","1","3","https://twitter.com/connection_ipb/status/1290222189438877697","1257279339990679554","connection_ipb"
"1290220873832529921","Mon Aug 03 09:40:02 +0000 2020","13","Ada yang tidak sehat hidup dinegara demokrasi hari ini??? Aku kira mengekang kebebasan berpendapat dimuka umum sudah punya jalan yang tepat sejak 1998?? Ternyata hari ini masih hidup dan mengakar terbukti di media sosial pun akun @prd_indonesia diblokir https://t.co/P3NvhaW36r","1290220873832529921","https://pbs.twimg.com/media/EefJC8rUEAMg9gK.jpg","","in","indonesia","2","1","3","https://twitter.com/wesitowes/status/1290220873832529921","836642289707470848","wesitowes"
"1290198979448385536","Mon Aug 03 08:13:02 +0000 2020","51","Gubernur Jateng @ganjarpranowo Siapkan Mekanisme Denda bagi ASN yang Tak Pakai Masker Kita ingin sehat tp juga tetap produktif. Ayo disiplin dalam melakukan pembatasan sosial &amp; protokol kesehatan. Bravo Jateng https://t.co/7rspW20U3m","1290198979448385536","","","in","Indonesia ","0","3","20","https://twitter.com/_Rizmaya__/status/1290198979448385536","382522068","_Rizmaya__"
"1290174884757172224","Mon Aug 03 06:37:17 +0000 2020","0","Manfaat menyontek : 1. otot mata sehat 2. kreatifitas meningkat 3. Meningkatkn sosial teman 4. Nilai bagus 5. Melatih kecepatan gerak","1290174884757172224","","","in","","0","0","0","https://twitter.com/asihpriyati1/status/1290174884757172224","2191779301","asihpriyati1"
"1290153621468848131","Mon Aug 03 05:12:47 +0000 2020","2","MATINYA KEPAKARAN : Saat peran pakar hilang hanya diisi orang2 awam yg tidak dibekali pengetahuan dan ditunjang basis data maka forum diskusi dan debat di media sosial menjadi tidak sehat dan justru membahayakan demokrasi . https://t.co/InvoC5lmtJ","1290153621468848131","https://pbs.twimg.com/media/EeeL4XOUwAUwXBc.jpg","","in","Kota Surabaya, Jawa Timur","0","1","0","https://twitter.com/RobbySanzz_/status/1290153621468848131","723550437454962688","RobbySanzz_"
"1289948394463477762","Sun Aug 02 15:37:17 +0000 2020","0","Manfaat menyontek : 1. otot mata sehat 2. kreatifitas meningkat 3. Meningkatkn sosial teman 4. Nilai bagus 5. Melatih kecepatan gerak","1289948394463477762","","","in","","0","0","0","https://twitter.com/asihpriyati1/status/1289948394463477762","2191779301","asihpriyati1"
"1289824133660864512","Sun Aug 02 07:23:31 +0000 2020","0","Mari sejenak berdiskusi sehat Gimana pendapat mu dengan orang yg berqurban lalu memposting hal tersebut di sosial media? #diskusisehat","1289824133660864512","","","in","","0","1","0","https://twitter.com/BubuJR8/status/1289824133660864512","1177799647210786817","BubuJR8"
"1289788424170254339","Sun Aug 02 05:01:38 +0000 2020","0","Islam bukan cuma mengajarkan sebuah ideologi semata akan tetapi mencakup semua aspek kehidupan manusia diantaranya ekonomi dan sosial. #Belajar digital marketing #UMKM #Bahagia #SEHAT #dahsyat #SELAMAT https://t.co/I8sRhWlIdC","1289788424170254339","","","in","","0","0","0","https://twitter.com/artdiafkar/status/1289788424170254339","1283764042281058304","artdiafkar"
"1289730896501723138","Sun Aug 02 01:13:02 +0000 2020","329","Tingginya penggunaan medsos ternyata tdk munculkan toleransi utk berbeda pendapat. Bnyk yg blm bisa terima perbedaan lalu kumpul hny dg yg sealiran politik &amp; agama. Penglompokkan berdasar fanatisme ini tdk sehat krn ciptakan sekat2 sosial yg penuh prasangka &amp; slg merendahkan.","1289730896501723138","","","in","Kota Surabaya, Jawa Timur. ","9","27","58","https://twitter.com/henrysubiakto/status/1289730896501723138","201554665","henrysubiakto"
"1289721902261403649","Sun Aug 02 00:37:18 +0000 2020","0","Manfaat menyontek : 1. otot mata sehat 2. kreatifitas meningkat 3. Meningkatkn sosial teman 4. Nilai bagus 5. Melatih kecepatan gerak","1289721902261403649","","","in","","0","0","0","https://twitter.com/asihpriyati1/status/1289721902261403649","2191779301","asihpriyati1"
"1289636177729826816","Sat Aug 01 18:56:39 +0000 2020","0","Hasil overthinking menjelang pagi Dunia sosial media makin lama makin nggak sehat. Kepikiran kenapa sekarang banyak banget orang yang kena mental illness salah satunya bisa jadi juga gara-gara sosial media yang kita nggak bisa kontrol apa yang lewat tl kita (cont)","1289636177729826816","","","in","EXO SVT","0","1","0","https://twitter.com/sincerelyw_/status/1289636177729826816","2913674400","sincerelyw_"
"1289522762667581441","Sat Aug 01 11:25:59 +0000 2020","1","Hampir 5 bulan pembatasan sosial ketat diikuti pelonggaran terus bergulir. Namun disiplin hidup sehat agar mampu melewati pandemi belum juga terwujud. PBB menyatakan krisis ekonomi dan sosial di depan mata. #AdadiKompas #COVID19 https://t.co/NRPPEkX7sp","1289522762667581441","","","in","Palmerah, Jakarta","0","0","0","https://twitter.com/KompasData/status/1289522762667581441","771030588","KompasData"
"1289495408935239680","Sat Aug 01 09:37:17 +0000 2020","0","Manfaat menyontek : 1. otot mata sehat 2. kreatifitas meningkat 3. Meningkatkn sosial teman 4. Nilai bagus 5. Melatih kecepatan gerak","1289495408935239680","","","in","","0","0","0","https://twitter.com/asihpriyati1/status/1289495408935239680","2191779301","asihpriyati1"
"1289487164544180229","Sat Aug 01 09:04:32 +0000 2020","3","Sahabat LPS isu rush money atau penarikan uang di bank secara besar-besaran masih banyak diperbincangkan di media sosial. Kamu tak perlu menghiraukan isu tersebut karena kondisi perbankan nasional saat ini terbilang sehat dan aman. https://t.co/Vs7ra7kpMn","1289487164544180229","https://pbs.twimg.com/media/EeUtvRZU4AAWEfx.jpg","","in","Jakarta, Indonesia","0","1","1","https://twitter.com/lps_idic/status/1289487164544180229","274895088","lps_idic"
"1289455771718057984","Sat Aug 01 06:59:47 +0000 2020","1","pas sehat kebanyakan kerja fisik drop. pas bedrest kebanyakan sosial media mental drop.","1289455771718057984","","","in","surabaya","0","0","0","https://twitter.com/mnabil2923/status/1289455771718057984","149576709","mnabil2923"
"1289416206529597440","Sat Aug 01 04:22:34 +0000 2020","0","monitoring distribusi bantuan sosial @kemensosri Tahap VII Rw. 004... . . . . . Mari bersama cegah penyebaran covid-19 dengan menerapkan protokol kesehatan dan pola hidup bersih dan sehat . @Kota_Tangerang https://t.co/ucfavSDZdo","1289416206529597440","","","in","","0","0","0","https://twitter.com/kelsukajadi1014/status/1289416206529597440","798835107851157504","kelsukajadi1014"
"1289405495741165569","Sat Aug 01 03:40:00 +0000 2020","0","Monitoring Distribusi Bantuan Sosial @kemensosri Tahap VII Rw. 006... . . . . . Mari bersama cegah penyebaran covid-19 dengan menerapkan protokol kesehatan dan pola hidup bersih dan sehat . @Kota_Tangerang https://t.co/QolkiobrW0","1289405495741165569","","","in","","0","0","0","https://twitter.com/kelsukajadi1014/status/1289405495741165569","798835107851157504","kelsukajadi1014"
"1289405052663128065","Sat Aug 01 03:38:15 +0000 2020","0","Monitoring Distribusi Bantuan Sosial @kemensosri Tahap VII.... . . . . . Mari bersama cegah penyebaran covid-19 dengan menerapkan protokol kesehatan dan pola hidup bersih dan sehat . @Kota_Tangerang https://t.co/B76xdvFKTx","1289405052663128065","","","in","","0","0","0","https://twitter.com/kelsukajadi1014/status/1289405052663128065","798835107851157504","kelsukajadi1014"
"1289396827649798145","Sat Aug 01 03:05:34 +0000 2020","2","tidak tau kamu pura-pura tidak aktif di sosial media atau bagaimana yang penting aku tau kamu masih aktif di dunia nyata sampai sekarang alhamdulilah panjang umur sehat selalu yaaa","1289396827649798145","","","in","she/her","0","1","0","https://twitter.com/oops43224621/status/1289396827649798145","1205254943101181952","oops43224621"
"1289364027768881153","Sat Aug 01 00:55:14 +0000 2020","102","Selamat pagi smg kita semua sehat dlm lindungan Allah. Berqurban hakikatnya adl meningkatkan ketaqwaan &amp; kepedulian sosial. Imam Ghozali mengutip sabda Nabi: Perbaguslah hewan qurban kalian karena dia akan menjadi tunggangan kalian melewati shirath . Penjelasan https://t.co/NQwVn27hj7","1289364027768881153","https://pbs.twimg.com/media/EeS9v8aUwAEJ19K.jpg","","in","Di atas Bumi Bawah Langit","0","2","28","https://twitter.com/Badruz_zamaan/status/1289364027768881153","1099451853023002624","Badruz_zamaan"
