"conversation_id_str","created_at","favorite_count","full_text","id_str","image_url","in_reply_to_screen_name","lang","location","quote_count","reply_count","retweet_count","tweet_url","user_id_str","username"
"1784977214590890041","Mon Apr 29 16:05:05 +0000 2024","2"," hiiii semuaa selamat malam kalian ada yang mau ngisi kuisioner sender gak buat tugas? syaratnya cukup pengguna media sosial dengan rentang umur 12-30 tahun aja. Reply kalau bersedia yaaa terima kasih banyak sehat selalu ","1784977214590890041","","","in","","0","12","0","https://twitter.com/convomf/status/1784977214590890041","1314975287294083073","convomf"
"1784896036294558040","Mon Apr 29 10:42:31 +0000 2024","0","serem ya sekarang karena satu postingan aja orang lain udah judge seolah paling tau (SATU POSTINGAN LOH). Padahal kita gak tahu secara personal dia gimana? temen sendiri aja kita kadang salah nilai apalagi orang random di media sosial? sehat sehat pookie max","1784896036294558040","","","in","","0","0","0","https://twitter.com/anakke_enam/status/1784896036294558040","1445469920909615104","anakke_enam"
"1784838362823811358","Mon Apr 29 06:53:21 +0000 2024","1","Serba-serbi aplikasi untuk berbagai kegunaan pasti ada deh di handphone Sahabat Sehat Inaco. Mulai dari aplikasi untuk komunikasi sosial media lihat resep-resep masakan sampai untuk olahraga. Coba spill dong 3 aplikasi apa yang paling sering bikin Sahabat lupa waktu? https://t.co/cWehxvzdsd","1784838362823811358","https://pbs.twimg.com/media/GMUFBrHaYAAfqod.jpg","","in","Indonesia","0","0","0","https://twitter.com/SahabatInaco/status/1784838362823811358","4484122274","SahabatInaco"
"1784719836758810700","Sun Apr 28 23:02:22 +0000 2024","0","Lembaga2 idiot macam @beacukaiRI ini kenapa harus viral dulu baru akal sehat dan hati nuraninya (terpaksa) dipake?? Lebih takut sanksi sosial drpd dosa?? https://t.co/FfaIFf92Qe","1784719836758810700","https://pbs.twimg.com/media/GMSZOcAaMAAp9_3.jpg","","in","DEPOK","0","1","0","https://twitter.com/_moodjack/status/1784719836758810700","1531950023608770565","_moodjack"
"1784677391811621260","Sun Apr 28 20:13:42 +0000 2024","1","Yg bikin slogan KERJA KERJA KERJA tp hslnya HUTANG menggunung serba Impor KKN menggila kedaulatan terjual. Ini sih Gembar gembor doang. itulah yg hrs DILAWAN dg Ide narasi dan Aksi Perubahan berdasar akal sehat menuju Keadilan Sosial tegaknya Hukum dan Demokrasi!","1784677391811621260","","","in","Indonesia","0","0","0","https://twitter.com/arismaya/status/1784677391811621260","101113536","arismaya"
"1784576052368642255","Sun Apr 28 13:31:01 +0000 2024","0","Kegiatan Sosial Hingga Jalan Sehat Meriahkan HUT ke-50 SMAN 1 Mertoyudan Magelang https://t.co/bxMcBeJtEM","1784576052368642255","","","in","Sleman, Indonesia","0","0","1","https://twitter.com/BorobudurNews_/status/1784576052368642255","828503372969832448","BorobudurNews_"
"1784560282251202661","Sun Apr 28 12:28:21 +0000 2024","3","Fruitful Feast: Salad Buah Kekinian! Makanan keluarga yang sehat dan delicious Fruitful Feast akan segera hadir loh di Surabaya nantikan informasi selanjutnya hanya di sosial media Fruitful Feast Yuk kepoin! https://t.co/h3CwBw6Bqs","1784560282251202661","https://pbs.twimg.com/media/GMQH7q3bQAA6jVv.jpg","","in","","0","0","0","https://twitter.com/fruitful_feast/status/1784560282251202661","1784227551176761344","fruitful_feast"
"1784501020548358312","Sun Apr 28 08:32:52 +0000 2024","0","Ya Allah setiap buka sosial media ada aja berita-berita yang bikin nagih bacanya karena sangat menguras emosi. Semoga sehat selalu kalian orang yang masih waras sayangi orang terdekat kalian tetangga dan jangan lupa minum air mineral 10 Liter per hari. Hindari gula dan pedas!","1784501020548358312","","","in","Bandung","0","1","0","https://twitter.com/bayudfr/status/1784501020548358312","36573386","bayudfr"
"1784387424724128185","Sun Apr 28 01:01:29 +0000 2024","0","Babinsa Koramil 12/Ngawen Kodim 0721/Blora Hari Minggu 28/04/2024 melaksanakan giat komunikasi sosial (Komsos) bersama dengan warga untuk menyampaikan agar warga menjaga pola hidup sehat dan kebersihantps://www.instagram.com/p/C6STLpCSycJ/?igsh=aDQyajNyN2l2d2hi","1784387424724128185","","","in","","0","0","0","https://twitter.com/NgawenKoramil12/status/1784387424724128185","1494532656687505409","NgawenKoramil12"
"1784306370755575936","Sat Apr 27 19:39:24 +0000 2024","2","Betul hukum itu tidak sempurna tetapi ada fungsi simbolis supaya mendidik masyarakat ke jalan yang sehat untuk jangka panjang. Melegalkan seks komersil bisa jadi pelepas tensi/mengecohkan isu sosial maupun politik yang ada sekarang namun ini cenderung efeknya hanya sementara ","1784306370755575936","","","in","I wish I lived in Hong Kong","0","1","0","https://twitter.com/laevantines/status/1784306370755575936","1719238001530998784","laevantines"
"1784261402359890189","Sat Apr 27 16:40:42 +0000 2024","2","Hai guys! Gelly Jelly camilan sehat bakal segera hadir buat bikin hari-hari kalian makin seru dan manis! Pantengin terusss sosial media kita ya! Tiktok : @gellyjelly5 Instagram : @gellyjelly5 #camilansehat #jajansurabaya #jellyballsurabaya #surabayafoodies #kulinersurabaya https://t.co/DIyIyoenH6","1784261402359890189","https://pbs.twimg.com/media/GML4RosagAE3xr5.jpg","","in","","0","0","1","https://twitter.com/gellyjelly5/status/1784261402359890189","1783350100892545024","gellyjelly5"
"1784221227101593770","Sat Apr 27 14:01:04 +0000 2024","605","PKB resmi gabung pemerintahan Prabowo Gibran dgn ini PKS di tinggal sendirian Jika oposisi cuma PKS saja apakah bisa sehat demokrasi Indonesia Sementara kita cuma oposisi media sosial yg hanya bisa bersuara tanpa punya hak voting di parlemen *Aseeww tenan dramanya https://t.co/uoKKeBwVFf","1784221227101593770","https://pbs.twimg.com/ext_tw_video_thumb/1784221162576494592/pu/img/3dqTGg07rq1-22kg.jpg","","in","antara ada dan tiada ","166","183","164","https://twitter.com/never_alonely/status/1784221227101593770","1369949963690549248","never_alonely"
"1784024155522015248","Sat Apr 27 00:57:58 +0000 2024","0","Topik tentang kehilangan(?) kehilangan keluarga maupun diri mereka sendiri hilang akal sehat. Topik fav ku juga tentang friendship atau partners/coworkers setiap oc pasti ada aja sahabat atau partner nya walaupun beberapa dari mereka pendiam bahkan anti sosial.","1784024155522015248","","","in","Uncomfort","0","0","0","https://twitter.com/NaiiLilac221/status/1784024155522015248","1696734952006754304","NaiiLilac221"
"1784011380447760598","Sat Apr 27 00:07:13 +0000 2024","11","[SESI] . Apa itu SESI? SESI adalah singkatan dari Sebuah Inspirasi . Seperti yang dikatakan dari Divisi Kesehatan BEM FKM UNISKA MAB Kesehatan adalah keadaan sehat baik secara fisik mental spiritual maupun sosial yang memungkinkan setiap orang untuk hidup produktif secara https://t.co/IGn5VLUsGS","1784011380447760598","https://pbs.twimg.com/media/GMIU5J8bEAAcwA0.jpg","","in","Banjarmasin, Kalsel","0","1","0","https://twitter.com/BEMFKMUNISKA/status/1784011380447760598","1102913030","BEMFKMUNISKA"
"1783857322592489500","Fri Apr 26 13:55:02 +0000 2024","6","empat sehat lima keadilan sosial bagi seluruh rakyat Indonesia https://t.co/basTIprLAh","1783857322592489500","https://pbs.twimg.com/media/GMGIxpraUAADysg.jpg","","in","","1","1","1","https://twitter.com/Rixxzyz/status/1783857322592489500","1700883821477179392","Rixxzyz"
"1783847271823737083","Fri Apr 26 13:15:06 +0000 2024","1","Ini bener banget:((( walau sekecil dia mau ngeluangin waktu buat bales chatku pas butuh atau ngelike status di sosial media krn dia peduli apalagi sampai mau ngeluangin waktunya buat main sama aku Sehat sehat kalian","1783847271823737083","","","in","Bali, Indonesia","0","0","0","https://twitter.com/micellliarah/status/1783847271823737083","1740326485842599936","micellliarah"
"1783522143114076267","Thu Apr 25 15:43:09 +0000 2024","2","Berasa liat kampanye sosial kalo baca teori maestro semangat Sebong. Sehat sehat selalu makasih udah kasih edukasi tersirat wat kita. Lop yu semoga kambekmu ngehits banget satu dunia","1783522143114076267","","","in","homophobic dni | semi active","0","0","0","https://twitter.com/fboogyu/status/1783522143114076267","1386935217634516995","fboogyu"
"1783480214183665999","Thu Apr 25 12:56:33 +0000 2024","0","Gue ngetik ini scr personal udah ilfeel duluan sama karakternya kurang cocok sama tipe begini karena beda value. Orang yang keren dan sehat ga berfokus buat dapet benefit personal (berkuasa) tapi punya minat sosial. Outputnya jadi lebih ngasih impact ke sekitar berkarya","1783480214183665999","","","in","","0","1","0","https://twitter.com/Lesyreux/status/1783480214183665999","758556272","Lesyreux"
"1783405615349440645","Thu Apr 25 08:00:07 +0000 2024","1","Biasakan Hidup Bersih dan Sehat KKN UAD Ajarkan 7 Langkah Cuci Tangan pada Anak-Anak Ikuti Akun Media Sosial Kami di Link Berikut ini: https://t.co/t2e9WYxTHZ #muhammadiyah #aisyiyah #tvmujogja #tvmuhammadiyah https://t.co/8tiNvbcEvV","1783405615349440645","https://pbs.twimg.com/media/GL_t8Z2WwAAZinL.jpg","","in","Yogyakarta, D.I.Y","0","0","1","https://twitter.com/tvmujogja_/status/1783405615349440645","1445239305237000196","tvmujogja_"
"1783375124588347785","Thu Apr 25 05:58:57 +0000 2024","0","Dinas Sosial Kabupaten Karanganyar mengucapkan Selamat Memperingati Hari OTONOMI daerah XXVIII Tahun 2024. Otonomi Daerah Berkelanjutan Menuju Ekonomi Hijau dan Lingkungan Sehat. https://t.co/aDxmehelRA","1783375124588347785","https://pbs.twimg.com/media/GL_SONZa0AALJag.jpg","","in","","0","0","0","https://twitter.com/dinsoskra/status/1783375124588347785","1112580050149232640","dinsoskra"
"1783309762886840633","Thu Apr 25 01:39:14 +0000 2024","0","Info Bapas Ambon - Dalam rangka memperingati Hari Bakti Pemasyarakatan yang ke-60 tahun 2024 Balai Pemasyarakatan kelas II Ambon melakukan bakti sosial dengan tema Pemasyarakatan Sehat https://t.co/eo0jzrWVQP","1783309762886840633","https://pbs.twimg.com/media/GL-WkzqawAACQQa.jpg","","in","PASSO, Jln Karel Sadsuitubun","0","0","0","https://twitter.com/BapasAmbon/status/1783309762886840633","1280827256781201414","BapasAmbon"
"1783174213987455266","Wed Apr 24 16:40:37 +0000 2024","0","Membangun Demokrasi Sehat dan Berkelanjutan usai Pemilu 2024 Ini Kata Pengamat Sosial Politik https://t.co/AFg6dX6HJx","1783174213987455266","","","in","Indonesia","0","0","0","https://twitter.com/KompasTV/status/1783174213987455266","71436318","KompasTV"
"1783149303869165739","Wed Apr 24 15:01:38 +0000 2024","0","4 sehat 5 keadilan sosial bagi seluruh rakyat indonesia","1783149303869165739","","","in","Malang, Jawa Timur","0","0","0","https://twitter.com/YlTrio/status/1783149303869165739","1144671068541468672","YlTrio"
"1783043901080957422","Wed Apr 24 08:02:48 +0000 2024","0","Ternyata mau hidup sehat dan bahagia itu gak susah ya Sedikit tips dari mimin kalo Sanak lagi bosen bisa banget cek media sosial BNNK Solok lhooo️ Siapa tau ada info menarik dan games seru Tetap jauhi penyalahgunaan dan peredaran gelap narkoba ya Sanak... https://t.co/57ZjaZJ02q","1783043901080957422","https://pbs.twimg.com/media/GL6k-LHaAAACNLJ.jpg","","in","KOTO BARU KABUPATEN SOLOK","0","0","0","https://twitter.com/bnnksolok/status/1783043901080957422","1481108716821057537","bnnksolok"
"1783016415035117782","Wed Apr 24 06:13:34 +0000 2024","0","Kelompok pekerja memiliki kerentanan yang cukup tinggi terhadap penyalahgunaan narkoba. Dengan mengedepankan budaya &amp; lingkungan kerja yang sehat aman dan dukungan komunikasi sosial yang baik di tempat kerja dapat menciptakan lingkungan kerja yang bersinar (bersih narkoba). https://t.co/lClevZwkPy","1783016415035117782","https://pbs.twimg.com/media/GL6L-QObQAADtmC.jpg","","in","Kota Balikpapan","0","1","1","https://twitter.com/BNNK_Balikpapan/status/1783016415035117782","1147857824","BNNK_Balikpapan"
"1782996115018911792","Wed Apr 24 04:52:54 +0000 2024","0","seharian ini energi sosial nya full terkuras habis. itung-itung jalan sehat gratiss","1782996115018911792","","","in","Malang, Jawa Timur","0","0","0","https://twitter.com/bellaaliyah20/status/1782996115018911792","1252812634480467971","bellaaliyah20"
"1782910833640763577","Tue Apr 23 23:14:02 +0000 2024","0","Rapat Kerja Kesehatan Nasional Tahun 2024 24 - 25 April 2024 di ICE BSD Tangerang Pantau dan simak rangkaian acaranya di media sosial resmi @Kemenkes_ri ya Salam sehat! #Rakerkesnas2024 #TransformasiKesehatan #MenujuIndonesiaemas https://t.co/j6UOgQnTJJ","1782910833640763577","https://pbs.twimg.com/ext_tw_video_thumb/1782910782478663680/pu/img/4dy5TDg6bp8UwThW.jpg","","in","Bandung","0","0","0","https://twitter.com/rshsbdg/status/1782910833640763577","874755092","rshsbdg"
"1782823501000503814","Tue Apr 23 17:27:00 +0000 2024","0","Sumbernya idiologi khilafah adl sumber yg sgt toxic yaitu agama ttt. Jd dpt disimpulkan bhw agama ttt tsb sgt merusak peradaban akal sehat &amp; sgt merusak kemanusiaan &amp; sgt merusak keharmonisan sosial.","1782823501000503814","","","in","","0","0","0","https://twitter.com/GejayanMoses/status/1782823501000503814","1729021734828085248","GejayanMoses"
"1782273119635534114","Mon Apr 22 04:59:59 +0000 2024","0","kita usahakan penghasilan 2 digit perminggu jalan jalan kemampuan yang kita mau makan sehat konsisten olahraga semakin erat hubungan sosial dengan sekitar dan bahagia sendiri. be single be happy gratefull","1782273119635534114","","","in","Kuningan, Indonesia","0","0","0","https://twitter.com/Yasin_AlFasah/status/1782273119635534114","1335497147714695168","Yasin_AlFasah"
"1782259877597049145","Mon Apr 22 04:07:22 +0000 2024","0","idk tp org org stop merasa kurus tuh sehat. i mean kl lu kurus lu hrs lebih mikirin badan lu krn itu jg GA SEHAT instead of mikirin badan krg lain. emang konstruksi sosial tai bgt","1782259877597049145","","","in","MedicinePU'21","0","0","0","https://twitter.com/Afflictionist/status/1782259877597049145","1157829746085863424","Afflictionist"
"1782246353281921368","Mon Apr 22 03:13:37 +0000 2024","0","Remaja seringkali mengalami perubahan emosional dan sosial yang signifikan dalam fase perkembangan mereka. Di tengah perubahan ini komunikasi efektif antara orang tua dan remaja menjadi kunci penting dalam membangun hubungan yang sehat- https://t.co/VaUJEptaDX","1782246353281921368","https://pbs.twimg.com/media/GLvPdy-boAATw64.jpg","","in","","0","1","0","https://twitter.com/dppappdki/status/1782246353281921368","4891065976","dppappdki"
"1782241787438072009","Mon Apr 22 02:55:29 +0000 2024","0","Huf sehat sehat deh pekerja sosial","1782241787438072009","","","in","🇩🇪","0","0","0","https://twitter.com/wunschedir/status/1782241787438072009","913026073587179522","wunschedir"
"1781950614534308044","Sun Apr 21 07:38:28 +0000 2024","0","Terjebak pada standar sosial usia ideal dan mengkambing hitamkan individu lain. Sehat?","1781950614534308044","","","in","Yogyakarta, Indonesia","0","0","0","https://twitter.com/mellyniasalzaa/status/1781950614534308044","1235026169029779457","mellyniasalzaa"
"1781850356093210841","Sun Apr 21 01:00:04 +0000 2024","1","KKN UAD Edukasi Perilaku Hidup Bersih dan Sehat kepada Anak-Anak Ikuti Akun Media Sosial Kami di Link Berikut ini: https://t.co/t2e9WYxTHZ #muhammadiyah #aisyiyah #tvmujogja #tvmuhammadiyah https://t.co/Lu7viUjAJu","1781850356093210841","https://pbs.twimg.com/media/GLpncs3WMAAiqb0.jpg","","in","Yogyakarta, D.I.Y","0","0","0","https://twitter.com/tvmujogja_/status/1781850356093210841","1445239305237000196","tvmujogja_"
"1781669169160769569","Sat Apr 20 13:00:06 +0000 2024","0","Ajak Warga Olahraga Bersama KKN UAD Adakan Jalan Sehat Ikuti Akun Media Sosial Kami di Link Berikut ini: https://t.co/t2e9WYxTHZ #muhammadiyah #aisyiyah #tvmujogja #tvmuhammadiyah https://t.co/j96CIjzP5R","1781669169160769569","https://pbs.twimg.com/media/GLnCqFAXUAEpO1E.jpg","","in","Yogyakarta, D.I.Y","0","0","0","https://twitter.com/tvmujogja_/status/1781669169160769569","1445239305237000196","tvmujogja_"
"1781639373706129820","Sat Apr 20 11:01:42 +0000 2024","0","Sosial media lagi gak sehat","1781639373706129820","","","in","Pamekasan, Indonesia","0","0","0","https://twitter.com/lepetitsapiens/status/1781639373706129820","795258684360138752","lepetitsapiens"
"1781535670634483920","Sat Apr 20 04:09:37 +0000 2024","0","Babinsa Koramil 12/Ngawen Kodim 0721/Blora Hari Sabtu (20/04/2024) melaksanakan giat komunikasi sosial (Komsos) bersama dengan warga untuk menyampaikan agar warga menjaga pola hidup sehat dan kebersihan lingkungan. tps://www.instagram.com/p/C5-CU1drdh0/?igsh=emQyMTN3bnM4dnJh","1781535670634483920","","","in","","0","0","0","https://twitter.com/NgawenKoramil12/status/1781535670634483920","1494532656687505409","NgawenKoramil12"
"1781324293324042537","Fri Apr 19 14:09:41 +0000 2024","6","TNI-Polri Dan Rakyat Yang Aman Tertib dan Sehat Merupakan kunci Kemenangan. NTT-KEFAMENANU. Koptu Ketut Robin Babinsa Koramil 1618-05/Biboki Utara melaksanakan komsos (Komunikasi Sosial) Bersama Bhabinkamtibmas serta masyarakat di Desa Biloe Kecamatan. Biboki Utara Kabupaten. https://t.co/zaQHEv2xPP","1781324293324042537","https://pbs.twimg.com/media/GLiI_2Jb0AE_NLJ.jpg","","in","","0","0","0","https://twitter.com/KODIM1618TTU/status/1781324293324042537","1487955876061220865","KODIM1618TTU"
"1781224916404367588","Fri Apr 19 07:34:48 +0000 2024","1","Stoikisme sangat demokratis memintas semua kelas sosial:ntah anda kaya atau miskin sehat atau sakit berpendidikan atau bodoh semua itu tidak berpengaruh pada kemampuan anda menjalani hidup bermoral&amp;karna itu menerima hal yg oleh para stoik disebut ATARAXIA atau ketenangan batin.","1781224916404367588","","","in","WAKANDA ","0","0","0","https://twitter.com/BillySean12/status/1781224916404367588","1387661229599072256","BillySean12"
"1781216163189702764","Fri Apr 19 07:00:01 +0000 2024","4","Sempat ramai di media sosial soal informasi monosodium glutamat (MSG) lebih sehat dari garam maupun gula. Berikut penjelasan dokter spesialis gizi dr. Johanes Casay Chandrawinata Sp.GK. https://t.co/MIS8HdeFvb","1781216163189702764","https://pbs.twimg.com/ext_tw_video_thumb/1781133452181667840/pu/img/4Z2anRaUBU-K_xzz.jpg","","in","Jakarta - Indonesia","0","0","5","https://twitter.com/detikHealth/status/1781216163189702764","104446991","detikHealth"
"1781000427741549011","Thu Apr 18 16:42:46 +0000 2024","0","Panjang umur dan sehat selalu orang baik. Berita kebaikanmu sudah tersebar ke sosial media. Keren masya Allah","1781000427741549011","","","in","London, England","0","0","0","https://twitter.com/BeruntungSukses/status/1781000427741549011","1439847129741082624","BeruntungSukses"
"1780944706962108654","Thu Apr 18 13:01:21 +0000 2024","0","Sempat ramai di media sosial soal informasi monosodium glutamat (MSG) lebih sehat dari garam maupun gula. Berikut penjelasan dokter spesialis gizi dr. Johanes Casay Chandrawinata Sp.GK. https://t.co/7vcyDCr9L3","1780944706962108654","","","in","Jakarta - Indonesia","0","0","0","https://twitter.com/detikHealth/status/1780944706962108654","104446991","detikHealth"
"1780944088193470525","Thu Apr 18 12:58:53 +0000 2024","93","Konstruksi sosial bhw laki² adlh sosok yg kuat sering justru merugikan laki² itu sndiri smpai hrs mati²an menekan perasaan. Ngga ada yg salah dgn cowok yg nangis. Nangis itu bagian dr katarsis emosional yg alamiah. Jangan mau diperangkap opini timpang yg ngga sehat kek gini.","1780944088193470525","","","in","Semarang","2","3","40","https://twitter.com/WidyoLita/status/1780944088193470525","4067170038","WidyoLita"
"1780927029996896649","Thu Apr 18 11:51:06 +0000 2024","1","Kepala lg mumet krn kerjaan di kantor + kurang sehat udah paling bener kurangi média sosial. Apalagi tadi liat skor sementara LG vs KT wkwkwk. Kemarin KCC bikin deg2an hari ini bikin pusing. Let me sign off from X for now.","1780927029996896649","","","in","La La Land","0","0","1","https://twitter.com/etvousmevoyez/status/1780927029996896649","1399993676","etvousmevoyez"
"1780917398658592988","Thu Apr 18 11:12:50 +0000 2024","0","Assalamu'alaikum Warahmatullahi Wabarakatuh ‼️ HIMATANSI FEB UMS _OPEN DONATION_ BAKTI SOSIAL ‼️ Haloo teman-teman yang semoga dalam keadaan sehat walafiat. Kami dari HIMATANSI FEB UMS sedang melakukan penggalangan dana untuk saudara kita yang ada di Desa Wonorejo Kecamatan https://t.co/vzJsLQlxUz","1780917398658592988","https://pbs.twimg.com/media/GLcW7IibkAE0Qaj.jpg","","in","Student Union Kampus 2 FEB UMS","0","1","0","https://twitter.com/himatansiFEBUMS/status/1780917398658592988","509905503","himatansiFEBUMS"
"1780833067856441542","Thu Apr 18 05:37:44 +0000 2024","1","Sedang menjalani kehidupan selayaknya pribadi yg 'mardhika' salah satunya berekspresi-bermedia sosial di dunia maya scr sehat dan bertanggungjawab. Itu saja. Direspon-ga direspon mutualan bukan urusan yg merisaukan pikiran saya. Mardhika!","1780833067856441542","","","in","Indonesia","0","0","1","https://twitter.com/DJIVVO_/status/1780833067856441542","1486433471866470400","DJIVVO_"
"1780823573147312163","Thu Apr 18 05:00:00 +0000 2024","6","Ramai menjadi perbincangan konon MSG atau micin lebih sehat dari garam dan gula. Hal tersebut muncul dari salah satu cuitan di media sosial. Benar engga sih kalau MSG lebih sehat dari garam dan gula?⁣ Berikut penjelasannya! &gt;&gt; https://t.co/akYd6Nwdcu ⁣ #detikhealth https://t.co/5sfw90IUVz","1780823573147312163","https://pbs.twimg.com/media/GLapgD2aoAA04pS.jpg","","in","Jakarta - Indonesia","1","2","5","https://twitter.com/detikHealth/status/1780823573147312163","104446991","detikHealth"
"1780810376223019114","Thu Apr 18 04:07:34 +0000 2024","0","Babinsa Koramil 12/Ngawen Kodim 0721/Blora Hari Kamis (18/04/2024).melaksanakan giat komunikasi sosial (Komsos) bersama dengan warga untuk menyampaikan agar warga menjaga pola hidup sehat dan kebersihan lingkungan. https://t.co/uOGgUxCOa6","1780810376223019114","","","in","","0","0","0","https://twitter.com/NgawenKoramil12/status/1780810376223019114","1494532656687505409","NgawenKoramil12"
"1780801261086126507","Thu Apr 18 03:31:20 +0000 2024","0","Hidup lu sehat hidup lu berjalan baik baik saja tapi untuk diri sendiri. Sampai lu sampai di moment lu sampah di antara lingkungan lu lingkungan sosial maksudnya. Lu merasa sampah tanpa ada yang mengucapkan lo itu sampah karena loh sendiri. Memang lo belum pada waktunya atau lo","1780801261086126507","","","in","","0","0","0","https://twitter.com/Denurta_NuerL/status/1780801261086126507","1562764163658952705","Denurta_NuerL"
"1780642295160987884","Wed Apr 17 16:59:40 +0000 2024","0","[me as psikolog] How are you doing the basics? Tidur cukup? Makan sehat? Udah kena matahari? Olahraga? Self-care? Interaksi sosial ada ga? Spiritual kamu gimana sholatnya khusyuk ga? ","1780642295160987884","","","in","","0","0","0","https://twitter.com/siniipelukk/status/1780642295160987884","264763492","siniipelukk"
"1780583966610981227","Wed Apr 17 13:07:53 +0000 2024","3","Sebuah unggahan bernarasi micin atau monosodium glutamate (MSG) lebih sehat daripada garam dan gula beredar di media sosial. Dalam ungahannya warganet menyebutkan bahwa MSG lebih sehat dari gula dan garam. Selain itu bumbu masakan yang juga dikenal sebagai micin ini tidak https://t.co/tDsM65mN0F","1780583966610981227","https://pbs.twimg.com/amplify_video_thumb/1780583710557147136/img/m9u4NxTTfTMs5Hnb.jpg","","in","Jakarta","0","0","2","https://twitter.com/kompascom/status/1780583966610981227","23343960","kompascom"
"1780574312883429578","Wed Apr 17 12:29:32 +0000 2024","0","Bakti Sosial Donor Darah Pemasyarakatan Sehat #HariBhaktiPemasyarakatan #HBPke-60 #RutanMajene #PastiMasarri @Kumham_Sulbar @marasidin @NewsKemenkumham #KANWILKEMENKUMHAMSULBAR https://t.co/z5LYK6MjOK","1780574312883429578","https://pbs.twimg.com/media/GLXe4e1aoAAbAvV.jpg","","in","Majene","0","0","0","https://twitter.com/rutan_majene/status/1780574312883429578","1610559412716064769","rutan_majene"
"1780523909298982928","Wed Apr 17 09:09:15 +0000 2024","0","Merasa bangga dengan diri sendiri sudah melewati semuanya walopun tiap malem nangis ngerasa sendirian banget ternyata aku masih makhluk sosial yang kalo gaada orang sedih juga semoga cukup kali ini saja besok dan seterusnya dikasih rejeki sehat","1780523909298982928","","","in","Jawa Tengah, Indonesia","0","0","0","https://twitter.com/ayaac_/status/1780523909298982928","1141874997972983809","ayaac_"
"1780482339405275388","Wed Apr 17 06:24:04 +0000 2024","0","Kenapa fotonya hanya sepotong? Karna merasa malu dan rendah diri dgn beliau yg hebat Andhika Mappasomba seorang sastrawan penulis buku pekerja sosial dan beberapa aktifitas beliau yg luar biasa.. smg sehat sll sahabatku https://t.co/O4hld4uPH8","1780482339405275388","https://pbs.twimg.com/media/GLWLPzIaoAAPifn.jpg","","in","Makassar, Sulsel","0","0","0","https://twitter.com/Ikhwan_Bahar/status/1780482339405275388","704857164","Ikhwan_Bahar"
"1780457641698836937","Wed Apr 17 04:45:55 +0000 2024","0","Viral di media sosial pembahasan soal MSG yang disebut konon lebih sehat dibandingkan garam dapur. Apakah hal tersebut tepat? Begini kalau kata dokter gizi. https://t.co/bXqkoUB8gN","1780457641698836937","","","in","Jakarta - Indonesia","0","0","0","https://twitter.com/detikHealth/status/1780457641698836937","104446991","detikHealth"
"1780422063985242365","Wed Apr 17 02:24:33 +0000 2024","0","Pagi warga jangan lupa olahraga. Biar apa? Biarin. Gak dong biar sehat. Gua olahraga panjat tebing biar gak dipikir panjat sosial. #NowPlayingPanjatSosial So far gimana harinya? Tmi boleh kalo mau. Have a nice day everyone! #kontenkosong https://t.co/voKF43u0ma","1780422063985242365","https://pbs.twimg.com/media/GLVUbkobkAA9jK-.jpg","","in","","1","27","0","https://twitter.com/marcellioalfrzi/status/1780422063985242365","1371151427859480578","marcellioalfrzi"
"1780421746174369880","Wed Apr 17 02:23:17 +0000 2024","0","Momen Haru Pemberangkatan Serdik SIP 53 T.A. 2024 Polda Jatim Jiwa Ragaku Untuk Negeri Sampai Jumpa Kembali Keluargaku Semoga Kalian Sehat Selalu Doakan Aku Lulus Menjadi Perwira. Berkenan kiranya untuk di Share Pada Media Sosial terimakasih atas perhatiannya Hormat Kami https://t.co/df0rF7o6fM","1780421746174369880","https://pbs.twimg.com/ext_tw_video_thumb/1780421028449255424/pu/img/LcQHELloGKskhqon.jpg","","in","","0","1","0","https://twitter.com/polsek_giri/status/1780421746174369880","1623872270921011200","polsek_giri"
"1780204955619799428","Tue Apr 16 12:01:50 +0000 2024","15","Udah guys menurut mereka cowo kita pantas dapet sanksi sosial wkwk yaudah biarin doain kesuksesan bias kita aja. Semoga bias mereka ga kena kasus dan sehat selalu stay baik aja ges.","1780204955619799428","","","in","au on pinned","0","1","6","https://twitter.com/ownpawat/status/1780204955619799428","1334466917008990209","ownpawat"
"1780198920242581659","Tue Apr 16 11:37:51 +0000 2024","0","Ramai di media sosial pembicaraan soal anggapan MSG atau micin yang dianggap lebih sehat dari garam dan gula. Apakah hal tersebut benar? https://t.co/xaQ4mDpDbS","1780198920242581659","","","in","Jakarta - Indonesia","0","0","1","https://twitter.com/detikHealth/status/1780198920242581659","104446991","detikHealth"
"1780193412156711009","Tue Apr 16 11:15:58 +0000 2024","1","Ramai di media sosial pembicaraan soal anggapan MSG atau micin yang dianggap lebih sehat dari garam dan gula. Apakah hal tersebut benar? https://t.co/PMZRGHT3sN","1780193412156711009","","","in","Jakarta - Indonesia","0","0","0","https://twitter.com/detikHealth/status/1780193412156711009","104446991","detikHealth"
"1780137018372305034","Tue Apr 16 07:31:53 +0000 2024","1","Laah dari sini udah keliatan cowoknya gak bener nih. Mana ada ini namanya cinta ampe ganggu kehidupan sosial kamu. Namanya obsesi dan itu gak sehat. Kamunya sih gapapa cowokmu maksa ikut main tmn2 kamunya gimana? Mikir ke situnya gak? Harusnya mikirin perasaan tmn2mu utk hal ini","1780137018372305034","","","in","","0","0","0","https://twitter.com/daemonkilly/status/1780137018372305034","1587405454992240640","daemonkilly"
"1780135365770363169","Tue Apr 16 07:25:19 +0000 2024","0","*Assalamu'alaikum Wr. Wb.* Momen Haru Pemberangkatan Serdik SIP 53 T.A. 2024 Polda Jatim * Jiwa Ragaku Untuk Negeri Sampai Jumpa Kembali Keluargaku Semoga Kalian Sehat Selalu Doakan Aku Lulus Menjadi Perwira. * Berkenan kiranya untuk di *Share Pada Media Sosial* https://t.co/MidV4NT6Cw","1780135365770363169","https://pbs.twimg.com/ext_tw_video_thumb/1780133658940329984/pu/img/tJ0dszaaiPsTkshV.jpg","","in","","0","0","0","https://twitter.com/Polsek_Bjn_Kota/status/1780135365770363169","1729874733544697856","Polsek_Bjn_Kota"
"1780135149411369245","Tue Apr 16 07:24:27 +0000 2024","0","Momen Haru Pemberangkatan Serdik SIP 53 T.A. 2024 Polda Jatim * Jiwa Ragaku Untuk Negeri Sampai Jumpa Kembali Keluargaku Semoga Kalian Sehat Selalu Doakan Aku Lulus Menjadi Perwira. * Berkenan kiranya untuk di *Share Pada Media Sosial* terimakasih atas perhatiannya. https://t.co/EBK3VwdXyM","1780135149411369245","https://pbs.twimg.com/ext_tw_video_thumb/1780135048878120960/pu/img/AH86zsSvWRRoBDJ8.jpg","","in","","0","0","0","https://twitter.com/seksumberrejo/status/1780135149411369245","1646379501931347968","seksumberrejo"
"1780112779476873230","Tue Apr 16 05:55:34 +0000 2024","0","* Jiwa Ragaku Untuk Negeri Sampai Jumpa Kembali Keluargaku Semoga Kalian Sehat Selalu Doakan Aku Lulus Menjadi Perwira. * Berkenan kiranya untuk di *Share Pada Media Sosial* terimakasih atas perhatiannya. #poldajatim #polresjember #polsekkalisat #tribrata #caturprasetya https://t.co/dSfObmtJhW","1780112779476873230","https://pbs.twimg.com/ext_tw_video_thumb/1780112602376585216/pu/img/AuWvCo5Tpz9f3FGA.jpg","","in","","0","0","0","https://twitter.com/Plsksumberbaru/status/1780112779476873230","1646687091051622400","Plsksumberbaru"
"1780082900496695695","Tue Apr 16 03:56:50 +0000 2024","0","Babinsa Koramil 12/Ngawen Kodim 0721/Blora Hari Selasa (16/04/2024).melaksanakan giat komunikasi sosial (Komsos) bersama dengan warga untuk menyampaikan agar warga menjaga pola hidup sehat dan kebersihan ttps://www.instagram.com/p/C5ztvhdLntD/?igsh=MXJ4OTE1b2t5emdycQ==","1780082900496695695","","","in","","0","0","0","https://twitter.com/NgawenKoramil12/status/1780082900496695695","1494532656687505409","NgawenKoramil12"
"1779873094930428232","Mon Apr 15 14:03:08 +0000 2024","0","Sebuah unggahan bernarasi micin atau monosodium glutamate (MSG) lebih sehat daripada garam dan gula beredar di media sosial. Begini kata ahli gizi. https://t.co/G0awhqaSZl","1779873094930428232","","","in","Jakarta","1","0","0","https://twitter.com/kompascom/status/1779873094930428232","23343960","kompascom"
"1779729135537144108","Mon Apr 15 04:31:06 +0000 2024","0","kadang aku mikir ga rugi juga aku kenal dn berurusan kro wong problematik penyakit mental trauma dll . ancen kesel seh nanggepine tpi sneng ngunu isok bantu toh akhire aku bljr lak orng tuh makhluk sosial akhire y ndelok wong unik sambat dll kek yaa sudahlah sehat klean","1779729135537144108","","","in","","0","0","0","https://twitter.com/shazamkaboom/status/1779729135537144108","1193820091760070656","shazamkaboom"
"1779676025560907821","Mon Apr 15 01:00:03 +0000 2024","1","KKN UAD dan Warga Bergan Meriahkan Senam dan Jalan Sehat Ikuti Akun Media Sosial Kami di Link Berikut ini: https://t.co/t2e9WYxTHZ #muhammadiyah #aisyiyah #tvmujogja #tvmuhammadiyah https://t.co/0tVWBmclYc","1779676025560907821","https://pbs.twimg.com/media/GLKt6MHWgAAYkUi.jpg","","in","Yogyakarta, D.I.Y","0","0","0","https://twitter.com/tvmujogja_/status/1779676025560907821","1445239305237000196","tvmujogja_"
"1779174242602615265","Sat Apr 13 15:46:09 +0000 2024","0","Aku pernah berkunjung ke Panti sosial dan nyesek bgt pas dengerin ceritanya banyak yg gangguan jiwa itu sengaja dibuang oleh keluarganya bisa ketauan krn Panti kerjasama dinsos bahkan ada yg sudah sehat aja tetep ditolak keluarganya...","1779174242602615265","","","in","Reading, England","0","1","0","https://twitter.com/Idyllic0812/status/1779174242602615265","1600799318818009089","Idyllic0812"
"1778985483412070692","Sat Apr 13 03:16:05 +0000 2024","0","Babinsa Koramil 12/Ngawen Kodim 0721/Blora Hari Sabtu (13/04/2024).melaksanakan giat komunikasi sosial (Komsos) bersama dengan warga untuk menyampaikan agar warga menjaga pola hidup sehat dan kebersihan lingkungan. https://t.co/G1kfVGVqM6","1778985483412070692","","","in","","0","0","0","https://twitter.com/NgawenKoramil12/status/1778985483412070692","1494532656687505409","NgawenKoramil12"
"1778978198304542887","Sat Apr 13 02:47:08 +0000 2024","0","gua salut bngt sama energy sosial nenek sama ibu sampe hari ini masih banyak aja tamu yang ke rumah masyallah bener-bener berkah lebaran sehat-sehat kalian (( gua team salim doang klo ada sodara terus masuk kamar ))","1778978198304542887","","","in","she!her","0","0","0","https://twitter.com/taeggugi/status/1778978198304542887","1077856795656216577","taeggugi"
"1778967517484216781","Sat Apr 13 02:04:42 +0000 2024","0","Banyak banget kasus perselingkuhan yg di up di sosial media. Teruntuk manusia yang bilang aku oversharing padahal sejengkal kebusukannya ga pernah aku up Masih sehat bang?","1778967517484216781","","","in","semarang","0","1","0","https://twitter.com/ikhtaro_ima/status/1778967517484216781","559353531","ikhtaro_ima"
"1778832060062609525","Fri Apr 12 17:06:26 +0000 2024","1","Ya tapi ada pilihan untuk nggak jadi jahat kok. Ada pilihan untuk kerjain kerjaan sendiri berusaha tanggung jawab makan makanan sehat tidur teratur nggak bikin masalah sosial. Kita bisa milih itu. Kenapa orang lain gak bisa? Kan sama sama manusia?","1778832060062609525","","","in","Ruangan Pojok tapi bukan Mojok","0","0","0","https://twitter.com/buruhpemdabiasa/status/1778832060062609525","3305078526","buruhpemdabiasa"
"1778825925008007178","Fri Apr 12 16:42:04 +0000 2024","0","baru aja td mikir ginian........sehat yg beda kelas sosial","1778825925008007178","","","in","jogjaaa","0","0","0","https://twitter.com/yourboydinn/status/1778825925008007178","1606641640160231424","yourboydinn"
"1778623235816620224","Fri Apr 12 03:16:39 +0000 2024","2","Sehat sehat guys dokter kita di masa depan gampang kemakan hoax dari sosial media.","1778623235816620224","","","in","","0","0","0","https://twitter.com/rifkinism/status/1778623235816620224","1088731864729153537","rifkinism"
"1778359272843391200","Thu Apr 11 09:47:45 +0000 2024","0","meskipun telat minal aidin wal faidzin semuanyaa mohon maaf bila ada kesalahan dalam menggunakan media sosial ini semoga sehat selalu ya https://t.co/7CbLt2Sog0","1778359272843391200","https://pbs.twimg.com/media/GK4AUipaIAAXNsv.jpg","","in","","0","0","0","https://twitter.com/dkymii/status/1778359272843391200","1573564648108224516","dkymii"
"1778039593042153963","Wed Apr 10 12:37:28 +0000 2024","0","Lebaran tuh mendingan kita fokusin suka cita hari raya bersama keluarga. Apa gak sayang energi kalian dihabiskan untuk meladeni keributan dunia maya ini. Bijaklah bermedia sosial supaya tetap sehat ","1778039593042153963","","","in","+62","0","0","0","https://twitter.com/seunghanyoon/status/1778039593042153963","861278515","seunghanyoon"
"1777703456343777713","Tue Apr 09 14:21:46 +0000 2024","7","Selamat merayakan idul fitri ya semua temen-temen online ku ️ sehat-sehat terus semua nya meskipun kita cuma kenal lewat media sosial semoga hubungan pertemanan ini bisa lama dan saling membahagiakan ️️️ Minal aidzin wal faidzin mohon maaf lahir dan batin ","1777703456343777713","","","in","Jakarta Selatan, DKI Jakarta","0","1","0","https://twitter.com/doyjunghwan/status/1777703456343777713","1610835521810595840","doyjunghwan"
"1777545556665278560","Tue Apr 09 03:54:20 +0000 2024","0","info joki tugas kuliah UAS wawancara dan buat makalah tema: Perilaku Pola Hidup Sehat atau Perilaku Sosial deadline kamis ini #jokitugas #zonauangᅠ","1777545556665278560","","","in","177A Bleecker Street","0","19","0","https://twitter.com/fallinwivly/status/1777545556665278560","1368172309480144903","fallinwivly"
"1777320226956411010","Mon Apr 08 12:58:57 +0000 2024","0","gamau sering2 buka media sosial ah takut kena penyakit mental hidup di real life jauhhh lebih sehat dan happy","1777320226956411010","","","in","ditto ","0","0","0","https://twitter.com/bbhyev/status/1777320226956411010","1453283242036154378","bbhyev"
"1777282123193549058","Mon Apr 08 10:27:33 +0000 2024","0","Orang yang merasa mampu hidup sendiri sehat dan keren sebenarnya itu hanya ego agar tidak terlihat lemah. Setelah hidup sendiri lama dia akan menyadari bahwa manusia pada dasarnya mahluk sosial.","1777282123193549058","","","in","","0","0","0","https://twitter.com/ziekarnen/status/1777282123193549058","2956396038","ziekarnen"
"1777175812703404258","Mon Apr 08 03:25:06 +0000 2024","0","orang tua pertemanan sosial ekonomi. yang penting bukan anak dan suami dan sehat slalu. ","1777175812703404258","","","in","Dieng, Jawa Tengah","0","0","0","https://twitter.com/maureenjeje/status/1777175812703404258","1582609334","maureenjeje"
"1776973283336106320","Sun Apr 07 14:00:19 +0000 2024","0","Sehat-sehat kata gue buat army. Semuanya. Semoga semua hati pikiran batinnya selalu jernih. Gue doain sukses lu pada gak ada perpecahan kedepannya tau batasan gimana cara ngimbangin diri dalam ngebahas isu sosial dan ngefangirl. Kagak ada yang asbun lagi. Makin kuat hatinya.","1776973283336106320","","","in","","0","1","0","https://twitter.com/orchidbloomy/status/1776973283336106320","1003265363830685696","orchidbloomy"
"1776665283350127093","Sat Apr 06 17:36:27 +0000 2024","0","Ternyata banyak orang di luar sana yang punya rasa cemas di hari lebaran. Lingkungan sosial emang sejahat itu. Aku berharap siapa pun kalian yang aku baca komennya tadi bisa terus sehat untuk hidup yang lebih baik. Panjang umur ya aku harap kalian selalu bahagia ️","1776665283350127093","","","in","","0","0","0","https://twitter.com/poetjsuh/status/1776665283350127093","1552092018016284677","poetjsuh"
"1776655169985593416","Sat Apr 06 16:56:15 +0000 2024","0","baik banget mw dipindah² akunnn fliss ternyata kita mutualan termasuk dah lama ya HUEEE... dari waktu ka jido nari di lapangan mksyi mksyi dah mw bakti sosial di resaidents inii SEHAT SELALU KAAA MWAH ","1776655169985593416","","","in","42 ","0","1","0","https://twitter.com/ailoftoous/status/1776655169985593416","1761892788071968768","ailoftoous"
"1776543827593179283","Sat Apr 06 09:33:49 +0000 2024","1","tentu gw tau dan gw cek berkala ga butuh motivasi dari fear mongering ala ala post tendensius lo ini. pasangan gw juga udah lewat filtrasi sosial dan medis yang wajar kaga ada skenario aww gw takut kena ga ya? ga ada yang butuh fear mongering buat sehat doang.","1776543827593179283","","","in","West Java, Indonesia","0","0","0","https://twitter.com/indragunawanv/status/1776543827593179283","515219607","indragunawanv"
"1776524789789941760","Sat Apr 06 08:18:10 +0000 2024","0","Selain tambang pemanfaatan sektor pariwisata pertanian dan perkebunan. Ini bisa jadi alternatif jangka panjang serta sehat bagi ekonomi sosial dan lingkungan #woop #EliteRoomJKT48 https://t.co/LWTi0awYAt","1776524789789941760","","","in","indonesia","0","0","0","https://twitter.com/0xemangat/status/1776524789789941760","1714134157134319616","0xemangat"
"1776443815374856309","Sat Apr 06 02:56:24 +0000 2024","0","Babinsa Koramil 12/Ngawen Kodim 0721/Blora Hari Sabtu (06/04/2024).melaksanakan giat komunikasi sosial (Komsos) bersama dengan warga untuk menyampaikan agar warga menjaga pola hidup sehat dan kebersihan lingkungan.tps://www.instagram.com/p/C5Z2tmMSNJw/?igsh=MTBrYXVocjR1N21qcA==","1776443815374856309","","","in","","0","0","0","https://twitter.com/NgawenKoramil12/status/1776443815374856309","1494532656687505409","NgawenKoramil12"
"1776388600688717942","Fri Apr 05 23:17:00 +0000 2024","0","Dlu gw bercita2 punya keluarga fungsional karena itulah yg sering disebut2 sbg lembaga masyarakat yg pertama dlm sosiologil skrg ngga.. karena klo ky gt barometernya norma dan dogma sosial yg seringkali ga sehat (penpri).. skrg mau pny keluarga yg sehat aj dah klo bole milih satu","1776388600688717942","","","in","","0","1","0","https://twitter.com/PSYCUNTLOGY/status/1776388600688717942","1279987845164183553","PSYCUNTLOGY"
"1776284557832241593","Fri Apr 05 16:23:35 +0000 2024","2","aplikasi eKlinik sebuah produk aplikasi Indoweb yang sukses terintegrasi dengan platform Satu Sehat dikelola pemerintah serta dengan Badan Penyelenggara Jaminan Kesehatan Sosial (BPJS). https://t.co/6zVBT2NP9Y","1776284557832241593","","","in","","0","0","0","https://twitter.com/kumparan/status/1776284557832241593","759692754985242625","kumparan"
