"conversation_id_str","created_at","favorite_count","full_text","id_str","image_url","in_reply_to_screen_name","lang","location","quote_count","reply_count","retweet_count","tweet_url","user_id_str","username"
"1277651268157050881","Mon Jun 29 17:12:54 +0000 2020","10","Status sosial ditinggikan akal sehat ditinggalkan","1277651268157050881","","","in","","0","1","0","https://twitter.com/kokbloggok/status/1277651268157050881","1140447564027686912","kokbloggok"
"1277610361374388224","Mon Jun 29 14:30:21 +0000 2020","0","Bersepeda itu biar sehat atau biar ngehit sih... Kok kebanyakan orang sekarang lebih suka bersepeda dari pada mengendarai motor. Pagi siang malam sering lihat org bersepeda habis itu selfie di aplud ke media sosial biar org pada tau kali ya kalau sepedanya baru..","1277610361374388224","","","in","SEMARANG CITY","0","0","0","https://twitter.com/the_muhan/status/1277610361374388224","825412026948136961","the_muhan"
"1277606292190752769","Mon Jun 29 14:14:11 +0000 2020","0","Jadiin hiburan aja kalo ada wt berantem emang ngidol di Twitter atau sosial media kaya sekarang ga sehat ekosistem nya","1277606292190752769","","","in","JAKARTA","0","0","0","https://twitter.com/Jundigates/status/1277606292190752769","1962774248","Jundigates"
"1277597763421651014","Mon Jun 29 13:40:18 +0000 2020","3","HBD Pak @basuki_btp Sehat Dan Berkah Bersama Keluarga Tercinta Tetap Bahagia dalam Mengemban Keadilan Sosial Bagi Seluruh Rakyat Indonesia...","1277597763421651014","","","in","South Jakarta, Indonesia","0","0","2","https://twitter.com/Jackelkotjo/status/1277597763421651014","524567380","Jackelkotjo"
"1277581915218833409","Mon Jun 29 12:37:19 +0000 2020","0","Manfaat menyontek : 1. otot mata sehat 2. kreatifitas meningkat 3. Meningkatkn sosial teman 4. Nilai bagus 5. Melatih kecepatan gerak","1277581915218833409","","","in","","0","0","0","https://twitter.com/asihpriyati1/status/1277581915218833409","2191779301","asihpriyati1"
"1277534054376562689","Mon Jun 29 09:27:08 +0000 2020","0","PERATURAN GUBERNUR DAERAH KHUSUS IBUKOTA JAKARTA NOMOR 51 TAHUN 2020 TENTANG: PE]AKSANAAN PEMBATASAN SOSIAL BERSKALA BESAR PADA MASA TRANSISI MENUJU MASYARAKAT SEHAT AMAN DAN PRODUKTIF https://t.co/m68toUp9D3","1277534054376562689","https://pbs.twimg.com/ext_tw_video_thumb/1277533974726729729/pu/img/9_AM-KtcYrCqHiE9.jpg","","in","JAKARTA","0","1","1","https://twitter.com/disporadkijkt/status/1277534054376562689","3031975541","disporadkijkt"
"1277512767461658624","Mon Jun 29 08:02:33 +0000 2020","0","Selamat ulang tahun Pak @basuki_btp sehat &amp; sukses selalu dalam menjalankan tugas. Semoga amanah yg diberikan dapat dijalankan sebaik-baiknya bagi bangsa &amp; negara. Semoga next dapat amanah yg lebih besar agar bisa mewujudkan keadilan sosial bagi seluruh rakyat NKRI. Amin ","1277512767461658624","","","in","Jessyca Auryn's Heart","0","0","0","https://twitter.com/ndra_f4/status/1277512767461658624","609920360","ndra_f4"
"1277498145082146817","Mon Jun 29 07:04:27 +0000 2020","0","Sobat sehat Mari kita membiasakan kehidupan tatanan baru: 1. Selalu menggunakan masker 2. Sering untuk mencuci tangan 3. Jaga jarak sosial kita Salam sehat #BersatuLawanCovid19 #pandeglangsehat https://t.co/vQh9NZWgy9","1277498145082146817","","","in","Jl Bhayangkara No.3 Pandeglang","0","0","0","https://twitter.com/dinkespdg/status/1277498145082146817","77951988","dinkespdg"
"1277462250832433153","Mon Jun 29 04:41:49 +0000 2020","5","Keluarga adalah pondasi utama dalam tatanan kehidupan sosial berbangsa dan bernegara. Selamat Hari Keluarga Nasional ke 27 Dua anak lebih sehat berencana itu keren https://t.co/mLNiObujwq","1277462250832433153","https://pbs.twimg.com/media/Ebp1GPlXkAA5D5K.jpg","","in","Medan Kota, Indonesia","0","0","0","https://twitter.com/Infosumutku/status/1277462250832433153","884334649664708609","Infosumutku"
"1277347864784433152","Sun Jun 28 21:07:17 +0000 2020","0","Manfaat menyontek : 1. otot mata sehat 2. kreatifitas meningkat 3. Meningkatkn sosial teman 4. Nilai bagus 5. Melatih kecepatan gerak","1277347864784433152","","","in","","0","0","0","https://twitter.com/asihpriyati1/status/1277347864784433152","2191779301","asihpriyati1"
"1277286955726680064","Sun Jun 28 17:05:15 +0000 2020","2","Pemuda/i sok sehat yang sedang mengikuti trend sosial media~ Aku itemitem️ https://t.co/PHAocZ4giB","1277286955726680064","https://pbs.twimg.com/media/EbnVthGU4AQ1CTU.jpg","","in","Semarang, Jawa Tengah","0","0","0","https://twitter.com/Ayubdzul1/status/1277286955726680064","1272016262340595712","Ayubdzul1"
"1277238489331818497","Sun Jun 28 13:52:40 +0000 2020","0","Ada beberapa orang yg nyaman curhat sama manusia ada beberapa yg lebih nyaman curhat di sosial media ada yg memilih curhat sama Allah dan ada yg memilih memendam permasalahannya. Gak pa2 okay selama kamu nyaman dengan itu. Hadapi masalah dg sehat","1277238489331818497","","","in","Pati,Jawa tengah,Indonesia","0","1","0","https://twitter.com/khasanahpramono/status/1277238489331818497","1423157983","khasanahpramono"
"1277183997294997506","Sun Jun 28 10:16:08 +0000 2020","2","Suamiku nnti ak bekalin 4 sehat 5 keadilan sosial bagi seluruh rakyat lndonesia","1277183997294997506","","","in","Salatiga, Jawa Tengah","0","1","0","https://twitter.com/weonlydieoncee/status/1277183997294997506","715355172566765568","weonlydieoncee"
"1277169469383512065","Sun Jun 28 09:18:24 +0000 2020","0","Kapolsek Neglasari Kompol R. Manurung SH memimpin langsung pengamanan kegiatan Bakti Sosial (Baksos) berupa pembagian paket sembako yang diselenggarakan oleh Yayasan Tjong Tek Bio bekerjasama dengan Majelis Mahayana Indonesia Banten bertempat di Kampung Sehat Tehyan. https://t.co/aDv4BGY8vk","1277169469383512065","https://pbs.twimg.com/media/Eblq2-7VAAAswyz.jpg","","in","Kota Tangerang, Banten","0","0","0","https://twitter.com/polsekneglasari/status/1277169469383512065","887369365141676032","polsekneglasari"
"1277121378290814976","Sun Jun 28 06:07:19 +0000 2020","0","Manfaat menyontek : 1. otot mata sehat 2. kreatifitas meningkat 3. Meningkatkn sosial teman 4. Nilai bagus 5. Melatih kecepatan gerak","1277121378290814976","","","in","","0","0","0","https://twitter.com/asihpriyati1/status/1277121378290814976","2191779301","asihpriyati1"
"1277114749176541185","Sun Jun 28 05:40:58 +0000 2020","0","ayoo sama-sama membentuk komunitas sosial yang sehat soal kesehatan mental","1277114749176541185","","","in","di sini ajaah~","0","1","0","https://twitter.com/damn__gorgeous/status/1277114749176541185","1214206474542448640","damn__gorgeous"
"1277065571549339648","Sun Jun 28 02:25:33 +0000 2020","0","Senin-Jumat gue baca e-mail newsletter @catchmeupid Sabtu-Minggu menikmati hari baca artikel-artikel panjang @hariankompas via Gramedia Digital. Kebetulan sudah beberapa bulan unfollow portal berita di media sosial karena merasa sesak. Jujur rutin ini lebih sehat bagi gue.","1277065571549339648","","","in","Jakarta, Indonesia","1","1","0","https://twitter.com/AnintaEM/status/1277065571549339648","179442954","AnintaEM"
"1276894885593747456","Sat Jun 27 15:07:18 +0000 2020","0","Manfaat menyontek : 1. otot mata sehat 2. kreatifitas meningkat 3. Meningkatkn sosial teman 4. Nilai bagus 5. Melatih kecepatan gerak","1276894885593747456","","","in","","0","0","0","https://twitter.com/asihpriyati1/status/1276894885593747456","2191779301","asihpriyati1"
"1276842059014369282","Sat Jun 27 11:37:24 +0000 2020","0","atmosfir sosial media mulai tidak sehat #Resahku","1276842059014369282","","","in","","0","0","0","https://twitter.com/muflinur2001/status/1276842059014369282","1907840762","muflinur2001"
"1276760890570764288","Sat Jun 27 06:14:52 +0000 2020","0","Babinsa Desa Beji Serda Hendri Rustanto bersama Kanit Shabara Polsek Pedan Aipda Agus melaksanakan monitoring kegiatan *Jalan sehat dan Bakti sosial Rumah Sakit Umum Mitra Keluarga Husada* #kodim0723klaten #korem074wrt #kodamIVdiponegoro https://t.co/TBGMbrFHvK","1276760890570764288","https://pbs.twimg.com/media/Ebf3O9sU0AAjelR.jpg","","in","","0","0","0","https://twitter.com/04Pedan/status/1276760890570764288","1037520771105447936","04Pedan"
"1276759784042029056","Sat Jun 27 06:10:28 +0000 2020","0","Babinsa Desa Beji Serda Hendri Rustanto bersama Kanit Shabara Polsek Pedan Aipda Agus dan anggota sium Polsek Pedan Bripka Bambang melaksanakan monitoring kegiatan *Jalan sehat dan Bakti sosial Rumah Sakit Umum Mitra Keluarga Husada* #kodim0723klaten #korem074wrt #kodamIVdip https://t.co/0zcRhxl3Bp","1276759784042029056","https://pbs.twimg.com/media/Ebf2N3pVcAAO2yA.jpg","","in","","0","0","0","https://twitter.com/04Pedan/status/1276759784042029056","1037520771105447936","04Pedan"
"1276755537950998528","Sat Jun 27 05:53:35 +0000 2020","0","INDONESIA SEHAT Rubrik Psikologi sebuah program mengulas tentang Perbincangan Masalah Sosial bersama para Psikolog saksikan setiap hari Sabtu pkl. 14.00 WIB hanya di TVRI Media Pemersatu Bangsa . #SemangatBaruMarta #RubrikPsikologiTVRI #MediaPemersatuBangsa https://t.co/1u7w3ElcDo","1276755537950998528","https://pbs.twimg.com/media/EbfxwkAUcAEGCDN.jpg","","in","Pekanbaru, Riau | Nav City","0","0","0","https://twitter.com/TheMartaSaputra/status/1276755537950998528","943048622047760385","TheMartaSaputra"
"1276709760402948096","Sat Jun 27 02:51:41 +0000 2020","0","Bakti Sosial idx_yogyakarta . . Kami akan membagikan #handsanitizer untuk warung makan angkringan kuliner keliling di area kota Yogyakarta. . Hidup bersih dan sehat untuk kesejahteraan bersama. Jangan lupa https://t.co/woIyZhEYbZ","1276709760402948096","","","in","Yogyakarta","0","0","0","https://twitter.com/smartfmjogja/status/1276709760402948096","189794037","smartfmjogja"
"1276668392255025152","Sat Jun 27 00:07:18 +0000 2020","0","Manfaat menyontek : 1. otot mata sehat 2. kreatifitas meningkat 3. Meningkatkn sosial teman 4. Nilai bagus 5. Melatih kecepatan gerak","1276668392255025152","","","in","","0","0","0","https://twitter.com/asihpriyati1/status/1276668392255025152","2191779301","asihpriyati1"
"1276654188731092995","Fri Jun 26 23:10:52 +0000 2020","3","ibu tidak salah. silahkan ibu punya cara pandang seperti itu bagi saya memang masih kontraversi. kalau saya masih memegang defenisi WHO tentang sehat Health is a state of complete physical mental and social well-being and not merely the absence of diseases or infirmity . sosial","1276654188731092995","","","in","Jakarta, Yogyakarta, Banjarmasin dan Makassar.","0","2","0","https://twitter.com/Dr_lukman_waris/status/1276654188731092995","1264044270840774657","Dr_lukman_waris"
"1276650197683023873","Fri Jun 26 22:55:00 +0000 2020","2","INDONESIA SEHAT Rubrik Psikologi sebuah program mengulas tentang Perbincangan Masalah Sosial bersama para Psikolog saksikan setiap hari Sabtu pkl. 14.00 WIB hanya di #TVRI #MediaPemersatuBangsa #RubrikPsikologiTVRI https://t.co/WSPMtrLbbK","1276650197683023873","https://pbs.twimg.com/media/EbeSlUjUMAIY8sk.jpg","","in","Senayan, Jakarta 10270","2","0","4","https://twitter.com/TVRINasional/status/1276650197683023873","822554676","TVRINasional"
"1276516372818739201","Fri Jun 26 14:03:14 +0000 2020","0","KITA SEHAT MEREKA PUN SELAMAT. Giat Bhakti Sosial Donor Darah Danki 3 AKP Laode Rusli S.E. bersama Personel Kompi 3 Batalyon B Pelopor Satuan Brimob Polda Sul-Sel dalam rangka HUT Bhayangkara ke-74. https://t.co/zmqkKpfXgz","1276516372818739201","https://pbs.twimg.com/media/EbcY3ffU0AAw48f.jpg","","in","","0","0","0","https://twitter.com/pabbetowali/status/1276516372818739201","1214939975705214976","pabbetowali"
"1276454604226600960","Fri Jun 26 09:57:47 +0000 2020","0","Salam Sehat Healthy People #Sobud_SobatBudiAgung - Berikut Rangkaian kegiatan Bakti Sosial @RS_BUDIAGUNG dalam rangka kepedulian memperingati Hari Ikatan Bidan Indonesia ke 69 dan menyambut peringatan Hari https://t.co/zXlsjBZahd","1276454604226600960","","","in","Juwana, Pati, Indonesia","0","0","0","https://twitter.com/rs_budiagung/status/1276454604226600960","420068702","rs_budiagung"
"1276441897888698371","Fri Jun 26 09:07:18 +0000 2020","0","Manfaat menyontek : 1. otot mata sehat 2. kreatifitas meningkat 3. Meningkatkn sosial teman 4. Nilai bagus 5. Melatih kecepatan gerak","1276441897888698371","","","in","","0","0","0","https://twitter.com/asihpriyati1/status/1276441897888698371","2191779301","asihpriyati1"
"1276421301343711234","Fri Jun 26 07:45:27 +0000 2020","0","Sobat Sehat yuk kita sekarang mulai pintar memilah dan memilih berita-berita yang sering beredar di sosial media. Bisa jadi berita tersebut merupakan berita hoax lho supaya tidak asal sebar dan menjadi gosip https://t.co/k4f2aY55yf","1276421301343711234","","","in","Jl. Raya Tlogomas No.45 Malang","0","0","0","https://twitter.com/ummhospital/status/1276421301343711234","1160742726901493762","ummhospital"
"1276396118926954498","Fri Jun 26 06:05:23 +0000 2020","0","Dinas Sosial Provinsi Kalimantan Barat Mengucapkan Selamat Memperingati Hari Anti Narkotika Internasional Tahun 2020 Sadar sehat produktif dan bahagia . . #CegahNarkoba #LawanNarkoba #StopNarkoba https://t.co/uJGFA3ciZq","1276396118926954498","https://pbs.twimg.com/media/EbarKWgVcAMy9qA.jpg","","in","Jl. Sutan Syahrir No.3","0","0","1","https://twitter.com/dinsos_kalbar/status/1276396118926954498","1186921416421019649","dinsos_kalbar"
"1276394762627616768","Fri Jun 26 06:00:00 +0000 2020","0","Bermedia sosial itu memang hak segala orang. Namun apakah Sobat Sehat sudah bijak dan merasa aman menggunakannya? #MediaSosial https://t.co/4Uz0hJ4nY7","1276394762627616768","https://pbs.twimg.com/media/EbaA_LXUwAAlotz.jpg","","in","Jakarta Capital Region","0","0","0","https://twitter.com/HelloSehat/status/1276394762627616768","4620595760","HelloSehat"
"1276385756718784514","Fri Jun 26 05:24:13 +0000 2020","0","Hai Bunda selamat siang. Gimana nih kabarnya? Semoga selalu sehat terlebih menghadapi New Normal . Oya Bunda sudah tahu belum tips mempersiapkan si kecil untuk New Normal yang ada di media sosial https://t.co/239NrzhQj1","1276385756718784514","","","in","","0","0","0","https://twitter.com/ndanajmialyn/status/1276385756718784514","333421174","ndanajmialyn"
"1276382583891218432","Fri Jun 26 05:11:36 +0000 2020","0","GERAKAN BERSEHATI (bersih sehat dan indah). Koordinator Sekretariat Bawaslu Donggala (Junaedy) bersama staf sekretariat dalam rangka kerja bakti sosial dilingkungan kantor Bawaslu Kamis (25 juni 2020). https://t.co/uFCJqyF5vC","1276382583891218432","https://pbs.twimg.com/media/EbafLskUEAEEbOP.jpg","","in","Donggala, Sulawesi Tengah","0","0","0","https://twitter.com/BawsluDonggala/status/1276382583891218432","1266303478659342336","BawsluDonggala"
"1276378799009980418","Fri Jun 26 04:56:34 +0000 2020","3","Bakti sosial BNN PROVINSI ACEH bersih2 mesjid Raya Banda Aceh dalam rangka peringatan HANI 2020 #hidup100persen sehat sadar produktif dan bahagia. @INFOBNN @detikcom @serambinews @Pro1BandaAceh @Metro_TV @acehtvnews @tvOneNews @humasaceh @illizasaaduddin @mnasirdjamil https://t.co/NN9sYwnQiF","1276378799009980418","https://pbs.twimg.com/media/Ebabt4EU4AEkfNB.jpg","","in","Banda aceh","0","0","1","https://twitter.com/RehabBnnAceh/status/1276378799009980418","1149301999516565504","RehabBnnAceh"
"1276366316010500096","Fri Jun 26 04:06:58 +0000 2020","1","Mari wujudkan generasi bangsa yang berperstasi berbudi luhur berani berkarya tangguh tanpa narkoba. Terapkan gaya hidup sehat jangan pernah sekali-kali tergiur narkotika. Jauhi obat-obatan terlarang dan kelilingilah dirimu dengan lingkungan sosial yang positif. https://t.co/WIK6r4Cyn7","1276366316010500096","https://pbs.twimg.com/media/EbaQPd4UMAAeByl.jpg","","in","Jalan Solo KM 6 Yogyakarta","0","0","0","https://twitter.com/pupr_sda_so/status/1276366316010500096","975984206118440960","pupr_sda_so"
"1276317015045746690","Fri Jun 26 00:51:03 +0000 2020","0","Hari ini tanggal 25 Juni 2020 Kami lanjutkan pendampingan kami buat bapak Ariston Manurung 56 tahun beliau kami dampingi mengurus kartu Indonesia sehat dari pemerintah ke dinas sosial Kabupaten Deli Serdang. Klik https://t.co/QqEQfIMb7z","1276317015045746690","","","in","Medan, Sumatera Utara","0","0","0","https://twitter.com/UbaPasaribu2/status/1276317015045746690","1155093165608558592","UbaPasaribu2"
"1276215404424126464","Thu Jun 25 18:07:18 +0000 2020","0","Manfaat menyontek : 1. otot mata sehat 2. kreatifitas meningkat 3. Meningkatkn sosial teman 4. Nilai bagus 5. Melatih kecepatan gerak","1276215404424126464","","","in","","0","0","0","https://twitter.com/asihpriyati1/status/1276215404424126464","2191779301","asihpriyati1"
"1276143091984945154","Thu Jun 25 13:19:57 +0000 2020","1","Ia juga meminta kepada seluruh elemen masyarakat Tabanan agar selalu menjaga imun tubuh dengan menerapkan pola hidup sehat dan bersih selalu memakai masker dan menerapkan sosial dan pshycal distancing sesuai anjuran pemerintah. https://t.co/TGV0epnjxM","1276143091984945154","","","in","Jakarta - Indonesia","0","0","0","https://twitter.com/mediaindonesia/status/1276143091984945154","68930552","mediaindonesia"
"1276082411441319937","Thu Jun 25 09:18:50 +0000 2020","5","Sehat terus buat kamu meski kita sedang Sosial dispenser;)","1276082411441319937","","","in","Yogyakarta, Indonesia","0","1","0","https://twitter.com/Arfsulistya_/status/1276082411441319937","1254096779630407680","Arfsulistya_"
"1276051248597200896","Thu Jun 25 07:15:00 +0000 2020","10","Video seorang ibu melahirkan di trotoar Jalan Desa Pasir Harjo Kec. Talun Kab. Blitar Jawa Timur sempat viral di media sosial. Bayi berbobot 3 kilogram lahir dengan kondisi sehat dan selamat. #CNNIDNewsHour https://t.co/ns6OyEyJew https://t.co/Ay4M4SrS2f","1276051248597200896","https://pbs.twimg.com/amplify_video_thumb/1276019317776068609/img/3kAdi6JY5W6vYAWK.jpg","","in","Indonesia","0","2","1","https://twitter.com/CNNIDdaily/status/1276051248597200896","3306771829","CNNIDdaily"
"1276044782888865794","Thu Jun 25 06:49:18 +0000 2020","2","Mohon tetap pada protokol pandemik covid.19 #Jagajarak #pakaiMasker #Cucitangan6langkah #sosial distansing selalu hidup sehat stay healthy..stay safe.. https://t.co/16wkW8Alw6","1276044782888865794","https://pbs.twimg.com/media/EbVr9boUMAIVOJq.jpg","","in","Kalimantan Barat, Indonesia","0","0","0","https://twitter.com/PSejangkung/status/1276044782888865794","1269938210655793153","PSejangkung"
"1276044498255011842","Thu Jun 25 06:48:10 +0000 2020","2","Mohon tetap pada protokol pandemik covid.19 #Jagajarak #pakaiMasker #Cucitangan6langkah #sosial distansing selalu hidup sehat stay healthy..stay safe.. https://t.co/c38K9gesgc","1276044498255011842","https://pbs.twimg.com/media/EbVrs9pU8AUuF2H.jpg","","in","Kalimantan Barat, Indonesia","0","0","0","https://twitter.com/PSejangkung/status/1276044498255011842","1269938210655793153","PSejangkung"
"1276044474729160704","Thu Jun 25 06:48:05 +0000 2020","2","Mohon tetap pada protokol pandemik covid.19 #Jagajarak #pakaiMasker #Cucitangan6langkah #sosial distansing selalu hidup sehat stay healthy..stay safe.. https://t.co/6ZBaUX7iFA","1276044474729160704","https://pbs.twimg.com/media/EbVrrSzUwAQbWtj.jpg","","in","Kalimantan Barat, Indonesia","0","0","0","https://twitter.com/PSejangkung/status/1276044474729160704","1269938210655793153","PSejangkung"
"1276044384157360129","Thu Jun 25 06:47:43 +0000 2020","2","Mohon tetap pada protokol pandemik covid.19 #Jagajarak #pakaiMasker #Cucitangan6langkah #sosial distansing selalu hidup sehat stay healthy..stay safe.. https://t.co/KR9FC9Oncs","1276044384157360129","https://pbs.twimg.com/media/EbVrmqoU0AUSNrT.jpg","","in","Kalimantan Barat, Indonesia","0","0","0","https://twitter.com/PSejangkung/status/1276044384157360129","1269938210655793153","PSejangkung"
"1275999610981548032","Thu Jun 25 03:49:48 +0000 2020","0","Kenormalan Baru Transformasi Budaya Sehat Situasi pandemi Covid-19 saat ini membuat kehidupan manusia seperti ibarat buah simalakama. Adanya kebijakan pembatasan sosial yang ketat justru menimbulkan dampak https://t.co/MmekGN4eWg","1275999610981548032","","","in","Yogyakarta, Indonesia","0","0","0","https://twitter.com/humasuwm/status/1275999610981548032","895105189757177856","humasuwm"
"1275988910959521792","Thu Jun 25 03:07:17 +0000 2020","0","Manfaat menyontek : 1. otot mata sehat 2. kreatifitas meningkat 3. Meningkatkn sosial teman 4. Nilai bagus 5. Melatih kecepatan gerak","1275988910959521792","","","in","","0","0","0","https://twitter.com/asihpriyati1/status/1275988910959521792","2191779301","asihpriyati1"
"1275787618387668992","Wed Jun 24 13:47:25 +0000 2020","0","2 kitten ini direscue dari pasar baru.kondisi badan nya basah dan berminyak.sekarang udh sampai di shelter mak.makan lah sepuas nya nak.sehat dan bertahan Sosial media Instagram : straycatrescue_pdg You tube. https://t.co/iXUlpQr09Q","1275787618387668992","","","in","","0","0","0","https://twitter.com/Salmiat33620336/status/1275787618387668992","836564714821836800","Salmiat33620336"
"1275773228850409472","Wed Jun 24 12:50:15 +0000 2020","3","/wal sdh sdh yg mlm ini pada ribut semoga cepat di reda kan disini ber media sosial lh dengan cara yg sehat apabila ada salah satu yg tidak suka sebaiknya langsung saja sampaikan secara individu tidak usah di publikasikan secara terang terangan. menjaga perasaan (cont)","1275773228850409472","","","in","Kalimantan Selatan, Indonesia","0","11","0","https://twitter.com/banjarbase/status/1275773228850409472","981988393","banjarbase"
"1275762420561018881","Wed Jun 24 12:07:18 +0000 2020","0","Manfaat menyontek : 1. otot mata sehat 2. kreatifitas meningkat 3. Meningkatkn sosial teman 4. Nilai bagus 5. Melatih kecepatan gerak","1275762420561018881","","","in","","0","0","0","https://twitter.com/asihpriyati1/status/1275762420561018881","2191779301","asihpriyati1"
"1275695673652977664","Wed Jun 24 07:42:04 +0000 2020","0","Dalam buku Pengantar Hukum Indonesia yang ditulis oleh R. Abdoel Djamali S.H. hukum pidana sesungguhnya bertujuan untuk mencegah gejala-gejala sosial yang kurang sehat di samping sebagai sebuah pengobatan bagi https://t.co/GLUh1z45Zx","1275695673652977664","","","in","","0","0","0","https://twitter.com/PartnersRad/status/1275695673652977664","1253233270751293444","PartnersRad"
"1275681746118422528","Wed Jun 24 06:46:43 +0000 2020","0","Salam sehat untuk semua . Live di BBPK Jakarta TV Dengan Topik : Biaya Sosial Korupsi pada Pelatihan Penyuluh Anti Korupsi Jenjang Pratama . #bbpkjakartatv #diklatberkualitassdmcerdas #bbpkjktlawancovid19 https://t.co/xiJpcsWPVo","1275681746118422528","","","in","Cilandak, Indonesia","0","0","0","https://twitter.com/bbpkjakarta/status/1275681746118422528","786377977827176448","bbpkjakarta"
"1275668369635782656","Wed Jun 24 05:53:34 +0000 2020","0","Sebenernya bukan hanya faktor agama tapi kondisi sosial ekonomi lingkungan hidup dan kebudayaan yang tentu mempengaruhi kesehatan dan akses terhadap gaya hidup sehat","1275668369635782656","","","in","tangerang","0","1","1","https://twitter.com/alifa_auliya/status/1275668369635782656","1036177598","alifa_auliya"
"1275666155584307200","Wed Jun 24 05:44:46 +0000 2020","3","Mohon tetap pada protokol pandemik covid.19 #Jagajarak #pakaiMasker #Cucitangan6langkah #sosial distansing selalu hidup sehat stay healthy..stay safe.. https://t.co/o35EZntzKC","1275666155584307200","https://pbs.twimg.com/media/EbQTmWSWoAAeYog.jpg","","in","Kalimantan Barat, Indonesia","0","0","0","https://twitter.com/PSejangkung/status/1275666155584307200","1269938210655793153","PSejangkung"
"1275649185103085571","Wed Jun 24 04:37:20 +0000 2020","0","Manfaat menyontek : 1. otot mata sehat 2. kreatifitas meningkat 3. Meningkatkn sosial teman 4. Nilai bagus 5. Melatih kecepatan gerak","1275649185103085571","","","in","","0","0","0","https://twitter.com/asihpriyati1/status/1275649185103085571","2191779301","asihpriyati1"
"1275643563024547841","Wed Jun 24 04:15:00 +0000 2020","3","Mohon tetap pada protokol pandemik covid.19 #Jagajarak #pakaiMasker #Cucitangan6langkah #sosial distansing selalu hidup sehat stay healthy..stay safe.. https://t.co/RiAuRIVbxb","1275643563024547841","https://pbs.twimg.com/media/EbP_DI1XsAMsSGD.jpg","","in","Kalimantan Barat, Indonesia","0","0","0","https://twitter.com/PSejangkung/status/1275643563024547841","1269938210655793153","PSejangkung"
"1275643274389336064","Wed Jun 24 04:13:51 +0000 2020","3","Mohon tetap pada protokol pandemik covid.19 #Jagajarak #pakaiMasker #Cucitangan6langkah #sosial distansing selalu hidup sehat stay healthy..stay safe.. https://t.co/AGVGxnUzGl","1275643274389336064","https://pbs.twimg.com/media/EbP-yGdXsAANP5W.jpg","","in","Kalimantan Barat, Indonesia","0","0","0","https://twitter.com/PSejangkung/status/1275643274389336064","1269938210655793153","PSejangkung"
"1275642829004554243","Wed Jun 24 04:12:05 +0000 2020","3","Mohon tetap pada protokol pandemik covid.19 #Jagajarak #pakaiMasker #Cucitangan6langkah #sosial distansing selalu hidup sehat stay healthy..stay safe.. https://t.co/URwFJ5ewNy","1275642829004554243","https://pbs.twimg.com/media/EbP-Y0tXgAERY7f.jpg","","in","Kalimantan Barat, Indonesia","0","0","0","https://twitter.com/PSejangkung/status/1275642829004554243","1269938210655793153","PSejangkung"
"1275642600507224072","Wed Jun 24 04:11:10 +0000 2020","3","Mohon tetap pada protokol pandemik covid.19 #Jagajarak #pakaiMasker #Cucitangan6langkah #sosial distansing selalu hidup sehat stay healthy..stay safe.. https://t.co/679aZGbLmT","1275642600507224072","https://pbs.twimg.com/media/EbP-LSXXkAEzs8K.jpg","","in","Kalimantan Barat, Indonesia","0","0","0","https://twitter.com/PSejangkung/status/1275642600507224072","1269938210655793153","PSejangkung"
"1275642476141981696","Wed Jun 24 04:10:41 +0000 2020","3","Mohon tetap pada protokol pandemik covid.19 #Jagajarak #pakaiMasker #Cucitangan6langkah #sosial distansing selalu hidup sehat stay healthy..stay safe.. https://t.co/h2WFHXeqYx","1275642476141981696","https://pbs.twimg.com/media/EbP-EDQXgAYZ6TA.jpg","","in","Kalimantan Barat, Indonesia","0","0","0","https://twitter.com/PSejangkung/status/1275642476141981696","1269938210655793153","PSejangkung"
"1275642433242574849","Wed Jun 24 04:10:31 +0000 2020","3","Mohon tetap pada protokol pandemik covid.19 #Jagajarak #pakaiMasker #Cucitangan6langkah #sosial distansing selalu hidup sehat stay healthy..stay safe.. https://t.co/AWX6fx8sxw","1275642433242574849","https://pbs.twimg.com/media/EbP-BQBXQAMycH7.jpg","","in","Kalimantan Barat, Indonesia","0","0","0","https://twitter.com/PSejangkung/status/1275642433242574849","1269938210655793153","PSejangkung"
"1275528379928735745","Tue Jun 23 20:37:18 +0000 2020","0","Manfaat menyontek : 1. otot mata sehat 2. kreatifitas meningkat 3. Meningkatkn sosial teman 4. Nilai bagus 5. Melatih kecepatan gerak","1275528379928735745","","","in","","0","0","0","https://twitter.com/asihpriyati1/status/1275528379928735745","2191779301","asihpriyati1"
"1275507077813645312","Tue Jun 23 19:12:39 +0000 2020","0","Seneng deh ngeliat orang punya hobi baru yg sehat dengan bersepeda ditambah sepedanya sepeda lipat dengan brand ternama. Mungkin aku harus bersepeda juga agar sehat &amp; edgy di sosial.","1275507077813645312","","","in","","0","2","0","https://twitter.com/satpambethlehem/status/1275507077813645312","1169005207","satpambethlehem"
"1275437303066849283","Tue Jun 23 14:35:24 +0000 2020","346","Pemilu mau diundur ke 2027? Ada piala new normal? Bukan urusan saya. Harapan gw tetap : 1. Publik berbudaya hidup bersih &amp; sehat. 2. Pembangunan jalan tapi tidak merusak lingkungan. 3. Layanan kesehatan kita terbaik di dunia. 4. Korupsi dan kesenjangan sosial tidak makin parah.","1275437303066849283","","","in","Menteng, Indonesia","6","35","64","https://twitter.com/dr_koko28/status/1275437303066849283","1052703629528854530","dr_koko28"
"1275395760427634688","Tue Jun 23 11:50:19 +0000 2020","1","Dirumah aja gini yg bikin sehat pikiran cuma nonton drama dari pada liat sosial media wkwk","1275395760427634688","","","in","Malang","0","0","0","https://twitter.com/MulyCindy26/status/1275395760427634688","812483468","MulyCindy26"
"1275341672063176704","Tue Jun 23 08:15:23 +0000 2020","0","Manfaatkan bengkel motor Babinsa pelda kusnin berkomunikasi sosial dg warga ds ngablak dan memberi edukasi kegunaan memakai masker dan pentingnya pola hidup yg sehat sesuai protokol kesehatan https://t.co/zq6NhxOkBk","1275341672063176704","https://pbs.twimg.com/media/EbLptWIU0AA1ErS.jpg","","in","","0","0","0","https://twitter.com/koramil_17/status/1275341672063176704","1169635878429347840","koramil_17"
"1275301887093272581","Tue Jun 23 05:37:18 +0000 2020","0","Manfaat menyontek : 1. otot mata sehat 2. kreatifitas meningkat 3. Meningkatkn sosial teman 4. Nilai bagus 5. Melatih kecepatan gerak","1275301887093272581","","","in","","0","0","0","https://twitter.com/asihpriyati1/status/1275301887093272581","2191779301","asihpriyati1"
"1275301751994773505","Tue Jun 23 05:36:46 +0000 2020","0","Tidak berhenti memerangi Covid-1menggelar Bakti Sosial peduli covid 19 dengan pembagian Masker dalam rangka menyambut Hari Bhayangkara ke-74 dengan tema Jatim Bermasker Jatim Sehat Senin (22/6/20.) Simak berita selengkapnya di https://t.co/k2wAWvvpyK","1275301751994773505","","","in","Surabaya","0","0","0","https://twitter.com/NenggalaSurya/status/1275301751994773505","1191371692049719296","NenggalaSurya"
"1275292898578186240","Tue Jun 23 05:01:35 +0000 2020","0","Hari gini masih butuh pengakuan sosial? Hey cantik di luar belom tentu sehat secara finansial. #cumapinvest #edukasi #motivation #quotes #infofinancial #info #jakartainfo #nabung #investasi #pansos #hypebeast #investment #hidup #life #lifestyle https://t.co/EqiJnnE7Dr","1275292898578186240","https://pbs.twimg.com/media/EbLAIHQU4AAN1If.jpg","","in","Jakarta","0","0","1","https://twitter.com/pinvest_id/status/1275292898578186240","1148892211989213185","pinvest_id"
"1275103675816402948","Mon Jun 22 16:29:41 +0000 2020","0","Naaahh... aplikasi di china itu buatan arek suroboyo asli lho rek. Dan saat ini mereka tengah menyempurnakan aplikasi nya agar dapat digunakan di indonesia. Dan aplikasi ini bernama STATUS - SEHAT - SAYA. Yuk cek terus sosial media 3S https://t.co/GSJfRThM1r","1275103675816402948","https://pbs.twimg.com/media/EbIUB5mUcAAmEys.jpg","","in","Kota Surabaya, Jawa Timur","0","0","0","https://twitter.com/sehat3s/status/1275103675816402948","1274275331428413442","sehat3s"
"1275075394597613569","Mon Jun 22 14:37:18 +0000 2020","0","Manfaat menyontek : 1. otot mata sehat 2. kreatifitas meningkat 3. Meningkatkn sosial teman 4. Nilai bagus 5. Melatih kecepatan gerak","1275075394597613569","","","in","","0","0","0","https://twitter.com/asihpriyati1/status/1275075394597613569","2191779301","asihpriyati1"
"1275018561946181634","Mon Jun 22 10:51:28 +0000 2020","6","Salam Sehat Aksi Gowes Sosial Angicipi Cycling Club Bagikan Masker Gratis ke Masyarakat Ngawi https://t.co/4eM0WZJfxy","1275018561946181634","","","in","","0","0","0","https://twitter.com/MediaKomando/status/1275018561946181634","1229518084773277698","MediaKomando"
"1275017582370750465","Mon Jun 22 10:47:34 +0000 2020","0","Assalamu'alaikum #HandaiTolan Apa Kabarnya pagi ini? Semoga senantiasa sehat dalam perlindungan dan keberkahan dari Allah SWT. Aamiin. _ Bupati Tangerang A. Zaki Iskandar zaki.iskandar_story dan Dinas Sosial https://t.co/5y9q7dTOSL","1275017582370750465","","","in","","0","0","0","https://twitter.com/pakuhaji_kabtng/status/1275017582370750465","1225328505182777344","pakuhaji_kabtng"
"1275001686038216705","Mon Jun 22 09:44:24 +0000 2020","2","Keterbatasan sosial sampai dengan keterbatasan akal sehat Jadi gak sehat kalo bgini yaudah lanjut kan hidup aja ","1275001686038216705","","","in","","0","0","0","https://twitter.com/syaid24/status/1275001686038216705","1169943833083179008","syaid24"
"1274995667316797440","Mon Jun 22 09:20:30 +0000 2020","0","Salam Sehat Aksi Gowes Sosial Angicipi Cycling Club Bagikan Masker Gratis ke Ma https://t.co/FiTdzsPv45","1274995667316797440","","","in","Cirebon, Indonesia","0","0","0","https://twitter.com/officialliputan/status/1274995667316797440","53267425","officialliputan"
"1274979782980022272","Mon Jun 22 08:17:22 +0000 2020","1","Solidaritas sosial yang sehat ialah ketika antara pihak satu dan yang lainnya saling menghargai dan berattitude satu sama lain.","1274979782980022272","","","in","Wilwatikta, Majapahit","0","0","0","https://twitter.com/albaprasetyo/status/1274979782980022272","806861311145603072","albaprasetyo"
"1274967545871646720","Mon Jun 22 07:28:45 +0000 2020","4","Emang kasian negara berkembang ngikut ngikut gaya org negera maju tapi mental org miskin. Bukannya jadikan lifestyle sehat malah jadi bahan untuk ngangkat derajat sosial? Ga bisa mmg org mental mental gini di kasih tau gayahidup masayrakat global. Katrok","1274967545871646720","","","in","","0","0","1","https://twitter.com/julianmarcheln/status/1274967545871646720","73821797","julianmarcheln"
"1274946313147150337","Mon Jun 22 06:04:23 +0000 2020","0","Anak gifted adalah anak yang masa kecil dan remajanya sangat berisiko ketidaksinkronan perkembangan dan karakteristiknya yang supersensitif intens dan sangat kompleks dapat mengancam perkembangan sosial emosionalnya ke arah yang sehat. (1)","1274946313147150337","","","in","Jl. Tambra Raya No. 23 Jaktim","0","0","0","https://twitter.com/Prenadamedia2/status/1274946313147150337","821897566442786818","Prenadamedia2"
"1274943399921979392","Mon Jun 22 05:52:48 +0000 2020","0","Salam Sehat Aksi Gowes Sosial Angicipi Cycling Club Bagikan Masker Gratis ke Masyarakat Ngawi https://t.co/SVMgOjyjkI","1274943399921979392","","","in","East Java, Indonesia","0","0","0","https://twitter.com/co_jnn/status/1274943399921979392","1051312985157689345","co_jnn"
"1274920076198604800","Mon Jun 22 04:20:07 +0000 2020","0","Salam Sehat Aksi Gowes Sosial Angicipi Cycling Club Bagikan Masker Gratis ke Masyarakat Ngawi https://t.co/flwNtlWbbs via @Buser24","1274920076198604800","","","in","","0","0","0","https://twitter.com/brother58294419/status/1274920076198604800","1244399826944446465","brother58294419"
"1274907824963772419","Mon Jun 22 03:31:26 +0000 2020","1","#Hydax Bi-Weekly Update | Vol.16 - Jaga Jarak Sosial dan Tetap Sehat #blockchain #Crypto #weeklyreport https://t.co/rRD3wrKYcS","1274907824963772419","","","in","Indonesia","0","0","0","https://twitter.com/HydaxIndonesia/status/1274907824963772419","1208045748283031552","HydaxIndonesia"
"1274907769833832449","Mon Jun 22 03:31:13 +0000 2020","3","Gabut jenuh. Satu² hiburan adalah mengkritisi WAG². Spy apa? Spy tetap waras dan bernalar sosial yg sehat. Hadeyyh... Pagi jelang siang... ~Mari belanja di warung tetangga. https://t.co/GXDiUK6m0F","1274907769833832449","https://pbs.twimg.com/media/EbFh2Y4VcAAQ415.jpg","","in","Di sudut jalan","0","0","0","https://twitter.com/ButterCupdanie1/status/1274907769833832449","1271448602150178816","ButterCupdanie1"
"1274907504300789761","Mon Jun 22 03:30:10 +0000 2020","0","BPJS Kesehatan sebagai lembaga penyelenggara Program Jaminan Kesehatan Nasional-Kartu Indonesia Sehat (JKN-KIS) membangun sistem deteksi dini untuk pencegahan fraud atau kecurangan dalam pelaksanaan jaminan kesehatan sosial. (cont.) #BPJSKesehatan #BPJSBersihMelayani","1274907504300789761","","","in","Indonesia","0","1","0","https://twitter.com/vickyardianto_/status/1274907504300789761","437585754","vickyardianto_"
"1274867332842524672","Mon Jun 22 00:50:32 +0000 2020","0","Salam Sehat Aksi Gowes Sosial Angicipi Cycling Club Bagikan Masker Gratis ke Masyarakat Ngawi - https://t.co/dkLpSKzuQl","1274867332842524672","","","in","indonesia","0","0","0","https://twitter.com/Divif2kostrad/status/1274867332842524672","3308667944","Divif2kostrad"
"1274848902219350017","Sun Jun 21 23:37:18 +0000 2020","0","Manfaat menyontek : 1. otot mata sehat 2. kreatifitas meningkat 3. Meningkatkn sosial teman 4. Nilai bagus 5. Melatih kecepatan gerak","1274848902219350017","","","in","","0","0","0","https://twitter.com/asihpriyati1/status/1274848902219350017","2191779301","asihpriyati1"
"1274829211497160704","Sun Jun 21 22:19:03 +0000 2020","0","Salam Sehat Aksi Gowes Sosial Angicipi Cycling Club Bagikan Masker Gratis ke Masyarakat Ngawi https://t.co/fYPLqH8sWT","1274829211497160704","","","in","Batam indonesia","0","0","0","https://twitter.com/mediatrias/status/1274829211497160704","983366038015234048","mediatrias"
"1274821695883235329","Sun Jun 21 21:49:11 +0000 2020","0","Teman-teman Twitter saya akan rehat sejenak dari media sosial. Apabila ada teman-teman yang berkepentingan monggo menghubungi saya via Line atau WA. Sehat selalu untuk kita!","1274821695883235329","","","in","Indonesia","0","0","0","https://twitter.com/Rovolin_99/status/1274821695883235329","101213224","Rovolin_99"
"1274802707312676864","Sun Jun 21 20:33:44 +0000 2020","0","Setelah itu mulai berbaur lagi mencari lingkup sosial yang lebih suportif dan sehat. Bisa dimulai dengan kembali menekuni hobi lama atau kebiasaan baik lainnya dalami nanti hal itu bakal bantu kita buat nemuin circle baru. #MentalHealthAwareness","1274802707312676864","","","in","Indonesia","0","0","0","https://twitter.com/annisadzikra_g/status/1274802707312676864","723162206","annisadzikra_g"
"1274712347609686018","Sun Jun 21 14:34:41 +0000 2020","0","Alhamdulillah hari ini induk hamil rescue dari tabing melahirkan 5 baby kiteen yg imut dan sehat.untung saja lahiran di shelter Mak. Sosial media Instagram : straycatrescue_pdg You tube. https://t.co/fvICfzrZMK","1274712347609686018","","","in","","0","0","0","https://twitter.com/Salmiat33620336/status/1274712347609686018","836564714821836800","Salmiat33620336"
"1274681151559327745","Sun Jun 21 12:30:43 +0000 2020","3","Selamat ulang tahun bapak presiden indonesia Pak @jokowi. Panjanng umur sehat selalu dan menuju indonesia yg lebih maju dpt terwujud keadilan sosial bagi seluruh rakyat indonesia. https://t.co/NmqtxkBEHz","1274681151559327745","https://pbs.twimg.com/media/EbCTwELU8AI-32e.jpg","","in","Médan, France","0","0","0","https://twitter.com/AmiesKarbitan/status/1274681151559327745","1246771192431689731","AmiesKarbitan"
"1274646519799398400","Sun Jun 21 10:13:06 +0000 2020","0","Happy Birthday Mr President @jokowi Kami selalu mendoakan bapak bersama Ibu selalu sehat dan selalu tersenyum melayani rakyatmu Indonesia. Semoga keadilan sosial dan merata dan semoga Indonesia segera bebas dari pandemi Covid-19. GBU! #HBD59Jokowi https://t.co/urUaE3PBu3","1274646519799398400","https://pbs.twimg.com/media/EbB0QF3U8AE813F.jpg","","in","Singapore","0","0","0","https://twitter.com/HanafiRonny/status/1274646519799398400","886249668","HanafiRonny"
"1274018611204521985","Fri Jun 19 16:38:01 +0000 2020","4","Luar biasa Menteri satu ini @juliaribatubara gak ada capeknya setiap hari menemui warga dan memberi bantuan sosial Sedikit bicara banyak bekerja (gak sebaliknya kayak sono kebanyakan konpress) Sehat sll pak... Gbu","1274018611204521985","","","in","Kepulauan Riau","0","0","0","https://twitter.com/buss1026btm2/status/1274018611204521985","2570033492","buss1026btm2"
"1273949050463756288","Fri Jun 19 12:01:37 +0000 2020","0","Sabar sebentar y nak.kita berjemur dulu cuma 15 menit aja.biar bebas virus dan sehat terus. Ayo onty cuma hitung ada berapa kitten yg ada di kandang?????? Sosial media Instagram : straycatrescue_pdg You tube. https://t.co/VkIxmpx3g9","1273949050463756288","","","in","","0","0","0","https://twitter.com/Salmiat33620336/status/1273949050463756288","836564714821836800","Salmiat33620336"
"1273935385802883073","Fri Jun 19 11:07:19 +0000 2020","0","Manfaat menyontek : 1. otot mata sehat 2. kreatifitas meningkat 3. Meningkatkn sosial teman 4. Nilai bagus 5. Melatih kecepatan gerak","1273935385802883073","","","in","","0","0","0","https://twitter.com/asihpriyati1/status/1273935385802883073","2191779301","asihpriyati1"
"1273922289159925761","Fri Jun 19 10:15:16 +0000 2020","0","Sosial media versi ku untuk menampar diriku sendiri agar selalu tau diri. Tau diri hidup kudu sehat tau diri hidup itu kudu belajar tau diri hidup ga selalu senang tau diri cari uang ga gampang.","1273922289159925761","","","in","","0","0","0","https://twitter.com/hauramth/status/1273922289159925761","1512855752","hauramth"
"1273886737081806849","Fri Jun 19 07:54:00 +0000 2020","0","Jum'at 19 Juni 2020 Monitoring Pelaksanaan Penerapan Peraturan Gubernur Provinsi DKI Jakarta Nomor 51 Tahun 2020 tentang Pelaksanaan Pembatasan Sosial Berskala Besar pada Masa Transisi Menuju Masyarakat Sehat Aman https://t.co/DfgCdzTDNw","1273886737081806849","","","in","Jl. Rambutan No.IV/D","0","0","0","https://twitter.com/mang_sel/status/1273886737081806849","348371367","mang_sel"
"1273847382531166209","Fri Jun 19 05:17:37 +0000 2020","0","Semakin lama pandemi berlangsung muncul stigma sosial terhadap seseorang yang mengalami gejala penyakit tertentu hal ini berpotensi memperparah situasi karena orang yang merasa sakit tidak berani memeriksakan diri. STOP STIGMA sosial tentang COVID-19! Kita yang sehat lakukan: https://t.co/Cs7dMHgcBw","1273847382531166209","https://pbs.twimg.com/media/Ea2cZf5U4AATGEI.jpg","","in","Lantai 1 Pasar Badung-Denpasar","0","1","0","https://twitter.com/YRS_Bali/status/1273847382531166209","612149914","YRS_Bali"
"1273806645332783110","Fri Jun 19 02:35:45 +0000 2020","0"," Salam Sehat ⁣ ⁣ Nama Ervina Yana (30) mendadak viral di media sosial. Ia harus rela kehilangan bayi dalam kandungannya karena dikabarkan tidak mampu membayar biaya swab test corona.⁣ ⁣ Menanggapi kasus ini Ikatan https://t.co/nO4xTVYf0J","1273806645332783110","","","in","","0","0","0","https://twitter.com/DcgClub/status/1273806645332783110","2997682046","DcgClub"
"1273708893135200256","Thu Jun 18 20:07:19 +0000 2020","0","Manfaat menyontek : 1. otot mata sehat 2. kreatifitas meningkat 3. Meningkatkn sosial teman 4. Nilai bagus 5. Melatih kecepatan gerak","1273708893135200256","","","in","","0","0","0","https://twitter.com/asihpriyati1/status/1273708893135200256","2191779301","asihpriyati1"
"1273600635116503041","Thu Jun 18 12:57:08 +0000 2020","1","Buat mba fansite semoga sehat-sehat aja ya..... ya walopun itu melanggar sosial distancing tapi jepretan kalian juga kita yang nikmatin...","1273600635116503041","","","in","","0","0","0","https://twitter.com/JAEMINBOMS/status/1273600635116503041","1143083837116702720","JAEMINBOMS"
"1273591684719230977","Thu Jun 18 12:21:34 +0000 2020","2","Hai sobat mari ramaikan Aksi Sosial Donor Darah dalam rangka menyambut Hari Anti Narkotika Internasional 2020 Sadar Sehat Produktif dan Bahagia #HIDUP100% https://t.co/vGSGt1gJEr","1273591684719230977","https://pbs.twimg.com/media/Eay04sQUYAYF9H0.jpg","","in","Lhokseumawe, Aceh","0","0","0","https://twitter.com/BNNK_LSW/status/1273591684719230977","1685048707","BNNK_LSW"
"1273587459167645697","Thu Jun 18 12:04:47 +0000 2020","0","Minggu ini adalah momen di mana gue merasa media sosial sangat tidak sehat.G Why? 1) Lebih banyak berita negatif baik dari dalam negeri maupun luar negeri. 2) Konten teman-teman gue dan influencers yang gue follow bikin gue jadi sirik dengan kehidupannya. Udah gak sehat.","1273587459167645697","","","in","Bandung - Jakarta","0","1","0","https://twitter.com/haefaazhar/status/1273587459167645697","116157838","haefaazhar"
"1273560394435420161","Thu Jun 18 10:17:14 +0000 2020","0","Sholat itu urusan private. Tapi efek sholat itu urusan public. =Efek positif sholatnya akal sehat: Jadi makin rendah hati makin simpatik sosial makin berguna bagi mayarakat. =Efek negatif sholatnya akal tak-sehat: Jadi makin tinggi hati makin egois makin jahil sosial.","1273560394435420161","","","in","SAMPIT, KalTeng, INDONESIA+62","0","0","0","https://twitter.com/Budi_2232/status/1273560394435420161","1203075185420599296","Budi_2232"
"1273544968280268801","Thu Jun 18 09:15:56 +0000 2020","0"," Kita harus menjaga diri agar selalu sehat memastikan lingkungan sosial sehat karena itu akan menjadikan generasi bangsa terjaga sehat pula kedepan. A Muhaimin Iskandar Ketua Umum DPP PKB #PKB #GusAMI https://t.co/6TkRPfuXQC","1273544968280268801","https://pbs.twimg.com/media/EayKY5PU4AIOXlK.jpg","","in","","0","0","0","https://twitter.com/TualPkb/status/1273544968280268801","1171388595367628802","TualPkb"
"1273537679540359169","Thu Jun 18 08:46:58 +0000 2020","0"," Kita harus menjaga diri agar selalu sehat memastikan lingkungan sosial sehat karena itu akan menjadikan generasi bangsa terjaga sehat pula kedepan. . @cakiminow Ketua Umum @DPP_PKB @EmHasanuddin @DPR_RI @FraksiPKB @dpwpkb_sultra #PKB #GusAMI https://t.co/2T8abmnuXB","1273537679540359169","https://pbs.twimg.com/media/EayDxPcU8AAXvmc.jpg","","in","Kendari, Indonesia","0","0","0","https://twitter.com/BangJay_sf/status/1273537679540359169","325487089","BangJay_sf"
"1273512582373085190","Thu Jun 18 07:07:15 +0000 2020","0","Seneng banget saat tahu produk sudah pada datang. Enak banget ada bisnis yang bisa dijalankan di rumah cukup aktif di wa dan sosial media dan kita tetap bisa bantu siapa saja untuk hidup lebih sehat. https://t.co/TYUS6VzPtN","1273512582373085190","","","in","ÜT: -6.224839,106.8046413","0","0","0","https://twitter.com/heru198/status/1273512582373085190","51645917","heru198"
"1273511694929498113","Thu Jun 18 07:03:43 +0000 2020","0","(ask) Menurut kalian apakah seseorang yg ingin memeriksakan diri ke psikiater sudah termasuk dianggap gila dan stress? Pdhl definisi sehat menurut WHO : suatu kondisi fisik mental&amp; kesejahteraan sosial yg mrpkn satu kesatuan dan bkn hanya bebas dari penyakit/kecatatan.","1273511694929498113","","","in","Sunrise of java","0","1","0","https://twitter.com/alpppyh/status/1273511694929498113","374939387","alpppyh"
"1273507721472610310","Thu Jun 18 06:47:56 +0000 2020","0","Salam sehat #sobatkriskes pada penanganan Covid-19 di seluruh dunia negara negara sudah menerapkan langkah kesehatan masyarakat dan sosial (LKMS). Berikut terdapat panduan tentang penyesuaian langkah kesehatan https://t.co/iKO50ZDLK1","1273507721472610310","","","in","palangkaraya","0","0","0","https://twitter.com/dinkeskalteng/status/1273507721472610310","722024040102174720","dinkeskalteng"
"1273482408193486849","Thu Jun 18 05:07:20 +0000 2020","0","Manfaat menyontek : 1. otot mata sehat 2. kreatifitas meningkat 3. Meningkatkn sosial teman 4. Nilai bagus 5. Melatih kecepatan gerak","1273482408193486849","","","in","","0","0","0","https://twitter.com/asihpriyati1/status/1273482408193486849","2191779301","asihpriyati1"
"1273461012428021760","Thu Jun 18 03:42:19 +0000 2020","0","Babinsa Desa Tegalmade Serda Suyono dan kapolsek kec Mojolaban melaksanakan komonikasi sosial dengan preangkat desa Tegalmade untuk mengecek kesiapan pemerintahan Desa dalam menyediakan Rumah sehat di wilayah Desanya . https://t.co/zjiLE4jEt8","1273461012428021760","https://pbs.twimg.com/media/Eaw9C_pVAAYujKM.jpg","","in","","0","0","0","https://twitter.com/KMojolaban/status/1273461012428021760","1268722562852220928","KMojolaban"
"1273411481627811841","Thu Jun 18 00:25:30 +0000 2020","0","Menyegerakan dan Terburu-buru adalah dua hal yang berbeda. Yang pertama; berdasarkan tuntunan syari'at dan akal sehat. Yang kedua; karena tekanan lingkungan sosial dan dorongan hawa nafsu. Wallahu A'lam.","1273411481627811841","","","in","Kalimantan Tengah, Indonesia","0","0","0","https://twitter.com/HatiSampit/status/1273411481627811841","1185149678309924864","HatiSampit"
"1273255914015883264","Wed Jun 17 14:07:20 +0000 2020","0","Manfaat menyontek : 1. otot mata sehat 2. kreatifitas meningkat 3. Meningkatkn sosial teman 4. Nilai bagus 5. Melatih kecepatan gerak","1273255914015883264","","","in","","0","0","0","https://twitter.com/asihpriyati1/status/1273255914015883264","2191779301","asihpriyati1"
"1273247889192390656","Wed Jun 17 13:35:27 +0000 2020","1","Mari saling menjaga dan saling mengingatkan orang di sekitarmu lakukan pembiasaan pola hidup sehat dan aman sesuai protokol kesehatan menuju kegiatan sosial-ekonomi yang produktif. https://t.co/Q8OhLgFb2V","1273247889192390656","https://pbs.twimg.com/media/Eat8NMaUMAIuZSx.jpg","","in","Jakarta Capital Region","0","0","0","https://twitter.com/DjaelaniErwin/status/1273247889192390656","948233035916353541","DjaelaniErwin"
"1273195394155986944","Wed Jun 17 10:06:51 +0000 2020","13","Polisi sebagai penggerak Revolusi Mental dan Pelopor Tertib Sosial di Ruang Publik Biasakan perilaku hidup bersih dan sehat #humaspolressijunjung https://t.co/h4eg9AdXxM","1273195394155986944","https://pbs.twimg.com/media/EatMVIUUcAIpegV.jpg","","in","Sijunjung, Indonesia","0","0","8","https://twitter.com/polisisijunjung/status/1273195394155986944","786070815444008961","polisisijunjung"
"1273193793395851264","Wed Jun 17 10:00:29 +0000 2020","7","Yuk lakukan gerakan Mudah #7DaysActive berikut. Selain sehat pastinya menyenangkan untuk dilakukan. Jangan lupa share di akun media sosial kamu ya saat melakukannya dan mention @Nestle_IDN https://t.co/GmTMTo7lY8","1273193793395851264","https://pbs.twimg.com/media/EatK_4HWkAERZQX.jpg","","in","Indonesia","0","0","1","https://twitter.com/NestleIndonesia/status/1273193793395851264","4787420784","NestleIndonesia"
"1273120612966424576","Wed Jun 17 05:09:42 +0000 2020","1","Jaga kesehatan sambil tetap menjaga kontak #sosial. ️️ A &amp; O Magazine majalah psikologi tentang dunia kerja https://t.co/JnvLd2zf7K #karir #motivasi #manajemen #bisnis #coaching #training #sehat #sukses #bahagia #gratis #Indonesia #optimis #WorkFromHome #covid19 #newnormal https://t.co/qGGWcxF4xl","1273120612966424576","https://pbs.twimg.com/media/EasIcjPWAAcdLN9.jpg","","in","Indonesia","0","0","1","https://twitter.com/aandomag/status/1273120612966424576","920160678979211264","aandomag"
"1273078362529861635","Wed Jun 17 02:21:48 +0000 2020","5","Mensos @juliaribatubara Tetap Jaga Stamina walau Blusukan bagi - bagi Bansos Selain mengunjungi balai rehabilitasi sosial beliau juga turun bertemu langsung masyarakat kelompok rentan . Sehat Sellu Pak @KemensosRI 🇮🇩 https://t.co/VNtuSi7cjy","1273078362529861635","","","in","","0","0","3","https://twitter.com/HarisSekipi/status/1273078362529861635","789051866835329024","HarisSekipi"
"1272877988422402049","Tue Jun 16 13:05:36 +0000 2020","0","sosial media sudah tidak sehat yg paling sehat emang sayur buah sm air putih","1272877988422402049","","","in","","0","0","0","https://twitter.com/salmmaaan/status/1272877988422402049","797356652","salmmaaan"
"1272830524323540992","Tue Jun 16 09:56:59 +0000 2020","0","Udud tidak sehat untuk tubuh tapi sehat untuk inisiasi sosial ","1272830524323540992","","","in","Jakarta Capital Region","0","0","0","https://twitter.com/duskpacker/status/1272830524323540992","252411779","duskpacker"
"1272825649846079493","Tue Jun 16 09:37:37 +0000 2020","0","Manfaat menyontek : 1. otot mata sehat 2. kreatifitas meningkat 3. Meningkatkn sosial teman 4. Nilai bagus 5. Melatih kecepatan gerak","1272825649846079493","","","in","","0","0","0","https://twitter.com/asihpriyati1/status/1272825649846079493","2191779301","asihpriyati1"
"1272801737271697408","Tue Jun 16 08:02:36 +0000 2020","14","Dlm rangka memperingati HUT PJI Ke-27 serta menyambut new normal dgn menjaga stamina dan menerapkan PHBS (Pola Hidup Bersih Dan Sehat) Kejari Medan melaksanakn kegiatan Jaksa Bike to Office dan memberikn bantuan sosial kpd para tenaga honorer cleaning service dan jajaran lainnya https://t.co/oAke0b9q6L","1272801737271697408","https://pbs.twimg.com/media/EanmaTjVAAA24N8.jpg","","in","Jakarta Selatan, DKI Jakarta","0","2","3","https://twitter.com/KejaksaanRI/status/1272801737271697408","705276546735407104","KejaksaanRI"
"1272787450570522624","Tue Jun 16 07:05:50 +0000 2020","6","Mensos @juliaribatubara Tetap Jaga Stamina walau Blusukan bagi - bagi Bansos Selain mengunjungi balai rehabilitasi sosial beliau juga turun bertemu langsung masyarakat kelompok rentan . Sehat Sellu Pak @KemensosRI 🇮🇩 https://t.co/VNtuSi7cjy","1272787450570522624","","","in","","0","0","2","https://twitter.com/HarisSekipi/status/1272787450570522624","789051866835329024","HarisSekipi"
"1272748175518920704","Tue Jun 16 04:29:46 +0000 2020","1","Kalau gini terus kapan media sosial dapat menjadi ruang publik di mana dialog yang sehat dan setara antar unsur masyarakat dapat terjadi. #adus","1272748175518920704","","","in","","0","0","0","https://twitter.com/DFASfaizun/status/1272748175518920704","2417737705","DFASfaizun"
"1272745154743382018","Tue Jun 16 04:17:46 +0000 2020","0","Giat Minggu Pagi di Kampung Tangguh SEMERU (SEhat aMan tERtib RUkun) Perum Pesona Valenta Dsn. Krajan Dua Desa Kembiritan @kecgenteng Karya Bhakti TNI Satkowil Penanggulangan Bencana Sosial dalam Rangka Percepatan Penanganan Penyebaran Covid 19 @banyuwangi_kab @Pendim_0825 https://t.co/bulRB643sV","1272745154743382018","https://pbs.twimg.com/media/Eamy8AxU4AESFgH.jpg","","in","Banyuwangi, Indonesia","0","0","0","https://twitter.com/firmansanyoto/status/1272745154743382018","773432307462107137","firmansanyoto"
"1272744754694877185","Tue Jun 16 04:16:10 +0000 2020","0"," Karya Bhakti TNI Satkowil Penanggulangan Bencana Sosial dalam Rangka Percepatan Penanganan Penyebaran Covid 19 di Kampung Tangguh SEMERU (SEhat aMan tERtib RUkun) Perum Pesona Valenta Dsn. Krajan Dua Desa Kembiritan @kecgenteng @Pendim_0825 https://t.co/G4zmXWybkq","1272744754694877185","https://pbs.twimg.com/media/Eamyj-3U8AA6Q2y.jpg","","in","Banyuwangi, Indonesia","0","0","0","https://twitter.com/firmansanyoto/status/1272744754694877185","773432307462107137","firmansanyoto"
"1272691478012104704","Tue Jun 16 00:44:28 +0000 2020","1","Sosial media Indonesia menjadi riuh hanya karena 3 akun anonim yang mengusik si pengucap logika kebenaran memaksa kita untuk yakin keberadaan buzzeRp. Smg ini jd titik awal menuju iklim demokrasi yg lbh sehat #BINTANGEMONBESTBOY","1272691478012104704","","","in","Bogor, Jawa Barat","0","0","0","https://twitter.com/fawwazulhaqie/status/1272691478012104704","118250158","fawwazulhaqie"
"1272576879627603972","Mon Jun 15 17:09:06 +0000 2020","1","Utk kesehatan Pemerintah mengendalikan Covid-19 agar tdk menyebar luas. Kata Pak @jokowi yg sehat jgn tertular &amp; yg sakit dirawat sampai sembuh. Utk sosial ekonomi warga yg kurang mampu &amp; terdampak Covid-19 mendapatkan perlindungan &amp; bantuan sosial. https://t.co/31VnPUJehH","1272576879627603972","","","in","","0","0","0","https://twitter.com/Twit_Opini/status/1272576879627603972","790906491943301120","Twit_Opini"
"1272564315116064777","Mon Jun 15 16:19:10 +0000 2020","0","Semenjak adanya media sosial kehidupan politik memang menjadi tidak sehat. Lo memang ada politik yg sehat?","1272564315116064777","","","in","lpg","0","0","0","https://twitter.com/dkwhywkwk/status/1272564315116064777","2545225232","dkwhywkwk"
"1272551486963109888","Mon Jun 15 15:28:12 +0000 2020","0","kenapa diciptakan pembatasan sosial bersekala pembatasan retweeet like cuitan orang di twiter ? biar apa biar ada obrolan yang sehat gitu. hm..m","1272551486963109888","","","in","Solo ","0","1","0","https://twitter.com/dwirahmadi__/status/1272551486963109888","842159801945661447","dwirahmadi__"
"1272550766822125568","Mon Jun 15 15:25:20 +0000 2020","0","Jimin... dia nulis pesan di fancafe... beberapa waktu lalu dia emg pernah bilang sih bakal ngurangin waktu buat main sosial media well aku bener maklum because as we all know there are a lot of toxic things going on in that/this platform. Cuman berharap dia sehat dan bahagia ","1272550766822125568","","","in","","0","0","0","https://twitter.com/holycrabsss/status/1272550766822125568","1225018363987914752","holycrabsss"
"1272548074703818752","Mon Jun 15 15:14:38 +0000 2020","0","Dulu berkegiatan sosial aktiffff banget sampai kadang nginep diluar terus. Sekarang ga lagi karena situasi dan keadaannya seperti ini. Semoga jiwa ini tetap sehat selalu ya mentalnya dijaga jangan suka dipermainkan : ))","1272548074703818752","","","in","Makassar, Indonesia","0","0","0","https://twitter.com/hehzlx/status/1272548074703818752","85756421","hehzlx"
"1272451804085710848","Mon Jun 15 08:52:05 +0000 2020","0","Menurut Allport ciri individu yang memiliki kepribadian sehat 1. Memahami diri secara objektif Tahu apa yang menjadi kekurangan dan kelebihan di diri sendiri 2. Memahami eksistensi diri yang terkait dengan orang lain Manusia bereksistensi untuk menjalin interaksi sosial","1272451804085710848","","","in","","0","1","0","https://twitter.com/edisiketiga/status/1272451804085710848","1245526789859856384","edisiketiga"
"1272420265335459840","Mon Jun 15 06:46:46 +0000 2020","9","Akan rindu kata-kata syahdu Gus Nadir yang bertebaran di timeline media sosial. Sehat selalu ya Gus https://t.co/L3hJWss6Kn","1272420265335459840","https://pbs.twimg.com/media/EaiLTl0VAAAs6Kf.jpg","","in","","0","0","5","https://twitter.com/ID_NUpedia/status/1272420265335459840","1235781807213166592","ID_NUpedia"
"1272418177742327808","Mon Jun 15 06:38:28 +0000 2020","0","Manfaat menyontek : 1. otot mata sehat 2. kreatifitas meningkat 3. Meningkatkn sosial teman 4. Nilai bagus 5. Melatih kecepatan gerak","1272418177742327808","","","in","","0","0","0","https://twitter.com/asihpriyati1/status/1272418177742327808","2191779301","asihpriyati1"
"1272412503037767680","Mon Jun 15 06:15:55 +0000 2020","0","kalo lagi kurang sehat ga bagus bgt emang liat media sosial","1272412503037767680","","","in","","0","0","0","https://twitter.com/bilqiskhoirulls/status/1272412503037767680","54243759","bilqiskhoirulls"
"1272370037345513472","Mon Jun 15 03:27:11 +0000 2020","0","Hr ini hr pertama PSBL (Pembatasan Sosial Berskala Lokal) diberlakukan new normal hrs kita jalani. New Normal bkn berarti terlepas dari hidup sehat . Yuk bangun healthy lifestyle dari sekarang biar terhindar dari segala penyakit! #PSBL #newnormal #socialdistancing #donatkentang https://t.co/czxggOpvut","1272370037345513472","https://pbs.twimg.com/media/EahdXOyU4AQt0wp.jpg","","in","Jalan Radio Dalam Raya No.54B","0","0","0","https://twitter.com/tomapledonuts/status/1272370037345513472","1239801222313299973","tomapledonuts"
"1272350406350266368","Mon Jun 15 02:09:10 +0000 2020","0","Aku gak punya gelar medis tapi punya akal sehat dan paham kalau di dunia ini banyak hal yg harus dipertimbangkan dan tidak bisa dikesampingkan termasuk aspek moral (agama sosial dll). Dan gak perlu mendebat untuk memaksakan kehendak kepada orang lain agar terlihat pintar.","1272350406350266368","","","in","","0","0","0","https://twitter.com/pambapontar/status/1272350406350266368","113779930","pambapontar"
"1272338213307166720","Mon Jun 15 01:20:43 +0000 2020","0","Katanya KEADILAN SOSIAL BAGI SELURUH RAKYAT INDONESIA Apa iya ada syarat dan ketentuan berlaku Sehat selalu Bintang Emon ","1272338213307166720","","","in","Indonesia","0","0","0","https://twitter.com/punggeng/status/1272338213307166720","1398682250","punggeng"
"1272264822810218497","Sun Jun 14 20:29:05 +0000 2020","0","krn surabaya masy susah diajak hidup sehat takut lapar waktu nya dystanting sosial mapah sibuk kepasar ke mall yah biarkan sj klu mrk gk mau ikuti aturan pemerintah biar kotanya agak longgar klu banyak yg jd korban asal jangan bw ke kota lain covid nya","1272264822810218497","","","in","East Java, Indonesia","0","0","0","https://twitter.com/RPamoedjo/status/1272264822810218497","1101086028188643329","RPamoedjo"
"1272186300863352833","Sun Jun 14 15:17:04 +0000 2020","1","Maaf tahun ini hanya bisa menyaksikan kalian dari postingan sosial media ami2 yg ikut konser online kalian Maaf.. Sedih tapi saya selalu berharap kalian selalu sehat dan bahagia. Sayang kalian Bangtanku #BangBangConTheLive #BangBangConTheLive https://t.co/VyN8Z84O7H","1272186300863352833","https://pbs.twimg.com/tweet_video_thumb/Eae2sNXU0AIoOsp.jpg","","in","Tangerang, Indonesia","0","0","0","https://twitter.com/_kimynsii/status/1272186300863352833","1198239408106795008","_kimynsii"
"1272184788930007042","Sun Jun 14 15:11:04 +0000 2020","2",": Olahraga di GBK buat apa? Buat sehat? : Ga sih : Loh emang olahraganya apa? Lari? : Panjat sosial ","1272184788930007042","","","in","Enchanted world","0","0","0","https://twitter.com/Ardilol/status/1272184788930007042","100092421","Ardilol"
"1272168388551417856","Sun Jun 14 14:05:54 +0000 2020","0","Jaga kesehatan dan tetap jaga kontak #sosial. ️️ A &amp; O Magazine majalah psikologi tentang dunia kerja https://t.co/JnvLd2zf7K #karir #motivasi #manajemen #bisnis #coaching #training #sehat #sukses #bahagia #gratis #Indonesia #optimis #WorkFromHome #covid19 #newnormal https://t.co/unzDsT2VZ4","1272168388551417856","https://pbs.twimg.com/media/EaemZQZWsAAzjrH.jpg","","in","Indonesia","0","0","0","https://twitter.com/aandomag/status/1272168388551417856","920160678979211264","aandomag"
"1272123641832988673","Sun Jun 14 11:08:05 +0000 2020","0","Manfaat menyontek : 1. otot mata sehat 2. kreatifitas meningkat 3. Meningkatkn sosial teman 4. Nilai bagus 5. Melatih kecepatan gerak","1272123641832988673","","","in","","0","0","0","https://twitter.com/asihpriyati1/status/1272123641832988673","2191779301","asihpriyati1"
"1272068581279199235","Sun Jun 14 07:29:18 +0000 2020","0","[HARI DONOR DARAH SEDUNIA] Selamat Hari Donor Darah Sedunia Manusia merupakan makhluk yang sosial senantiasa membutuhkan bantuan satu sama lain. Terutama dalam hal kesehatan. Tubuh yang sehat membutuhkan darah yang cukup dalam volumenya dan harus sesuai golongannya.","1272068581279199235","","","in","Jember, Jawa Timur","0","1","0","https://twitter.com/bemfebunej/status/1272068581279199235","963410063502094336","bemfebunej"
"1272061586509873154","Sun Jun 14 07:01:30 +0000 2020","43","Panduan tips sehat untuk sehari-hari: - Makan makanan sehat 3x sehari - Sempatkan makan buah - Minum 3 liter air putih - 2 jam tanpa media sosial - 8 jam tidur malam #TipsnyaRiliv","1272061586509873154","","","in","Indonesia","0","0","16","https://twitter.com/riliv_app/status/1272061586509873154","3251347142","riliv_app"
"1272061088851349504","Sun Jun 14 06:59:31 +0000 2020","1","Hasil Survei Sosial BPS Sebut Perempuan Lebih Baik dalam Perilaku Hidup Bersih dan Sehat https://t.co/GFsZYeaCes","1272061088851349504","","","in","Indonesia","0","0","0","https://twitter.com/pikiran_rakyat/status/1272061088851349504","58880688","pikiran_rakyat"
"1271855303345074177","Sat Jun 13 17:21:48 +0000 2020","5","Apakah pembatasan sosial di kerumunan bisa dilakukan dalam new normal ? Berperilaku menahan diri &amp; menjaga hidup sehat itu tujuan yg harusnya dilakukan ATM Masker Vitamin Corner tempat desinfektan alas kaki mungkin perlu disediakan ~ Alun2 Utara 13/06/2020 ~ https://t.co/6UDu4NvAlV","1271855303345074177","https://pbs.twimg.com/ext_tw_video_thumb/1271855154241781760/pu/img/8r4QSA0lgBWi7UPi.jpg","","in","","0","0","0","https://twitter.com/adamaguss/status/1271855303345074177","99166939","adamaguss"
"1271813989207388162","Sat Jun 13 14:37:38 +0000 2020","0","Manfaat menyontek : 1. otot mata sehat 2. kreatifitas meningkat 3. Meningkatkn sosial teman 4. Nilai bagus 5. Melatih kecepatan gerak","1271813989207388162","","","in","","0","0","0","https://twitter.com/asihpriyati1/status/1271813989207388162","2191779301","asihpriyati1"
"1271777215600967681","Sat Jun 13 12:11:31 +0000 2020","0","Tatanan sosial kehidupan baru ini jangan lupa sempatkan diri untuk menjaga kesehatan berolah raga dan menjaga pola hidup sehat serta sempurnakan dengan kegiatan ibadah perbanyak Doa agar #IndonesiaBisaNewNormal https://t.co/PLoRNzEn3W","1271777215600967681","https://pbs.twimg.com/ext_tw_video_thumb/1271777152531197952/pu/img/GJOB9vwBy0BA-URq.jpg","","in","Indonesia","0","0","0","https://twitter.com/RK_Lamongan/status/1271777215600967681","736600582538944512","RK_Lamongan"
"1271714239389073408","Sat Jun 13 08:01:16 +0000 2020","0","Bukan kekuatan bukan harta bukan pula kepandaian yang membuat manusia dihargai tapi Akhlaknya .. Karena manusia itu makhluk sosial makhluk berakhlak. Selamat berakhir pekan salam sehat selalu . @ Dewangi https://t.co/zKe1NNAtoD","1271714239389073408","","","in","Nganjuk, Indonesia","0","0","0","https://twitter.com/minyakritual01/status/1271714239389073408","833977834930450432","minyakritual01"
"1271689475983208448","Sat Jun 13 06:22:52 +0000 2020","0","sambil menunggu ketersediaan vaksin yg ada #IndonesiaBisaNewNormal dengan tetap menerapkan protokol hidup sehat serta menjaga jarak dan interaksi sosial. Jadi jangan bandel utk selalu memakai Masker dimanapun berada ya #IndonesiaBisaNewNormal https://t.co/XZ91Qg2qED","1271689475983208448","","","in","DKI Jakarta","0","0","0","https://twitter.com/ronniyputu/status/1271689475983208448","1097946463714238464","ronniyputu"
"1271677439622541314","Sat Jun 13 05:35:02 +0000 2020","0","Jumat 12Juni2020 Giatpelaksanaan Program Pengobatan gratis Lembaga Kesejahteraan Sosial (LKS) kab Labusel dan pembagian Kartu Indonesia Sehat (KIS) Oleh Lembaga kesejahteraan sosial (LKS) yang di wakili Wakil Bupati Labusel Drs. KHOLIL JUPRI HARAHAP di Kantor camat Kec. Seikanan https://t.co/P7hS5oYL6y","1271677439622541314","https://pbs.twimg.com/media/EaXn1-tVAAAaLt8.jpg","","in","","0","0","0","https://twitter.com/Kasihhumaspols2/status/1271677439622541314","1229945865499885568","Kasihhumaspols2"
"1271659920480321536","Sat Jun 13 04:25:25 +0000 2020","0","New Normal dilakukan supaya aktivitas sosial ekonomi bisa berjalan bersamaan dgn perubahan perilaku agar kita hidup lebih bersih &amp; sehat dan pd saat yg sama wabah Covid-19 bisa diatasi. #infocovid19PKP https://t.co/rMBtP6um7Z","1271659920480321536","https://pbs.twimg.com/media/EaXX9P-UwAAsXSs.jpg","","in","#PangkalpinangMenang !","0","0","0","https://twitter.com/infopkp/status/1271659920480321536","335804433","infopkp"
"1271659865451028480","Sat Jun 13 04:25:12 +0000 2020","0","Gw bener mikir dimana letak nilai keadilan sosial bagi seluruh rakyat Indonesia . Gw emang ga paham hukum tapi kalo kasus kaya gini dipikir dengan akal sehat aja udah ga masuk akal sampe gw mikir sistem hukum di Indonesia sudah dalam tingkatan terkonyol. Faklah","1271659865451028480","","","in","","0","2","0","https://twitter.com/hanyaRiz/status/1271659865451028480","1099628582865793025","hanyaRiz"
"1271632761455996930","Sat Jun 13 02:37:30 +0000 2020","0","Manfaat menyontek : 1. otot mata sehat 2. kreatifitas meningkat 3. Meningkatkn sosial teman 4. Nilai bagus 5. Melatih kecepatan gerak","1271632761455996930","","","in","","0","0","0","https://twitter.com/asihpriyati1/status/1271632761455996930","2191779301","asihpriyati1"
"1271585716741390336","Fri Jun 12 23:30:34 +0000 2020","0","Aneh ga sih? Sudah terbiasa tidak bersender pada aliran apapun tp tetap berusaha terlihat sebagai makhluk beragama demi kehidupan sosial yang sehat. Contoh: ngucap assalamualaikum istighfar syalom gbu etc sebenarnya jangankan mengucap mengetik di chat aja aneh","1271585716741390336","","","in","Nowhere","0","1","0","https://twitter.com/desperandumvox/status/1271585716741390336","70314855","desperandumvox"
"1271440208152543234","Fri Jun 12 13:52:22 +0000 2020","0","Balada 'nak cyclist dan sepeda brompton... antara sehat status sosial dan instastory","1271440208152543234","","","in","Special Region of Yogyakarta","0","1","0","https://twitter.com/zxxabx/status/1271440208152543234","1443145651","zxxabx"
"1271436609309667328","Fri Jun 12 13:38:04 +0000 2020","0","Manfaat menyontek : 1. otot mata sehat 2. kreatifitas meningkat 3. Meningkatkn sosial teman 4. Nilai bagus 5. Melatih kecepatan gerak","1271436609309667328","","","in","","0","0","0","https://twitter.com/asihpriyati1/status/1271436609309667328","2191779301","asihpriyati1"
"1271386059755020289","Fri Jun 12 10:17:12 +0000 2020","0","Halo lur Apa kabar? Semoga semua dalam keadaan sehat dan tetap jaga kesehatan yaa lurr️ Pasti sudah penasaran yaaa Apa sih yang harus dulur tahuu? Naahh kalau penasaran pantengin terus sosial media UKTK UNAIR Saiyeg Saeka Praya Anggayuh Cita Kang Mulya Titiituittt Yaa!! https://t.co/yk3OlmBdR8","1271386059755020289","https://pbs.twimg.com/media/EaTe3tyUwAEr8hX.jpg","","in","Kampus C UNAIR, Surabaya","0","0","0","https://twitter.com/UKTKUNAIR/status/1271386059755020289","315184355","UKTKUNAIR"
"1271355523762274310","Fri Jun 12 08:15:52 +0000 2020","1","Pemdes Sekotong dan Polri Siap Kawal Lomba Kampung Sehat 2020 #LombaKampungSehat_2020 #Sehat_Ekonomi #Sehat_Sosial #Sehat_Kamtibmas https://t.co/edCkJ8vC8s","1271355523762274310","https://pbs.twimg.com/media/EaTDGeRU0AAEiOx.jpg","","in","","0","0","0","https://twitter.com/HumasSekotong/status/1271355523762274310","1245292057175805955","HumasSekotong"
"1271345840519393281","Fri Jun 12 07:37:23 +0000 2020","0","Sudah tiga bulan kita tinggal di rumah aja sekalian belajar untuk hidup sehat rapi dan bersih saatnya kini untuk mempraktekkannya pada kehidupan sosial #NewNormalNewSpirit","1271345840519393281","","","in","","0","0","0","https://twitter.com/yulmasi/status/1271345840519393281","68628435","yulmasi"
"1271342085417791488","Fri Jun 12 07:22:28 +0000 2020","1","12 06 20 l Satpol PP Kel. Menteng Melakukan Kegiatan Penegakkan Peraturan Gubernur DKI Jakarta Nomor 51 Tahun 2020 Tentang Pelaksanaan Pembatasan Sosial Berskala Besar ( PSBB ) Masa Transisi Menuju Masyarakat Yang Aman Sehat dan Produktif di Jln kendal blora (Kendal) https://t.co/6ZUPdbIXnX","1271342085417791488","https://pbs.twimg.com/media/EaS2xTYUEAAKKPR.jpg","","in","Jakarta Capital Region","0","0","0","https://twitter.com/SatpolPP_Jakpus/status/1271342085417791488","1041970608794259456","SatpolPP_Jakpus"
"1271339765195890688","Fri Jun 12 07:13:15 +0000 2020","1","12 06 20 l Satpol PP Kec. Gambir Melakukan Kegiatan Penegakkan Peraturan Gubernur DKI Jakarta Nomor 51 Tahun 2020 Tentang Pelaksanaan Pembatasan Sosial Berskala Besar ( PSBB ) Masa Transisi Menuju Masyarakat Yang Aman Sehat dan Produktif di Jl. AM Sangaji Pasar Petojo Ilir https://t.co/68ZI9Efq4P","1271339765195890688","https://pbs.twimg.com/media/EaS0koBVAAMgSfV.jpg","","in","Jakarta Capital Region","0","0","0","https://twitter.com/SatpolPP_Jakpus/status/1271339765195890688","1041970608794259456","SatpolPP_Jakpus"
"1271335466046910464","Fri Jun 12 06:56:10 +0000 2020","1","rencananya sepanjang keadaan sosial kita blm pulih tarif sewa studio akan stay di harga 50rb/jam biar kalian seneng hati gembira imunitas jadi tinggi kita semua jadi sehat ye ga","1271335466046910464","","","in","Taman Alfa Indah H2/26 JakSel","0","0","1","https://twitter.com/giftmusicstudio/status/1271335466046910464","188631939","giftmusicstudio"
"1271334902303092736","Fri Jun 12 06:53:55 +0000 2020","0","12 06 20 l Satpol PP Kec. Gambir Melakukan Kegiatan Penegakkan Peraturan Gubernur DKI Jakarta Nomor 51 Tahun 2020 Tentang Pelaksanaan Pembatasan Sosial Berskala Besar ( PSBB ) Masa Transisi Menuju Masyarakat Yang Aman Sehat dan Produktif di Jl. AM Sangaji Pasar Petojo Ilir https://t.co/l8KanYSE9Q","1271334902303092736","https://pbs.twimg.com/media/EaSwLleVcAAIvxn.jpg","","in","Jakarta Capital Region","0","0","0","https://twitter.com/SatpolPP_Jakpus/status/1271334902303092736","1041970608794259456","SatpolPP_Jakpus"
"1271332737924755459","Fri Jun 12 06:45:19 +0000 2020","0","12 06 20 l Satpol PP Kecamtan Johar Baru Melakukan Kegiatan Penegakkan Peraturan Gubernur DKI Jakarta Nomor 51 Tahun 2020 Tentang Pelaksanaan Pembatasan Sosial Berskala Besar ( PSBB ) Masa Transisi Menuju Masyarakat Yang Aman Sehat Dan Produktif di Pasar Johar Baru. https://t.co/ocVKJinyRC","1271332737924755459","https://pbs.twimg.com/media/EaStilBVcAIBy0k.jpg","","in","Jakarta Capital Region","0","0","0","https://twitter.com/SatpolPP_Jakpus/status/1271332737924755459","1041970608794259456","SatpolPP_Jakpus"
"1271293901207490562","Fri Jun 12 04:11:00 +0000 2020","1","1. Berzakat mengajarkan kita arti kepedulian kepada sesama yang kekurangan. Dengan berzakat artinya kita ikut berkontribusi terhadap permasalahan ekonomi juga sosial Namun tahukah Sahabat ? Jika berzakat jg bs menyebabkan seseorang jadi sehat berikut jawabannya #BahagiaBerzakat","1271293901207490562","","","in","Jakarta, Indonesia","0","0","0","https://twitter.com/dompetdhuafaorg/status/1271293901207490562","147889039","dompetdhuafaorg"
"1271276166909841408","Fri Jun 12 03:00:32 +0000 2020","0","Jum'at 12 Juni 2020 Pagi Hari Giat Pengawasan dan Penegakan Hukum bersama Polri dan Instansi Terkait Tentang Pelaksanaan Pembatasan sosial berskala besar (PSBB) pada masa transisi menuju masyarakat sehat aman dan https://t.co/COPUa9QJxy","1271276166909841408","","","in","Jl. Yos Sudarso No 12 Jakut","0","0","0","https://twitter.com/sudinhub_utara/status/1271276166909841408","2978430559","sudinhub_utara"
"1271229230097903623","Thu Jun 11 23:54:01 +0000 2020","3","Membangun media sosial yang sehat berarti menciptakan iklim masyarakat yang kritis. Ini dilakukan dengan menumbuhkan pola pikir kritis melalui pendidikan. #Humaniora #adadikompas https://t.co/Fr7sncebSI","1271229230097903623","","","in","Palmerah, Jakarta","1","1","0","https://twitter.com/hariankompas/status/1271229230097903623","255866913","hariankompas"
"1271119365685952513","Thu Jun 11 16:37:27 +0000 2020","0","Manfaat menyontek : 1. otot mata sehat 2. kreatifitas meningkat 3. Meningkatkn sosial teman 4. Nilai bagus 5. Melatih kecepatan gerak","1271119365685952513","","","in","","0","0","0","https://twitter.com/asihpriyati1/status/1271119365685952513","2191779301","asihpriyati1"
"1270928537340370945","Thu Jun 11 03:59:10 +0000 2020","1","Sebanyak 16 negara sepakat memilih Indonesia sebagai acuan studi peran program Jaminan Kesehatan Nasional-Kartu Indonesia Sehat (JKN-KIS) terhadap peningkatan kohesi dan inklusi sosial melalui penurunan rasio gini. #PastiCorrecto #kamismanis https://t.co/0EqTHjh7tH","1270928537340370945","","","in","Indonesia","0","0","0","https://twitter.com/Correcto_ID/status/1270928537340370945","1243177313878945792","Correcto_ID"
"1270922951089520642","Thu Jun 11 03:36:58 +0000 2020","0","Tetap sehat di rumah tetap jaga kesehatan jiwa #kalahkanCOVID-19. Tetap terhubung dan pertahankan komunikasi dengan jaringan sosial anda. Jalankan rutinitas harian atau ciptakan yang baru dengan menambahkan hobi yang disukai. Sumber : @who #jaksel #jakselkompak #DKIJakarta https://t.co/f2XUi4Qogg","1270922951089520642","https://pbs.twimg.com/ext_tw_video_thumb/1270922502676426752/pu/img/PP5mWZ2k7x0OVgxo.jpg","","in","Jakarta Selatan","0","0","0","https://twitter.com/KotaJaksel/status/1270922951089520642","1536237300","KotaJaksel"
"1270870991481139200","Thu Jun 11 00:10:30 +0000 2020","6","Kondisi ketegangan sosial yang berkepanjangan pada gilirannya akan meningkatkan suhu politik. Dan suhu tinggi yang berkepanjangan tidaklah sehat. Perlu segera dikompres dengan es. Maka datanglah Bu dokter Reisa #HLKompasiana https://t.co/2BYgsvQjKX","1270870991481139200","","","in","Indonesia","1","0","2","https://twitter.com/kompasiana/status/1270870991481139200","23786106","kompasiana"
"1270779656468221953","Wed Jun 10 18:07:34 +0000 2020","0","Manfaat menyontek : 1. otot mata sehat 2. kreatifitas meningkat 3. Meningkatkn sosial teman 4. Nilai bagus 5. Melatih kecepatan gerak","1270779656468221953","","","in","","0","0","0","https://twitter.com/asihpriyati1/status/1270779656468221953","2191779301","asihpriyati1"
"1270769289272811520","Wed Jun 10 17:26:22 +0000 2020","0","Lagu ini tertulis sesudah gw memutuskan akhiri saja ikatan hati yg tidak sehat dan sebelum dia memajang foto bersama suaminya di sosial media. https://t.co/MGigj2YBSw","1270769289272811520","","","in","","0","0","0","https://twitter.com/baslightyeear/status/1270769289272811520","367837925","baslightyeear"
"1270764658765381632","Wed Jun 10 17:07:58 +0000 2020","5","Covid-19 membuat banyak pihak berpendapat terkait pertumbuhan ekonomi indonesia Nada pesimis &amp; optimis bertebaran di layar media sosial. Kunci utama keberhasilan bangkitnya Ekonomi jika penyebaran Covid-19 berhasil di tekan dan rakyat nya sehat. https://t.co/biuvy0bkkF","1270764658765381632","","","in","Jakarta Capital Region, Indonesia","0","0","1","https://twitter.com/r_rustombi/status/1270764658765381632","747801016846811136","r_rustombi"
"1270733084082618368","Wed Jun 10 15:02:30 +0000 2020","2","Media sosial dipenuhi buzzeRp pikiran public jadi tidak sehat. #PLNVangke https://t.co/Vs6D0PBDli","1270733084082618368","https://pbs.twimg.com/media/EaKNAQcUcAAULXA.jpg","","in","DKI Jakarta, Indonesia","0","0","1","https://twitter.com/MrPakpahan4/status/1270733084082618368","1108587593199804416","MrPakpahan4"
"1270682032440410114","Wed Jun 10 11:39:39 +0000 2020","0","Biar ga terlalu parno sma kasus corona kurangi nntn berita tentang corona tapi sosial distancing tetep ketika di luar rumah bawa tumbler alat makan (sendok garpu sedotan stainless) wipes hand sanitizer masker cadangan sabun cair jaga imun dan makan sehat ","1270682032440410114","","","in","Kapulauan Riau, Kepulauan Riau","0","0","0","https://twitter.com/kaktuscoklat/status/1270682032440410114","1248889270296698880","kaktuscoklat"
"1270673999127666689","Wed Jun 10 11:07:44 +0000 2020","4","Sehat adalah hak semua orang baik secara fisik emosi hubungan sosial dan spiritual. Demikian juga dengan transpuan. Mereka pun butuh dilayani untuk pemenuhan kebutuhan emosi hubungan sosial dan spiritual untuk menjadi sehat. https://t.co/LYFkp9du3J #terkini","1270673999127666689","","","in","Jakarta","0","0","0","https://twitter.com/magdaleneid/status/1270673999127666689","1521159020","magdaleneid"
"1270635199861125120","Wed Jun 10 08:33:33 +0000 2020","4","Kapolda Jambi sebut Hasil Panen Ikan di Markas Bisa Dibagi ke Warga Terdampak Corona: Tangguh ini di dalamnya termasuk sehat fisik sehat rohani dan sehat sosial kata Irjen Firman. https://t.co/S3Voao1Lm1","1270635199861125120","","","in","Indonesia","0","0","1","https://twitter.com/merdekadotcom/status/1270635199861125120","456426648","merdekadotcom"
"1270628619572805632","Wed Jun 10 08:07:24 +0000 2020","52","Masihada warga Serang yang belum menerima bantuan sosial (bansos) Covid 19 baik dari Pemerintah Kabupaten (Pemkab) Serang Pemerintah Provinsi (Pemprov) Banten maupun Pemerintah Pusat. Tetap Sehat Istiqomah Melayani Ibu Pertiwi #PKBpeduli https://t.co/h7aB45PZVK","1270628619572805632","","","in","Jalan Raden Saleh No 9 Jakarta","3","11","33","https://twitter.com/DPP_PKB/status/1270628619572805632","748953283","DPP_PKB"
"1270568189743620096","Wed Jun 10 04:07:17 +0000 2020","0","Manfaat menyontek : 1. otot mata sehat 2. kreatifitas meningkat 3. Meningkatkn sosial teman 4. Nilai bagus 5. Melatih kecepatan gerak","1270568189743620096","","","in","","0","0","0","https://twitter.com/asihpriyati1/status/1270568189743620096","2191779301","asihpriyati1"
"1270531838029688832","Wed Jun 10 01:42:50 +0000 2020","0","Praktekkan jarak sosial dengan memberi ruang antara diri Anda dan orang lain. Terus praktikkan kebiasaan sehat seperti mencuci tangan setidaknya selama 20 detik dan tinggal di rumah jika Anda sakit untuk membantu memperlambat penyebaran #COVID19","1270531838029688832","","","in","","0","0","0","https://twitter.com/parrbada/status/1270531838029688832","1205066988256514050","parrbada"
"1270519838075613185","Wed Jun 10 00:55:09 +0000 2020","0","At least kondisi ini membawa hikmah. Jadi lebih paham pola hidup sehat. Olahraga cuci tangan dan yang terpenting adalah tidak menjadi anti sosial.","1270519838075613185","","","in","Kota Surabaya, Jawa Timur","0","0","0","https://twitter.com/dol______/status/1270519838075613185","384712400","dol______"
"1270341720140443649","Tue Jun 09 13:07:22 +0000 2020","0","Manfaat menyontek : 1. otot mata sehat 2. kreatifitas meningkat 3. Meningkatkn sosial teman 4. Nilai bagus 5. Melatih kecepatan gerak","1270341720140443649","","","in","","0","0","0","https://twitter.com/asihpriyati1/status/1270341720140443649","2191779301","asihpriyati1"
"1270290814166392834","Tue Jun 09 09:45:05 +0000 2020","2","Petugas Kelurahan Kuningan Timur menegakkan Peraturan Gubernur Provinsi DKI Jakarta Nomor 51 Tahun 2020 Tentang Pelaksanaan Pembatas Sosial Berskala Besar Pada Masa Transisi Menuju Masyarakat Sehat Aman dan Produktif. Selengkapnya klik link berikut: https://t.co/ulGd6qbPjU https://t.co/QBXGXWefU6","1270290814166392834","https://pbs.twimg.com/media/EaD6uBTUYAAlp8z.jpg","","in","Jakarta Selatan","0","0","0","https://twitter.com/KotaJaksel/status/1270290814166392834","1536237300","KotaJaksel"
"1270261099670073344","Tue Jun 09 07:47:01 +0000 2020","1","Wakil Ketua DPRD DKI: Wujudkan Jakarta Yang Sehat Aman Dan Produktif Pemerintah Provinsi (Pemprov) DKI melalui pemaparan Gubernur Anies saat melakukan evaluasi hasil Pembatasan Sosial Berskala Besar (PSBB) yang https://t.co/giNpCmkPaw","1270261099670073344","","","in","","0","0","0","https://twitter.com/fpksdkijakarta/status/1270261099670073344","1147104716444188672","fpksdkijakarta"
"1270257489322205185","Tue Jun 09 07:32:40 +0000 2020","0","ini sih jujur ngeliat yg pada sepedaan tuh malah bikin gedeg soalnya lo pada haha hihi ga pake masker bangkeeeeee ga sosial distancing lagi??????? bukannya sehat malah sakit gue ketawain aja deh hadeh","1270257489322205185","","","in","세림—지성—지성๑♡՞ ","0","0","0","https://twitter.com/minheemalfoy/status/1270257489322205185","839990288294674432","minheemalfoy"
"1270256702747635714","Tue Jun 09 07:29:32 +0000 2020","0","Mereka tidak hanya terpapar oleh penyakitnya tetapi juga mereka yang sehat terdampak secara sosial dan ekonomi. https://t.co/sWeVit22eQ","1270256702747635714","","","in","Jakarta Capital Region","0","0","0","https://twitter.com/akuratco/status/1270256702747635714","786549338818224128","akuratco"
"1270228501321244673","Tue Jun 09 05:37:29 +0000 2020","81","Bbrp hari lalu mulai beradaptasi dgn new normal menghadiri syukuran terbatas pernikahan sahabat istri (&lt;10 orang). Sbg makhluk sosial manusia mmg ngga bisa terlalu lama hidup tanpa bersosialisasi baik itu sekedar silaturahmi atau bekerja. Semoga kita semua selalu sehat. https://t.co/bbiPkOoiFk","1270228501321244673","https://pbs.twimg.com/media/EaDCFQqU8AAlBr4.jpg","","in","Indonesia","1","5","5","https://twitter.com/chicohakim/status/1270228501321244673","53922892","chicohakim"
"1270200647263023104","Tue Jun 09 03:46:48 +0000 2020","0","Pelaksanaan pembatasan sosial berskala besar pada masa TRANSISI menuju masyarakat sehat aman dan produktif Shuiaaap! ","1270200647263023104","","","in","","0","0","0","https://twitter.com/Idmhrr/status/1270200647263023104","1213712895130755074","Idmhrr"
"1270183937491550208","Tue Jun 09 02:40:24 +0000 2020","0","Reposted from @kominfotikjp Halo Sohib Jakpus kita saat ini memasuki Pembatasan Sosial Berskala Besar (PSBB) Masa Transisi menuju masyarakat sehat aman dan produktif. . . Sejumlah aktivitas usaha sudah berjalan https://t.co/PQMroUhNk4","1270183937491550208","","","in","cempaka baru, kemayoran","0","0","0","https://twitter.com/sosmedkemayoran/status/1270183937491550208","939352357887868929","sosmedkemayoran"
"1270171923192791040","Tue Jun 09 01:52:39 +0000 2020","1","Morning Moots! Yg keluar rumah jngn lupa sosial distancing pake masker bawa handsanitizer yaa yang lgi UAS juga Semangat Ngerjain UAS nya yang lgi Males malesan bangun yuk olahraga sebentar biar badan nya sehat!","1270171923192791040","","","in","","0","1","0","https://twitter.com/adapanya2/status/1270171923192791040","1227193948981956608","adapanya2"
"1270159150001958912","Tue Jun 09 01:01:54 +0000 2020","26","Semangat pagi LPDPrens! Mari saling menjaga dan saling mengingatkan ya lakukan pembiasaan pola hidup sehat dan aman sesuai protokol COVID-19 menuju kegiatan sosial-ekonomi yang produktif.⁣ Ada sedikit cerita menarik nih dari foto di bawah ini. Simak yuk! #Diriuntuknegeri https://t.co/kKpAY8sn4a","1270159150001958912","https://pbs.twimg.com/media/EaCC_U6U4AAjM3F.jpg","","in","Jakarta Pusat, DKI Jakarta","0","1","4","https://twitter.com/LPDP_RI/status/1270159150001958912","1527305923","LPDP_RI"
"1270085185548115968","Mon Jun 08 20:07:59 +0000 2020","0","Manfaat menyontek : 1. otot mata sehat 2. kreatifitas meningkat 3. Meningkatkn sosial teman 4. Nilai bagus 5. Melatih kecepatan gerak","1270085185548115968","","","in","","0","0","0","https://twitter.com/asihpriyati1/status/1270085185548115968","2191779301","asihpriyati1"
"1270046227338424322","Mon Jun 08 17:33:11 +0000 2020","0","Masyarakat di Indonesia masih terdampak pandemi. Mereka tidak hanya terpapar oleh penyakitnya tetapi juga mereka yang sehat terdampak secara sosial dan ekonomi. #spiritedukasi #indonesia #edukasinewss https://t.co/3oPVpJSwm5","1270046227338424322","","","in","","0","0","0","https://twitter.com/edukasinewsid/status/1270046227338424322","1213878287413309440","edukasinewsid"
"1269963811244478465","Mon Jun 08 12:05:42 +0000 2020","0","Omong-omong ku sedang melakukan diet media sosial untuk mengurangi pemicu stres. Semua aplikasi sudah di-uninstall sejak tengah malam lalu. Lebih dari 24 jam tanpa mereka ku merasa lebih baik dan lebih sehat. Stres berkurang jauh.","1269963811244478465","","","in","🏰 Sunda Empire 🏰","0","1","0","https://twitter.com/belandjar/status/1269963811244478465","81033072","belandjar"
"1269957742866788352","Mon Jun 08 11:41:35 +0000 2020","0","Selama ini belajar kessos capek2. tapi perubahan sosial untuk mencapai kondisi ideal menurut kessos ga akan tercapai kalo institusi politiknya ga sehat. thats why gua pen tau politik tipis-tipis","1269957742866788352","","","in","","0","0","0","https://twitter.com/fitauk21/status/1269957742866788352","1107930103420338176","fitauk21"
"1269893938933981185","Mon Jun 08 07:28:03 +0000 2020","2","Sifat sosial Kanit Dikyasa Sat Lantas Polres Klungkung IPDA MADE WIRKA tdk dpt ditutup tutupi selalu tampil sosial &amp; ikhlas kpd sesama dlm menerapkan pola hidup sehat dgn membagikan masker gratis supaya masyarakat tdk terpapar virus covid 19 sebagai bentuk perlindungan sosial https://t.co/sm5eRERvIW","1269893938933981185","https://pbs.twimg.com/media/EZ-RyxdVAAACfhC.jpg","","in","","0","0","1","https://twitter.com/nyomanswagangga/status/1269893938933981185","1185754122613485568","nyomanswagangga"
"1269882382703886336","Mon Jun 08 06:42:07 +0000 2020","0","Hai Fitizen untuk kalian yang masih harus ke kantor di masa pandemi seperti ini Mimin ingetin yaaa untuk tetap jaga jarak sosial di tempat kerja. Tetap sehat selalu berdoa semoga pandemi ini segera selesai aamiin . Salam sehat bugar dan produktif! https://t.co/owkgdVcpfb","1269882382703886336","https://pbs.twimg.com/media/EZ-HSNIWsAAYJg1.jpg","","in","Bandung, Indonesia","0","0","0","https://twitter.com/bkom_bandung/status/1269882382703886336","496634709","bkom_bandung"
"1269872190897389568","Mon Jun 08 06:01:38 +0000 2020","0","Pemprov DKI telah merilis Panduan Umum PSBB Transisi Di Rumah Tempat Kerja Bepergian Pendidikan Aktivitas Sosial dan Ekonomi. Mari lakukan pembiasaan pola hidup sehat &amp; aman sesuai protokol. https://t.co/5ergzVADTG","1269872190897389568","","","in","Jakarta | C: +62 81220300809","0","0","0","https://twitter.com/jakprogroup/status/1269872190897389568","889442216522809345","jakprogroup"
"1269867473047818241","Mon Jun 08 05:42:53 +0000 2020","0","Wilayah kemayoran ada nih RW 02 Kelurahan Cempaka Baru Semoga cepat sehat dan pulih semua.. Reposted from @kominfotikjp Pembatasan Sosial Berskala Besar pada masa transisi menuju masyarakat sehat aman dan https://t.co/vZ8KmLqVbN","1269867473047818241","","","in","cempaka baru, kemayoran","0","0","0","https://twitter.com/sosmedkemayoran/status/1269867473047818241","939352357887868929","sosmedkemayoran"
"1269836331343065088","Mon Jun 08 03:39:08 +0000 2020","0","Senin 8 Juni 2020 Penerapan Pelaksanaan Peraturan Gubernur Provinsi DKI Jakarta Nomor 51 Tahun 2020 tentang Pelaksanaan Pembatasan Sosial Berskala Besar pada Masa Transisi Menuju Masyarakat Sehat Aman dan https://t.co/Q4MU1na81W","1269836331343065088","","","in","Jl. Rambutan No.IV/D","0","0","0","https://twitter.com/mang_sel/status/1269836331343065088","348371367","mang_sel"
"1269832994392428544","Mon Jun 08 03:25:52 +0000 2020","2","Tekanan darah normal tapi tekanan sosial tinggi Tetep ga sehat","1269832994392428544","","","in","","0","0","0","https://twitter.com/MasnaAbdulloh/status/1269832994392428544","861443857","MasnaAbdulloh"
"1268744613923176448","Fri Jun 05 03:21:02 +0000 2020","5"," Transisi menuju apa ? Kita melakukan transisi dari ketika kita melakukan pembatasan sosial masif menuju kondisi aman sehat produktif kata Anies. https://t.co/MnIODJLSQT","1268744613923176448","","","in","Jakarta","0","1","1","https://twitter.com/kompascom/status/1268744613923176448","23343960","kompascom"
"1268697629787148288","Fri Jun 05 00:14:20 +0000 2020","0","- Gubernur DKI Jakarta Anies Baswedan katakan bulan Juni 2020 adalah sebagai masa transisi dari Pembatasan Sosial Berskala Besar atau PSBB yang masif menuju kondisi aman sehat dan produktif. Dijelaskan Anies https://t.co/stGbD9z8cR","1268697629787148288","","","in","Jakarta Capital Region","0","0","0","https://twitter.com/zonajakarta1/status/1268697629787148288","1219947729155047424","zonajakarta1"
"1268687207876800512","Thu Jun 04 23:32:56 +0000 2020","3","#PSBBJakarta memasuki masa transisi untuk pembiasaan pola hidup sehat dan produktif. Pemprov DKI Jakarta melakukan periode edukasi &amp; pembiasaan pola hidup sehat &amp; aman sesuai protokol COVID-19 menuju kegiatan sosial-ekonomi yg produktif. via @DKIJakarta https://t.co/tDB5iPkWd0","1268687207876800512","https://pbs.twimg.com/media/EZrWECBUEAAJaME.jpg","","in","","0","1","3","https://twitter.com/RadioElshinta/status/1268687207876800512","121640063","RadioElshinta"
"1268672343779524608","Thu Jun 04 22:33:52 +0000 2020","0","===SIARAN PERS=== Kamis I 4 Juni 2020 PEMPROV DKI BUKA KEGIATAN SOSIAL EKONOMI BERTAHAP DENGAN PROTOKOL KHUSUS Dalam masa transisi menuju masyarakat aman sehat dan produktif kegiatan sosial ekonomi telah dapat https://t.co/4wn4Ecz67V","1268672343779524608","","","in","DKI Jakarta","0","0","0","https://twitter.com/MCCCJakarta/status/1268672343779524608","1246783378768027648","MCCCJakarta"
"1268561630058561538","Thu Jun 04 15:13:55 +0000 2020","158","#PSBBJakarta memasuki masa transisi untuk pembiasaan pola hidup sehat dan produktif. Pemprov DKI Jakarta melakukan periode edukasi dan pembiasaan pola hidup sehat dan aman sesuai protokol COVID-19 menuju kegiatan sosial-ekonomi yg produktif. #JakartaTanggapCorona #HadapiBersama https://t.co/c32YADtfac","1268561630058561538","https://pbs.twimg.com/media/EZrWECBUEAAJaME.jpg","","in","Jakarta, Indonesia","5","29","97","https://twitter.com/DKIJakarta/status/1268561630058561538","166014938","DKIJakarta"
"1268555750487592965","Thu Jun 04 14:50:34 +0000 2020","5","JAKARTA https://t.co/NpH0nwxhvf - Perpanjangan Pembatasan Sosial Berskala Besar (PSBB) di Jakarta memasuki fase keempat masa transisi menuju kondisi yang lebih sehat. https://t.co/ilwTgvSjHt","1268555750487592965","","","in","Jakarta Capital Region","0","0","3","https://twitter.com/haluandotco/status/1268555750487592965","2295253147","haluandotco"
"1268543555976511496","Thu Jun 04 14:02:06 +0000 2020","0","Di masa perpanjangan pembatasan sosial berskala besar (PSBB) di Jakarta hanya warga yang sehat boleh berkegiatan di luar rumah. #Validnews https://t.co/02AJh7LBDn","1268543555976511496","","","in","Jakarta Capital Region, Indone","0","0","0","https://twitter.com/validnewsid/status/1268543555976511496","874558344593195008","validnewsid"
"1268491890510487553","Thu Jun 04 10:36:48 +0000 2020","15","Apa saja sih kegiatannya? Simak resume berikut ini yah. Ada program kegiatan Bulan Bakti Peduli Nelayan (nelayan sehat bakti sosial) Berbagi #NasiIkan dan #LebaranIkan yang diinisiasi MKP @Edhy_Prabowo @kkpgoid @mzulficar @djpt_kkp @InformasiPP @DitPSDI @Atripsc @Om_trian https://t.co/iZKEGYwOOY","1268491890510487553","https://pbs.twimg.com/media/EZqWiY2UcAASIa5.jpg","","in","North Sumatra, Indonesia","0","0","1","https://twitter.com/PPSBelawan/status/1268491890510487553","853805164154601472","PPSBelawan"
"1268480531148111875","Thu Jun 04 09:51:40 +0000 2020","0","Dalam masa transisi menuju masyarakat aman sehat dan produktif kegiatan sosial ekonomi telah dapat dilakukan secara bertahap dengan batasan tertentu #spiritedukasi #indonesia #edukasinewss https://t.co/s0iOURqebQ","1268480531148111875","","","in","","0","0","0","https://twitter.com/edukasinewsid/status/1268480531148111875","1213878287413309440","edukasinewsid"
"1268460481934581760","Thu Jun 04 08:32:00 +0000 2020","8","PSBB DI PERPANJANG JUNI 2020 MASA TRANSISI MENUJU NORMAL Gubernur DKI Jakarta @aniesbaswedan Kamis (4/6/2020) memutuskan untuk melanjutkan kebijakan pembatasan sosial berskala besar (PSBB) sekaligus memasuki masa transisi menjadi kota yang aman sehat dan produktif. https://t.co/2w19iM1IbL","1268460481934581760","https://pbs.twimg.com/media/EZp6EzxWoAEQWNd.jpg","","in","","1","1","5","https://twitter.com/patriot016610/status/1268460481934581760","2558197662","patriot016610"
"1268457966786625537","Thu Jun 04 08:22:00 +0000 2020","2","Sampai saat ini Polri terus memberikan Bantuan Sosial kepada Masyarakat yang belum mendapatkan sehingga Masyarakat tetap sehat dan kuat. #PolriUntukIndonesia #PolriLawanCovid19 #AsmatBisa https://t.co/sUAzCNmM6D","1268457966786625537","https://pbs.twimg.com/media/EZp3x3HWAAE3x3P.jpg","","in","Papua, Indonesia","0","0","2","https://twitter.com/ResAsmat/status/1268457966786625537","1183724281475190785","ResAsmat"
"1268456701054922752","Thu Jun 04 08:16:58 +0000 2020","0","Sampai saat ini Polri terus memberikan Bantuan Sosial kepada Masyarakat yang belum mendapatkan sehingga Masyarakat tetap sehat dan kuat. #PolriUntukIndonesia #PolriLawanCovid19 #AsmatBisa @ Polres Kabupaten Asmat https://t.co/gc6VZxE2En","1268456701054922752","","","in","Papua, Indonesia","0","0","0","https://twitter.com/ResAsmat/status/1268456701054922752","1183724281475190785","ResAsmat"
"1268438607162773505","Thu Jun 04 07:05:05 +0000 2020","0"," New Normal Memulai tatanan hidup baru dengan pola hidup sehat. Sosial and physical distancing ya gaes.","1268438607162773505","","","in","Jambi, Indonesia","0","0","0","https://twitter.com/FibrikaR_Basuki/status/1268438607162773505","1134198710110367744","FibrikaR_Basuki"
"1268418402747650048","Thu Jun 04 05:44:47 +0000 2020","1","#BreakingNewsMetroTV Karena itu kita masih berstatus PSBB tapi di sisi lain kita sudah memulai melakukan transisi. Transisi dari pembatasan sosial massif menuju kondisi aman sehat dan produktif. Anies Baswedan. #IndonesiaMelawanCovid19 https://t.co/SOzNo2XJsm https://t.co/lltTBKWgoR","1268418402747650048","https://pbs.twimg.com/media/EZpT0FaUYAA97DW.jpg","","in","","0","0","0","https://twitter.com/Metro_TV/status/1268418402747650048","57261519","Metro_TV"
"1268343099618516992","Thu Jun 04 00:45:34 +0000 2020","252","Jurnalis hrs paham etika itu lbh luas dr kode etik yg dirumuskan asosiasi wartawan. Etika itu norma sosial terkait rasa keadilan &amp; nalar yg sehat. Yg beri sanksi pelanggar etika itu rakyat. Rakyat punya hak ngawasi apa saja termsk media tak hrs lembaga resmi spt Dewan Pers.","1268343099618516992","","","in","Kota Surabaya, Jawa Timur. ","1","4","59","https://twitter.com/henrysubiakto/status/1268343099618516992","201554665","henrysubiakto"
"1268295719296753664","Wed Jun 03 21:37:17 +0000 2020","0","Manfaat menyontek : 1. otot mata sehat 2. kreatifitas meningkat 3. Meningkatkn sosial teman 4. Nilai bagus 5. Melatih kecepatan gerak","1268295719296753664","","","in","","0","0","0","https://twitter.com/asihpriyati1/status/1268295719296753664","2191779301","asihpriyati1"
"1268259511153770497","Wed Jun 03 19:13:25 +0000 2020","1","Bhakti Sosial Polri Peduli Covid-19 Bhabinkamtibmas Sungai Rengas Aiptu Sehat Sitepu menyerahkan Bantuan Beras kepada salah satu warga terdampak Covid-19 di Desa Rengas Kapuas Kecamatan Sungai Kakap. https://t.co/onULBSYvcL","1268259511153770497","https://pbs.twimg.com/media/EZnDSDWVcAAo5Vb.jpg","","in","Jl.Raya Kakap No.88","0","0","0","https://twitter.com/P_SungaiKakap/status/1268259511153770497","869478923368673280","P_SungaiKakap"
"1268170247384657920","Wed Jun 03 13:18:43 +0000 2020","0","Perr dah lama siot gua tak berada di sosial media..apa khabar semua rakyat twitturrrr..?semoga anda semua sehat sejahtera hendaknya...aamiin","1268170247384657920","","","in","","0","0","0","https://twitter.com/samsumsimsom/status/1268170247384657920","1162766257394864129","samsumsimsom"
"1268166187239616512","Wed Jun 03 13:02:35 +0000 2020","0","1. Sahabat Harmoni Indocement Kompleks Pabrik Cirebon melalui Serikat Pekerja SP ITP Cirebon menyelenggarakan kegiatan bakti sosial Indahnya Berbagi . #Harmoni3Roda #Indocement #COVID19 #WHO #BersatuLawanCovid19 #Sehat #bantuan #anakyatim https://t.co/RG6IpUyy1C","1268166187239616512","https://pbs.twimg.com/media/EZluVZ9VcAMNtyZ.jpg","","in","Bogor, Cirebon, dan Tarjun","0","1","0","https://twitter.com/harmoni3roda/status/1268166187239616512","836197555918655489","harmoni3roda"
"1267500110922973184","Mon Jun 01 16:55:50 +0000 2020","19","Hak ekonomi sosial dan budaya disebut hak positif (+). Di sini peran negara justru perlu aktif. Kelangkaan sumber-sumber daya salah satu musababnya. Perlu peran negara untuk menyelenggarakan keadilan distributif memelihara lingkungan alam yang sehat dan memajukan kebudayaan.","1267500110922973184","","","in","","0","1","5","https://twitter.com/rachlannashidik/status/1267500110922973184","47154167","rachlannashidik"
"1267489072341114880","Mon Jun 01 16:11:58 +0000 2020","3","Terima kasih ya. Tapi aku ngga punya alasan untuk ketemu dengan kamu. Silaturahmi kita tetap terjalin kok via wa dan media sosial lain. Mohon maaf ya. Semoga sehat selalu [kataku ketika ia mengajak ku untuk berjumpa kembali]","1267489072341114880","","","in","Yogyakarta, Indonesia","0","4","0","https://twitter.com/vvor0/status/1267489072341114880","916446178203525121","vvor0"
"1267389751897624578","Mon Jun 01 09:37:18 +0000 2020","0","Manfaat menyontek : 1. otot mata sehat 2. kreatifitas meningkat 3. Meningkatkn sosial teman 4. Nilai bagus 5. Melatih kecepatan gerak","1267389751897624578","","","in","","0","0","0","https://twitter.com/asihpriyati1/status/1267389751897624578","2191779301","asihpriyati1"
"1267387029769216000","Mon Jun 01 09:26:29 +0000 2020","2","harapan terhadap perubahan sosial selalu jii ada perubahan dari yang kita anggap buruk berdasarkan akal sehat ke yang baik namun seringkali yang mengharapkan itu perubahan justru semakin memperburuk jii situasi dan pilihannya ya jadi generasi pengharap","1267387029769216000","","","in","","0","0","0","https://twitter.com/_sankun/status/1267387029769216000","924530329","_sankun"
"1267368971805659138","Mon Jun 01 08:14:44 +0000 2020","0",": Kamu donor darah biar tetep sehat ya? sekalian beramal juga : Nggak juga saya donor darah supaya bisa difoto di PMI terus pamer di media sosial : ","1267368971805659138","","","in","Jakarta Selatan, DKI Jakarta","0","0","0","https://twitter.com/adi_rossoneri/status/1267368971805659138","3067131289","adi_rossoneri"
