"conversation_id_str","created_at","favorite_count","full_text","id_str","image_url","in_reply_to_screen_name","lang","location","quote_count","reply_count","retweet_count","tweet_url","user_id_str","username"
"1465269603454439425","Mon Nov 29 10:41:11 +0000 2021","0","[TRANSPARANSI DONASI BAKPAU] [Departemen Sosial BE Himaka FMIPA Unpad 2021 Kabinet Adamantium] Assalamualaikum Shalom Om Swastiastu Namo Buddhaya Salam Kebajikan Halo Akang-Teteh semua gimana nih kabarnya? Semoga sehat selalu yaa https://t.co/1SVq5EWVcQ","1465269603454439425","https://pbs.twimg.com/media/FFWu7OhUUAMx5KZ.jpg","","in","ÜT: -6.9396108,107.7745143","0","1","0","https://twitter.com/HimakaUnpad/status/1465269603454439425","262628338","HimakaUnpad"
"1465253599085162497","Mon Nov 29 09:37:35 +0000 2021","6","Jika kamu bermain media sosial jangan buang energy mu terlalu banyak untuk mendebat seseorang tanpa dasar memakai emosi. Padahal kamu kenal saja tidak. Balas argumen dg argumen jika mulai toxic dan unfair logic Tinggalkan Circle yg baik untuk akal yg sehat.","1465253599085162497","","","in","","0","0","0","https://twitter.com/Zlkh2021/status/1465253599085162497","1120317548430409730","Zlkh2021"
"1465220737220808705","Mon Nov 29 07:27:00 +0000 2021","0","Semoga selalu sehat fisik mental dan sosial","1465220737220808705","","","in","","0","0","0","https://twitter.com/ArsitaPuspitaa/status/1465220737220808705","2879285347","ArsitaPuspitaa"
"1465144759521988613","Mon Nov 29 02:25:06 +0000 2021","0","Nonton tv isinya bahas pak doddy Buka sosial media isinya bahas pak doddy Semua serba pak doddy Udahlah kasi aja napa ke cucunya. Kok mentingin diri sendiri Kan masi sehat bisa cari duit sendiri Sampek greget aing jadinya","1465144759521988613","","","in","","0","0","0","https://twitter.com/zodiakkupiesces/status/1465144759521988613","427165707","zodiakkupiesces"
"1464964189500235779","Sun Nov 28 14:27:35 +0000 2021","2","Betul.. stop sosial media klo udah gak sehat","1464964189500235779","","","in","Indonesia","0","2","0","https://twitter.com/Chococreamberry/status/1464964189500235779","2432295806","Chococreamberry"
"1464878208063459337","Sun Nov 28 08:45:55 +0000 2021","4"," sebenarnya sosial media adalah tempat yang paling tidak sehat untuk orang2 yg sedang mencari perhatian","1464878208063459337","","","in","","0","0","10","https://twitter.com/convomfs/status/1464878208063459337","1284061445148209154","convomfs"
"1464549979716939778","Sat Nov 27 11:01:39 +0000 2021","1","Klaim tentang darah orang yang sudah divaksin COVID-19 menjadi tidak sehat beredar di media sosial. https://t.co/2APhAIYzas","1464549979716939778","","","in","Jakarta","0","0","1","https://twitter.com/liputan6dotcom/status/1464549979716939778","47596019","liputan6dotcom"
"1464523642079899657","Sat Nov 27 09:17:00 +0000 2021","1","Pemprov Jateng memfasilitasi pembelian tanah melalui kredit mikro BPR BKK Jateng. Pemprov jg memfasilitasi pembentukan Pokmas untuk penyiapan pembangunan rumah. Selain itu jg memfasilitasi pembangunan rumah melalui bantuan sosial stimulan rumah sederhana sehat. . #SahabatGanjar https://t.co/8UXs8ZfJTO","1464523642079899657","https://pbs.twimg.com/media/FFMIOY_VEAQVKAT.jpg","","in","Yogyakarta, Indonesia","0","1","1","https://twitter.com/sahabatganjarid/status/1464523642079899657","2162133289","sahabatganjarid"
"1464523635394105344","Sat Nov 27 09:16:58 +0000 2021","2","Pemprov Jateng memfasilitasi pembelian tanah melalui kredit mikro BPR BKK Jateng. Pemprov jg memfasilitasi pembentukan Pokmas untuk penyiapan pembangunan rumah. Selain itu jg memfasilitasi pembangunan rumah melalui bantuan sosial stimulan rumah sederhana sehat. . #SahabatGanjar https://t.co/ilwnrHw1Ch","1464523635394105344","https://pbs.twimg.com/media/FFMId6ZVQAIKJEz.jpg","","in","","0","1","2","https://twitter.com/sahabatganjar/status/1464523635394105344","1230994530083565568","sahabatganjar"
"1464507477580419079","Sat Nov 27 08:12:46 +0000 2021","10","Nolak vaksin itu urusan elu tapi elu kudu perhatikan hak orang lain yg ingin hidup sehat.. Coba masuk mall trus bilang elu nolak vaksin kira2 gmn reaksi orang lain yg lihat.. Di sosmed bebas ngomong apa aja tapi di lingkup sosial emang bisa ? Kecuali sdh ga butuh org lain","1464507477580419079","","","in","Indonesia","0","8","3","https://twitter.com/seroja_merah/status/1464507477580419079","1319982907708960769","seroja_merah"
"1464450888869629954","Sat Nov 27 04:27:54 +0000 2021","1","Bakti Sosial Kilap Sumagan Ke Panti Asuhan Dalam rangkaian HUT ke-69 Yonarmed 2/105 Trk/KS menggelar bakti sosial ke Panti Asuhan Bayi Sehat Muhammadiyah Medan Medan Denai. Jumat (26/11/2021). https://t.co/4LDdFFpnjA","1464450888869629954","https://pbs.twimg.com/media/FFLGTHyVIAk5uA8.jpg","","in","Kota Medan, Sumatera Utara","0","0","0","https://twitter.com/bukitbarisan_1/status/1464450888869629954","3226943113","bukitbarisan_1"
"1464292878071394308","Fri Nov 26 18:00:02 +0000 2021","20","Yang ngikutin The Legend of Aang pasti tahu kalo Kota Ba Sing Se ini runtuh bukan semata-mata karena Negara Api tapi juga karena kondisi sosial politik yang udah nggak sehat. Kalo Indonesia sampe jadi kayak Ba Sing Se gini bisa bahaya. #TerminalMojok https://t.co/bDP8LWWPi8","1464292878071394308","","","in","redaksi@mojok.co","0","1","9","https://twitter.com/mojokdotco/status/1464292878071394308","2388795571","mojokdotco"
"1464228622894440448","Fri Nov 26 13:44:42 +0000 2021","1","[AFTERMOVIE MIPBER] Haloo Apa kabar nih sahabat sosial? Semoga semuanya dalam keadaan sehat dan happy ya! Eitsss...ada yang baru nih! AFTERMOVIE MIPA BERBAGI BERSAMA SEKOLAH MARJINAL DAN MIPA BERBAGI JALANAN Kementerian Sosial BEM KM FMIPA UGM telah mengadakan https://t.co/LIUMP1mgXB","1464228622894440448","https://pbs.twimg.com/media/FFH8LARUUAcipZO.jpg","","in","Yogyakarta, Indonesia","0","1","0","https://twitter.com/bemkmfmipaugm/status/1464228622894440448","467229957","bemkmfmipaugm"
"1464212453202358276","Fri Nov 26 12:40:27 +0000 2021","1","Tadi nonton berita di Metro Tv angka Covid-19 di sekitar 20 kota di Italia kembali naik dan mulai adanya pembatasan sosial lagi. Semoga orang-orang Italia pada sehat terutama atlet voli yang masih tanding ","1464212453202358276","","","in","Bumi Nusantara","1","0","0","https://twitter.com/r_a_ntaka/status/1464212453202358276","2172116899","r_a_ntaka"
"1463723541052854273","Thu Nov 25 04:17:41 +0000 2021","0","Pak @ariel_heryanto minta bantuan RT ya ada 2 buku tulisan pak Ariel juga nih. Judul dan tema sosial sejarah politik dan budaya juga ada. Siapa tau ada followers bapak yg lagi cari. Terima kasih Pak sehat-sehat selalu ya. ","1463723541052854273","","","in","Jakarta Selatan, DKI Jakarta","0","0","0","https://twitter.com/RBuku_Wulangreh/status/1463723541052854273","772151719","RBuku_Wulangreh"
"1463719051012702210","Thu Nov 25 03:59:51 +0000 2021","3","Selain itu Pemprov memfasilitasi pembangunan rumah melalui bantuan sosial stimulan rumah sederhana sehat ditambah Pemprov Jateng juga memfasilitasi pembelian tanah melalui kredit mikro BPR BKK Jawa Tengah. . #SahabatGanjar #ganjarpranowo #ganjar https://t.co/U5Dn4dch5P","1463719051012702210","https://pbs.twimg.com/media/FFAssjOVQAA0mXV.jpg","","in","","0","0","2","https://twitter.com/sahabatganjar/status/1463719051012702210","1230994530083565568","sahabatganjar"
"1463599964387373058","Wed Nov 24 20:06:38 +0000 2021","0","Ketika mampu untuk mengenal Allah maka tak akan ada yang dapat menghetikan perasaan jatuh cinta padanya. dan sama sekali tidak akan perduli dengan segala apapun bentuk penyakit ketergantungan sosial dunia ini.. semu berjalan atas kehendakNya. sakit sehat hidup ataupun mati. ","1463599964387373058","","","in","Teratai putih","0","1","0","https://twitter.com/apissyahrie/status/1463599964387373058","217776490","apissyahrie"
"1463406351657299972","Wed Nov 24 07:17:17 +0000 2021","3","Hai Sobat Sehat Yuk ikuti survei Konsumsi Rokok Berbasis IT dan Media Sosial yang diselenggarakan oleh Direktorat P2PTM. melalui tautan berikut : https://t.co/OQdu7p5UkI Kerahasiaan Informasi Sobat Sehat akan tetap terjaga. Terimakasih atas partisipasinya Salam Sehat","1463406351657299972","","","in","Indonesia","0","0","1","https://twitter.com/layanan_ubm/status/1463406351657299972","740018526379905024","layanan_ubm"
"1463405869249413121","Wed Nov 24 07:15:22 +0000 2021","0","-yang kemudian dilanjutkan dengan materi terakhir Pengelolaan Media Sosial Yang Sehat di sampaikan Ketua Aliansi Jurnalistik Independen (AJI) Rosmiawanti Fitri Tahir https://t.co/knCxXjECrS","1463405869249413121","https://pbs.twimg.com/media/FE8P3uFVQAE71VO.jpg","","in","Jl.Chairil Anwar No.10 ","0","0","0","https://twitter.com/KendariKpu/status/1463405869249413121","1251752036581863425","KendariKpu"
"1463397097290432518","Wed Nov 24 06:40:31 +0000 2021","1","Katakan TIDAK! Dan LAWAN! Teruslah kita berjuang dengan Narasi dan Pengawasan di sekitar kita terhadap Gerakan2 ANTI NKRI Teruslah melakukan gerakan sosial Pencerdasan warga negara berlogika dan berakal sehat dan ber keIndoesian","1463397097290432518","","","in","","0","0","0","https://twitter.com/michael70530820/status/1463397097290432518","1343510908711006209","michael70530820"
"1463337143011405828","Wed Nov 24 02:42:17 +0000 2021","7","FPI ormas sosial gak pernah bunuh TNI/Polri apalagi warga sama dudung baliho dipukul... Giliran KKB Papua (anti NKRI) yg jelas-jelas membunuh banyak anggota TNI/Polri dan warga sipil malah dirangkul.. sehat loe dung ? @DPR_RI @PolhukamRI @mohmahfudmd @Puspen_TNI","1463337143011405828","","","in","Indonesia","0","1","4","https://twitter.com/masTenky/status/1463337143011405828","187751094","masTenky"
"1463328008450686976","Wed Nov 24 02:05:59 +0000 2021","1","[INFOGRAFIS] Kinerja Keuangan &amp; Realisasi Pendapatan Keuangan Per Oktober Tahun 2021. https://t.co/0pQLxbXJhM . Pastikan sahabat selalu update informasi dari kami ya baik melalui media sosial ataupun website kami. Salam sehat jangan lupa #ProtokolKesehatan dan Patuh #PPKM ! https://t.co/xRCY1Z3HmB","1463328008450686976","https://pbs.twimg.com/media/FE7JDgSUcAMRxbE.jpg","","in","Jalan Raya Jepara Kelet KM 37","0","0","1","https://twitter.com/rsuddrrehatta/status/1463328008450686976","2713316906","rsuddrrehatta"
"1463294811557879809","Tue Nov 23 23:54:04 +0000 2021","0","#AgendaRKB Rabu 24 November 2021 08.00 - 09.00 WIB Dialog Kesehatan Bersama dokter Dhita Rasnasuri - Kepala Puskesmas Bendan Tema : Menjaga Kulit Sehat Terawat Silakan manfaat media sosial serta call centre maupun sms/wa untuk bisa menyampaikan pertanyaan anda...","1463294811557879809","","","in","Kota Pekalongan","0","0","0","https://twitter.com/radio_kotabatik/status/1463294811557879809","214386161","radio_kotabatik"
"1463166594230726677","Tue Nov 23 15:24:35 +0000 2021","0","sendi sehat semangat panjat sosial ya kak","1463166594230726677","","","in","","0","1","0","https://twitter.com/outofwhaack/status/1463166594230726677","1339913518812782592","outofwhaack"
"1463144966448840708","Tue Nov 23 13:58:38 +0000 2021","0","All the best buat author2 di luar sana yg bersedia ngasih waktu dan tenaga mereka buat nulis dan disebar ke media sosial biar dibaca banyak orang. Ga cuma blu tapi semua author semoga kalian semua dapet feedback yg bagus2 dan dikasih sehat+bahagia selalu","1463144966448840708","","","in","","0","0","0","https://twitter.com/hwghyxnjxn/status/1463144966448840708","1242748038537342977","hwghyxnjxn"
"1463134249473613826","Tue Nov 23 13:16:03 +0000 2021","3","-disampaikan Kepala UPT Perpustakaan UHO sekaligus Wakil ketua PCNU Kota Kendari Muh. Alim Marhadi S. Pd. M.Pd dan materi terakhir disampaikan Ketua KPU Kota Kendari Jumwal Shaleh S.P dengan topik pengelolaan media sosial yang sehat dipandu moderator Dea Indrayani. https://t.co/uSdKxdKD6m","1463134249473613826","https://pbs.twimg.com/media/FE4Y16YVcAMyFQq.jpg","","in","Jl.Chairil Anwar No.10 ","0","0","0","https://twitter.com/KendariKpu/status/1463134249473613826","1251752036581863425","KendariKpu"
"1463085351954644992","Tue Nov 23 10:01:45 +0000 2021","4","KORPRI Sekretariat Jenderal DPR RI bekerjasama dengan Keluarga Sehat Donor Darah (KSDD) Parlemen Indonesia &amp; PMI DKI Jakarta menyelenggarakan kegiatan Bakti Sosial Donor Darah Satu Hati Untuk Kita Semua Semua Orang Bisa Jadi Pahlawan pada Rabu 24 November 2021. https://t.co/FtFvVBQS4L","1463085351954644992","https://pbs.twimg.com/ext_tw_video_thumb/1463084787531280388/pu/img/9wwrlFz6KhBtUeuY.jpg","","in","Jl.Kramat Raya No.47 Jakarta Pusat","0","0","2","https://twitter.com/dondar_jakarta/status/1463085351954644992","889458150264381441","dondar_jakarta"
"1463033208279232512","Tue Nov 23 06:34:33 +0000 2021","0","Upaya kesehatan lingkungan ditujukan untuk mewujudkan kualitas lingkungan yang sehat baik fisik kimia biologi maupun sosial yang memungkinkan setiap orang mencapai derajat kesehatan yang setinggi-tingginya.","1463033208279232512","","","in","Boyolali  Indonesia","0","0","0","https://twitter.com/lktsofficial/status/1463033208279232512","393555352","lktsofficial"
"1463021666687094786","Tue Nov 23 05:48:41 +0000 2021","326","Reposting this: KEKERASAN DALAM PACARAN. Penting buat kamu ketahui kalau hal-hal yang keliatannya simple kaya stalking melanggar privasi dan mengisolasi pasangan dari kehidupan sosial yang sehat termasuk kekerasan. Udah mengalami yang mana aja? Aku Nomor 1-8 (8/10). https://t.co/wJFSIDl4Rt","1463021666687094786","https://pbs.twimg.com/media/FE2yc70VkAI1f3_.jpg","","in","Jakarta Capital Region","27","6","180","https://twitter.com/askDika/status/1463021666687094786","1060006480714186752","askDika"
"1463018746616840192","Tue Nov 23 05:37:05 +0000 2021","7","KORPRI Setjen DPR RI bekerjasama dengan Keluarga Sehat Donor Darah (KSDD) Parlemen Indonesia dan PMI DKI Jakarta menyelenggarakan kegiatan Bakti Sosial Donor Darah Satu Hati Untuk Kita Semua Semua Orang Bisa Jadi Pahlawan pada hari Rabu 24 November 2021. #DPRpeduli https://t.co/EgiGKCW9Ai","1463018746616840192","https://pbs.twimg.com/media/FE2vyrLVIAgDIOZ.jpg","","in","Jakarta, Indonesia","0","2","0","https://twitter.com/DPR_RI/status/1463018746616840192","211415705","DPR_RI"
"1462980498641227780","Tue Nov 23 03:05:06 +0000 2021","220","Bagi sahabat sekalian yang menunggu kabar terkini Bapak SBY pasca tindakan operasi besar di Mayo Clinic tadi pagi beliau menyapa kita semua melalui akun media sosial Ibu Ani Yudhoyono. Alhamdulillah kondisi Bapak @SBYudhoyono makin membaik dan dalam keadaan sehat. #KIBCentre https://t.co/sZuZukQH1u","1462980498641227780","https://pbs.twimg.com/ext_tw_video_thumb/1462980384967192581/pu/img/UUrLpcm88THsKJBC.jpg","","in","","5","15","37","https://twitter.com/KIBCentre/status/1462980498641227780","3091527357","KIBCentre"
"1462911767630151680","Mon Nov 22 22:31:59 +0000 2021","0","mami pasti klo di feeds ig share foto kegiatan sosial sama kisah inspiratif diri dan teman2 sosialita atau tips salad sehat awet muda tapi isinya sayur2 organik mahal. Story-in koleksi tas mahal atau sepatu atau parfum.","1462911767630151680","","","in","Tiger cage","0","0","0","https://twitter.com/cubithoshi/status/1462911767630151680","1114573028","cubithoshi"
"1462814836807503873","Mon Nov 22 16:06:49 +0000 2021","0","Gimana caranya biar kaya jerome polin. Tugas kelar nilai memuaskan tapi bisa ngonten terus di berbagai sosial media punya circle sehat dan ga stress kaya gua. Mungkin time management ku aja yang perlu diperbaiki sbnrnya.","1462814836807503873","","","in","","0","0","0","https://twitter.com/coocolava/status/1462814836807503873","1331262604690350080","coocolava"
"1462674828482125831","Mon Nov 22 06:50:28 +0000 2021","0","Upaya kesehatan lingkungan ditujukan untuk mewujudkan kualitas lingkungan yang sehat baik fisik kimia biologi maupun sosial yang memungkinkan setiap orang mencapai derajat kesehatan yang setinggi-tingginya.","1462674828482125831","","","in","Boyolali  Indonesia","0","0","0","https://twitter.com/lktsofficial/status/1462674828482125831","393555352","lktsofficial"
"1462663597343920133","Mon Nov 22 06:05:51 +0000 2021","0","Salam sehat. Saya Joseph Edwin mahasiswa S2 Komunikasi Universitas Indonesia yang sedang menulis tesis bertema media sosial &amp; protokol kesehatan . Untuk itu Saya mengundang Anda mengisi survei singkat. Bagi 15 responden beruntung akan menerima GoPay/Ov https://t.co/cQjtxLcNyT","1462663597343920133","","","in","Jakarta, Indonesia","0","1","0","https://twitter.com/seph_edwin/status/1462663597343920133","4706618480","seph_edwin"
"1462630688985735171","Mon Nov 22 03:55:05 +0000 2021","0","Hai Sobat Sehat Yuk ikuti survei Konsumsi Rokok Berbasis IT dan Media Sosial yang diselenggarakan oleh Direktorat P2PTM Tautan survei : https://t.co/OQdu7p5UkI Kerahasiaan Informasi Sobat Sehat akan tetap terjaga. Terimakasih atas partisipasinya Salam Sehat","1462630688985735171","","","in","Indonesia","0","0","0","https://twitter.com/layanan_ubm/status/1462630688985735171","740018526379905024","layanan_ubm"
"1462629428526129158","Mon Nov 22 03:50:04 +0000 2021","5","Jika kita menghabiskan banyak waktu di media sosial dan perasaan sedih tidak puas frustrasi atau kesepian mempengaruhi hidup kita mungkin inilah saatnya untuk memeriksa kembali kebiasaan kita menggunakan media sosial dan menemukan keseimbangan yang lebih sehat. https://t.co/XrhRDfVO1K","1462629428526129158","https://pbs.twimg.com/media/FExNmcyUYAQxEET.jpg","","in","Indonesia","0","1","1","https://twitter.com/LatihLogika/status/1462629428526129158","908255567856017408","LatihLogika"
"1462567357704855557","Sun Nov 21 23:43:25 +0000 2021","1","SAT POLAIRUD POLRES BREBES Sat Polairud Polres Brebes telah melaksanakan kegiatan sebagai berikut: 1. Pukul 07.00 wib anggota Satpolairud Polres Brebes Melaksanakan giat apel kesiapan dalam rangka Goes Sehat Bhakti sosial dan Pembagian Sembako tempat halaman Kampus UMUS Ke https://t.co/NPWSItyJbG","1462567357704855557","https://pbs.twimg.com/media/FEwVQT1VQAEPVFn.jpg","","in","","0","0","0","https://twitter.com/PolairJateng/status/1462567357704855557","953252507362340865","PolairJateng"
"1462366305340715010","Sun Nov 21 10:24:31 +0000 2021","1","Kapolsek Piyungan AKP Rahmad Yulianto SH MSi beserta anggotanya melaksanakan pengamanan jalan sehat dan senam massal dalam rangka peresmian jalan corblok Program Pengembangan Infrastruktur Sosial Ekonomi Wilayah (PISEW) di Mutihan Srimartani Piyungan Bantul. Minggu 21/11/2021 https://t.co/xZi9Lk2lq1","1462366305340715010","https://pbs.twimg.com/media/FEteIQcVUAMIu3m.jpg","","in","","0","0","0","https://twitter.com/PiyunganPolsek/status/1462366305340715010","1298254109456207874","PiyunganPolsek"
"1462090336650641411","Sat Nov 20 16:07:55 +0000 2021","0","Manfaat menyontek : 1. otot mata sehat 2. kreatifitas meningkat 3. Meningkatkn sosial teman 4. Nilai bagus 5. Melatih kecepatan gerak","1462090336650641411","","","in","","0","0","0","https://twitter.com/asihpriyati1/status/1462090336650641411","2191779301","asihpriyati1"
"1462074038533062656","Sat Nov 20 15:03:09 +0000 2021","0","Selamat Ulang Tahun Buat Ibuk Mentri Sosial Republik Indonesia Tri Rismaharini semoga sehat selalu #SalamdariDesaBantar @jokowi @Kiyai_MarufAmin @kemendespdtt @halimiskandarnu @KemensosRI @RiauP3md https://t.co/0hMQpsVkTM","1462074038533062656","https://pbs.twimg.com/media/FEpUiBlVgAQA4po.jpg","","in","","0","1","1","https://twitter.com/AjanBantar/status/1462074038533062656","1221764629572907013","AjanBantar"
"1462066950452887561","Sat Nov 20 14:34:59 +0000 2021","0","Penyelenggaraan &amp; verifikasi Kab/Kota Sehat Tingkat Nasional Thn 2021 berbeda dg tahun² sebelumnya. Di pusat &amp; daerah tantangannya hampir sama yaitu bgm menghadapi Covid-19 dg fokus pd penanganan kesehatan beserta dampak sosial-ekonominya @kemendagri @MediainfoK @KemenkesRI https://t.co/IF8cQMgdGK","1462066950452887561","https://pbs.twimg.com/media/FEpOJH4UcAgktLW.jpg","","in","","0","0","0","https://twitter.com/KilatPaket/status/1462066950452887561","1349720274288054277","KilatPaket"
"1461989025124782089","Sat Nov 20 09:25:20 +0000 2021","0","Segenap Keluarga Besar DPC PDI Perjuangan Kabupaten Sidoarjo mengucapkan Selamat Ulang Tahun Ke-60 Ibu Tri Rismaharini Menteri Sosial RI Semoga panjang umur dan sehat selalu serta semoga senantiasa dalam lindungan dan bimbingan Allah SWT. #pdipsidoarjo #SolidBergerak https://t.co/kImc8CHWqU","1461989025124782089","https://pbs.twimg.com/media/FEoHQx7UcAce7Na.jpg","","in","Sidoarjo, Indonesia","0","0","1","https://twitter.com/pdipsidoarjo/status/1461989025124782089","970093426610921473","pdipsidoarjo"
"1461964188209664003","Sat Nov 20 07:46:39 +0000 2021","0","Uang bisa membeli kebahagiaan Jalan-jalan bisa menghilangkan kepenatan lalu mengapa khawatir? muda sehat keluarga harmonis nama baik tempat tinggal aman dan nyaman sahabat karib kekerabatan dan hubungan sosial sehat dan terjaga Itu kamu sudah dikasih banyak ","1461964188209664003","","","in","Jakarta Capital Region","0","0","0","https://twitter.com/smartzzwi/status/1461964188209664003","2466183422","smartzzwi"
"1461892921511215109","Sat Nov 20 03:03:27 +0000 2021","0","Makanya hukum pertama berselancar di media sosial itu adalah berakal sehat. ","1461892921511215109","","","in","Jakarta Capital Region","0","0","0","https://twitter.com/reiners97/status/1461892921511215109","118802362","reiners97"
"1461870787678244867","Sat Nov 20 01:35:30 +0000 2021","6","Dinas Sosial Kabupaten Tegal mengucapkan Selamat Hari Anak Sedunia 2021. Setiap anak spesial dengan karakternya masing-masing. Terus tumbuh berkembang sehat cerdas ceria dan berbudi luhur. #HariAnakSedunia #20november2021 https://t.co/zdq9uojrgr","1461870787678244867","https://pbs.twimg.com/media/FEmbtI_UUAYauK1.jpg","","in","Jl. A. Yani No. 3 Procot Slawi","0","1","0","https://twitter.com/DinsosKabTegal/status/1461870787678244867","796913774607286272","DinsosKabTegal"
"1461584721901600769","Fri Nov 19 06:38:47 +0000 2021","0","Upaya kesehatan lingkungan ditujukan untuk mewujudkan kualitas lingkungan yang sehat baik fisik kimia biologi maupun sosial yang memungkinkan setiap orang mencapai derajat kesehatan yang setinggi-tingginya.","1461584721901600769","","","in","Boyolali  Indonesia","0","0","0","https://twitter.com/lktsofficial/status/1461584721901600769","393555352","lktsofficial"
"1461529048249552899","Fri Nov 19 02:57:33 +0000 2021","0","Salam sehat Dapat melihat kisah hidup saya dalam berjuang keras untuk sembuh dari penyakit stroke Alhamdulillah Saya tidak pernah menjual kesedihan (mencari sumbangan/meminta minta kepada orang lain) di media sosial Saya tetap semangat dan bersyukur serta optimis dapat sembuh https://t.co/nk78wffDHQ","1461529048249552899","https://pbs.twimg.com/media/FEhk7A9VIAY3cFM.jpg","","in","","0","0","0","https://twitter.com/Gunawan2751/status/1461529048249552899","1310916942950141953","Gunawan2751"
"1461487378267181058","Fri Nov 19 00:11:58 +0000 2021","17","Pelatihan Ambulans bagi Lembaga Sosial Serang 12 - 13 November 2021 teori lalu praktikum di RS Sari Asih 22 lembaga/RS ikut serta dalam pelatihan ini Terima kasih kepada seluruh donatur semoga berkah sukses sehat selalu https://t.co/9a0Em0nz8e","1461487378267181058","https://pbs.twimg.com/ext_tw_video_thumb/1461487306691399681/pu/img/A7PmNTjbupfgxjkA.jpg","","in","","1","1","2","https://twitter.com/Marimar_Aauw/status/1461487378267181058","1299360593703395329","Marimar_Aauw"
"1461347065770876946","Thu Nov 18 14:54:25 +0000 2021","0","Saat berselancar di media sosial ada banyak cara untuk membuat linimasa lebih sehat sehingga pengguna bisa tetap waras. Salah satunya adalah menyaring konten yang tidak diinginkan. https://t.co/SC3HZFvbTy","1461347065770876946","","","in","Bandung","0","0","1","https://twitter.com/melekmedia/status/1461347065770876946","146060482","melekmedia"
"1461287229519646722","Thu Nov 18 10:56:39 +0000 2021","31","Salam sehat sahabat Berikut INFOGRAFIS Data Laporan Pengaduan di RSUD Kelet Per Januari - Oktober 2021 Pastikan sahabat selalu update informasi dari kami ya baik melalui media sosial ataupun website kami. @ppid_jateng @KIPROVJATENG @ganjarpranowo @TajYasinMZ https://t.co/2PCchybuhm","1461287229519646722","https://pbs.twimg.com/media/FEeI_XuVcAYi9DN.jpg","","in","Jalan Raya Jepara Kelet KM 37","0","1","4","https://twitter.com/rsuddrrehatta/status/1461287229519646722","2713316906","rsuddrrehatta"
"1461269803482574851","Thu Nov 18 09:47:24 +0000 2021","0","Sosial media cuma aktif di twitter. Karena ini satu2nya sosmed yg paling sehat yg aku rasa selama ini. Tanpa ada yg harus di stalking tanpa harus iri lihat postingan bhagianya orang cuma bahagia lihat dan bisa nyimpen postingan ttg bias yg keren2","1461269803482574851","","","in","","0","0","0","https://twitter.com/voushnivoyez/status/1461269803482574851","1312533146798235649","voushnivoyez"
"1461258263480070146","Thu Nov 18 09:01:33 +0000 2021","4","Kesehatan reproduksi (kespro) tidak hanya sebatas kesehatan organ fisik. Kespro merupakan keadaan sehat secara fisik mental &amp; sosial secara utuh. Oleh karena itu penting bagi sekolah untuk memberikan &amp; mendukung pendidikan reproduksi. Baca lebih lanjut: https://t.co/h1eWSufipW","1461258263480070146","","","in","Jakarta, Indonesia","0","0","5","https://twitter.com/UNFPAIndonesia/status/1461258263480070146","525006524","UNFPAIndonesia"
"1461220829509738500","Thu Nov 18 06:32:48 +0000 2021","0","Upaya pemeliharaan kesehatan bagi lanjut usia harus ditujukan untuk menjaga agar tetap hidup sehat dan produktif secara sosial maupun ekonomis sesuai dengan martabat kemanusiaan.","1461220829509738500","","","in","Boyolali  Indonesia","0","0","0","https://twitter.com/lktsofficial/status/1461220829509738500","393555352","lktsofficial"
"1461218668398845958","Thu Nov 18 06:24:13 +0000 2021","0","Upaya pemeliharaan kesehatan remaja harus ditujukan untuk mempersiapkan menjadi orang dewasa yang sehat dan produktif baik sosial maupun ekonomi.","1461218668398845958","","","in","Boyolali  Indonesia","0","0","0","https://twitter.com/lktsofficial/status/1461218668398845958","393555352","lktsofficial"
"1461205909686808577","Thu Nov 18 05:33:31 +0000 2021","0","Hai Sobat Sehat Yuk ikuti survei Konsumsi Rokok Berbasis IT dan Media Sosial yang diselenggarakan oleh Direktorat P2PTM tautan survei : https://t.co/OQdu7p5UkI Kerahasiaan Informasi Sobat Sehat akan tetap terjaga. Terimakasih atas partisipasinya Salam Sehat","1461205909686808577","","","in","Indonesia","0","0","0","https://twitter.com/layanan_ubm/status/1461205909686808577","740018526379905024","layanan_ubm"
"1461132286913482753","Thu Nov 18 00:40:58 +0000 2021","4","Moonbin orang baik orang yang tulus banget aku yang cuma sekedar lihat dia dari media sosial aja bisa merasakan kehangatannya Semoga moonbin bahagia selalu sehat selalu baik secara fisik maupun mental! Aamiin #문빈 #MOONBIN #아스트로 #ASTRO @offclASTRO https://t.co/Ohua056VYn","1461132286913482753","https://pbs.twimg.com/media/FEb8ELNUUAMynyd.jpg","","in","","0","0","0","https://twitter.com/star6ssss/status/1461132286913482753","1422781205720690691","star6ssss"
"1461010052257509381","Wed Nov 17 16:35:15 +0000 2021","0","Seandainya bapak masih sehat dan waras ketimbang bikin reuni gak jelas lebih baik dana reuni dialihkan ke panti asuhan atau panti jompo atau ke yayasan sosial... Insha Allah bermanfaat bagi orang bnyk tidak bikin macet dan mengurangi resiko penyebaran corona","1461010052257509381","","","in","","0","0","0","https://twitter.com/KickAlex4/status/1461010052257509381","977583402525208577","KickAlex4"
"1460918962573623302","Wed Nov 17 10:33:17 +0000 2021","0","Giat BKTM Tosaren dalam rangka Bhakti Sosial guna Peningkatan Imun kesehatan untuk pencegahan Covid 19. Bersama Pramuka SMUN 4 Kediri. Di lokasi Masjid Wakaf Baitul Mustaqim dan Musholla Al Kayat Kel.Tosaren Kota Kediri. Dalam keadan Sehat Kondusif serta Prokes... https://t.co/igDS96rAel","1460918962573623302","https://pbs.twimg.com/media/FEY6DTUVQAEm9Nc.jpg","","in","","0","0","0","https://twitter.com/abang_mex/status/1460918962573623302","1452492709688594433","abang_mex"
"1460836615929024516","Wed Nov 17 05:06:04 +0000 2021","245","Gak ada teroris yang datang baik2 ke Istana ditemui dengan baik oleh Presiden lalu upload di sosial medianya. Semuanya pulang sehat wal afiat. Tuntutan pembubaran MUI juga aneh. Apa yg sudah diberikan MUI untuk bangsa ini sudah luar biasa. #dukungMUI","1460836615929024516","","","in","Depok, Indonesia","5","5","77","https://twitter.com/af1_/status/1460836615929024516","127448998","af1_"
"1460618268129906690","Tue Nov 16 14:38:26 +0000 2021","0","Guna mewujudkan wilayah desa binaan yang sehat Serka Arif Afandi Babinsa Koramil 01/Purworejo melaksakanan Komunikasi Sosial bersama bidan desa Ibu Ira dan Kepala Kelurahan Pangen Rejo Bapak Lepot Agusmanto SIP. https://t.co/Zq84Zyv3gZ","1460618268129906690","https://pbs.twimg.com/media/FEUokBIUUAQPWYR.jpg","","in","","0","0","0","https://twitter.com/PENRAMIL01/status/1460618268129906690","1433245451164131336","PENRAMIL01"
"1460573028086005763","Tue Nov 16 11:38:40 +0000 2021","12","Berharap bisa ikut kegiatan sosial di sini tahun depan. Kiddos sehat selalu adik https://t.co/DAPHFn4sAZ","1460573028086005763","https://pbs.twimg.com/media/FET_aHCVgAYnduv.jpg","","in","Jateng","0","4","0","https://twitter.com/ddoesntknows/status/1460573028086005763","852019153166675969","ddoesntknows"
"1460511766400565253","Tue Nov 16 07:35:14 +0000 2021","0","Upaya pemeliharaan kesehatan bagi lanjut usia harus ditujukan untuk menjaga agar tetap hidup sehat dan produktif secara sosial maupun ekonomis sesuai dengan martabat kemanusiaan.","1460511766400565253","","","in","Boyolali  Indonesia","0","0","0","https://twitter.com/lktsofficial/status/1460511766400565253","393555352","lktsofficial"
"1460509457952038919","Tue Nov 16 07:26:04 +0000 2021","0","Upaya pemeliharaan kesehatan remaja harus ditujukan untuk mempersiapkan menjadi orang dewasa yang sehat dan produktif baik sosial maupun ekonomi.","1460509457952038919","","","in","Boyolali  Indonesia","0","0","0","https://twitter.com/lktsofficial/status/1460509457952038919","393555352","lktsofficial"
"1460497345569644546","Tue Nov 16 06:37:56 +0000 2021","3","[DISKUSI SOSIAL POLITIK DAN KEMARITIMAN 6.0] Hidup Mahasiswa! Hidup Rakyat Indonesia! Hidup Nelayan Indonesia! Diskotik 6.0 kembali lagi di bulan November ini dan menjadi yang Terakhir!! Bagaimana kabarnya teman-teman semua? Semoga selalu dalam keadaan sehat dan bahagia https://t.co/oygUvUD2Qo","1460497345569644546","https://pbs.twimg.com/media/FES6lQlUUAMjrze.jpg","","in","Purwokerto Utara, Central Java","0","1","1","https://twitter.com/bem_fpikunsoed/status/1460497345569644546","3153071744","bem_fpikunsoed"
"1460421511399886849","Tue Nov 16 01:36:36 +0000 2021","1","Hai Sobat Sehat Yuk ikuti survey Konsumsi Rokok Berbasis IT dan Media Sosial yang diselenggarakan oleh Direktorat Pencegahan dan Pengendalian Penyakit Tidak Menular. https://t.co/PLOkmkwqGU Kerahasiaan Informasi Sobat Sehat akan tetap terjaga. Salam Sehat","1460421511399886849","","","in","Jakarta Capital Region, Indone","0","0","0","https://twitter.com/ptm_id/status/1460421511399886849","783950788397674496","ptm_id"
"1460412444388384770","Tue Nov 16 01:00:34 +0000 2021","0","Hai Sobat Sehat Yuk ikuti survey Konsumsi Rokok Berbasis IT dan Media Sosial yang diselenggarakan oleh Direktorat Pencegahan dan Pengendalian Penyakit Tidak Menular.","1460412444388384770","","","in","Indonesia","0","1","0","https://twitter.com/layanan_ubm/status/1460412444388384770","740018526379905024","layanan_ubm"
"1460346882933227520","Mon Nov 15 20:40:03 +0000 2021","0","Tetep support apapun itu. Mungkin mereka berdua milih buat lewat tangga darurat ya.. soalnya eskalatornya penuh. Kan sosial distancing harus jaga jarak. Takut gak muat dan uyel-uyelan jadi milih lewat Tangga Darurat biar sehat. Positive thinking https://t.co/mOmdTLtPV5","1460346882933227520","https://pbs.twimg.com/media/FEQxwD9UcAQwwMe.jpg","","in","♡writting acc and fangirl acc♡","0","0","0","https://twitter.com/sunfpeach/status/1460346882933227520","948023243025215489","sunfpeach"
"1460235234037813250","Mon Nov 15 13:16:24 +0000 2021","6","Yg membuat keonaran di media sosial tentang ucapan IB HRS yg menyatakan sehat itu dari mulut-mulut buzzerrp sendiri. Justru IB HRS menutupi hasil test yg belum pasti positif covid atau tidak karena beliau tidak ingin terjadi keonaran dan kekhawatiran para umat. Huftt https://t.co/SD1Db23ARr","1460235234037813250","https://pbs.twimg.com/media/FEPMMvmaMAAbrPi.jpg","","in","kahyangan ","1","2","2","https://twitter.com/Queenfighter67/status/1460235234037813250","1378028717755129859","Queenfighter67"
"1460230105330946050","Mon Nov 15 12:56:01 +0000 2021","0","Lingkungan sosial gue bner² gk sehat.. Ucapan2 kasar udah jadi biasa. Para perempuan selalu dremehkan gk ada harganya.. Bukan KDRT pda prempuan yg disalahkan pihak prempuan","1460230105330946050","","","in","Temanggung","0","0","0","https://twitter.com/Nesha29195271/status/1460230105330946050","1440593025076326409","Nesha29195271"
"1460193914607095809","Mon Nov 15 10:32:12 +0000 2021","10","GIVE AWAY CINTA SEHAT Yayasan Cinta Sedekah melakukan mini riset terkait UI/UX aplikasi Cinta Sehat guna meningkatkan layanan dan kepuasan user aplikasi. Simak syarat dan ketentuannya di media sosial kami ya di @cspeduli (Instagram Twitter dan Telegram). https://t.co/XC20OfP1Z9","1460193914607095809","https://pbs.twimg.com/media/FEOmoCyUUAUPffP.jpg","","in","Kota Yogyakarta, Yogyakarta","0","0","1","https://twitter.com/bimbingan_islam/status/1460193914607095809","2786425012","bimbingan_islam"
"1460104852130852867","Mon Nov 15 04:38:18 +0000 2021","3","Beda zaman beda pelajaran. Sosial media bukan suatu hal yang harus dijauhkan. Yuk kenali tips agar anak lebih sehat dalam menggunakan sosial media #1443H #SDItemandirumah #sosialmedia #anak #tips #SDIpedulikeluarga #SDI #SygmaDayaInsani #tipsparenting #sosialmedia #bupati https://t.co/ZnJ26ytklQ","1460104852130852867","https://pbs.twimg.com/media/FENVR7NVIAIrPYI.jpg","","in","Indonesia","0","1","0","https://twitter.com/Sygma_DI/status/1460104852130852867","1853067938","Sygma_DI"
"1459816866830897156","Sun Nov 14 09:33:57 +0000 2021","0","Sbaliknya mnrut Akal&amp;Nurani Sehat dNgara Demokrasi yaah...bukan Democrazy kritisi anggota DPR tas Realitas sosial dlapngan tdk dbtasi olh koalisi&amp;oposisi dgn pmrintah krn dsitu mngndung nilai2 kemanusiaan.️ https://t.co/Zc4tIGPBc4 melalui @GoogleNews","1459816866830897156","","","in","Kota Makassar,Sulawesi Selatan","0","0","0","https://twitter.com/RIZAL52673490/status/1459816866830897156","984040562549338112","RIZAL52673490"
"1459581972338991107","Sat Nov 13 18:00:34 +0000 2021","0","semoga kita semua sehat selalu dan dikelilingi oleh orang-orang baik dan sosial yang baik","1459581972338991107","","","in","searching happines ","0","0","0","https://twitter.com/3mptyminds/status/1459581972338991107","2597663077","3mptyminds"
"1459526983663034374","Sat Nov 13 14:22:04 +0000 2021","1","Para penderita diabetes juga memerlukan dukungan sosial dari orang-orang di sekitarnya untuk bisa mempertahankan pola hidup yang lebih sehat. https://t.co/t2PwVYqmOu","1459526983663034374","","","in","Jakarta","0","0","0","https://twitter.com/kompascom/status/1459526983663034374","23343960","kompascom"
"1459495314839117828","Sat Nov 13 12:16:13 +0000 2021","0","memang konten uwu uwu tai kucing harus dibanned aja ngga sih?! di semua sosial media bikin mentality ngga sehat anjink.","1459495314839117828","","","in","cari jodoh katolik","0","0","0","https://twitter.com/widhitinut/status/1459495314839117828","108788602","widhitinut"
"1459383285524545538","Sat Nov 13 04:51:03 +0000 2021","4","Indonesia itu syurga untuk yang bersyukur. Mau tau buktinya lagi? Covid19 pun selain menanamkan kembali kesadaran hidup sehat dan jiwa sosial sesama manusia juga dari satu sisi membawa berkah untuk mereka yang kreatif. Banyak usaha jenis baru muncul. Ini salah satunya https://t.co/4wCWA9d9nj","1459383285524545538","https://pbs.twimg.com/media/FEDFXGPVcAYQLVO.jpg","","in","","0","0","1","https://twitter.com/zi_vot/status/1459383285524545538","417662637","zi_vot"
"1459119949905948674","Fri Nov 12 11:24:39 +0000 2021","9"," Tidak semua olahraga kamu bagikan di media sosial. Tidak semua 'angkatan' menjadi 'angkatan' terbaikmu. Dan tidak semua kompetisi melampaui rekor terbaikmu. Tetapi kamu tetap lakukan. Karena menjadi sehat adalah mencintai hidup. https://t.co/EZn4qKngDW","1459119949905948674","https://pbs.twimg.com/media/FD_V26TVkAAZDxX.jpg","","in","ÜT: -6.5558925,106.8016458t","0","1","2","https://twitter.com/LMen/status/1459119949905948674","76540248","LMen"
"1459074417095364608","Fri Nov 12 08:23:43 +0000 2021","5","Selamat Hari Kesehatan Nasional BisniMu JiwaMu NASA TETAP DI HATI TETAP SATU HATI SATU VISI KOLABORASI RAIH PRESTASI. Sebagai Pembisnis sejati tentu memiliki peran penting dan tanggung jawab moral sosial untuk mewujudkan Hidup SEHAT jiwa raga sosial politik dan Ekonomi. https://t.co/u6SATceaL8","1459074417095364608","https://pbs.twimg.com/media/FD-scX2VEAY3MdC.jpg","","in","Yogyakarta, Indonesia","0","0","1","https://twitter.com/ptnasa/status/1459074417095364608","174234579","ptnasa"
"1459054022904598530","Fri Nov 12 07:02:41 +0000 2021","1","Mari kita peringati Hari Kesehatan Nasional (HKN) ke-57 dengan semangat Sehat Negeriku Tumbuh Indonesiaku . Ayo pasang profil WA dan/atau sosial media masing-masing dengan twibbon HKN ke-57. Dapatkan twibbon melalui https://t.co/YFkaz5A2A9 #hkn57kemkes #twibbonize https://t.co/unbdIyJ021","1459054022904598530","https://pbs.twimg.com/media/FD-Z5ZCVQAIACU8.jpg","","in","Jakarta Selatan, DKI Jakarta","0","0","0","https://twitter.com/metya_nur/status/1459054022904598530","880329772890439681","metya_nur"
"1459052120527630339","Fri Nov 12 06:55:08 +0000 2021","4","Promotif-preventif hrs jd prioritas agar masy Indonesia bisa sehat. Fasilitas kesehatan dr tingkat 1 s/d RS blm begitu terasa kehadirannya dlm upaya promotif-preventif. Kesehatan adl persoalan sosial bukan komersial! #HariKesehatanNasional #SehatNegeriku #TumbuhIndonesiaku #RTP https://t.co/OEufUAYpUU","1459052120527630339","https://pbs.twimg.com/media/FD-YKqmUYAA6aRY.jpg","","in","","0","0","8","https://twitter.com/BantengDP/status/1459052120527630339","3263065982","BantengDP"
"1459042612308967424","Fri Nov 12 06:17:21 +0000 2021","0","Bapak dan ibu kita tidak perlu berlelah-lelah ke Marvel studios dan kementrian sosial hanya untuk membuktikan bahwa mereka adalah pahlawan. Tidak perlu dunia sudah tahu. Sehat dan seru selalu bapak dan ibu.","1459042612308967424","","","in","","0","0","0","https://twitter.com/baduuttttss/status/1459042612308967424","2851716336","baduuttttss"
"1459027723968389121","Fri Nov 12 05:18:11 +0000 2021","0","Wah selamat Hari Kesehatan Nasional. Ingat ya sehat gk hanya dari segi fisik tapi jg mental spiritual dan sosial.","1459027723968389121","","","in","","0","0","0","https://twitter.com/helminurlaili/status/1459027723968389121","231321088","helminurlaili"
"1459021750851686400","Fri Nov 12 04:54:27 +0000 2021","0","[BAKTI KE PANTI ASUHAN] [Dept. Sosial Himaka FMIPA Unpad Kabinet Adamantium] Assalamualaikum Shalom Namo Buddhaya Salam Kebajikan Halo Akang-Teteh Himaka! Apa kabar? Semoga sehat selalu ya https://t.co/eJ5kqIOGRf","1459021750851686400","https://pbs.twimg.com/media/FD98dWcUcAMfSKX.jpg","","in","ÜT: -6.9396108,107.7745143","0","1","0","https://twitter.com/HimakaUnpad/status/1459021750851686400","262628338","HimakaUnpad"
"1458985408625209346","Fri Nov 12 02:30:02 +0000 2021","0","Sehat adalah keadaan sehat baik secara fisik MENTAL spiritual maupun sosial yang memungkinkan setiap orang untuk hidup produktif secara sosial dan ekonomis. (UU No. 36 Tahun 2009 Tentang Kesehatan) Selamat Hari Kesehatan Nasional Ke- 57 Sehat Negeriku Tumbuh Indonesiaku ","1458985408625209346","","","in","","0","0","0","https://twitter.com/__sssm7/status/1458985408625209346","1110683070435196928","__sssm7"
"1458672535768236032","Thu Nov 11 05:46:48 +0000 2021","0","Salah satu aksi ngetrail dalam Bakti Sosial (Baksos) pembangunan masjid di jonggol...amal dapat olah raga badan sehat. https://t.co/kMcjvLMC0b","1458672535768236032","https://pbs.twimg.com/ext_tw_video_thumb/1458672442814058503/pu/img/FNm0lnWOSKfuwIag.jpg","","in","ישראל","0","0","0","https://twitter.com/Grivod/status/1458672535768236032","193181923","Grivod"
"1458664588010917890","Thu Nov 11 05:15:13 +0000 2021","23","#MenkeuSMI menyampaikan Saat ini kami menerapkan risiko sosial lingkungan &amp; tata kelola dalam keputusan keuangan. Jadi kebijakan tidak hanya tepat &amp; sehat dr sisi keuangan kebijakan sistem keuangan atau lembaga keuangan jg harus mendukung upaya menghindari perubahan iklim. https://t.co/U6KY23Hqie","1458664588010917890","https://pbs.twimg.com/media/FD43lV_VEAMbtNl.png","","in","Indonesia","1","1","25","https://twitter.com/KemenkeuRI/status/1458664588010917890","600673907","KemenkeuRI"
"1458650769742131200","Thu Nov 11 04:20:18 +0000 2021","3","Kapan kamu menyadari kegiatanmu di media sosial sudah tidak sehat? ⠀ Saat semua kamu lakukan demi konten &amp; demi engagement.","1458650769742131200","","","in","Kota Malang, Jawa Timur","0","1","1","https://twitter.com/yuwonooktav/status/1458650769742131200","766637721771053056","yuwonooktav"
"1458432894754451456","Wed Nov 10 13:54:33 +0000 2021","0","Ada yang share video jumpscare di instastory malem-malem media sosial itu luas semua orang bisa lihat dampak negatifnya gede. Aku nggak sengaja nonton kedua kalinya aja masih kaget langsung deg-deg an kenceng banget. Nggak sehat banget asli nggak waras. Ckckck","1458432894754451456","","","in","","0","0","0","https://twitter.com/sheilasrm/status/1458432894754451456","243674330","sheilasrm"
"1458416202439540742","Wed Nov 10 12:48:13 +0000 2021","88"," bapak dan ibu kita tidak perlu berlelah-lelah ke marvel studios dan kementrian sosial hanya untuk membuktikan bahwa mereka adalah pahlawan. tidak perlu. dunia sudah tahu. sehat dan seru selalu bapak dan ibu.","1458416202439540742","","","in","","1","0","20","https://twitter.com/mLwnAdalahKunci/status/1458416202439540742","4174491793","mLwnAdalahKunci"
"1458338731992051716","Wed Nov 10 07:40:22 +0000 2021","0","Orang kalo udah kehilangan akal sehat apa aja dilakukin. Demi terlihat 'wah' di sosial media sampe rela ngorbanin harga diri jadi simpenan laki orang. Bukan maenn.","1458338731992051716","","","in","Disana, keliatan gak?","0","0","0","https://twitter.com/fikri_hermawan/status/1458338731992051716","451139752","fikri_hermawan"
"1458328991656394752","Wed Nov 10 07:01:40 +0000 2021","0","Bang @fullmoonfolks Kak @elwa boleh minta bantuan RT? Siapa tau followersnya lagi ada yg cari buku seputar sastra sejarah sosial politik boleh cek list di thread bawah ini ya. Terima kasih kak sehat-sehat terus buat kakak dan Astu ","1458328991656394752","","","in","Jakarta Selatan, DKI Jakarta","0","0","0","https://twitter.com/RBuku_Wulangreh/status/1458328991656394752","772151719","RBuku_Wulangreh"
"1458327063409037315","Wed Nov 10 06:54:00 +0000 2021","4","Salam Pak @ariel_heryanto boleh minta bantuan RT ya siapa tau ada followersnya lagi cari buku sastra sosial politik sejarah budaya bisa cek list di thread bawah ini ya. Terima kasih Pak Ariel sehat-sehat selalu ya. ","1458327063409037315","","","in","Jakarta Selatan, DKI Jakarta","0","1","1","https://twitter.com/RBuku_Wulangreh/status/1458327063409037315","772151719","RBuku_Wulangreh"
"1458311207769628674","Wed Nov 10 05:51:00 +0000 2021","1","Hallo Sobat Encis Sehat Semangat Rabu Kemarin Selasa 9 November 2021 duta medsos Puskesmas Cisadea menghadiri undangan apresiasi layanan informasi &amp; komunikasi publik di Hotel Savana. Undangan ini sebagai tindak lanjut dari lomba duta media sosial ASN Sekota Malang. https://t.co/eOuZa8rvDN","1458311207769628674","https://pbs.twimg.com/media/FDz0w9_UYAYeXfR.jpg","","in","Kota Malang","0","1","3","https://twitter.com/pkm_cisadea/status/1458311207769628674","1372036090471706625","pkm_cisadea"
"1458243433848397831","Wed Nov 10 01:21:42 +0000 2021","0","Now.. Dialog Kesehatan Hari Kesehatan Nasional (HKN) 2021 - Sehat Negeriku Tumbuh Negeriku .. Silakan bergabung melalui media sosial call centre serta sms/wa.. https://t.co/1U7ngmW474","1458243433848397831","https://pbs.twimg.com/media/FDy4rMQVgAEX4k0.jpg","","in","Kota Pekalongan","0","0","0","https://twitter.com/radio_kotabatik/status/1458243433848397831","214386161","radio_kotabatik"
"1458040874252660743","Tue Nov 09 11:56:48 +0000 2021","0","[BAKTI KE PANTI ASUHAN] [Dept. Sosial Himaka FMIPA Unpad Kabinet Adamantium] Assalamualaikum Shalom Namo Buddhaya Salam Kebajikan Halo Akang-Teteh! Gimana nih kabarnya? Semoga sehat selalu ya https://t.co/vv7PCBulXG","1458040874252660743","https://pbs.twimg.com/media/FDwAbxzVIAkRxeL.jpg","","in","ÜT: -6.9396108,107.7745143","0","1","0","https://twitter.com/HimakaUnpad/status/1458040874252660743","262628338","HimakaUnpad"
"1457978575252901890","Tue Nov 09 07:49:14 +0000 2021","0","Pak @na_dirs boleh minta bantuan RT barangkali ada yg lagi nyari buku seputar Islam dan Sosial Politik boleh cek thread ini ya. Terima Kasih Pak sehat-sehat selalu Pak. Amiin. ","1457978575252901890","","","in","Jakarta Selatan, DKI Jakarta","0","0","0","https://twitter.com/RBuku_Wulangreh/status/1457978575252901890","772151719","RBuku_Wulangreh"
"1457975600031756288","Tue Nov 09 07:37:25 +0000 2021","5","Kang @BonnieTriyana minta bantuan RT lagi ya kang. Di thread ada banyak buku sejarah sosial politik siapa tau ada yg lagi nyari. Makasih ya Kang Bonnie semoga sehat selalu. ","1457975600031756288","","","in","Jakarta Selatan, DKI Jakarta","0","0","2","https://twitter.com/RBuku_Wulangreh/status/1457975600031756288","772151719","RBuku_Wulangreh"
"1457868691509440513","Tue Nov 09 00:32:36 +0000 2021","0","Sebenarnya cuma mau bilang 'selagi masih kepake akal sehat jangan terlalu mengurusi kehidupan privasi makhluk sosial lainnya'. Gitu aja sih intinya. Makasih jiwa raga yang udah mau mengerti attitude kehidupan literally proud of u. Salam :).","1457868691509440513","","","in","","0","0","0","https://twitter.com/FajarUt59363641/status/1457868691509440513","1306063669143322624","FajarUt59363641"
"1457867863524458501","Tue Nov 09 00:29:19 +0000 2021","1","SALAM DARI MAK Semoga kita semua sehat selalu mendapat Keberkahan. Agenda kegiatan sosial sabtu 13 november semula berupa Kursi Roda diganti Kasur Decubitus khusus disabilitas paket pispot BAB dan BAK buat Bapak Turmudzi Ds. Sambong Kec sedan dikarenakan beliau tak bisa duduk.","1457867863524458501","","","in","Central Java, Indonesia","0","0","0","https://twitter.com/Mak_Jeganggik/status/1457867863524458501","1386712644950781954","Mak_Jeganggik"
"1457725376998690817","Mon Nov 08 15:03:07 +0000 2021","1","Udah yuk sakitnya sembuh yuk janji deh gak makan pedes dan telat lagi.. Ya allah aku masih harus ngurus anak anak panti dan bantuan sosial.. Yuk sehat yukk pitt... https://t.co/GDx7NggcGY","1457725376998690817","https://pbs.twimg.com/media/FDrhgTCUUAgphz0.jpg","","in","jakarta","0","0","0","https://twitter.com/ftrjyntb/status/1457725376998690817","181855282","ftrjyntb"
"1457607687890354179","Mon Nov 08 07:15:28 +0000 2021","0","Kesehatan reproduksi merupakan keadaan sehat secara fisik mental dan sosial secara utuh tidak semata-mata bebas dari penyakit atau kecacatan yang berkaitan dengan sistem fungsi dan proses reproduksi pada laki- laki dan perempuan.","1457607687890354179","","","in","Boyolali  Indonesia","0","0","0","https://twitter.com/lktsofficial/status/1457607687890354179","393555352","lktsofficial"
"1457505555686170627","Mon Nov 08 00:29:38 +0000 2021","1","Senang sekali bisa berbagi kegelisahan tentang sejumlah isu terkini tentang ekologi dan sosial di Kawasan Timur Indonesia khususnya Kepulauan Aru dengan wanita hebat Doktor @bellanggi. Sehat selalu ibu Doktor https://t.co/TZqeBOwQPI","1457505555686170627","https://pbs.twimg.com/media/FDoZk_AVIAIZgV9.jpg","","in","","1","1","0","https://twitter.com/leppuy/status/1457505555686170627","1293826687482753024","leppuy"
"1457472091716939777","Sun Nov 07 22:16:39 +0000 2021","0","Pembungkaman secara halus. Kedepannya dosen hanya akan berbicara tentang keilmuan formalitas saja. Tidak akan ada lagi diskusi yang hidup di dalam kelas. Ketidak sepahaman langsung dilempar ke media sosial adalah bentuk penyeragaman. Ini tidak sehat sih","1457472091716939777","","","in","Nomaden","0","0","0","https://twitter.com/InternetBahaya/status/1457472091716939777","1093094774528139264","InternetBahaya"
"1457270659378081793","Sun Nov 07 08:56:14 +0000 2021","0","Ada tips menarik saat bermedia sosial nih dari Bang @unggulcenter. Bagi kamu yang lagi cari referensi supaya tetap sehat pikiran kala bermedia sosial bisa baca2 disini https://t.co/xCMQvl0HEP","1457270659378081793","","","in","","0","0","0","https://twitter.com/Nara_Mutiara/status/1457270659378081793","390496884","Nara_Mutiara"
"1457264038602100744","Sun Nov 07 08:29:56 +0000 2021","2","Banyaknya berita duka di awal bulan ini mungkin telah menguras banyak energi serta membuat kita merasa cemas dan gelisah. Apabila Hopeful People merasa demikian lebih baik istirahat dan jangan membuka media sosial dulu ya! Semoga kita selalu sehat dan bahagia️","1457264038602100744","","","in","","0","0","0","https://twitter.com/psychology_hope/status/1457264038602100744","1376538589266276361","psychology_hope"
"1457014581721661444","Sat Nov 06 15:58:40 +0000 2021","1","Kira2 faktor apa yg bikin ortu seperti ini? Pendidikankah linkungan sosial? Atau Trauma masa lalu? Atau yg lain. Miris dan prihatin sekali ngeliatnya. Kamu kuat dan sehat selalu ya....️","1457014581721661444","","","in","","0","0","0","https://twitter.com/Vladi_mirpoe/status/1457014581721661444","1216105265570799616","Vladi_mirpoe"
"1456936775541088256","Sat Nov 06 10:49:30 +0000 2021","0","Tanggal 12 November diperingati sebagai Hari Kesehatan Nasional. Sebenarnya apa makna dari sehat? Ternyata makna sehat tidak hanya sehat secara fisik tapi juga sehat secara mental dan sosial. Untuk itu mari kita jaga kesehatan fisik mental dan sosial kita yuk! #health https://t.co/UA447yvs0q","1456936775541088256","https://pbs.twimg.com/media/FDgURO_VgAQButC.jpg","","in","Jakarta Capital Region","0","0","0","https://twitter.com/pkbidkijakarta/status/1456936775541088256","620725930","pkbidkijakarta"
"1456800910915485701","Sat Nov 06 01:49:37 +0000 2021","0","Semoga akhir dari cerita tidak jualan perangkat yg dibutuhkan saat menghadapi ancaman. Sosial distancing sdh Psycal distancing sdh Masker sdh Kena Covid sdh Vaksin 2x sdh Kondisi sehat msh dsuruh PCR ato Antigen klo perjalanan NIAT BANGET JUALAN https://t.co/1tL7Nc5IEo","1456800910915485701","","","in","Indonesia","0","0","0","https://twitter.com/HeNdiBur/status/1456800910915485701","113604753","HeNdiBur"
"1456524640973557764","Fri Nov 05 07:31:49 +0000 2021","0","Penerapan berkegiatan di rumah baik untuk bekerja dan belajar membuat masyarakat terpacu untuk mencari inspirasi menu masakan sehat dari berbagai konten di media sosial untuk dimasak dirumah. https://t.co/GNENghrOR0","1456524640973557764","","","in","Jakarta - Indonesia","0","0","0","https://twitter.com/mediaindonesia/status/1456524640973557764","68930552","mediaindonesia"
"1456507656483397634","Fri Nov 05 06:24:20 +0000 2021","2","Masa Depan Para Pemuda *SEHAT TANPA NARKOBA* . Jadilah Pemuda harapan bangsa yang akan membangun Indonesia Bebas dari Narkoba. Yuk follow akun Media Sosial BNNK HSS lainnya Fb : Bnnkhss Bnn Ig : @infobnn_kab_hss Youtube : BNN Kabupaten Hulu Sungai Selatan https://t.co/nYTzNVlhWo","1456507656483397634","https://pbs.twimg.com/media/FDaN_FoUYAEErcY.jpg","","in","Kalimantan Selatan, Indonesia","0","0","0","https://twitter.com/infobnn_kab_hss/status/1456507656483397634","1376358308328562692","infobnn_kab_hss"
"1456453720841936901","Fri Nov 05 02:50:01 +0000 2021","1","Halo Sosioholic! Dalam rangka Dies Natalis Fakultas Ilmu Sosial dan Ilmu Politik ke-37 FISIP lagi ngadain berbagai lomba menarik lho yang bisa kalian ikutin. Ada lomba video senam sehat lomba vlog Aku dan FISIP dan lomba nyanyi lagu pop nih! Yuk daftar bestie! https://t.co/jI0hFQeeE7","1456453720841936901","https://pbs.twimg.com/media/FDZc7WcUUAEgHoO.jpg","","in","Purwokerto, Jawa Tengah","0","1","0","https://twitter.com/KBMS_Unsoed/status/1456453720841936901","406482667","KBMS_Unsoed"
"1456434493225533446","Fri Nov 05 01:33:37 +0000 2021","49","Meski jika saya punya uang banyak pun saya tidak melakukan pembelian besar-besaran. Semisal beli Rumah/Properti lainnya. Dianalisis dulu. Banjir atau tidak? Tanahnya kokoh? Airnya bersih? Udara sehat? Senjang sosial? Kena dampak iklim gimana nanti di 2025/2030/2035/2040/dst?","1456434493225533446","","","in","Menteng, Indonesia","0","2","6","https://twitter.com/dr_koko28/status/1456434493225533446","1052703629528854530","dr_koko28"
"1456304439518633989","Thu Nov 04 16:56:49 +0000 2021","0","masih hidup sehat walaupun status sosial masih tetap sama :')","1456304439518633989","","","in","Owner akunnya cewek tulen","0","0","0","https://twitter.com/rawrlraaa/status/1456304439518633989","2886838786","rawrlraaa"
"1456210756144304132","Thu Nov 04 10:44:34 +0000 2021","1514","Menyebarluaskan foto jenazah apalagi korban kecelakaan/bencana/perang/aniaya dsb. melalui aplikasi pesan singkat saja sudah tidak etis apalagi di media sosial. Turut berduka atas matinya hati nurani dan akal sehat banyak orang di seluruh negeri ini.","1456210756144304132","","","in","Jakarta, ID","7","6","186","https://twitter.com/fauzanalrasyid/status/1456210756144304132","53859736","fauzanalrasyid"
"1456185851143098370","Thu Nov 04 09:05:36 +0000 2021","0","Kesehatan reproduksi merupakan keadaan sehat secara fisik mental dan sosial secara utuh tidak semata-mata bebas dari penyakit atau kecacatan yang berkaitan dengan sistem fungsi dan proses reproduksi pada laki- laki dan perempuan.","1456185851143098370","","","in","Boyolali  Indonesia","0","0","0","https://twitter.com/lktsofficial/status/1456185851143098370","393555352","lktsofficial"
"1456180272886657025","Thu Nov 04 08:43:26 +0000 2021","3","Ketika di ilmu perekonomian sosial politik dll saja terdapat beda pendapat dan diskusi sehat kenapa saat membahas ilmu agama harus kepanasan saat terjadi perbedaan pendapat ?","1456180272886657025","","","in","Bangkalan, Indonesia","0","0","1","https://twitter.com/Mad_Napik/status/1456180272886657025","1119959276594683904","Mad_Napik"
"1456108948256342022","Thu Nov 04 04:00:01 +0000 2021","1","Ruang publik harus terbuka bagi beragam diskursus kritik dan pandangan sembari mengedepankan akal sehat data valid dan motif moral. Tujuannya supaya kritik tidak menjelma menjadi penaklukan sosial berbasis kebencian. #Opini @boni_hargens #AdadiKompas https://t.co/de85gTalJ2","1456108948256342022","","","in","Palmerah, Jakarta","0","0","0","https://twitter.com/hariankompas/status/1456108948256342022","255866913","hariankompas"
"1456010863094034437","Wed Nov 03 21:30:15 +0000 2021","0","Tips Media Sosial Agar Perasaan Hepi dan Mental Sehat https://t.co/N4YX50SC1p","1456010863094034437","","","in","Semarang","0","0","0","https://twitter.com/dompetcerdas/status/1456010863094034437","754555174190845952","dompetcerdas"
"1455915482985361410","Wed Nov 03 15:11:15 +0000 2021","28","Membingungkan dan tidak konsisten. Zero emisi mestinya tidak dibenturkan dgn hak asasi sosial dan ekonomi. Bukankah udara bersih dan lingkungam sehat adalah hak asasi rakyat yang dijamin UUD 45?","1455915482985361410","","","in","Indonesia","1","1","17","https://twitter.com/roysalam/status/1455915482985361410","80254922","roysalam"
"1455883559583969289","Wed Nov 03 13:04:24 +0000 2021","2","Self Love ️ Jangan dholim pada diri sendiri ya Naff Semoga sehat paripurna aamiin Sehat fisik mental sosial spiritual ekonomi https://t.co/o5hdIi8GWV","1455883559583969289","","","in","Central Java, Indonesia","0","1","0","https://twitter.com/FitriaNafisa/status/1455883559583969289","1178539494","FitriaNafisa"
"1455816329399701508","Wed Nov 03 08:37:15 +0000 2021","27","intinya: infrastruktur fisik dan infrastruktur sosial yg terjalin dgn produktif bkl menghasilkan komunitas yg sehat","1455816329399701508","","","in","twitterville","0","0","1","https://twitter.com/sociotalker/status/1455816329399701508","115438018","sociotalker"
"1455812638714195976","Wed Nov 03 08:22:35 +0000 2021","0","Kesehatan reproduksi merupakan keadaan sehat secara fisik mental dan sosial secara utuh tidak semata-mata bebas dari penyakit atau kecacatan yang berkaitan dengan sistem fungsi dan proses reproduksi pada laki- laki dan perempuan.","1455812638714195976","","","in","Boyolali  Indonesia","0","0","0","https://twitter.com/lktsofficial/status/1455812638714195976","393555352","lktsofficial"
"1455771164538662914","Wed Nov 03 05:37:47 +0000 2021","0","Dulu pernah hapus app candy crush sanking candunya. Candunya gak sehat sih mnrt ku. Bener2 maunya cm candy crush aja sampe interaksi sosial berkurang kali. Wkwk Dan hari ini iseng download lagi mulai dr awal","1455771164538662914","","","in","","0","1","0","https://twitter.com/cutaiii/status/1455771164538662914","296241446","cutaiii"
"1455579889726148611","Tue Nov 02 16:57:43 +0000 2021","0","dari yang ngomongin berkas wisuda kegiatan sehari-hari masalalu keresahan masa depan kerecehan konten di media sosial dan kisah cinta masing-masing. walaupun udah jarang atau bahkan bakal susah ketemu lagi semoga selalu terjaga silaturahminya sehat-sehat ya https://t.co/892C7oxL0r","1455579889726148611","https://pbs.twimg.com/media/FDNCMfeUYAQDyrm.jpg","","in","~","1","0","0","https://twitter.com/dinosaaurrrr/status/1455579889726148611","1225079469318082560","dinosaaurrrr"
"1455529575300177920","Tue Nov 02 13:37:47 +0000 2021","0","Manfaat menyontek : 1. otot mata sehat 2. kreatifitas meningkat 3. Meningkatkn sosial teman 4. Nilai bagus 5. Melatih kecepatan gerak","1455529575300177920","","","in","","0","0","0","https://twitter.com/asihpriyati1/status/1455529575300177920","2191779301","asihpriyati1"
"1455528126247755782","Tue Nov 02 13:32:02 +0000 2021","7","Yang gue lakuin sekarang ️ - olahraga - belajar investasi saham - bisnis kecil an - ikut kegiatan sosial - ngejar hobi Dan ini bener bikin mental sehat banget + bikin cinta diri sendiri. Coba deh mulai dari salah satu hal itu hidup mu bakal berubah ke arah yg lebih indah ️","1455528126247755782","","","in","","0","0","1","https://twitter.com/bluemoon_no/status/1455528126247755782","1322496904756752385","bluemoon_no"
"1455460208876998657","Tue Nov 02 09:02:09 +0000 2021","0","Patut kita terapkan syllabus kesihatan mental dari sekolah rendah. Banyak bukti orang sekarang mental tak berapa sehat. Banyak pengaruh sosial media la ni.Takpe anggaplah mereka anak syurga.","1455460208876998657","","","in","Diagon Alley ⚡️","0","0","1","https://twitter.com/FaizBaharum/status/1455460208876998657","284619651","FaizBaharum"
"1455451998204030977","Tue Nov 02 08:29:32 +0000 2021","1","Admin media sosial PSS sehat ?","1455451998204030977","","","in","Special Region of Yogyakarta ☘","0","1","0","https://twitter.com/Slemanfan/status/1455451998204030977","741821922","Slemanfan"
"1455449314340192261","Tue Nov 02 08:18:52 +0000 2021","9","Dibandingkan punya pacar ternyata single justru membuat kamu lebih sehat baik dan memiliki hubungan sosial yang luas","1455449314340192261","","","in","","0","0","2","https://twitter.com/indopsikologi_/status/1455449314340192261","1379652419315884037","indopsikologi_"
"1455116358199435269","Mon Nov 01 10:15:49 +0000 2021","0","Ciptakan Budaya Digital Sehat Masyarakat Perlu Gunakan Media Sosial dengan Tepat https://t.co/gLqFSNC8o7","1455116358199435269","","","in","Jakarta Capital Region","0","0","0","https://twitter.com/SHNetNews/status/1455116358199435269","721737458606481408","SHNetNews"
"1455056959351054336","Mon Nov 01 06:19:47 +0000 2021","1","Iklim gaya hidup sehat dan isu sosial lingkungan memang jadi concern seluruh dunia nih. Hal ini juga jadi pembahasan pertemuan G20 antar negara. Kamu mau kembangkan bisnis eco-friendly? Cek tips berikut https://t.co/kdeAkodhQH","1455056959351054336","https://pbs.twimg.com/media/FDFml-kVEAQi9m1.jpg","","in","Jakarta, Indonesia","0","0","0","https://twitter.com/OperBisnis/status/1455056959351054336","1165620359728488453","OperBisnis"
"1455033559006134272","Mon Nov 01 04:46:48 +0000 2021","0","-rl aku mau memanfaatkan rp sebagai sarana belajar bahasa inggris dan melatih skill small talk. Di sisi lain aku takut jadi terdistraksi prioritaskan rp karena aku ga punya kehidupan sosial di rl. Takutnya jadi seeking for self-validation gitu. Gimana ya tetap sehat main (cont)","1455033559006134272","","","in","","0","1","0","https://twitter.com/munfess/status/1455033559006134272","3194959158","munfess"
"1455008247664967685","Mon Nov 01 03:06:13 +0000 2021","0","Bahkan tempat-tempat yang selama ini tutup mulai buka kembali. Aktivitas sosial ekonomi ini juga mulai berjalan ini tantangan masyarakat untuk menjaga semua tetap sehat. Batasi Mobilitas ini juga sangat baik tidak terlalu banyak ke pusat keramaian #CegahLedakanKasus","1455008247664967685","","","in","yogyakarta","0","0","0","https://twitter.com/atanasia_rian/status/1455008247664967685","146299440","atanasia_rian"
"1454990961486954498","Mon Nov 01 01:57:32 +0000 2021","1","Guna mewujudkan wilayah desa binaan yang sehat Sertu Nuriswanta Babinsa Koramil 04/Banyuurip Kodim 0708/Purworejo melaksanakan Komunikasi Sosial bersama bidan desa bertempat di kantor Desa Malangrejo Kecamatan Banyuurip Kabupaten Purworejo. @Kodim_Purworejo @Korem072Pmk https://t.co/niSFYZrRX6","1454990961486954498","https://pbs.twimg.com/media/FDEqkH6UUAI-WCb.jpg","","in","","0","0","0","https://twitter.com/Dim0708Pwr/status/1454990961486954498","1356812511861903365","Dim0708Pwr"
