"conversation_id_str","created_at","favorite_count","full_text","id_str","image_url","in_reply_to_screen_name","lang","location","quote_count","reply_count","retweet_count","tweet_url","user_id_str","username"
"1233461186810785793","Fri Feb 28 18:37:18 +0000 2020","0","Manfaat menyontek : 1. otot mata sehat 2. kreatifitas meningkat 3. Meningkatkn sosial teman 4. Nilai bagus 5. Melatih kecepatan gerak","1233461186810785793","","","in","","0","0","0","https://twitter.com/asihpriyati1/status/1233461186810785793","2191779301","asihpriyati1"
"1233333156780093440","Fri Feb 28 10:08:33 +0000 2020","0","#stikesevent . . Hai sobat sehat Klinik Stikes Banyuwangi sudah dibuka loh sebagai awal launchingnya minggu lalu (23/2) tim pelaksana Klinik yang bekerjasama dengan dosen dan mahasiswa menggelar kegiatan sosial https://t.co/lRT0kC0V2F","1233333156780093440","","","in","Banyuwangi, Indonesia","0","0","0","https://twitter.com/_stikesbwi/status/1233333156780093440","995302410762399746","_stikesbwi"
"1233330613802827776","Fri Feb 28 09:58:27 +0000 2020","0","pola hidup sehat adalah bagian dari agenda pemberontakan sosial","1233330613802827776","","","in","Diogenes Club","0","0","0","https://twitter.com/ucupyeah/status/1233330613802827776","113856476","ucupyeah"
"1233234716850937856","Fri Feb 28 03:37:23 +0000 2020","0","Manfaat menyontek : 1. otot mata sehat 2. kreatifitas meningkat 3. Meningkatkn sosial teman 4. Nilai bagus 5. Melatih kecepatan gerak","1233234716850937856","","","in","","0","0","0","https://twitter.com/asihpriyati1/status/1233234716850937856","2191779301","asihpriyati1"
"1233210729693503488","Fri Feb 28 02:02:04 +0000 2020","0","Menag: Otak Sehat dalam Beragama Mewujudkan Harmoni Sosial https://t.co/KqI7TwViyg","1233210729693503488","","","in","Jambi, Indonesia","0","0","0","https://twitter.com/Kemenag_Jambi/status/1233210729693503488","935026382295351296","Kemenag_Jambi"
"1233008211336187904","Thu Feb 27 12:37:20 +0000 2020","0","Manfaat menyontek : 1. otot mata sehat 2. kreatifitas meningkat 3. Meningkatkn sosial teman 4. Nilai bagus 5. Melatih kecepatan gerak","1233008211336187904","","","in","","0","0","0","https://twitter.com/asihpriyati1/status/1233008211336187904","2191779301","asihpriyati1"
"1232904590103736320","Thu Feb 27 05:45:35 +0000 2020","2","15 Point Deklarasi Resolusi Pemasyarakatan Tahun 2020 Terimakasih sudah mengunjungi media sosial Lapas Banjar. Salam Lapas Banjar BERSAHAJA Bersih Sehat Aman Handal Juara https://t.co/RtQ48zzfTM","1232904590103736320","https://pbs.twimg.com/media/ERwoKMAUEAE7987.jpg","","in","Banjar - Jawa Barat","0","0","0","https://twitter.com/lapas_banjar/status/1232904590103736320","1364349541","lapas_banjar"
"1232904114524147712","Thu Feb 27 05:43:41 +0000 2020","2","6 Butir Atensi Presiden Terhadap Pemasyarakatan Terimakasih sudah mengunjungi media sosial Lapas Banjar. Salam Lapas Banjar BERSAHAJA Bersih Sehat Aman Handal Juara https://t.co/Hmag5qZo9e","1232904114524147712","https://pbs.twimg.com/media/ERwnuk1UwAU_tMh.jpg","","in","Banjar - Jawa Barat","0","0","0","https://twitter.com/lapas_banjar/status/1232904114524147712","1364349541","lapas_banjar"
"1232903785703305217","Thu Feb 27 05:42:23 +0000 2020","1","AMANAT MENTERI HUKUM DAN HAM R.I Pada Deklarasi Resolusi Pemasyarakatan Tahun 2020 Terimakasih sudah mengunjungi media sosial Lapas Banjar. Salam Lapas Banjar BERSAHAJA Bersih Sehat Aman Handal Juara https://t.co/nmvf0fSDff","1232903785703305217","https://pbs.twimg.com/media/ERwnXDtUYAEdaVI.jpg","","in","Banjar - Jawa Barat","0","0","0","https://twitter.com/lapas_banjar/status/1232903785703305217","1364349541","lapas_banjar"
"1232903250493333505","Thu Feb 27 05:40:15 +0000 2020","1","7 PESAN PENTING PRESIDEN R.I Terimakasih sudah mengunjungi media sosial Lapas Banjar. Salam Lapas Banjar BERSAHAJA Bersih Sehat Aman Handal Juara https://t.co/0bdE8Zbh8J","1232903250493333505","https://pbs.twimg.com/media/ERwmu5LUUAUFrnm.jpg","","in","Banjar - Jawa Barat","0","0","0","https://twitter.com/lapas_banjar/status/1232903250493333505","1364349541","lapas_banjar"
"1232899775839621120","Thu Feb 27 05:26:27 +0000 2020","1","ALUR PROSES PENGUSULAN REMISI Terimakasih sudah mengunjungi media sosial Lapas Banjar. Salam Lapas Banjar BERSAHAJA Bersih Sehat Aman Handal Juara https://t.co/hogoydPIkx","1232899775839621120","https://pbs.twimg.com/media/ERwjxGxU0AAottk.jpg","","in","Banjar - Jawa Barat","0","0","0","https://twitter.com/lapas_banjar/status/1232899775839621120","1364349541","lapas_banjar"
"1232896902955290625","Thu Feb 27 05:15:02 +0000 2020","0","Bagaimana sih alur layanan Kunjungan di Lapas Banjar ? Info grafis ini semoga dapat membantu masyarakat yang akan mengunjungi keluarganya di Lapas Banjar. Terimakasih sudah mengunjungi media sosial Lapas Banjar. Salam Lapas Banjar BERSAHAJA Bersih Sehat Aman Handal Juara https://t.co/jgTPlxaGny","1232896902955290625","https://pbs.twimg.com/media/ERwg_mjU0AEUTsc.jpg","","in","Banjar - Jawa Barat","0","0","0","https://twitter.com/lapas_banjar/status/1232896902955290625","1364349541","lapas_banjar"
"1232890785294503936","Thu Feb 27 04:50:43 +0000 2020","1","Yuk cari tahu Ketentuan / Tata Cara / Larangan dan Komitmen Kunjungan di Lapas Kelas IIB Banjar Terimakasih sudah mengunjungi media sosial Lapas Banjar. Salam Lapas Banjar BERSAHAJA Bersih Sehat Aman Handal Juara https://t.co/TgBKmWWlja","1232890785294503936","https://pbs.twimg.com/media/ERwa-3yU0AEQDki.jpg","","in","Banjar - Jawa Barat","0","0","0","https://twitter.com/lapas_banjar/status/1232890785294503936","1364349541","lapas_banjar"
"1232890575462051840","Thu Feb 27 04:49:53 +0000 2020","0","Yuk cari tahu Ketentuan / Tata Cara / Larangan dan Komitmen Kunjungan di Lapas Kelas IIB Banjar Terimakasih sudah mengunjungi media sosial Lapas Banjar. Salam Lapas Banjar BERSAHAJA Bersih Sehat Aman Handal https://t.co/B76rfBqPpD","1232890575462051840","","","in","Banjar - Jawa Barat","0","0","0","https://twitter.com/lapas_banjar/status/1232890575462051840","1364349541","lapas_banjar"
"1232888775690215424","Thu Feb 27 04:42:44 +0000 2020","1","Kami Siap Melayani Anda Bantu Kami Untuk memberikan Pelayanan yang SANGAT BAIK kepada Masyarakat. Terimakasih sudah mengunjungi media sosial Lapas Banjar. Salam Lapas Banjar BERSAHAJA Bersih Sehat Aman Handal Juara https://t.co/5vv1ryAnRH","1232888775690215424","https://pbs.twimg.com/media/ERwZnnNVUAAfeZ7.jpg","","in","Banjar - Jawa Barat","0","0","0","https://twitter.com/lapas_banjar/status/1232888775690215424","1364349541","lapas_banjar"
"1232887364789268480","Thu Feb 27 04:37:08 +0000 2020","1","Komitmen kami dalam memberikan Pelayanan yang SANGAT BAIK kepada Masyarakat. Terimakasih sudah mengunjungi media sosial Lapas Banjar. Salam Lapas Banjar BERSAHAJA Bersih Sehat Aman Handal Juara https://t.co/HnQwxAhsee","1232887364789268480","https://pbs.twimg.com/media/ERwYcvUUUAEpr27.jpg","","in","Banjar - Jawa Barat","0","0","0","https://twitter.com/lapas_banjar/status/1232887364789268480","1364349541","lapas_banjar"
"1232886207912255489","Thu Feb 27 04:32:32 +0000 2020","0","Cerdas dan Sehat Bermedia Sosial #stoppolitikkotor #stopsara #stophoax #stopujarankebencian #stopkampanyehitam #stoppolitikuang #stopprovokasi #stopintolerance #pemiluamandamaisejuk #pilkada2020 #satgasnusantarapolri https://t.co/4jaQ06uBov","1232886207912255489","https://pbs.twimg.com/media/ERwXd8fU4AA9DYF.jpg","","in","","0","0","0","https://twitter.com/PolresSula/status/1232886207912255489","1232144428791238658","PolresSula"
"1232880138456465408","Thu Feb 27 04:08:25 +0000 2020","4","Pentingnya berselancar di sosial media untuk belajar menerima narasi alternatif tdk terpaku pada narasi tunggal saja Biar sehat hidup ber medsosnya","1232880138456465408","","","in","Indonesia Raya","0","0","1","https://twitter.com/giIangmahesa/status/1232880138456465408","29385415","giIangmahesa"
"1232781707088056320","Wed Feb 26 21:37:17 +0000 2020","0","Manfaat menyontek : 1. otot mata sehat 2. kreatifitas meningkat 3. Meningkatkn sosial teman 4. Nilai bagus 5. Melatih kecepatan gerak","1232781707088056320","","","in","","0","0","0","https://twitter.com/asihpriyati1/status/1232781707088056320","2191779301","asihpriyati1"
"1232719271635103746","Wed Feb 26 17:29:11 +0000 2020","12","Mengingatkan kembali walau sudah ramai di media sosial. Hati hati banyak Berita #Hoax Beredar seputar banjir jakarta dgn menggunakan foto tidak valid Semoga ybs diberi hidayah kembali nalar yang sehat. @sahabatanies_ #BeritaHoax #HattersAniesTebarHoax https://t.co/WhgKVp9vCZ","1232719271635103746","https://pbs.twimg.com/media/ERt_osHWAAAHBMK.jpg","","in","Jakarta Selatan, DKI Jakarta","2","6","12","https://twitter.com/kebijakananies/status/1232719271635103746","977751401051799552","kebijakananies"
"1232639738005209089","Wed Feb 26 12:13:09 +0000 2020","0","Mindu @GlHindu masih sehat kan?! Harus kuat ya bentar lagi pasti jadi target. Ibadah Sosial Garis Lucu","1232639738005209089","","","in","Sendurock, East Java","0","0","0","https://twitter.com/butoable/status/1232639738005209089","195210299","butoable"
"1232568800291229696","Wed Feb 26 07:31:16 +0000 2020","1","Peringati HUT ke-2 Cakra Karta Adakan Senam Sehat dan Bakti Sosial Minggu 23 Februari 2020 Karang Taruna Cakra Karta Dusun Karangtalun menyelenggarakan senam sehat dan bakti sosial di Lapangan SDN Pucung dalam https://t.co/m4nftyLOzg","1232568800291229696","","","in","Wukirsari, Imogiri, Bantul","0","0","0","https://twitter.com/kal_wukirsari/status/1232568800291229696","1187324403022888960","kal_wukirsari"
"1232555214533582850","Wed Feb 26 06:37:17 +0000 2020","0","Manfaat menyontek : 1. otot mata sehat 2. kreatifitas meningkat 3. Meningkatkn sosial teman 4. Nilai bagus 5. Melatih kecepatan gerak","1232555214533582850","","","in","","0","0","0","https://twitter.com/asihpriyati1/status/1232555214533582850","2191779301","asihpriyati1"
"1232457661834129408","Wed Feb 26 00:09:39 +0000 2020","1","Setiap orang berhak hidup sejahtera lahir dan batin. Setiap orang berkah atas jaminan sosial yang memungkinkan pengembangan dirinya secara utuh baginya sebagai manusia yang martabat. Setiap orang berhak hidup sehat serta berhak memperoleh pelayanan kesehatan. https://t.co/k3prNp1HpI","1232457661834129408","https://pbs.twimg.com/media/ERqRsg0U0AIGLTl.jpg","","in","Makassar, Indonesia","0","0","0","https://twitter.com/Nurulnurrahmat1/status/1232457661834129408","1190495746862108672","Nurulnurrahmat1"
"1232328719265517568","Tue Feb 25 15:37:16 +0000 2020","0","Manfaat menyontek : 1. otot mata sehat 2. kreatifitas meningkat 3. Meningkatkn sosial teman 4. Nilai bagus 5. Melatih kecepatan gerak","1232328719265517568","","","in","","0","0","0","https://twitter.com/asihpriyati1/status/1232328719265517568","2191779301","asihpriyati1"
"1232326302541025281","Tue Feb 25 15:27:40 +0000 2020","0","Gimana hidup tanpa sosial media sepertinya jauh lebih sehat dan positif. Cuma nyisa twitter sm wa. Sdg mempertimbangkan off twitter jg pd akhirnya","1232326302541025281","","","in","Malang, Jawa Timur","0","0","0","https://twitter.com/iancendekia/status/1232326302541025281","584888878","iancendekia"
"1232102227990339589","Tue Feb 25 00:37:17 +0000 2020","0","Manfaat menyontek : 1. otot mata sehat 2. kreatifitas meningkat 3. Meningkatkn sosial teman 4. Nilai bagus 5. Melatih kecepatan gerak","1232102227990339589","","","in","","0","0","0","https://twitter.com/asihpriyati1/status/1232102227990339589","2191779301","asihpriyati1"
"1232075536886714368","Mon Feb 24 22:51:13 +0000 2020","0","Cara IBADAH pakai Medsos. Hidup msia itu jalani 7 tingkat pdidikan oleh Tuhan yg tampak sbg pdidikan oleh dirisendiri dibantu publik. Internet+Medsos guna perluas dunia pribadi+publik secara mudah. Siapa sosial/gaul di medsos secara jujur-fair-sehat spti di darat dia IBADAH.","1232075536886714368","","","in","SAMPIT, KalTeng, INDONESIA+62","0","1","0","https://twitter.com/Budi_2232/status/1232075536886714368","1203075185420599296","Budi_2232"
"1232065958870544385","Mon Feb 24 22:13:09 +0000 2020","1","Jalan Sehat Nasional adalah salah satu wahana merajut silaturahmi tanpa sekat diantara sesama keluarga besar tanpa memandang status sosial ekonomi dan politik. https://t.co/nRyItxOYkn","1232065958870544385","https://pbs.twimg.com/ext_tw_video_thumb/1232065860673523712/pu/img/VnpZ66qr2edAqr1c.jpg","","in","Jakarta","0","0","0","https://twitter.com/sujanasulaeman/status/1232065958870544385","2925865748","sujanasulaeman"
"1231875738057359361","Mon Feb 24 09:37:17 +0000 2020","0","Manfaat menyontek : 1. otot mata sehat 2. kreatifitas meningkat 3. Meningkatkn sosial teman 4. Nilai bagus 5. Melatih kecepatan gerak","1231875738057359361","","","in","","0","0","0","https://twitter.com/asihpriyati1/status/1231875738057359361","2191779301","asihpriyati1"
"1231857214802972674","Mon Feb 24 08:23:41 +0000 2020","2","Lihat temen temen pada tunangan menikah mengandung sampai yg udh melahirkan heartwarming banget ya Aku turut bahagia atas kalian teman-teman.Walaupun cuma bisa mengikuti cerita lewat sosial media. Sehat-sehat terus yaa teman temankuu ️️","1231857214802972674","","","in","","0","1","4","https://twitter.com/buncismini/status/1231857214802972674","131426397","buncismini"
"1231838643800526849","Mon Feb 24 07:09:53 +0000 2020","0","Mbaknya sehat? Apa2 dicemburuin mending cari couo yg ga kuliah ga krj &amp; gapny temen biar bisa 24jam sm mbaknya! Harusnya sadar atuh couo lu kan jg makhluk sosial wajar kalo dia punya tmn ditempat kuliah tempat krj tempat tongkrongan dia. Udh tua pikiran msh macem bocah SMP!","1231838643800526849","","","in","Indonesia","0","0","0","https://twitter.com/Undetected____/status/1231838643800526849","1148982227738349570","Undetected____"
"1231757121416396805","Mon Feb 24 01:45:57 +0000 2020","0","Badan Penyelenggara Jaminan Sosial (BPJS) Kesehatan cabang Bandar Lampung mencatat sepanjang tahun 2019 ada sebanyak 824.275 peserta Jaminan Kesehatan Nasional-Kartu Indonesia Sehat (JKN-KIS) yang melakukan rawat jalan tingkat lanjut (RJTL) di rumah sakit. https://t.co/k6VxQedsh8","1231757121416396805","","","in","Indonesia","0","0","0","https://twitter.com/kupastuntasnew/status/1231757121416396805","849799685258657792","kupastuntasnew"
"1231649240922738688","Sun Feb 23 18:37:16 +0000 2020","0","Manfaat menyontek : 1. otot mata sehat 2. kreatifitas meningkat 3. Meningkatkn sosial teman 4. Nilai bagus 5. Melatih kecepatan gerak","1231649240922738688","","","in","","0","0","0","https://twitter.com/asihpriyati1/status/1231649240922738688","2191779301","asihpriyati1"
"1231623796882333698","Sun Feb 23 16:56:10 +0000 2020","0","Pengen rehat dari media sosial sehat kali ya. Seminggu misalnya. Dicariin kagak ya hahaha Ooh iya enggak dicari lah","1231623796882333698","","","in","48s","0","0","1","https://twitter.com/notyourpolice/status/1231623796882333698","534094702","notyourpolice"
"1231592091400015873","Sun Feb 23 14:50:11 +0000 2020","0","Kali ini UNALA mengajak teman-teman remaja untuk hadir serta meramaikan agenda Youth Gathering #1 dengan tema Mengenal Cyber Bullying dan Mengelola Konten Sosial Media secara sehat Yuk segera daftarkan dirimu di https://t.co/EJxTztO1Hf #unalayouth #youthgathering https://t.co/l6BZMAjYX0","1231592091400015873","https://pbs.twimg.com/media/ERd-d8eWAAEz8Fj.jpg","","in","Yogyakarta, Indonesia","0","0","0","https://twitter.com/UnalaYouth/status/1231592091400015873","2506179540","UnalaYouth"
"1231515349864062976","Sun Feb 23 09:45:14 +0000 2020","0","Kelamaan hidup di sosial media org sehat jdi sarang penyakit","1231515349864062976","","","in","Indonesia","0","0","0","https://twitter.com/flower_village2/status/1231515349864062976","1230375342491291649","flower_village2"
"1231422752965312512","Sun Feb 23 03:37:17 +0000 2020","0","Manfaat menyontek : 1. otot mata sehat 2. kreatifitas meningkat 3. Meningkatkn sosial teman 4. Nilai bagus 5. Melatih kecepatan gerak","1231422752965312512","","","in","","0","0","0","https://twitter.com/asihpriyati1/status/1231422752965312512","2191779301","asihpriyati1"
"1231415727938125824","Sun Feb 23 03:09:22 +0000 2020","0","Memiliki teman-teman pemakan buah dan sayur di media sosial memberi imbas positif untuk Anda. Hal sama berlaku jika Anda berada di lingkungan media sosial yang tak sehat. https://t.co/ESgQhcbpaO","1231415727938125824","","","in","Samarinda, Kalimantan Timur","0","0","0","https://twitter.com/intuisimedia/status/1231415727938125824","1230802016584077313","intuisimedia"
"1231409491024867328","Sun Feb 23 02:44:35 +0000 2020","17","Aspek negatif dr seluruh perkembangan sosial kita dlm dua dekade terakhir ini adalah hilangnya akal sehat dan tumpulnya penalaran.","1231409491024867328","","","in","Yogyakarta","0","0","5","https://twitter.com/Haisa_HS/status/1231409491024867328","170658806","Haisa_HS"
"1231223907551547393","Sat Feb 22 14:27:09 +0000 2020","20","Hidup Sehat adalah salah satu rezeki yang tak terkira nilainya sungguh bahagianya kita jika masih diberikan nikmat kesehatan. Sebagaimana yang saya lihat saat ini di acara Bakti Sosial dan Pengobatan Gratis yang dilaksanakan di Halaman UPT Puskesmas Ulu Pungkut https://t.co/lmSxDREWF5","1231223907551547393","https://pbs.twimg.com/media/ERYvjt0U8AITrh4.jpg","","in","Sumatera Utara, Indonesia","0","0","4","https://twitter.com/NawalLubis/status/1231223907551547393","1196687119839744000","NawalLubis"
"1231196258288599042","Sat Feb 22 12:37:17 +0000 2020","0","Manfaat menyontek : 1. otot mata sehat 2. kreatifitas meningkat 3. Meningkatkn sosial teman 4. Nilai bagus 5. Melatih kecepatan gerak","1231196258288599042","","","in","","0","0","0","https://twitter.com/asihpriyati1/status/1231196258288599042","2191779301","asihpriyati1"
"1231071112685137920","Sat Feb 22 04:20:00 +0000 2020","0","Bakti Sosial Jamban Sehat utk Dhuafa https://t.co/LGZazDOmhv https://t.co/kKNOSUQ4yf","1231071112685137920","https://pbs.twimg.com/media/ERWkpzKX0AAno41.jpg","","in","Bali, Indonesia","0","0","0","https://twitter.com/NAWACIT4/status/1231071112685137920","731393598797701125","NAWACIT4"
"1230969764861792256","Fri Feb 21 21:37:16 +0000 2020","0","Manfaat menyontek : 1. otot mata sehat 2. kreatifitas meningkat 3. Meningkatkn sosial teman 4. Nilai bagus 5. Melatih kecepatan gerak","1230969764861792256","","","in","","0","0","0","https://twitter.com/asihpriyati1/status/1230969764861792256","2191779301","asihpriyati1"
"1230900526578946048","Fri Feb 21 17:02:09 +0000 2020","1","4 sehat 5 keadilan sosial bagi seluruh rakyat indonesia","1230900526578946048","","","in","INA","0","1","0","https://twitter.com/crushycrash/status/1230900526578946048","1200035940372078592","crushycrash"
"1230849707708051457","Fri Feb 21 13:40:13 +0000 2020","2","#RIMagnetJamsosDunia Prosedur pelayanan hemodialisis atau cuci darah bagi pasien Badan Penyelenggara Jaminan Sosial (BPJS) atau Jaminan Kesehatan Nasional-Kartu Indonesia Sehat (JKN-KIS) dipermudah cek ketentuan lengkapnya di JKN Mobile ya gaes https://t.co/IZLnuZzAGo","1230849707708051457","https://pbs.twimg.com/media/ERTbR_MW4AYCqMD.jpg","","in","Bekasi","0","0","0","https://twitter.com/Desty007/status/1230849707708051457","155161935","Desty007"
"1230842112846880770","Fri Feb 21 13:10:02 +0000 2020","0","Prosedur pelayanan hemodialisis atau cuci darah bagi pasien Badan Penyelenggara Jaminan Sosial (BPJS) atau Jaminan Kesehatan Nasional-Kartu Indonesia Sehat (JKN-KIS) dipermudah #RImagnetJamsosDunia","1230842112846880770","","","in","PNK","0","1","0","https://twitter.com/Blogsteguh/status/1230842112846880770","169007627","Blogsteguh"
"1230840474736324608","Fri Feb 21 13:03:31 +0000 2020","1","Prosedur pelayanan hemodialisis atau cuci darah bagi pasien Badan Penyelenggara Jaminan Sosial (BPJS) atau Jaminan Kesehatan Nasional-Kartu Indonesia Sehat (JKN-KIS) dipermudah jd ingat crt @kurniaameliaa #RImagnetJamsosDunia","1230840474736324608","","","in","Jakarta Capital Region","1","0","1","https://twitter.com/komburmamak/status/1230840474736324608","956391925","komburmamak"
"1230837359710654470","Fri Feb 21 12:51:09 +0000 2020","2","Badan Penyelenggara Jaminan Sosial (BPJS) Kesehatan mencatat total jumlah peserta Jaminan Kesehatan NasionaI-Kartu Indonesia Sehat (JKN-KIS) mencapai 221.580.743 jiwa hingga 10 Mei 2019. #RIMagnetJamsosDunia","1230837359710654470","","","in","Payakumbuh, Indonesia","0","0","0","https://twitter.com/iznieocti/status/1230837359710654470","393632310","iznieocti"
"1230836548452511744","Fri Feb 21 12:47:55 +0000 2020","1","Badan Penyelenggara Jaminan Sosial (BPJS) Kesehatan mencatat total jumlah peserta Jaminan Kesehatan NasionaI-Kartu Indonesia Sehat (JKN-KIS) mencapai 221.580.743 jiwa hingga 10 Mei 2019 hampir seluruhnya ya #RImagnetJamsosDunia","1230836548452511744","","","in","Jakarta Capital Region","1","0","0","https://twitter.com/komburmamak/status/1230836548452511744","956391925","komburmamak"
"1230833385443999744","Fri Feb 21 12:35:21 +0000 2020","0","Rasanya seperti dihantam kesadaran luar biasa mengingat kematian bisa datang kapan aja nggak peduli usia tua atau muda status sosial kaya atau miskin cantik atau jelek sehat atau sakit. Allah bisa ambil kapan aja. Perbanyaklah bersyukur masih bisa bernafas sampai sekarang.","1230833385443999744","","","in","Medan, Indonesia","0","0","0","https://twitter.com/lulu_harahap/status/1230833385443999744","344623962","lulu_harahap"
"1230832641290584064","Fri Feb 21 12:32:24 +0000 2020","1","BADAN Penyelenggara Jaminan Sosial Kesehatan (BPJS Kesehatan) terus melakukan inovasi untuk memberikan pelayanan kepada para peserta Jaminan Kesehatan Nasional-Kartu Indonesia Sehat (JKN-KIS) #RIMagnetJamsosDunia","1230832641290584064","","","in","Mumbai, India","0","0","1","https://twitter.com/DyahWG7/status/1230832641290584064","234461913","DyahWG7"
"1230832063541985281","Fri Feb 21 12:30:06 +0000 2020","1","BADAN Penyelenggara Jaminan Sosial Kesehatan (BPJS Kesehatan) terus melakukan inovasi untuk memberikan pelayanan kepada para peserta Jaminan Kesehatan Nasional-Kartu Indonesia Sehat (JKN-KIS) #RImagnetJamsosDunia https://t.co/NJG6qJeOf5","1230832063541985281","https://pbs.twimg.com/media/ERTLPQxU0AMPW_K.jpg","","in","Jakarta Capital Region","0","0","0","https://twitter.com/komburmamak/status/1230832063541985281","956391925","komburmamak"
"1230830753472294912","Fri Feb 21 12:24:54 +0000 2020","1","Badan Penyelenggara Jaminan Sosial (BPJS) Kesehatan mencatat total jumlah peserta Jaminan Kesehatan NasionaI-Kartu Indonesia Sehat (JKN-KIS) mencapai 221.580.743 jiwa hingga 10 Mei 2019 . #RIMagnetJamsosDunia https://t.co/Oe81YiPP1K","1230830753472294912","https://pbs.twimg.com/media/ERTKC_0XUAAZZsE.jpg","","in","Bandung, Jawa Barat","0","0","0","https://twitter.com/ilmannafian46/status/1230830753472294912","1538406222","ilmannafian46"
"1230830152180875265","Fri Feb 21 12:22:30 +0000 2020","2","Badan Penyelenggara Jaminan Sosial (BPJS) Kesehatan mencatat total jumlah peserta Jaminan Kesehatan NasionaI-Kartu Indonesia Sehat (JKN-KIS) mencapai 221.580.743 jiwa hingga 10 Mei 2019 #RIMagnetJamsosDunia","1230830152180875265","","","in","Mumbai, India","0","0","1","https://twitter.com/DyahWG7/status/1230830152180875265","234461913","DyahWG7"
"1230829457193070593","Fri Feb 21 12:19:44 +0000 2020","4","Badan Penyelenggara Jaminan Sosial (BPJS) Kesehatan mencatat total jumlah peserta Jaminan Kesehatan NasionaI-Kartu Indonesia Sehat (JKN-KIS) mencapai 221.580.743 jiwa hingga 10 Mei 2019. #RIMagnetJamsosDunia","1230829457193070593","","","in","Jakarta","1","0","1","https://twitter.com/indoblognet/status/1230829457193070593","4513883359","indoblognet"
"1230828522932854784","Fri Feb 21 12:16:02 +0000 2020","4","BADAN Penyelenggara Jaminan Sosial Kesehatan (BPJS Kesehatan) terus melakukan inovasi untuk memberikan pelayanan kepada semua peserta Jaminan Kesehatan Nasional-Kartu Indonesia Sehat (JKN-KIS) #RIMagnetJamsosDunia https://t.co/86c8D3Vh6V","1230828522932854784","https://pbs.twimg.com/media/ERTIAhzX0AADQGA.jpg","","in","Bekasi","0","0","2","https://twitter.com/Desty007/status/1230828522932854784","155161935","Desty007"
"1230826286576091136","Fri Feb 21 12:07:09 +0000 2020","0","Badan Penyelenggara Jaminan Sosial (BPJS) Kesehatan mencatat total jumlah peserta Jaminan Kesehatan NasionaI-Kartu Indonesia Sehat (JKN-KIS) mencapai 221.580.743 jiwa hingga 10 Mei 2019. #RIMagnetJamsosDunia @BPJSKesehatanRI https://t.co/3Ja0vQEbaO","1230826286576091136","https://pbs.twimg.com/media/ERTF-_2U4AE_37V.jpg","","in","Leuwidamar, Indonesia","0","0","0","https://twitter.com/honeylizious/status/1230826286576091136","66603291","honeylizious"
"1230799732278099969","Fri Feb 21 10:21:37 +0000 2020","1","Ketahuilah adek-adekku yang lagi sibuk ngebucin hubungan yang sehat itu adalah hubungan yang saling membebaskan dan tidak mengekang satu sama lain yang saling mensupprot untuk sama-sama memiliki sistem pergaulan sosial yang sehat.","1230799732278099969","","","in","The whiter shade of pale","0","1","0","https://twitter.com/shelikessushi/status/1230799732278099969","219265356","shelikessushi"
"1230743272236056576","Fri Feb 21 06:37:16 +0000 2020","0","Manfaat menyontek : 1. otot mata sehat 2. kreatifitas meningkat 3. Meningkatkn sosial teman 4. Nilai bagus 5. Melatih kecepatan gerak","1230743272236056576","","","in","","0","0","0","https://twitter.com/asihpriyati1/status/1230743272236056576","2191779301","asihpriyati1"
"1230737753211428866","Fri Feb 21 06:15:21 +0000 2020","0","Kasi Kesejahteraan Sosial Kec. Rancasari menerima tamu dari BAZNAS Kota Bandung dalam rangka Program Pendistribusian dan Pendayagunaan BAZNAS kepada masyarakat Kota Bandung. Dengan program Bandung Peduli Bandung Sehat dan Bandung Makmur tanggal 21 Februari 2020 @baznaskotaBDG https://t.co/kNzrHUjRW0","1230737753211428866","https://pbs.twimg.com/media/ERR1c5fU4AAhWml.jpg","","in","Jl. Santosa Asih 17, Bandung","0","0","0","https://twitter.com/rancasari_OK/status/1230737753211428866","1902848498","rancasari_OK"
"1230688594211196929","Fri Feb 21 03:00:00 +0000 2020","0","Masa sih media sosial bisa bikin keuangan milenial jadi gak sehat. Cari tau yuk di sini. #SolusiKeuangan #2020HarusBisnis https://t.co/atAxwcwtGI","1230688594211196929","","","in","Indonesia","0","0","0","https://twitter.com/smartmoney_co/status/1230688594211196929","2837798976","smartmoney_co"
"1230664168237256704","Fri Feb 21 01:22:56 +0000 2020","0","Bpk. @budimandjatmiko slh satu inpirasi minat baca buku dan diskusi. Hingga bikin betah menyimak diskusi di beberapa akun media sosial. Semoga sehat &amp;inspiratif selalu.","1230664168237256704","","","in","jatim","0","0","0","https://twitter.com/ragel_05bungsu/status/1230664168237256704","947800299166515200","ragel_05bungsu"
"1230516781099282432","Thu Feb 20 15:37:17 +0000 2020","0","Manfaat menyontek : 1. otot mata sehat 2. kreatifitas meningkat 3. Meningkatkn sosial teman 4. Nilai bagus 5. Melatih kecepatan gerak","1230516781099282432","","","in","","0","0","0","https://twitter.com/asihpriyati1/status/1230516781099282432","2191779301","asihpriyati1"
"1230508315349635072","Thu Feb 20 15:03:38 +0000 2020","0","Kesimpulan Berada di lingkungan yang sehat dan bersih adalah sebuah kenyamanan dan keindahan suatu tempat kediaman yang diinginkan di setiap manusia. Bekerja sama dalam setiap pergerakan sosial serta saling mendukung yang menyatukan dari setiap hal kecil menjadi hal besar akan","1230508315349635072","","","in","mks.","0","1","0","https://twitter.com/mageranbgt/status/1230508315349635072","502466613","mageranbgt"
"1230498250672574466","Thu Feb 20 14:23:39 +0000 2020","29","Kuberitahu pamanku sebuah misi. Misi menyehatkan Indonesia. Tak hanya sehat jiwa &amp; raga tapi juga sosial dan ekonominya. Beliau katakan bahwa ide itu cemerlang. Persoalannya kemudian adalah dimulai dari mana. Terlihat tantangan ada dimana-mana. Well insyaAllah ada caranya ","1230498250672574466","","","in","Menteng, Indonesia","0","1","2","https://twitter.com/dr_koko28/status/1230498250672574466","1052703629528854530","dr_koko28"
"1230472223774740480","Thu Feb 20 12:40:13 +0000 2020","0","Kalau gak bisa menggunakan media sosial dengan benar. Ngapain pake? Buat pamerin kalau kalian gak berakal? Gak punya etika? Pake medsos kok buat bikin resah hidup orang lain. Segitu haus waro nya kah kalian? Halu lo gak sehat Njir. IDOLA LO GAK NYAMAN BANGKE!!","1230472223774740480","","","in","Indonesia","0","0","1","https://twitter.com/Shion_RP/status/1230472223774740480","790688386579173376","Shion_RP"
"1230399714320777218","Thu Feb 20 07:52:06 +0000 2020","1","BERSIH PANGKAL SEHAT LOMBA RUMAH SEHAT PRAJURIT YONIF RK 762/VYS 20/02/2020 Rumah Sehat adalah juga merupakan sebagai sarana atau tempat berlindung dan bernaung serta tempat untuk beristirahat sehingga menumbuhkan kehidupan yang sempurna baik fisik rohani maupun sosial budaya https://t.co/ht4uH4Zc7D","1230399714320777218","https://pbs.twimg.com/media/ERNB77rUwAEIXwz.jpg","","in","West Papua, Indonesia","0","0","0","https://twitter.com/762kasuari/status/1230399714320777218","844048553399877632","762kasuari"
"1230341278421749760","Thu Feb 20 03:59:54 +0000 2020","1","Nih tau UBI kagak? Di tanyain dedek emezz tuh. Paling tidak pemerintah tidak akan diam berbagai jaminan sosial diberikan kartu sehat kartu pintar subsidi perumahan dll @inovator4id @budimandjatmiko #UniversalCinta https://t.co/vOGwvWK37a","1230341278421749760","https://pbs.twimg.com/media/ERMLkcUUcAAOFeP.jpg","","in","West Java, Indonesia","0","0","1","https://twitter.com/pergusoID/status/1230341278421749760","48612796","pergusoID"
"1230329155977269248","Thu Feb 20 03:11:43 +0000 2020","0","Assalamualaikum Shalom Om Swastiastu Namo Buddhaya Salam Kebajikan . [SOSIAL MEDIA KIMIA SEHAT 2020] . [Dept. Minat &amp; Bakat BE HIMAKA FMIPA Unpad Kabinet Vibranium 2020] . https://t.co/e2IW3snLEW","1230329155977269248","https://pbs.twimg.com/media/ERMBzMmW4AEwEmw.jpg","","in","ÜT: -6.9396108,107.7745143","0","1","0","https://twitter.com/HimakaUnpad/status/1230329155977269248","262628338","HimakaUnpad"
"1230290289413066752","Thu Feb 20 00:37:17 +0000 2020","0","Manfaat menyontek : 1. otot mata sehat 2. kreatifitas meningkat 3. Meningkatkn sosial teman 4. Nilai bagus 5. Melatih kecepatan gerak","1230290289413066752","","","in","","0","0","0","https://twitter.com/asihpriyati1/status/1230290289413066752","2191779301","asihpriyati1"
"1230177367718367232","Wed Feb 19 17:08:34 +0000 2020","0","Mereka mengajarkan jiwa mandiri dan bertanggung jawab tanpa dengan omongan tetapi dengan kebiasaan. Papah mengajarkan jiwa mau berkerja kuat dan amanat. Sedangkan mamah mengajarkan agama jiwa sosial dan menjaga harga diri sebagai wanita. Sehat terus ya mah pah https://t.co/O8yb4LXGJ0","1230177367718367232","https://pbs.twimg.com/media/ERJ3yaCU0AEFjVn.jpg","","in","","0","0","0","https://twitter.com/azizahSRahma/status/1230177367718367232","311294060","azizahSRahma"
"1230122767946665984","Wed Feb 19 13:31:37 +0000 2020","5","5.....KEADILAN SOSIAL BAGI SELURUH RAKYAT MAYORITAS ISLAM ups maaf SALAH KETIK INDONESIA maksud saya! piye kabare pak Presiden @jokowi ku yang tercinta? Semoga sehat selalu dan dalam lindungan ALLAH SWT selamat malam pak Menkopolhukam @mohmahfudmd kami letih https://t.co/olG58a0YNZ","1230122767946665984","https://pbs.twimg.com/media/ERJGHlxUwAEGkts.jpg","","in","Jakarta Selatan, DKI Jakarta","0","1","3","https://twitter.com/GunawanTHENEXT/status/1230122767946665984","1138314106312613888","GunawanTHENEXT"
"1230063797663985664","Wed Feb 19 09:37:17 +0000 2020","0","Manfaat menyontek : 1. otot mata sehat 2. kreatifitas meningkat 3. Meningkatkn sosial teman 4. Nilai bagus 5. Melatih kecepatan gerak","1230063797663985664","","","in","","0","0","0","https://twitter.com/asihpriyati1/status/1230063797663985664","2191779301","asihpriyati1"
"1230041227871096834","Wed Feb 19 08:07:36 +0000 2020","0","Jadikan Kematian Sebagai Pengingat.⁣⁣ .⁣⁣ Bahwa Mati tak mengenal Rupa Umur Harta Derajat Sosial Jabatan Kuasa Sakit Atau Sehat.⁣⁣ .⁣⁣ Innalillahiwainnailaihi roji'un.⁣⁣ .⁣⁣ Semoga Allah ampuni segala dosa dan https://t.co/AcQOcWmyli","1230041227871096834","","","in","","0","0","0","https://twitter.com/Apabae06622990/status/1230041227871096834","1217120725636509697","Apabae06622990"
"1230016472556027904","Wed Feb 19 06:29:14 +0000 2020","3","Ga paham sebenernya BPJS dilihat pemerintah sebagai jaminan sosial atau asuransi? Klo mau keuangannya sehat ya manage kyk asuransi lah.. ada MCU sebelum issue polis pre existing condition exemption adjustable rate dll.. Klo jaminan sosial ya harus terima bakar duit abis2an","1230016472556027904","","","in","Jakarta, Indonesia","0","1","1","https://twitter.com/LiongkyTan/status/1230016472556027904","216307757","LiongkyTan"
"1229837305294159872","Tue Feb 18 18:37:17 +0000 2020","0","Manfaat menyontek : 1. otot mata sehat 2. kreatifitas meningkat 3. Meningkatkn sosial teman 4. Nilai bagus 5. Melatih kecepatan gerak","1229837305294159872","","","in","","0","0","0","https://twitter.com/asihpriyati1/status/1229837305294159872","2191779301","asihpriyati1"
"1229808216092995584","Tue Feb 18 16:41:42 +0000 2020","43","Innalillahi wainna illaihi roji'un Semoga Allah ampuni segala dosa dan khilafnya. Jadikan kematian sebagai pengingat. Bahwa mati tak mengenal rupa umur harta derajat sosial jabatan kuasa sakit atau sehat. #Usia40thn secara pemikiran akal manusia?.. @ashrafsinclair https://t.co/z5ndk1irM5","1229808216092995584","https://pbs.twimg.com/ext_tw_video_thumb/1229807135522865153/pu/img/MjufCiR0IsZMJuqq.jpg","","in","","0","3","14","https://twitter.com/d_charpo82/status/1229808216092995584","1074377635566739457","d_charpo82"
"1229781951113883648","Tue Feb 18 14:57:20 +0000 2020","0","Ikut sedih liat berita dan beberapa postingan di media sosial. Semoga kita semua sehat selalu. ","1229781951113883648","","","in","Indonesia","0","0","0","https://twitter.com/LiaLokollo/status/1229781951113883648","55777767","LiaLokollo"
"1229720024597680128","Tue Feb 18 10:51:15 +0000 2020","0","Kematian bisa datang kapan saja tanpa mengenal usia status sosial ataupun kondisinya baik sehat maupun sakit jika sudah takdir nya maka manusia tak memiliki kemampuan apapun untuk menghindari nya. #RIPAshrafSinclair","1229720024597680128","","","in","","0","0","1","https://twitter.com/sriaastu/status/1229720024597680128","1107541970761576448","sriaastu"
"1229691478491840516","Tue Feb 18 08:57:49 +0000 2020","2","Capek hati n pikiran. Pengen rehat ya Allah :') Pengen punya hati dan pikiran yang damai tenang bahagia. Sehat fisik mental sosial spiritual ekonomi","1229691478491840516","","","in","Central Java, Indonesia","0","1","4","https://twitter.com/FitriaNafisa/status/1229691478491840516","1178539494","FitriaNafisa"
"1229677198245650432","Tue Feb 18 08:01:05 +0000 2020","0","Hai sobat sehat. Selasa 18 Februari 2020 Salah satu Tri Dharma Perguruan Tinggi adalah pengabdian masyarakat UNS dalam rangka Dies Natalis Ke-44 mengadakan Bakti Sosial Pemeriksaan Tes IVA Gratis di Rumah Sakit UNS. ______________________ Website : https://t.co/8BdtwX7Rjj https://t.co/RUyiAZsA6s","1229677198245650432","https://pbs.twimg.com/media/ERCw0sGXYAEkPDS.jpg","","in","Sukoharjo, Indonesia","0","0","0","https://twitter.com/rumahsakituns/status/1229677198245650432","854578220179406848","rumahsakituns"
"1229655424393048064","Tue Feb 18 06:34:33 +0000 2020","0","#Rakergab #BPJSKesehatan Puan @PDI_Perjuangan #jateng5: keputusan perpres 75 bukan keputusan kemenkes dan bpjs tp keputusan bersama pemerintah. Yg disampaikan teman2 dpr ini isi hati dari perwakilan rakyat. Semangat yg diharapkan sistem jaminan sosial sehat luar dalam","1229655424393048064","","","in","","0","0","0","https://twitter.com/WikiDPR1/status/1229655424393048064","3550695012","WikiDPR1"
"1229610812685221888","Tue Feb 18 03:37:17 +0000 2020","0","Manfaat menyontek : 1. otot mata sehat 2. kreatifitas meningkat 3. Meningkatkn sosial teman 4. Nilai bagus 5. Melatih kecepatan gerak","1229610812685221888","","","in","","0","0","0","https://twitter.com/asihpriyati1/status/1229610812685221888","2191779301","asihpriyati1"
"1229599049478819840","Tue Feb 18 02:50:32 +0000 2020","5","Bermedia Sosial dengan Akal Sehat https://t.co/ULis6mcdBh https://t.co/GBGIb0sjGp","1229599049478819840","https://pbs.twimg.com/media/ERBp0cqX0AAuwth.jpg","","in","Surakarta","0","0","1","https://twitter.com/islam_santun/status/1229599049478819840","747591526436376576","islam_santun"
"1229595835005984770","Tue Feb 18 02:37:46 +0000 2020","0","Ashraf sinclair meninggal di umur 40 krna serangan jantung. Ini peringatan buat semua. Jaga pola makan n pola hidup. Lo kurus n suka olahraga gak jd jaminan lo itu sehat. Apalg dg maraknya bisnis kuliner. Lo pengen mkn semua yg lo lihat. Semua sosial media isinya bikin pngn mkn.","1229595835005984770","","","in","","0","1","0","https://twitter.com/SandraYurike/status/1229595835005984770","44140400","SandraYurike"
"1229542514593427456","Mon Feb 17 23:05:53 +0000 2020","0","Salam Harkamtibmas Ayoo Jogo Rembang Jogo Sumber BHAKTI SOSIAL MERAJUT KEBHINEKAAN MEMBANGUN KEBERSAMAAN GUNA MEWUJUDKAN INDONESIA SEHAT Pengabdianku Adalah Ibadahku https://t.co/RtC4JZurzW","1229542514593427456","","","in","Sumber Rembang, Indonesia","0","0","0","https://twitter.com/SumberPolsek/status/1229542514593427456","1144429151471804416","SumberPolsek"
"1229384321108103169","Mon Feb 17 12:37:17 +0000 2020","0","Manfaat menyontek : 1. otot mata sehat 2. kreatifitas meningkat 3. Meningkatkn sosial teman 4. Nilai bagus 5. Melatih kecepatan gerak","1229384321108103169","","","in","","0","0","0","https://twitter.com/asihpriyati1/status/1229384321108103169","2191779301","asihpriyati1"
"1229270265852387328","Mon Feb 17 05:04:04 +0000 2020","5","Salam Keluarga Sehat... Terimakasih kepada TK Aisyiah 02 Pati yang telah mempercayakan RS. Keluarga Sehat untuk menghadirkan Parenting Class bertema Optimalisasi Sosial Emosi bagi Anak Usia Dini yang disampaikan oleh Titi Mahargyaningrum S.Psi CH Cht Psikolog (15/2/2020) https://t.co/laAhzxFCMj","1229270265852387328","https://pbs.twimg.com/media/EQ8-ualUwAAXgj4.jpg","","in","Pati, Jawa Tengah, Indonesia","0","0","4","https://twitter.com/keluargasehat/status/1229270265852387328","61932710","keluargasehat"
"1229230798122864642","Mon Feb 17 02:27:14 +0000 2020","0","Komunikasi itu hal mendasar yg paling penting. Sebenere nggak cuman dlm persoalan hubungan asmara sih ya. Dalam hubungan pertemanan organisasi sampai hubungan sosial pada umumnya jg membutuhkan komunikasi yg sehat","1229230798122864642","","","in","Yogyakarta, Indonesia","0","0","0","https://twitter.com/maulidaah___/status/1229230798122864642","543259746","maulidaah___"
"1229225948211343360","Mon Feb 17 02:07:58 +0000 2020","0","Kesehatan mental yang baik dan lingkungan sosial yang sehat juga bisa jadi rejeki lho.","1229225948211343360","","","in","Buleleng, Indonesia","0","0","0","https://twitter.com/Cek_KokoSebelah/status/1229225948211343360","380291589","Cek_KokoSebelah"
"1229221564392103936","Mon Feb 17 01:50:33 +0000 2020","0","Halo Sahabat Sehat Carolus Dalam rangka HUT ke-101 RS St. Carolus kembali mengadakan Bakti Sosial Operasi Katarak. Jadwal Bakti Sosial Operasi Mata Katarak dapat dilihat di poster berikut ini. Bagi Anda yang https://t.co/JsxaAWlFOp","1229221564392103936","","","in","Jalan Salemba Raya No.41. Jakarta Pusat 10440","0","0","0","https://twitter.com/rscarolusjkt/status/1229221564392103936","3184631006","rscarolusjkt"
"1229157827031097344","Sun Feb 16 21:37:17 +0000 2020","0","Manfaat menyontek : 1. otot mata sehat 2. kreatifitas meningkat 3. Meningkatkn sosial teman 4. Nilai bagus 5. Melatih kecepatan gerak","1229157827031097344","","","in","","0","0","0","https://twitter.com/asihpriyati1/status/1229157827031097344","2191779301","asihpriyati1"
"1228931332887068672","Sun Feb 16 06:37:16 +0000 2020","0","Manfaat menyontek : 1. otot mata sehat 2. kreatifitas meningkat 3. Meningkatkn sosial teman 4. Nilai bagus 5. Melatih kecepatan gerak","1228931332887068672","","","in","","0","0","0","https://twitter.com/asihpriyati1/status/1228931332887068672","2191779301","asihpriyati1"
"1228864695517372416","Sun Feb 16 02:12:29 +0000 2020","96","BAKSOS DAN BAKSES POLRI DI BLORA JATENG Bakti sosial dengan tema merajut kebhinekaan membangun kebersamaan guna mewujudkan Indonesia Sehat tersebut berlangsung aman dan lancar. KEPEDULIAN POLRI UNTUK INDONESIA YANG SEHAT DAN SEJAHTERA https://t.co/clS6NGBW6l","1228864695517372416","https://pbs.twimg.com/ext_tw_video_thumb/1228863182233464832/pu/img/XZksmS7fXnO70eTp.jpg","","in","","2","5","14","https://twitter.com/DivHumas_Polri/status/1228864695517372416","138290629","DivHumas_Polri"
"1228826272102592513","Sat Feb 15 23:39:48 +0000 2020","1","Yayasan HOPE ( Harapan Oasis Peduli Empati ) #YayasanHOPE #HOPETeam #HOPEFoundation #HOPE #Harapan #Healthy #Health #Sehat #Kesehatan #Charity #Sosial #Doctor #Dokter #GalangDana #BantuanSosial #Medan #SumateraUtara https://t.co/bzFYBhtAeW","1228826272102592513","","","in","Medan ","0","0","0","https://twitter.com/Samsudin_Zhang/status/1228826272102592513","243101650","Samsudin_Zhang"
"1228711547284799489","Sat Feb 15 16:03:55 +0000 2020","0","Sesekali aku intip Dinding sosial media nya. Tapi lagi aku tak temukan apapun. Yasudah asal kamu sehat dan bahagia :)","1228711547284799489","","","in","mataram","0","0","0","https://twitter.com/dije93/status/1228711547284799489","277790802","dije93"
"1228704840642990080","Sat Feb 15 15:37:16 +0000 2020","0","Manfaat menyontek : 1. otot mata sehat 2. kreatifitas meningkat 3. Meningkatkn sosial teman 4. Nilai bagus 5. Melatih kecepatan gerak","1228704840642990080","","","in","","0","0","0","https://twitter.com/asihpriyati1/status/1228704840642990080","2191779301","asihpriyati1"
"1228672324595068931","Sat Feb 15 13:28:04 +0000 2020","0","Manusia Makhluk Sosial Yang Berakal Sehat https://t.co/dbSolslcKb https://t.co/1dXqLstVmh","1228672324595068931","https://pbs.twimg.com/media/EQ0e97pWsAEjlys.jpg","","in","Aceh Indonesia","0","0","0","https://twitter.com/nanggroe_media/status/1228672324595068931","872643814388752385","nanggroe_media"
"1228643016685965312","Sat Feb 15 11:31:36 +0000 2020","0","ini bukan tweet nyinyir atau ngomongin teman. toh kita mahluk sosial toh saya akhirnya ngasih ponjaman juga. cuman mbok ya seimbangi kehidupan mu. sehat selalu kawan. pencitraan sosmed mu tak berarti tanpa sehat.","1228643016685965312","","","in","Zerotwotwo","0","0","0","https://twitter.com/elmoMYmo/status/1228643016685965312","29008543","elmoMYmo"
"1228615433843965952","Sat Feb 15 09:42:00 +0000 2020","1","Kegiatan bakti sosial itu mengusung tema 'Merajut Kebhinekaan Membangun Kebersamaan Guna Mewujudkan Indonesia Sehat.' https://t.co/KemWeK0VNU","1228615433843965952","","","in","Jakarta - Indonesia","0","0","0","https://twitter.com/mediaindonesia/status/1228615433843965952","68930552","mediaindonesia"
"1228540646740414464","Sat Feb 15 04:44:50 +0000 2020","0","Keseruan hari ini main bersama Ibrahim sambil melatih tumbuh kembang-mu ya nak motorik kasar motorik halus bicara bahasa &amp; sosial kemandirian lengkaap semuaaa. Abang happy emak juga happy Sehat selalu ya https://t.co/kB3S2AxuVD","1228540646740414464","","","in","Indonesia","0","0","0","https://twitter.com/vitashafiyyah/status/1228540646740414464","212862340","vitashafiyyah"
"1228528379344764930","Sat Feb 15 03:56:05 +0000 2020","4","Ada keberhakan atas kita untuk mengikuti atau tidak mengikuti siapapun di media sosial. Jangan menyiksa diri sendiri dengan hal itu. Kalau bisa sehat lakukanlah.","1228528379344764930","","","in","","1","1","0","https://twitter.com/ysrilyas_/status/1228528379344764930","971682322394226688","ysrilyas_"
"1228490707607834624","Sat Feb 15 01:26:23 +0000 2020","0","dosen kesmen: dikatakan sehat itu ada 3 aspek. fisik jiwa dan sosial *jadi selama ini aku ga pernah sehat ya* me be lyke:) fisik lagi baik sosial ngeganggu dan pikiran terganggu. fisik ga baik semua ikutan ga baik. terkadang buat berdiri sendiri susah bgt.","1228490707607834624","","","in","Kota Surabaya, Jawa Timur","0","0","0","https://twitter.com/washlightly/status/1228490707607834624","932219911883014146","washlightly"
"1228478347887251456","Sat Feb 15 00:37:16 +0000 2020","0","Manfaat menyontek : 1. otot mata sehat 2. kreatifitas meningkat 3. Meningkatkn sosial teman 4. Nilai bagus 5. Melatih kecepatan gerak","1228478347887251456","","","in","","0","0","0","https://twitter.com/asihpriyati1/status/1228478347887251456","2191779301","asihpriyati1"
"1228353186190118912","Fri Feb 14 16:19:55 +0000 2020","0","Skrinews - PEDULI SESAMA PDIP BOLTIM MENGADAKAN GERAKAN MENCINTAI BUMI BAKTI SOSIAL JALAN SEHAT DAN MENANAM POHO https://t.co/e2T0Cegl77 https://t.co/eTgWHWaXFg","1228353186190118912","https://pbs.twimg.com/media/EQv8tVOUEAYoTVX.jpg","","in","","0","0","0","https://twitter.com/SkrinewsC/status/1228353186190118912","1218481770263220225","SkrinewsC"
"1228317566457659392","Fri Feb 14 13:58:23 +0000 2020","0","Bahas kek ibunya sehat apa kagak. Anaknya sehat gak. Suaminya berperan apa dalam mengurus anak pertama. Ini bikin kosntruksi sosial mulu perempuan kalau habis lahiran WAJIB balik langsing dan yg dijadikan patokan artis banyak duid yg bisa hire 5 nanny :((","1228317566457659392","","","in","","0","0","1","https://twitter.com/itsmoonotmu/status/1228317566457659392","104375195","itsmoonotmu"
"1228283977389105152","Fri Feb 14 11:44:55 +0000 2020","0","Skrinews - PEDULI SESAMA PDIP BOLTIM MENGADAKAN GERAKAN MENCINTAI BUMI BAKTI SOSIAL JALAN SEHAT DAN MENANAM POHON. https://t.co/vH8Q45DzEV https://t.co/1HXhKT5gO8","1228283977389105152","https://pbs.twimg.com/media/EQu9wEMUEAEyE35.jpg","","in","Indonesia","0","0","0","https://twitter.com/Sandisudarsono1/status/1228283977389105152","1215321452288737280","Sandisudarsono1"
"1228261960933724166","Fri Feb 14 10:17:26 +0000 2020","0","Skrinews - PEDULI SESAMA PDIP BOLTIM MENGADAKAN GERAKAN MENCINTAI BUMI BAKTI SOSIAL JALAN SEHAT DAN MENANAM POHON. https://t.co/IPOiY9II9K https://t.co/MirKZ41D7e","1228261960933724166","https://pbs.twimg.com/media/EQupvRLU0AAH_ao.jpg","","in","Bolaangmongondow, Sulawesi Uta","0","0","0","https://twitter.com/TubagusAlwin/status/1228261960933724166","1216009004092022784","TubagusAlwin"
"1228252649943785474","Fri Feb 14 09:40:26 +0000 2020","0","Skrinews - PEDULI SESAMA PDIP BOLTIM MENGADAKAN GERAKAN MENCINTAI BUMI BAKTI SOSIAL JALAN SEHAT DAN MENANAM POHON. https://t.co/OPJE7uOy2F https://t.co/sbngek1XRQ","1228252649943785474","https://pbs.twimg.com/media/EQuhQZ7UUAAGPGO.jpg","","in","","0","0","0","https://twitter.com/Skrinews13/status/1228252649943785474","1217454751840792578","Skrinews13"
"1228251858944159744","Fri Feb 14 09:37:17 +0000 2020","0","Manfaat menyontek : 1. otot mata sehat 2. kreatifitas meningkat 3. Meningkatkn sosial teman 4. Nilai bagus 5. Melatih kecepatan gerak","1228251858944159744","","","in","","0","0","0","https://twitter.com/asihpriyati1/status/1228251858944159744","2191779301","asihpriyati1"
"1228242937068183554","Fri Feb 14 09:01:50 +0000 2020","0","Skrinews - PEDULI SESAMA PDIP BOLTIM MENGADAKAN GERAKAN MENCINTAI BUMI BAKTI SOSIAL JALAN SEHAT DAN MENANAM POHON. https://t.co/oSy65lPiyr https://t.co/W9dUdzjtN1","1228242937068183554","https://pbs.twimg.com/media/EQuYb9UU8AAjFXV.jpg","","in","","0","0","0","https://twitter.com/RIDWAN83516927/status/1228242937068183554","1215548849860689921","RIDWAN83516927"
"1228240781963489280","Fri Feb 14 08:53:16 +0000 2020","0","Skrinews - PEDULI SESAMA PDIP BOLTIM MENGADAKAN GERAKAN MENCINTAI BUMI BAKTI SOSIAL JALAN SEHAT DAN MENANAM POHON. https://t.co/rSUlcO04jG https://t.co/Te4J9R4JDh","1228240781963489280","https://pbs.twimg.com/media/EQuWeRBUcAANvsa.jpg","","in","","0","0","0","https://twitter.com/Skrinews9/status/1228240781963489280","1215654423084462088","Skrinews9"
"1228165194041286661","Fri Feb 14 03:52:55 +0000 2020","0","Yuk yang mau ikutan PO #BaladaCintaIsvara sebuah novel romantis berlattar tema sosial politik yang pekat karya Bunda @afifahafra79","1228165194041286661","","","in","Solo, Indonesia","0","0","2","https://twitter.com/kanal_sehat/status/1228165194041286661","2426563633","kanal_sehat"
"1228102465423200257","Thu Feb 13 23:43:39 +0000 2020","0","Senam sehat bersama warga Tonggalan di area Car Free Day depan Bank Mandiri Taspen. Minggu 9/2/2020. Sehat dan perekat sosial perangkat kelurahan dgn warga. https://t.co/nwyTdd8IHi","1228102465423200257","https://pbs.twimg.com/media/EQsYo7AVAAUHnH1.jpg","","in","","0","0","0","https://twitter.com/tonggalan/status/1228102465423200257","1216894384811069441","tonggalan"
"1228025362661007360","Thu Feb 13 18:37:16 +0000 2020","0","Manfaat menyontek : 1. otot mata sehat 2. kreatifitas meningkat 3. Meningkatkn sosial teman 4. Nilai bagus 5. Melatih kecepatan gerak","1228025362661007360","","","in","","0","0","0","https://twitter.com/asihpriyati1/status/1228025362661007360","2191779301","asihpriyati1"
"1227798870186291200","Thu Feb 13 03:37:16 +0000 2020","0","Manfaat menyontek : 1. otot mata sehat 2. kreatifitas meningkat 3. Meningkatkn sosial teman 4. Nilai bagus 5. Melatih kecepatan gerak","1227798870186291200","","","in","","0","0","0","https://twitter.com/asihpriyati1/status/1227798870186291200","2191779301","asihpriyati1"
"1227793266302693378","Thu Feb 13 03:15:00 +0000 2020","1","Makan Lebih Sehat Berkat Media Sosial https://t.co/dAVzOH2wfA","1227793266302693378","","","in","Indonesia","0","0","1","https://twitter.com/korantempo/status/1227793266302693378","20963426","korantempo"
"1227654882032701440","Wed Feb 12 18:05:07 +0000 2020","0","Orang ini kalo ketemu orang macem mr. Brekele yg dng jelas dihalalkan kringatnya paling yo gur dikencingi keadilan sosial keadilan sosial apaan la syarat pertama langsung sehat jasmani","1227654882032701440","","","in","","0","0","0","https://twitter.com/huda_dd/status/1227654882032701440","422049489","huda_dd"
"1227640874630148096","Wed Feb 12 17:09:27 +0000 2020","2","Makanan sehat dan cukup rumah yg nyaman dan kendaraan yg bagus telah layak masuk katagori kebutuhan bagi yg telah mencapai taraf tertentu kesejahteraan ekonomi. Namun demikian perilaku berlebih²an yg mnampakkan ketimpangan sosial yg tajam di tengah masy tetaplah buruk.","1227640874630148096","","","in","Indonesia","0","1","0","https://twitter.com/Vendra_Deje/status/1227640874630148096","384176072","Vendra_Deje"
"1227628380767576064","Wed Feb 12 16:19:48 +0000 2020","1","Serius. Saya benar-benar kagum dan bangga sama Bapak Ganjar Pranowo. Cara beliau berhubungan dengan rakyat cara beliau menanggapi suatu masalah dan juga respon beliau dalam bermedia sosial. Semoga bapak sehat selalu dan menjadi pemimpin amanah yang dicintai rakyat.","1227628380767576064","","","in","so far","0","0","0","https://twitter.com/cumaiga/status/1227628380767576064","1158447794341810176","cumaiga"
"1227579236916948993","Wed Feb 12 13:04:32 +0000 2020","2"," Jika ingin hidup sehat jauhilah media sosial. Pernyataan ini seolah menunjukkan ekspresi paham fatalisme https://t.co/BUjkqvSmtb","1227579236916948993","","","in","Yogyakarta, Indonesia","0","0","1","https://twitter.com/IBTimesID/status/1227579236916948993","1412074356","IBTimesID"
"1227572382354665472","Wed Feb 12 12:37:17 +0000 2020","0","Manfaat menyontek : 1. otot mata sehat 2. kreatifitas meningkat 3. Meningkatkn sosial teman 4. Nilai bagus 5. Melatih kecepatan gerak","1227572382354665472","","","in","","0","0","0","https://twitter.com/asihpriyati1/status/1227572382354665472","2191779301","asihpriyati1"
"1227441032570249216","Wed Feb 12 03:55:21 +0000 2020","0","Tim medis RS Pertamina Dumai dalam Kegiatan Bakti Sosial Pemeriksaan kesehatan bersama program CSR @pertaminaru2 di kantor kelurahan tanjung palas... #pertamina #pertaminadumai #pertaminabinamedikaihc #baksos #pemeriksaankesehatan #programcsr #sehat #beritadumai #sepdum https://t.co/o4CXLHLv7O","1227441032570249216","https://pbs.twimg.com/media/EQi_G76XUAAqcC3.jpg","","in","Jalan Raya Bukit Datuk - Dumai","0","1","0","https://twitter.com/rspertaminadmi/status/1227441032570249216","1202055203312156672","rspertaminadmi"
"1227232647203577856","Tue Feb 11 14:07:18 +0000 2020","0","Manfaat menyontek : 1. otot mata sehat 2. kreatifitas meningkat 3. Meningkatkn sosial teman 4. Nilai bagus 5. Melatih kecepatan gerak","1227232647203577856","","","in","","0","0","0","https://twitter.com/asihpriyati1/status/1227232647203577856","2191779301","asihpriyati1"
"1227214354497462272","Tue Feb 11 12:54:37 +0000 2020","456","Yang bisa diambil dari sukses Parasite ini banyak banget; dari gimana bikin industri yang sehat peran pemerintah kritik sosial sikap dan argumen cerita dll tapi di sini jatohnya jangan minder kalo ga bisa bahasa inggris. ","1227214354497462272","","","in","Jakarta, Indonesia.","6","5","243","https://twitter.com/smekdoncat/status/1227214354497462272","130500843","smekdoncat"
"1227094189311004672","Tue Feb 11 04:57:07 +0000 2020","0","Kalo ada yg jahatin gua di sosial media mungkin apakah gua akan bls? Ga. Karna di sosial media gua ga punya power followers aja kecil. Tp kalo ke hukum ayo gua ada pengacara. Ya gua ga tau nasib yg lain kena karma mungkin? Gua baik2 aja masih hidup sehat &amp; punya duit","1227094189311004672","","","in","ÜT: -6.30048,106.80531","0","1","0","https://twitter.com/agtkaton/status/1227094189311004672","817601455","agtkaton"
"1227029972809732097","Tue Feb 11 00:41:57 +0000 2020","0","Diskusi lintas Komisi terkait RM tak berLAIK SEHAT dan bersama Kadis Sosial dlm kaitan dgn BPJS PBI Iuran dari APBD https://t.co/P3h2z8sevZ","1227029972809732097","https://pbs.twimg.com/media/EQdJN1SU4AACM7j.jpg","","in","","0","0","0","https://twitter.com/PkbWalde/status/1227029972809732097","1206196425052151808","PkbWalde"
"1227006162341523458","Mon Feb 10 23:07:20 +0000 2020","0","Manfaat menyontek : 1. otot mata sehat 2. kreatifitas meningkat 3. Meningkatkn sosial teman 4. Nilai bagus 5. Melatih kecepatan gerak","1227006162341523458","","","in","","0","0","0","https://twitter.com/asihpriyati1/status/1227006162341523458","2191779301","asihpriyati1"
"1226969940097413126","Mon Feb 10 20:43:24 +0000 2020","1","Hancur dalam urusan keluarga besar dan dunia sosial. Entah itu pergaulan atau percintaan.. Dan ortu gua masih sayang sama gua Makasih tuhan enkau telah memberikan 2 malaikt tak bersayap yang tulus menyayangi ku.. #sehat_salalu_ayah_ibu","1226969940097413126","","","in","","0","0","0","https://twitter.com/Penikmatluka9/status/1226969940097413126","1196287379847307264","Penikmatluka9"
"1226840159187951616","Mon Feb 10 12:07:42 +0000 2020","0","Selamat Hari Pers Nasional. Terus kembangkan pers yg sehat untk tegaknya kehidupan sosial yg sehat.","1226840159187951616","","","in","Depok","0","0","0","https://twitter.com/sriutami258/status/1226840159187951616","171395230","sriutami258"
"1225647207560302593","Fri Feb 07 05:07:20 +0000 2020","0","Manfaat menyontek : 1. otot mata sehat 2. kreatifitas meningkat 3. Meningkatkn sosial teman 4. Nilai bagus 5. Melatih kecepatan gerak","1225647207560302593","","","in","","0","0","0","https://twitter.com/asihpriyati1/status/1225647207560302593","2191779301","asihpriyati1"
"1225588649695305729","Fri Feb 07 01:14:39 +0000 2020","0","Haiii selamat Pagi Sobat Sehat.. !! Ada kabar baik nih bagi sobat sehat yang mengalami gangguan mata. Kabupaten Banyuwangi mengadakan bakti sosial Kesehatan mata gratis di PMI Banyuwangi dengan kegiatan : &gt; https://t.co/LG9ttAROF4","1225588649695305729","","","in","Banyuwangi, Indonesia","0","0","0","https://twitter.com/F_Adelaksono/status/1225588649695305729","795179649206624256","F_Adelaksono"
"1225533966687571969","Thu Feb 06 21:37:21 +0000 2020","0","Manfaat menyontek : 1. otot mata sehat 2. kreatifitas meningkat 3. Meningkatkn sosial teman 4. Nilai bagus 5. Melatih kecepatan gerak","1225533966687571969","","","in","","0","0","0","https://twitter.com/asihpriyati1/status/1225533966687571969","2191779301","asihpriyati1"
"1225378509180280832","Thu Feb 06 11:19:37 +0000 2020","2","Hello Healthy People Rehat RSUD Provinsi NTB kembali hadir di sosial media Facebook dan Instagram. . . Siapa nih yang penasaran sama Rehat ? Rehat (Ruang Sehat) merupakan acara Live di sosial media dengan https://t.co/WrrNFSDFCD","1225378509180280832","","","in","Kota Mataram, Nusa Tenggara Ba","0","0","1","https://twitter.com/rsudprovinsintb/status/1225378509180280832","794174897681350656","rsudprovinsintb"
"1225373573746814976","Thu Feb 06 11:00:00 +0000 2020","0","Nggak memulu media sosial memberikan dampak yang negatif. Kamu bisa memanfaatkan media sosial untuk bikin tubuh lebih sehat lho! https://t.co/iZvhxqdFW1","1225373573746814976","","","in","Indonesia","0","0","0","https://twitter.com/klikdokter_id/status/1225373573746814976","79972522","klikdokter_id"
"1225307457376776192","Thu Feb 06 06:37:17 +0000 2020","0","Manfaat menyontek : 1. otot mata sehat 2. kreatifitas meningkat 3. Meningkatkn sosial teman 4. Nilai bagus 5. Melatih kecepatan gerak","1225307457376776192","","","in","","0","0","0","https://twitter.com/asihpriyati1/status/1225307457376776192","2191779301","asihpriyati1"
"1225258898782711809","Thu Feb 06 03:24:20 +0000 2020","0","Hello Guyss...mau jajanan sehat? gk usah jauh2 yuk coba puding chochees enak enak enak... dijamin sekali coba psti minta nambah. cek akun sosial medianya untk pemesanan https://t.co/LJr7THln4I","1225258898782711809","https://pbs.twimg.com/media/EQD-eInVAAYDtm1.jpg","","in","","0","0","0","https://twitter.com/NonaYoli/status/1225258898782711809","1220654270241853440","NonaYoli"
"1225129548129292288","Wed Feb 05 18:50:20 +0000 2020","1","Seneng bisa ambil keputusan atas diri sendiri tanpa mikirin toxic people. Makin paham soal filter sosial yang sehat dan makin kerasa manfaatnya","1225129548129292288","","","in","","0","0","0","https://twitter.com/DianP362017089/status/1225129548129292288","1186853041263136768","DianP362017089"
"1225080964881104898","Wed Feb 05 15:37:17 +0000 2020","0","Manfaat menyontek : 1. otot mata sehat 2. kreatifitas meningkat 3. Meningkatkn sosial teman 4. Nilai bagus 5. Melatih kecepatan gerak","1225080964881104898","","","in","","0","0","0","https://twitter.com/asihpriyati1/status/1225080964881104898","2191779301","asihpriyati1"
"1224996085250187265","Wed Feb 05 10:00:00 +0000 2020","52","Saatnya #DiabetasolQuiz. Sahabat Sehat langsung mention 3 teman follow akun media sosial Diabetasol! Jawaban ditunggu hingga 6 Februari 2020. Cari tahu jawabannya di https://t.co/L7xicEDslS. #GulaDarah #JagaGulamu #WaktunyaDiabetasol #IndonesiaLawanDiabetes #BersamaDia https://t.co/hqIXjNnjHa","1224996085250187265","https://pbs.twimg.com/media/EP_SpaqVAAAjj-z.jpg","","in","Indonesia","0","130","57","https://twitter.com/DiabetasolID/status/1224996085250187265","871941722","DiabetasolID"
"1224854472272171008","Wed Feb 05 00:37:17 +0000 2020","0","Manfaat menyontek : 1. otot mata sehat 2. kreatifitas meningkat 3. Meningkatkn sosial teman 4. Nilai bagus 5. Melatih kecepatan gerak","1224854472272171008","","","in","","0","0","0","https://twitter.com/asihpriyati1/status/1224854472272171008","2191779301","asihpriyati1"
"1224757918697848832","Tue Feb 04 18:13:37 +0000 2020","0","Beruntungnya org2 yg masih bisa jaga komunikasi dgn shbat lama msh bisa saling tukar pemikiran pendapat dan bercerita bahkan berkhayal. Sahabat2 ku hilang hanya sebatas saling melihat snap sosial media tanpa bertanya kabar berharap mereka selalu bahagia dan selalu sehat.","1224757918697848832","","","in","","0","0","0","https://twitter.com/almaidalo/status/1224757918697848832","1006230914806906880","almaidalo"
"1224627980736946176","Tue Feb 04 09:37:17 +0000 2020","0","Manfaat menyontek : 1. otot mata sehat 2. kreatifitas meningkat 3. Meningkatkn sosial teman 4. Nilai bagus 5. Melatih kecepatan gerak","1224627980736946176","","","in","","0","0","0","https://twitter.com/asihpriyati1/status/1224627980736946176","2191779301","asihpriyati1"
"1224401485749899264","Mon Feb 03 18:37:17 +0000 2020","0","Manfaat menyontek : 1. otot mata sehat 2. kreatifitas meningkat 3. Meningkatkn sosial teman 4. Nilai bagus 5. Melatih kecepatan gerak","1224401485749899264","","","in","","0","0","0","https://twitter.com/asihpriyati1/status/1224401485749899264","2191779301","asihpriyati1"
"1224370962264576010","Mon Feb 03 16:35:59 +0000 2020","0","Dijaga ya ... Utk anak anak qt biar sehat jasmani dan sehat sosial nya daripd maen gadget...️️️","1224370962264576010","","","in","Jakarta Timur, DKI Jakarta","0","0","0","https://twitter.com/ariefbudhi_h/status/1224370962264576010","247658778","ariefbudhi_h"
"1224174995749752832","Mon Feb 03 03:37:17 +0000 2020","0","Manfaat menyontek : 1. otot mata sehat 2. kreatifitas meningkat 3. Meningkatkn sosial teman 4. Nilai bagus 5. Melatih kecepatan gerak","1224174995749752832","","","in","","0","0","0","https://twitter.com/asihpriyati1/status/1224174995749752832","2191779301","asihpriyati1"
"1224144096714846209","Mon Feb 03 01:34:30 +0000 2020","2","JASMANI YANG SEHAT TUNJANG AKTIVITAS WBP JALANI PROGRAM REHABILITASI SOSIAL @kempanrb @DITJEN_PAS https://t.co/SKH26U8bS5 https://t.co/9NipozoLR2","1224144096714846209","https://pbs.twimg.com/media/EP0IbNaU8AAqDGU.jpg","","in","Semarang","0","0","0","https://twitter.com/LPP_Semarang/status/1224144096714846209","2576131770","LPP_Semarang"
"1223948502071267331","Sun Feb 02 12:37:17 +0000 2020","0","Manfaat menyontek : 1. otot mata sehat 2. kreatifitas meningkat 3. Meningkatkn sosial teman 4. Nilai bagus 5. Melatih kecepatan gerak","1223948502071267331","","","in","","0","0","0","https://twitter.com/asihpriyati1/status/1223948502071267331","2191779301","asihpriyati1"
"1223722006501154817","Sat Feb 01 21:37:16 +0000 2020","0","Manfaat menyontek : 1. otot mata sehat 2. kreatifitas meningkat 3. Meningkatkn sosial teman 4. Nilai bagus 5. Melatih kecepatan gerak","1223722006501154817","","","in","","0","0","0","https://twitter.com/asihpriyati1/status/1223722006501154817","2191779301","asihpriyati1"
"1223642699514904582","Sat Feb 01 16:22:08 +0000 2020","0","Gowes Sehat Peduli Kanker YAK dan Penggiat Sosial Tangerang https://t.co/8ZXLqFbOG1 https://t.co/q8vEYdHqwL","1223642699514904582","https://pbs.twimg.com/media/EPtAjOsXkAI7KfH.jpg","","in","","0","0","0","https://twitter.com/cybernewsnasio1/status/1223642699514904582","1046734369677697031","cybernewsnasio1"
"1223577190417289216","Sat Feb 01 12:01:49 +0000 2020","0","[ArtSCO - PHCO EDITION] Assalamu'alaikum wr.wb Menurut WHO Sehat adalah suatu keadaan sejahtera yang meliputi fisik mental dan sosial yang tidak hanya bebas dari penyakit atau kecacatan. Tak dapat dipungkiri https://t.co/KDnLpGNUih","1223577190417289216","","","in","Gedung G1 Lt.2, Kampus Terpadu FKIK UMY, Jalan Lingkar Selatan, Tamantirto, Kasihan, Bantul, Yogyakarta, 55183","0","0","0","https://twitter.com/MMSAUMY/status/1223577190417289216","153028237","MMSAUMY"
"1223577121689423875","Sat Feb 01 12:01:33 +0000 2020","0","[ArtSCO - PHCO EDITION] Assalamu'alaikum wr.wb Menurut WHO Sehat adalah suatu keadaan sejahtera yang meliputi fisik mental dan sosial yang tidak hanya bebas dari penyakit atau kecacatan. Tak dapat dipungkiri https://t.co/QkcZEfh1Rm","1223577121689423875","","","in","Gedung G1 Lt.2, Kampus Terpadu FKIK UMY, Jalan Lingkar Selatan, Tamantirto, Kasihan, Bantul, Yogyakarta, 55183","0","0","0","https://twitter.com/MMSAUMY/status/1223577121689423875","153028237","MMSAUMY"
"1223577036385673216","Sat Feb 01 12:01:13 +0000 2020","0","[ArtSCO - PHCO EDITION] Assalamu'alaikum wr.wb Menurut WHO Sehat adalah suatu keadaan sejahtera yang meliputi fisik mental dan sosial yang tidak hanya bebas dari penyakit atau kecacatan. Tak dapat dipungkiri https://t.co/Txe8Q92h8W","1223577036385673216","","","in","Gedung G1 Lt.2, Kampus Terpadu FKIK UMY, Jalan Lingkar Selatan, Tamantirto, Kasihan, Bantul, Yogyakarta, 55183","0","0","0","https://twitter.com/MMSAUMY/status/1223577036385673216","153028237","MMSAUMY"
"1223543861328236547","Sat Feb 01 09:49:23 +0000 2020","0","Memang mengharapkan sebuah diskusi/debat yang benar-benar sehat di sosial media seperti bermain bola siang bolong tanpa alas kaki di jalanan beraspal.","1223543861328236547","","","in","The Cupboard under The Stairs","1","0","0","https://twitter.com/ldofhitler/status/1223543861328236547","864182382","ldofhitler"
"1223521580900179968","Sat Feb 01 08:20:51 +0000 2020","0","Sekolah 12 taun kuliah sampe dapat gelar. nemu media sosial malah jadi penyebar hoax. sehat?","1223521580900179968","","","in","Singkawang","0","0","0","https://twitter.com/iwijayyy/status/1223521580900179968","1685973356","iwijayyy"
"1223495518849888257","Sat Feb 01 06:37:17 +0000 2020","0","Manfaat menyontek : 1. otot mata sehat 2. kreatifitas meningkat 3. Meningkatkn sosial teman 4. Nilai bagus 5. Melatih kecepatan gerak","1223495518849888257","","","in","","0","0","0","https://twitter.com/asihpriyati1/status/1223495518849888257","2191779301","asihpriyati1"
"1223463599600852992","Sat Feb 01 04:30:27 +0000 2020","4","Masih rangkaian Hari Gizi Nasionap ke 60 Ditjen Kesmas bersama Dharma Wanita Kemenkes melakukan bakti sosial dan edukasi hidup sehat di Cilincing (1/2) #dukungGERMAS https://t.co/cAPz2sGNHx","1223463599600852992","https://pbs.twimg.com/media/EPqdnvMU0AAdIMa.jpg","","in","Jakarta Selatan, DKI Jakarta","0","0","0","https://twitter.com/ditjenkesmas/status/1223463599600852992","4816822213","ditjenkesmas"
"1223460297404375040","Sat Feb 01 04:17:20 +0000 2020","3","sosial media kini semakin tak sehat","1223460297404375040","","","in","","0","0","0","https://twitter.com/nananninaaa/status/1223460297404375040","1131543920125464581","nananninaaa"
"1223419409819025408","Sat Feb 01 01:34:51 +0000 2020","0","Selamat Pagi Salam Sehat Sobat sehat akhir akhir ini mungkin banyak yang memperbincangkan tentang Novel Corona Virus baik itu di media cetak media elektronik media sosial maupun dikalangan masyarakat. Sebenarnya apa sih Novel Corona Virus itu? https://t.co/ImzTxf8KOz https://t.co/aZnMJaQmcf","1223419409819025408","https://pbs.twimg.com/media/EPp1dl6UwAAxJSw.jpg","","in","Haurgeulis, Indonesia","0","0","0","https://twitter.com/K24Haurgeulis/status/1223419409819025408","1187186626503405569","K24Haurgeulis"
