"conversation_id_str","created_at","favorite_count","full_text","id_str","image_url","in_reply_to_screen_name","lang","location","quote_count","reply_count","retweet_count","tweet_url","user_id_str","username"
"1200385748295245824","Fri Nov 29 12:07:19 +0000 2019","0","Manfaat menyontek : 1. otot mata sehat 2. kreatifitas meningkat 3. Meningkatkn sosial teman 4. Nilai bagus 5. Melatih kecepatan gerak","1200385748295245824","","","in","","0","0","0","https://twitter.com/asihpriyati1/status/1200385748295245824","2191779301","asihpriyati1"
"1200347346564833281","Fri Nov 29 09:34:43 +0000 2019","0","Ga sehat gini euy sosial media.","1200347346564833281","","","in","Cimahi Utara, Indonesia","0","0","0","https://twitter.com/mongers16/status/1200347346564833281","2178158418","mongers16"
"1200333209935835136","Fri Nov 29 08:38:33 +0000 2019","1","Sepertinya media sosial skrg kurang sehat bagi saya. Marake aku kudu mencaci-meki orang2 bgst","1200333209935835136","","","in","Myanmar","0","1","1","https://twitter.com/ibefqkr/status/1200333209935835136","561083194","ibefqkr"
"1200260256833490945","Fri Nov 29 03:48:39 +0000 2019","1","Tak ada percakapan yang berlangsung sehat terutama di sosial media. Perdebatan tentang jalur sepeda yang sebetulnya bagus dari sudut pandang partisipasi publik. https://t.co/MHBzUa8TRl","1200260256833490945","","","in","Indonesia","0","1","0","https://twitter.com/tempodotco/status/1200260256833490945","18129942","tempodotco"
"1200222901946896384","Fri Nov 29 01:20:13 +0000 2019","2","Peluang bisnis/sosial bagus neh permintaannya pasti ada; RUMAH SEHAT KHUSUS LGBT menyediakan fasilitas terapi sampai sembuh","1200222901946896384","","","in","","0","0","0","https://twitter.com/bisma0000/status/1200222901946896384","1176510673343238144","bisma0000"
"1200202069979746305","Thu Nov 28 23:57:26 +0000 2019","0","Panglima TNI berharap bakti sosial bisa buat warga Papua sehat dan senang @Kodam17Cen @kodamjaya03 @kodam3siliwangi @Puspen_TNI @tni_ad @kosa @Cakra_Kostrad @cenderawasi96 https://t.co/1JYgEbND6S","1200202069979746305","https://pbs.twimg.com/ext_tw_video_thumb/1200201801716269056/pu/img/3idzqVhN6TikDnRW.jpg","","in","Indonesia","0","0","0","https://twitter.com/SuaraRakyak17/status/1200202069979746305","4131146533","SuaraRakyak17"
"1200159257317916672","Thu Nov 28 21:07:19 +0000 2019","0","Manfaat menyontek : 1. otot mata sehat 2. kreatifitas meningkat 3. Meningkatkn sosial teman 4. Nilai bagus 5. Melatih kecepatan gerak","1200159257317916672","","","in","","0","0","0","https://twitter.com/asihpriyati1/status/1200159257317916672","2191779301","asihpriyati1"
"1200043990373945345","Thu Nov 28 13:29:17 +0000 2019","5","One Man One Hope Gerakan Sosial Gratis Pasang Baru Listrik &amp; Bantuan Jamban Sehat Desa Asemrudung Kecamatan Geyer Grobogan 28 Nopember 2019. https://t.co/exaokG0I2F","1200043990373945345","https://pbs.twimg.com/media/EKdpiETU0AItlKU.jpg","","in","Jl.Gatot Subroto No.6 Grobogan","1","0","2","https://twitter.com/humasGrobogan/status/1200043990373945345","4291445903","humasGrobogan"
"1200036621845843968","Thu Nov 28 13:00:00 +0000 2019","2","Who What Why: Sehat Mental Indonesia gerakan sosial yang membantu meningkatkan kesadaran masyarakat akan kesehatan mental dengan cara yang ringan dan edukatif. https://t.co/QzwDvGP8HP","1200036621845843968","","","in","Indonesia","0","0","0","https://twitter.com/wjournal/status/1200036621845843968","70162801","wjournal"
"1199969762345934849","Thu Nov 28 08:34:20 +0000 2019","0","#Repost @KemenkesRI (get_repost) ・・・ Halo Healhties! Kesehatan alat reproduksi itu penting loh Keadaan sehat secara fisik mental dan sosial secara utuh. Tidak hanya bebas dari penyakit atau kelainan yang https://t.co/GtnLY0pWOP","1199969762345934849","","","in","Jl Penjawi No 19a, Pati","0","0","0","https://twitter.com/BumdesPati/status/1199969762345934849","1161515948865708033","BumdesPati"
"1199961127687458816","Thu Nov 28 08:00:01 +0000 2019","3","Menurut studi hidup menyendiri terisolasi secara sosial sama efeknya dengan kebiasaan merokok makanan tidak sehat dan obesitas.","1199961127687458816","","","in","heaven","0","0","0","https://twitter.com/blooms_jewel/status/1199961127687458816","2351334032","blooms_jewel"
"1199947280515645440","Thu Nov 28 07:05:00 +0000 2019","0","#GoodEvent 62 Tahun Hari Perkebunan diadakan rangkaian kegiatan: Bhakti Sosial Pameran Bazaar Gala Dinner Senam Bersama &amp; Jalan Sehat | Talkshow &amp; Pemberian Penghargaan | 10-12 Des '19 | Kampus Polbangtan Jl. DR. Cipto 144a Lawang | info: https://t.co/H6HFFc8aE2 https://t.co/JY5LktsgjU","1199947280515645440","https://pbs.twimg.com/media/EIwfca-VUAAQPSm.jpg","","in","Malang","0","0","0","https://twitter.com/good_mlg/status/1199947280515645440","1158614519217700865","good_mlg"
"1199943218919550976","Thu Nov 28 06:48:51 +0000 2019","0","#Repost @KemenkesRI (get_repost) ・・・ Halo Healhties! Kesehatan alat reproduksi itu penting loh Keadaan sehat secara fisik mental dan sosial secara utuh. Tidak hanya bebas dari penyakit atau kelainan yang https://t.co/KUyO5KOmcH","1199943218919550976","","","in","Jl Penjawi No 19a, Pati","0","0","0","https://twitter.com/BumdesPati/status/1199943218919550976","1161515948865708033","BumdesPati"
"1199934205792309248","Thu Nov 28 06:13:03 +0000 2019","0","Saya dulu bukan pro bowo atau projok... tapi pro akal sehat.... pro keadilan ... pro rakyat tertindas.. pro yg benar² pancasilais.. pasal 5 keadilan sosial bagi seluruh rakyat indonesia.. tidak layak menggaji... https://t.co/TIgfecNjYK","1199934205792309248","","","in","Semerah","0","0","0","https://twitter.com/YANSAPUTRABANGS/status/1199934205792309248","536468194","YANSAPUTRABANGS"
"1199932761236107264","Thu Nov 28 06:07:18 +0000 2019","0","Manfaat menyontek : 1. otot mata sehat 2. kreatifitas meningkat 3. Meningkatkn sosial teman 4. Nilai bagus 5. Melatih kecepatan gerak","1199932761236107264","","","in","","0","0","0","https://twitter.com/asihpriyati1/status/1199932761236107264","2191779301","asihpriyati1"
"1199815988008620035","Wed Nov 27 22:23:17 +0000 2019","0","kegiatan sosial pengobatan gratis . . . Hallo Sahabat Sehat!! Bagaimana Aktifitas anda Hari ini? Silahkan CP Telpon/ WA : 082333282112 follow juga fb/Twitter Kami : https://t.co/tBkx9P4tBD","1199815988008620035","","","in","Situbondo","0","0","0","https://twitter.com/rsmitrasehat/status/1199815988008620035","1120588524233691136","rsmitrasehat"
"1199712443728982016","Wed Nov 27 15:31:50 +0000 2019","1","Bgmn mgkn orang punya akal sehat bisa menerima ide orang yang sakit jiwa spt Agusto Comte Karl Marx dst?. Bgmn mgkn orang yg msh waras jg bisa menerima ide teori sosial &amp; komunikasi dr orang-orang yang pny masalah sosial semacam Sartre Durkheim Freud Nietzsche ? #tragis","1199712443728982016","","","in","","0","0","1","https://twitter.com/DentaNusa/status/1199712443728982016","1185091584963952640","DentaNusa"
"1199706271101812736","Wed Nov 27 15:07:19 +0000 2019","0","Manfaat menyontek : 1. otot mata sehat 2. kreatifitas meningkat 3. Meningkatkn sosial teman 4. Nilai bagus 5. Melatih kecepatan gerak","1199706271101812736","","","in","","0","0","0","https://twitter.com/asihpriyati1/status/1199706271101812736","2191779301","asihpriyati1"
"1199670636584558593","Wed Nov 27 12:45:43 +0000 2019","0","Pemko Binjai Peringati HKN Senam Sehat Hingga Bakti Sosial https://t.co/qL8SWoI0VD https://t.co/QE8GuEqcBh","1199670636584558593","https://pbs.twimg.com/media/EKYWFgTW4AMXO_E.jpg","","in","Medan Kota, Indonesia","0","0","0","https://twitter.com/pro_sumut/status/1199670636584558593","1057922558832439296","pro_sumut"
"1199639310179299329","Wed Nov 27 10:41:14 +0000 2019","17","RSMS dolan maring warga Ds. Kaliori...ora usah dolan balik apa maning mondok nang RSMS bapak/ibu ...sing pada sehat baen (Bhakti Sosial dalam rangka HUT KORPRI Ke 48 di Desa Binaan Kaliori Banyumas) @ganjarpranowo @provjateng @kominfo_jtg @humasjateng #JatengGayeng https://t.co/Bt5gJzX8sQ","1199639310179299329","https://pbs.twimg.com/ext_tw_video_thumb/1199638669973319680/pu/img/BaaDCd_rfFqf3KsI.jpg","","in","Purwokerto","0","3","0","https://twitter.com/rsudmargono/status/1199639310179299329","2736093764","rsudmargono"
"1199616122909184000","Wed Nov 27 09:09:06 +0000 2019","2","Idham Azis ingin dengan adanya bakti sosial ini warga Papua menjadi sehat dan senang. https://t.co/sRB9LHbPkB","1199616122909184000","","","in","","0","0","1","https://twitter.com/kumparan/status/1199616122909184000","759692754985242625","kumparan"
"1199613794764242944","Wed Nov 27 08:59:51 +0000 2019","0","Tanyain sama emak bapak lu waktu pacaran saling naro nama di bio gak!? Jangan jadikan keberadaan sosial media untuk menambah standar hubungan yg sehat! Kalo dari awalnya brengsek tetep aja bakal selingkuh!","1199613794764242944","","","in","Voyager-1","2","3","0","https://twitter.com/enlightedds_/status/1199613794764242944","1548083220","enlightedds_"
"1199531301927186432","Wed Nov 27 03:32:03 +0000 2019","2","Akibat penegak hukum hnya mnjadi corong dri aturan. Hal ini tdk lain adlh dampak dri sistem hukum yg lebih mngedepnkan positifisme. Penegak hukum yg sma sekali mengesampingkan fakta sosial. Inilah cara ber hukum para penegak hukum tanpa nurani dan akal sehat. #JusticeForLutfi","1199531301927186432","","","in","","0","0","3","https://twitter.com/aka_abzhary/status/1199531301927186432","1083688674166886403","aka_abzhary"
"1199500760863522816","Wed Nov 27 01:30:41 +0000 2019","810","Ketika badan usaha negara memohon perhatian dan tindakan negara lewat sosial media ... sudah mentok kayaknya ya min sampai lari kemari hikss Semoga mimin aman2 saja dan masalah segera teratasi ... dan semoga 12rb pelanggannya sehat selalu ","1199500760863522816","","","in","Jakarta","17","52","694","https://twitter.com/elisa_jkt/status/1199500760863522816","44556194","elisa_jkt"
"1199479778346070016","Wed Nov 27 00:07:19 +0000 2019","0","Manfaat menyontek : 1. otot mata sehat 2. kreatifitas meningkat 3. Meningkatkn sosial teman 4. Nilai bagus 5. Melatih kecepatan gerak","1199479778346070016","","","in","","0","0","0","https://twitter.com/asihpriyati1/status/1199479778346070016","2191779301","asihpriyati1"
"1199476693762596864","Tue Nov 26 23:55:03 +0000 2019","1","Selamat pagi guys. Gowes jelajah alam bersama para komunitas pecinta bersepeda dari berbagai daerah di Sulsel. Berbaur dalam kebersamaan keceriaan persaudaraan dan keakraban tanpa sekat status sosial dan agama. Semua menyatu dalam semangat menebarkan virus sehat dgn olahraga. https://t.co/1PIht41Q4B","1199476693762596864","https://pbs.twimg.com/ext_tw_video_thumb/1199476541891084293/pu/img/9gFTQfR83z8dprFK.jpg","","in","","0","0","0","https://twitter.com/Ilhamnu92877788/status/1199476693762596864","1199471848792027141","Ilhamnu92877788"
"1199351894797246466","Tue Nov 26 15:39:09 +0000 2019","0","Apakah anda tahu bahwa sehat dan bugar adalah 2 hal yang berbeda?⁣ ⁣ Menurut WHO sehat adalah kesehatan atau kesejahteraan secara menyeluruh baik fisik mental maupun sosial bukan hanya dari ketidak adaannya penyakit atau kelemahan.⁣ https://t.co/9OLjlU8IRe","1199351894797246466","https://pbs.twimg.com/media/EKT0LzcUcAAglEL.jpg","","in","Indonesia","0","1","0","https://twitter.com/MultigonID/status/1199351894797246466","1182653167764414472","MultigonID"
"1199253288320847873","Tue Nov 26 09:07:19 +0000 2019","0","Manfaat menyontek : 1. otot mata sehat 2. kreatifitas meningkat 3. Meningkatkn sosial teman 4. Nilai bagus 5. Melatih kecepatan gerak","1199253288320847873","","","in","","0","0","0","https://twitter.com/asihpriyati1/status/1199253288320847873","2191779301","asihpriyati1"
"1199190429402427394","Tue Nov 26 04:57:32 +0000 2019","0","Sukses Usaha Beras Organik Satriya Sisihkan Keuntungan Untuk Sosial: Blimbing MC Menciptakan beras sehat dan terbebas dari pestisida yang membahayakan kesehatan Satriya Nugraha SP mempunyai inovasi brilian dalam memproduksi beras. Dia mengandalkan https://t.co/Y4EbpDCrOR","1199190429402427394","","","in","","0","0","0","https://twitter.com/SindikatMLG/status/1199190429402427394","808024402788917248","SindikatMLG"
"1199154166188265472","Tue Nov 26 02:33:27 +0000 2019","4","Nyenengno lek suwe gak ketemu konco trs ngabari yopo kabare? Sehat? Keluarga ndk omah sehat?. Gak sing takon saiki kerjo ndek ndi? Koyok saingan status sosial ae.","1199154166188265472","","","in","","0","0","5","https://twitter.com/bidinosaurus/status/1199154166188265472","265983614","bidinosaurus"
"1199026788925444096","Mon Nov 25 18:07:17 +0000 2019","0","Manfaat menyontek : 1. otot mata sehat 2. kreatifitas meningkat 3. Meningkatkn sosial teman 4. Nilai bagus 5. Melatih kecepatan gerak","1199026788925444096","","","in","","0","0","0","https://twitter.com/asihpriyati1/status/1199026788925444096","2191779301","asihpriyati1"
"1198897297435721729","Mon Nov 25 09:32:44 +0000 2019","11","Pemkab Sumedang melalui Dinas Sosial P3A telah melaksanakan Verifikasi akhir Program Peningkatan Peranan Wanita menuju Keluarga Sehat Sejahtera (P2WKSS) Tingkat Provinsi Jawa Barat Tahun 2019 di Desa Pangadegan Kecamatan Rancakalong Kabupaten Sumedang. Senin (25/11/2019) . . https://t.co/TYVEu5lye4","1198897297435721729","https://pbs.twimg.com/media/EKNWtNiUYAEUfO1.jpg","","in","Sumedang Utara, Indonesia","0","0","0","https://twitter.com/humas_smd/status/1198897297435721729","1108283556441157633","humas_smd"
"1198872582524555265","Mon Nov 25 07:54:32 +0000 2019","0"," Kita semua diatur oleh sistem sosial dan hukum tertentu. Kita jika menghormati sosial kita dan mematuhi sistem dan hukum kita. Maka hanya kita yang bisa hidup dalam lingkungan sosial yang sehat. SNEHANSU GHOSHAL","1198872582524555265","","","in","","0","0","0","https://twitter.com/snehansu_bhb/status/1198872582524555265","736470388528447488","snehansu_bhb"
"1198820665870045189","Mon Nov 25 04:28:14 +0000 2019","11","Selamat Hari Guru! Semoga sehat dan bahagia selalu Bapak/Ibu guru yang mengajar dengan setulus hati. Tweet ini tentu tidak ditujukan untuk guru-guru instan media sosial yang merasa dirinya paling tahu dan menganggap semua orang adalah murid yang tidak tahu apa-apa.","1198820665870045189","","","in","Indonesia","1","0","2","https://twitter.com/diondexon/status/1198820665870045189","103191356","diondexon"
"1198800305858572288","Mon Nov 25 03:07:20 +0000 2019","0","Manfaat menyontek : 1. otot mata sehat 2. kreatifitas meningkat 3. Meningkatkn sosial teman 4. Nilai bagus 5. Melatih kecepatan gerak","1198800305858572288","","","in","","0","0","0","https://twitter.com/asihpriyati1/status/1198800305858572288","2191779301","asihpriyati1"
"1198590716231868419","Sun Nov 24 13:14:30 +0000 2019","0","Kalian tau ga kelebihan anak IPS? Anak IPS itu lebih mengerti soal kehidupan sosial dibanding ngurusin rumus yg melelahkan mereka tau pola berpikir yg luas benar dan sehat gimana karena mereka anak sosial. Aku kagum sama mereka yg jurusan IPS - dr aku yg cape jadi anak IPA.","1198590716231868419","","","in","","0","0","0","https://twitter.com/lilyviscountess/status/1198590716231868419","1048049721476964352","lilyviscountess"
"1198573809579614210","Sun Nov 24 12:07:19 +0000 2019","0","Manfaat menyontek : 1. otot mata sehat 2. kreatifitas meningkat 3. Meningkatkn sosial teman 4. Nilai bagus 5. Melatih kecepatan gerak","1198573809579614210","","","in","","0","0","0","https://twitter.com/asihpriyati1/status/1198573809579614210","2191779301","asihpriyati1"
"1198536192662237186","Sun Nov 24 09:37:50 +0000 2019","2","Jalan Sehat dalam rangka HDI di Car Free Day Kota Surakarta . SURAKARTA MINGGU (24/11/2019) -- Balai Besar Rehabilitasi Sosial Penyandang Disabilitas Fisik (BBRSPDF) Prof. Dr. Soeharso Surakarta bekerjasama https://t.co/DZNnU9UdbW","1198536192662237186","","","in","Kementerian Sosial","0","1","0","https://twitter.com/DITJEN_REHSOS/status/1198536192662237186","1156565611","DITJEN_REHSOS"
"1198529577082970118","Sun Nov 24 09:11:33 +0000 2019","7","Socrates tidak menyalahkan. Ia hanya menambah bahwa di samping norma berdasar sosial masyarakat ada hal yang disebutnya sebagai norma abadi . Kita pasti bisa memahaminya jika mencarinya dengan akal sehat. Karena akal sehat itu hidup di dalam jiwa. Dan jiwa itu abadi bukan!?","1198529577082970118","","","in","","0","0","0","https://twitter.com/FadhilAisma/status/1198529577082970118","1152879751897313280","FadhilAisma"
"1198519836885835776","Sun Nov 24 08:32:51 +0000 2019","0","Apa yang dicari setelah sehat? Tentu kebahagiaan dan sahabat. Semua itu juga terjawab dengan bersepeda bersama. Semoga kekeluargaan pesepeda ini memberi manfaat sosial lebih luas. #federaljombang #fedjombers https://t.co/iS4VkNr8Sf","1198519836885835776","","","in","Jombang, Indonesia","0","0","0","https://twitter.com/jombersbike/status/1198519836885835776","921689269185363969","jombersbike"
"1198511937371418626","Sun Nov 24 08:01:27 +0000 2019","0","https://t.co/qvf0xaogf7 Membangun Sehat Sosial Lewat Gowes Nusantara Tour de Menoreh Kulon Progo 2019 https://t.co/3v6UhKFUF1 #DokterBola #JumatBerkah","1198511937371418626","","","in","Jakarta Capital Region","0","0","0","https://twitter.com/dokterbola_ID/status/1198511937371418626","1057550295889145857","dokterbola_ID"
"1198468306816004100","Sun Nov 24 05:08:05 +0000 2019","102","Media sosial membantu orang2 seperti gw yang bertahan di 4 sudut -kampus rumah sakit lab perpus- menara gading untuk speak-up &amp; menjangkau warga. Terima kasih teman2 netijen yang udah bantu sundul pesan2 kesehatan dan pesan2 akal sehat dari kami kemana-mana. Jazakallah ‍️‍","1198468306816004100","","","in","Menteng, Indonesia","0","6","22","https://twitter.com/dr_koko28/status/1198468306816004100","1052703629528854530","dr_koko28"
"1198448988678217728","Sun Nov 24 03:51:19 +0000 2019","0","Klik https://t.co/acDpAhDL3B Berita Terkini OLE777 Indonesia Membangun Sehat Sosial Lewat Gowes Nusantara Tour de Menoreh Kulon Progo 2019 https://t.co/ynwM2IuL9k https://t.co/M2HwTpE5wc","1198448988678217728","https://pbs.twimg.com/media/EKG_ARaWoAIOJr6.png","","in","Makati City","0","0","0","https://twitter.com/WeBetIndonesia/status/1198448988678217728","1133915760449900547","WeBetIndonesia"
"1198447656021843974","Sun Nov 24 03:46:01 +0000 2019","2","Membangun Sehat Sosial Lewat Gowes Nusantara Tour de Menoreh Kulon Progo 2019 https://t.co/i3oMfbizW2","1198447656021843974","","","in","Jakarta, Indonesia","0","0","0","https://twitter.com/KompasBola/status/1198447656021843974","73674042","KompasBola"
"1198446665956388865","Sun Nov 24 03:42:05 +0000 2019","3","Deputi Bidang Pembudayaan Olahraga Kemenpora RI menyatakan ada banyak manfaat dari Gowes Nusantara salah satunya adalah membangun sehat sosial. https://t.co/IbRzNGdrGo","1198446665956388865","","","in","Jakarta","0","0","1","https://twitter.com/kompascom/status/1198446665956388865","23343960","kompascom"
"1198431867441045505","Sun Nov 24 02:43:17 +0000 2019","0","Jalan Sehat Yahuuud.. (Minggu 24/11/2019) Salam MMB pemko.medan @humas_pemko . . Ayo follow subscribe like share dan update informasi tentang Kecamatan Medan Marelan melalui akun media sosial kami FB : https://t.co/RlobJT9oIK","1198431867441045505","","","in","","0","0","0","https://twitter.com/marelan2019/status/1198431867441045505","1181434205932122113","marelan2019"
"1198347316035371008","Sat Nov 23 21:07:19 +0000 2019","0","Manfaat menyontek : 1. otot mata sehat 2. kreatifitas meningkat 3. Meningkatkn sosial teman 4. Nilai bagus 5. Melatih kecepatan gerak","1198347316035371008","","","in","","0","0","0","https://twitter.com/asihpriyati1/status/1198347316035371008","2191779301","asihpriyati1"
"1198120824198160384","Sat Nov 23 06:07:19 +0000 2019","0","Manfaat menyontek : 1. otot mata sehat 2. kreatifitas meningkat 3. Meningkatkn sosial teman 4. Nilai bagus 5. Melatih kecepatan gerak","1198120824198160384","","","in","","0","0","0","https://twitter.com/asihpriyati1/status/1198120824198160384","2191779301","asihpriyati1"
"1198098788256288768","Sat Nov 23 04:39:45 +0000 2019","0","[Bakti Sosial Aku Cinta Gigi Sehat] Kesehatan gigi masyarakat Indonesia masih perlu mendapat perhatian. Data Riskesdas (riset kesehatan dasar) tahun 2007 sekitar 72 persen penduduk Indonesia mempunyai pengalaman https://t.co/m9y4pHQm2w","1198098788256288768","","","in","","0","0","0","https://twitter.com/fkgunimus/status/1198098788256288768","1035368054291451905","fkgunimus"
"1197894332331618304","Fri Nov 22 15:07:19 +0000 2019","0","Manfaat menyontek : 1. otot mata sehat 2. kreatifitas meningkat 3. Meningkatkn sosial teman 4. Nilai bagus 5. Melatih kecepatan gerak","1197894332331618304","","","in","","0","0","0","https://twitter.com/asihpriyati1/status/1197894332331618304","2191779301","asihpriyati1"
"1197864098148438016","Fri Nov 22 13:07:10 +0000 2019","0","Mau kaya punya uang banyak Mau punya banyak aset Mau punya tubuh sehat Mau punya muka cantik/ganteng Mau punya status sosial yang tinggi Mau punya keturunan yang baik Giliran denger adzan cuek dan males malesan. Coba kurang nggak tau diri apa kita sebagai manusia ??","1197864098148438016","","","in","Bantarkawung, Indonesia","0","0","0","https://twitter.com/fahmi76522606/status/1197864098148438016","1070719280709165056","fahmi76522606"
"1197710824929808384","Fri Nov 22 02:58:07 +0000 2019","0","Media sosial membuat masyarakat lebih mudah berperan aktif dalam pengawasan pemerintahan. Akan tetapi kebanyakan partisipasi yang terjadi adalah partisipasi yang tidak sehat. Lebih banyak mencaci nyinyir dan menyalahkan.","1197710824929808384","","","in","","0","0","0","https://twitter.com/Ticstoc/status/1197710824929808384","1176308898468376577","Ticstoc"
"1197667839487819776","Fri Nov 22 00:07:19 +0000 2019","0","Manfaat menyontek : 1. otot mata sehat 2. kreatifitas meningkat 3. Meningkatkn sosial teman 4. Nilai bagus 5. Melatih kecepatan gerak","1197667839487819776","","","in","","0","0","0","https://twitter.com/asihpriyati1/status/1197667839487819776","2191779301","asihpriyati1"
"1197639510999195648","Thu Nov 21 22:14:45 +0000 2019","0","Minggu Sehat Jiwa dan Raga ala BRSAMPK Alyatama Jambi . JAMBI MINGGU (17/11/2019) Sebanyak 15 orang Pemerlu Pelayanan Kesejahteraan Sosial (PPKS) Balai Rehabilitasi Sosial Anak Memerlukan Perlindungan Khusus https://t.co/oVniJvk656","1197639510999195648","","","in","Kementerian Sosial","0","0","0","https://twitter.com/DITJEN_REHSOS/status/1197639510999195648","1156565611","DITJEN_REHSOS"
"1197589894383599616","Thu Nov 21 18:57:35 +0000 2019","1","Setuju Prof Azyumardi Azra Akal itu membuat PEKA &amp; CERDAS (diri &amp; sosial) BUKAN anut grubyug apalagi taqlid buta !!! Sehat selalu &amp; matur nuwun Prof ","1197589894383599616","","","in","","1","0","0","https://twitter.com/adamaguss/status/1197589894383599616","99166939","adamaguss"
"1197441348393033728","Thu Nov 21 09:07:19 +0000 2019","0","Manfaat menyontek : 1. otot mata sehat 2. kreatifitas meningkat 3. Meningkatkn sosial teman 4. Nilai bagus 5. Melatih kecepatan gerak","1197441348393033728","","","in","","0","0","0","https://twitter.com/asihpriyati1/status/1197441348393033728","2191779301","asihpriyati1"
"1197436574931140609","Thu Nov 21 08:48:21 +0000 2019","0","SDM Berkualitas Lahir dari Ibu Sehat Fisik Mental dan Sosial #TauCepatTanpaBatas #KejarMimpiOkezone #KejarMimpi https://t.co/3N2FUzEoFC","1197436574931140609","","","in","Jakarta","0","0","0","https://twitter.com/okezonenews/status/1197436574931140609","47274731","okezonenews"
"1197395465874092032","Thu Nov 21 06:05:00 +0000 2019","0","#GoodEvent 62 Tahun Hari Perkebunan diadakan rangkaian kegiatan: Bhakti Sosial Pameran Bazaar Gala Dinner Senam Bersama &amp; Jalan Sehat | Talkshow &amp; Pemberian Penghargaan | 10-12 Des '19 | Kampus Polbangtan Jl. DR. Cipto 144a Lawang | info: https://t.co/H6HFFbQzMu https://t.co/dGaJbWWaUE","1197395465874092032","https://pbs.twimg.com/media/EIwfQuyUcAAkG3b.jpg","","in","Malang","0","0","0","https://twitter.com/good_mlg/status/1197395465874092032","1158614519217700865","good_mlg"
"1197214850465726464","Wed Nov 20 18:07:18 +0000 2019","0","Manfaat menyontek : 1. otot mata sehat 2. kreatifitas meningkat 3. Meningkatkn sosial teman 4. Nilai bagus 5. Melatih kecepatan gerak","1197214850465726464","","","in","","0","0","0","https://twitter.com/asihpriyati1/status/1197214850465726464","2191779301","asihpriyati1"
"1196999626974363650","Wed Nov 20 03:52:04 +0000 2019","2","Taukah kamu menjaga kesehatan organ reproduksi itu penting lho. Kesehatan organ reproduksi yaitu keadaan sehat secara fisik mental &amp; sosial secara utuh tdk semata-mata bebas dari penyakit atau kecacatan yg berkaitan dgn sistem fungsi dan proses reproduksi. via @KemenkesRI https://t.co/UuPbKhZm3H","1196999626974363650","https://pbs.twimg.com/media/EJyYz-DU4AAmtX4.jpg","","in","","0","1","1","https://twitter.com/RadioElshinta/status/1196999626974363650","121640063","RadioElshinta"
"1196988367684198400","Wed Nov 20 03:07:20 +0000 2019","0","Manfaat menyontek : 1. otot mata sehat 2. kreatifitas meningkat 3. Meningkatkn sosial teman 4. Nilai bagus 5. Melatih kecepatan gerak","1196988367684198400","","","in","","0","0","0","https://twitter.com/asihpriyati1/status/1196988367684198400","2191779301","asihpriyati1"
"1196980935276630016","Wed Nov 20 02:37:48 +0000 2019","59","#Healthies! Taukah kamu menjaga kesehatan organ reproduksi itu penting lho. Kesehatan organ reproduksi yaitu keadaan sehat secara fisik mental &amp; sosial secara utuh tidak semata-mata bebas dari penyakit atau kecacatan yang berkaitan dengan sistem fungsi dan proses reproduksi. https://t.co/WMIiCcSiYZ","1196980935276630016","https://pbs.twimg.com/media/EJyH0EhUcAAgnID.jpg","","in","Jakarta, Indonesia","1","1","31","https://twitter.com/KemenkesRI/status/1196980935276630016","161236190","KemenkesRI"
"1196962377410891776","Wed Nov 20 01:24:03 +0000 2019","0","perlindungan konsumen ayoo menjadi konsumen cerdas #sehatfisik #sehatekonomi #sehatsosial https://t.co/iixGGHgan4","1196962377410891776","https://pbs.twimg.com/media/EJx27SWUEAAfFCk.jpg","","in","Surabaya","0","0","0","https://twitter.com/AyuRaiDosen/status/1196962377410891776","250029773","AyuRaiDosen"
"1196962047591735297","Wed Nov 20 01:22:45 +0000 2019","0","perlindungan konsumen ayoo menjadi konsumen cerdas #sehatfisik #sehatekonomi #sehatsosial https://t.co/xRaiWH5fNH","1196962047591735297","https://pbs.twimg.com/media/EJx2oWKVAAAp9wa.jpg","","in","Surabaya","0","0","0","https://twitter.com/AyuRaiDosen/status/1196962047591735297","250029773","AyuRaiDosen"
"1196952536781131776","Wed Nov 20 00:44:57 +0000 2019","0","Apakah Kamu sudah sehat sepenuhnya? Sehat mencakup tiga aspek utama yakni fisik sosial dan jiwa. Seseorang akan dikatakan sehat jika dia sehat fisik sehat sosial dan sehat jiwa. Sehat Fisik artinya https://t.co/SYv4ve2ise","1196952536781131776","","","in","","0","0","0","https://twitter.com/lukytianzz/status/1196952536781131776","245755230","lukytianzz"
"1196875106477170688","Tue Nov 19 19:37:16 +0000 2019","0","Manfaat menyontek : 1. otot mata sehat 2. kreatifitas meningkat 3. Meningkatkn sosial teman 4. Nilai bagus 5. Melatih kecepatan gerak","1196875106477170688","","","in","","0","0","0","https://twitter.com/asihpriyati1/status/1196875106477170688","2191779301","asihpriyati1"
"1196809981347151872","Tue Nov 19 15:18:29 +0000 2019","0","Kepala Dinas Sosial beserta Staf mengucapkan Selamat Kepada Bupati Musi Rawas h.hendra_gunawan Mendapat Penghargaan Swasti Saba Padapa Atas Keberhasilan Dalam Menyelanggarakan Kabupaten Sehat Tahun 2019 Untuk https://t.co/iEMHsklIxU","1196809981347151872","","","in","Musi Rawas, Sumatera Selatan","0","0","0","https://twitter.com/Dinsosmura/status/1196809981347151872","1097744393736351744","Dinsosmura"
"1196792766279217152","Tue Nov 19 14:10:05 +0000 2019","0","Mendagri: Daerah yang Tak Sehat Bakal Kena Sanksi Sosial https://t.co/axoadgfB6v","1196792766279217152","","","in","Jakarta, Indonesia","0","0","0","https://twitter.com/GATRA_com/status/1196792766279217152","202559038","GATRA_com"
"1196696554976903169","Tue Nov 19 07:47:46 +0000 2019","0","Wali Kota Solo FX Hadi Rudyatmo meminta Badan Penyelenggara Jaminan Sosial (BPJS) memutihkan tunggakan iuran peserta mandiri Jaminan Kesehatan Nasional-Kartu Indonesia Sehat (JKN-KIS) yang migrasi menjadi penerima bantuan iuran (PBI). #PDIPerjuangan https://t.co/Xbb9wqFpvD","1196696554976903169","https://pbs.twimg.com/media/EJuFK3rU4AE8vHk.jpg","","in","Jakarta, Indonesia","0","0","1","https://twitter.com/GesuriID/status/1196696554976903169","584835300","GesuriID"
"1196671327697948673","Tue Nov 19 06:07:32 +0000 2019","10","Hal itu dimaksudkan agar kabupaten/kota yang tidak sehat mendapatkan sanksi moral dan sanksi sosial. https://t.co/J1khVFceTs","1196671327697948673","","","in","Jakarta - Indonesia","0","0","3","https://twitter.com/mediaindonesia/status/1196671327697948673","68930552","mediaindonesia"
"1196648613637607424","Tue Nov 19 04:37:16 +0000 2019","0","Manfaat menyontek : 1. otot mata sehat 2. kreatifitas meningkat 3. Meningkatkn sosial teman 4. Nilai bagus 5. Melatih kecepatan gerak","1196648613637607424","","","in","","0","0","0","https://twitter.com/asihpriyati1/status/1196648613637607424","2191779301","asihpriyati1"
"1196609035337785350","Tue Nov 19 02:00:00 +0000 2019","0","Jenis diet Jurus Sehat Rasulullah (JSR) kini populer dilakukan oleh kalangan pengguna media sosial. Diet ini sangat simpel dan murah. https://t.co/aEljGqXPdJ","1196609035337785350","","","in","Indonesia","1","0","0","https://twitter.com/KurioID/status/1196609035337785350","1619528629","KurioID"
"1196431008259661824","Mon Nov 18 14:12:35 +0000 2019","0","Kejahatan semakin aneh-aneh saja. Pertanda ada yang tidak sehat dalam sistem sosial masyarakat kita.","1196431008259661824","","","in","","0","0","0","https://twitter.com/Chris_Felixz/status/1196431008259661824","228633934","Chris_Felixz"
"1196422407474601989","Mon Nov 18 13:38:25 +0000 2019","198","[Video] Instagram menghilangkan jumlah 'likes' di unggahan mereka. Sebagian pengguna menyatakan akan memboikot Instagram dan sebagian lainnya justru mendukung karena bisa membuat Instagram jadi platform media sosial yang 'lebih sehat' untuk mental. Kalau menurut kamu? https://t.co/UEYSquPRTY","1196422407474601989","https://pbs.twimg.com/amplify_video_thumb/1196387727006146561/img/7b5I5tPHt-LqWnXG.jpg","","in","London - Jakarta","18","21","79","https://twitter.com/BBCIndonesia/status/1196422407474601989","23772644","BBCIndonesia"
"1196422122807025664","Mon Nov 18 13:37:17 +0000 2019","0","Manfaat menyontek : 1. otot mata sehat 2. kreatifitas meningkat 3. Meningkatkn sosial teman 4. Nilai bagus 5. Melatih kecepatan gerak","1196422122807025664","","","in","","0","0","0","https://twitter.com/asihpriyati1/status/1196422122807025664","2191779301","asihpriyati1"
"1196357647865278464","Mon Nov 18 09:21:05 +0000 2019","0","Jadikan Masyarakat Sehat Kabupaten Siak Hijau itu Kata ADM PT KTU Astra Group: SIAK - PT Kimia Tirta Utama (KTU) menggelar kegiatan bakti sosial dengan pemerintah kecamatan Koto Gasib dan masyarakat pada Senin (18/11/2019) pagi. Kegiatan itu https://t.co/u4a28uLYOB https://t.co/RbzuDfIjKG","1196357647865278464","https://pbs.twimg.com/media/EJpQ8MnU4AIxyQg.jpg","","in","Provinsi Riau, Indonesia","0","0","0","https://twitter.com/SpiritRiau_com/status/1196357647865278464","2166502579","SpiritRiau_com"
"1196231966393159680","Mon Nov 18 01:01:40 +0000 2019","0","Wujudkan Minggu Sehat PKK Makassar Gelar Bakti Sosial - https://t.co/OAnvEm2JwO https://t.co/zNKLWyHnTT","1196231966393159680","https://pbs.twimg.com/media/EJneohIUwAAGtDH.jpg","","in","","0","0","0","https://twitter.com/NewsLontara/status/1196231966393159680","1008751965440958465","NewsLontara"
"1196231954338742272","Mon Nov 18 01:01:37 +0000 2019","0","Wujudkan Minggu Sehat PKK Makassar Gelar Bakti Sosial - https://t.co/OAnvEm2JwO","1196231954338742272","","","in","","0","0","0","https://twitter.com/NewsLontara/status/1196231954338742272","1008751965440958465","NewsLontara"
"1196203828275630081","Sun Nov 17 23:09:51 +0000 2019","5","Bukannya tagar trending twitter selalu dikuasai politik ya? selalu saja tiap media sosial untuk hal kerusuhan politik mending kalo debat sehat. Bonsenin dan malesnya debat argumen sampai endingnya lapor laporan ke polisi. Kan bego gitu. Ap medsos cm untk kyk gni?","1196203828275630081","","","in","Kerajaan langit","0","0","0","https://twitter.com/ArhBekti/status/1196203828275630081","1181946363203817472","ArhBekti"
"1196195630974033920","Sun Nov 17 22:37:17 +0000 2019","0","Manfaat menyontek : 1. otot mata sehat 2. kreatifitas meningkat 3. Meningkatkn sosial teman 4. Nilai bagus 5. Melatih kecepatan gerak","1196195630974033920","","","in","","0","0","0","https://twitter.com/asihpriyati1/status/1196195630974033920","2191779301","asihpriyati1"
"1196069682672885762","Sun Nov 17 14:16:48 +0000 2019","3","Selamat malam selamat beristirahat kepada rekan sosial nyetatus kepalsuan! Semoga tetap sehat walafiat dan semoga status mu bermakna untuk masa depan.","1196069682672885762","","","in","Y o g y a k a r t a","0","0","0","https://twitter.com/_RuangBercerita/status/1196069682672885762","726407489151885313","_RuangBercerita"
"1196031211627401216","Sun Nov 17 11:43:56 +0000 2019","0","Minggu Sehat TP PKK Makassar dan TP PKK Sulsel Gelar Bakti Sosial - https://t.co/yXEmo9mbkX https://t.co/bs9zWB45sN","1196031211627401216","https://pbs.twimg.com/media/EJkoDEPUwAAMPuO.jpg","","in","Gowa, Sulawesi Selatan","0","0","0","https://twitter.com/gosulselcom/status/1196031211627401216","3300611360","gosulselcom"
"1195985356858019840","Sun Nov 17 08:41:44 +0000 2019","0","Minggu Sehat TP PKK Kota Makassar dan Provinsi Sulsel Bakti Sosial https://t.co/amAod3MAJ2","1195985356858019840","","","in","Jakarta, Indonesia","0","0","0","https://twitter.com/fajaronline/status/1195985356858019840","89877164","fajaronline"
"1195969139250098176","Sun Nov 17 07:37:17 +0000 2019","0","Manfaat menyontek : 1. otot mata sehat 2. kreatifitas meningkat 3. Meningkatkn sosial teman 4. Nilai bagus 5. Melatih kecepatan gerak","1195969139250098176","","","in","","0","0","0","https://twitter.com/asihpriyati1/status/1195969139250098176","2191779301","asihpriyati1"
"1195939306965274624","Sun Nov 17 05:38:44 +0000 2019","2","Minggu Sehat Jiwa dan Raga Di Alyatama JAMBI 17 NOVEMBER 2019 15 orang Pemerlu Pelayanan Kesejahteraan Sosial (PPKS) Balai Rehabilitasi Sosial Anak Memerlukan Perlindungan Khusus Alyatama di Jambi mengikuti https://t.co/y6EN0wvYBB","1195939306965274624","","","in","Jl. Sultan Hasanuddin No 3 Kelurahan Talang Bakung Jambi","0","0","0","https://twitter.com/alyatama_ampk/status/1195939306965274624","1100235562688995328","alyatama_ampk"
"1195845605727309826","Sat Nov 16 23:26:24 +0000 2019","0","GUBERNUR JABAR Coba kalo ini terjadi di DKI Jakarta bisa 40 hari 40 malam 'digoreng' media mainstream dan para buzzeRp di media sosial...!!! #HalloGubJabar #Sehat? https://t.co/pt2owEaTF1","1195845605727309826","","","in","Bumi  اَللّهُ ","0","0","0","https://twitter.com/SultanAliNatadi/status/1195845605727309826","511902828","SultanAliNatadi"
"1195742648268537856","Sat Nov 16 16:37:17 +0000 2019","0","Manfaat menyontek : 1. otot mata sehat 2. kreatifitas meningkat 3. Meningkatkn sosial teman 4. Nilai bagus 5. Melatih kecepatan gerak","1195742648268537856","","","in","","0","0","0","https://twitter.com/asihpriyati1/status/1195742648268537856","2191779301","asihpriyati1"
"1195702763927195648","Sat Nov 16 13:58:48 +0000 2019","0","[ BAKTI AGRARIA DAN GIAT PEDULI FMKI ] . Telah terlaksana salah satu kegiatan dari FMKI yaitu Bakti Agraria dan Giat Peduli FMKI pada tanggal 8 November 2019 di STPN Jogjakarta. . Rangkaian kegiatan ini dimulai dari jalan sehat yang dilanjutkan dengan kegiatan bakti sosial dan https://t.co/aZ5uWr9TpI","1195702763927195648","https://pbs.twimg.com/media/EJf9TcTVAAAy_81.jpg","","in","","0","1","0","https://twitter.com/fmkipusat/status/1195702763927195648","1092519096","fmkipusat"
"1195694940778459137","Sat Nov 16 13:27:43 +0000 2019","0","#Repost rs.grahasehat ・・・ Rumah Sakit Graha Sehat menggelar aksi sosial donor darah Donor darah adalah salah satu kegiatan yang bernilai kemanusiaan dan juga bisa dikatakan bermanfaat bagi kesehatan orang yang https://t.co/hqezkAqK5Z","1195694940778459137","","","in","Indonesia","0","0","0","https://twitter.com/bloodforothers/status/1195694940778459137","417588941","bloodforothers"
"1195516663329779714","Sat Nov 16 01:39:18 +0000 2019","4625","Apa itu moral grandstanding dan mengapa itu membuat media sosial menjadi tidak sehat? Sebuah utas. Moral grandstanding terjadi ketika kita secara publik menuding dan mempermalukan seseorang yang kita anggap melanggar moral (etika). 1/5","1195516663329779714","","","in","Jakarta","60","18","2283","https://twitter.com/sillysampi/status/1195516663329779714","89709462","sillysampi"
"1195516152962670592","Sat Nov 16 01:37:17 +0000 2019","0","Manfaat menyontek : 1. otot mata sehat 2. kreatifitas meningkat 3. Meningkatkn sosial teman 4. Nilai bagus 5. Melatih kecepatan gerak","1195516152962670592","","","in","","0","0","0","https://twitter.com/asihpriyati1/status/1195516152962670592","2191779301","asihpriyati1"
"1195377024728227841","Fri Nov 15 16:24:26 +0000 2019","0","Dinas Sosial (Dinsos) Surabaya tengah mencari setidaknya 1.000 rumah yang tidak layak huni. Mereka akan membedah rumah-rumah itu untuk diperbaiki sehingga menjadi rumah layak huni yang sehat. . Terutama pencahayaan https://t.co/f3lwHHShBK","1195377024728227841","","","in","Kota Surabaya, Jawa Timur","0","0","0","https://twitter.com/ini_surabaya/status/1195377024728227841","1130014430467506176","ini_surabaya"
"1195345141625606150","Fri Nov 15 14:17:44 +0000 2019","0","Menurut saya bimbingan pra nikah ini banyak manfaatnya mereka memberi pandangan ke kita bagaimana pernikahan itu dr aspek kesehatan sosial psikologi untuk setidaknya memberikan kesadaran tentang keluarga yg sehat dan samara dan mengantisipasi tingkat perceraian. Sy setuju sih","1195345141625606150","","","in","Yogyakarta","0","1","0","https://twitter.com/dwboga/status/1195345141625606150","303147227","dwboga"
"1195330527001284609","Fri Nov 15 13:19:40 +0000 2019","0","Kwarcabmu peringkat berapa? . Dukung terus gerakan bermedia sosial cerdas dan sehat. . Berikut ini peringkat Kwarcab se Jatim dengan follower terbanyak dalam kurun waktu sebulan terakhir. Diupdate tgl 15 setiap https://t.co/Si1K1fOPlx","1195330527001284609","","","in","Kota Surabaya, Jawa Timur","0","0","0","https://twitter.com/kwardajatim/status/1195330527001284609","798749024517910533","kwardajatim"
"1195306702280765441","Fri Nov 15 11:45:00 +0000 2019","153","Tahukah Anda kalau orang-orang yang terbiasa bersyukur cenderung lebih sehat bahagia dan memiliki hubungan sosial yang lebih baik.","1195306702280765441","","","in","indonesia","4","2","48","https://twitter.com/kreatorwow/status/1195306702280765441","147102069","kreatorwow"
"1195303653063774208","Fri Nov 15 11:32:53 +0000 2019","50","Menyampaikan kepada kolega kami di beberapa kementerian dan organisasi terkait mengenai pentingnya menyehatkan rakyat Indonesia mulai kanak-kanak remaja hingga dewasa. Sehat seluruh aspek. Biologis. Psikologis. Sosial. Spiritual. Bangunlah Jiwanya Bangunlah Badannya. ‍️🇲🇨‍️ https://t.co/PFs7wK1u7c","1195303653063774208","https://pbs.twimg.com/media/EJaSUoHUEAIAXMF.jpg","","in","Menteng, Indonesia","0","1","9","https://twitter.com/dr_koko28/status/1195303653063774208","1052703629528854530","dr_koko28"
"1195289663038087170","Fri Nov 15 10:37:17 +0000 2019","0","Manfaat menyontek : 1. otot mata sehat 2. kreatifitas meningkat 3. Meningkatkn sosial teman 4. Nilai bagus 5. Melatih kecepatan gerak","1195289663038087170","","","in","","0","0","0","https://twitter.com/asihpriyati1/status/1195289663038087170","2191779301","asihpriyati1"
"1195105066069311489","Thu Nov 14 22:23:46 +0000 2019","0",":: Tebar Energi Positif :: Faktor penyebab penyakit adalah karena timbulnya persoalan: - Spiritual 50% - Psikis 25% - Sosial 15% - Fisik 10% Jadi kalau kita ingin selalu sehat perbaiki diri... https://t.co/98fAy1iIRJ","1195105066069311489","","","in","batam","0","0","0","https://twitter.com/agnesdhamayanti/status/1195105066069311489","132782364","agnesdhamayanti"
"1195063168436854784","Thu Nov 14 19:37:17 +0000 2019","0","Manfaat menyontek : 1. otot mata sehat 2. kreatifitas meningkat 3. Meningkatkn sosial teman 4. Nilai bagus 5. Melatih kecepatan gerak","1195063168436854784","","","in","","0","0","0","https://twitter.com/asihpriyati1/status/1195063168436854784","2191779301","asihpriyati1"
"1195040156891242497","Thu Nov 14 18:05:50 +0000 2019","0","'lakuin aja yang bikin mental &amp; pikiran lo sehat' Buat diri kalian nyaman bersosial media di sini ya. Beberapa orang lari ke sosial media juga buat refreshing dari penatnya real life. Jangan bikin pusing ","1195040156891242497","","","in","carat only.","0","0","0","https://twitter.com/joshuacoustiv/status/1195040156891242497","1030319156288053248","joshuacoustiv"
"1194963602504945664","Thu Nov 14 13:01:38 +0000 2019","4","Sehat itu ketika fisik psikis sosial dan ekonominya sehat. Yayayayya sehat","1194963602504945664","","","in","","0","0","0","https://twitter.com/vida_ns/status/1194963602504945664","1156920940753641472","vida_ns"
"1194843399679025152","Thu Nov 14 05:04:00 +0000 2019","0","#GoodEvent 62 Tahun Hari Perkebunan diadakan rangkaian kegiatan: Bhakti Sosial Pameran Bazaar Gala Dinner Senam Bersama &amp; Jalan Sehat | Talkshow &amp; Pemberian Penghargaan | 10-12 Des '19 | Kampus Polbangtan Jl. DR. Cipto 144a Lawang | info: https://t.co/H6HFFbQzMu https://t.co/ctCwAAAoPH","1194843399679025152","https://pbs.twimg.com/media/EIwfJXEUwAAAwdD.jpg","","in","Malang","0","0","0","https://twitter.com/good_mlg/status/1194843399679025152","1158614519217700865","good_mlg"
"1194836675467210753","Thu Nov 14 04:37:17 +0000 2019","0","Manfaat menyontek : 1. otot mata sehat 2. kreatifitas meningkat 3. Meningkatkn sosial teman 4. Nilai bagus 5. Melatih kecepatan gerak","1194836675467210753","","","in","","0","0","0","https://twitter.com/asihpriyati1/status/1194836675467210753","2191779301","asihpriyati1"
"1194652642179305472","Wed Nov 13 16:26:00 +0000 2019","0","Manfaat Media Sosial Kini bukan sekedar tempat berbagi moment kebersamaan. Tapi seketika mengingatkan dan mengenang moment kebersamaan saat setiap umat manusia sedang sehat dan mungkin https://t.co/gwFVZyvyWW","1194652642179305472","","","in","Bekasi Timur, Indonesia","0","0","0","https://twitter.com/Farid_XO/status/1194652642179305472","926761502","Farid_XO"
"1194610185962061824","Wed Nov 13 13:37:17 +0000 2019","0","Manfaat menyontek : 1. otot mata sehat 2. kreatifitas meningkat 3. Meningkatkn sosial teman 4. Nilai bagus 5. Melatih kecepatan gerak","1194610185962061824","","","in","","0","0","0","https://twitter.com/asihpriyati1/status/1194610185962061824","2191779301","asihpriyati1"
"1194483301542580230","Wed Nov 13 05:13:06 +0000 2019","0","Diseluruh dunia para teroris adalah mahluk yang sudah kehilangan akal sehat dan hati nuraninya sehingga mereka menjadi budak iblis untuk membunuh merusak harmoni sosial dan peradaban manusia. Mereka mati sia-sia dan sengsara dialam maut dilahap api yang tak pernah padam.","1194483301542580230","","","in","","0","0","0","https://twitter.com/Ferrynine/status/1194483301542580230","1120283194761179136","Ferrynine"
"1194404738952912896","Wed Nov 13 00:00:55 +0000 2019","0","Akhir akhir ini banyak manusia yg tidak menghargai saya entah perasaan saja atau memang nyata sudah muak bgt sampe harus menyatakan di sosial media. Sehat selalu untuk kita semua.","1194404738952912896","","","in","Kalimantan Timur, Indonesia","0","1","0","https://twitter.com/Sapinosaurus/status/1194404738952912896","1202293754","Sapinosaurus"
"1194383691880919040","Tue Nov 12 22:37:17 +0000 2019","0","Manfaat menyontek : 1. otot mata sehat 2. kreatifitas meningkat 3. Meningkatkn sosial teman 4. Nilai bagus 5. Melatih kecepatan gerak","1194383691880919040","","","in","","0","0","0","https://twitter.com/asihpriyati1/status/1194383691880919040","2191779301","asihpriyati1"
"1194293418140327937","Tue Nov 12 16:38:34 +0000 2019","0","Assallamuallaikum.. Hallo apa kabar semuanya? Semoga selalu sehat terus yah Kami dari BEM FKIK Kemaren pada saat memperingati Hari Kesehatan Nasional yang ke-55 melaksanakan kegiatan Bakti Sosial pada hari https://t.co/obI4G1PUf3","1194293418140327937","","","in","Banjarmasin","0","0","0","https://twitter.com/fkikumbjm/status/1194293418140327937","1194097016684466177","fkikumbjm"
"1194248356593225728","Tue Nov 12 13:39:30 +0000 2019","0","17th DIES NATALIS STIKES Sebelas April Sumedang. Mempersembahkan_______________________________________ ◆ Jalan Sehat Terbuka untuk umum ◆ Khitanan Massal Peserta 50 orang anak ◆ Bakti Sosial Santuan kaum duafa ◆ https://t.co/YnrwzIw2DZ","1194248356593225728","","","in","Sumedang, West Java","0","0","0","https://twitter.com/inimahsumedang/status/1194248356593225728","2506963070","inimahsumedang"
"1194181118011965445","Tue Nov 12 09:12:20 +0000 2019","1","Bid'ah-ku hy kupakai utk yg mahdhah sj (shalat puasa...). Bid'ah-ku kubuang jauh2 dikala ber-ghairu mahdah (muamalah sosial budaya...). Smg ttp cerdas cantik dan sehat selalu @adeirra ","1194181118011965445","","","in","Buitenzorg 🇮🇩 Indonesia ","0","0","0","https://twitter.com/rd_syach/status/1194181118011965445","4646279294","rd_syach"
"1194171677275492352","Tue Nov 12 08:34:49 +0000 2019","1","Selamat Hari Kesehatan Nasional ke-55 . Mari mulai dengan hidup sehat. . #RSUI #WeProvideOutstandingCare #salamsehat . . ================== . * Media Sosial RSUI Instagram : @rumahsakit_ui Twitter : https://t.co/M6UXodkON4","1194171677275492352","","","in","Beji, Indonesia","0","0","0","https://twitter.com/rumahsakit_ui/status/1194171677275492352","933600852702519296","rumahsakit_ui"
"1194157199854977024","Tue Nov 12 07:37:17 +0000 2019","0","Manfaat menyontek : 1. otot mata sehat 2. kreatifitas meningkat 3. Meningkatkn sosial teman 4. Nilai bagus 5. Melatih kecepatan gerak","1194157199854977024","","","in","","0","0","0","https://twitter.com/asihpriyati1/status/1194157199854977024","2191779301","asihpriyati1"
"1194091943032168448","Tue Nov 12 03:17:59 +0000 2019","0"," Dinas Sosial Sanggau memberi perhitungan sekira Rp125 ribu tapi dari jumlah itu kan ada Rp97 ribu dari Kartu Indonesia Sehat (KIS) kemudian Rp21 ribu kerjasama dengan Pemprov Kalbar sesuai porsi karena pemprov 30 persen kita 70 persen https://t.co/AXlO0dgw52 https://t.co/1WkhbSJKkK","1194091943032168448","https://pbs.twimg.com/media/EJJES1ZWsAYF2U9.jpg","","in","Pontianak, Kalimantan Barat","0","0","0","https://twitter.com/pontianakpost1/status/1194091943032168448","4619136320","pontianakpost1"
"1194088205672427521","Tue Nov 12 03:03:07 +0000 2019","0","Kesehatan adalah keadaan sehat baik secara fisik mental spritual maupun sosial yang memungkinkan setiap orang untuk hidup produktif secara sosial dan ekonomis (https://t.co/Y1szDqcEti.36 Tahun 2009 tentang Kesehatan) Semoga https://t.co/eQBgFa2sie","1194088205672427521","","","in","Bandung, Indonesia","0","0","0","https://twitter.com/Nico_We_eN/status/1194088205672427521","789023214","Nico_We_eN"
"1194054478502060032","Tue Nov 12 00:49:06 +0000 2019","53","Demi sehatnya rakyat Indonesia kita perlu memakai kombinasi 4+1. Biologis. Psikologis. Sosiologis. Spiritual. Plus Big Data. 1. Pola makan sehat &amp; gaya hidup aktif. 2. Tumbuhkan kebahagiaan kolektif. 3. Jalin kesetiakawanan sosial. 4. Kokohkan intuisi &amp; institusi Agama. ‍️‍‍","1194054478502060032","","","in","Menteng, Indonesia","1","0","11","https://twitter.com/dr_koko28/status/1194054478502060032","1052703629528854530","dr_koko28"
"1193930704540725249","Mon Nov 11 16:37:16 +0000 2019","0","Manfaat menyontek : 1. otot mata sehat 2. kreatifitas meningkat 3. Meningkatkn sosial teman 4. Nilai bagus 5. Melatih kecepatan gerak","1193930704540725249","","","in","","0","0","0","https://twitter.com/asihpriyati1/status/1193930704540725249","2191779301","asihpriyati1"
"1193919614155018241","Mon Nov 11 15:53:12 +0000 2019","13","Selamat Malam 4 Sekawan yg selalu bersama sama kompak canda tawa bakti sosial dll ...Te Way te Fay te Va I love you Semoga kalian selalu ceria semangat dan sehat Salam Akal Sehat dan Rindu https://t.co/AsoEHFLrje","1193919614155018241","https://pbs.twimg.com/media/EJGnd1fUYAAj9iI.jpg","","in","","0","1","0","https://twitter.com/ucikohari19/status/1193919614155018241","1133768843728510976","ucikohari19"
"1193823201526263809","Mon Nov 11 09:30:06 +0000 2019","0","#Repost wonosobosehat Halo sobat sehat! Memperingati Hari Kesehatan Nasional (HKN) 2019. Yuk sukseskan kampanye sehat versi kamu dengan cara: 1. Posting twibbon wonosobosehat ini pada semua sosial https://t.co/kDeCpQc9Qd","1193823201526263809","","","in","Wonosobo, Indonesia","0","0","0","https://twitter.com/wonosobocreativ/status/1193823201526263809","827039354916741120","wonosobocreativ"
"1193813411324317696","Mon Nov 11 08:51:11 +0000 2019","3","Aku yang mencoba menyeimbangkan kerja gym hobby pendidikan berkesenian keluarga menabung makan makanan sehat tidur 8 jam perhari dan tetap punya relasi sosial yg baik: ambyar!!! https://t.co/S0PVa2ac95","1193813411324317696","https://pbs.twimg.com/ext_tw_video_thumb/1134074127688617985/pu/img/KeXACqtc_S1GyE_X.jpg","","in","doa kamu","0","0","2","https://twitter.com/aswanikumba/status/1193813411324317696","242523229","aswanikumba"
"1193807539944603648","Mon Nov 11 08:27:52 +0000 2019","22","Bakti sosial teman2 @S1H_Slemania @korwiltimur_ dalam bentuk drop air bersih untuk daerah yang kekeringan... Sehat selalu teman2 #slemanona #slemania #pssleman #shopeeliga1 #berbagi #baksos https://t.co/1EKA2vw6yl","1193807539944603648","https://pbs.twimg.com/ext_tw_video_thumb/1193807202613489666/pu/img/lohQhEhMxBnJNzi_.jpg","","in","Sleman","0","1","5","https://twitter.com/slemanona2003/status/1193807539944603648","3232499755","slemanona2003"
"1193704214939107328","Mon Nov 11 01:37:17 +0000 2019","0","Manfaat menyontek : 1. otot mata sehat 2. kreatifitas meningkat 3. Meningkatkn sosial teman 4. Nilai bagus 5. Melatih kecepatan gerak","1193704214939107328","","","in","","0","0","0","https://twitter.com/asihpriyati1/status/1193704214939107328","2191779301","asihpriyati1"
"1193581264114110464","Sun Nov 10 17:28:43 +0000 2019","0","Pernyataan Sikap/Siaran Pers: Serikat Rakyat Miskin Indonesia SEHAT ITU HAK MURAH &amp; UNIVERSAL Kesehatan Warga Negara Kewajiban Negara Untuk urusan Jaminan Sosial tak usah jauh-jauh mengadopsi konsep dari... https://t.co/3forKRigbs","1193581264114110464","","","in","","0","0","0","https://twitter.com/herry_sosialis/status/1193581264114110464","495372496","herry_sosialis"
"1193477723689123840","Sun Nov 10 10:37:17 +0000 2019","0","Manfaat menyontek : 1. otot mata sehat 2. kreatifitas meningkat 3. Meningkatkn sosial teman 4. Nilai bagus 5. Melatih kecepatan gerak","1193477723689123840","","","in","","0","0","0","https://twitter.com/asihpriyati1/status/1193477723689123840","2191779301","asihpriyati1"
"1193422714045784066","Sun Nov 10 06:58:42 +0000 2019","0","Happy Birthday Ke'54 Tahun Kang @maman1965 10 Nopember 1965 10 Nopember 2019 Sehat Selalu Yach Kang @maman1965 Dalam Memberikan Insfirasi Lewat Media Sosial Semoga Insfirasinya Dapat Bermanfaat Bagi Semua Kalangan @RockersPantura #HariPahlawan2019 https://t.co/xoWkIwthN9","1193422714045784066","https://pbs.twimg.com/media/EI_jogeVAAAboP3.jpg","","in","BOGOR, REPUBLIK Of INDONESIA","0","0","0","https://twitter.com/Bp_HasbiJunaedi/status/1193422714045784066","1183342852232712192","Bp_HasbiJunaedi"
"1193349354829930496","Sun Nov 10 02:07:12 +0000 2019","2","Prioritas Nasional ..Apa kabar Rumah Desa Sehat... Pelayanan Sosial Dasar di Desa #JokowiMembangunDesa @Jokowi @EkoSandjojo @anwsanusi @taufikmadjid71 @fachrilabalado @P3MDKalteng @P3mdBaritoUtara @PaulinaTulus https://t.co/foB8GUq2Z0","1193349354829930496","https://pbs.twimg.com/media/EI-g36-U4AoVEuX.jpg","","in","Kalimantan Tengah, Indonesia","0","1","2","https://twitter.com/ChairolYoi/status/1193349354829930496","865926217798569984","ChairolYoi"
"1193329703995592704","Sun Nov 10 00:49:07 +0000 2019","0","Sedang viralnya dikalangan pecinta kereta api MASINIS JAJAN DIWARUNG sebenarnya ceritanya tidak seperti itu. Jahatnya media sosial kalau tidak diiringi akal sehat akan banyak opini² yang tidak jelas.","1193329703995592704","","","in","Depok, Jawa Barat","0","1","0","https://twitter.com/widewinuraeni/status/1193329703995592704","918655062414467073","widewinuraeni"
"1193293146827845632","Sat Nov 09 22:23:51 +0000 2019","155","Kesehatan Nasional idem ditto dengan Ketahanan Nasional. Kalau gak sehat gimana caranya bertahan coba? Maka hari-hari ini kami bergiat untuk menyehatkan warga bangsa. Fisik &amp; Mental. Sosial &amp; Spiritual. Dengan derajat kesehatan yang baik ketahanan kita juga makin baik ‍️🇲🇨","1193293146827845632","","","in","Menteng, Indonesia","1","4","22","https://twitter.com/dr_koko28/status/1193293146827845632","1052703629528854530","dr_koko28"
"1193251231025618944","Sat Nov 09 19:37:17 +0000 2019","0","Manfaat menyontek : 1. otot mata sehat 2. kreatifitas meningkat 3. Meningkatkn sosial teman 4. Nilai bagus 5. Melatih kecepatan gerak","1193251231025618944","","","in","","0","0","0","https://twitter.com/asihpriyati1/status/1193251231025618944","2191779301","asihpriyati1"
"1193077305456726016","Sat Nov 09 08:06:10 +0000 2019","0","Peringati HKN ke 55 Pemda Lutra Gelar Senam Sehat dan Bakti Sosial - https://t.co/ORSHxXtH1J https://t.co/Ge0ktfeCu5","1193077305456726016","https://pbs.twimg.com/media/EI6pfEZU0AMHF9c.jpg","","in","","0","1","0","https://twitter.com/beritasulselcom/status/1193077305456726016","3221202481","beritasulselcom"
"1192074069480361984","Wed Nov 06 13:39:40 +0000 2019","11","empat sehat lima keadilan sosial bagi sluruh rakyat","1192074069480361984","","","in","Bandung, Jawa Barat","0","2","2","https://twitter.com/dikopeah/status/1192074069480361984","339350626","dikopeah"
"1191931399030419457","Wed Nov 06 04:12:45 +0000 2019","0","Yang mau panjat sosial dengan sehat boleh ikutan gaes mumpung ada bosku yang dari Amrik https://t.co/hk9Gx6NmJH","1191931399030419457","https://pbs.twimg.com/media/EIqXSIlWsAAxXAe.jpg","","in","","0","0","0","https://twitter.com/shercoupstastu/status/1191931399030419457","64093868","shercoupstastu"
"1191931347255877632","Wed Nov 06 04:12:32 +0000 2019","0","#BubarkanBPJS Sehat Hak Rakyat! Wujudkan Kesejahteraan Sosial! Tolak Kenaikan Iuran BPJS Cabut Pepres No. 75 Tahun 2019 Evaluasi Sistem dan Audit Keuangan BPJS Perbaiki Fasilitas Kesehatan . . @LMND_Indonesia https://t.co/zTi9HKn4bi","1191931347255877632","","","in","Bogor, Indonesia","0","0","0","https://twitter.com/Lmndbogor/status/1191931347255877632","1059879584198406144","Lmndbogor"
"1191926742987837440","Wed Nov 06 03:54:15 +0000 2019","0","[Hasil Produksi] Kemeja Tim Puskesmas Pantai Nusantara Sehat 2017-2019 bahan American Drill. Keuntungan Anda memesan ditempat kami 10% keuntungannya kami sumbangkan untuk sosial. Pesanan diatas 250pcs gratis https://t.co/bIWgkBZTtX","1191926742987837440","","","in","Martapura","0","0","0","https://twitter.com/KurihingCloth/status/1191926742987837440","1664070588","KurihingCloth"
"1191892276961669120","Wed Nov 06 01:37:17 +0000 2019","0","Manfaat menyontek : 1. otot mata sehat 2. kreatifitas meningkat 3. Meningkatkn sosial teman 4. Nilai bagus 5. Melatih kecepatan gerak","1191892276961669120","","","in","","0","0","0","https://twitter.com/asihpriyati1/status/1191892276961669120","2191779301","asihpriyati1"
"1191824181526032384","Tue Nov 05 21:06:42 +0000 2019","0","kesehatan adalah keadaan sehat baik secara fisik mental spiritual maupun sosial yang memungkinkan setiap org hidup produktif scr sosial dan ekonomis","1191824181526032384","","","in","fan account","0","1","0","https://twitter.com/lutfiniaaa/status/1191824181526032384","1955288911","lutfiniaaa"
"1191763171926609921","Tue Nov 05 17:04:16 +0000 2019","0","Enak bgt twiter dijadiin remind minum air putih. Budayakan hidup sehat dgn bantuan sosial media lol. Bsk2 remind apalagi yaa","1191763171926609921","","","in","","0","0","0","https://twitter.com/willynana/status/1191763171926609921","143031240","willynana"
"1191739771883667456","Tue Nov 05 15:31:17 +0000 2019","1","Bocah yg kaya gini nih Ga ngerti permasalahannya tapi maen kata katain ae wkwk Situ sehat bos? FIGHT langsung lah jangan di SOSIAL MEDIA aja lau.","1191739771883667456","","","in","Indonesia","0","0","0","https://twitter.com/wicaksono_sadam/status/1191739771883667456","1186239921272393736","wicaksono_sadam"
"1191727688635035649","Tue Nov 05 14:43:16 +0000 2019","0","Bakti Sosial donor darah Perkumpulan sosial Persaudaraan Yap Budi luhur 2 Jakarta tgl1 des #kompas #tzuchi #butuhdarah #tempo #Tzu_chi #lionclub #setetesdarah #sehat #fitnesslife https://t.co/ZtVbCE6plb","1191727688635035649","https://pbs.twimg.com/media/EIneATRXUAAy10E.jpg","","in","","0","0","0","https://twitter.com/mieke94447043/status/1191727688635035649","1191103221139267584","mieke94447043"
"1191665783975239681","Tue Nov 05 10:37:17 +0000 2019","0","Manfaat menyontek : 1. otot mata sehat 2. kreatifitas meningkat 3. Meningkatkn sosial teman 4. Nilai bagus 5. Melatih kecepatan gerak","1191665783975239681","","","in","","0","0","0","https://twitter.com/asihpriyati1/status/1191665783975239681","2191779301","asihpriyati1"
"1191637653516505089","Tue Nov 05 08:45:30 +0000 2019","0","baru ini bener-bener paham lingkungan sosial yang sehat lebih utama daripada gaya hidup.","1191637653516505089","","","in","","0","0","0","https://twitter.com/adnypt/status/1191637653516505089","2860621542","adnypt"
"1191439288266674182","Mon Nov 04 19:37:16 +0000 2019","0","Manfaat menyontek : 1. otot mata sehat 2. kreatifitas meningkat 3. Meningkatkn sosial teman 4. Nilai bagus 5. Melatih kecepatan gerak","1191439288266674182","","","in","","0","0","0","https://twitter.com/asihpriyati1/status/1191439288266674182","2191779301","asihpriyati1"
"1191380520468271104","Mon Nov 04 15:43:45 +0000 2019","0","di lebokne RSJ ae Lek ndak nduwe keluarga.. Lek gilanya membahayakan di lebokne Panti Sosial.. Opo yo enek ngejing Sampe koyo ngene Atine karo pikirane sehat","1191380520468271104","","","in","","0","0","0","https://twitter.com/TyoKak/status/1191380520468271104","1184101295461781504","TyoKak"
"1191212797482295296","Mon Nov 04 04:37:17 +0000 2019","0","Manfaat menyontek : 1. otot mata sehat 2. kreatifitas meningkat 3. Meningkatkn sosial teman 4. Nilai bagus 5. Melatih kecepatan gerak","1191212797482295296","","","in","","0","0","0","https://twitter.com/asihpriyati1/status/1191212797482295296","2191779301","asihpriyati1"
"1191202688006000640","Mon Nov 04 03:57:06 +0000 2019","0","Reposted from yusufnugraha81 || Bakti sosial dan pesta rakyat dalam rangka HUT TNI 74 kerjasama klinik harapan sehat Nuritex dan KODIM 0608. . Kegiatan pengobatan gratis bagi 2000 warga yang tidak mampu screening https://t.co/msZ0F6B84O","1191202688006000640","","","in","Cianjur, Indonesia","0","0","0","https://twitter.com/infocianjur/status/1191202688006000640","165331838","infocianjur"
"1191148859944128513","Mon Nov 04 00:23:13 +0000 2019","1","SIAPA SIH YANG MAMPU BELI MOGE? rata-rata mereka yang penghasilannya 8 atau lebih digit. Dan pajaknya diturunkan? Sedangkan mereka pengguna BPJS? Tanpa memandang status sosial &amp; kemampuan BIAYANYA DINAIKKAN?! JOKOW SEHAT?","1191148859944128513","","","in","Sumatera - Jawa, Indonesia","0","0","0","https://twitter.com/SophiaNerissa/status/1191148859944128513","826931100232454144","SophiaNerissa"
"1190986305515089920","Sun Nov 03 13:37:17 +0000 2019","0","Manfaat menyontek : 1. otot mata sehat 2. kreatifitas meningkat 3. Meningkatkn sosial teman 4. Nilai bagus 5. Melatih kecepatan gerak","1190986305515089920","","","in","","0","0","0","https://twitter.com/asihpriyati1/status/1190986305515089920","2191779301","asihpriyati1"
"1190977849198403590","Sun Nov 03 13:03:41 +0000 2019","278","Malam ini adalah akhir dari 7 hari Puasa Media Sosial untuk Detoksifikasi. Apa kabar teman2? Semoga selalu sehat dan selalu berada dalam curahan berkahNya. https://t.co/7tSI9fLu0j","1190977849198403590","https://pbs.twimg.com/ext_tw_video_thumb/1190977570055086082/pu/img/AUElCzzdd-1K8oMF.jpg","","in","Earth","18","28","75","https://twitter.com/GiaPratamaMD/status/1190977849198403590","621519592","GiaPratamaMD"
"1190951946984640512","Sun Nov 03 11:20:45 +0000 2019","2","Ingin menyaksikan masyarakat Indonesia melihat kualitas hidup yg baik bkn sbg status sosial melainkan hak. Badan sehat dan dpt layanan medis itu bkn kemewahan. Berpendidikan dgn moral tinggi itu bkn sebuah privilege. Termasuk bisa berpindah bkn berarti hrs punya kendaraan.","1190951946984640512","","","in","Earth","0","0","1","https://twitter.com/Novrdd/status/1190951946984640512","100949787","Novrdd"
"1190897296059142144","Sun Nov 03 07:43:35 +0000 2019","2","Sehat secara holisttik adalah sehat secara spiritual sosial mental dan fisik. Untuk itu setiap saat dan keadaan kita perlu memeriksa apakah hobi dan profesi kita bertumbuh secara positif ? https://t.co/qCqSn3NQqa https://t.co/Q302Vw3ZhO","1190897296059142144","https://pbs.twimg.com/media/EIbqxd2WkAALIyB.jpg","","in","","0","0","1","https://twitter.com/jhmanurung/status/1190897296059142144","2730922724","jhmanurung"
"1190888264674115585","Sun Nov 03 07:07:42 +0000 2019","12","Membangun bisnis jadi besar profit besar sehat karyawan puas berdampak sosial besar itu sangat nggak gampang yah damn it! Walau ada 10juta artikel jurnal kisah orang sukses seminar whateva whateva tentang ini... tetap saja nggak gampang #CeritaPebisnis","1190888264674115585","","","in","","0","2","4","https://twitter.com/firlysavitri/status/1190888264674115585","71254352","firlysavitri"
"1190759813711400960","Sat Nov 02 22:37:17 +0000 2019","0","Manfaat menyontek : 1. otot mata sehat 2. kreatifitas meningkat 3. Meningkatkn sosial teman 4. Nilai bagus 5. Melatih kecepatan gerak","1190759813711400960","","","in","","0","0","0","https://twitter.com/asihpriyati1/status/1190759813711400960","2191779301","asihpriyati1"
"1190688605007564800","Sat Nov 02 17:54:20 +0000 2019","0","Monstrac Asahan Sehat Bhakti Sosial https://t.co/mfXk82RyOG","1190688605007564800","","","in","Indonesia","0","0","1","https://twitter.com/inibabadcom/status/1190688605007564800","921026657405648898","inibabadcom"
"1190632559538892801","Sat Nov 02 14:11:37 +0000 2019","0","Sore tadi di Bangkok FIFA dan negara-negara ASEAN menandatangani kerjasama memanfaatkan sepakbola sebagai katalis untuk pembangunan sosial dan gaya hidup sehat di negara ASEAN. (Presiden Jokowi mendapat jersey bernomor punggung 21). #IMC https://t.co/nLSSUcdS9b","1190632559538892801","https://pbs.twimg.com/media/EIX50KSW4AEI6ZO.jpg","","in","Indonesia","0","1","4","https://twitter.com/medioclubID/status/1190632559538892801","2779927232","medioclubID"
"1190613968903012352","Sat Nov 02 12:57:45 +0000 2019","2","Perwakilan Divisi Sosial Remaja Masjid Jami' Khairul Anaam dan Karang Taruna RW 05 sedang menjenguk ibunda dari Ananda Ponco di Rumah sakit Budi Asih Semoga lekas sehat dan Allah angkat penyakitnya Amin https://t.co/hVJpzXOJ6D","1190613968903012352","https://pbs.twimg.com/media/EIXpFKKXkAAtpR9.jpg","","in","Duren Sawit, Indonesia","0","0","0","https://twitter.com/JamiAnaam/status/1190613968903012352","1160895805483413504","JamiAnaam"
"1190540005715791872","Sat Nov 02 08:03:51 +0000 2019","3","Hidup dengan dibekali akal sehat jika hanya untuk mengejar akademik saja percuma masih ada kehidupan sosial yang perlu diimbangi","1190540005715791872","","","in","Yogyakarta","0","2","0","https://twitter.com/yusufemkaa/status/1190540005715791872","1074291029291855873","yusufemkaa"
"1190533322121699329","Sat Nov 02 07:37:17 +0000 2019","0","Manfaat menyontek : 1. otot mata sehat 2. kreatifitas meningkat 3. Meningkatkn sosial teman 4. Nilai bagus 5. Melatih kecepatan gerak","1190533322121699329","","","in","","0","0","0","https://twitter.com/asihpriyati1/status/1190533322121699329","2191779301","asihpriyati1"
"1190530859704582144","Sat Nov 02 07:27:30 +0000 2019","0","Giat bhakti sosial pengobatan gratis bersama Klinik harapan sehat di Kp.Benong Rt 04/04 Desa Neglasari Kec.Bojongpicung. Kang Bhabin Aiptu Walsan https://t.co/u2qk3d4gP8","1190530859704582144","","","in","","0","0","0","https://twitter.com/Purnamasagita1/status/1190530859704582144","1184103617302687745","Purnamasagita1"
"1190528360952131585","Sat Nov 02 07:17:34 +0000 2019","0","Giat Bhakti - sosial pengobatan gratis Bersama Klinik Harapan Sehat di Kp.Benong Rt 04/04 Desa Neglasari Kec.Bojongpicung. https://t.co/0r3ylHl6f4","1190528360952131585","","","in","","0","0","0","https://twitter.com/Purnamasagita1/status/1190528360952131585","1184103617302687745","Purnamasagita1"
"1190477605016870912","Sat Nov 02 03:55:53 +0000 2019","0","Jalan Sehat Memeringati HUT Provinsi Jawa Timur Ke-74 &amp; Bhakti Sosial Penyerahan 1000 Paket Sembako Kepada KPM PKH #Jatim_CETTAR","1190477605016870912","","","in","Indonesia","0","0","0","https://twitter.com/FC_Tetra/status/1190477605016870912","419283073","FC_Tetra"
"1190444186677469186","Sat Nov 02 01:43:06 +0000 2019","0","Fenomena cross hijabers seorang pria menggunakan busana wanita merupakan fenomena sosial. Mereka adalah orang-orang yang sehat jasmani nya tetapi sakit secara sosial mental dan spiritual. Perlu disadarkan.","1190444186677469186","","","in","ponpes al irsyadiyah bogor","0","0","0","https://twitter.com/abduhalmanar/status/1190444186677469186","617560633","abduhalmanar"
"1190418992285929472","Sat Nov 02 00:02:59 +0000 2019","0","Selamat pagi pak MENHAN @prabowo Semoga bapak terus dalam lindungan Allah Swt dan Sehat selalu. Mohon maaf pak @prabowo melalui media sosial ini saya ingin menyampaikan keinginan warga komplek seroja bekasi untuk bpk bisa meluangkan waktunya berkunjung ke komplek seroja. Trims","1190418992285929472","","","in","","0","0","0","https://twitter.com/PrabowoYn/status/1190418992285929472","1096800038892662784","PrabowoYn"
"1190080337193259010","Fri Nov 01 01:37:17 +0000 2019","0","Manfaat menyontek : 1. otot mata sehat 2. kreatifitas meningkat 3. Meningkatkn sosial teman 4. Nilai bagus 5. Melatih kecepatan gerak","1190080337193259010","","","in","","0","0","0","https://twitter.com/asihpriyati1/status/1190080337193259010","2191779301","asihpriyati1"
"1190079894090174465","Fri Nov 01 01:35:32 +0000 2019","0","Bagaimana tanggapannya jika sepasang suami istri saling menyindir di media sosial.merasa benar sendiri.bukankah ni sudah g sehat?","1190079894090174465","","","in","","0","0","0","https://twitter.com/Umroh93625710/status/1190079894090174465","1175291361563557888","Umroh93625710"
