"conversation_id_str","created_at","favorite_count","full_text","id_str","image_url","in_reply_to_screen_name","lang","location","quote_count","reply_count","retweet_count","tweet_url","user_id_str","username"
"1575578005048815618","Thu Sep 29 20:07:23 +0000 2022","0","Manfaat menyontek : 1. otot mata sehat 2. kreatifitas meningkat 3. Meningkatkn sosial teman 4. Nilai bagus 5. Melatih kecepatan gerak","1575578005048815618","","","in","","0","0","0","https://twitter.com/asihpriyati1/status/1575578005048815618","2191779301","asihpriyati1"
"1575503565883265032","Thu Sep 29 15:11:36 +0000 2022","0","Adong do piga-piga binege mandok; Jolo pangsiun ma asa aktif iba diulaon sosial. ninna. Unangma i taihuthon Alana sebelum pangsiun ibana nungnga gabe stroke jala nungnga jumolo. HJS - AMANI MOSES SIANTURI Salam sehat Tuhan Yesus Memberkati. Amen #Simataniari #PaposmaSedunia https://t.co/pngTvbJzaE","1575503565883265032","https://pbs.twimg.com/media/Fd1QJK1UoAAHEyT.jpg","","in","","0","0","0","https://twitter.com/Simataniari_02/status/1575503565883265032","1294665274549866496","Simataniari_02"
"1575378089080758273","Thu Sep 29 06:53:00 +0000 2022","1","Jadi Orang Tua Sehat dan Waras di Tengah Gempuran Media Sosial https://t.co/Aq61TTmt8I","1575378089080758273","","","in","DKI Jakarta, Indonesia","0","0","2","https://twitter.com/the_geotimes/status/1575378089080758273","2366754955","the_geotimes"
"1575367664691605509","Thu Sep 29 06:11:34 +0000 2022","0","Dear admin mohon izin meralat capation unggahan ini: Viral di media sosial video anggota polantas menilanh sopor travel di pintu tol Sukabumi dan meminta uang Rp 600.000 Selengkapnya: Penggantianialah kata oknum menjadi angota ialah upaya menyelamatkan akal sehat.","1575367664691605509","","","in","","0","1","0","https://twitter.com/fadlirnyarmir/status/1575367664691605509","279879768","fadlirnyarmir"
"1575351520987475969","Thu Sep 29 05:07:25 +0000 2022","0","Manfaat menyontek : 1. otot mata sehat 2. kreatifitas meningkat 3. Meningkatkn sosial teman 4. Nilai bagus 5. Melatih kecepatan gerak","1575351520987475969","","","in","","0","0","0","https://twitter.com/asihpriyati1/status/1575351520987475969","2191779301","asihpriyati1"
"1575325031164686336","Thu Sep 29 03:22:10 +0000 2022","0","Badan Penyelenggara Jaminan Sosial (BPJS) Kesehatan telah memastikan akan menjamin seluruh biaya operasi kategori bedah dan non bedah yang masuk dalam pelayanan kesehatan rujukan tingkat lanjutan. https://t.co/pszj5CgAfB #BPJSKesehatan #operasi #gratis #YakinSehat","1575325031164686336","","","in","Medan","0","0","0","https://twitter.com/yakin_sehat/status/1575325031164686336","1234856488432173058","yakin_sehat"
"1575169893187481601","Wed Sep 28 17:05:42 +0000 2022","2","MAJU MEMBELA YG BAYAR Opini dibangun kembali Narasi menyesal karena emosi ditebar tanpa henti Akal sehat hendak dikebiri Emosi sosial diaduk tak henti Keadilan hukum berusaha dikangkangi..... Sesungguhnya.... masih adakah empati kita untuk dia yg sudah mati ???","1575169893187481601","","","in","Indonesia","0","1","0","https://twitter.com/harihariono1/status/1575169893187481601","4126832473","harihariono1"
"1575130106443333635","Wed Sep 28 14:27:36 +0000 2022","0","Ga di vaksin salah (hak akses sosial tertutup) Di vaksin salah (Pasti Efek samping nya itu tidak terasa diam tiba tiba) . Seperti pemberantasan populasi manusia . #serbasalah Hidup sehat dibikin susah yg sehat mesti coba sakit yang sakit di paksa sehat #ngeringerisedap","1575130106443333635","","","in","","0","0","0","https://twitter.com/photothemoons/status/1575130106443333635","2811346050","photothemoons"
"1575125032807804929","Wed Sep 28 14:07:26 +0000 2022","0","Manfaat menyontek : 1. otot mata sehat 2. kreatifitas meningkat 3. Meningkatkn sosial teman 4. Nilai bagus 5. Melatih kecepatan gerak","1575125032807804929","","","in","","0","0","0","https://twitter.com/asihpriyati1/status/1575125032807804929","2191779301","asihpriyati1"
"1575111920960798720","Wed Sep 28 13:15:20 +0000 2022","0","Selamat malam semuanya! Semoga sehat sehat ya?Boleh bantu kita share di media sosial kalian? Sebentar lagi videoklip kami bakal rilis di YouTube kesayangan kalian! Hari ini jam 19.30! Terima kasih! https://t.co/JB36nS2cC6","1575111920960798720","","","in","Kota Bandung, Jawa Barat","0","0","0","https://twitter.com/mntansadboybdg/status/1575111920960798720","1466054872998899719","mntansadboybdg"
"1575039013744148480","Wed Sep 28 08:25:38 +0000 2022","1","Mengelola keuangan dengan pintar akan berdampak pada finansial yang sehat dan kuat walaupun dengan keadaan seterpuruk apapun. Like Comment &amp; Share konten +positif ini ke sosial mediamu ya! #AsetKu #TipsInvestasi #TipsPendanaan #P2PLendingIndonesia https://t.co/QnAVpPrKDV","1575039013744148480","https://pbs.twimg.com/media/FdupQFaakAUDFZr.jpg","","in","DKI Jakarta, Indonesia","0","0","0","https://twitter.com/Asetku_id/status/1575039013744148480","923483791330500608","Asetku_id"
"1575015449519063040","Wed Sep 28 06:52:00 +0000 2022","0","Jadi Orang Tua Sehat dan Waras di Tengah Gempuran Media Sosial https://t.co/Aq61TTmt8I","1575015449519063040","","","in","DKI Jakarta, Indonesia","0","0","0","https://twitter.com/the_geotimes/status/1575015449519063040","2366754955","the_geotimes"
"1575011413713911808","Wed Sep 28 06:35:57 +0000 2022","0","Hallo basudara semua kesehatan adalah hal terpenting dengan jiwa dan raga yang sehat katong bisa produktif baik secara sosial maupun ekonomi. Berikut perbedaan obat dan suplemen kesehatan semoga katong semua sehat selalu.. https://t.co/CsqiEq1CtR","1575011413713911808","https://pbs.twimg.com/media/FduQh2ZaUAAwgUc.jpg","","in","Indonesia","0","0","0","https://twitter.com/bpomtanimbar/status/1575011413713911808","1199484806397972480","bpomtanimbar"
"1574985142082629632","Wed Sep 28 04:51:34 +0000 2022","0","Lewat media sosial masyarakat bisa melihat bahwa gaya hidup sehat seperti kebiasaan olahraga dan pemenuhan makanan bernutrisi mulai banyak dijalani. https://t.co/yXQh6utGHD","1574985142082629632","","","in","Jakarta","0","1","0","https://twitter.com/kompascom/status/1574985142082629632","23343960","kompascom"
"1574946939052863488","Wed Sep 28 02:19:46 +0000 2022","6","sosial media meningkatkan tingkat kecemasan pada ibu. dan berpotensi menimbulkan masalah gangguan mental hingga depresi berat akibat sering membandingkan. kelola waktu informasi yg di terima dan hati agar ibu &amp; anak sehat jiwa dan raga ","1574946939052863488","","","in","Surakarta,Indonesia","2","0","1","https://twitter.com/dr_ardi/status/1574946939052863488","353517338","dr_ardi"
"1574942200089018368","Wed Sep 28 02:00:56 +0000 2022","0","REALITAS BANGSA KITA...... harus ada taubat nasional. harus ada kesadaran sosial. harus ada pemimpin yg paham dan konsisten dalam pelaksanaan kesadaran itu. KALAU KEPALA IKANNYA BUSUK YAAA AGAK SULIT NEMUIN IKAN YG SEHAT DAN SEGAR BUNDAAA....","1574942200089018368","","","in","","0","0","0","https://twitter.com/NKRI_NTBSasambo/status/1574942200089018368","802883232928657408","NKRI_NTBSasambo"
"1574898539695464448","Tue Sep 27 23:07:26 +0000 2022","0","Manfaat menyontek : 1. otot mata sehat 2. kreatifitas meningkat 3. Meningkatkn sosial teman 4. Nilai bagus 5. Melatih kecepatan gerak","1574898539695464448","","","in","","0","0","0","https://twitter.com/asihpriyati1/status/1574898539695464448","2191779301","asihpriyati1"
"1574799775093776396","Tue Sep 27 16:34:59 +0000 2022","0","XL Axiata mendukung Program Bakti Sosial Kumham Peduli Desa Terpencil Kantor Wilayah (Kanwil) Kementerian Hukum dan HAM (Kemenkumham) Provinsi Nusa Tenggara Timur (NTT) dalam melaksanakan kegiatan penyaluran paket makanan sehat guna mencegah stunting. #JadiLebihBaik","1574799775093776396","","","in","","0","0","0","https://twitter.com/Wahyura39246740/status/1574799775093776396","1574399162409398273","Wahyura39246740"
"1574758052024418305","Tue Sep 27 13:49:11 +0000 2022","0","Gen Z Wajib Coba Cara Bikin Sehat Fisik Finansial Sosial hingga Spiritual https://t.co/Mv2QQxTH7V https://t.co/dukijxsR3x","1574758052024418305","https://pbs.twimg.com/media/FdqqGhNaUAEvB3_.jpg","","in","Depok, Indonesia","0","0","0","https://twitter.com/motoryk/status/1574758052024418305","4639116138","motoryk"
"1574742230052786177","Tue Sep 27 12:46:19 +0000 2022","0","[ETHEREAL 2022: Upaya Seni dalam Stress Relief] Halo prajurit sosial! Gimana kabarnya? semoga tetap dalam keadaan sehat ya! Kali ini divkes membawa informasi yang baru dan masih hangat nih apakah itu? https://t.co/qzt5a9oQnJ","1574742230052786177","https://pbs.twimg.com/media/FdqbtMqaUAAuI34.jpg","","in","Gd.Student Centre No.30","0","1","0","https://twitter.com/PESOS_UNDIP/status/1574742230052786177","1149496886","PESOS_UNDIP"
"1574677926733549568","Tue Sep 27 08:30:48 +0000 2022","9","---- Pengentasan masalah stunting dan kesehatan merupakan kunci untuk menekan ketimpangan sosial Milenial harus punya andil mengubah pola konsumsi sehat dirinya dan masyarakat seiring dengan pengembangan sektor-sektor ekonomi di lingkungannya (@erickthohir) #BangkitBersamaET https://t.co/vS2F0WmjRO","1574677926733549568","https://pbs.twimg.com/media/FdphOneaIAAUyX-.jpg","","in","","1","0","7","https://twitter.com/willona_007/status/1574677926733549568","1223653536291938304","willona_007"
"1574672049586307074","Tue Sep 27 08:07:27 +0000 2022","0","Manfaat menyontek : 1. otot mata sehat 2. kreatifitas meningkat 3. Meningkatkn sosial teman 4. Nilai bagus 5. Melatih kecepatan gerak","1574672049586307074","","","in","","0","0","0","https://twitter.com/asihpriyati1/status/1574672049586307074","2191779301","asihpriyati1"
"1574653061804576768","Tue Sep 27 06:52:00 +0000 2022","1","Jadi Orang Tua Sehat dan Waras di Tengah Gempuran Media Sosial https://t.co/Aq61TTmt8I","1574653061804576768","","","in","DKI Jakarta, Indonesia","0","0","0","https://twitter.com/the_geotimes/status/1574653061804576768","2366754955","the_geotimes"
"1574634787725156352","Tue Sep 27 05:39:23 +0000 2022","22","Sabtu 24 September 2022 di RSUD Banten PERSAJA bersama Kejati Banten dan IAD Wilayah Banten menyelenggarakan Bakti Sosial Operasi Katarak dan Hernia Gratis bertajuk Bhakti Adhyaksa untuk Indonesia Sehat . Acara tersebut diselenggarakan dua hari 24 s/d 25 September 2022. https://t.co/fItD7Jvyt4","1574634787725156352","https://pbs.twimg.com/media/Fdo5kKCVEAAeKle.jpg","","in","Jakarta Selatan, DKI Jakarta","0","2","8","https://twitter.com/KejaksaanRI/status/1574634787725156352","705276546735407104","KejaksaanRI"
"1574634179853025280","Tue Sep 27 05:36:58 +0000 2022","16","Persatuan Jaksa Indonesia (PERSAJA) bersama Kejaksaan Tinggi Banten dan Ikatan Adhyaksa Dharmakarini (IAD) Wilayah Banten menyelenggarakan Bakti Sosial Operasi Katarak dan Hernia Gratis bertajuk Bhakti Adhyaksa untuk Indonesia Sehat . https://t.co/zEIqfcWEy2","1574634179853025280","https://pbs.twimg.com/ext_tw_video_thumb/1574633878874034177/pu/img/2pOX1oe3zz3MNndx.jpg","","in","Jakarta Selatan, DKI Jakarta","0","1","7","https://twitter.com/KejaksaanRI/status/1574634179853025280","705276546735407104","KejaksaanRI"
"1574619809073205248","Tue Sep 27 04:39:52 +0000 2022","1","Megamendung 27 September 2022 Rapat penyusunan kesepakatan bersama Diklat Reserse Lemdiklat Polri dengan BPBD.Kab Bogor Dinas Damkar Kab Bogor Dinas Sosial Kab Bogor PT PLN UP3 Kab Bogor RSPG Cisarua RSUD Ciawi Bogor. Dalam Mewujudkan Kampus Aman dan Sehat. https://t.co/GjnT8EIcAI","1574619809073205248","https://pbs.twimg.com/media/FdosXTSaIAAkCzN.jpg","","in","Megamendung, Indonesia","0","0","0","https://twitter.com/diklat_reserse/status/1574619809073205248","827415002927689728","diklat_reserse"
"1574558807807897600","Tue Sep 27 00:37:28 +0000 2022","0","Manfaat menyontek : 1. otot mata sehat 2. kreatifitas meningkat 3. Meningkatkn sosial teman 4. Nilai bagus 5. Melatih kecepatan gerak","1574558807807897600","","","in","","0","0","0","https://twitter.com/asihpriyati1/status/1574558807807897600","2191779301","asihpriyati1"
"1574332309977042945","Mon Sep 26 09:37:27 +0000 2022","0","Manfaat menyontek : 1. otot mata sehat 2. kreatifitas meningkat 3. Meningkatkn sosial teman 4. Nilai bagus 5. Melatih kecepatan gerak","1574332309977042945","","","in","","0","0","0","https://twitter.com/asihpriyati1/status/1574332309977042945","2191779301","asihpriyati1"
"1574290673972350976","Mon Sep 26 06:52:00 +0000 2022","0","Jadi Orang Tua Sehat dan Waras di Tengah Gempuran Media Sosial https://t.co/Aq61TT4RK8","1574290673972350976","","","in","DKI Jakarta, Indonesia","0","0","0","https://twitter.com/the_geotimes/status/1574290673972350976","2366754955","the_geotimes"
"1574105820526419968","Sun Sep 25 18:37:27 +0000 2022","0","Manfaat menyontek : 1. otot mata sehat 2. kreatifitas meningkat 3. Meningkatkn sosial teman 4. Nilai bagus 5. Melatih kecepatan gerak","1574105820526419968","","","in","","0","0","0","https://twitter.com/asihpriyati1/status/1574105820526419968","2191779301","asihpriyati1"
"1574055169054089219","Sun Sep 25 15:16:11 +0000 2022","0","Peringati HUT ke-92 Gereja Santa Theresia Jakarta Gelar Bakti Sosial dan Lomba Jalan Sehat https://t.co/NqqHUrEN47","1574055169054089219","","","in","indo","0","0","0","https://twitter.com/Zyanpatra/status/1574055169054089219","1442122733886664704","Zyanpatra"
"1574003048829308928","Sun Sep 25 11:49:05 +0000 2022","0","gue selalu bisa balancing kedua hidupgue baik itu rl dan sosial media tapi kalo misalnya nanti gue menghilang mungkin gue udh memasuki fase dep sehat-sehat temen semua!","1574003048829308928","","","in","23↑ MDNI","0","0","0","https://twitter.com/sunsshime/status/1574003048829308928","1526154903630278656","sunsshime"
"1573982715535245314","Sun Sep 25 10:28:17 +0000 2022","0","program JaWARa Internet Sehat melalui aktivasi konten media sosial untuk merangkul lebih banyak lagi anak muda dalam meningkatkan jangkauan edukasi literasi digital melalui media sosial @kemkominfo @PlateJohnny","1573982715535245314","","","in","Pekan Baru, Riau","0","0","0","https://twitter.com/Tothemun_/status/1573982715535245314","1381618304184246277","Tothemun_"
"1573954733525848064","Sun Sep 25 08:37:05 +0000 2022","1","dan konsumen itu juga ga bikin black campaign di media sosial apalagi kasih informasi sesat tentang produk nestle yang masuk daftar ga sehat. tapi kasih info tentang efek kalo konsumsi produk tsb secara berlebihan lebih bijak.","1573954733525848064","","","in","5150 ","0","0","0","https://twitter.com/tidakterimabon/status/1573954733525848064","1208776440348430337","tidakterimabon"
"1573879325799362560","Sun Sep 25 03:37:27 +0000 2022","0","Manfaat menyontek : 1. otot mata sehat 2. kreatifitas meningkat 3. Meningkatkn sosial teman 4. Nilai bagus 5. Melatih kecepatan gerak","1573879325799362560","","","in","","0","0","0","https://twitter.com/asihpriyati1/status/1573879325799362560","2191779301","asihpriyati1"
"1573652835807305728","Sat Sep 24 12:37:27 +0000 2022","0","Manfaat menyontek : 1. otot mata sehat 2. kreatifitas meningkat 3. Meningkatkn sosial teman 4. Nilai bagus 5. Melatih kecepatan gerak","1573652835807305728","","","in","","0","0","0","https://twitter.com/asihpriyati1/status/1573652835807305728","2191779301","asihpriyati1"
"1573598189910835201","Sat Sep 24 09:00:19 +0000 2022","0","Gelombang yang tidak masuk dilogika manusia sudah mulai terjadi. Nanti akan ada lagi banyak hal2 diluar nalar manusia yang merusak akal sehat empati rasa kemanusian dan sosial yang akan terjadi. Semoga kita semua sehat2 terutama akal dan asap dapur. https://t.co/WRe7Yb3yRK","1573598189910835201","https://pbs.twimg.com/media/FdaLNT1UcAQ6tKt.jpg","","in","","0","0","0","https://twitter.com/masarvian/status/1573598189910835201","179295808","masarvian"
"1573539580363808773","Sat Sep 24 05:07:25 +0000 2022","0","Manfaat menyontek : 1. otot mata sehat 2. kreatifitas meningkat 3. Meningkatkn sosial teman 4. Nilai bagus 5. Melatih kecepatan gerak","1573539580363808773","","","in","","0","0","0","https://twitter.com/asihpriyati1/status/1573539580363808773","2191779301","asihpriyati1"
"1573530280832700416","Sat Sep 24 04:30:28 +0000 2022","3","Banyak akun di media sosial yang bicara lantang nyinyirin sesuatu tetapi tidak siap dinyinyirin balik. Ibarat bermain air tapi takut kena airnya. Ujung-ujungnya sakit hati merasa tersakiti. Emang seberapa penting bagiku kalau dirimu sehat/sakit. Tebar Tuai!","1573530280832700416","","","in","teras samping","0","0","0","https://twitter.com/lhayesno/status/1573530280832700416","226416224","lhayesno"
"1573449928902594561","Fri Sep 23 23:11:10 +0000 2022","0","Beda dengan urusan uang pekerjaan status sosial maka sedikit yang mau memelihara kesehatan karena tidak punya motifnya. Kebangun tidur pagiii ga niat olahraga ga mikir memilih menu sehat. berapa kali seminggu anda olahraga?","1573449928902594561","","","in","Tangerang - Banten, Indonesia","0","0","0","https://twitter.com/pusatherbalcom/status/1573449928902594561","411557062","pusatherbalcom"
"1573412159182503937","Fri Sep 23 20:41:05 +0000 2022","2","Mereka belajar ut memilih hubungan dg bijak dan cenderung memilih pasangan dari keluarga yang sehat. Pentingnya jaringan sosial ut dukungan dlm krisis dan kesulitan tlah banyak didokumentasikan. meskipun mrk mungkin menjadi sumber ketegangan mrk dpt menjadi sumber koping yg +","1573412159182503937","","","in","Indonesia","0","0","0","https://twitter.com/Julianto_LK3/status/1573412159182503937","410861145","Julianto_LK3"
"1573393554189484032","Fri Sep 23 19:27:10 +0000 2022","2","Kabagops Polres Sanggau Kompol Ida Bagus Gde Sinung menghadiri Kegiatan Sosialisasi Penggunaan Media Sosial Sehat oleh Ikatan Wartawan Kabupaten Sekadau (IWAS) kepada Prajurit dan Persit jajaran Kodim 1204/Sanggau di Aula Satria Wibawa Kodim 1204/Sanggau https://t.co/lFe9zU7hGk","1573393554189484032","https://pbs.twimg.com/media/FdXOnXraUAA3sIR.jpg","","in","","0","0","0","https://twitter.com/Humasressanggau/status/1573393554189484032","949683168965111809","Humasressanggau"
"1573324428511186944","Fri Sep 23 14:52:29 +0000 2022","2","Gus Muhaimin sebagai tokoh dan pemimpin yang merakyat tanpa memandang sehat sosial. #GusMuhaiminFestJateng https://t.co/bLbdff6Onv","1573324428511186944","https://pbs.twimg.com/media/FdWSOtiVEAAHq0H.jpg","","in","Cirebon","0","0","1","https://twitter.com/sohibipin/status/1573324428511186944","606281106","sohibipin"
"1573322804186980353","Fri Sep 23 14:46:02 +0000 2022","0","Kamis (22/9/2022) Kepala Jawatan Sosial Kapanewon Sanden Sutanto https://t.co/51mAyzSSvh mengikuti workshop kesiapan lokasi menuju Kabupaten Bantul sehat tahun 2023. Kegiatan ini dilaksanakan secara virtual melalui aplikasi zoom meeting. https://t.co/MtnaAD0pkd","1573322804186980353","","","in","Jl. Raya Sanden Murtigading","0","0","0","https://twitter.com/kec_sanden/status/1573322804186980353","1219509663168811008","kec_sanden"
"1573313090627993602","Fri Sep 23 14:07:26 +0000 2022","0","Manfaat menyontek : 1. otot mata sehat 2. kreatifitas meningkat 3. Meningkatkn sosial teman 4. Nilai bagus 5. Melatih kecepatan gerak","1573313090627993602","","","in","","0","0","0","https://twitter.com/asihpriyati1/status/1573313090627993602","2191779301","asihpriyati1"
"1573261064854441986","Fri Sep 23 10:40:42 +0000 2022","0","SAHABAT GANJAR LAKUKAN SENAM SEHAT DAN KEGIATAN SOSIAL BERSAMA MASYARAKAT TASIKMALAYA #SahabatGanjar #Ganjar #ganjarpranowo https://t.co/HYYcmeqNig","1573261064854441986","","","in","Yogyakarta, Indonesia","0","0","0","https://twitter.com/sahabatganjarid/status/1573261064854441986","2162133289","sahabatganjarid"
"1573252755367821312","Fri Sep 23 10:07:41 +0000 2022","0","Kodim Sanggau Gandeng IWAS Beri Sosialisasi Penggunaan Medsos Sehat: Harapan ke depan prajurit Kodim dan Ibu Persit dapat menggunakan media sosial dengan baik sesuai dengan kegunaannya ujar Kasdim 1204/Sanggau. #publisherstory #hipontianak https://t.co/PzrfymYZfN","1573252755367821312","","","in","","0","0","0","https://twitter.com/kumparan/status/1573252755367821312","759692754985242625","kumparan"
"1573221744617619456","Fri Sep 23 08:04:27 +0000 2022","61","XL Axiata mendukung Program Bakti Sosial Kumham Peduli Desa Terpencil Kantor Wilayah (Kanwil) Kementerian Hukum dan HAM (Kemenkumham) Provinsi Nusa Tenggara Timur (NTT) dalam melaksanakan kegiatan penyaluran paket makanan sehat guna mencegah stunting. #JadiLebihBaik https://t.co/MlQaSvAFuO","1573221744617619456","https://pbs.twimg.com/media/FdU0frZUAAApLPq.jpg","","in","XL Axiata Tower, Kuningan, Jak","301","17","55","https://twitter.com/XLAxiata_Tbk/status/1573221744617619456","711842070080544770","XLAxiata_Tbk"
"1573200205037867008","Fri Sep 23 06:38:52 +0000 2022","1","Kebanyakan orang aktif di media sosial kurang lebih ±4jam perharinya dan itu pun membuat mata kita lelah oleh sebab itu kita butuh asupan vitamin A yang lebih banyak Sarannya yang bagus adalah mengkonsumsi TIENS RENUVES ya kakak #rehan #mataminus #instagramdown #sehat #Vitamin https://t.co/Nslx5wTEE1","1573200205037867008","https://pbs.twimg.com/media/FdUhP9BUcAEMnZb.jpg","","in","Kota Bandung, Jawa Barat","0","0","0","https://twitter.com/polasehat4/status/1573200205037867008","1573190785591230464","polasehat4"
"1573199853525512192","Fri Sep 23 06:37:28 +0000 2022","0","Manfaat menyontek : 1. otot mata sehat 2. kreatifitas meningkat 3. Meningkatkn sosial teman 4. Nilai bagus 5. Melatih kecepatan gerak","1573199853525512192","","","in","","0","0","0","https://twitter.com/asihpriyati1/status/1573199853525512192","2191779301","asihpriyati1"
"1573179882666102785","Fri Sep 23 05:18:06 +0000 2022","1","4 Alasan Perlu Setop Memercayai Couple Goals di Medsos Asmara Jadi Lebih Sehat: Ada beberapa alasan yang membuat kamu perlu berhenti memercayai tren #couplegoals di media sosial Ladies. #kumparanWOMAN https://t.co/CFr6gKGEHH","1573179882666102785","","","in","","0","0","0","https://twitter.com/kumparan/status/1573179882666102785","759692754985242625","kumparan"
"1573179006953947138","Fri Sep 23 05:14:38 +0000 2022","0","Hai #Utarakaners Siapa nih yang masih suka denger radio kaya #MinUltra? ‍️ Coba deh kalian dengerin saluran Radio Republik Indonesia (RRI) untuk menambah pengetahuan tentang hiburan yang sehat kontrol dan perekat sosial serta pelestarian budaya bangsa https://t.co/LZB4m6zRqv","1573179006953947138","https://pbs.twimg.com/media/FdUN881UYAAvTZZ.jpg","","in","Tarakan","0","1","0","https://twitter.com/kpknltarakan/status/1573179006953947138","1418116452255629312","kpknltarakan"
"1573122456075788293","Fri Sep 23 01:29:55 +0000 2022","4","Selamat Pagi #KalijagaMuda. Semoga selalu dalam keadaan sehat ya! Jangan lewatkan Jalan Sehat dan Bakti Sosial dalam rangka Dies Natalis ke-71 UIN Suka pada hari Ahad/Minggu (25/09) mendatang. Jaga kebugaran dan eratkan silaturrahim dapatkan doorprize menariknya! https://t.co/P1cj3ZE6kj","1573122456075788293","https://pbs.twimg.com/media/FdTZPUYXwAA8Nos.jpg","","in","Yogyakarta","0","0","1","https://twitter.com/UINSK/status/1573122456075788293","425587670","UINSK"
"1573094049489498112","Thu Sep 22 23:37:02 +0000 2022","0","Mencoba menertawakan kondisi masyarakat dengan lelucon merupakan cara sehat dan berbudaya. Humor dan lelucon merupakan outlet kekesalan sosial. https://t.co/w2Z58U8rMe","1573094049489498112","","","in","Surabaya","0","0","0","https://twitter.com/ngopibareng_id/status/1573094049489498112","1291246080269545472","ngopibareng_id"
"1573086597658320896","Thu Sep 22 23:07:26 +0000 2022","0","Manfaat menyontek : 1. otot mata sehat 2. kreatifitas meningkat 3. Meningkatkn sosial teman 4. Nilai bagus 5. Melatih kecepatan gerak","1573086597658320896","","","in","","0","0","0","https://twitter.com/asihpriyati1/status/1573086597658320896","2191779301","asihpriyati1"
"1573006349008764928","Thu Sep 22 17:48:33 +0000 2022","0","[ Bakti Sosial dan Aksi Gizi] Halo Sobat Sobat Peternakan-! Gimana nih kabar kalian? Semoga selalu dalam keadaan sehat yah! Jadi kita ada kegiatan menarik nihh buat kalian! dan yang pastinya dapetin ilmu juga pengalaman yang ga bakal sia sia deh pokonya https://t.co/HZwL6o9yTc","1573006349008764928","https://pbs.twimg.com/media/FdRw7zeacAALXNb.jpg","","in","","0","1","0","https://twitter.com/Ismapetiwil_1/status/1573006349008764928","1506785286176800769","Ismapetiwil_1"
"1572911191948656640","Thu Sep 22 11:30:26 +0000 2022","2","Bertahun lalu pengen ketawa saat seorang jurnalis senior dalam sebuah diskusi ttg media dengan penuh keyakinan menyatakan bahwa sosial media bakal jadi equalizing platform. Entah mabuk apa beliau hari itu. Semoga tetap sehat ya Buk... https://t.co/GbJWBjoX5R","1572911191948656640","","","in","Jakarta","0","0","0","https://twitter.com/galeshka/status/1572911191948656640","17509007","galeshka"
"1572867927472476163","Thu Sep 22 08:38:31 +0000 2022","0","Inilah Cara Bermedia Sosial yang Sehat! Simak Terkait Hal Ini Untuk Lebih Lanjut! https://t.co/b1xSdcjY01","1572867927472476163","","","in","Jakarta","0","0","0","https://twitter.com/Jaribijaktv/status/1572867927472476163","1347427191361925120","Jaribijaktv"
"1572860103354896386","Thu Sep 22 08:07:25 +0000 2022","0","Manfaat menyontek : 1. otot mata sehat 2. kreatifitas meningkat 3. Meningkatkn sosial teman 4. Nilai bagus 5. Melatih kecepatan gerak","1572860103354896386","","","in","","0","0","0","https://twitter.com/asihpriyati1/status/1572860103354896386","2191779301","asihpriyati1"
"1572785738810535936","Thu Sep 22 03:11:55 +0000 2022","4","Cara Bermedia Sosial yang Sehat https://t.co/WH5Bep32he https://t.co/SwUP0EaJK2","1572785738810535936","https://pbs.twimg.com/media/FdOoJVyaEAAqRtY.jpg","","in","DKI Jakarta, Indonesia","0","3","3","https://twitter.com/DamailahRI/status/1572785738810535936","1159652982","DamailahRI"
"1572633617008070656","Wed Sep 21 17:07:27 +0000 2022","0","Manfaat menyontek : 1. otot mata sehat 2. kreatifitas meningkat 3. Meningkatkn sosial teman 4. Nilai bagus 5. Melatih kecepatan gerak","1572633617008070656","","","in","","0","0","0","https://twitter.com/asihpriyati1/status/1572633617008070656","2191779301","asihpriyati1"
"1572473884309606401","Wed Sep 21 06:32:43 +0000 2022","0","Jadi Orang Tua Sehat dan Waras di Tengah Gempuran Media Sosial https://t.co/Aq61TTn0Yg","1572473884309606401","","","in","DKI Jakarta, Indonesia","0","0","0","https://twitter.com/the_geotimes/status/1572473884309606401","2366754955","the_geotimes"
"1572468074481324034","Wed Sep 21 06:09:38 +0000 2022","0","dalam diskusi yg sehat apakah mengenal pangkat kasta umur pendidikan jenjang sosial menang kalah?","1572468074481324034","","","in","Yogyakarta, Indonesia","0","0","0","https://twitter.com/wn_hidayati/status/1572468074481324034","1542515320828882946","wn_hidayati"
"1572422157841616897","Wed Sep 21 03:07:11 +0000 2022","0","ugm_fess guyss ada yang berkenan bantu aku untuk isi ku1si0ner penelitian terkait media sosial? Nanti izin ku ketuk DM nya. Terima kasih semoga sehat selalu &amp; dimudahkan seluruh urusan kalian","1572422157841616897","","","in","RULES","0","9","0","https://twitter.com/UGM_FESS/status/1572422157841616897","1277749122296983552","UGM_FESS"
"1572407120389353481","Wed Sep 21 02:07:26 +0000 2022","0","Manfaat menyontek : 1. otot mata sehat 2. kreatifitas meningkat 3. Meningkatkn sosial teman 4. Nilai bagus 5. Melatih kecepatan gerak","1572407120389353481","","","in","","0","0","0","https://twitter.com/asihpriyati1/status/1572407120389353481","2191779301","asihpriyati1"
"1572180633983782913","Tue Sep 20 11:07:27 +0000 2022","0","Manfaat menyontek : 1. otot mata sehat 2. kreatifitas meningkat 3. Meningkatkn sosial teman 4. Nilai bagus 5. Melatih kecepatan gerak","1572180633983782913","","","in","","0","0","0","https://twitter.com/asihpriyati1/status/1572180633983782913","2191779301","asihpriyati1"
"1572101153000947719","Tue Sep 20 05:51:37 +0000 2022","0","#ASRI Alami Sehat dan Praktis Berbeda-beda Standar Sosial untuk jadi Ibu Sempurna Nyatanya yang Dibutuhkan Semua Anak Sama Apa Itu? https://t.co/3KMN0lWnrg","1572101153000947719","","","in","WR. Mongonsidi No.4B Padang","0","0","0","https://twitter.com/radioboosfm/status/1572101153000947719","345185939","radioboosfm"
"1572085686853070848","Tue Sep 20 04:50:10 +0000 2022","0","Bakti Sosial Polri #SigapBantuSesama Korlantas Polri bagikaan 1.000 paket sembako dalam rangka memperingati Hari Ulang Tahun Lalu Lintas Bhayangkara ke-67. Siaga Tanggap Bencana https://t.co/GEaQ08Rnpi","1572085686853070848","https://pbs.twimg.com/media/FdErmMMaIAEr-61.jpg","","in","","0","0","0","https://twitter.com/sabahat_sehat/status/1572085686853070848","1520945743845937152","sabahat_sehat"
"1571954127307153408","Mon Sep 19 20:07:24 +0000 2022","0","Manfaat menyontek : 1. otot mata sehat 2. kreatifitas meningkat 3. Meningkatkn sosial teman 4. Nilai bagus 5. Melatih kecepatan gerak","1571954127307153408","","","in","","0","0","0","https://twitter.com/asihpriyati1/status/1571954127307153408","2191779301","asihpriyati1"
"1571788361890959360","Mon Sep 19 09:08:42 +0000 2022","2","#Opini - Nailul Fauziyah - Jadi Orang Tua Sehat dan Waras di Tengah Gempuran Media Sosial - https://t.co/Pklm9sQiTI https://t.co/pQmFcdgK1B","1571788361890959360","https://pbs.twimg.com/media/FdAdLx0aAAEQqyb.jpg","","in","DKI Jakarta, Indonesia","0","0","0","https://twitter.com/the_geotimes/status/1571788361890959360","2366754955","the_geotimes"
"1571768183383785473","Mon Sep 19 07:48:31 +0000 2022","0","Sebagai ASN saya sangat senang dengan aktivitas sosial utamanya donor darah krn hal ini bisa membantu mereka yang mengalami sakit bencana alam dan kebutuhan lainnya. Selagi kita masih sehat dan mampu yuk coba berdonor darah secara aktif. #blooddonorssavelives https://t.co/kT1a6qTjrg","1571768183383785473","https://pbs.twimg.com/media/FdAK0xHaIAIKQ_E.jpg","","in","DKI Jakarta, Indonesia","0","0","0","https://twitter.com/DiazSilvany/status/1571768183383785473","1565872196282904576","DiazSilvany"
"1571737604730810369","Mon Sep 19 05:47:01 +0000 2022","45","Nggak cukup Minimal 20jt kl single (dan ga disupport ortu). Itu udah kos transport makan proper (bersih-sehat-enak) hiburan cukup nabung asuransi (di luar BPJS) + maintain kehidupan sosial. Kl ada kebutuhan kesehatan yg rutin periksa + rutin konsumsi obat-obatan mepet.","1571737604730810369","","","in","Jakarta Capital Region","4","9","17","https://twitter.com/askDika/status/1571737604730810369","1060006480714186752","askDika"
"1571727642638057473","Mon Sep 19 05:07:25 +0000 2022","0","Manfaat menyontek : 1. otot mata sehat 2. kreatifitas meningkat 3. Meningkatkn sosial teman 4. Nilai bagus 5. Melatih kecepatan gerak","1571727642638057473","","","in","","0","0","0","https://twitter.com/asihpriyati1/status/1571727642638057473","2191779301","asihpriyati1"
"1571530287737344000","Sun Sep 18 16:03:12 +0000 2022","0","Jalan Sehat Jadi Puncak HUT Ke-9 RSU Andhika Berbagai Kegiatan Sosial Digelar #Sindonews #BukanBeritaBiasa .https://t.co/PQo7DuwrHs","1571530287737344000","","","in","Jakarta Pusat, DKI Jakarta","0","0","0","https://twitter.com/SINDOnews/status/1571530287737344000","231355136","SINDOnews"
"1571501151643893760","Sun Sep 18 14:07:26 +0000 2022","0","Manfaat menyontek : 1. otot mata sehat 2. kreatifitas meningkat 3. Meningkatkn sosial teman 4. Nilai bagus 5. Melatih kecepatan gerak","1571501151643893760","","","in","","0","0","0","https://twitter.com/asihpriyati1/status/1571501151643893760","2191779301","asihpriyati1"
"1571491672512659456","Sun Sep 18 13:29:46 +0000 2022","0","Kampanye #BertemanAman akan melanjutkan program JaWARa Internet Sehat melalui aktivasi konten media sosial untuk merangkul lebih banyak lagi anak muda dalam meningkatkan jangkauan edukasi literasi digital melalui media sosial. @kemkominfo @PlateJohnny","1571491672512659456","","","in","","0","0","0","https://twitter.com/putrivio3/status/1571491672512659456","1303214557884633088","putrivio3"
"1571457906943594496","Sun Sep 18 11:15:35 +0000 2022","1","Setelah 11 tahun ngefans sama Iqbaal akhirnya bisa liat langsung bahagia sekali rasanya. Selama ini saya liat di TV dan sosial media kini ada didepan mataku Sehat selalu @iqbaale https://t.co/b9nvrHxpud","1571457906943594496","https://pbs.twimg.com/media/Fc7woyhaMAA2Bme.jpg","","in","","1","0","0","https://twitter.com/diahpuspitari_/status/1571457906943594496","1960445690","diahpuspitari_"
"1571437455600934912","Sun Sep 18 09:54:19 +0000 2022","0","Polres Bojonegoro Gelar Jalan Sehat dan Bakti Sosial Dalam Rangka Hari Lalu Lintas Bhayangkara ke-67 https://t.co/VxMvTDoZi4","1571437455600934912","","","in","East Java, Indonesia","0","0","0","https://twitter.com/sigap88news1/status/1571437455600934912","919102923916787713","sigap88news1"
"1571405284412911617","Sun Sep 18 07:46:29 +0000 2022","0","Polres Bojonegoro Gelar Jalan Sehat dan Bakti Sosial Dalam Rangka Hari Lalu Lintas Bhayangkara ke-67 https://t.co/o57SjvWvDh lewat @Global Siber","1571405284412911617","","","in","","0","0","0","https://twitter.com/AbdulQo92696861/status/1571405284412911617","1422448403070345218","AbdulQo92696861"
"1571368348914679810","Sun Sep 18 05:19:43 +0000 2022","0","Bakti Sosial ini sebagai bentuk kepedulian dan empati Polri kepada masyarakat kurang mampu untuk meringankan beban kebutuhan akibat dampak dari naiknya harga BBM #MengabdiMelayani Bakti Untuk Negeri https://t.co/zicg1A8PbI","1571368348914679810","https://pbs.twimg.com/media/Fc6fLp3aAAII_Ic.jpg","","in","","0","0","0","https://twitter.com/sabahat_sehat/status/1571368348914679810","1520945743845937152","sabahat_sehat"
"1571352621478453251","Sun Sep 18 04:17:13 +0000 2022","3","Sayangnya kebanyakan makanan yang dipilih akibat tergiur media sosial adalah makanan tidak sehat. #kumparanFOOD https://t.co/vPxK7hkRvh","1571352621478453251","","","in","","0","0","0","https://twitter.com/kumparan/status/1571352621478453251","759692754985242625","kumparan"
"1571274662482694144","Sat Sep 17 23:07:27 +0000 2022","0","Manfaat menyontek : 1. otot mata sehat 2. kreatifitas meningkat 3. Meningkatkn sosial teman 4. Nilai bagus 5. Melatih kecepatan gerak","1571274662482694144","","","in","","0","0","0","https://twitter.com/asihpriyati1/status/1571274662482694144","2191779301","asihpriyati1"
"1571095442070601729","Sat Sep 17 11:15:17 +0000 2022","0","Hallo #NawakTahes! Mohon maaf dikarenakan adanya perbaikan sistem Layanan Hotline WA Puskesmas Janti Care pada 17-20 September 2022 dialihkan ke Media Sosial Puskesmas Janti Salam sehat dari MinHes Janti https://t.co/evRWvtVdiq","1571095442070601729","https://pbs.twimg.com/media/Fc2m-R3agAEeCWR.jpg","","in","Jl. Janti Barat no. 88, Sukun","0","0","0","https://twitter.com/janticare/status/1571095442070601729","1294491727311470592","janticare"
"1571048163850743810","Sat Sep 17 08:07:25 +0000 2022","0","Manfaat menyontek : 1. otot mata sehat 2. kreatifitas meningkat 3. Meningkatkn sosial teman 4. Nilai bagus 5. Melatih kecepatan gerak","1571048163850743810","","","in","","0","0","0","https://twitter.com/asihpriyati1/status/1571048163850743810","2191779301","asihpriyati1"
"1570967147446415361","Sat Sep 17 02:45:29 +0000 2022","3","Konsep Net Zero itu ga bisa dipisahkan dari Sustainable Development yang juga didalamnya termasuk hidup sehat dan keadilan sosial. Sementara Net Zero karbon isinya juga ga cuma mobil listrik.","1570967147446415361","","","in","Jatiasih, Indonesia","0","0","0","https://twitter.com/dapitnih/status/1570967147446415361","1248803440710406145","dapitnih"
"1570821674475597825","Fri Sep 16 17:07:26 +0000 2022","0","Manfaat menyontek : 1. otot mata sehat 2. kreatifitas meningkat 3. Meningkatkn sosial teman 4. Nilai bagus 5. Melatih kecepatan gerak","1570821674475597825","","","in","","0","0","0","https://twitter.com/asihpriyati1/status/1570821674475597825","2191779301","asihpriyati1"
"1570807297957593095","Fri Sep 16 16:10:18 +0000 2022","0","[EDISI X SEKOLAH ADVOKASI] Halooo teman-teman FPIK! Bagaimana kabarnya nih? Semoga selalu sehat dan bahagia yaa Kami dari Kementerian Advokasi dan Kesejahteraan Mahasiswa (Adkesma) dan Kementerian Sosial Politik dan Kemaritiman (Sospolmar) BEM FPIK UNSOED https://t.co/5OD8etFgBG","1570807297957593095","https://pbs.twimg.com/media/Fcyg4YSaMAAkkS4.jpg","","in","Purwokerto Utara, Central Java","0","1","0","https://twitter.com/bem_fpikunsoed/status/1570807297957593095","3153071744","bem_fpikunsoed"
"1570683554539130880","Fri Sep 16 07:58:35 +0000 2022","0","Biro Kesejahteraan Sosial Setda Provinsi DKI Jakarta mengadakan Diskusi Sehari Seru: Remaja Sehat Remaja Berprestasi Bebas Anemia secara daring pada Jumat (16/9). #BacadiBJ #BeritaJakarta #DKIJakarta #JAKI #WeLoveJakarta https://t.co/MVCh9gKjXa","1570683554539130880","","","in","Balaikota DKI Jakarta","0","0","0","https://twitter.com/BeritaJakarta/status/1570683554539130880","213204035","BeritaJakarta"
"1570595178574147585","Fri Sep 16 02:07:25 +0000 2022","0","Manfaat menyontek : 1. otot mata sehat 2. kreatifitas meningkat 3. Meningkatkn sosial teman 4. Nilai bagus 5. Melatih kecepatan gerak","1570595178574147585","","","in","","0","0","0","https://twitter.com/asihpriyati1/status/1570595178574147585","2191779301","asihpriyati1"
"1570382677538394112","Thu Sep 15 12:03:01 +0000 2022","0","RRI sebagai Lembaga Penyiaran Publik berfungsi memberikan pelayanan informasi pendidikan hiburan yang sehat kontrol dan perekat sosial serta melestarikan budaya bangsa untuk kepentingan masyarakat melalui penyelenggaraan penyiaran radio yang menjangkau seluruh wilayah NKRI. https://t.co/4IkbwbHBUs","1570382677538394112","https://pbs.twimg.com/media/FcsetlSacAMUFVU.jpg","","in","Pekanbaru, Riau","0","0","0","https://twitter.com/kpknlpekanbaru/status/1570382677538394112","1417737534432374787","kpknlpekanbaru"
"1570368690276958208","Thu Sep 15 11:07:26 +0000 2022","0","Manfaat menyontek : 1. otot mata sehat 2. kreatifitas meningkat 3. Meningkatkn sosial teman 4. Nilai bagus 5. Melatih kecepatan gerak","1570368690276958208","","","in","","0","0","0","https://twitter.com/asihpriyati1/status/1570368690276958208","2191779301","asihpriyati1"
"1570321840895303681","Thu Sep 15 08:01:16 +0000 2022","1","Kampanye #BertemanAman akan melanjutkan program JaWARa Internet Sehat melalui aktivasi konten media sosial untuk merangkul lebih banyak lagi anak muda dalam meningkatkan edukasi literasi digital melalui media sosial. @PlateJohnny @kemkominfo","1570321840895303681","","","in","Kota Pekalongan, Jawa Tengah","0","0","0","https://twitter.com/Marbot_Udien/status/1570321840895303681","3827798354","Marbot_Udien"
"1570284603948277761","Thu Sep 15 05:33:18 +0000 2022","0","Aset Negara mendukung penyediaan fasilitas pelayanan informasi pendidikan hiburan sehat kontrol&amp;perekat sosial melestarikan budaya bangsa utk kepentingan slrh masyarakat melalui penyelenggaraan penyiaran radio&amp;menjangkau seluruh NKRI. #UangKita #IniPunyaKita #JagaAsetNegara https://t.co/XlCjMIvYg2","1570284603948277761","https://pbs.twimg.com/media/FcrFOIeaIAAR3Ln.jpg","","in","Jakarta Capital Region","0","0","0","https://twitter.com/kpknljakarta1/status/1570284603948277761","1437247629948112899","kpknljakarta1"
"1570261352429789188","Thu Sep 15 04:00:55 +0000 2022","0","Semangat pagi salam sehat dan semangat untuk selalu berintegritas dari #admira_bpom untuk semua #kaka_pengawasan. Dalam rangka peningkatan pengelolaan media sosial di lingkungan Badan POM maka dilakukan penyeragaman nama akun media sosial Inspektorat II menjadi:","1570261352429789188","","","in","","0","1","0","https://twitter.com/inspktrt2bpom/status/1570261352429789188","1152151470441037824","inspktrt2bpom"
"1570142187517779969","Wed Sep 14 20:07:23 +0000 2022","0","Manfaat menyontek : 1. otot mata sehat 2. kreatifitas meningkat 3. Meningkatkn sosial teman 4. Nilai bagus 5. Melatih kecepatan gerak","1570142187517779969","","","in","","0","0","0","https://twitter.com/asihpriyati1/status/1570142187517779969","2191779301","asihpriyati1"
"1569935320900304899","Wed Sep 14 06:25:23 +0000 2022","373","Seneng banget ngeliat orang-orang ngelakuin hal positif di lingkungan sosial. Sesimple ngsasih tempat duduk ke lansia ke ibu hamil dan perempuan. Simple sih tapi bikin bahagia liatnya sehat selalu orang2 baik ","1569935320900304899","","","in","Indonesia","1","2","9","https://twitter.com/rclnatasyaa/status/1569935320900304899","886499664","rclnatasyaa"
"1569916647305256965","Wed Sep 14 05:11:11 +0000 2022","0","Beda dengan urusan uang pekerjaan status sosial maka sedikit yang mau memelihara kesehatan karena tidak punya motifnya. Kebangun tidur pagiii ga niat olahraga ga mikir memilih menu sehat. berapa kali seminggu anda olahraga?","1569916647305256965","","","in","Tangerang - Banten, Indonesia","0","0","0","https://twitter.com/pusatherbalcom/status/1569916647305256965","411557062","pusatherbalcom"
"1569915700558577665","Wed Sep 14 05:07:25 +0000 2022","0","Manfaat menyontek : 1. otot mata sehat 2. kreatifitas meningkat 3. Meningkatkn sosial teman 4. Nilai bagus 5. Melatih kecepatan gerak","1569915700558577665","","","in","","0","0","0","https://twitter.com/asihpriyati1/status/1569915700558577665","2191779301","asihpriyati1"
"1569876780546408448","Wed Sep 14 02:32:46 +0000 2022","8","Transportasi publik @InfoKRL @krlmania Sdh enak. Tepat wktu berjalan naik-turun tangga menyehatkan. Dan lbh2 jd lbh tau interaksi sosial masyarakat . Sehat berkah untk kita semua https://t.co/N5NygaPi7w","1569876780546408448","https://pbs.twimg.com/ext_tw_video_thumb/1569876685662867456/pu/img/XyW7AFb3xGZ1T7_3.jpg","","in","Indonesia","0","0","1","https://twitter.com/cak_suhaimi/status/1569876780546408448","146700124","cak_suhaimi"
"1569817530818265089","Tue Sep 13 22:37:19 +0000 2022","1","[DOKUMENTASI BAKTI SOSIAL BEM PKM PERIODE 2022-2023] . Telah berlangsung salah satu Program Kerja dari Kementerian Advokasi dan Kesejahteraan Mahasiswa (ADKEMA) yaitu BAKTI SOSIAL BEM PKM dengan tema Mengabdi dengan Aksi Menebarkan Kepedulian untuk Masyarakat lebih sehat . https://t.co/9gG8PK1jmV","1569817530818265089","https://pbs.twimg.com/media/FckctbEaAAAvrll.jpg","","in","Makassar, Indonesia","0","1","0","https://twitter.com/BEMPoltekkesMks/status/1569817530818265089","799827325","BEMPoltekkesMks"
"1569689210441060352","Tue Sep 13 14:07:25 +0000 2022","0","Manfaat menyontek : 1. otot mata sehat 2. kreatifitas meningkat 3. Meningkatkn sosial teman 4. Nilai bagus 5. Melatih kecepatan gerak","1569689210441060352","","","in","","0","0","0","https://twitter.com/asihpriyati1/status/1569689210441060352","2191779301","asihpriyati1"
"1569629951128932352","Tue Sep 13 10:11:57 +0000 2022","0","Pengurangan subsidi BBM diantaranya digunakan untuk bantuan sosial tambahan semoga bermanfaat APBN sehat untuk kesejahteraan rakyat Indonesia https://t.co/3sveyUGhiC","1569629951128932352","https://pbs.twimg.com/media/FchyHxTagAArj2r.jpg","","in","","0","0","0","https://twitter.com/Ravinarendra/status/1569629951128932352","78559679","Ravinarendra"
"1569582001488904193","Tue Sep 13 07:01:25 +0000 2022","1","Agar Tetap Sehat Mental Curhat ke Allah SWT Bukan Media Sosial #langit7id #cahayamenujukebaikan https://t.co/abzH6gckoR https://t.co/TFoEnrQYKT","1569582001488904193","https://pbs.twimg.com/media/FchGg1kXoAABvks.jpg","","in","","0","1","0","https://twitter.com/langit7id/status/1569582001488904193","1416246557511274497","langit7id"
"1569462718612279296","Mon Sep 12 23:07:25 +0000 2022","0","Manfaat menyontek : 1. otot mata sehat 2. kreatifitas meningkat 3. Meningkatkn sosial teman 4. Nilai bagus 5. Melatih kecepatan gerak","1569462718612279296","","","in","","0","0","0","https://twitter.com/asihpriyati1/status/1569462718612279296","2191779301","asihpriyati1"
"1569345651036639233","Mon Sep 12 15:22:14 +0000 2022","1","ugm_fess guyss ada yang berkenan bantu aku untuk isi ku1si0ner penelitian terkait media sosial? Terima kasih semoga sehat selalu &amp; dimudahkan seluruh urusan kalian","1569345651036639233","","","in","RULES","0","7","0","https://twitter.com/UGM_FESS/status/1569345651036639233","1277749122296983552","UGM_FESS"
"1569327935949262855","Mon Sep 12 14:11:51 +0000 2022","0","Lakukan Gotong Royong Ciptakan Lingkungan Sehat Membina Hubungan Sosial dan Merawat Kebersamaan https://t.co/VkPT3WONZr","1569327935949262855","","","in","bulukumba","0","0","0","https://twitter.com/mediumID/status/1569327935949262855","1354745601448005635","mediumID"
"1569327475502600193","Mon Sep 12 14:10:01 +0000 2022","0","Lakukan Gotong Royong Ciptakan Lingkungan Sehat Membina Hubungan Sosial dan Merawat Kebersamaan https://t.co/VkPT3WOg9T","1569327475502600193","","","in","bulukumba","0","0","0","https://twitter.com/mediumID/status/1569327475502600193","1354745601448005635","mediumID"
"1569319893954166785","Mon Sep 12 13:39:53 +0000 2022","0","Wujudkan Masyarakat Sehat 2022 BEM PKM Gelar Bakti Sosial di Jeneponto : https://t.co/mYCDV3lbRt","1569319893954166785","","","in","","0","0","0","https://twitter.com/rakyatkucom/status/1569319893954166785","1404684336553627650","rakyatkucom"
"1569298590471962624","Mon Sep 12 12:15:14 +0000 2022","1","Pendistribusian Bantuan Sosial Baznas dalam Program Jambi Sejahtera Jambi Taqwa Jambi Cerdas dan Jambi Sehat bertempat di Auditorium Rumah Dinas Gubernur Jambi pada Senin (12/09/2022). #jambimantap #baznas #baznasprovinsijambi #wakilgubernurjambi #abdullahsani #wagubjambi https://t.co/UT3HzJBUxX","1569298590471962624","https://pbs.twimg.com/media/FcdEvn8akAIDILV.jpg","","in","","0","0","0","https://twitter.com/sahabat_pakdul/status/1569298590471962624","1426474055457071109","sahabat_pakdul"
"1569243681319972864","Mon Sep 12 08:37:03 +0000 2022","0","Happy weekend KEDAfren! Walaupun kita sering memakai filter di sosial media untuk terlihat lebih cantik tapi tetap harus merawat kulit wajah kita ya! Yuk rawat kulitmu sejak dini supaya tetap terlihat sehat glowing dan juga awet muda sepanjang masa https://t.co/8Ba78di2JB","1569243681319972864","https://pbs.twimg.com/media/FccSzqEagAAeNA-.jpg","","in","Jakarta - Semarang","0","1","0","https://twitter.com/klinikestetika/status/1569243681319972864","542402735","klinikestetika"
"1569236224547721218","Mon Sep 12 08:07:25 +0000 2022","0","Manfaat menyontek : 1. otot mata sehat 2. kreatifitas meningkat 3. Meningkatkn sosial teman 4. Nilai bagus 5. Melatih kecepatan gerak","1569236224547721218","","","in","","0","0","0","https://twitter.com/asihpriyati1/status/1569236224547721218","2191779301","asihpriyati1"
"1569199372923195392","Mon Sep 12 05:40:59 +0000 2022","2","Sahabat sehat mari saksikan Sosialisasi STBM (Sanitasi Total Berbasis Masyarakat) Sekolah/Madrasah Yang Responsif terhadap Gender dan Inklusi Sosial serta MKM (Manajemen Kebersihan Menstruasi) Ikuti dengan klik link dibawah ini : https://t.co/JMYaeYKctW https://t.co/UMB7RZyOli","1569199372923195392","https://pbs.twimg.com/media/FcbqgaUacAEfJOx.jpg","","in","Jl. H.R. Rasuna Said Blok X-5 ","0","0","0","https://twitter.com/DitjenP2Pkemkes/status/1569199372923195392","209506820","DitjenP2Pkemkes"
"1569190100801851392","Mon Sep 12 05:04:08 +0000 2022","0","Ajang jalan sehat ini ternyata jadi momen pertemuan dua tokoh yang sering bikin heboh media sosial. Siapa lagi kalau bukan pak Mendag @ZUL_Hasan dan pak Gubernur Jateng @ganjarpranowo #JatengGembira","1569190100801851392","","","in","","0","0","0","https://twitter.com/RakyatBicara__/status/1569190100801851392","96325583","RakyatBicara__"
"1569093788555001858","Sun Sep 11 22:41:26 +0000 2022","0","Wujudkan Masyarakat Sehat BEM Poltekkes Kemenkes Makassar Laksanakan Bakti Sosial https://t.co/1qGUJUFHHt","1569093788555001858","","","in","Sinjai, Sulawesi Selatan","0","0","0","https://twitter.com/Suarajelata1/status/1569093788555001858","1091866339344404480","Suarajelata1"
"1569009736301047808","Sun Sep 11 17:07:26 +0000 2022","0","Manfaat menyontek : 1. otot mata sehat 2. kreatifitas meningkat 3. Meningkatkn sosial teman 4. Nilai bagus 5. Melatih kecepatan gerak","1569009736301047808","","","in","","0","0","0","https://twitter.com/asihpriyati1/status/1569009736301047808","2191779301","asihpriyati1"
"1568963666921521152","Sun Sep 11 14:04:22 +0000 2022","0","SOSIAL CAMPAIGN PKKMB UNIKU 2022 Assalamualaikum warahmatullahi wabarokatuh... tema : Bumi butuh aksi Hallo cuyy kembuali lagi sama saya huhuy salam sehat cinta alam untuk kita semua Perkenalkan saya Adamromadhona dari kelompok 27 Jurusan Sistem informasi Universitas Kng https://t.co/GnxvzxsyJ4","1568963666921521152","https://pbs.twimg.com/media/FcYUI10agAApOC0.jpg","","in","","0","0","0","https://twitter.com/adamr061/status/1568963666921521152","1568961777148526594","adamr061"
"1568818394132267009","Sun Sep 11 04:27:07 +0000 2022","12","Dandim 0718/Pati Letkol Inf Catur Irawan S.I.P M.I.P mengikuti jalan sehat Bhakti Sosial dalam rangka gebyar menjelang Mukthamar Muhammadiyah Aisyiyah ke-48 bertempat di Alun-alun Kabupaten Pati.Minggu (11/09/2022) #kodimpati #notowibowobelonegoro https://t.co/3ODEFRpLKu","1568818394132267009","https://pbs.twimg.com/media/FcWP_eBaMAE6zBn.jpg","","in","Pati, Indonesia","0","0","0","https://twitter.com/pendimpati0718/status/1568818394132267009","1437246227951669248","pendimpati0718"
"1568798797580615682","Sun Sep 11 03:09:14 +0000 2022","0","Mental yang sehat akan membuat pikiran menjadi positif sehingga tubuh akan berfungsi dengan baik secara emosional psikologis sosial dan akan mempengaruhi cara berfikir merasakan dan berperilaku. #lokitacare #youmatterstartnow #mentalsehatitupenting","1568798797580615682","","","in","","0","0","0","https://twitter.com/PontianakPagi/status/1568798797580615682","1334267426","PontianakPagi"
"1568795097860575233","Sun Sep 11 02:54:32 +0000 2022","0","Menjaga mental selalu sehat itu sudah menjadi sebuah keharusan di zaman sekarang ini. Apalagi banyak informasi di media sosial kadang bikin stress. #lokitacare #youmatterstartnow #mentalsehatitupenting","1568795097860575233","","","in","Surabaya","0","1","0","https://twitter.com/Mariatanjungsa1/status/1568795097860575233","1416361225231900673","Mariatanjungsa1"
"1568788761735200768","Sun Sep 11 02:29:22 +0000 2022","0","Dengan mental yang sehat maka tubuh akan berfungsi dengan baik secara emosional psikologis dan sosial #lokitacare #youmatterstartnow #mentalsehatitupenting","1568788761735200768","","","in","","0","0","0","https://twitter.com/nikkobms/status/1568788761735200768","1449738054055256068","nikkobms"
"1568782881702514688","Sun Sep 11 02:06:00 +0000 2022","0","Mental yang sehat akan membuat pikiran menjadi positif sehingga tubuh akan berfungsi dengan baik secara emosional psikologis sosial dan akan mempengaruhi cara berfikir merasakan dan berperilaku. #lokitacare #youmatterstartnow #mentalsehatitupenting","1568782881702514688","","","in","Indonesia","0","0","0","https://twitter.com/restigious/status/1568782881702514688","1375840285805015040","restigious"
"1568556748507856898","Sat Sep 10 11:07:25 +0000 2022","0","Manfaat menyontek : 1. otot mata sehat 2. kreatifitas meningkat 3. Meningkatkn sosial teman 4. Nilai bagus 5. Melatih kecepatan gerak","1568556748507856898","","","in","","0","0","0","https://twitter.com/asihpriyati1/status/1568556748507856898","2191779301","asihpriyati1"
"1568464287970070529","Sat Sep 10 05:00:01 +0000 2022","10","Berbagai tips sehat untuk mengurangi timbunan lemak di tubuh pun seringkali muncul di media sosial bahkan di aplikasi belanja daring. https://t.co/SzK3EPvQmf","1568464287970070529","","","in","Jakarta Capital Region","0","0","0","https://twitter.com/asumsico/status/1568464287970070529","829366551446818816","asumsico"
"1568443504669630466","Sat Sep 10 03:37:26 +0000 2022","0","Manfaat menyontek : 1. otot mata sehat 2. kreatifitas meningkat 3. Meningkatkn sosial teman 4. Nilai bagus 5. Melatih kecepatan gerak","1568443504669630466","","","in","","0","0","0","https://twitter.com/asihpriyati1/status/1568443504669630466","2191779301","asihpriyati1"
"1568418231014293505","Sat Sep 10 01:57:00 +0000 2022","0","Gelombang yang tidak masuk dilogika manusia sudah mulai terjadi. Nanti akan ada lagi banyak hal2 diluar nalar manusia yang merusak akal sehat empati rasa kemanusian dan sosial yang akan terjadi. Semoga kita semua sehat2 terutama akal dan asap dapur tetap ngepul.","1568418231014293505","","","in","","0","0","0","https://twitter.com/masarvian/status/1568418231014293505","179295808","masarvian"
"1568370050314436608","Fri Sep 09 22:45:33 +0000 2022","0","Pengakuan warga terhdp yankes yg optimal &amp; ini adalah keseriusan @aniesbaswedan dlm mewujudkan Keadilan Sosial di bidang kesehatan DKI Jakarta. Ratu Elizabeth dan Seminggu di Rumah Sehat Cengkareng Mulai senin (5/9) istriku Helma Faturrahmah harus menginap di RSUD Cengkareng https://t.co/tuO30ocGI4","1568370050314436608","https://pbs.twimg.com/media/FcP4P6AaIAE3zDu.jpg","","in","Indonesia","0","1","0","https://twitter.com/VanJoel1975/status/1568370050314436608","137208987","VanJoel1975"
"1568217016821227520","Fri Sep 09 12:37:27 +0000 2022","0","Manfaat menyontek : 1. otot mata sehat 2. kreatifitas meningkat 3. Meningkatkn sosial teman 4. Nilai bagus 5. Melatih kecepatan gerak","1568217016821227520","","","in","","0","0","0","https://twitter.com/asihpriyati1/status/1568217016821227520","2191779301","asihpriyati1"
"1568192975662104578","Fri Sep 09 11:01:55 +0000 2022","0","Lowongan Kerja Badan Pusat Statistik (BPS) Banyumas PETUGAS PENDATAAN REGISTRASI SOSIAL EKONOMI (REGSOSEK) 2022 Kualifikasi : Pria/Wanita Sehat jasmani dan rohani Disiplin dan berkomitmen Diutamakan minimal lulus SMA sederajat Diutamakan berumur 18 s.d. 50 tahun","1568192975662104578","","","in","","0","1","0","https://twitter.com/karirpurwokerto/status/1568192975662104578","1237416418338992130","karirpurwokerto"
"1568127559300153344","Fri Sep 09 06:41:59 +0000 2022","0","Pengalihan Subsidi Tepat untuk masyarakat Kementerian Sosial sedang memperjuangkan program pemberdayaan untuk masyarakat pra sejahtera di samping bantuan sosial yang selama ini disalurkan. ayo #BersatuDukungPemerintah https://t.co/BcmWt8jAIb","1568127559300153344","https://pbs.twimg.com/media/FcMbsTPWIAIa651.jpg","","in","","0","0","0","https://twitter.com/sabahat_sehat/status/1568127559300153344","1520945743845937152","sabahat_sehat"
"1568117699540307968","Fri Sep 09 06:02:48 +0000 2022","0","Untuk Menteri Sosial tolong data nya yang valid bagi penerima Bansos. Saya yang menderita Jantung Koroner dan TBC RO dari 2018 tidak pernah dapat BANSOS sekalipun dari awal adanya BANSOS. kenapa Orang sehat masih bisa kerja dapat BANSOS.? Otak kalian dimana @DinsosDKI1 https://t.co/uzBauH5yqQ","1568117699540307968","https://pbs.twimg.com/media/FcMSu9laAAAjwsb.jpg","","in","Jakarta Timur, DKI Jakarta","0","0","0","https://twitter.com/Ibrahimbawono/status/1568117699540307968","1566568589913534464","Ibrahimbawono"
"1568090448291581953","Fri Sep 09 04:14:31 +0000 2022","0","Oktober best lah TPK PK22 d tambah SOSIAL EKONOMI Bismillah lancar sehat jagjag waringkas ","1568090448291581953","","","in","sukabumi west java","0","0","0","https://twitter.com/Tierahmawati11/status/1568090448291581953","2305014630","Tierahmawati11"
"1568089674840969216","Fri Sep 09 04:11:26 +0000 2022","2","Bantuan Sosial Dalam Rangka Hari Lalu Lintas Bhayangkara Ke-67 KOMBES POL TRI YULIANTO S.I.K. https://t.co/9cXODWKuPz Direktur Lalu Lintas Polda Kepri. POLANTAS CEKATAN - Cepat - Konsisten - Tanggap Salam sehat - salam presisi - salam cekatan #polripresisi #humaspolri https://t.co/tfCMBwGMoh","1568089674840969216","https://pbs.twimg.com/ext_tw_video_thumb/1568089441876705280/pu/img/TP4JlMBGPypnZiIQ.jpg","","in","Kota Batam, Kepulauan Riau","0","0","2","https://twitter.com/rtmcpoldakepri/status/1568089674840969216","555040001","rtmcpoldakepri"
"1567990514582192130","Thu Sep 08 21:37:25 +0000 2022","0","Manfaat menyontek : 1. otot mata sehat 2. kreatifitas meningkat 3. Meningkatkn sosial teman 4. Nilai bagus 5. Melatih kecepatan gerak","1567990514582192130","","","in","","0","0","0","https://twitter.com/asihpriyati1/status/1567990514582192130","2191779301","asihpriyati1"
"1567952778261331969","Thu Sep 08 19:07:28 +0000 2022","4","Ada sebab maka timbul akibat Mari bersosial media dengan sehat. Jangan pernah memanfaatkan sosial media sebagai ajang tipu-tipu. Jadilah manusia yang berakal berhati nurani dalam bersosial media. Semoga KeberkahanNYA berlimpah untuk kita semua https://t.co/thOpF2xixx","1567952778261331969","https://pbs.twimg.com/media/FcJ8vcEacAEwtsC.jpg","","in","","0","0","0","https://twitter.com/nogosariiii/status/1567952778261331969","1040666007130402816","nogosariiii"
"1567764029426511872","Thu Sep 08 06:37:26 +0000 2022","0","Manfaat menyontek : 1. otot mata sehat 2. kreatifitas meningkat 3. Meningkatkn sosial teman 4. Nilai bagus 5. Melatih kecepatan gerak","1567764029426511872","","","in","","0","0","0","https://twitter.com/asihpriyati1/status/1567764029426511872","2191779301","asihpriyati1"
"1567762502905110528","Thu Sep 08 06:31:22 +0000 2022","0","Mensos Atur Penyaluran BLT BBM #SubsidiTepatEkonomiBangkit Menteri Sosial Tri Rismaharini telah mengupayakan langkah strategis penyaluran BLT BBM tepat sasaran slh satunya dgn melakukan pembaharuan sistem Data Terpadu Kesejahteraan Sosial setiap bulan bersama pemerintah daerah https://t.co/n5SjiwnJpH","1567762502905110528","https://pbs.twimg.com/media/FcHPq7PWAAA7nnB.jpg","","in","","0","0","0","https://twitter.com/sabahat_sehat/status/1567762502905110528","1520945743845937152","sabahat_sehat"
"1567761413199855621","Thu Sep 08 06:27:03 +0000 2022","0","#SubsidiTepatEkonomiBangkit Kepala Badan Intelijen Negara Jend Pol (Purn) Budi Gunawan berpendapat bahwa pengalihan subsidi energi menjadi bantuan lgsg utk memastikan masyarakat yg paling rentan mendapatkan perlindungan &amp; penguatan sosial-ekonomi serta Penyaluran BLT BBM https://t.co/AXEOn8xDLf","1567761413199855621","https://pbs.twimg.com/media/FcHOrt1WQAEcZ71.jpg","","in","","0","0","0","https://twitter.com/sabahat_sehat/status/1567761413199855621","1520945743845937152","sabahat_sehat"
"1567760386618970112","Thu Sep 08 06:22:58 +0000 2022","0","Penyaluran BLT BBM tepat sasaran #SubsidiTepatEkonomiBangkit Menteri Sosial Tri Rismaharini menyampaikan bahwa pihaknya tengah mengupayakan langkah-langkah strategis penyaluran BLT BBM tepat sasaran. https://t.co/vZ6jcz5PhP","1567760386618970112","https://pbs.twimg.com/media/FcHNwaHakAI5t_j.jpg","","in","","0","0","0","https://twitter.com/sabahat_sehat/status/1567760386618970112","1520945743845937152","sabahat_sehat"
"1567739838748839937","Thu Sep 08 05:01:19 +0000 2022","0","OPTIMALKAN PELAYANAN KESEHATAN MELALUI PROGRAM MORUT SEHAT. LAPAS KOLONODALE BERKOLABORASI DENGAN DINAS KESEHATAN. mudian berkoordinasi dengan Kepala Dinas Sosial Kabupaten Morowali Utara. @kemenkumhamri @ditjenpas @kemenkumhamsulteng #kemenkumhamri #kemenkumhamsemakinpasti https://t.co/nslADsWILN","1567739838748839937","https://pbs.twimg.com/media/FcG658LakAEW8kN.jpg","","in","Sulawesi Tengah, Indonesia","0","0","0","https://twitter.com/Lapas_Kodal/status/1567739838748839937","1206398585656315904","Lapas_Kodal"
"1567537531394326533","Wed Sep 07 15:37:25 +0000 2022","0","Manfaat menyontek : 1. otot mata sehat 2. kreatifitas meningkat 3. Meningkatkn sosial teman 4. Nilai bagus 5. Melatih kecepatan gerak","1567537531394326533","","","in","","0","0","0","https://twitter.com/asihpriyati1/status/1567537531394326533","2191779301","asihpriyati1"
"1567523765994782720","Wed Sep 07 14:42:43 +0000 2022","0","Ipoleksosbudhankam I idiologi dirusak Pol Politik ga sehat Ek ekonomi nyungsep Sos sosial masyarakat terbelah Bud Budaya tergerus Han pertahanan lemah Kam keamanan kacau","1567523765994782720","","","in","","0","0","0","https://twitter.com/gatra_irwan/status/1567523765994782720","3772212433","gatra_irwan"
"1567513580840570881","Wed Sep 07 14:02:15 +0000 2022","1","Wujudkan Keluarga Sehat Koramil 06/Kesugihan Kodim 0703/Cilacap Selenggarakan Bakti Sosial TNI Manunggal KB Kesehatan TA. 2022. Rabu ( 07/09/2022 ) https://t.co/FN6h4ziUaa","1567513580840570881","https://pbs.twimg.com/media/FcDtRamakAIQFuD.jpg","","in","","0","0","0","https://twitter.com/pendim0703clp/status/1567513580840570881","3236906978","pendim0703clp"
"1567484055113039872","Wed Sep 07 12:04:55 +0000 2022","0","[Zona Sosial dan Lingkungan: Hari Udara Bersih Sedunia] Halo Civitas Akademika Udayana! Salam Lestari! Setiap makhluk hidup berhak untuk menghirup udara yang bersih dan sehat. Namun pencemaran udara yang mulai menjadi permasalahan serius menjadi salah satu kendala akan https://t.co/XHyv7sc7Ie","1567484055113039872","https://pbs.twimg.com/media/FcDSbK1agAIm4nH.jpg","","in","Denpasar, Bali","0","1","1","https://twitter.com/BEM_Udayana/status/1567484055113039872","187368277","BEM_Udayana"
"1567438127106752512","Wed Sep 07 09:02:25 +0000 2022","0","Nalar yang sehat adalah nalar yang bersikap kritis terhadap pengandaian-pengandaiannya sendiri. Ia tidak berpijak melulu pada pengandaian-pengandaian sosial tertentu melainkan bergerak secara jernih untuk melampauinya.Inilah yang disebut sebagai nalar kosmopolit.","1567438127106752512","","","in","Alam Suwung","0","1","0","https://twitter.com/Jiwa75380667/status/1567438127106752512","1492872343038795781","Jiwa75380667"
"1567380525161271296","Wed Sep 07 05:13:32 +0000 2022","5","Gelombang yang tidak masuk dilogika manusia sudah mulai terjadi. Nanti akan ada lagi banyak hal2 diluar nalar manusia yang merusak akal sehat empati rasa kemanusian dan sosial yang akan terjadi. Semoga kita semua sehat2 terutama akal dan asap dapur tetap mengepul.","1567380525161271296","","","in","","1","0","10","https://twitter.com/masarvian/status/1567380525161271296","179295808","masarvian"
"1567380412347068416","Wed Sep 07 05:13:05 +0000 2022","0","Gelombang yang tidak masuk dilogika manusia sudah mulai terjadi. Nanti akan ada lagi banyak hal2 diluar nalar manusia yang merusak akal sehat empati rasa kemanusian dan sosial yang akan terjadi. Semoga kita semua sehat2 terutama akal dan asap dapur.","1567380412347068416","","","in","","1","0","0","https://twitter.com/masarvian/status/1567380412347068416","179295808","masarvian"
"1567376906542260224","Wed Sep 07 04:59:09 +0000 2022","1","Bhakti Sosial Ditlantas Polda Kepri Dalam Rangka Hut Lalu Lintas Yang Ke 67 KOMBES POL TRI YULIANTO S.I.K. https://t.co/9cXODWKuPz Direktur Lalu Lintas Polda Kepri. POLANTAS CEKATAN - Cepat - Konsisten - Tanggap Salam sehat - salam presisi - salam cekatan #polripresisi https://t.co/Nr3Oc6XYJr","1567376906542260224","https://pbs.twimg.com/ext_tw_video_thumb/1567376788149665792/pu/img/4LXQ0qhmDt_Tyulj.jpg","","in","Kota Batam, Kepulauan Riau","0","0","1","https://twitter.com/rtmcpoldakepri/status/1567376906542260224","555040001","rtmcpoldakepri"
"1567366762026643460","Wed Sep 07 04:18:50 +0000 2022","0","Presiden Jokowi alihkan subsidi BBM menjadi bantuan sosial tambahan kepada masyarakat Pra sejahtera yang nilainya mencapai 24 17 triliun. Kebijakan ini diambil agar subsidi tepat sasaran selama ini subsidi BBM dinikmati kalangan mampu yang pura² miskin. #BLTBBMPulihkanEkonomi https://t.co/xG0m71E2Xl","1567366762026643460","https://pbs.twimg.com/ext_tw_video_thumb/1567366523471405058/pu/img/fMrj_4pJGVD44zBo.jpg","","in","","0","0","0","https://twitter.com/sabahat_sehat/status/1567366762026643460","1520945743845937152","sabahat_sehat"
"1567334415315140609","Wed Sep 07 02:10:18 +0000 2022","0","Warga Binaan Sosial Lansia Potensi maupun total care PSBI Bangun Daya 2 mengikuti kegiatan senam fisik peregangan otot dan juga berjemur agar para warga binaan dapat selalu aktif dan semangat untuk selalu hidup sehat. @DinsosDKI1 https://t.co/XRihNtKF0v","1567334415315140609","https://pbs.twimg.com/media/FcBKT4iaUAAn-OF.jpg","","in","Jl. Bina Marga No.48, Cipayung","0","0","0","https://twitter.com/psbibangundaya2/status/1567334415315140609","2800166454","psbibangundaya2"
"1567332832825196544","Wed Sep 07 02:04:01 +0000 2022","1","Kok bisa ya sebagian laki-laki insecure Aku gak mau punya pacar yang friendly ke laki-laki Teman sebangsaku mereka makhluk sosial biarkan pasanganmu memiliki hubungan sosial yang sehat. Mereka bukan propertimu.","1567332832825196544","","","in","🏳️‍⚧️ She/her","0","0","0","https://twitter.com/cold_dweller/status/1567332832825196544","3945538153","cold_dweller"
"1567318481204576256","Wed Sep 07 01:06:59 +0000 2022","1","Foto di sosial media berlagak seperti punya sesuatu mengaku sesuatu tapi di kenyataan hidup berbanding terbalik butuh pengakuan?situ sehat??","1567318481204576256","","","in","Pontianak, Indonesia","0","2","0","https://twitter.com/bunsentbone/status/1567318481204576256","67835055","bunsentbone"
"1567311043164270593","Wed Sep 07 00:37:26 +0000 2022","0","Manfaat menyontek : 1. otot mata sehat 2. kreatifitas meningkat 3. Meningkatkn sosial teman 4. Nilai bagus 5. Melatih kecepatan gerak","1567311043164270593","","","in","","0","0","0","https://twitter.com/asihpriyati1/status/1567311043164270593","2191779301","asihpriyati1"
"1567098796680806400","Tue Sep 06 10:34:03 +0000 2022","2","⭐⭐⭐⭐ out of 5 Gak dapat 5⭐ karena menurut ku isinya repetitif tapiii....bukunya tetap bagus kok. I wish I read this earlier. Isinya tentang menerapkan 'batasan' yang sehat dalam hubungan (keluarga teman pekerjaan sosial media dll) sehari-hari. https://t.co/eGtdvudXaW","1567098796680806400","https://pbs.twimg.com/media/Fb90DLeaUAA9xSX.jpg","","in","","0","0","0","https://twitter.com/dithreads/status/1567098796680806400","1528015959394783235","dithreads"
"1567061303130476544","Tue Sep 06 08:05:03 +0000 2022","0","Program PHBS Inhil Libatkan Baznas hingga Dinas Sosial: https://t.co/fvfXioYa49 - ;Rapat kegiatan pilot project Keluarga Sehat Tanggap dan Tangguh Bencana Menuju Perilaku Hidup Bersih dan Sehat (PHBS) digelar Tim Penggerak Pemberdayaan dan Kesejahteraan https://t.co/g8uoxLrozc https://t.co/89GHLdB3H8","1567061303130476544","https://pbs.twimg.com/media/Fb9R83baIAU7TxH.jpg","","in","","0","0","0","https://twitter.com/Riau1Official/status/1567061303130476544","984647597699751937","Riau1Official"
"1567035891050512384","Tue Sep 06 06:24:05 +0000 2022","0","Ada yang bilang saat kita menutup diri atau gak mau berinteraksi sama oranglain artinya kondisi sosial kita kurang sehat dan itu masalah.","1567035891050512384","","","in","","0","0","0","https://twitter.com/sop__buntut/status/1567035891050512384","2886867457","sop__buntut"
"1566983520773611525","Tue Sep 06 02:55:59 +0000 2022","0","Menteri Sosial (Mensos) Tri Rismaharini mengatakan BLT BBM akan diberikan Rp 150.000 selama 4 bulan. #PeralihanSubsidi Penyaluran BLT BBM https://t.co/Ib0Nq0waGu","1566983520773611525","https://pbs.twimg.com/media/Fb8LNCKaQAEWqz7.jpg","","in","","0","0","0","https://twitter.com/sabahat_sehat/status/1566983520773611525","1520945743845937152","sabahat_sehat"
"1566979972132392961","Tue Sep 06 02:41:53 +0000 2022","0","Kepala BIN Jenderal Pol (Purn) Budi Gunawan meminta masyarakat utk bisa memahami maksud &amp; tujuan besar pemerintah mengurangi subsidi energi &amp; mengalihkannya menjadi dana perlindungan sosial masyarakat tak mampu serta pemerintah jg akan memitigasi risiko penyesuaian harga BBM https://t.co/AdMnfIZ8lK","1566979972132392961","https://pbs.twimg.com/media/Fb8H-btaQAIw7qG.jpg","","in","","0","0","0","https://twitter.com/sabahat_sehat/status/1566979972132392961","1520945743845937152","sabahat_sehat"
"1566850502989856768","Mon Sep 05 18:07:25 +0000 2022","0","Manfaat menyontek : 1. otot mata sehat 2. kreatifitas meningkat 3. Meningkatkn sosial teman 4. Nilai bagus 5. Melatih kecepatan gerak","1566850502989856768","","","in","","0","0","0","https://twitter.com/asihpriyati1/status/1566850502989856768","2191779301","asihpriyati1"
"1566826756673523712","Mon Sep 05 16:33:03 +0000 2022","0"," Sehat secara sosial bukan secara mental/biologis. bu rtno️","1566826756673523712","","","in","𝚿","0","1","0","https://twitter.com/ehrenfr_/status/1566826756673523712","1443887658963329028","ehrenfr_"
"1566792541605081091","Mon Sep 05 14:17:06 +0000 2022","3","Petuah Miliarder Mark Zuckerberg: Media Sosial Buat Bangun Relasi Bukan Hanya Konsumsi Konten: Namun sebaliknya menjadi benar ketika orang mengembangkan terlalu banyak ketergantungan pada media sosial atau hubungan emosional yang tidak sehat. https://t.co/oTAt19auaG","1566792541605081091","","","in","Jakarta","1","0","0","https://twitter.com/liputan6dotcom/status/1566792541605081091","47596019","liputan6dotcom"
"1566761287304224779","Mon Sep 05 12:12:54 +0000 2022","0","Bjir w daftar jadi sosial media manager UI sehat mental w baru tahu harus wawancara x'd","1566761287304224779","","","in","Jakarta Capital Region","0","0","0","https://twitter.com/rohani_alip/status/1566761287304224779","878592221519372288","rohani_alip"
"1566712750881251329","Mon Sep 05 09:00:02 +0000 2022","0","Mad oleh takon taa Adakah disini yang bekerja di dinas sosial /yg ngerti seputar KIS (kartu Indonesia sehat) klo ada nantik tak dm /jbrfess/ terimakasih","1566712750881251329","","","in","","0","0","0","https://twitter.com/jembermfs/status/1566712750881251329","1188692236172578816","jembermfs"
"1566683909488013312","Mon Sep 05 07:05:26 +0000 2022","1","Sekolah Lansia sebagai upaya mewujudkan Lansia SMART (Sehat Mandiri Aktif dan Produktif) serta pemenuhan 7 dimensi hak lansia yaitu dimensi spiritual dimensi fisik dimensi vokasional dimensi sosial dimensi lingkungan dimensi hobi dan dimensi intelektual. https://t.co/UELybACrYQ","1566683909488013312","https://pbs.twimg.com/media/Fb36sOdaIAELXMP.jpg","","in","Jl.Majapahit No.1 Kota Malang ","0","2","0","https://twitter.com/bappedamlg/status/1566683909488013312","3195461750","bappedamlg"
"1566070353700392960","Sat Sep 03 14:27:23 +0000 2022","0","BEM KM UPN Veteran Yogyakarta Proudly Present Donor Darah dan Pemeriksaan Kesehatan Halo Generasi Sehat !! Ingin berkontribusi dalam kegiatan sosial namun tetap menyehatkan? Yuk ikuti Donor Darah dan Pemeriksaan Kesehatan yang akan dilaksanakan pada : https://t.co/gA1xQN2t38","1566070353700392960","https://pbs.twimg.com/media/FbvMq09UUAA2i0q.jpg","","in","Sleman, Indonesia","0","1","0","https://twitter.com/bemkmupnvy/status/1566070353700392960","1174322339116306433","bemkmupnvy"
"1565944543865757696","Sat Sep 03 06:07:27 +0000 2022","0","Manfaat menyontek : 1. otot mata sehat 2. kreatifitas meningkat 3. Meningkatkn sosial teman 4. Nilai bagus 5. Melatih kecepatan gerak","1565944543865757696","","","in","","0","0","0","https://twitter.com/asihpriyati1/status/1565944543865757696","2191779301","asihpriyati1"
"1565914021013794816","Sat Sep 03 04:06:10 +0000 2022","0","Helo Sobat Sehat Selamat siang semuanya Tim Puskesmas Pamotan sedang melakukan kunjungan ke Desa Pojok guna mengunjungi Bakti Sosial dalam acara Pengobatan Gratis yang dilakukan oleh FK Universitas Brawijaya Malang. Semoga Bermanfaat. https://t.co/gcRIhNX9a6","1565914021013794816","https://pbs.twimg.com/media/Fbs-cpoVUAEXq9-.jpg","","in","Jl. Ahmad Yani No.68 Pamotan ","0","0","0","https://twitter.com/PuskesmasPamot1/status/1565914021013794816","1191339804580929536","PuskesmasPamot1"
"1565831280255959040","Fri Sep 02 22:37:23 +0000 2022","0","Manfaat menyontek : 1. otot mata sehat 2. kreatifitas meningkat 3. Meningkatkn sosial teman 4. Nilai bagus 5. Melatih kecepatan gerak","1565831280255959040","","","in","","0","0","0","https://twitter.com/asihpriyati1/status/1565831280255959040","2191779301","asihpriyati1"
"1565823958183985152","Fri Sep 02 22:08:17 +0000 2022","3","Assalamualaikum wr.wb selamat pagi twips selamat berakhir pekan semoga semuanya dalam keadaan ceria bersama keluarga/teman mari kita hindari membicarakan aib orang lain dimedia sosial jaga ucapan dan jaga tindakan agar tidak melukai hati orang lain. Salam sehat buat semuanya","1565823958183985152","","","in","Gorontalo Indonesia","0","0","0","https://twitter.com/numadayana/status/1565823958183985152","781527721","numadayana"
"1565720960648773632","Fri Sep 02 15:19:01 +0000 2022","1","Komunikasi banyak arah itu penting sih. Tapi kalo komunikasi bentar udah ngeggas pakai urat dan merasa paling selalu benar lama-lama juga gak sehat. Manusia punya satu paradigma sosial tersendiri. Dan bukan beban","1565720960648773632","","","in","","0","0","0","https://twitter.com/posjagarumah/status/1565720960648773632","1210349558544289792","posjagarumah"
"1565621291545432065","Fri Sep 02 08:42:58 +0000 2022","0","Sehat Bermedia Sosial Hindari Vandalisme Digital https://t.co/yAZgrVfU7F","1565621291545432065","","","in","Kota Surabaya, Jawa Timur","0","0","0","https://twitter.com/OnlineSurabaya/status/1565621291545432065","4143159794","OnlineSurabaya"
"1565620807795359749","Fri Sep 02 08:41:03 +0000 2022","1","Hai Kak@Pinandwahyu sama -sama Kak terima kasih sudah menggunakan layanan Media Sosial BNI dan sehat selalu ya Kak. Pastiin akun Sosial Media BNI terdapat tanda centang biru di sebelah nama (bukan pada foto profil). -Tks -Yosefin-","1565620807795359749","","","in","Indonesia","0","0","0","https://twitter.com/BNI/status/1565620807795359749","62455266","BNI"
"1565604785503739904","Fri Sep 02 07:37:23 +0000 2022","0","Manfaat menyontek : 1. otot mata sehat 2. kreatifitas meningkat 3. Meningkatkn sosial teman 4. Nilai bagus 5. Melatih kecepatan gerak","1565604785503739904","","","in","","0","0","0","https://twitter.com/asihpriyati1/status/1565604785503739904","2191779301","asihpriyati1"
"1565546466784882689","Fri Sep 02 03:45:38 +0000 2022","0","Warga Binaan Sosial Lansia Potensi maupun total care PSBI Bangun Daya 2 mengikuti kegiatan senam fisik peregangan otot dan juga berjemur agar para warga binaan dapat selalu aktif dan semangat untuk selalu hidup sehat. @DinsosDKI1 https://t.co/XzTbXd3CgB","1565546466784882689","https://pbs.twimg.com/media/FbnwMGnVQAAVX3K.jpg","","in","Jl. Bina Marga No.48, Cipayung","0","0","0","https://twitter.com/psbibangundaya2/status/1565546466784882689","2800166454","psbibangundaya2"
"1565545436198617088","Fri Sep 02 03:41:33 +0000 2022","0","Ikatan Alumni SMPN 1 Malang (IKASPENSA Malang) dalam hari jadinya yang ke 11 akan mengadakan kegiatan bakti sosial dan jalan sehat. Kegiatan ... https://t.co/6B2wqM4t9m #timesindonesia #ketahananinformasi #indonesiabangkit","1565545436198617088","","","in","Wisma Mas Isman Jakarta","0","0","0","https://twitter.com/timescoid/status/1565545436198617088","1052798082419580928","timescoid"
"1565489743743184897","Fri Sep 02 00:00:14 +0000 2022","0","Presiden Joko Widodo didampingi Menteri Sosial Tri Rismaharini meninjau Rumah Sehat Kampung Doyo Baru Kabupaten Jayapura Papua Rabu untuk memastikan terciptanya ekosistem yang baik dan masyarakat nyaman terhadap usaha pemerintah yang lebihbaik #TolakReferendumPapua #PapuaAman https://t.co/v0D67IKAsY","1565489743743184897","https://pbs.twimg.com/media/Fbm8oBLUYAAKO2M.jpg","","in","","0","0","0","https://twitter.com/bungaflow8/status/1565489743743184897","1562947797300588544","bungaflow8"
"1565378296652607488","Thu Sep 01 16:37:23 +0000 2022","0","Manfaat menyontek : 1. otot mata sehat 2. kreatifitas meningkat 3. Meningkatkn sosial teman 4. Nilai bagus 5. Melatih kecepatan gerak","1565378296652607488","","","in","","0","0","0","https://twitter.com/asihpriyati1/status/1565378296652607488","2191779301","asihpriyati1"
"1565303834284400640","Thu Sep 01 11:41:30 +0000 2022","0"," Bijak bermedia sosial itu penting. Apalagi bagi generasi muda. Pengguna sehat tidak ikut ikutan membagi informasi yang tidak valid https://t.co/Ic5Rvi7glB","1565303834284400640","","","in","Indonesia","1","0","0","https://twitter.com/cakrawartacom/status/1565303834284400640","48655553","cakrawartacom"
"1565265068228767744","Thu Sep 01 09:07:28 +0000 2022","0","Manfaat menyontek : 1. otot mata sehat 2. kreatifitas meningkat 3. Meningkatkn sosial teman 4. Nilai bagus 5. Melatih kecepatan gerak","1565265068228767744","","","in","","0","0","0","https://twitter.com/asihpriyati1/status/1565265068228767744","2191779301","asihpriyati1"
"1565236163396665345","Thu Sep 01 07:12:36 +0000 2022","0","Nama Marshanda sempat menjadi buah bibir karena masalah mental setelah ia kerap tampil di luar kontrol di media sosial. Hasil diagnosa mendapati artis tersebut mengalami bipolar tipe 2. https://t.co/B5UT1kJlY1 #selebriti #mental #akupuntur #YakinSehat","1565236163396665345","","","in","Medan","0","0","0","https://twitter.com/yakin_sehat/status/1565236163396665345","1234856488432173058","yakin_sehat"
"1565205455718486017","Thu Sep 01 05:10:35 +0000 2022","0","Lowongan Kerja Badan Pusat Statistik (BPS) Calon Petugas Pendataan Awal Registrasi Sosial Ekonomi Kualifikasi : Diutamakan berpendidikan tamat SMA/sederajat Diutamakan berumur 18 s.d. 50 tahun Bersedia bekerja terikat kontrak Sehat jasmani dan rohani Disiplin dan berkomitmen","1565205455718486017","","","in","","0","1","0","https://twitter.com/karirpurwokerto/status/1565205455718486017","1237416418338992130","karirpurwokerto"
"1565160226630041600","Thu Sep 01 02:10:51 +0000 2022","0","Kegiatan Posyandu Kesehatan Jiwa pada Rabu 31 Agustus 2022 di Puskesmas Sekaran . Posyandu Kesehatan Jiwa ini sebagai wadah pembinaan dan pemeliharaan pasien jiwa agar kondisi sehat psikologis emosional dan sosial https://t.co/YghicrsqNy","1565160226630041600","https://pbs.twimg.com/media/FbiQ69FaQAAWQt5.jpg","","in","Jl Raya Kembangan No.2 Sekaran","0","0","0","https://twitter.com/PkmSekaran/status/1565160226630041600","1519473229039300608","PkmSekaran"
