"conversation_id_str","created_at","favorite_count","full_text","id_str","image_url","in_reply_to_screen_name","lang","location","quote_count","reply_count","retweet_count","tweet_url","user_id_str","username"
"1774074750731698382","Sat Mar 30 14:02:35 +0000 2024","0","capek bgt bzir pagi praktikum siang konsul laprak lanjut nugas sama persiapan bakti sosial sore baksos sama bukber di panti malem dilanjut rapat sama bem sehat-sehat smt 4","1774074750731698382","","","in","","0","0","0","https://twitter.com/youngkyu_/status/1774074750731698382","1430871430518894600","youngkyu_"
"1773948530434138582","Sat Mar 30 05:41:02 +0000 2024","48","Bagaimana cara membujuk teman Anda yang ingin meningkatkan status sosial dengan flexing harta (beli iPhone mobil keren) untuk membatalkan niatnya? minta mereka untuk tidak mengejar status sosial kasih alternatif yg lebih sehat (pendidikan kerja di mana)","1773948530434138582","","","in","Jakarta, Indonesia","0","1","9","https://twitter.com/arjunaskykok/status/1773948530434138582","753309366","arjunaskykok"
"1773935771428565196","Sat Mar 30 04:50:20 +0000 2024","2","Penegakan HUKUM bisa terlaksana HANYA BILA rakyat nasional bersetuju kuat &amp; bersemupakat kuat untuk bersatu kuat &amp; berusaha maksimal menegakkan KEADILAN SOSIAL BAGI SELURUH RAKYAT INDONESIA. Penegakan KEADILAN bisa terlaksana HANYA BILA 50+1% rakyat nasional memiliki AKAL SEHAT.","1773935771428565196","","","in","SAMPIT, KalTeng, INDONESIA+62","0","2","0","https://twitter.com/Budi_2232/status/1773935771428565196","1203075185420599296","Budi_2232"
"1773817937490805148","Fri Mar 29 21:02:06 +0000 2024","0","Menguji Seberapa Sehat Penggunaan Media Sosial: Apakah Kita Perlu Stop Atau Memilih Selektif Menggunakan Media Sosial Selama Ramadan? https://t.co/8IRQ0MLWwa","1773817937490805148","","","in","Indonesia","0","0","0","https://twitter.com/kompasiana/status/1773817937490805148","23786106","kompasiana"
"1773540172908351546","Fri Mar 29 02:38:22 +0000 2024","0","Babinsa Koramil 12/Ngawen Jumat (29/03/2024) melaksanakan giat komunikasi sosial (Komsos) bersama dengan warga untuk menyampaikan agar warga menjaga pola hidup sehat dan kebersihan lingkungan. https://t.co/z5XE5o4wzv","1773540172908351546","","","in","","0","0","0","https://twitter.com/NgawenKoramil12/status/1773540172908351546","1494532656687505409","NgawenKoramil12"
"1773497489754366083","Thu Mar 28 23:48:46 +0000 2024","0","MasyaAllah... pagi-pagi udah mbrebes mili pendidikan sosial-emosional yang sempurna yang pastinya peran orang tua sangat mendukung pse di rumah ini salah satu hal yg diidamkan guru Sehat selalu Anshel anak baik semoga selalu dikelilingi hal baik ","1773497489754366083","","","in","","0","0","0","https://twitter.com/an_naninunen0/status/1773497489754366083","1045027868","an_naninunen0"
"1773435100279246923","Thu Mar 28 19:40:51 +0000 2024","0","Duit emang bisa beli derajat dan status sosial tapi gak bisa beli nalar dan akal sehat.","1773435100279246923","","","in","","0","0","0","https://twitter.com/geanique/status/1773435100279246923","109735673","geanique"
"1773365273006837905","Thu Mar 28 15:03:23 +0000 2024","88","Ditengah ribut2 ini senior aku baru selesai SC.. primi. Alhamdulillah bayinya sehat. Usia: 40 tahun Yes bener resiko makin tinggi. Tapi inget kalo resources kita ada dan fasilitas memadai sangat mungkin sehat ibu dan anak. Kuncinya ya faktor sosial ekonomi.","1773365273006837905","","","in","The Shimmer","1","7","32","https://twitter.com/sphericalfa/status/1773365273006837905","56078062","sphericalfa"
"1773342707886199035","Thu Mar 28 13:33:43 +0000 2024","10","Ini adalah kegiatan sosial Alisha di lapangan dalam implementasi #KurikulumMerdeka Kerja sosial dan bersosialisasi 20 jam di panti dan sharing tentang Internet Sehat untuk Remaja di acara bukber di rumah https://t.co/WFXRir49ZI","1773342707886199035","https://pbs.twimg.com/media/GJwtyqHb0AARKBE.jpg","","in","Jakarta","0","6","3","https://twitter.com/SumartiSaelan/status/1773342707886199035","207084133","SumartiSaelan"
"1773030685822931373","Wed Mar 27 16:53:51 +0000 2024","116","A: Saya suka apel B: Jadi Anda pikir Jeruk buah yang tidak sehat? Contoh di atas kerap terjadi dalam percakapan di media sosial. https://t.co/mOQSjI9HAj","1773030685822931373","https://pbs.twimg.com/tweet_video_thumb/GJsR_4MagAEuO4Z.jpg","","in","Indonesia","3","5","49","https://twitter.com/aunrrahman/status/1773030685822931373","2230091384","aunrrahman"
"1772912238028034333","Wed Mar 27 09:03:11 +0000 2024","0","Solusi Sehat Kurangi Minyak pada Gorengan dengan Mesin Spinner. Penggunaan mesin spinner sebagai alat untuk meniriskan minyak tengah menjadi sorotan di media sosial belakangan ini. -- Ikuti kami https://t.co/ZkJ1npyDqo #Ragam #gorengan #minyak #spinner via @beritajatimcom","1772912238028034333","","","in","Surabaya","0","0","0","https://twitter.com/beritajatimcom/status/1772912238028034333","21287066","beritajatimcom"
"1772816207630213247","Wed Mar 27 02:41:35 +0000 2024","0","Babinsa Koramil 12/Ngawen Kodim 0721/Blora Hari Rabu (27/03/2024) melaksanakan giat komunikasi sosial (Komsos) bersama dengan warga untuk menyampaikan agar warga menjaga pola hidup sehat dan kebersihan lingkungan. ttps://www.instagram.com/p/C5AFOJJSdur/?igsh=NDhkZzhkdzc2Nmh5","1772816207630213247","","","in","","0","0","0","https://twitter.com/NgawenKoramil12/status/1772816207630213247","1494532656687505409","NgawenKoramil12"
"1772668925660086351","Tue Mar 26 16:56:21 +0000 2024","84","sama sekali ga ngikutin apa apa hari ini but cuman mau bilang aku sayang kalian semua mutual2ku disini yang solo ataupun shipper terimakasih sudah ada disini dan jd bagian hidup virtualku. sehat sehat kalian (sehat fisik sehat mental sehat spiritual &amp; sehat sosial)","1772668925660086351","","","in","","0","2","1","https://twitter.com/PutriUmmi/status/1772668925660086351","169838289","PutriUmmi"
"1772166901843513839","Mon Mar 25 07:41:29 +0000 2024","3","Sahabat Sehat! Dalam rangka peringatan Hari Tuberkulosis Sedunia (HTBS) tahun 2024 berikut informasi terkait Tema Utama Sub Tema &amp; Twibbon yang bisa digunakan pada media sosial masing-masing. Gerakan Indonesia Akhiri Tuberkolosis. #GIAT2024 #GerakanIndonesiaAkhiriTBC #TOSSTBC https://t.co/burYSlP4yC","1772166901843513839","https://pbs.twimg.com/media/GJgAYu5bgAA9zBz.jpg","","in","Jl. H.R. Rasuna Said Blok X-5 ","0","0","0","https://twitter.com/DitjenP2Pkemkes/status/1772166901843513839","209506820","DitjenP2Pkemkes"
"1772113806568878408","Mon Mar 25 04:10:30 +0000 2024","0","Jum'at (8/3) yang merupakan pekan terakhir sebelum memasuki bulan suci Ramadhan BPS Kabupaten Pasuruan melakukan BAKSOPAS (Bakti Sosial BPS Kabupaten Pasuruan). Semoga sedikit yang dilakukan ini bermanfaat untuk sekitar. Salam Sehat dan Semangat. https://t.co/msl5Lrc0CM","1772113806568878408","https://pbs.twimg.com/ext_tw_video_thumb/1772113734997299200/pu/img/QL1KOzLt44VQ0fNN.jpg","","in","Pasuruan, East Java ","0","0","0","https://twitter.com/BPSKabPasuruan/status/1772113806568878408","1762407169704787968","BPSKabPasuruan"
"1771736998656475180","Sun Mar 24 03:13:12 +0000 2024","0","Tau kamu sehat lewat sosial mediamu saja sudah bersyukur Alhamdulillah","1771736998656475180","","","in","","0","0","0","https://twitter.com/phack_Dk/status/1771736998656475180","1355539655895216132","phack_Dk"
"1771727445550379361","Sun Mar 24 02:35:14 +0000 2024","0","Babinsa Koramil 12/Ngawen Kodim 0721/Blora Minggu (24/03/2024).melaksanakan giat komunikasi sosial (Komsos) bersama dengan warga untuk menyampaikan agar warga menjaga pola hidup sehat dan kebersihan lingkungan. https://t.co/OY4k974pST","1771727445550379361","","","in","","0","0","0","https://twitter.com/NgawenKoramil12/status/1771727445550379361","1494532656687505409","NgawenKoramil12"
"1771711328203198483","Sun Mar 24 01:31:12 +0000 2024","0","jakarta tetap jakarta tidak pernah berubah dengan pola pemukiman kumuh kepadatan penduduk pembangunan tidak merata iklim tidak sehat sampah berserakan air kotor dan ketimpangan sosial tingkat kriminalitas tinggi","1771711328203198483","","","in","","0","0","0","https://twitter.com/shidelife/status/1771711328203198483","1529909049114099712","shidelife"
"1771566724686500180","Sat Mar 23 15:56:35 +0000 2024","10","Berbagai kegiatan sosial kemanusiaan Nasi Gratis Jogja adalah gotong royong saling jaga antar sesama masyarakat Indonesia. Sehat bahagia selalu orang-orang baik. https://t.co/49zAiaehl5","1771566724686500180","https://pbs.twimg.com/media/GJXejBibMAA3iDF.jpg","","in","Piyungan, Indonesia","0","0","3","https://twitter.com/nasigratisjogja/status/1771566724686500180","1267488941776818176","nasigratisjogja"
"1771541963650556057","Sat Mar 23 14:18:12 +0000 2024","1","Menjalani usia senja dengan sehat mandiri dan produktif adalah dasar untuk menjadi lansia yang bahagia dan sejahtera. Lansia sehat baik secara fisik mental dan sosial yang diwujudkan melalui penerapan 7 dimensia lansia tangguh- https://t.co/QmqqaOJt7d","1771541963650556057","https://pbs.twimg.com/media/GJXHrpsbcAATP9z.jpg","","in","","0","1","0","https://twitter.com/dppappdki/status/1771541963650556057","4891065976","dppappdki"
"1771519078563197187","Sat Mar 23 12:47:16 +0000 2024","0","Ngeluh dikit lah kerja keras dibilang obsesi duniawi nyantai dikit main game dibilang ga bersyukur no job no life get a life no appreciation. pantes hidup ga bahagia real life ngeluh lari ke sosial media ngeluh lagi sehat?","1771519078563197187","","","in","2D","0","0","0","https://twitter.com/RyanT_Praja/status/1771519078563197187","237251461","RyanT_Praja"
"1771471140424237091","Sat Mar 23 09:36:46 +0000 2024","1","GOWA - Sertu Sainuddin Babinsa Desa Bontosunggu Koramil 1409-06/Bajeng melaksanakan komunikasi sosial (Komsos) serta mendampingi ibu kader menyiapkan makanan di dapur sehat atasi stunting dan ibu hamil dirumah warga di dusun bontotangnga desa Bontosunggu Kec Bajeng Kab Gowa. https://t.co/r4bofGLP7D","1771471140424237091","https://pbs.twimg.com/media/GJWHnBWaEAEul2w.jpg","","in","Gowa, Sulawesi Selatan","0","0","0","https://twitter.com/KODIM_1409/status/1771471140424237091","1262745164897869825","KODIM_1409"
"1771377961062838744","Sat Mar 23 03:26:31 +0000 2024","29","Umumnya orang menyadari bahwa dia membutuhkan orang lain saat tidak berdaya.. Krn saat kuat dia merasa bisa melakukan smuanya sendiri Pdhl mo kuat mo tak berdaya Kita adl makhluk sosial yg membutuhkan orang lain.. Selamat pagi Jaga sehat ya ","1771377961062838744","","","in","","0","3","7","https://twitter.com/Jelli_cent/status/1771377961062838744","2669430458","Jelli_cent"
"1771360550787903797","Sat Mar 23 02:17:20 +0000 2024","0","Dikirimin dr. Jeany ini suru nonton (agak heran dokter dg bacaan ribuan buku tp masih nonton podcast): https://t.co/A5qLFz80jG Yg aku tangkep: Di kehidupan yg masuknya ke standard sosial itu nggak harus . Cara hidup pikiran &amp; emosi n lingkungan sosial sehat itu harus.","1771360550787903797","","","in","","0","1","0","https://twitter.com/fitauk21/status/1771360550787903797","1107930103420338176","fitauk21"
"1771216235532890400","Fri Mar 22 16:43:52 +0000 2024","0","Wujudkan Lingkungan Sehat SOS Tebarkan Senyuman Melalui Bakti Sosial https://t.co/EEkhm3br4H","1771216235532890400","","","in","Medan","0","0","0","https://twitter.com/WaspadaOnline/status/1771216235532890400","78596326","WaspadaOnline"
"1771087228967538902","Fri Mar 22 08:11:15 +0000 2024","0","EKOSISTEM MEDIA SOSIAL INDONESIA BENERAN SE ENGGAK SEHAT ITU","1771087228967538902","","","in","milkyway galaxy","0","0","0","https://twitter.com/barumbarimba/status/1771087228967538902","1597202930037587968","barumbarimba"
"1770811764524933261","Thu Mar 21 13:56:39 +0000 2024","2","Kalo pun mereka tetap memaksa utk berkuasa bgitu jg khianat parpol pendukung yg telah mendapatkan keuntungan dari sikon ini lnts menikmati hasil haram bersama2 Saya TETAP TIDAK MENGAKUI PEMENANG dari KECURANGAN baik sosial saya apalagi nurani dan akal sehat saya https://t.co/B0HJlIJhAx","1770811764524933261","https://pbs.twimg.com/media/GJMv6RjXwAAxmoW.jpg","","in","ngontrak di bumiNYA","0","0","0","https://twitter.com/mathsoul1/status/1770811764524933261","542565359","mathsoul1"
"1770766522677432676","Thu Mar 21 10:56:52 +0000 2024","49","Help RT Halo semuaaa Apabila teman-teman sesuai dengan kriteria di bawah ini bisa tolong bantuannya mengisi kuesioner 1. Penggemar K-pop 2. Menggunakan media sosial 3. Berusia 18-25 tahun https://t.co/Qufhb6430u Terima kasih bantuannya semoga bahagia dan sehat selalu https://t.co/WiNgUiVzOZ","1770766522677432676","https://pbs.twimg.com/media/GJMGwcfW4AA2ft1.jpg","","in"," 𝐋𝐔𝐂𝐘 𝐈𝐒𝐋𝐀𝐍𝐃 🎟🚂","5","11","95","https://twitter.com/pulaulucy_/status/1770766522677432676","1434041438254231557","pulaulucy_"
"1770612745349870038","Thu Mar 21 00:45:49 +0000 2024","0","Dinas sosial satpol pp polisi tolong diamankan ibu ini. Ibu ini sepertinya kurang sehat kejiwaannya","1770612745349870038","","","in","Kochi-shi, Kochi","0","0","0","https://twitter.com/boogieboobii/status/1770612745349870038","1499292056446910466","boogieboobii"
"1770471513856283127","Wed Mar 20 15:24:37 +0000 2024","0","Akun instagram official bonedo sekali upload langsung 12 konten. Sehat-sehat dehhh nabung kontennya. Ngeri juga persaingan comeback sekarang... kayaknya dinilai juga dari penyebaran organik di media sosial ya. Busett semoga ga jadi pressure buat anak-anak. Tetep seru yah Onedoor!","1770471513856283127","","","in","Jakarta Selatan, DKI Jakarta","0","0","0","https://twitter.com/knocknocktaz/status/1770471513856283127","1755986863759011840","knocknocktaz"
"1770405162995404867","Wed Mar 20 11:00:58 +0000 2024","1","Hai Healthy People kami berharap kedepannya lebih berhati-hati lg sebelum menyampaikan informasi krn ada konsekuensi hukum sesuai pasal UU ITE dlm menyampaikan informasi tdk benar di sosial media yg dpt merugikan &amp; membahayakan diri sendiri/org lain. Salam sehat Healthy People","1770405162995404867","","","in","06 L","0","0","0","https://twitter.com/thehanholic/status/1770405162995404867","1187881476106276864","thehanholic"
"1770352676120998101","Wed Mar 20 07:32:24 +0000 2024","12","Finlandia Jadi Negara Paling Bahagia di Dunia Peringkat kebahagiaan didasarkan pada evaluasi kepuasan hidup yg dinilai sendiri oleh individu serta PDB per kapita dukungan sosial harapan hidup sehat kebebasan kedermawanan &amp; korupsi. &gt;Indonesia kapan? https://t.co/pt36ghS9Fu","1770352676120998101","","","in","Yaman","1","2","5","https://twitter.com/King_PWS_/status/1770352676120998101","1577313883487817728","King_PWS_"
"1770102928986268125","Tue Mar 19 14:59:59 +0000 2024","0","Manusia durjana ini tega menjual penderitaan ibu &amp; anaknya sendiri. Semoga seluruh anggota keluarganya yg lain tetap baik-baik saja &amp; tidak tertekan atas ulah si durjana. Sehat selalu buat ibu &amp; ananda. Si Durjana ini tetap perlu diberi sanksi sosial atau apapun itu","1770102928986268125","","","in","Surakarta, Jawa Tengah","0","0","0","https://twitter.com/aripakdheee/status/1770102928986268125","44825457","aripakdheee"
"1770027438627860553","Tue Mar 19 10:00:01 +0000 2024","0","TIPS SEHAT SAAT BERBUKA PUASA Ikuti Akun Media Sosial Kami di Link Berikut ini: https://t.co/t2e9WYyrxx #muhammadiyah #aisyiyah #tvmujogja #tvMuhammadiyah https://t.co/In83EnKRma","1770027438627860553","https://pbs.twimg.com/ext_tw_video_thumb/1769974963099066368/pu/img/JBfKkbe6FPlwnma7.jpg","","in","Yogyakarta, D.I.Y","0","0","0","https://twitter.com/tvmujogja_/status/1770027438627860553","1445239305237000196","tvmujogja_"
"1769902952666599494","Tue Mar 19 01:45:21 +0000 2024","1","ga respect banget sama org hiv and i think stigma mengenai hiv not necessarily kudu dihilangkan karna menurut gw itu sanksi sosial buat mereka pas lagi sehat sex bebas &amp; ngehomo digas terus pas kena hiv langsung bikin cerita sedih and you expect kita yang menjaga diri dr-","1769902952666599494","","","in","","0","1","0","https://twitter.com/meowoof27/status/1769902952666599494","1298685304925118465","meowoof27"
"1769894888353742879","Tue Mar 19 01:13:19 +0000 2024","0","Kesehatan reproduksi adalah kondisi sehat secara psikis sosial dan fisik yang berhubungan dengan fungsi proses dan sistem reproduksi baik pada pria maupun wanita untuk bisa bertanggung jawab dalam memelihara dan menjaga organ reproduksi. #organintim #menstruasi https://t.co/16uNPc81gG","1769894888353742879","https://pbs.twimg.com/media/GI_t6PZbwAA6J0Y.jpg","","in","","0","0","0","https://twitter.com/PersiJatim/status/1769894888353742879","1553918468197842944","PersiJatim"
"1769891594868572655","Tue Mar 19 01:00:13 +0000 2024","2","PkM FK UAD Fokus Wujudkan Masa Depan Remaja yang Sehat dan Bahagia Ikuti Akun Media Sosial Kami di Link Berikut ini: https://t.co/t2e9WYxTHZ #muhammadiyah #aisyiyah #tvmujogja #tvmuhammadiyah https://t.co/GkjHt3XR3M","1769891594868572655","https://pbs.twimg.com/media/GI_rAhOWcAA2rGU.jpg","","in","Yogyakarta, D.I.Y","0","0","0","https://twitter.com/tvmujogja_/status/1769891594868572655","1445239305237000196","tvmujogja_"
"1769883317317603560","Tue Mar 19 00:27:20 +0000 2024","1","Apapun bisnisnya berlaku rumus yang sama perusahaan yang sehat adalah perusahaan yang mampu menghasilkan pendapatan untuk membiayai operasionalnya dan ada margin keuntungan yang cukup untuk sebagian disisihkan ke pemilik perusahaan &amp; dalam bentuk CSR tanggung jawab sosial https://t.co/lzaach257Y","1769883317317603560","https://pbs.twimg.com/ext_tw_video_thumb/1769883148626886656/pu/img/vl4Ombtlak2w0mfK.jpg","","in","Jakarta Capital Region","0","0","0","https://twitter.com/sautmkt/status/1769883317317603560","91122244","sautmkt"
"1769729377233748477","Mon Mar 18 14:15:38 +0000 2024","5"," sosial media isinya netijen yang makin ke sini bikin takut salah ngetik dikit aja langsung dihujat habis habisan. Kalian sehat?","1769729377233748477","","","in","Indonesia","1","8","0","https://twitter.com/tanyarlfes/status/1769729377233748477","1371650588","tanyarlfes"
"1769564260001317303","Mon Mar 18 03:19:31 +0000 2024","0","Babinsa Koramil 12/Ngawen Kodim 0721/Blora Hari Senin (18/03/2024).melaksanakan giat komunikasi sosial (Komsos) bersama dengan warga untuk menyampaikan agar warga menjaga pola hidup sehat dan kebersihan lingkungan. ttps://www.instagram.com/p/C4o-U7Cr9Fd/?igsh=a2cyeDk4YXdjb3B3","1769564260001317303","","","in","","0","0","0","https://twitter.com/NgawenKoramil12/status/1769564260001317303","1494532656687505409","NgawenKoramil12"
"1769527539091771530","Mon Mar 18 00:53:36 +0000 2024","0","#Sosok. Mengenal Ayu Rahmawati Hidayat Apoteker dari Banten yang peduli akan kesehatan masyarakat dengan berbagi ilmu di media sosial dan membuat Sahabat Sehat Masyarakat (MakSeMaMan: Makin Sehat Makin Mandiri) #Now #live #sosok #inspirasi #apoteker #banten","1769527539091771530","","","in","Semarang, Jawa Tengah","0","0","0","https://twitter.com/RadioIdolaSMG/status/1769527539091771530","385894867","RadioIdolaSMG"
"1769343425521058062","Sun Mar 17 12:42:00 +0000 2024","0","Mari berkhayal gw pilih kerja santuy dg alasan cari teman dan lingkungan sehat sih. Gw yg pernah berangan2 enak bgt ya kerja virtual tp gw baru tersadar ternyata gw itu aslinya makhluk sosial (banget)","1769343425521058062","","","in","","0","0","0","https://twitter.com/sugaarfrost07/status/1769343425521058062","86563676","sugaarfrost07"
"1769304954890768699","Sun Mar 17 10:09:07 +0000 2024","0","Terimakasih Ganjar pemahaman mendalam kalian terhadap dinamika sosial mengukuhkan fondasi yang sehat. Ganjar Pranowo karena kamu berhak mendapatkan yang terbaik @sukabokem_ #KitaAdalahTiga #BanggaBersamaGPMMD https://t.co/A4j5BhEhpt","1769304954890768699","https://pbs.twimg.com/media/GI3Veraa0AACiuH.jpg","","in","Sungai Penuh","0","0","0","https://twitter.com/NnisaAuliaa/status/1769304954890768699","1689164781557805056","NnisaAuliaa"
"1768976162783674803","Sat Mar 16 12:22:37 +0000 2024","0","Tujuan ibadah puasa adalah membangkitkan semangat kemanusiaan. Menyehatkan kesehatan fisik dan psikis (kejiwaan). Badan Kesehatan Dunia (WHO) menetapkan standar kesehatan dunia meliputi empat hal yakni sehat fisik psikis sosial dan spiritual. https://t.co/wUv5Iyfb9k","1768976162783674803","https://pbs.twimg.com/media/GIyqa3naMAAf8wG.jpg","","in","South Jakarta, Indonesia","0","3","0","https://twitter.com/abdiray__/status/1768976162783674803","1083636645105037312","abdiray__"
"1768959004620079121","Sat Mar 16 11:14:27 +0000 2024","0","Ganjar Mahfud memahami bahwa ekonomi yang sehat dan keadilan sosial saling terkait Ini membuatnya menjadi pemimpin yang holistik dalam memandang kesejahteraan masyarakat. Tiga Kali Lebih Sejahtera Untuk Indonesia Hebat! @tontawxn_tu #KitaAdalahTiga #BanggaBersamaGPMMD https://t.co/GR9EU1ZLm2","1768959004620079121","https://pbs.twimg.com/media/GIya1bJbwAAGmrA.jpg","","in","Pamulang","0","0","0","https://twitter.com/AkbarPratamaax/status/1768959004620079121","1695012525069549569","AkbarPratamaax"
"1768533462427025458","Fri Mar 15 07:03:29 +0000 2024","1","pernah kontribusi sosial ke daerah wonosoco bagus banget pemandangannya. warga-warganya juga pada baik-baik. semoga semuanya dalam keadaan sehat","1768533462427025458","","","in","","0","0","0","https://twitter.com/urgf__G/status/1768533462427025458","1339520496287641601","urgf__G"
"1768529367775506506","Fri Mar 15 06:47:13 +0000 2024","0","Ngomong kurang sehat dan mengantisipasi ketiduran dimana akan menimbulkan masalah baru. Tapi sosial media online terus gimana tuh?","1768529367775506506","","","in","","0","0","0","https://twitter.com/noname150105/status/1768529367775506506","1324954677419470848","noname150105"
"1768516358587768846","Fri Mar 15 05:55:31 +0000 2024","1","Indosat punya cara unik untuk mempromosikan media sosial yang lebih ramah dan sehat yaitu dengan menggelar festival film pendek. https://t.co/pDav8Xev6s","1768516358587768846","","","in","Jakarta, Indonesia","0","0","0","https://twitter.com/detikinet/status/1768516358587768846","135815019","detikinet"
"1768515244815684041","Fri Mar 15 05:51:06 +0000 2024","0","Gus iqdam udah sampe di palestina (Baitul maqdis) dan sampe sana ngerasa wilayah tersebut aman dan damai. Dia bilang lah ke orang-orang ttg apa yg beliau lihat yang di bilangin ngamook karena mereka percaya kalo disana gak aman hasil info media sosial sehat selalu Gus.. ","1768515244815684041","","","in","","0","0","0","https://twitter.com/satsettsettt/status/1768515244815684041","1074941214728773632","satsettsettt"
"1768505465372336409","Fri Mar 15 05:12:14 +0000 2024","0","Ekonomi INDONESIA kocar kacir... karena rakyat Indonesia gak bersatu lewat koperasi usaha yang berkeadilan sosial masing masing individu menjadi kompetitor gak sehat bagi individu lainnya.","1768505465372336409","","","in","Belawan","0","0","0","https://twitter.com/EEnesje23201/status/1768505465372336409","1758044197461127169","EEnesje23201"
"1768322511849324569","Thu Mar 14 17:05:15 +0000 2024","3","media sosial yg sehat https://t.co/o238qBD31l","1768322511849324569","https://pbs.twimg.com/media/GIpX84takAAungb.jpg","","in","","0","0","0","https://twitter.com/aeloveyou_/status/1768322511849324569","1716384588535320576","aeloveyou_"
"1768195360889905324","Thu Mar 14 08:40:00 +0000 2024","0","Pencernaan Anak Sehat Dukung Perkembangan Sosial-Emosional Si Kecil Agar Tumbuh Jadi Anak Hebat https://t.co/G1Ll8aGqBK","1768195360889905324","","","in","Kebayoran Lama, Indonesia","0","0","0","https://twitter.com/disway_id/status/1768195360889905324","1504683416314585090","disway_id"
"1768132675871928773","Thu Mar 14 04:30:54 +0000 2024","0","Ganjar Mahfud memahami bahwa ekonomi yang sehat dan keadilan sosial saling terkait Ini membuatnya menjadi pemimpin yang holistik dalam memandang kesejahteraan masyarakat @_do2o1 #KitaAdalahTiga #BanggaBersamaGPMMD https://t.co/A4hnN5YSSf","1768132675871928773","","","in","Kediri","0","0","0","https://twitter.com/rizkykrnwn11/status/1768132675871928773","1688754194029928448","rizkykrnwn11"
"1768120981133128104","Thu Mar 14 03:44:26 +0000 2024","0","Babinsa tegalharjo yang melaksanakan kegiatan Pembinaan komunikasi Sosial dengan kader PKK di wilayah RW 5/02 Kelurahan tegalharjo untuk menjaga kesehatan ibu hamil dan anak agar tumbuh sehat dan terbebas dari stanting (14/03/2024) https://t.co/TqYqmcT9hB","1768120981133128104","https://pbs.twimg.com/media/GImgpteasAA2REO.jpg","","in","","0","0","0","https://twitter.com/Koramil04jebre1/status/1768120981133128104","1620782772032765953","Koramil04jebre1"
"1768113839944630628","Thu Mar 14 03:16:04 +0000 2024","0","Kalau polisi bilang dianggap ODGJ laporkan ke Dinas Sosial aja biar diseret ke RSJ. Berdoa aja mudah-mudahan beneran ODGJ soalnya kalau ternyata sehat ya bakal dilepas juga sama dinsos.","1768113839944630628","","","in","","0","1","0","https://twitter.com/nov9mar24/status/1768113839944630628","1226379399018082305","nov9mar24"
"1767997533744410648","Wed Mar 13 19:33:54 +0000 2024","0","Hari ini akan aku share happy birthday papa brando itu di setiap sosial media yang aku punya. Sekali lagi happy birthday to the most amazing moodbooster kesayangan bocil bocil ada ilham ada kurniawan ada kurniadi ada aa uu ee oo! Sehat sehat selalu ya! &lt;3 @WBasudara https://t.co/rkKpFUsopc","1767997533744410648","https://pbs.twimg.com/tweet_video_thumb/GIkwX-5aMAAH3nd.jpg","","in","","0","0","0","https://twitter.com/huskgy/status/1767997533744410648","853648075100794880","huskgy"
"1767977532945740012","Wed Mar 13 18:14:25 +0000 2024","1","semua sosial media memberi balon tpi tidak semua org memberi ucapan Panjang umur dan sehat sllu wahai ruh dan jasad ","1767977532945740012","","","in","Jakarta Capital Region ","0","0","0","https://twitter.com/min69u/status/1767977532945740012","1148837850353262593","min69u"
"1767892073964007879","Wed Mar 13 12:34:50 +0000 2024","671","selain dilarang berakal sehat dan terdidik tinggal di Indonesia era Jokowi juga dilarang jadi kelas menengah 10 tahun kerja hasilnya cuma gali jurang kesenjangan sosial. bukan ikn atau revolusi mental tapi pemiskinan karakter dan pembodohan secara nyata yg jadi legasi jokowi https://t.co/WYv646TPmu","1767892073964007879","https://pbs.twimg.com/media/GIjOtSdboAAonv_.png","","in","Jawa","6","7","231","https://twitter.com/anonjawa/status/1767892073964007879","1689095684895772672","anonjawa"
"1767842239814967487","Wed Mar 13 09:16:49 +0000 2024","1","Halo #sobatpangan Jam Rawan Pas Lagi Bulan Puasa Gini Tuh Jangan Sering Scroll Media Sosial. jangan lupa untuk konsumsi makan B2SA Supaya lebih fokus dan semangat menjalankan ibadah puasanya. Makan Enak Makan Sehat Makan B2SA https://t.co/tSZs4JMMNk","1767842239814967487","https://pbs.twimg.com/media/GIijJDSbQAAaCQY.jpg","","in","Jakarta, Indonesia ","0","1","0","https://twitter.com/BadanPangan/status/1767842239814967487","922392997991288832","BadanPangan"
"1767807807204593800","Wed Mar 13 07:00:00 +0000 2024","3","Emang boleh Poundfit se-cuan ini!? Buat Sahabat yang pengen ikutan acara yang sehat langsung aja ikutan Poundfit by #Alfagift! Pastinya sehat &amp; seru abisss! Yuk langsung aja download Alfagift &amp; follow media sosial resmi Alfamart &amp; Alfagift untuk dapat info terkini. https://t.co/ln8jkhBLAB","1767807807204593800","https://pbs.twimg.com/ext_tw_video_thumb/1767799383402377216/pu/img/triI_d2F9rTZs1BU.jpg","","in","ÜT: -6.208947,106.627381","0","0","0","https://twitter.com/alfamart/status/1767807807204593800","103806878","alfamart"
"1767729594348810331","Wed Mar 13 01:49:12 +0000 2024","1","Pencernaan merupakan otak kedua manusia. Pada anak pencernaan sehat mempengaruhi suasana hati atau sosial emosialnya dan mendukung tumbuh kembang menjadi optimal. https://t.co/3IguziwqRu #InvestorDaily #investasi #Saham","1767729594348810331","","","in","Jakarta, Indonesia","0","0","0","https://twitter.com/InvestorID/status/1767729594348810331","238091066","InvestorID"
"1767488852003053707","Tue Mar 12 09:52:35 +0000 2024","297","ternyata sayang ku ke salma dan salmine beneran lebih gede dari kecewanya. tapi aku tetep berharap dia berubah dan lebih peduli sama isu sosial ya. sehat-sehat warga ","1767488852003053707","","","in","","0","3","23","https://twitter.com/sekirra/status/1767488852003053707","81875735","sekirra"
"1767355116779393439","Tue Mar 12 01:01:10 +0000 2024","0"," *[ Open Donasi Aksi Sosial 2024 ]* *_Berbagi Berkah Menyemai Kebaikan_* Halo teman-teman Pendidikan IPA!! Semoga masih dalam keadaan sehat yahh https://t.co/Ob9IrM1zwI","1767355116779393439","https://pbs.twimg.com/media/GIboHLLbQAAQREG.jpg","","in","Universitas Negeri Yogyakarta","0","1","0","https://twitter.com/himaipa_uny/status/1767355116779393439","768893852","himaipa_uny"
"1767306868077343141","Mon Mar 11 21:49:26 +0000 2024","8","Come to think of it penggunaan sosial media kita bener2 sangat tidak sehat ya Ada isu sedikit (ex: ansel ketawan ke acara malam) bener2 digoreng dibawa dijadiin bahan untuk orang2 ngelampiasin emosi mereka","1767306868077343141","","","in","Galway, Ireland","0","1","0","https://twitter.com/croissaanttt02/status/1767306868077343141","1223143531033681927","croissaanttt02"
"1766833226906321242","Sun Mar 10 14:27:22 +0000 2024","0","sebetulnya pengen ketemu dulu sebelum berangkat tapi udah ga mungkin banget safe flight semoga masih bisa ketemu tahun depan dengan keadaan yang mendukung. sehat-sehat semoga ada pembelajaran di sana jadi semakin dewasa menghadapi masalah-masalah dan hubungan sosial.","1766833226906321242","","","in","Tsuruoka, Yamagata","0","1","0","https://twitter.com/12rise_/status/1766833226906321242","94489108","12rise_"
"1766692764111262024","Sun Mar 10 05:09:13 +0000 2024","0","Terimakasih Ganjar- pemahaman mendalam kalian terhadap dinamika sosial mengukuhkan fondasi yang sehat. Ganjar Pranowo terbukti mensejahterakan @carlosjnthn #KitaAdalahTiga #BanggaBersamaGPMMD https://t.co/1GY75lHkn4","1766692764111262024","https://pbs.twimg.com/media/GISNsM-acAAVs3w.jpg","","in","Probilinggo","0","0","0","https://twitter.com/aameliarahmawat/status/1766692764111262024","1689567396221325312","aameliarahmawat"
"1766630088311795979","Sun Mar 10 01:00:10 +0000 2024","0","Cegah Stunting dengan Makanan Sehat Ikuti Akun Media Sosial Kami di Link Berikut ini: https://t.co/t2e9WYxTHZ #muhammadiyah #aisyiyah #tvmujogja #tvmuhammadiyah https://t.co/U66xE8VZML","1766630088311795979","https://pbs.twimg.com/media/GIRUswHWIAAukJR.jpg","","in","Yogyakarta, D.I.Y","0","0","0","https://twitter.com/tvmujogja_/status/1766630088311795979","1445239305237000196","tvmujogja_"
"1766458853464658226","Sat Mar 09 13:39:44 +0000 2024","0","Ayo teman2 share di media sosial sebelum pemerintah blokir hasil survei buruan sebarkan ⭐ *LEMBAGA SURVEY YANG SEHAT DAN WARAS...TIDAK AKAN BOHONG...BEDA DENGAN MAJU TAK GENTAR MEMBELA YANG BAYAR...* #CoblosNO1 #AMIN.....02 bukan milik Prabowo tapi milik Jokowi https://t.co/mHikyWAQXx","1766458853464658226","https://pbs.twimg.com/ext_tw_video_thumb/1766458672891514880/pu/img/e92acf_59OiGVjTF.jpg","","in","WELERI, KENDAL,JAWA TENGAH ","0","0","0","https://twitter.com/RudiNas12074007/status/1766458853464658226","1239969035057385475","RudiNas12074007"
"1766280441676673527","Sat Mar 09 01:50:47 +0000 2024","16","Kenapa askes sosial dan kenapa kapitasi? Uang dikumpulkan dari peserta &amp; di-disburse ke faskes tiap bulan terlepas dia sehat/sakit. Rasio kesakitan itu kecil Biaya kesehatan itu mahal. Sekalinya sakit bangkrut nanti Pahami konsep ini dulu deh","1766280441676673527","","","in","Catooine","0","2","0","https://twitter.com/ObiWan_Catnobi/status/1766280441676673527","371261655","ObiWan_Catnobi"
"1766275143914107079","Sat Mar 09 01:29:44 +0000 2024","0","Biidznillah yuuu sehat lagi yuuu. Kemarin doa nya minta sama Allah bisa ikut aktif lagi di kegiatan2 sosial udah Allah kasih udah Allah turutin. Jangan loyo semangaaat ya prill! ","1766275143914107079","","","in","+62","0","0","0","https://twitter.com/dailywritingbyp/status/1766275143914107079","758909883018162176","dailywritingbyp"
"1766241384854643124","Fri Mar 08 23:15:35 +0000 2024","0","Senam Sehat Dinas Sosial https://t.co/w3S24bByoa","1766241384854643124","https://pbs.twimg.com/media/GILzHmzagAAViz3.jpg","","in","Jakarta Timur, DKI Jakarta","0","0","0","https://twitter.com/almachzumi/status/1766241384854643124","60612319","almachzumi"
"1766040762373099767","Fri Mar 08 09:58:23 +0000 2024","0"," Bahaya penyalahgunaan narkoba juga bisa memengaruhi hubungan sosial generasi muda. Obat-obatan tersebut menyebabkan perubahan perilaku ketidakstabilan emosional dan ketidakmampuan untuk menjaga hubungan yang sehat dengan keluarga teman dan masyarakat sekitar. https://t.co/A9YW1hfH6J","1766040762373099767","https://pbs.twimg.com/media/GII8pUjbIAAzE8H.jpg","","in","","0","0","0","https://twitter.com/PolrestaMgl/status/1766040762373099767","1593446609756770305","PolrestaMgl"
"1765953645944983974","Fri Mar 08 04:12:13 +0000 2024","526","betapa teganya twitter terus menerus menjatuhkan penulis yang produktif. padahal karya-karyanya sudah jelas menginspirasi jutaan orang untuk mulai membaca buku. inilah bentuk budaya media sosial tidak sehat: segalanya terpusat kepada negativitas dan tidak fokus kepada positivitas","1765953645944983974","","","in","","24","14","45","https://twitter.com/wortelsoup/status/1765953645944983974","1035957565006344192","wortelsoup"
"1765932849528791451","Fri Mar 08 02:49:35 +0000 2024","0","Lebih suka ditanya kucingnya pakannya pake apa sih kalo gue mah. Soalnya bagi catlovers itu jd terlihat kesenjangan sosial dari kesejahteraan hidup si kucing Kucing sehat gembul aktif emang siapa yg bisa menolak melihatnya ","1765932849528791451","","","in","","0","0","0","https://twitter.com/verselvft/status/1765932849528791451","138990669","verselvft"
"1765924615061401720","Fri Mar 08 02:16:52 +0000 2024","0","Terimakasih Ganjar pemahaman mendalam kalian terhadap dinamika sosial mengukuhkan fondasi yang sehat. Bersama Ganjar kita sejahtera @its_loveall #KitaAdalahTiga #BanggaBersamaGPMMD https://t.co/YSqXZ4aCeg","1765924615061401720","https://pbs.twimg.com/media/GIHTEucbAAASuhA.jpg","","in","Serang","0","0","0","https://twitter.com/RatnaHerlinn/status/1765924615061401720","1687340799208607744","RatnaHerlinn"
"1765910556362551385","Fri Mar 08 01:21:00 +0000 2024","3","Leo Virgo Libra yang kamu tunjukkan di sosial media kerjaan oke mapan pulang pergi gym makan makanan sehat pakai parfum mahal pakai pakaian bermerk. Itu cuma kedok kan? bagaimana kamu punya familly issue pernah jadi korban abuse pasangan !!","1765910556362551385","","","in","BOOKING DULU PLEASE 👇👇","2","3","0","https://twitter.com/sloane_ethel/status/1765910556362551385","1386513337349939204","sloane_ethel"
"1765629166928724212","Thu Mar 07 06:42:51 +0000 2024","0","Semoga Pak Ganjar Pranowo tetap sehat menjadi cermin keberhasilan dalam mewujudkan keadilan sosial bagi rakyat Jawa Barat. Kesejahteraan berkali lipat Indonesia Hebat ! @spelltrooper #KitaAdalahTiga #BanggaBersamaGPMMD https://t.co/gRhEhgJDdi","1765629166928724212","https://pbs.twimg.com/media/GIDGW9ZawAARSZw.jpg","","in","Tidore Kepulauan","0","0","0","https://twitter.com/Hidayattaupik9/status/1765629166928724212","1682705417275834369","Hidayattaupik9"
"1765623389648281956","Thu Mar 07 06:19:54 +0000 2024","0"," *[ Open Donasi Aksi Sosial 2024 ]* *_Berbagi Berkah Menyemai Kebaikan_* Halo teman-teman Pendidikan IPA!! Semoga masih dalam keadaan sehat yahh https://t.co/sHMt4F0UW7","1765623389648281956","https://pbs.twimg.com/media/GIDBHWEbwAABsWQ.jpg","","in","Universitas Negeri Yogyakarta","0","1","0","https://twitter.com/himaipa_uny/status/1765623389648281956","768893852","himaipa_uny"
"1765393458293006478","Wed Mar 06 15:06:14 +0000 2024","0","Mungkin secara fisik aku sehat tapi secara mental dan pikiran terkuras banget ya Allah capek ngadepin masalah kerjaan dan kehidupan sosial ","1765393458293006478","","","in","Indonesia","0","1","0","https://twitter.com/ketendungs/status/1765393458293006478","1168180905912889344","ketendungs"
"1765259045676654729","Wed Mar 06 06:12:08 +0000 2024","0","Dalam hati yang paling dalam seorang introvert sebenarnya menginginkan interaksi sosial termasuk pertemanan hubungan percintaan kekeluargaan dan semua jenis hubungan sosial yang sehat bukan kesendirian","1765259045676654729","","","in","Kota Dumai, Riau","0","1","0","https://twitter.com/ichsaneffendi13/status/1765259045676654729","1318182243223834627","ichsaneffendi13"
"1765236851093500305","Wed Mar 06 04:43:56 +0000 2024","0"," *[ Open Donasi Aksi Sosial 2024 ]* *_Berbagi Berkah Menyemai Kebaikan_* Halo teman-teman Pendidikan IPA!! Semoga masih dalam keadaan sehat yahh https://t.co/IwOOnsqSib","1765236851093500305","https://pbs.twimg.com/media/GH9hj2-bEAAJKcU.jpg","","in","Universitas Negeri Yogyakarta","0","1","0","https://twitter.com/himaipa_uny/status/1765236851093500305","768893852","himaipa_uny"
"1765064043755364417","Tue Mar 05 17:17:15 +0000 2024","0","Tidak ada tempat bagi pengkhianat seperti Wan Abud dalam lingkungan sosial yang sehat @maccagitu https://t.co/mopkwM1POg","1765064043755364417","","","in","","0","0","0","https://twitter.com/UdinCahyad7/status/1765064043755364417","1678334396380876803","UdinCahyad7"
"1765057716538786256","Tue Mar 05 16:52:07 +0000 2024","0","Tidak ada tempat bagi pengkhianat seperti Yohanes dalam lingkungan sosial yang sehat @linpus34036 https://t.co/R0qqccPYUc","1765057716538786256","","","in","Palangka Raya","0","0","0","https://twitter.com/Dwisarii5/status/1765057716538786256","1727638533874253824","Dwisarii5"
"1764925241749295213","Tue Mar 05 08:05:43 +0000 2024","1","KAPOLSEK BESERTA FORPIMKA KEC.SLAHUNG MELAKSANAKAN GIAT KERJA BAKTI SOSIAL BERSAMA APARAT PEMERINTAH DS. CRABAK Polsek Slahung_Demi Untuk mnjaga dan memelihara kbersihan serta knyamanan lingkungan agar ttap brsih dan sehat prsonil Polsek Slahung di pimpin AKP PITOYO.S.Sos. M.H","1764925241749295213","","","in","Jl. Raya ponorogo-pacitan ds j","0","0","0","https://twitter.com/HSlahung/status/1764925241749295213","983516690699845637","HSlahung"
"1764848762865029276","Tue Mar 05 03:01:49 +0000 2024","0","Mencegah Perundungan Remaja Perlu Keterampilan Sosial dan Jalin Pertemanan Sehat https://t.co/TcFMF5xNkD","1764848762865029276","","","in","Batam, Indonesia","0","0","0","https://twitter.com/gokepricom/status/1764848762865029276","2460941724","gokepricom"
"1764675067399884937","Mon Mar 04 15:31:36 +0000 2024","0","KemenPPPA: Remaja perlu keterampilan sosial alin pertemanan sehat https://t.co/rKDFb28W7F","1764675067399884937","","","in","NKRI","0","0","0","https://twitter.com/antaranews/status/1764675067399884937","18071520","antaranews"
"1764510509054001225","Mon Mar 04 04:37:43 +0000 2024","0","Sumpah ya?! Gue pikir dijelasin pake teori2 sosial ekonomi emg ganyampe gue masih bisa sabar. Tapi ini udah dirasakan sendiri praktiknya di lapangan ttp aja naifff. Gue pikir pengalaman guru paling berharga rupanya enggak ajg semua hancur kalo akal sehat kalah sm kefanatikan","1764510509054001225","","","in","","0","0","0","https://twitter.com/gwenrosharron/status/1764510509054001225","1387366839819198466","gwenrosharron"
"1764315541903470828","Sun Mar 03 15:42:59 +0000 2024","0","Maka nya sekarang gini gini aja anti sosial.. introvert.. dan apapun itu sebutan nya. Cuman alhamdulillah nya kami semua sehat jiwa raga fisik mental dalam melewati semua kondisi selama ini","1764315541903470828","","","in","Semarang, Jawa Tengah","0","0","0","https://twitter.com/DistyaDiraS/status/1764315541903470828","1622201166984802306","DistyaDiraS"
"1764289336592441833","Sun Mar 03 13:58:51 +0000 2024","0","Kehilangan semangat belajar dan baca buku jadi bikin kesel sendiri. Gue banyak buang-buang waktu main handphone + sosial media. Gak sehat nih ","1764289336592441833","","","in","In your blood","0","1","0","https://twitter.com/AvianmalariaPJ/status/1764289336592441833","1629458098233679879","AvianmalariaPJ"
"1764200320383758561","Sun Mar 03 08:05:08 +0000 2024","0","HUT 63 Kostrad gelar jalan sehat hingga kegiatan sosial di Malang https://t.co/zxBVgCAzEq","1764200320383758561","","","in","NKRI","0","0","0","https://twitter.com/antaranews/status/1764200320383758561","18071520","antaranews"
"1764132594487369769","Sun Mar 03 03:36:01 +0000 2024","6","Standar kecantikan dimasa lalu wanita Dayak Telinga Panjang (Aruu) dan Tato sebagai status sosial. Seneng bgt bisa mengabadikan Uwek Periak yang masih menjaga tradisi Telinga Panjang khas budaya Dayak. Sehat dan tetep Cantik ya ibu IG:@ranarpradiptoindonesia_ https://t.co/bx9PUaIwJT","1764132594487369769","https://pbs.twimg.com/ext_tw_video_thumb/1764132552061976576/pu/img/O4isfAbRwxUV1r-c.jpg","","in","Loreh-Samarinda-Mantuil","0","2","1","https://twitter.com/WNSamarenda_89/status/1764132594487369769","823028061109006336","WNSamarenda_89"
"1764119620649382354","Sun Mar 03 02:44:27 +0000 2024","0","Mereka meracuni kita lewat banyak hal. Tuntutan sosial yg menipu pakai deodorant biar wangi. Tahu2 kanker. Ini hanya satu contoh. - Cerita billy lantang hidup sehat tidak merokok ngegym makan sehat tiba-tiba kanker. Penyebabnya : deodorant. Youtube : https://t.co/LvaisZQ016 https://t.co/TThSp37olO","1764119620649382354","https://pbs.twimg.com/media/GHtpUODawAAw256.jpg","","in","earth 🇮🇩","1","0","0","https://twitter.com/ThatSun510/status/1764119620649382354","1501741769306021890","ThatSun510"
"1764098608708931631","Sun Mar 03 01:20:58 +0000 2024","0","Keceriaan Anak Pada Saat Danlanud S. Sukani Bagikan Susu Dan Cemilan Sehat Pada Saat Bakti Sosial Peringatan HUT Ke-78 TNI Angkatan Udara. TNI AU. Berlangsungnya pelaksanaan kegiatan Bakti Sosial dalam rangka peringatan HUT ke-78 TNI Angkatan Udara https://t.co/0VJr8JM5kZ","1764098608708931631","https://pbs.twimg.com/media/GHtWUwQaUAAAKYR.jpg","","in","","0","0","0","https://twitter.com/sugirisukani/status/1764098608708931631","1270547290936102913","sugirisukani"
"1764089462244732947","Sun Mar 03 00:44:37 +0000 2024","0","Media sosial yg masih sehat untuk pikiran gw saat ini cuma Facebook aja. Yg lain udah penuh dengan hiruk pikuk perpolitikan yang makin ke sini makin bikin kepala pusing","1764089462244732947","","","in","Jakarta Capital Region","0","0","0","https://twitter.com/franspotter/status/1764089462244732947","79402926","franspotter"
"1763958981691908317","Sat Mar 02 16:06:08 +0000 2024","0","Ternyata hidup lebih menyenangkan tanpa harus terlalu sering main sosial media. Bangun liat realita. Liat keadaan sekitar. Punya lingkungan yg sehat. Gak harus berpatokan sama jalan hidup atau pola pikir orang lain. Hidup kita jalanin dengan sederhana dan bersyukur.","1763958981691908317","","","in","","0","1","0","https://twitter.com/Weirdlion24/status/1763958981691908317","94909546","Weirdlion24"
"1763631044706844878","Fri Mar 01 18:23:02 +0000 2024","0","masi bisa ko ikut wamil dipelayanan sosial yang duduknya cuma didepan komputer doang pasti bisa kan? ga mungkin ga bisa dong. aku doain dia semoga cepet sembuh dari rasa sakitnya &amp; bisa ikut wamil yakan. sehat terus coups hwaiting ","1763631044706844878","","","in","","0","0","0","https://twitter.com/vanme_95/status/1763631044706844878","1611759237373526017","vanme_95"
"1763594123142131798","Fri Mar 01 15:56:19 +0000 2024","0","Dari sudut pandang sosial perilaku agresif verbal di media sosial (perkataan kotor caci-maki umpatan/hujatan dsb) juga jadi penyebab utama generasi muda di dunia nyata menirunya. Tren sosial yg tidak sehat sngat mempengaruhi pemahaman generasi muda tentang benar atau salah","1763594123142131798","","","in","Indonesia","0","0","0","https://twitter.com/shda_agatha_/status/1763594123142131798","966143130","shda_agatha_"
"1763571701017989595","Fri Mar 01 14:27:13 +0000 2024","0","#DressinblueYGI2024 Tunjukan aksimu dengan ikut memeriahkan Bulan Maret Bulan Kanker Usus Besar dengan cara upload twibbon di media sosial kamu. Akses link twibbon disini: https://t.co/bFfu9Dk8i7 Salam saluran cerna sehat!","1763571701017989595","","","in","Jakarta Pusat, DKI Jakarta","0","0","0","https://twitter.com/ygi_gastro_id/status/1763571701017989595","1078136803180212229","ygi_gastro_id"
"1763564785663410683","Fri Mar 01 13:59:45 +0000 2024","0","Situasi yang stabil adalah stabilitas penting untuk kesejahteraan masyarakat dan pengembangan ekonomi yang berkelanjutan. Hal ini juga menciptakan lingkungan yang kondusif bagi pertumbuhan sosial dan politik yang sehat. Situasi di Surabaya stabil dan aman bagi semua penduduknya.","1763564785663410683","","","in","Indonesia","0","0","0","https://twitter.com/alamteGarr/status/1763564785663410683","931942638","alamteGarr"
"1763536330456490009","Fri Mar 01 12:06:40 +0000 2024","144","Kamu dalam keadaan SEHAT? Seseorang dikatakan sehat jika dia SEHAT FISIK SEHAT SOSIAL dan SEHAT JIWA Sehat Fisik ️ punya badan yg sehat dan bugar Sehat Sosial ️ bisa menjalin hubungan baik dengan orang lain Sehat Jiwa ️ merasa senang dan bahagia bisa menyesuaikan","1763536330456490009","","","in","","0","16","35","https://twitter.com/valiisaa/status/1763536330456490009","233470506","valiisaa"
"1763487089776291984","Fri Mar 01 08:51:00 +0000 2024","0","Harus menerima kenyataan kalau mama udah tua bentar lagi 60 sekarang mulai berkutat di masalah kesehatan dari mulai kolesterol sampai jantung padahal beliau pola hidupnya sehat dan aktif banget hobi jalan karena nyawanya itu memang di gerakan sosial.","1763487089776291984","","","in","","0","1","0","https://twitter.com/akungemes/status/1763487089776291984","1339494461810733056","akungemes"
"1763441537378345434","Fri Mar 01 05:50:00 +0000 2024","0","Satuan Polisi Perairan (Satpolair) Polres Boalemo melaksanakan kegiatan Bakti sosial dalam rangka peduli lingkungan yang bersih dan sehat Jumat (23/2/2024). https://t.co/ROayhFzjiF","1763441537378345434","","","in","","0","0","0","https://twitter.com/RRI_Gorontalo/status/1763441537378345434","1748189564781608961","RRI_Gorontalo"
"1763436855260054009","Fri Mar 01 05:31:24 +0000 2024","0","dl pas idol w wamil jd petugas sosial prnh dikatain penyakitan skrg idol gue ga wamil dikaitain juga. lagian mereka yg jd petugas sosial dan bebas wamil bkn kemauan mereka mereka jg maunya sehat gada yg mau sakit!! tp kl pemerintah udh blg hrs begitu ya mau gmn lg anj","1763436855260054009","","","in","","0","1","0","https://twitter.com/lazyisht/status/1763436855260054009","1557949114154749952","lazyisht"
"1763400953200513287","Fri Mar 01 03:08:44 +0000 2024","14","Udh ngira kmu tuh g bakal ditugaskan ke bagian militer aku pikirnya ke pekerja sosial. Bisa jdi polisi atau pegawai pns nya. Ga ada yg ngira bakal bnr2 dibebasin wamil gini. Guysss tolong hati2 sm fisik ya aku harap TWS kedepanny jg selalu sehat ","1763400953200513287","","","in","Indonesia","0","0","0","https://twitter.com/haraaa247/status/1763400953200513287","952858647104692224","haraaa247"
