"conversation_id_str","created_at","favorite_count","full_text","id_str","image_url","in_reply_to_screen_name","lang","location","quote_count","reply_count","retweet_count","tweet_url","user_id_str","username"
"1597736515920363521","Tue Nov 29 23:37:24 +0000 2022","0","Manfaat menyontek : 1. otot mata sehat 2. kreatifitas meningkat 3. Meningkatkn sosial teman 4. Nilai bagus 5. Melatih kecepatan gerak","1597736515920363521","","","in","","0","0","0","https://twitter.com/asihpriyati1/status/1597736515920363521","2191779301","asihpriyati1"
"1597623292394819584","Tue Nov 29 16:07:29 +0000 2022","0","Manfaat menyontek : 1. otot mata sehat 2. kreatifitas meningkat 3. Meningkatkn sosial teman 4. Nilai bagus 5. Melatih kecepatan gerak","1597623292394819584","","","in","","0","0","0","https://twitter.com/asihpriyati1/status/1597623292394819584","2191779301","asihpriyati1"
"1597552426525298689","Tue Nov 29 11:25:54 +0000 2022","0","Iya aku tau manusia mahluk sosial butuh manusia lain dihidupnya. Udah bagus bisa milih sendiri tapi kok ya kalian2 ini kok berani banget milih yg ga sehat + redflag tingkat dewa?? Sebosen itu kah hidupnya?","1597552426525298689","","","in","Kemayoran, Indonesia","0","0","0","https://twitter.com/katakatejuga/status/1597552426525298689","499581662","katakatejuga"
"1597457371458334720","Tue Nov 29 05:08:11 +0000 2022","0","Yukyuk yang di Tanjung Balai ikutan nanti tanggal 1 Desember bakti sosial membersihkan sungai agar lingkungan kita jadi makin sehat nihhh #GelorakanGanjarPranowo https://t.co/HHDI2tk5Xf","1597457371458334720","https://pbs.twimg.com/media/FitPAu-VQAA85gs.jpg","","in","","0","0","0","https://twitter.com/yeageristts/status/1597457371458334720","1590254456171397120","yeageristts"
"1597427180841369600","Tue Nov 29 03:08:13 +0000 2022","0","Turut berduka atas terjadinya gempa di cianjur semoga cianjur cepat pulih kembali polri terus distribusikan bantuan sosial berupa sembako kepada masyarakat di lokasi pengungsian semoga kita dalam keadaan sehat walafiat dan dalam lindungan Allah SWT https://t.co/4uXufkGOJO","1597427180841369600","https://pbs.twimg.com/media/FiszjZnUYAA0NBA.jpg","","in","","1","0","0","https://twitter.com/Imut344_/status/1597427180841369600","1581861056116203520","Imut344_"
"1597396892014772225","Tue Nov 29 01:07:51 +0000 2022","0","Dimedia sosial terutama Youtube yang paling bersemangat memperbincangkan tentang hubungan sex secara blak blakan adalah artis2 wanita. Dan ini tentu saja tidak sehat. #Media #Sosial #Indonesia","1597396892014772225","","","in","","0","0","0","https://twitter.com/SarahJulienBook/status/1597396892014772225","1552066400835207169","SarahJulienBook"
"1597396805704069120","Tue Nov 29 01:07:31 +0000 2022","0","Manfaat menyontek : 1. otot mata sehat 2. kreatifitas meningkat 3. Meningkatkn sosial teman 4. Nilai bagus 5. Melatih kecepatan gerak","1597396805704069120","","","in","","0","0","0","https://twitter.com/asihpriyati1/status/1597396805704069120","2191779301","asihpriyati1"
"1597393528673677314","Tue Nov 29 00:54:30 +0000 2022","1","Jelajah Negeri Bakti Sosial Operasi Katarak menemui Sahabat Mata di Kepulauan Riau. Semoga bermanfaat dan sehat selalu #salamsehatmata #jelajahnegeri #baksoskatarak #rsmatacicendo https://t.co/r7vUVwrVex","1597393528673677314","","","in","Bandung, Indonesia","0","0","0","https://twitter.com/rs_matacicendo/status/1597393528673677314","505374412","rs_matacicendo"
"1597283532413759490","Mon Nov 28 17:37:24 +0000 2022","0","Manfaat menyontek : 1. otot mata sehat 2. kreatifitas meningkat 3. Meningkatkn sosial teman 4. Nilai bagus 5. Melatih kecepatan gerak","1597283532413759490","","","in","","0","0","0","https://twitter.com/asihpriyati1/status/1597283532413759490","2191779301","asihpriyati1"
"1597156739266543617","Mon Nov 28 09:13:35 +0000 2022","1","Sekretaris Daerah (Sekda) Kabupaten Bekasi @dedysupriyadi_01 melepas sekaligus mendampingi pemberian Bantuan Sosial dari Komunitas Bekasi SEHAT untuk korban gempa bumi di Kabupaten Cianjur Pada Minggu ( 27/11). https://t.co/T0COCyFAJJ","1597156739266543617","https://pbs.twimg.com/ext_tw_video_thumb/1597156703711072256/pu/img/qn1Dsi_Kn-TS6UkK.jpg","","in","Bekasi, Jawa Barat","0","1","0","https://twitter.com/pemkabekasi/status/1597156739266543617","834221193485901824","pemkabekasi"
"1597146669765693440","Mon Nov 28 08:33:34 +0000 2022","0","Halo teman sehat! Berikut aktivitas fisik yang bisa diberikan untuk dilakukan pada Balita agar tetap sehat. Untuk info kesehatan lainnya silahkan cek di media sosial lain yang ada di bio ya. #dinkessulbar #sulbarsehat #balita #sulbarmajumalaqbi https://t.co/oXZGGesKAB","1597146669765693440","https://pbs.twimg.com/media/Fio0bJFVIAAR8lB.jpg","","in","Mamuju","0","0","0","https://twitter.com/dinkes_sulbar/status/1597146669765693440","2990983481","dinkes_sulbar"
"1597122233100513281","Mon Nov 28 06:56:28 +0000 2022","1","Dokumentasi 22/11/2022 Kegiatan Bakti Sosial Operasi Katarak GRATIS yang dilaksanakan oleh pemerintah daerah kabupaten Indramayu melalui Dinkes Indramayu dalam rangka Hari Kesehatan Nasional ke 58 Bangkit Indonesiaku Sehat Negeriku Indramayu Bermartabat ️ @ninagustina1708 https://t.co/GrkWqmhZKL","1597122233100513281","https://pbs.twimg.com/ext_tw_video_thumb/1597122175856627714/pu/img/-0fjIkI3iPTJqOOh.jpg","","in","Indramayu, Indonesia","0","0","0","https://twitter.com/DinkesIndramayu/status/1597122233100513281","1359044423925993473","DinkesIndramayu"
"1597057046134018048","Mon Nov 28 02:37:26 +0000 2022","0","Manfaat menyontek : 1. otot mata sehat 2. kreatifitas meningkat 3. Meningkatkn sosial teman 4. Nilai bagus 5. Melatih kecepatan gerak","1597057046134018048","","","in","","0","0","0","https://twitter.com/asihpriyati1/status/1597057046134018048","2191779301","asihpriyati1"
"1596943811283853313","Sun Nov 27 19:07:29 +0000 2022","0","Manfaat menyontek : 1. otot mata sehat 2. kreatifitas meningkat 3. Meningkatkn sosial teman 4. Nilai bagus 5. Melatih kecepatan gerak","1596943811283853313","","","in","","0","0","0","https://twitter.com/asihpriyati1/status/1596943811283853313","2191779301","asihpriyati1"
"1596943373323350016","Sun Nov 27 19:05:44 +0000 2022","0","sosial media sehat?","1596943373323350016","","","in","","0","0","0","https://twitter.com/snwlss/status/1596943373323350016","1411403548546408450","snwlss"
"1596875879061127169","Sun Nov 27 14:37:32 +0000 2022","1","Mungkin benar hidup tanpa sosial media itu bisa lebih sehat!!! Pasti bisa","1596875879061127169","","","in","Bojonggede, Indonesia","0","0","0","https://twitter.com/Toyo1508/status/1596875879061127169","1543450568680931328","Toyo1508"
"1596819001057116163","Sun Nov 27 10:51:31 +0000 2022","0","Ternyata pakai secc acc seru juga. Menghindari sosial yang tau keberadaan saya. Lebih sehat fisik dan psikis","1596819001057116163","","","in","","0","0","0","https://twitter.com/hadnI4031/status/1596819001057116163","1516633251611578372","hadnI4031"
"1596795996343705601","Sun Nov 27 09:20:07 +0000 2022","0","Dekat tuiter ni nak luahkan perasaan boleh la bukan nak cari gaduh. Dah tak sehat jauhkan la diri dari sosial media.","1596795996343705601","","","in","윤기 침실 ","0","0","0","https://twitter.com/minyuu_Ka/status/1596795996343705601","1553959622930677760","minyuu_Ka"
"1596760009509326849","Sun Nov 27 06:57:07 +0000 2022","0","Selamat berjuang semuanya.. Berjuang demi rasa keadilan sosial bagi seluruh rakyat Indonesia yg sudah mulai hilang. Sehat selalu","1596760009509326849","","","in","East Java, Indonesia","0","0","0","https://twitter.com/profit_hustler/status/1596760009509326849","229321707","profit_hustler"
"1596717332377657345","Sun Nov 27 04:07:32 +0000 2022","0","Manfaat menyontek : 1. otot mata sehat 2. kreatifitas meningkat 3. Meningkatkn sosial teman 4. Nilai bagus 5. Melatih kecepatan gerak","1596717332377657345","","","in","","0","0","0","https://twitter.com/asihpriyati1/status/1596717332377657345","2191779301","asihpriyati1"
"1596604053215412224","Sat Nov 26 20:37:24 +0000 2022","0","Manfaat menyontek : 1. otot mata sehat 2. kreatifitas meningkat 3. Meningkatkn sosial teman 4. Nilai bagus 5. Melatih kecepatan gerak","1596604053215412224","","","in","","0","0","0","https://twitter.com/asihpriyati1/status/1596604053215412224","2191779301","asihpriyati1"
"1596480210253201410","Sat Nov 26 12:25:17 +0000 2022","0","Suruh- Batituud Koramil 08 Suruh Peltu lintang menghadiri giat jalan sehat dan ekspo pemberian dana Sosial guna meningkatkan sinergitas antara TNI dan lembaga desa yang diselenggarakan BUMDES desa Suruh https://t.co/pZvHjZvWDG","1596480210253201410","","","in","","0","0","0","https://twitter.com/KoramilSuruh/status/1596480210253201410","1553936541172436994","KoramilSuruh"
"1596415316191416322","Sat Nov 26 08:07:25 +0000 2022","0","Manfaat menyontek : 1. otot mata sehat 2. kreatifitas meningkat 3. Meningkatkn sosial teman 4. Nilai bagus 5. Melatih kecepatan gerak","1596415316191416322","","","in","","0","0","0","https://twitter.com/asihpriyati1/status/1596415316191416322","2191779301","asihpriyati1"
"1596391218636009472","Sat Nov 26 06:31:40 +0000 2022","0","tiba2 pertemanan disconnected di sosial media silaturahmi diputus mungkin krn salah paham. membesarkan prasangka saja tanpa bertanya. hak anda. sehat selalu ya cantik","1596391218636009472","","","in","Indonesia","0","0","0","https://twitter.com/ayinyai_/status/1596391218636009472","358746427","ayinyai_"
"1596188820239659009","Fri Nov 25 17:07:25 +0000 2022","0","Manfaat menyontek : 1. otot mata sehat 2. kreatifitas meningkat 3. Meningkatkn sosial teman 4. Nilai bagus 5. Melatih kecepatan gerak","1596188820239659009","","","in","","0","0","0","https://twitter.com/asihpriyati1/status/1596188820239659009","2191779301","asihpriyati1"
"1596056025353756672","Fri Nov 25 08:19:44 +0000 2022","0","Jalan Sehat hingga Bakti Sosial Warnai Peringatan Hari Kesehatan Nasional 2022 di Kapuas https://t.co/1hAca3wzpO #berita #metro #beritakalimantan #beritaterkini https://t.co/6vgBlt9H4I","1596056025353756672","https://pbs.twimg.com/media/FiZUfxZWIAAJQO8.jpg","","in","","0","0","0","https://twitter.com/redaksimetrokal/status/1596056025353756672","1250315245114912769","redaksimetrokal"
"1596056011487543298","Fri Nov 25 08:19:41 +0000 2022","0","Jalan Sehat hingga Bakti Sosial Warnai Peringatan Hari Kesehatan Nasional 2022 di Kapuas https://t.co/Bm7er475BB #berita #metro #beritakalimantan #beritaterkini https://t.co/oTigv6uV5F","1596056011487543298","https://pbs.twimg.com/media/FiZUfA6WIAE6DNj.jpg","","in","","0","0","0","https://twitter.com/redaksimetrokal/status/1596056011487543298","1250315245114912769","redaksimetrokal"
"1596049355202781184","Fri Nov 25 07:53:14 +0000 2022","3","Membangun Hidup Sehat dengan Senam Pagi Bogor Jum at 25 November 2022. Dalam rangka membangun kesehatan serta kebugaran jasmani pegawai di lingkungan Kantor Pusat Sosial Ekonomi dan Kebijakan Pertanian (PSEKP) mengikuti senam sehat bersama di halaman upacara PSEKP. https://t.co/3k6FFm6kVy","1596049355202781184","https://pbs.twimg.com/media/FiZOWkfagAEjOaL.jpg","","in","","0","0","1","https://twitter.com/PSEKP_KEMENTAN/status/1596049355202781184","707032217529163776","PSEKP_KEMENTAN"
"1595982677525508096","Fri Nov 25 03:28:16 +0000 2022","5","Asli sih gak sehat banget buat mental Rafathar. Yang deket sama Rans Entertainment tolong kasih tau Raffi sama Nagita supaya Rafathar jangan akses sosial media dulu. Kasian. Gak kebayang anak sekecil itu dapet pressure kayak gini.","1595982677525508096","","","in","Garut, Indonesia","0","0","0","https://twitter.com/talisaa77/status/1595982677525508096","711494840085647360","talisaa77"
"1595962329031528448","Fri Nov 25 02:07:25 +0000 2022","0","Manfaat menyontek : 1. otot mata sehat 2. kreatifitas meningkat 3. Meningkatkn sosial teman 4. Nilai bagus 5. Melatih kecepatan gerak","1595962329031528448","","","in","","0","0","0","https://twitter.com/asihpriyati1/status/1595962329031528448","2191779301","asihpriyati1"
"1595735840004534273","Thu Nov 24 11:07:26 +0000 2022","0","Manfaat menyontek : 1. otot mata sehat 2. kreatifitas meningkat 3. Meningkatkn sosial teman 4. Nilai bagus 5. Melatih kecepatan gerak","1595735840004534273","","","in","","0","0","0","https://twitter.com/asihpriyati1/status/1595735840004534273","2191779301","asihpriyati1"
"1595721242547716096","Thu Nov 24 10:09:25 +0000 2022","2","Sore semuanya salam sehat selalu. Ini kehidupan sosial padat dan damai. https://t.co/wMbuYrFrjP","1595721242547716096","https://pbs.twimg.com/media/FiUkAWiUoAEzhKp.jpg","","in","Gunung Kidul, Yogyakarta","0","0","0","https://twitter.com/budisuharjo32/status/1595721242547716096","1571757324557221888","budisuharjo32"
"1595617049212223488","Thu Nov 24 03:15:24 +0000 2022","0","Halo teman sehat! Mulai dari sekarang Mari kenali faktor risiko kanker payudara di postingan berikut ini. Cek info kesehatan lainnya di sosial media yang ada di bio ya.. #dinkessulbar #sulbarsehat #sulbarmajumalaqbi #kankerpayudara https://t.co/qKUHRWvVla","1595617049212223488","https://pbs.twimg.com/media/FiTFPsKUoAA0GJM.jpg","","in","Mamuju","0","1","0","https://twitter.com/dinkes_sulbar/status/1595617049212223488","2990983481","dinkes_sulbar"
"1595593663639609344","Thu Nov 24 01:42:28 +0000 2022","14","Selalu kagum pada pekerja sosial di lokasi bencana. Mereka jalankan misi ketuhanan: Allah Sang Pemilik Baitullah (1) berikan makan bg yg kelaparan (2) selamatkan yg terancam jiwanya. ..اللذي اطعمهم من جوع وآمنهم من خوف Doa terbaik kami: lancar sehat sukses! #PrayForCianjur","1595593663639609344","","","in","Kota Surabaya, Jawa Timur","0","0","5","https://twitter.com/hakimjayli/status/1595593663639609344","50968320","hakimjayli"
"1595592323093917696","Thu Nov 24 01:37:09 +0000 2022","7","KELUARGA SEHAT KELUARGA BEBAS NARKOBA!! || Sosialisasi P4GN melalui sosial media BNNK Ogan Ilir. Pada : Kamis 24 November 2022 #WarOnDrugs #SpeedUpNeverLetUp #IndonesiaBersinar #SumselBersinar #OganIlirBersinar #BnnkOganIlir https://t.co/8JrWIpBlyh","1595592323093917696","https://pbs.twimg.com/ext_tw_video_thumb/1595592290466422785/pu/img/23Vy6HRKRS_3-JjH.jpg","","in","","0","0","0","https://twitter.com/bnnkoganilir/status/1595592323093917696","1354289400243343363","bnnkoganilir"
"1595578620583759872","Thu Nov 24 00:42:42 +0000 2022","0","Dulu waktu HRS katanya sehat HOAX langsung di penjarakan sama pemerintah giliran Ruhut sama Permadi ataupun yg lainnya yg projo ko di biarkan begitu saja ya?... Apakah ini keadilan sosial bagi seluruh rakyat Indonesia?????","1595578620583759872","","","in","","0","0","0","https://twitter.com/RafisqyArfadhia/status/1595578620583759872","1578038384152702978","RafisqyArfadhia"
"1595509338537603072","Wed Nov 23 20:07:24 +0000 2022","0","Manfaat menyontek : 1. otot mata sehat 2. kreatifitas meningkat 3. Meningkatkn sosial teman 4. Nilai bagus 5. Melatih kecepatan gerak","1595509338537603072","","","in","","0","0","0","https://twitter.com/asihpriyati1/status/1595509338537603072","2191779301","asihpriyati1"
"1595312300721811456","Wed Nov 23 07:04:26 +0000 2022","1","Jelajah Negeri Bakti Sosial Operasi Katarak menemui Sahabat Mata di Indramayu Jawa Barat. Semoga bermanfaat dan sehat selalu #salamsehatmata #jelajahnegeri #baksoskatarak #rsmatacicendo https://t.co/lLp4vLstkc","1595312300721811456","https://pbs.twimg.com/media/FiOwFRsVEAEWpUq.jpg","","in","Bandung, Indonesia","0","0","0","https://twitter.com/rs_matacicendo/status/1595312300721811456","505374412","rs_matacicendo"
"1595282853126103040","Wed Nov 23 05:07:25 +0000 2022","0","Manfaat menyontek : 1. otot mata sehat 2. kreatifitas meningkat 3. Meningkatkn sosial teman 4. Nilai bagus 5. Melatih kecepatan gerak","1595282853126103040","","","in","","0","0","0","https://twitter.com/asihpriyati1/status/1595282853126103040","2191779301","asihpriyati1"
"1595275859652333568","Wed Nov 23 04:39:38 +0000 2022","0","Halo teman sehat! ️ Berikut adalah 10 hal yang perlu diperhatikan oleh lanjut usia. Untuk info kesehatan lainnya silahkan cek sosial media yang ada di bio yaa! #dinkessulbar #sulbarsehat #sulbarmajumalaqbi #lanjutusia https://t.co/d1nbBuSL9Z","1595275859652333568","https://pbs.twimg.com/media/FiOO719UcAAduKH.jpg","","in","Mamuju","0","0","0","https://twitter.com/dinkes_sulbar/status/1595275859652333568","2990983481","dinkes_sulbar"
"1595269216256823296","Wed Nov 23 04:13:14 +0000 2022","1","Hidup itu murah gengsi dan gaya hidup yang bikin mahal. . Belajar itu murah biaya pendidikan terbaik yang mahal. . Sehat itu murah biaya berobat dan fasilitas kesehatan terbaik yang mahal. . Berkeluarga itu murah biaya nikah yg sesuai ekspektasi diri dan sosial yg mahal.","1595269216256823296","","","in","Indonesia","0","1","1","https://twitter.com/ff_february/status/1595269216256823296","4812742153","ff_february"
"1595253586686283776","Wed Nov 23 03:11:08 +0000 2022","0","Beda dengan urusan uang pekerjaan status sosial maka sedikit yang mau memelihara kesehatan karena tidak punya motifnya. Kebangun tidur pagiii ga niat olahraga ga mikir memilih menu sehat. berapa kali seminggu anda olahraga?","1595253586686283776","","","in","Tangerang - Banten, Indonesia","0","0","0","https://twitter.com/pusatherbalcom/status/1595253586686283776","411557062","pusatherbalcom"
"1595169609883058176","Tue Nov 22 21:37:26 +0000 2022","0","Manfaat menyontek : 1. otot mata sehat 2. kreatifitas meningkat 3. Meningkatkn sosial teman 4. Nilai bagus 5. Melatih kecepatan gerak","1595169609883058176","","","in","","0","0","0","https://twitter.com/asihpriyati1/status/1595169609883058176","2191779301","asihpriyati1"
"1595111177738424321","Tue Nov 22 17:45:15 +0000 2022","5","Jadi anak sosial yang suka banget dengan kegiatan sosial tapi pas lagi kurang sehat tiba tiba info gempa cianjur mau ga mau harus langsung gerak bantu saudara kita tubuh harus kuat dan semangatt","1595111177738424321","","","in","Bandung, Jawa Barat","0","1","0","https://twitter.com/Kukirakauayang/status/1595111177738424321","1354444696219619333","Kukirakauayang"
"1595028557587451904","Tue Nov 22 12:16:56 +0000 2022","1","Yayasan Kanker Anak Indonesia (YKAI) dan Konservatorium Musik Jakarta Kembali menyelenggarakan acara penggalangan dana untuk anak-anak pejuang kanker yang bertema Calling For Unity for Children with Cancer Salam sehat YKAI #Yayasankankeranakindonesia #charity #sosial https://t.co/vfkccTfsn9","1595028557587451904","https://pbs.twimg.com/media/FiKt4SKacAACMiQ.jpg","","in","Wisma Keiai, Jakarta.Indonesia","0","0","0","https://twitter.com/kankeranakindo1/status/1595028557587451904","1309185253387296769","kankeranakindo1"
"1594944076725760000","Tue Nov 22 06:41:15 +0000 2022","0","Sering mengkonsumsi alkohol tidak hanya berdampak pada kehidupan sosial namun juga terdampak pada kesehatan diri sendiri Jauhi Alkohol !!! Mari terapkan hidup sehat dengan tidak meminum alkohol. https://t.co/2uQgPoc50u","1594944076725760000","","","in","","0","0","0","https://twitter.com/POLSEKKAURUTAR3/status/1594944076725760000","1436542562576203782","POLSEKKAURUTAR3"
"1594943124786200576","Tue Nov 22 06:37:28 +0000 2022","0","Manfaat menyontek : 1. otot mata sehat 2. kreatifitas meningkat 3. Meningkatkn sosial teman 4. Nilai bagus 5. Melatih kecepatan gerak","1594943124786200576","","","in","","0","0","0","https://twitter.com/asihpriyati1/status/1594943124786200576","2191779301","asihpriyati1"
"1594939365608009729","Tue Nov 22 06:22:31 +0000 2022","0","Bravo! Ini contoh Negara selalu berusaha hadir dlm tiap isu ketdkadilan hukum/sosial. Tetap sehat Pak negeri ini butuh sosok mumpuni spt Bapak. Jika sj pendamping Capres tak hrs punya variabel pembawa suara/ ada keterancaman dr karakter pak Mahfud maka Bapak lah sosok yg tepat.","1594939365608009729","","","in","Somewhere in Indonesia","0","0","0","https://twitter.com/yanxsetiahardja/status/1594939365608009729","113281524","yanxsetiahardja"
"1594716625487290368","Mon Nov 21 15:37:26 +0000 2022","0","Manfaat menyontek : 1. otot mata sehat 2. kreatifitas meningkat 3. Meningkatkn sosial teman 4. Nilai bagus 5. Melatih kecepatan gerak","1594716625487290368","","","in","","0","0","0","https://twitter.com/asihpriyati1/status/1594716625487290368","2191779301","asihpriyati1"
"1594690202714669057","Mon Nov 21 13:52:26 +0000 2022","0","Bakti Sosial Karyawan dan Majelis Taklim XL Axiata Bangun Jamban Sehat di Tegal dan Wisata Hijau di Lampung https://t.co/LdTsNCQu84 @indoict","1594690202714669057","","","in","INDONESIA","0","0","0","https://twitter.com/indoict/status/1594690202714669057","957482702","indoict"
"1594690149451169793","Mon Nov 21 13:52:14 +0000 2022","0","Bakti Sosial Karyawan dan Majelis Taklim XL Axiata Bangun Jamban Sehat di Tegal dan Wisata Hijau di Lampung https://t.co/LdTsNCQu84 via @indoict","1594690149451169793","","","in","INDONESIA","0","0","0","https://twitter.com/indoict/status/1594690149451169793","957482702","indoict"
"1594603376700194816","Mon Nov 21 08:07:25 +0000 2022","0","Manfaat menyontek : 1. otot mata sehat 2. kreatifitas meningkat 3. Meningkatkn sosial teman 4. Nilai bagus 5. Melatih kecepatan gerak","1594603376700194816","","","in","","0","0","0","https://twitter.com/asihpriyati1/status/1594603376700194816","2191779301","asihpriyati1"
"1594551200434647040","Mon Nov 21 04:40:06 +0000 2022","1","SobatPlong khususnya yang laki-laki yuk ubah naratif yang ada dipikiran kalian. Ini hanya konstruk sosial yang tidak sehat dan perlu diubah! #MensMentalHealthMonth #mensmentalhealth https://t.co/K4P4VGj0CW","1594551200434647040","https://pbs.twimg.com/media/FiD72nGaEAAa8P2.jpg","","in","","0","0","0","https://twitter.com/hatiplong/status/1594551200434647040","1438029152460820480","hatiplong"
"1594529938358423552","Mon Nov 21 03:15:36 +0000 2022","0","Pada hari Sabtu 19November 2022 telah dilaksanakan bakti sosial dalam rangka Hari Kesehatan Nasional ke 58 BANGKIT INDONESIAKU SEHAT NEGERIKU bertempat di Desa Tunjunghatjo Kecamatan Tegowanu https://t.co/tXkgOoZoqZ","1594529938358423552","","","in","Grobogan, Indonesia","0","0","0","https://twitter.com/gerbangbarat6/status/1594529938358423552","1087506968569212928","gerbangbarat6"
"1594521975149690880","Mon Nov 21 02:43:58 +0000 2022","0","dulu pernah kyk gini bener2 ga ada sosial interaksi sm sekali sm org luar. hidup jg ga sehat makan cmn 1 sekali sehari sakit bgt dulu","1594521975149690880","","","in","","0","0","0","https://twitter.com/daysbluecloud/status/1594521975149690880","1433281876299378695","daysbluecloud"
"1594376880534487045","Sun Nov 20 17:07:25 +0000 2022","0","Manfaat menyontek : 1. otot mata sehat 2. kreatifitas meningkat 3. Meningkatkn sosial teman 4. Nilai bagus 5. Melatih kecepatan gerak","1594376880534487045","","","in","","0","0","0","https://twitter.com/asihpriyati1/status/1594376880534487045","2191779301","asihpriyati1"
"1594332625602482176","Sun Nov 20 14:11:33 +0000 2022","1","Selain jalan sehat para pendukung timnas tiga negara itu juga menggelar bakti sosial dan pawai bersama. #publisherstory #ceritamalukuutara https://t.co/oLdN2rx88S","1594332625602482176","","","in","","0","0","0","https://twitter.com/kumparan/status/1594332625602482176","759692754985242625","kumparan"
"1594208878547595271","Sun Nov 20 05:59:50 +0000 2022","0","Kerja bukan cuma memenuhi sandang pangan papan tapi ada orang yang kerja karena butuh interaksi sosial. Ga betah di rumah suka tantangan dll. Banyak faktor yang mendorong orang buat kerja ga melulu soal uang. Bisa jadi karena lingkungan kerja sehat dan sesuai passion.","1594208878547595271","","","in","","0","1","0","https://twitter.com/pacarnya_baymax/status/1594208878547595271","1478996625414516741","pacarnya_baymax"
"1594206111388663808","Sun Nov 20 05:48:50 +0000 2022","28","20 NOV 2022 Jalan sehat dalam rangka HUT Partai NasDem ke-11 momentum menjadikan stamina lebih kuat dan bersama-sama menuju perubahan.Dorong Terus Perubahan Menuju Keadilan Sosial Bagi Seluruh Rakyat Indonesia. @JarNasTapsel @JarnasABW @JarnasABWBpn @NasDem @2024ForAnies https://t.co/xvYv5TQQOB","1594206111388663808","https://pbs.twimg.com/ext_tw_video_thumb/1594206067675738113/pu/img/luSUrCsuxWFrPER7.jpg","","in","Bekasi Raya","0","2","6","https://twitter.com/JarnasRaya/status/1594206111388663808","1573108107542073344","JarnasRaya"
"1594178102028308480","Sun Nov 20 03:57:32 +0000 2022","0","Selamat ulang tahun ibu Mentri dinas sosial .. @KemensosRI Sehat selalu and bisa menjadi kabinet yg lebih maju untuk Indonesia ️🇮🇩 Wish you are the best mom ️🇮🇩","1594178102028308480","","","in","","0","0","0","https://twitter.com/Firm18404250Eko/status/1594178102028308480","1574955067500679168","Firm18404250Eko"
"1594165665560432640","Sun Nov 20 03:08:07 +0000 2022","0","Wkwkwk sosial media tuh emang gak sehat banget ye gue bisa tiba-tiba aja insecure liat pencapaian orang lain_-","1594165665560432640","","","in","heaven","0","1","0","https://twitter.com/dinapratii/status/1594165665560432640","862971422351609856","dinapratii"
"1594150392689926145","Sun Nov 20 02:07:26 +0000 2022","0","Manfaat menyontek : 1. otot mata sehat 2. kreatifitas meningkat 3. Meningkatkn sosial teman 4. Nilai bagus 5. Melatih kecepatan gerak","1594150392689926145","","","in","","0","0","0","https://twitter.com/asihpriyati1/status/1594150392689926145","2191779301","asihpriyati1"
"1594037155117944834","Sat Nov 19 18:37:28 +0000 2022","0","Manfaat menyontek : 1. otot mata sehat 2. kreatifitas meningkat 3. Meningkatkn sosial teman 4. Nilai bagus 5. Melatih kecepatan gerak","1594037155117944834","","","in","","0","0","0","https://twitter.com/asihpriyati1/status/1594037155117944834","2191779301","asihpriyati1"
"1594013949410021376","Sat Nov 19 17:05:15 +0000 2022","0","Pemerintah Kabupaten Mojokerto Jawa Timur mengucurkan bantuan sosial (Bansos) jamban sehat senilai Rp18 miliar kepada 5.598 KK di 18 kecamatan yang belum memiliki sarana jamban yan... https://t.co/H8BAXYDLOx","1594013949410021376","","","in","DKI Jakarta, Indonesia","0","0","0","https://twitter.com/voidotid/status/1594013949410021376","1186946650595418116","voidotid"
"1593951045775814657","Sat Nov 19 12:55:18 +0000 2022","0","Good job buat orang tua korbannya.. buat pelakunya semoga dapet sanksi sosial dah lu gedeg gue liatnya.. buat korbannya semoga hidup kamu kedepannya bakalan baik dari sebelumnya sehat selalu ya dek!! ","1593951045775814657","","","in","Indonesia","0","0","0","https://twitter.com/johnvinrubyjane/status/1593951045775814657","1083013259093921792","johnvinrubyjane"
"1593909594148855808","Sat Nov 19 10:10:35 +0000 2022","0","sEHAT SELALU DENGAN HASIL YANG DICAPAI ASURANSI UMUR UNTUK PEKERJA SOSIAL YANG SABAR","1593909594148855808","","","in","Indonesia","0","0","0","https://twitter.com/HidayatRahmat65/status/1593909594148855808","1037180784","HidayatRahmat65"
"1593857074911662081","Sat Nov 19 06:41:53 +0000 2022","0","4 sehat 5 keadilan sosial bagi seluruh rakyat budiman https://t.co/KqFzN9bRS2","1593857074911662081","https://pbs.twimg.com/media/Fh6EjtjUYAE4KAo.jpg","","in","","0","0","0","https://twitter.com/Sumalihh/status/1593857074911662081","1129810314919178242","Sumalihh"
"1593810659598180352","Sat Nov 19 03:37:27 +0000 2022","0","Manfaat menyontek : 1. otot mata sehat 2. kreatifitas meningkat 3. Meningkatkn sosial teman 4. Nilai bagus 5. Melatih kecepatan gerak","1593810659598180352","","","in","","0","0","0","https://twitter.com/asihpriyati1/status/1593810659598180352","2191779301","asihpriyati1"
"1593805788782682112","Sat Nov 19 03:18:06 +0000 2022","1","Mendukung Anies Sejarah Mencatat Partai NasDem PKS dan Demokrat Menjadi Lokomotif Demokrasi Sehat. Sejatinya saat ini tak bisa pisahkan fonomena ini sejalan gemuruh suasana batin rakyat membutuhkan hadirnya persatuan kesejahteraan keadilan sosial https://t.co/TL4UPxCNhx","1593805788782682112","","","in","","0","0","1","https://twitter.com/Simanjunta9Nico/status/1593805788782682112","1460142601449840652","Simanjunta9Nico"
"1593651142134829057","Fri Nov 18 17:03:35 +0000 2022","0","Bakti Sosial Karyawan dan Majelis Taklim XL Axiata Bangun Jamban Sehat di Tegal dan Wisata Hijau di Lampung https://t.co/CpJKWUfyLw","1593651142134829057","","","in","Padang, West Sumatera","0","0","0","https://twitter.com/padangmedianews/status/1593651142134829057","945189888877457409","padangmedianews"
"1593649345160966144","Fri Nov 18 16:56:27 +0000 2022","0","Mendukung Anies Sejarah Mencatat Partai NasDem PKS dan Demokrat Menjadi Lokomotif Demokrasi Sehat. 'Fonomena saat ini sejalan dgn gemuruh suasana batin rakyat membutuhkan hadirnya persatuan kesejahteraan keadilan sosial &amp; jalannya demokrasi sehat https://t.co/TL4UPxCNhx","1593649345160966144","","","in","","0","0","0","https://twitter.com/Simanjunta9Nico/status/1593649345160966144","1460142601449840652","Simanjunta9Nico"
"1593584172097904642","Fri Nov 18 12:37:28 +0000 2022","0","Manfaat menyontek : 1. otot mata sehat 2. kreatifitas meningkat 3. Meningkatkn sosial teman 4. Nilai bagus 5. Melatih kecepatan gerak","1593584172097904642","","","in","","0","0","0","https://twitter.com/asihpriyati1/status/1593584172097904642","2191779301","asihpriyati1"
"1593551511774441473","Fri Nov 18 10:27:41 +0000 2022","1","Betul Mas AHY mewujudkan Sila Keadilan sosial itu harus dimulai dari rakyat kecil mereka dilatih dan dibantu melalui UMKM. Bila ini bisa menjadi gerakan nasional Insya Alloh mereka akan mampu berkompetisi secara sehat dalam dunia perdagangan.","1593551511774441473","","","in","","0","0","1","https://twitter.com/akhmadsoderi2/status/1593551511774441473","1488734509403361283","akhmadsoderi2"
"1593476595552948224","Fri Nov 18 05:30:00 +0000 2022","5","Congratulations! Inilah 3 pemenang Giveaway Hari Jantung dari Dapur Umami https://t.co/gt1bPDRdfW. https://t.co/kiMaaNJGtY Segera DM data diri kamu melalui inbox media sosial Dapur Umami. Jangan lupa untuk terus hidup sehat dan ikutan activity seru lainnya ya~ #DapurUmami https://t.co/7IngJFlcsB","1593476595552948224","https://pbs.twimg.com/media/FhxMNZTacAEHb9k.jpg","","in","","0","2","0","https://twitter.com/dapurumami/status/1593476595552948224","263025420","dapurumami"
"1593460282545692673","Fri Nov 18 04:25:11 +0000 2022","1","Dalam Rangka Peringatan Hari Kesehatan Nasional ke-58 Bupati Indramayu Hj. Nina Agustina melalui Dinas Kesehatan Kabupaten Indramayu mengadakan Bakti Sosial untuk Balita Stunting di Kecamatan Bangodua Kabupaten Indramayu (18/11/2022). Bangkit Indonesiaku Sehat Negeriku ️ https://t.co/daCIwo6n3u","1593460282545692673","https://pbs.twimg.com/media/Fh0brH0UAAE0R97.jpg","","in","Indramayu, Indonesia","0","0","0","https://twitter.com/DinkesIndramayu/status/1593460282545692673","1359044423925993473","DinkesIndramayu"
"1593454901396242432","Fri Nov 18 04:03:48 +0000 2022","0","Upacara Peringatan HKN Ke-58 Bupati @yuhronur_yes menyerahkan 15 unit mobil sehat untuk desa dan 2 mobil ambulance untuk Dinas Sosial dan Dinas PMPTSP. #lamongan #lamongan_megilan #lamonganmenujukejayaan #megilan #hkn58 #hkn2022 https://t.co/AxD3bVV1YA","1593454901396242432","https://pbs.twimg.com/ext_tw_video_thumb/1593454810384039936/pu/img/br7t8pDkLGTt7w_H.jpg","","in","Lamongan, Indonesia ","0","0","0","https://twitter.com/prokopimkablmg/status/1593454901396242432","966239076075450368","prokopimkablmg"
"1593423751634223105","Fri Nov 18 02:00:01 +0000 2022","0","Gerakan mnjg kesehatan mental kerap digaungkan oleh masyarakat dimedia sosial maupun di lingkungan sekitar. Mental yg sehat dpt memengaruhi cara berpikir merasakan bertindak &amp; merespons suatu hal. Tidak selalu dg healing ke luar kota mental bs dijaga dg melakukan bbrp cara ini https://t.co/WOcsROJ7H0","1593423751634223105","https://pbs.twimg.com/media/Fhwaf2haAAAvNGg.jpg","","in","Yogyakarta, Indonesia","0","0","0","https://twitter.com/ppobnusantara/status/1593423751634223105","239208969","ppobnusantara"
"1593360213431947266","Thu Nov 17 21:47:32 +0000 2022","4","6 Cara Membuat Batasan yang Sehat dengan Media Sosial dalam Hubungan https://t.co/jAo6y8Whs7 #TempoCantik","1593360213431947266","","","in","Indonesia","0","0","0","https://twitter.com/tempodotco/status/1593360213431947266","18129942","tempodotco"
"1593357673772494849","Thu Nov 17 21:37:27 +0000 2022","0","Manfaat menyontek : 1. otot mata sehat 2. kreatifitas meningkat 3. Meningkatkn sosial teman 4. Nilai bagus 5. Melatih kecepatan gerak","1593357673772494849","","","in","","0","0","0","https://twitter.com/asihpriyati1/status/1593357673772494849","2191779301","asihpriyati1"
"1593230500138979328","Thu Nov 17 13:12:06 +0000 2022","0","H6 Cara Membuat Batasan yang Sehat dengan Media Sosial dalam Hubungan https://t.co/1D0CqgchPc #TempoCantik","1593230500138979328","","","in","Indonesia","0","0","0","https://twitter.com/tempodotco/status/1593230500138979328","18129942","tempodotco"
"1593187197234343936","Thu Nov 17 10:20:02 +0000 2022","5","Salam Sehat #SahabatBahari (17/11) Telah dilaksanakan kegiatan Bakti Sosial yang diselenggarakan oleh Dharma Wanita Persatuan Pelabuhan Perikanan Nusantara Sungailiat bersama dengan @PmiBangka https://t.co/XXInriwZFs","1593187197234343936","https://pbs.twimg.com/media/FhwjTpSagAAxkPg.jpg","","in","Sungai Liat, Indonesia","0","1","0","https://twitter.com/PPNSungailiat/status/1593187197234343936","721165035670614016","PPNSungailiat"
"1593131193326657537","Thu Nov 17 06:37:30 +0000 2022","0","Manfaat menyontek : 1. otot mata sehat 2. kreatifitas meningkat 3. Meningkatkn sosial teman 4. Nilai bagus 5. Melatih kecepatan gerak","1593131193326657537","","","in","","0","0","0","https://twitter.com/asihpriyati1/status/1593131193326657537","2191779301","asihpriyati1"
"1593100978676723712","Thu Nov 17 04:37:26 +0000 2022","0","Halo teman sehat ️ Tau gak sih Prediabetes itu apa? Jadi Prediabetes adalah kondisi dimana kadar gula darah di dalam tubuh seseorang lebih dari normal tetapi belum dikatakan menderita kencing manis/diabetes melitus. Untuk info selengkapnya kunjungi platform media sosial ya https://t.co/iwUilT80DX","1593100978676723712","https://pbs.twimg.com/media/FhvU49oUoAAoqrt.jpg","","in","Mamuju","0","0","0","https://twitter.com/dinkes_sulbar/status/1593100978676723712","2990983481","dinkes_sulbar"
"1593070119588368385","Thu Nov 17 02:34:48 +0000 2022","0","org jd ateis di +62 keknya ga kuat jd saleh aja karna banyak pengajar agama yg sok keras dan intoleran. jd bukan lebih karna org beragama nyerang ateis. tp karna ateis ngerasa agama leluhurnya kering dan ga sehat scr sosial. pelampiasnnya: agama lamanya diserang balik.","1593070119588368385","","","in","","0","0","0","https://twitter.com/jurukucing/status/1593070119588368385","1482420618075475970","jurukucing"
"1593061399156383745","Thu Nov 17 02:00:09 +0000 2022","0","Iklim politik d media sosial mmg beneran gk sehat banget fitnah&amp;hoax tertweet dgn mudah tnp berpikir dampaknya. maka dinamika polemik dri kubu A&amp;G akn trus fight smpai pemilu udh jlas matchnya 1/2 oligarki vs full oligarki krn fakta kekuasaan didasari oleh realita kepentingan","1593061399156383745","","","in","Kota Medan, Sumatera Utara","0","0","0","https://twitter.com/AjiZaruddin/status/1593061399156383745","1086157317458948096","AjiZaruddin"
"1592904685928976389","Wed Nov 16 15:37:26 +0000 2022","0","Manfaat menyontek : 1. otot mata sehat 2. kreatifitas meningkat 3. Meningkatkn sosial teman 4. Nilai bagus 5. Melatih kecepatan gerak","1592904685928976389","","","in","","0","0","0","https://twitter.com/asihpriyati1/status/1592904685928976389","2191779301","asihpriyati1"
"1592889231520968704","Wed Nov 16 14:36:01 +0000 2022","0","Semoga aja semua akun² aku disemua sosial media sehat ajaa","1592889231520968704","","","in","Indonesia","0","0","0","https://twitter.com/farapra_/status/1592889231520968704","825269725529649152","farapra_"
"1592865631518744578","Wed Nov 16 13:02:15 +0000 2022","0","Udah lama banget rasanya sejak pertama kali dibuat nangis 'cuma' dengan ngeliat foto/gambar sehat-sehat untuk semua meong~ diluar sana.. aku sayang kalian Dan makasih untuk siapapun yg motret dan ngupload ini di media sosial truly beautiful.","1592865631518744578","","","in","Palembang","0","0","0","https://twitter.com/RifkyAlghifari/status/1592865631518744578","409127672","RifkyAlghifari"
"1592862050103234561","Wed Nov 16 12:48:01 +0000 2022","6","Kita akan terus bergandengan tangan untuk 1 slogan Sehat hak rakyat... Karena tidak ada keadilan sosial tanpa ada jaminan sosial Nasional Hidup buruh Indonesia... Jaya lah jamkeswatch di bumi Pertiwi https://t.co/bbLP0nmfmV","1592862050103234561","https://pbs.twimg.com/media/Fhr7l8fUYAEBjh8.jpg","","in","bandung barat ","0","0","1","https://twitter.com/OctavianiSurya3/status/1592862050103234561","1533364990765244416","OctavianiSurya3"
"1592854633516793856","Wed Nov 16 12:18:33 +0000 2022","7"," Bung Naufal melupakan fakta bahwa individu sebagai pemilik tubuh juga memiliki kehendak atas tubuhnya. Secara sosiologis bung Naufal melihat tubuh terjebak pada paradigma fakta sosial. Mantap! Berdebat sehat lewat tulisan seperti ini yg harus terus kita rawat.","1592854633516793856","","","in","","0","0","3","https://twitter.com/okkymadasari/status/1592854633516793856","59823199","okkymadasari"
"1592843296476483584","Wed Nov 16 11:33:30 +0000 2022","2","Bhakti Sosial dari @pmikotasemarang untuk masyarakat Kecamatan Gajahmungkur khususnya ibu hamil dan anak anak. Dihadiri juga ketua Pengurus PMI Kota Semarang @dr.awalprasetyo dan ketua Forum Kota Sehat Nasional @tia_hendi ... Dalam rangka penanganan https://t.co/2qsZmhIl8P https://t.co/DwKtWetFMB","1592843296476483584","https://pbs.twimg.com/media/FhrqiXkWQAEz64C.jpg","","in","","0","0","3","https://twitter.com/gajahmungkurtop/status/1592843296476483584","964831045282545665","gajahmungkurtop"
"1592819826833395715","Wed Nov 16 10:00:14 +0000 2022","0","Kalau begitu mengapa Darryl tidak melakukan diskusi/podcast yang positif sekaligus dialog antarmuka secara sehat tentang G20 daripada menge-post sesuatu yang menghina di media sosial","1592819826833395715","","","in","BSD City, South Tangerang, Indonesia","0","0","0","https://twitter.com/GBANove68/status/1592819826833395715","931506357907333120","GBANove68"
"1591646652376485888","Sun Nov 13 04:18:27 +0000 2022","2","Dit Lantas Polda Kalbar melakukan Fun Bike di kota Singkawang dan berbagi SAJADAH (SEHAT - AMAL JARIAH - SODAKOH) dengan memberikan bantuan sosial kepada warga sekitar #polisiindonesia #polisi_indonesia #polisi_perbatasan #pncpoldakalbar #rtmcpoldakalbar #polisilalulintas https://t.co/qeJdNnRg1Q","1591646652376485888","https://pbs.twimg.com/ext_tw_video_thumb/1591646465482366976/pu/img/f6p-qY9-ity-fj6t.jpg","","in","","0","0","0","https://twitter.com/SambasSatlantas/status/1591646652376485888","1220565654555615233","SambasSatlantas"
"1591569318181244928","Sat Nov 12 23:11:10 +0000 2022","0","Beda dengan urusan uang pekerjaan status sosial maka sedikit yang mau memelihara kesehatan karena tidak punya motifnya. Kebangun tidur pagiii ga niat olahraga ga mikir memilih menu sehat. berapa kali seminggu anda olahraga?","1591569318181244928","","","in","Tangerang - Banten, Indonesia","0","0","0","https://twitter.com/pusatherbalcom/status/1591569318181244928","411557062","pusatherbalcom"
"1591545730543812608","Sat Nov 12 21:37:26 +0000 2022","0","Manfaat menyontek : 1. otot mata sehat 2. kreatifitas meningkat 3. Meningkatkn sosial teman 4. Nilai bagus 5. Melatih kecepatan gerak","1591545730543812608","","","in","","0","0","0","https://twitter.com/asihpriyati1/status/1591545730543812608","2191779301","asihpriyati1"
"1591355505553080322","Sat Nov 12 09:01:33 +0000 2022","1","[PERINGATAN HARI KESEHATAN NASIONAL 2022] Sehat adalah keadaan sejahtera dari badan jiwa dan sosial yang memungkinkan setiap orang hidup produktif secara sosial dan ekonomis. https://t.co/UHlGj7HeMz","1591355505553080322","https://pbs.twimg.com/media/FhWhZfRVIAAL3Cn.jpg","","in","Universitas Indonesia, Depok","0","1","0","https://twitter.com/ohscfkmui/status/1591355505553080322","104314646","ohscfkmui"
"1591319249703665665","Sat Nov 12 06:37:29 +0000 2022","0","Manfaat menyontek : 1. otot mata sehat 2. kreatifitas meningkat 3. Meningkatkn sosial teman 4. Nilai bagus 5. Melatih kecepatan gerak","1591319249703665665","","","in","","0","0","0","https://twitter.com/asihpriyati1/status/1591319249703665665","2191779301","asihpriyati1"
"1591309869302239234","Sat Nov 12 06:00:12 +0000 2022","2","Booklovers agar kamu tetap bisa sehat secara fisik mental dan sosial Mimin mau kasih beberapa rekomendasi buku menarik nih untukmu! Semoga bermanfaat ya! Kira-kira buku apa yang paling cocok untukkmu? https://t.co/2jywbCk0FG","1591309869302239234","https://pbs.twimg.com/media/FhV35IbXEAEqgvQ.jpg","","in","Indonesia","0","0","0","https://twitter.com/elexmedia/status/1591309869302239234","52283122","elexmedia"
"1591150611080564736","Fri Nov 11 19:27:22 +0000 2022","0","Huum bener nder. Kita nggak bakalan tau mana yg tulus dan enggak. Sosial media terlalu kompleks buat tau semua itu. Cukup jadi diri sendiri aja dan tebar kebaikan. Weh jangan ngerasa gitu. Kok bisa ngerasa kayak gitu? Sehat terus ya sender https://t.co/t9MR8LJIBO","1591150611080564736","https://pbs.twimg.com/media/FhTnCpuVQAEulJR.jpg","","in","","0","0","0","https://twitter.com/initaegyu/status/1591150611080564736","1467347342613307393","initaegyu"
"1591092748773298176","Fri Nov 11 15:37:27 +0000 2022","0","Manfaat menyontek : 1. otot mata sehat 2. kreatifitas meningkat 3. Meningkatkn sosial teman 4. Nilai bagus 5. Melatih kecepatan gerak","1591092748773298176","","","in","","0","0","0","https://twitter.com/asihpriyati1/status/1591092748773298176","2191779301","asihpriyati1"
"1591016646847893506","Fri Nov 11 10:35:02 +0000 2022","0","Rawit dan SDN Rangkah 6 Surabaya Jalan Sehat Berdandan Ala Pejuang. Surabaya (https://t.co/ksziGGp1k3) Wadah sosial kemasyarakatan Ruang Wong Alit (Rawit) bersama SDN Rangkah 6 Tambaksari menggelar jalan https://t.co/8FKGsklLzo #Peristiwa #HariPahlawan via @beritajatimcom","1591016646847893506","","","in","Surabaya","0","0","0","https://twitter.com/beritajatimcom/status/1591016646847893506","21287066","beritajatimcom"
"1590872082082304000","Fri Nov 11 01:00:35 +0000 2022","0","[Sehat] TERNYATA KALAU KACER INI SEHAT JADINYA BEGINI?? UNTUNG GAK MASUK TRENDING VIRAL DIMEDIA SOSIAL https://t.co/H8dPhPMi42 #Video #begini #Caramerawatburung https://t.co/TOga32fZ30","1590872082082304000","","","in","","0","0","0","https://twitter.com/idntalk_com/status/1590872082082304000","564951196","idntalk_com"
"1590866262871379968","Fri Nov 11 00:37:28 +0000 2022","0","Manfaat menyontek : 1. otot mata sehat 2. kreatifitas meningkat 3. Meningkatkn sosial teman 4. Nilai bagus 5. Melatih kecepatan gerak","1590866262871379968","","","in","","0","0","0","https://twitter.com/asihpriyati1/status/1590866262871379968","2191779301","asihpriyati1"
"1590785672797097984","Thu Nov 10 19:17:14 +0000 2022","0","aa' sehat terus dan selalu bahagia terus ya soalnya kabar gembira darimu adalah salah satu bahagia ku walaupun itu hanya lewat sosial media.","1590785672797097984","","","in","alter ego","0","0","0","https://twitter.com/y0urnam4/status/1590785672797097984","1398884871682940929","y0urnam4"
"1590639766672125952","Thu Nov 10 09:37:27 +0000 2022","0","Manfaat menyontek : 1. otot mata sehat 2. kreatifitas meningkat 3. Meningkatkn sosial teman 4. Nilai bagus 5. Melatih kecepatan gerak","1590639766672125952","","","in","","0","0","0","https://twitter.com/asihpriyati1/status/1590639766672125952","2191779301","asihpriyati1"
"1590549801367920640","Thu Nov 10 03:39:58 +0000 2022","0","Hari2 ini saya sdg usaha hentikan kebiasaan debat hrs pakai emosi di sosial media. Kayaknya addicted yg gak sehat. Bukan krn sosmednya tp pikiran dan emosi saya. Apalagi saya sudah tua &amp; temperamen. Sosmed tanpa emosian &amp; hoax walau bagiku kurang nikmat tp pasti lebih sehat","1590549801367920640","","","in","Green House","0","0","0","https://twitter.com/byrhcp/status/1590549801367920640","109067865","byrhcp"
"1590549403131314176","Thu Nov 10 03:38:23 +0000 2022","0","Penerimaan Pendamping PKH Kementerian Sosial 2022 Kualifikasi : * Warga Negara Indonesia * Laki-laki/Perempuan * Sehat Jasmani dan Rohani * Usia diutamakan maksimal 35 * Periode Pendaftaran 09 s/d 15 November 2022 Selengkapnya di: https://t.co/eABfdjEr5r","1590549403131314176","","","in","","0","0","0","https://twitter.com/karirpurwokerto/status/1590549403131314176","1237416418338992130","karirpurwokerto"
"1590531831413506048","Thu Nov 10 02:28:33 +0000 2022","0","Gw paling males ngomongin sakit dan lebih milih auto ghosting karena tipikal orang Indo sering olahraga . Yang pesakitan dari bayik tu ga sesederhana olahraga langsung sehat. Gw lebih butuh batesin aspek sosial mana aja sembari punya performance yg minim.","1590531831413506048","","","in","spoilers","0","0","0","https://twitter.com/FANAT1KER/status/1590531831413506048","1442140852667576324","FANAT1KER"
"1590413276520730624","Wed Nov 09 18:37:28 +0000 2022","0","Manfaat menyontek : 1. otot mata sehat 2. kreatifitas meningkat 3. Meningkatkn sosial teman 4. Nilai bagus 5. Melatih kecepatan gerak","1590413276520730624","","","in","","0","0","0","https://twitter.com/asihpriyati1/status/1590413276520730624","2191779301","asihpriyati1"
"1590378925326503936","Wed Nov 09 16:20:58 +0000 2022","0","sehat adalah suatu keadaan yang sempurna baik secara fisik mental dan sosial serta tidak hanya terbebas dari penyakit atau kelemahan.","1590378925326503936","","","in","Depok, Jawa Barat","0","0","0","https://twitter.com/suckthisday/status/1590378925326503936","1119970831822540801","suckthisday"
"1590186785820114944","Wed Nov 09 03:37:28 +0000 2022","0","Manfaat menyontek : 1. otot mata sehat 2. kreatifitas meningkat 3. Meningkatkn sosial teman 4. Nilai bagus 5. Melatih kecepatan gerak","1590186785820114944","","","in","","0","0","0","https://twitter.com/asihpriyati1/status/1590186785820114944","2191779301","asihpriyati1"
"1589965590370082816","Tue Nov 08 12:58:31 +0000 2022","0","Betul. Coba puasa media sosial olahraga rutin dan kurang in liat story orang wkwk. Mental sehat pikiran sehattt","1589965590370082816","","","in","Jakarta Capital Region","0","1","0","https://twitter.com/YuniMartaa02/status/1589965590370082816","1384103430516396038","YuniMartaa02"
"1589960297087107074","Tue Nov 08 12:37:29 +0000 2022","0","Manfaat menyontek : 1. otot mata sehat 2. kreatifitas meningkat 3. Meningkatkn sosial teman 4. Nilai bagus 5. Melatih kecepatan gerak","1589960297087107074","","","in","","0","0","0","https://twitter.com/asihpriyati1/status/1589960297087107074","2191779301","asihpriyati1"
"1589959088565551104","Tue Nov 08 12:32:41 +0000 2022","0","Jelajah Negeri Bakti Sosial Operasi Katarak di Kuningan Jawa Barat. Semoga bermanfaat dan sehat selalu #salamsehatmata #jelajahnegeri #baksoskatarak #rsmatacicendo https://t.co/qrBASP0Cfn","1589959088565551104","https://pbs.twimg.com/ext_tw_video_thumb/1589959013747159040/pu/img/yOnL61Wi4bb4jd68.jpg","","in","Bandung, Indonesia","0","0","0","https://twitter.com/rs_matacicendo/status/1589959088565551104","505374412","rs_matacicendo"
"1589866401933963265","Tue Nov 08 06:24:23 +0000 2022","0","Bola-bali wes ngrasakke kerja sosial ki angel. Ora kabeh gelem nglakoni ora mesti ono sik gelem ngganteni. Golek pengganti koyo nggoleki jarum neng tengah tumpukan jerami arang sik gelem akeh sik alesan kurang ngene sitik akeh sik ngrasani. Mugi Gusti paring kuat &amp; sehat.","1589866401933963265","","","in","Sleman, Yogyakarta","0","0","0","https://twitter.com/dianofra/status/1589866401933963265","81735778","dianofra"
"1589801804334006273","Tue Nov 08 02:07:41 +0000 2022","10","TERNAK PETERNAK DAN PETERNAKAN Artinya hanya penjagaan yang ketat baik secara individual maupun sosial terhadap ketiga hal inilah yang bisa menjadi sumber lahirnya peradaban yang sehat; bukan peternakan berbaju peradaban. https://t.co/vnwiK98PLp","1589801804334006273","","","in","Pati, Central Java","0","0","4","https://twitter.com/AnisSholehB/status/1589801804334006273","63164235","AnisSholehB"
"1589733798446387201","Mon Nov 07 21:37:28 +0000 2022","0","Manfaat menyontek : 1. otot mata sehat 2. kreatifitas meningkat 3. Meningkatkn sosial teman 4. Nilai bagus 5. Melatih kecepatan gerak","1589733798446387201","","","in","","0","0","0","https://twitter.com/asihpriyati1/status/1589733798446387201","2191779301","asihpriyati1"
"1589640647056986112","Mon Nov 07 15:27:19 +0000 2022","0","Gue uda cantik sehat mandiri jiwa sosial tinggi sopan santun berpendidikan masih bisa dibikin nangis","1589640647056986112","","","in","","0","0","0","https://twitter.com/ansrhmaaa/status/1589640647056986112","1176432462974439424","ansrhmaaa"
"1589507312049192960","Mon Nov 07 06:37:29 +0000 2022","0","Manfaat menyontek : 1. otot mata sehat 2. kreatifitas meningkat 3. Meningkatkn sosial teman 4. Nilai bagus 5. Melatih kecepatan gerak","1589507312049192960","","","in","","0","0","0","https://twitter.com/asihpriyati1/status/1589507312049192960","2191779301","asihpriyati1"
"1589506306616233986","Mon Nov 07 06:33:29 +0000 2022","4","4 bulan sudah usiamu Ahza. Dan Baba baru posting di platform media sosial favorit Baba sekarang. Sehat selalu ya nak! https://t.co/5WIYwhRjG7","1589506306616233986","https://pbs.twimg.com/media/Fg8PjfEUcAER_PZ.jpg","","in","","0","2","0","https://twitter.com/bsyukurr/status/1589506306616233986","954988696318590976","bsyukurr"
"1589280809995100161","Sun Nov 06 15:37:27 +0000 2022","0","Manfaat menyontek : 1. otot mata sehat 2. kreatifitas meningkat 3. Meningkatkn sosial teman 4. Nilai bagus 5. Melatih kecepatan gerak","1589280809995100161","","","in","","0","0","0","https://twitter.com/asihpriyati1/status/1589280809995100161","2191779301","asihpriyati1"
"1589167564483022848","Sun Nov 06 08:07:27 +0000 2022","0","Manfaat menyontek : 1. otot mata sehat 2. kreatifitas meningkat 3. Meningkatkn sosial teman 4. Nilai bagus 5. Melatih kecepatan gerak","1589167564483022848","","","in","","0","0","0","https://twitter.com/asihpriyati1/status/1589167564483022848","2191779301","asihpriyati1"
"1588941085027418112","Sat Nov 05 17:07:30 +0000 2022","0","Manfaat menyontek : 1. otot mata sehat 2. kreatifitas meningkat 3. Meningkatkn sosial teman 4. Nilai bagus 5. Melatih kecepatan gerak","1588941085027418112","","","in","","0","0","0","https://twitter.com/asihpriyati1/status/1588941085027418112","2191779301","asihpriyati1"
"1588898201142427649","Sat Nov 05 14:17:06 +0000 2022","0","Rokok ama alkohol mah drugs yang diterima sosial. Padahal wiid juga 11 12 ama rokok tapi ga boleh. Apalagi edibles malah lebih sehat. Bukannya gua suka semuanya sih lol I mean... kek... Hampir semua yang di dunia itu cuma apa yang socially acceptable tu loh.","1588898201142427649","","","in","i speak 🇬🇧🇮🇩","0","1","0","https://twitter.com/kpchrs/status/1588898201142427649","1436546333205143552","kpchrs"
"1588827830330486785","Sat Nov 05 09:37:28 +0000 2022","0","Manfaat menyontek : 1. otot mata sehat 2. kreatifitas meningkat 3. Meningkatkn sosial teman 4. Nilai bagus 5. Melatih kecepatan gerak","1588827830330486785","","","in","","0","0","0","https://twitter.com/asihpriyati1/status/1588827830330486785","2191779301","asihpriyati1"
"1588692644565512193","Sat Nov 05 00:40:17 +0000 2022","0","Panggilan rohani kita bukan utk jadi kelompok yg mengklaim paling benar bkn jg melepaskan ajaran hakiki agama utk kompromi sosial; bkn hny akal sehat tp tdk mengabaikan akal sehat dlm beriman. Umat TUHAN beragama utuh dgn iman ajaran yg benar &amp; kemanusiaan yg peka. #sabat","1588692644565512193","","","in","Indonesia","0","0","0","https://twitter.com/arynugroho7461/status/1588692644565512193","156877808","arynugroho7461"
"1588601337260183553","Fri Nov 04 18:37:28 +0000 2022","0","Manfaat menyontek : 1. otot mata sehat 2. kreatifitas meningkat 3. Meningkatkn sosial teman 4. Nilai bagus 5. Melatih kecepatan gerak","1588601337260183553","","","in","","0","0","0","https://twitter.com/asihpriyati1/status/1588601337260183553","2191779301","asihpriyati1"
"1588435478730395648","Fri Nov 04 07:38:24 +0000 2022","0","Jumat (4/11) kegiatan Bakti Sosial Hari Kesehatan Nasional Ke-58 Tim mengunjungi beberapa lokasi untuk memberikan tali asih di Wisma Lansia Panti Rukmi Pati dan Penderita Sembuh Leptospirosis di Margorejo. Bangkit Indonesiaku Sehat Negeriku #hkn58 #baksos #dinkespati https://t.co/dOPb2CmuPN","1588435478730395648","https://pbs.twimg.com/media/FgtAGOQUcAEJ6Qy.jpg","","in","Jl. Diponegoro No. 153, Pati","0","0","0","https://twitter.com/dinkespati/status/1588435478730395648","2869833174","dinkespati"
"1588410973429592065","Fri Nov 04 06:01:01 +0000 2022","2","Bhabinkamtibmas Kel. Sambiroto Aiptu Arif Wibowo Patroli Blusukan Kamtibmas di wilayah kel.Sambiroto bersama tim Pekerja Sosial Mandiri (PSM) menyalurkan Bantuan Makanan Sehat dari Dinas Sosial Kota smg kepada warga penerima manfaat. #polripresisi #polisihebatsemarang #libas https://t.co/T0A9xZIIOT","1588410973429592065","https://pbs.twimg.com/media/FgsrXINVUAEnHnU.jpg","","in","South Semarang, Indonesia","0","0","0","https://twitter.com/PolsekTembalang/status/1588410973429592065","941485516435812352","PolsekTembalang"
"1588374845045510144","Fri Nov 04 03:37:28 +0000 2022","0","Manfaat menyontek : 1. otot mata sehat 2. kreatifitas meningkat 3. Meningkatkn sosial teman 4. Nilai bagus 5. Melatih kecepatan gerak","1588374845045510144","","","in","","0","0","0","https://twitter.com/asihpriyati1/status/1588374845045510144","2191779301","asihpriyati1"
"1588366905588428801","Fri Nov 04 03:05:55 +0000 2022","0","Hallo ilichil Hallo jaehyun. Maaf y klo dr smlm aku ga update perjalanan kalian smpe #NCT127inJKT di segapa sosial media aku dikarenkan kondisi ma momma kurg sehat tapi aku ttp mantau klian dr twitter. Semoga acara kalian berjalan lancar dan mohon doany ilicil buat mama aku","1588366905588428801","","","in","Kota Palembang, Sumatera Selat","0","0","0","https://twitter.com/naa_jhyun00/status/1588366905588428801","1158784643463696384","naa_jhyun00"
"1588148358300192770","Thu Nov 03 12:37:29 +0000 2022","0","Manfaat menyontek : 1. otot mata sehat 2. kreatifitas meningkat 3. Meningkatkn sosial teman 4. Nilai bagus 5. Melatih kecepatan gerak","1588148358300192770","","","in","","0","0","0","https://twitter.com/asihpriyati1/status/1588148358300192770","2191779301","asihpriyati1"
"1588061361690398720","Thu Nov 03 06:51:48 +0000 2022","0","Kamis (3/11) bertempat di Pusk. Pati II diselenggarakan Bhakti Sosial Khitan Massal dlm rangka Hari Kesehatan Nasional Ke-58. Jumlah peserta 18 anak dari berbagai wilayah di Kabupaten Pati. Bangkit Indonesiaku Sehat Negeriku #hkn58 #baksos #khitanmassal #dinkespati https://t.co/a7ow8LcMSz","1588061361690398720","https://pbs.twimg.com/media/FgntL9dVQAEf3Ck.jpg","","in","Jl. Diponegoro No. 153, Pati","0","0","0","https://twitter.com/dinkespati/status/1588061361690398720","2869833174","dinkespati"
"1588035101715484672","Thu Nov 03 05:07:27 +0000 2022","0","Manfaat menyontek : 1. otot mata sehat 2. kreatifitas meningkat 3. Meningkatkn sosial teman 4. Nilai bagus 5. Melatih kecepatan gerak","1588035101715484672","","","in","","0","0","0","https://twitter.com/asihpriyati1/status/1588035101715484672","2191779301","asihpriyati1"
"1587977102984622081","Thu Nov 03 01:16:59 +0000 2022","0","Mulai aktivitas pagi para penerima manfaat odgj senam pagi di bimbing Pekerja Sosial. Semangat pagi didalam tubuh yang sehat terdapat jiwa yang kuat. @dinsosjateng @PPSLUDewanata https://t.co/C7jrwAsh35","1587977102984622081","https://pbs.twimg.com/ext_tw_video_thumb/1587977045673676800/pu/img/itbepbD2BCNkgaqv.jpg","","in","semarang","0","0","0","https://twitter.com/kodir_peksos/status/1587977102984622081","1371092382","kodir_peksos"
"1587808612889505792","Wed Nov 02 14:07:28 +0000 2022","0","Manfaat menyontek : 1. otot mata sehat 2. kreatifitas meningkat 3. Meningkatkn sosial teman 4. Nilai bagus 5. Melatih kecepatan gerak","1587808612889505792","","","in","","0","0","0","https://twitter.com/asihpriyati1/status/1587808612889505792","2191779301","asihpriyati1"
"1587764253196374016","Wed Nov 02 11:11:11 +0000 2022","0","Beda dengan urusan uang pekerjaan status sosial maka sedikit yang mau memelihara kesehatan karena tidak punya motifnya. Kebangun tidur pagiii ga niat olahraga ga mikir memilih menu sehat. berapa kali seminggu anda olahraga?","1587764253196374016","","","in","Tangerang - Banten, Indonesia","0","0","0","https://twitter.com/pusatherbalcom/status/1587764253196374016","411557062","pusatherbalcom"
"1587582121240993792","Tue Nov 01 23:07:28 +0000 2022","0","Manfaat menyontek : 1. otot mata sehat 2. kreatifitas meningkat 3. Meningkatkn sosial teman 4. Nilai bagus 5. Melatih kecepatan gerak","1587582121240993792","","","in","","0","0","0","https://twitter.com/asihpriyati1/status/1587582121240993792","2191779301","asihpriyati1"
"1587368880288460801","Tue Nov 01 09:00:07 +0000 2022","1","Demokrasi itu syarat dengan keadilan. Keadilan harus mencerminkan seluruh aspek kehidupan manusia. Hatta menegaskan bahwa demokrasi yang sehat menghendaki kesederajatan hingga taraf tertentu dari basis ekonomi dan sosial.","1587368880288460801","","","in","Jakarta, Indonesia","0","1","0","https://twitter.com/BungHattaAward/status/1587368880288460801","2397265447","BungHattaAward"
"1587355626530693120","Tue Nov 01 08:07:27 +0000 2022","0","Manfaat menyontek : 1. otot mata sehat 2. kreatifitas meningkat 3. Meningkatkn sosial teman 4. Nilai bagus 5. Melatih kecepatan gerak","1587355626530693120","","","in","","0","0","0","https://twitter.com/asihpriyati1/status/1587355626530693120","2191779301","asihpriyati1"
"1587295573023260673","Tue Nov 01 04:08:49 +0000 2022","1","PIlih dua dari tiga hal ini saat kuliah: - waktu tidur cukup - kehidupan sosial yang sehat - studi yang sukses Apa pilihan Anda? Apapun pilihannya Anda akan menyesal. ","1587295573023260673","","","in","Jakarta, Indonesia","0","2","1","https://twitter.com/arjunaskykok/status/1587295573023260673","753309366","arjunaskykok"
"1587256853309767680","Tue Nov 01 01:34:58 +0000 2022","1","Jelajah Negeri Bakti Sosial Operasi Katarak di Kabupaten Garut. Semoga bermanfaat dan sehat selalu #salamsehatmata #jelajahnegeri #baksoskatarak #rsmatacicendo https://t.co/R6Lqpc2yIE","1587256853309767680","https://pbs.twimg.com/media/FgcRsSaVsAASeCR.jpg","","in","Bandung, Indonesia","0","0","0","https://twitter.com/rs_matacicendo/status/1587256853309767680","505374412","rs_matacicendo"
