"conversation_id_str","created_at","favorite_count","full_text","id_str","image_url","in_reply_to_screen_name","lang","location","quote_count","reply_count","retweet_count","tweet_url","user_id_str","username"
"1564698815805808640","Tue Aug 30 19:37:23 +0000 2022","0","Manfaat menyontek : 1. otot mata sehat 2. kreatifitas meningkat 3. Meningkatkn sosial teman 4. Nilai bagus 5. Melatih kecepatan gerak","1564698815805808640","","","in","","0","0","0","https://twitter.com/asihpriyati1/status/1564698815805808640","2191779301","asihpriyati1"
"1564634197184360450","Tue Aug 30 15:20:36 +0000 2022","0","Kesehatan Mental Seseorang dapat dikatakan sehat secara mental ketika ia merasa sejahtera baik secara psikologis emosional maupun sosial. Kesehatan mental berpengaruh terhadap bagaimana seseorang berpikir merasakan bertindak membuat keputusan dan https://t.co/oXbnmMnAXH","1564634197184360450","","","in","Kota Surabaya, Jawa Timur","0","0","0","https://twitter.com/EleosTheofilusG/status/1564634197184360450","370039102","EleosTheofilusG"
"1564632025159827463","Tue Aug 30 15:11:58 +0000 2022","1","mas saran saya kalo kamu uda cemburu sosial begini ga sehat ngidolmu Ngga membenarkan tapi yauda lah hidup ga berkutat diseputar ngeributin orang2 upload foto di pinterest dan free","1564632025159827463","","","in","","2","0","0","https://twitter.com/Hannz_7/status/1564632025159827463","1125687569750970368","Hannz_7"
"1564630701101703176","Tue Aug 30 15:06:43 +0000 2022","0","Yayasan Hati Harapan Gelar Bakti Sosial di Cengkareng Menuju Masa Depan Ekonomi Sehat #Sindonews #BukanBeritaBiasa .https://t.co/HonMAdcYTP","1564630701101703176","","","in","Jakarta Pusat, DKI Jakarta","0","0","0","https://twitter.com/SINDOnews/status/1564630701101703176","231355136","SINDOnews"
"1564623125211643909","Tue Aug 30 14:36:36 +0000 2022","3","Menteri Sosial Tri Rismaharini Tinjau Rumah Sehat untuk Warga Korban Banjir Bandang Sentani https://t.co/7PbhdHsxqS #TempoFoto","1564623125211643909","","","in","Indonesia","0","0","0","https://twitter.com/tempodotco/status/1564623125211643909","18129942","tempodotco"
"1564598542601457666","Tue Aug 30 12:58:56 +0000 2022","0","Jadi jagalah kesehatan mental. Banyak2 hidup sehat bersyukur ikhlas berinteraksi sosial secara sehat. In Sha Allah sehat fisik dan mental. Hindari orang2 atau perilaku2 yg merusak mental kita hindari interaksi yg merusak mental kita. Bahagiakan diri kita dg jalan yg benar","1564598542601457666","","","in","Palembang","0","0","0","https://twitter.com/Zizou_Zidane05/status/1564598542601457666","306914397","Zizou_Zidane05"
"1564519615811801094","Tue Aug 30 07:45:18 +0000 2022","0","playingvic munafik manipulatif. Lo punya itu semua sehat Lo? masih pede aja lagi berkelana di sosial media cuihhh","1564519615811801094","","","in","Jakarta Capital Region","0","0","0","https://twitter.com/ebyysng_/status/1564519615811801094","1467035949292945408","ebyysng_"
"1564484067399471104","Tue Aug 30 05:24:03 +0000 2022","0","Cara Mengatasi Trust Issue agar Miliki Hubungan Sosial yang Sehat https://t.co/lbBizSiqqi","1564484067399471104","","","in","","0","0","0","https://twitter.com/kompaslifestyle/status/1564484067399471104","238047889","kompaslifestyle"
"1564472331829153793","Tue Aug 30 04:37:25 +0000 2022","0","Manfaat menyontek : 1. otot mata sehat 2. kreatifitas meningkat 3. Meningkatkn sosial teman 4. Nilai bagus 5. Melatih kecepatan gerak","1564472331829153793","","","in","","0","0","0","https://twitter.com/asihpriyati1/status/1564472331829153793","2191779301","asihpriyati1"
"1564285460008009731","Mon Aug 29 16:14:51 +0000 2022","72","Pensiun aja mas saran saya kalo kamu uda cemburu sosial begini ga sehat ngidolmu Ngga membenarkan tapi yauda lah hidup ga berkutat diseputar ngeributin orang 2shoot diluar event dan free","1564285460008009731","","","in","Samarinda, Indonesia","1","2","20","https://twitter.com/deangrh_/status/1564285460008009731","75390838","deangrh_"
"1564245834962571264","Mon Aug 29 13:37:23 +0000 2022","0","Manfaat menyontek : 1. otot mata sehat 2. kreatifitas meningkat 3. Meningkatkn sosial teman 4. Nilai bagus 5. Melatih kecepatan gerak","1564245834962571264","","","in","","0","0","0","https://twitter.com/asihpriyati1/status/1564245834962571264","2191779301","asihpriyati1"
"1564220953084981250","Mon Aug 29 11:58:31 +0000 2022","1","Pintu demokrasi yang sehat sudah terbuka lebar serta sangat berpengaruh terhadap pembentukan masyarakat yang cerdas dan berkesadaran sosial politik tinggi. https://t.co/DX31bNj5m7","1564220953084981250","https://pbs.twimg.com/media/FbU6qK3agAANYRF.jpg","","in","Indonesia","0","0","0","https://twitter.com/bettapatua/status/1564220953084981250","1477157679558660099","bettapatua"
"1564220873791635457","Mon Aug 29 11:58:12 +0000 2022","0","Pintu demokrasi yang sehat sudah terbuka lebar serta sangat berpengaruh terhadap pembentukan masyarakat yang cerdas dan berkesadaran sosial politik tinggi. https://t.co/S3Lgxc1E9k","1564220873791635457","https://pbs.twimg.com/media/FbU6llIaMAEwWZ-.jpg","","in","","0","0","0","https://twitter.com/ninjarumahan/status/1564220873791635457","1477300821138104320","ninjarumahan"
"1564151803906002944","Mon Aug 29 07:23:45 +0000 2022","1","Menjaga Keteraturan Sosial Wujudkan Kamseltibcarlantas Yang Aman Selamat Tertib dan Lancar KOMBES POL TRI YULIANTO S.I.K. https://t.co/9cXODWKuPz Direktur Lalu Lintas Polda Kepri. POLANTAS CEKATAN - Cepat - Konsisten - Tanggap Salam sehat - salam presisi - salam cekatan https://t.co/YoeMJwzDPA","1564151803906002944","https://pbs.twimg.com/ext_tw_video_thumb/1564151636771360770/pu/img/moour1xfQlW3VXNF.jpg","","in","Kota Batam, Kepulauan Riau","0","0","1","https://twitter.com/rtmcpoldakepri/status/1564151803906002944","555040001","rtmcpoldakepri"
"1564132604844326912","Mon Aug 29 06:07:27 +0000 2022","0","Manfaat menyontek : 1. otot mata sehat 2. kreatifitas meningkat 3. Meningkatkn sosial teman 4. Nilai bagus 5. Melatih kecepatan gerak","1564132604844326912","","","in","","0","0","0","https://twitter.com/asihpriyati1/status/1564132604844326912","2191779301","asihpriyati1"
"1564124498177036288","Mon Aug 29 05:35:15 +0000 2022","1","Warga Binaan Sosial Lansia Potensi maupun total care PSBI Bangun Daya 2 mengikuti kegiatan senam fisik peregangan otot dan juga berjemur agar para warga binaan dapat selalu aktif dan semangat untuk selalu hidup sehat. @DinsosDKI1 https://t.co/yp2A5be3EN","1564124498177036288","https://pbs.twimg.com/media/FbTi6PuUYAAHLwD.jpg","","in","Jl. Bina Marga No.48, Cipayung","0","0","0","https://twitter.com/psbibangundaya2/status/1564124498177036288","2800166454","psbibangundaya2"
"1564052100681609216","Mon Aug 29 00:47:34 +0000 2022","1","Assalamu alaikum Wa rahmatullahi Wa Barakatuh Semoga penduduk TL sll sehat dan lancar usahanya di minggu ini. Aamiin. Mari kita selalu berharap agar Indonesia ke depan semakin maju dan mampu menampilkan pemimpin yg berpihak pd keadilan dan kesejahteraan sosial.","1564052100681609216","","","in","","0","1","0","https://twitter.com/IDNChanges/status/1564052100681609216","1463280235567222784","IDNChanges"
"1563906106778591235","Sun Aug 28 15:07:26 +0000 2022","0","Manfaat menyontek : 1. otot mata sehat 2. kreatifitas meningkat 3. Meningkatkn sosial teman 4. Nilai bagus 5. Melatih kecepatan gerak","1563906106778591235","","","in","","0","0","0","https://twitter.com/asihpriyati1/status/1563906106778591235","2191779301","asihpriyati1"
"1563864762622291968","Sun Aug 28 12:23:09 +0000 2022","832","Pagi-siang mendampingi Presiden @jokowi &amp; Ibu Iriana di ragam kegiatan sosial di Kota Bandung. Sehat selalu Pak Presiden dan Ibu. Sore gantian mendampingi Arka yang ingin jalan-jalan ke pinggiran kota. Karena hidup harus selalu seimbang antara tugas negara dan tugas keluarga. https://t.co/l5O7zlzhva","1563864762622291968","https://pbs.twimg.com/ext_tw_video_thumb/1563864168872443906/pu/img/TcjvUaGokTNUIj_-.jpg","","in","Jabar Juara Indonesia","5","39","66","https://twitter.com/ridwankamil/status/1563864762622291968","80323736","ridwankamil"
"1563845286820057088","Sun Aug 28 11:05:45 +0000 2022","1","Ini lagi gw cari banget.. ogah kena jebakan batman lg &amp; branding ala milenial pdhl bikin hidup jd anti sosial:( iri banget liat org pulang jam 5 happy on weekend on leave gak nyandang laptop terserah mau ada yg bilang smartwork or hardwork tp org jg paham ini gak sehat.","1563845286820057088","","","in","JKT-KRW-JOG-WNI-CBT","0","0","0","https://twitter.com/FDRamadhan/status/1563845286820057088","79481088","FDRamadhan"
"1563832314777731073","Sun Aug 28 10:14:13 +0000 2022","5","Jika ada ajaran/ dogma ideologi agama yg mengaku dan merasa paling benar dan paling suci Maka disitulah awal penjajahan akal sehat dan logika manusia di mulai Lalu mulai mencampuri UU politik dan kehidupan sosial budaya satu bangsa dg sejuta dalil pembenaranya.","1563832314777731073","","","in","Bumi Bulat ","0","0","0","https://twitter.com/DiposuroP/status/1563832314777731073","1311313121542250499","DiposuroP"
"1563679621362528256","Sun Aug 28 00:07:28 +0000 2022","0","Manfaat menyontek : 1. otot mata sehat 2. kreatifitas meningkat 3. Meningkatkn sosial teman 4. Nilai bagus 5. Melatih kecepatan gerak","1563679621362528256","","","in","","0","0","0","https://twitter.com/asihpriyati1/status/1563679621362528256","2191779301","asihpriyati1"
"1563566356133707779","Sat Aug 27 16:37:23 +0000 2022","0","Manfaat menyontek : 1. otot mata sehat 2. kreatifitas meningkat 3. Meningkatkn sosial teman 4. Nilai bagus 5. Melatih kecepatan gerak","1563566356133707779","","","in","","0","0","0","https://twitter.com/asihpriyati1/status/1563566356133707779","2191779301","asihpriyati1"
"1563464352849874947","Sat Aug 27 09:52:04 +0000 2022","0","Bangun Sinergitas SMAN 1 Praya Barat Gelar Jalan Sehat dan Bakti Sosial https://t.co/pYkAarysXW","1563464352849874947","","","in","","0","0","0","https://twitter.com/erwinsyahrani26/status/1563464352849874947","3061504032","erwinsyahrani26"
"1563453126555758592","Sat Aug 27 09:07:27 +0000 2022","0","Manfaat menyontek : 1. otot mata sehat 2. kreatifitas meningkat 3. Meningkatkn sosial teman 4. Nilai bagus 5. Melatih kecepatan gerak","1563453126555758592","","","in","","0","0","0","https://twitter.com/asihpriyati1/status/1563453126555758592","2191779301","asihpriyati1"
"1563368391204737029","Sat Aug 27 03:30:45 +0000 2022","2","Bati Tuud Koramil Wirobrajan Bentuk Komunikasi Sosial Bersama Forkopimka Kemantren Wirobrajan Dengan Olahraga Jalan Sehat https://t.co/cyhND0a2aZ https://t.co/ixjSeLRw1h","1563368391204737029","https://pbs.twimg.com/media/FbIzQzGUIAExQtP.jpg","","in","Jl. Reksobayan No.4 Yogyakarta","0","0","0","https://twitter.com/Korem072Pmk/status/1563368391204737029","3119462413","Korem072Pmk"
"1563226631350947847","Fri Aug 26 18:07:26 +0000 2022","0","Manfaat menyontek : 1. otot mata sehat 2. kreatifitas meningkat 3. Meningkatkn sosial teman 4. Nilai bagus 5. Melatih kecepatan gerak","1563226631350947847","","","in","","0","0","0","https://twitter.com/asihpriyati1/status/1563226631350947847","2191779301","asihpriyati1"
"1563145660047601666","Fri Aug 26 12:45:41 +0000 2022","0"," Bener dong terkait struktur sosial gak smua orang bisa beli gula aren dan stevia. Gak makan manis bakal mati apa gmn? Kalo masalahnya daya beli coba survei ke warung. Teh gelas paling mahal noceng air mineral gelas paling mahal seceng. Beli air lbh ekonomis lbh sehat pula.","1563145660047601666","","","in","Indonesia","0","0","1","https://twitter.com/asriprabasari/status/1563145660047601666","127105792","asriprabasari"
"1563113560515166208","Fri Aug 26 10:38:08 +0000 2022","0","&amp;&amp;. The second one. Aku butuh lingkungan sosial yang sehat.","1563113560515166208","","","in","","0","0","0","https://twitter.com/bodna/status/1563113560515166208","4474115059","bodna"
"1563111806834315266","Fri Aug 26 10:31:10 +0000 2022","0","Kadang sosial media bikin kita lebih banyak insecure. Dulu pernah puasa sosmed ig salah satunya dan itu bener² bikin hidup lebih baik sih. Karna meskipun tdk semuanya tapi pasti ada aja postingan yg bikin kita jdi ga bersyukur trs jadi kepikiran ga sehat tapi itu fakta. https://t.co/wSPkamdUwe","1563111806834315266","https://pbs.twimg.com/media/FbFJ5P9VsAIXEP_.jpg","","in","","0","0","0","https://twitter.com/huinjangmi11/status/1563111806834315266","1037621210257838080","huinjangmi11"
"1563111755408371718","Fri Aug 26 10:30:58 +0000 2022","1","Keadaan sosial yang sudah tidak sehat mempengaruhi kesehatan berfikir. Disinilah ideologi di butuhkan","1563111755408371718","","","in","","0","0","0","https://twitter.com/ghost_zee/status/1563111755408371718","1153313577790406657","ghost_zee"
"1563089363646308354","Fri Aug 26 09:01:59 +0000 2022","0","Berbeda pendapat di media sosial terkadang memang mengerikan meskipun sebisa mungkin disampaikan dengan sopan. Harusnya bisa menjadi diskusi/debat yang sehat yang ada malah menyerang hal-hal yang justru gak ada kaitannya dengan apa yang dibahas. #Noted","1563089363646308354","","","in","LV","0","0","0","https://twitter.com/ninaninoooooo/status/1563089363646308354","43059102","ninaninoooooo"
"1563080072050778113","Fri Aug 26 08:25:04 +0000 2022","0","Batalyon Arhanud 15/DBY bersama Bank Mandiri Amal Insani menggelar bakti sosial pemeriksaan serta pengobatan bertajuk Aksi Lansia Sehat Merdekakan Lansia dari Bahaya Penyakit yang bertempat di Rumah Pelayanan Sosial Lanjut Usia (RPSLU) Pucang Gading Pedurungan-Semarang. https://t.co/lLDB757ReW","1563080072050778113","https://pbs.twimg.com/media/FbEtCbTVsAEkQPE.jpg","","in","Semarang, Jawa Tengah","0","0","0","https://twitter.com/Yonarhanud15DBY/status/1563080072050778113","1476481562778554368","Yonarhanud15DBY"
"1563067783235006464","Fri Aug 26 07:36:14 +0000 2022","1","Bati Tuud Koramil Wirobrajan Bentuk Komunikasi Sosial Bersama Forkopimka Kemantren Wirobrajan Dengan Olahraga Jalan Sehat https://t.co/9VbCKijzNZ #tniad #suaradiponegoro #bersamarakyattnikuat https://t.co/nOcLVxmliX","1563067783235006464","https://pbs.twimg.com/media/FbEh3KVUcAAQKMb.jpg","","in","Jl. Perintis Kemerdekaan, SMG","0","0","0","https://twitter.com/suaradiponegoro/status/1563067783235006464","2919432746","suaradiponegoro"
"1563048171424854017","Fri Aug 26 06:18:18 +0000 2022","0","Bati Tuud Koramil Wirobrajan Bentuk Komunikasi Sosial Bersama Forkopimka Kemantren Wirobrajan Dengan Olahraga Jalan Sehat https://t.co/rHsb8x5yas","1563048171424854017","https://pbs.twimg.com/media/FbEQBzWUEAANM4U.jpg","","in","","0","0","0","https://twitter.com/11_kraton/status/1563048171424854017","1501401997924499456","11_kraton"
"1563033609149489157","Fri Aug 26 05:20:26 +0000 2022","0","Bati Tuud Koramil Wirobrajan Bentuk Komunikasi Sosial Bersama Forkopimka Kemantren Wirobrajan Dengan Olahraga Jalan Sehat https://t.co/AAhsQHTBgz","1563033609149489157","https://pbs.twimg.com/media/FbECxt-aQAA4LXJ.jpg","","in","","0","0","0","https://twitter.com/Koramil05P/status/1563033609149489157","1359370050046623744","Koramil05P"
"1563015860456828929","Fri Aug 26 04:09:55 +0000 2022","0","Bati Tuud Koramil Wirobrajan Bentuk Komunikasi Sosial Bersama Forkopimka Kemantren Wirobrajan Dengan Olahraga Jalan Sehat https://t.co/RvtV3pgvXk","1563015860456828929","https://pbs.twimg.com/media/FbDym_oVsAs7Zws.jpg","","in","JALAN AM. SANGAJI NO.55 JETIS","0","0","0","https://twitter.com/0734_kodim/status/1563015860456828929","1062233170509099010","0734_kodim"
"1563013851045830656","Fri Aug 26 04:01:56 +0000 2022","0","Senam bersama pegawai Panti Pelayanan Sosial Lanjut Usia Cepiring Kendal dan eyang2 penerima manfaat dilanjutkan dengan kerja bakti bersama... Jum'at Sehat.. Jum'at Bersih.. Wujudkan Panti WIRATAMA ( Wangi Rapi Tanggap Manusiawi) #dinsos_jateng https://t.co/kd3hAvsqCp","1563013851045830656","https://pbs.twimg.com/media/FbDwMliacAE1Ked.jpg","","in","Kendal, Indonesia","0","0","0","https://twitter.com/Panti_Cepiring/status/1563013851045830656","760669121134546944","Panti_Cepiring"
"1563003920532013058","Fri Aug 26 03:22:28 +0000 2022","0","halah segala ngomong struktur ekonomi sosial fafifu padahal pola hidup (mau makanan sehat atau kga) mah elu yang nentuin... mau kritis malah jatuhnya sok paling bener lu.","1563003920532013058","","","in","Distrik kwangya 0699","0","1","0","https://twitter.com/_silverguns/status/1563003920532013058","1199678935681732608","_silverguns"
"1563001064558714881","Fri Aug 26 03:11:07 +0000 2022","0","Beda dengan urusan uang pekerjaan status sosial maka sedikit yang mau memelihara kesehatan karena tidak punya motifnya. Kebangun tidur pagiii ga niat olahraga ga mikir memilih menu sehat. berapa kali seminggu anda olahraga?","1563001064558714881","","","in","Tangerang - Banten, Indonesia","0","0","0","https://twitter.com/pusatherbalcom/status/1563001064558714881","411557062","pusatherbalcom"
"1563000144445902849","Fri Aug 26 03:07:28 +0000 2022","0","Manfaat menyontek : 1. otot mata sehat 2. kreatifitas meningkat 3. Meningkatkn sosial teman 4. Nilai bagus 5. Melatih kecepatan gerak","1563000144445902849","","","in","","0","0","0","https://twitter.com/asihpriyati1/status/1563000144445902849","2191779301","asihpriyati1"
"1562990741156413440","Fri Aug 26 02:30:06 +0000 2022","1","Pentingnya Ruang Media Sosial yang Sehat Untuk Sosialisasi dan Pendidikan Politik Bagi Pemilih Muda https://t.co/QLwfbkgKJy","1562990741156413440","","","in","Jl. HOS. Cokroaminoto No 92, Menteng, Kota Jakarta Pusat, Daerah Khusus Ibukota Jakarta 10350","0","0","1","https://twitter.com/the_indonesian/status/1562990741156413440","202579029","the_indonesian"
"1562802658301206528","Thu Aug 25 14:02:43 +0000 2022","1","kita hanya butuh mindset positive dalam pertemanan jangan berlebihan atur pola pikir dan naluri yang sehat karena kita manusia adalah makhluk sosial love you love more @ilhamrlo @ese_oak @Redygooooo @fernandoguciano and all thanks for sharing brothers https://t.co/5xgA6atYrY","1562802658301206528","https://pbs.twimg.com/media/FbAwuuXUYAEcHx4.jpg","","in","Jakarta Capital Region","0","1","0","https://twitter.com/restafajri/status/1562802658301206528","720245756","restafajri"
"1562773650377682945","Thu Aug 25 12:07:27 +0000 2022","0","Manfaat menyontek : 1. otot mata sehat 2. kreatifitas meningkat 3. Meningkatkn sosial teman 4. Nilai bagus 5. Melatih kecepatan gerak","1562773650377682945","","","in","","0","0","0","https://twitter.com/asihpriyati1/status/1562773650377682945","2191779301","asihpriyati1"
"1562763960872742915","Thu Aug 25 11:28:57 +0000 2022","19","Alhamdulillah pemimpin yg amanah yg telah menunaikan janji kampanye politiknya mewujudkan keadilan sosial bagi seluruh warganya tanpa teriak2 mengaku paling benar dan membangun tanpa jadi alas cukong sehat terus pak @aniesbaswedan semoga tetap Istiqomah. https://t.co/QlGriV70dp","1562763960872742915","https://pbs.twimg.com/media/FbANiAtacAAPGW1.jpg","","in","Yogyakarta, Indonesia","0","0","1","https://twitter.com/MissKoral/status/1562763960872742915","1417489643759710208","MissKoral"
"1562755415820996608","Thu Aug 25 10:55:00 +0000 2022","0","Padahal itu gaya hidup sehat dan sederhana tinggal diniatin aja mau apa enggak. Lha ini malah pake alasan struktur sosial ekonomi dungu dipelihara ‍️","1562755415820996608","","","in","Kudus","0","0","0","https://twitter.com/fazayudiansyah/status/1562755415820996608","93597680","fazayudiansyah"
"1562629937374572547","Thu Aug 25 02:36:23 +0000 2022","1","Warga Binaan Sosial Lansia Potensi maupun total care PSBI Bangun Daya 2 mengikuti kegiatan senam fisik peregangan otot dan juga berjemur agar para warga binaan dapat selalu aktif dan semangat untuk selalu hidup sehat. @DinsosDKI1 https://t.co/j9FUCBzbi1","1562629937374572547","https://pbs.twimg.com/media/Fa-TkPSaMAMwyCl.jpg","","in","Jl. Bina Marga No.48, Cipayung","0","0","0","https://twitter.com/psbibangundaya2/status/1562629937374572547","2800166454","psbibangundaya2"
"1562547151145934849","Wed Aug 24 21:07:26 +0000 2022","0","Manfaat menyontek : 1. otot mata sehat 2. kreatifitas meningkat 3. Meningkatkn sosial teman 4. Nilai bagus 5. Melatih kecepatan gerak","1562547151145934849","","","in","","0","0","0","https://twitter.com/asihpriyati1/status/1562547151145934849","2191779301","asihpriyati1"
"1562320667386970113","Wed Aug 24 06:07:28 +0000 2022","0","Manfaat menyontek : 1. otot mata sehat 2. kreatifitas meningkat 3. Meningkatkn sosial teman 4. Nilai bagus 5. Melatih kecepatan gerak","1562320667386970113","","","in","","0","0","0","https://twitter.com/asihpriyati1/status/1562320667386970113","2191779301","asihpriyati1"
"1562312528444932097","Wed Aug 24 05:35:07 +0000 2022","0","Org sosial kok di tuntut kek pegawai negeri .... Anda sehat ??","1562312528444932097","","","in","Location unknown","0","0","0","https://twitter.com/InimasR_/status/1562312528444932097","1226546411879055360","InimasR_"
"1562094169505792000","Tue Aug 23 15:07:26 +0000 2022","0","Manfaat menyontek : 1. otot mata sehat 2. kreatifitas meningkat 3. Meningkatkn sosial teman 4. Nilai bagus 5. Melatih kecepatan gerak","1562094169505792000","","","in","","0","0","0","https://twitter.com/asihpriyati1/status/1562094169505792000","2191779301","asihpriyati1"
"1562018333234327554","Tue Aug 23 10:06:06 +0000 2022","0","Sosialisasi Internet Aman dan Sehat Tema Dampak Penggunaan Media Sosial thdp Perilaku Anak Narsum Bapak Budi Yuwono S. Kom M. Eng. Bertempat di Ruang Oproom Setda Kab Sragen. Dibuka oleh Ka. Diskominfo Kab. Sragen Drs. I. Yusep Wahyudi M. Si. Selasa 23 Agustus 2022 https://t.co/fjaZ3i9jWF","1562018333234327554","https://pbs.twimg.com/media/Fa1nYD_VQAAXqVT.jpg","","in","Kabupaten Sragen","0","0","0","https://twitter.com/ppid_sragen/status/1562018333234327554","823711613538549760","ppid_sragen"
"1561867683892989952","Tue Aug 23 00:07:28 +0000 2022","0","Manfaat menyontek : 1. otot mata sehat 2. kreatifitas meningkat 3. Meningkatkn sosial teman 4. Nilai bagus 5. Melatih kecepatan gerak","1561867683892989952","","","in","","0","0","0","https://twitter.com/asihpriyati1/status/1561867683892989952","2191779301","asihpriyati1"
"1561664980948099072","Mon Aug 22 10:42:00 +0000 2022","20","halo semua nya aku super happy bisa kenal kalian walaupun hanya di media sosial. makasih ya udah mau temenan sama aku kalian semua super duper baik banget!! semoga kita semua sehat selalu ya dan bisa ketemu suatu saat nanti hihi love you olz","1561664980948099072","","","in","she/her","0","21","0","https://twitter.com/gyuacoan/status/1561664980948099072","1551420730977374208","gyuacoan"
"1561641185655279616","Mon Aug 22 09:07:27 +0000 2022","0","Manfaat menyontek : 1. otot mata sehat 2. kreatifitas meningkat 3. Meningkatkn sosial teman 4. Nilai bagus 5. Melatih kecepatan gerak","1561641185655279616","","","in","","0","0","0","https://twitter.com/asihpriyati1/status/1561641185655279616","2191779301","asihpriyati1"
"1561606603048386561","Mon Aug 22 06:50:02 +0000 2022","0","There are affected. Sangat. Tapi kurang mendapat pengiktirafan sosial sesuatu negara la sampai mati vape hari2 sehat sejahtera ni hari tu","1561606603048386561","","","in","Malaysia","0","0","0","https://twitter.com/twt_msia_ebooks/status/1561606603048386561","790315810333995010","twt_msia_ebooks"
"1561414686956199936","Sun Aug 21 18:07:25 +0000 2022","0","Manfaat menyontek : 1. otot mata sehat 2. kreatifitas meningkat 3. Meningkatkn sosial teman 4. Nilai bagus 5. Melatih kecepatan gerak","1561414686956199936","","","in","","0","0","0","https://twitter.com/asihpriyati1/status/1561414686956199936","2191779301","asihpriyati1"
"1561335197102391297","Sun Aug 21 12:51:33 +0000 2022","0","Sbagai mahkluk sosial diakui keberadaannya itu wjar tp klo scara tdk sehat sampai berbohong or menjelek an org itu yg gk wjar","1561335197102391297","","","in","Place which you can't find","0","0","0","https://twitter.com/kharlvtta/status/1561335197102391297","765691579147231232","kharlvtta"
"1561201087914319873","Sun Aug 21 03:58:39 +0000 2022","63","Kebaikan individual adalah pondasi untuk melahirkan kebaikan sosial oleh karena itu masyarakat yang sehat dan baik lahir dari individual-individual yang bermoral. https://t.co/NtgYhmNgnj","1561201087914319873","https://pbs.twimg.com/media/FaqAHV5WIAMifB6.jpg","","in","Bandung, Jawa Barat","0","3","12","https://twitter.com/Siti_Khadijah95/status/1561201087914319873","1283940766201462785","Siti_Khadijah95"
"1561188207697354752","Sun Aug 21 03:07:28 +0000 2022","0","Manfaat menyontek : 1. otot mata sehat 2. kreatifitas meningkat 3. Meningkatkn sosial teman 4. Nilai bagus 5. Melatih kecepatan gerak","1561188207697354752","","","in","","0","0","0","https://twitter.com/asihpriyati1/status/1561188207697354752","2191779301","asihpriyati1"
"1561091318511652864","Sat Aug 20 20:42:28 +0000 2022","0","Kebaikan individual adalah pondasi untuk melahirkan kebaikan sosial oleh karena itu masyarakat yang sehat dan baik lahir dari individual-individual yang bermoral. https://t.co/pUYfVoBGMV","1561091318511652864","https://pbs.twimg.com/ext_tw_video_thumb/1561091241864900610/pu/img/9d80pHiAmd_k-Q5t.jpg","","in","","0","0","0","https://twitter.com/setiairvan035/status/1561091318511652864","1454928133958692868","setiairvan035"
"1560961712819318784","Sat Aug 20 12:07:28 +0000 2022","0","Manfaat menyontek : 1. otot mata sehat 2. kreatifitas meningkat 3. Meningkatkn sosial teman 4. Nilai bagus 5. Melatih kecepatan gerak","1560961712819318784","","","in","","0","0","0","https://twitter.com/asihpriyati1/status/1560961712819318784","2191779301","asihpriyati1"
"1560916591411593216","Sat Aug 20 09:08:10 +0000 2022","1","SOSIAL MEDIA GA SEHAT KARNA POLITIK REKAYASA KALIAN DALAM META HOAX","1560916591411593216","","","in","JAKARTA UTARA  PRIUK 14320","0","0","0","https://twitter.com/muhamad49063980/status/1560916591411593216","1066490988108046336","muhamad49063980"
"1560915829306167296","Sat Aug 20 09:05:08 +0000 2022","1","Sehat-sehat selalu Pak Sodik dekan Fakultas Ilmu Sosial dan Humanitarian di tengah-tengah aksi demo mahasiswa.","1560915829306167296","","","in","indonesia ~ turkey","0","1","1","https://twitter.com/_bje/status/1560915829306167296","123150908","_bje"
"1560735208038535169","Fri Aug 19 21:07:25 +0000 2022","0","Manfaat menyontek : 1. otot mata sehat 2. kreatifitas meningkat 3. Meningkatkn sosial teman 4. Nilai bagus 5. Melatih kecepatan gerak","1560735208038535169","","","in","","0","0","0","https://twitter.com/asihpriyati1/status/1560735208038535169","2191779301","asihpriyati1"
"1560632852815187968","Fri Aug 19 14:20:41 +0000 2022","0","Ambil gambar siang hari posting dimalam hari. Aturan bermedia-sosial. . Selamat malam pak!! @JoeBiden Tanya kabar? Sehat-sehat pastinya. https://t.co/EiXc61cuqk","1560632852815187968","https://pbs.twimg.com/media/Fah7P6NaMAEVhEu.jpg","","in","Medan, Sumatera utara","0","0","0","https://twitter.com/keliatezra/status/1560632852815187968","1150677808328216577","keliatezra"
"1560508719791996929","Fri Aug 19 06:07:26 +0000 2022","0","Manfaat menyontek : 1. otot mata sehat 2. kreatifitas meningkat 3. Meningkatkn sosial teman 4. Nilai bagus 5. Melatih kecepatan gerak","1560508719791996929","","","in","","0","0","0","https://twitter.com/asihpriyati1/status/1560508719791996929","2191779301","asihpriyati1"
"1560460335395766273","Fri Aug 19 02:55:10 +0000 2022","0","Warga Binaan Sosial Lansia Potensi maupun total care PSBI Bangun Daya 2 mengikuti kegiatan senam fisik peregangan otot dan juga berjemur agar para warga binaan dapat selalu aktif dan semangat untuk selalu hidup sehat. @DinsosDKI1 https://t.co/l8goQpZFme","1560460335395766273","https://pbs.twimg.com/media/FafeZsaacAEQXw6.jpg","","in","Jl. Bina Marga No.48, Cipayung","0","0","0","https://twitter.com/psbibangundaya2/status/1560460335395766273","2800166454","psbibangundaya2"
"1560414121811910656","Thu Aug 18 23:51:32 +0000 2022","0","bukan nya gue mau bilang lingkungan gue sangat sangat sehat ya sekalipun ini di sosial media tapi lebih dari apapun gue beruntung ada disini karena gue nggak jadi orang jahat yang ngata ngatain orang lain bahkan orang yang nggak gue kenal terima kasih ya mutualan gue ","1560414121811910656","","","in","young prince visual","0","0","0","https://twitter.com/2307_____/status/1560414121811910656","1438307942327996421","2307_____"
"1560395463370481664","Thu Aug 18 22:37:23 +0000 2022","0","Manfaat menyontek : 1. otot mata sehat 2. kreatifitas meningkat 3. Meningkatkn sosial teman 4. Nilai bagus 5. Melatih kecepatan gerak","1560395463370481664","","","in","","0","0","0","https://twitter.com/asihpriyati1/status/1560395463370481664","2191779301","asihpriyati1"
"1560336672893845504","Thu Aug 18 18:43:47 +0000 2022","1","https://t.co/UgNmXH7llh Penataan kawasan ini sekaligus mendorong masyarakat untuk hidup bersih dan sehat. Diharapkan pada akhirnya produktivitas dan hubungan sosial masyarakat juga dapat meningkat. Jokowi Gas Pol Infrastruktur https://t.co/yvQKveJrKg","1560336672893845504","https://pbs.twimg.com/media/Fadt7jOagAA42S-.jpg","","in","Lampung, Indonesia","0","0","0","https://twitter.com/MinakMegaow/status/1560336672893845504","1248649484575182848","MinakMegaow"
"1560286274086260736","Thu Aug 18 15:23:31 +0000 2022","0","Tanah Grogot - Kamis 18 Agustus 2022 Pemberian Dana Bantuan Sosial kepada : CPNS : Muhamad Solihin Abdulah S.H. Diberikan Oleh : Bapak YM. Alfajar Nugraha S.H.I. M.H. Setelah sembuh dari penyakit. Semoga sehat selalu dan dijauhkan dari berbagai macam penyakit. https://t.co/6BlC6db2Qg","1560286274086260736","https://pbs.twimg.com/media/FadAEwPVsAEu8j1.jpg","","in","","0","0","0","https://twitter.com/pa_tanahgrogot/status/1560286274086260736","1509105460213088258","pa_tanahgrogot"
"1560236157807382529","Thu Aug 18 12:04:22 +0000 2022","0","yg beginian sebenernya hal yg biasa dan basic bgt tanpa harus mandang status sosial aku dan papaku (meskipun ga akur) sering jadi dynamic duo di dapur ketika mama sakit sehat terus yaa maa","1560236157807382529","","","in","tenabang, jakpus","0","0","0","https://twitter.com/castnoshadox/status/1560236157807382529","294610790","castnoshadox"
"1560173707284598785","Thu Aug 18 07:56:13 +0000 2022","1","Hai Saya Ita dari Fakultas Ilmu Sosial ingin mengajak masyarakat semuanya untuk tetap menjaga dan mebersihkan lingkungan. Hidup yang sehat berawal dari lingkungan yang bersih. #resikresikbenapik #indonesiabebassampah #pedulilingkungan #PKKMBUNNES2022 #mahasiswaunnesmuda2022 https://t.co/zuiZe2FWjB","1560173707284598785","https://pbs.twimg.com/media/FabYgfmaAAUMoeG.jpg","","in","Jawa Tengah, Indonesia","0","0","0","https://twitter.com/itanzz1/status/1560173707284598785","1432633029361483776","itanzz1"
"1560168970246062081","Thu Aug 18 07:37:23 +0000 2022","0","Manfaat menyontek : 1. otot mata sehat 2. kreatifitas meningkat 3. Meningkatkn sosial teman 4. Nilai bagus 5. Melatih kecepatan gerak","1560168970246062081","","","in","","0","0","0","https://twitter.com/asihpriyati1/status/1560168970246062081","2191779301","asihpriyati1"
"1560107604956680192","Thu Aug 18 03:33:33 +0000 2022","19","Ribuan Orang Padati Jalan Sehat Kemerdekaan bersama Gubernur di DPW PKS NTB Terus bekerja untuk sejahterakan rakyat NTB.. Kalau peran-peran sosial ini sudah dilaksanakan maka PKS NTB tinggal memetik hasilnya di tahun 2024 ~ @bangzul_ntb https://t.co/X8fuHY6bVW","1560107604956680192","","","in","TB. Simatupang No. 82, Jakarta","0","0","7","https://twitter.com/PKSejahtera/status/1560107604956680192","22365191","PKSejahtera"
"1560092072832827392","Thu Aug 18 02:31:49 +0000 2022","0","Warga Binaan Sosial Lansia Potensi maupun total care PSBI Bangun Daya 2 mengikuti kegiatan senam fisik peregangan otot dan juga berjemur agar para warga binaan dapat selalu aktif dan semangat untuk selalu hidup sehat. @DinsosDKI1 https://t.co/osoPM2BnNY","1560092072832827392","https://pbs.twimg.com/media/FaaPdZYaIAAMrE9.jpg","","in","Jl. Bina Marga No.48, Cipayung","0","0","0","https://twitter.com/psbibangundaya2/status/1560092072832827392","2800166454","psbibangundaya2"
"1559942475896455168","Wed Aug 17 16:37:23 +0000 2022","0","Manfaat menyontek : 1. otot mata sehat 2. kreatifitas meningkat 3. Meningkatkn sosial teman 4. Nilai bagus 5. Melatih kecepatan gerak","1559942475896455168","","","in","","0","0","0","https://twitter.com/asihpriyati1/status/1559942475896455168","2191779301","asihpriyati1"
"1559826576673763329","Wed Aug 17 08:56:50 +0000 2022","2","Terima kasih sama sama dik Amelia saat itu kami hanya marah adik gak salah koq harus minta maaf. Sungguh tak elok utk perkembangan hukum dan sosial di negeri tercinta ini. Salam sehat sukses selalu dan tetap semangat! ‼️ Merdeka ! ‼️","1559826576673763329","","","in","❤️","0","0","0","https://twitter.com/KKampul/status/1559826576673763329","821717558931820545","KKampul"
"1559825051519578113","Wed Aug 17 08:50:47 +0000 2022","0","Lowongan Kerja PKH Kementerian Sosial Kemensos Tingkat D3 S1 Besar besaran Bulan Agustus 2022 Calon pendamping PKH Kementerian Sosial Kemensos Kualifikasi : Pendidikan D.III/ D.IV/Sarjana Sehat jasmani dan rohani Usia diutamakan https://t.co/6fWNfFWqus https://t.co/6OiDyoo0XV","1559825051519578113","","","in","Jakarta","0","0","0","https://twitter.com/lowongankerjalu/status/1559825051519578113","709010634","lowongankerjalu"
"1559730448166633472","Wed Aug 17 02:34:51 +0000 2022","1","Salam sehat untuk kita semua Dekan dan Keluarga Besar Fakultas Ilmu Sosial Ilmu Politik dan Ilmu Komputer Universitas Djuanda Bogor Mengucapkan : *Info PMB: Instagram : pmbfisipkom WA/Telp : 081546491011 #fisipkomunida #fisipkom #fisipkomkahijingahijiberprestasi https://t.co/vC2dWfGEC4","1559730448166633472","https://pbs.twimg.com/media/FaVGk6TVQAI46l3.jpg","","in","Universitas Djuanda Bogor","0","0","0","https://twitter.com/pmbfisipkom/status/1559730448166633472","1548285912680804364","pmbfisipkom"
"1559715982192640001","Wed Aug 17 01:37:22 +0000 2022","0","Manfaat menyontek : 1. otot mata sehat 2. kreatifitas meningkat 3. Meningkatkn sosial teman 4. Nilai bagus 5. Melatih kecepatan gerak","1559715982192640001","","","in","","0","0","0","https://twitter.com/asihpriyati1/status/1559715982192640001","2191779301","asihpriyati1"
"1559711163914498048","Wed Aug 17 01:18:14 +0000 2022","0","baik dimulai dengan mengucapkan Dirgahayu RI Yang ke 77 tahun semoga menjadi Indonesia Sehat Indonesia kuat bangkit bersama membangun masa depan dan kehidupan yang lebih baik serta menghargai dan berbuat baik sesama manusia tanpa memandang AGAMA BUDAYA EKONOMI SOSIAL.","1559711163914498048","","","in","Jambi, Indonesia","0","0","0","https://twitter.com/sintianofriskaa/status/1559711163914498048","511767726","sintianofriskaa"
"1559602745279389696","Tue Aug 16 18:07:25 +0000 2022","0","Manfaat menyontek : 1. otot mata sehat 2. kreatifitas meningkat 3. Meningkatkn sosial teman 4. Nilai bagus 5. Melatih kecepatan gerak","1559602745279389696","","","in","","0","0","0","https://twitter.com/asihpriyati1/status/1559602745279389696","2191779301","asihpriyati1"
"1559487122364477440","Tue Aug 16 10:27:58 +0000 2022","10","Mayoritas penduduk Jakarta tinggal di kampung miskin yang kumuh bersanitasi buruk dan tidak sehat. Di sisi lain gedung dan bangunan mewah berdiri megah. Kesenjangan sosial itu membuat Ali resah. #MajalahTempo https://t.co/BQ0811h915","1559487122364477440","","","in","","0","0","3","https://twitter.com/temponewsroom/status/1559487122364477440","88352716","temponewsroom"
"1559477974486814720","Tue Aug 16 09:51:37 +0000 2022","0","Warga Binaan Sosial Lansia Potensi maupun total care PSBI Bangun Daya 2 mengikuti kegiatan senam fisik peregangan otot dan juga berjemur agar para warga binaan dapat selalu aktif dan semangat untuk selalu hidup sehat. @DinsosDKI1 https://t.co/5WSPo3vhW8","1559477974486814720","https://pbs.twimg.com/media/FaRg7heagAA17sX.jpg","","in","Jl. Bina Marga No.48, Cipayung","0","0","0","https://twitter.com/psbibangundaya2/status/1559477974486814720","2800166454","psbibangundaya2"
"1559424102234222593","Tue Aug 16 06:17:33 +0000 2022","0","Ayo kita memeriahkan Hari Kemerdekaan Republik Indonesia Ke-77 dengan memasang profil WhatsApp atau sosial media dengan twibbone Bantu share ke yang lain yuk https://t.co/LRnUO28CoF Salam sehat dari Promkes RS Pratama Kota Yogyakarta. https://t.co/peAjN8yqb8","1559424102234222593","https://pbs.twimg.com/media/FaQv8i-aQAEA4Dx.jpg","","in","Yogyakarta","0","0","0","https://twitter.com/RSPratamaJogja/status/1559424102234222593","1246998704621568002","RSPratamaJogja"
"1559363133055315968","Tue Aug 16 02:15:17 +0000 2022","0","Semakin melekatnya media sosial pada kehidupan kita semakin krusial literasi digital bagi perlindungan para penggunanya. Etika dalam bermedia sosial pun harus dijaga untuk membangun ekosistem digital yang sehat dan aman bagi kita semua. https://t.co/mwZBp0vC7x","1559363133055315968","https://pbs.twimg.com/media/FaP4f3saUAAfh5v.jpg","","in","Indonesien","0","1","0","https://twitter.com/ArifYunando/status/1559363133055315968","810412855","ArifYunando"
"1559340895870169088","Tue Aug 16 00:46:55 +0000 2022","0","Resep Dirut BPJS Kesehatan Strategi Jitu Capai Puncak Karir | Dirut Dalam PPRA LXIV Lemhannas https://t.co/bDXlECsQK6 Tetap sehat dan semangat! dan Terus dukung upaya edukasi publik dengan follow like comment dan share setiap konten media sosial BPJS Kesehatan ","1559340895870169088","","","in","","0","0","1","https://twitter.com/mpuspertiwi/status/1559340895870169088","188245982","mpuspertiwi"
"1559184546872311808","Mon Aug 15 14:25:38 +0000 2022","0","[Sekitar Kita] Halo warga teknik Semoga selalu dalam keadaan sehat yaa!! Kali ini Kementerian Sosial Masyarakat hadir di Sekitar Kita edisi ketiga nih. Topik yang dibahas sangat relate dengan keadaan kita sebagai mahasiswa saat ini lohh‼️ https://t.co/OYFnPGcOXi","1559184546872311808","https://pbs.twimg.com/media/FaNWEwWaIAAjMi6.jpg","","in","Surakarta, Indonesia","0","1","0","https://twitter.com/bemftuns/status/1559184546872311808","622605396","bemftuns"
"1559182743900401664","Mon Aug 15 14:18:29 +0000 2022","1","Guna mewujudkan wilayah desa binaan yang sehat Babinsa Koramil 04/Banyuurip Kodim 0708/Purworejo Serka Joko Widodo melaksanakan Komunikasi Sosial bersama Bidan Desa Condongsari Kecamatan Banyuurip Kabupaten Purworejo. @Korem072Pmk @Kodim_Purworejo https://t.co/dMHOMeo3iS","1559182743900401664","https://pbs.twimg.com/media/FaNUcR1aQAEDbFl.jpg","","in","","0","0","0","https://twitter.com/Dim0708Pwr/status/1559182743900401664","1356812511861903365","Dim0708Pwr"
"1559170318328930304","Mon Aug 15 13:29:06 +0000 2022","0","Guna mewujudkan Wilayah Kelurahan Binaan yang sehat Babinsa Koramil 01/Purworejo Serma M.Pakriyani melaksakanan Komunikasi Sosial bersama Bidan Kelurahan Ibu Wiwik di Poskes Kelurahan Keseneng Kecamatan Purworejo Kabupaten Purworejo. https://t.co/HZu63q4gom","1559170318328930304","https://pbs.twimg.com/media/FaNJIuiUUAATIkD.jpg","","in","","0","0","0","https://twitter.com/PENRAMIL01/status/1559170318328930304","1433245451164131336","PENRAMIL01"
"1559149770656317445","Mon Aug 15 12:07:27 +0000 2022","0","Manfaat menyontek : 1. otot mata sehat 2. kreatifitas meningkat 3. Meningkatkn sosial teman 4. Nilai bagus 5. Melatih kecepatan gerak","1559149770656317445","","","in","","0","0","0","https://twitter.com/asihpriyati1/status/1559149770656317445","2191779301","asihpriyati1"
"1559098752069013504","Mon Aug 15 08:44:43 +0000 2022","6","Wilujeng sonten Wargi Bandung Perempuan Sehat Indonesia Maju Donor Darah Sambut Peringatan HUT RI Ke-77 Ketua TP-PKK Kota Bandung Yunimar Yana Mulyana memberikan sambutan dan membuka acara Aksi Sosial Donor Darah dengan tema Perempuan Sehat Indonesia Maju https://t.co/ycAUkVyywi","1559098752069013504","https://pbs.twimg.com/media/FaMICO-UcAAGw-1.jpg","","in","Bandung","0","1","2","https://twitter.com/halo_bandung/status/1559098752069013504","1933882213","halo_bandung"
"1559064828844527617","Mon Aug 15 06:29:55 +0000 2022","0","Semakin melekatnya media sosial pada kehidupan kita semakin krusial literasi digital bagi perlindungan para penggunanya. Etika dalam bermedia sosial pun harus dijaga untuk membangun ekosistem digital yang sehat dan aman bagi kita semua. https://t.co/kwhDJeldXk","1559064828844527617","https://pbs.twimg.com/media/FaLpMXxUIAE5AT2.jpg","","in","bandung , Jawa Barat","0","1","0","https://twitter.com/ghifaridwir/status/1559064828844527617","162347294","ghifaridwir"
"1559025303850463232","Mon Aug 15 03:52:52 +0000 2022","0","Guna mewujudkan wilayah desa binaan yang sehat Babinsa Koramil 11/Loano melaksakanan Komunikasi Sosial bersama kader desa https://t.co/7yFrXTZirM","1559025303850463232","https://pbs.twimg.com/media/FaLFPunaQAAzj_0.jpg","","in","","0","0","0","https://twitter.com/KoramilLoano/status/1559025303850463232","1356820219079979009","KoramilLoano"
"1559023361627344896","Mon Aug 15 03:45:09 +0000 2022","8","Program Livin Urban yang berfokus untuk menyejahterakan masyarakat. Mulai dari program digitalisasi pasar bertajuk Livin Pasar lalu Livin Warung Livin Kampoeng Usaha dan Kampoeng Sehat hingga Livin Society yg memberikan dampak sosial yg positif. @erickthohir #BangkitBersamaET https://t.co/s1qPhoUa82","1559023361627344896","https://pbs.twimg.com/media/FaLDe97UYAEQu1O.jpg","","in","","0","0","8","https://twitter.com/LokoJoyo81/status/1559023361627344896","1395077465261764612","LokoJoyo81"
"1559005882922373120","Mon Aug 15 02:35:42 +0000 2022","0","Kominfo Gelar Pelatihan Bermain Media Sosial yang Cermat dan Sehat bagi Anak-anak Maluku dan Papua @kemkominfo @PlateJohnny","1559005882922373120","","","in","","0","0","0","https://twitter.com/rayyandaim01/status/1559005882922373120","1549753130925301760","rayyandaim01"
"1559002482650406914","Mon Aug 15 02:22:11 +0000 2022","1","Semakin melekatnya media sosial pada kehidupan kita semakin krusial literasi digital bagi perlindungan para penggunanya. Etika dalam bermedia sosial pun harus dijaga untuk membangun ekosistem digital yang sehat dan aman bagi kita semua. Yuk pelajari poin-poin penting dalam...","1559002482650406914","","","in","","0","1","0","https://twitter.com/MSPratama_/status/1559002482650406914","1448767881307590656","MSPratama_"
"1558987713281269760","Mon Aug 15 01:23:30 +0000 2022","0","Semakin melekatnya media sosial pada kehidupan kita semakin krusial literasi digital bagi perlindungan para penggunanya. Etika dalam bermedia sosial pun harus dijaga untuk membangun ekosistem digital yang sehat dan aman bagi kita semua. https://t.co/NEPdJaqDLP","1558987713281269760","https://pbs.twimg.com/media/FaKjDr9UsAE8fhU.jpg","","in","","0","1","0","https://twitter.com/deasmrn/status/1558987713281269760","1550391738052661248","deasmrn"
"1558964646039945221","Sun Aug 14 23:51:50 +0000 2022","0","Semakin melekatnya media sosial pada kehidupan kita semakin krusial literasi digital bagi para penggunanya. Etika dalam bermedia sosial pun harus dijaga untuk membangun ekosistem digital yang sehat dan aman. Yuk pelajari poin-poin penting dalam bermedia sosial! https://t.co/C5V4LO65vJ","1558964646039945221","https://pbs.twimg.com/media/FaKOD7jaUAERDEO.jpg","","in","","0","1","0","https://twitter.com/MiftahRizqan/status/1558964646039945221","1550540258433179648","MiftahRizqan"
"1558923270225018880","Sun Aug 14 21:07:25 +0000 2022","0","Manfaat menyontek : 1. otot mata sehat 2. kreatifitas meningkat 3. Meningkatkn sosial teman 4. Nilai bagus 5. Melatih kecepatan gerak","1558923270225018880","","","in","","0","0","0","https://twitter.com/asihpriyati1/status/1558923270225018880","2191779301","asihpriyati1"
"1558809746500489222","Sun Aug 14 13:36:19 +0000 2022","0","Selamat malam @jwacksen Jangan lupa minum air putih ini dari kami gratis tanpa dipungut biaya apapun karena perusahaan kami sedang mengadakan kegiatan sosial. Dan perkenalkan saya Yamazaki Kento dari @/VIMCORPS. Itadakimas dan sehat selalu!!! https://t.co/RmuBBjsPO2","1558809746500489222","https://pbs.twimg.com/media/FaIAI_NVEAI4aRi.png","","in","Only Soojung ♡ ","1","1","0","https://twitter.com/yamazkkento/status/1558809746500489222","1006904945319137281","yamazkkento"
"1558797104868339713","Sun Aug 14 12:46:05 +0000 2022","1","ㅤSelamat malam @JINSOUL97FC Perkenalkan watashi Yamazaki Kento dari @/VIMCORPS Saat ini perusahaan kami sedang ada kegiatan sosial yaitu untuk membagikan vitamin ini secara gratis tanpa mengikuti give away. Jangan lupa diminum ya sehat selalu! https://t.co/u36zw018XC","1558797104868339713","https://pbs.twimg.com/media/FaHz0q5UEAA4GRP.png","","in","Only Soojung ♡ ","2","0","1","https://twitter.com/yamazkkento/status/1558797104868339713","1006904945319137281","yamazkkento"
"1558734527551655936","Sun Aug 14 08:37:25 +0000 2022","0","Sobat Hijau semua... berikut link Medsos Hutan Sosial terus ikuti keseruan kabar n beritanya jangan lupa subscribe like comment dan share...salam sehat salam lima jari. https://t.co/GdUOLgeked","1558734527551655936","","","in","","0","0","0","https://twitter.com/Nanung_Rubi/status/1558734527551655936","1013643669570588673","Nanung_Rubi"
"1558696791607955456","Sun Aug 14 06:07:28 +0000 2022","0","Manfaat menyontek : 1. otot mata sehat 2. kreatifitas meningkat 3. Meningkatkn sosial teman 4. Nilai bagus 5. Melatih kecepatan gerak","1558696791607955456","","","in","","0","0","0","https://twitter.com/asihpriyati1/status/1558696791607955456","2191779301","asihpriyati1"
"1558690760584638464","Sun Aug 14 05:43:31 +0000 2022","0","Kominfo Gelar Pelatihan Bermain Media Sosial yang Cermat dan Sehat bagi Anak-anak Maluku dan Papua @kemkominfo @PlateJohnny","1558690760584638464","","","in","Jauh Sekali Bro...","0","0","0","https://twitter.com/abbas_respect/status/1558690760584638464","301436939","abbas_respect"
"1558680626009882624","Sun Aug 14 05:03:14 +0000 2022","12","Menteri BUMN @erickthohir : Program Livin Urban berfokus Menyejahterakan Masyarakat Digitalisasi pasar bertajuk Livin Pasar Livin Warung Livin Kampoeng Usaha dan Kampoeng Sehat hingga Livin Society memberikan dampak sosial positif bagi semua pihak. #BangkitBersamaET https://t.co/fJALaHefPf","1558680626009882624","https://pbs.twimg.com/media/FaGJ6H8aQAIpeGW.jpg","","in","Jakarta Capital Region","0","0","10","https://twitter.com/KutaReal_X/status/1558680626009882624","4200088157","KutaReal_X"
"1558491767040667648","Sat Aug 13 16:32:47 +0000 2022","1","Etika dalam bermedia sosial harus dijaga untuk membangun ekosistem digital yang sehat dan aman bagi kita semua. Yuk pelajari poin-poin penting dalam bermedia sosial melalui konten di atas! @lpdp_ri #LPDP #diriuntuknegeri #SDMUnggulIndonesiaMaju #AkuPastiMengabdi #PK192 https://t.co/ZYELcYMFyI","1558491767040667648","https://pbs.twimg.com/media/FaDf-owUsAAZbdH.jpg","","in","Sleman, Indonesia","0","1","0","https://twitter.com/philospimp/status/1558491767040667648","1735235198","philospimp"
"1558470296289824768","Sat Aug 13 15:07:28 +0000 2022","0","Manfaat menyontek : 1. otot mata sehat 2. kreatifitas meningkat 3. Meningkatkn sosial teman 4. Nilai bagus 5. Melatih kecepatan gerak","1558470296289824768","","","in","","0","0","0","https://twitter.com/asihpriyati1/status/1558470296289824768","2191779301","asihpriyati1"
"1558406545079238658","Sat Aug 13 10:54:08 +0000 2022","0","Sehat nya dapat.. Berinteraksi sosial nya juga dapat... https://t.co/7KQmDGYvqg","1558406545079238658","","","in","Wonosari DIY","0","0","0","https://twitter.com/siwidhie/status/1558406545079238658","130630928","siwidhie"
"1558384750410485761","Sat Aug 13 09:27:32 +0000 2022","21","Menteri BUMN @erickthohir : Penggunaan Layanan Digital Mandiri Memberikan Kemudahan Transaksi Program digitalisasi pasar Livin Pasar lalu Livin Warung Livin Kampoeng Usaha &amp; Kampoeng Sehat hingga Livin Society yg berikan dampak sosial yg positif. #BangkitBersamaET https://t.co/AjqiZYkySI","1558384750410485761","https://pbs.twimg.com/media/FaB-q9RaAAA5dJ2.jpg","","in","Indonesia","1","1","13","https://twitter.com/yarachantique/status/1558384750410485761","61779973","yarachantique"
"1558352489555959810","Sat Aug 13 07:19:20 +0000 2022","0","Semakin melekatnya media sosial pada kehidupan kita semakin krusial literasi digital bagi perlindungan para penggunanya. Etika dalam bermedia sosial pun harus dijaga untuk membangun ekosistem digital yang sehat dan aman bagi kita semua. https://t.co/hiUEmvIupW","1558352489555959810","https://pbs.twimg.com/media/FaBhGlaVEAEf0m4.jpg","","in","","0","0","0","https://twitter.com/NasirinAnas/status/1558352489555959810","1484048783516520450","NasirinAnas"
"1558289223874408449","Sat Aug 13 03:07:57 +0000 2022","0","Semakin melekatnya media sosial pada kehidupan kita semakin krusial literasi digital bagi perlindungan para penggunanya. Etika dalam bermedia sosial pun harus dijaga untuk membangun ekosistem digital yang sehat dan aman bagi kita semua. https://t.co/nT0CuUFJH6","1558289223874408449","https://pbs.twimg.com/media/FaAnyl5agAI8FHA.jpg","","in","indonesia","0","1","0","https://twitter.com/sofiyulloh_moch/status/1558289223874408449","1456119382581538817","sofiyulloh_moch"
"1558276697149276160","Sat Aug 13 02:18:10 +0000 2022","2","semoga kita sehat-sehat terus ya apalagi yang lagi fase awal sebagai bagian dari masyarakat sosial ambisi dan goals boleh dikejar tapi tetep dalam porsinya yah...","1558276697149276160","","","in","","0","0","0","https://twitter.com/geongyuv/status/1558276697149276160","1112328908823650305","geongyuv"
"1558262283989487622","Sat Aug 13 01:20:54 +0000 2022","2","Semakin melekatnya media sosial pada kehidupan kita semakin krusial literasi digital bagi perlindungan para penggunanya. Etika dalam bermedia sosial pun harus dijaga untuk membangun ekosistem digital yang sehat dan aman bagi kita semua. (1/2) https://t.co/dMyYfVjgpI","1558262283989487622","https://pbs.twimg.com/media/FaAPSgBUcAEh9kz.jpg","","in","","0","1","0","https://twitter.com/jauzakw/status/1558262283989487622","437266349","jauzakw"
"1558243799645974528","Sat Aug 13 00:07:27 +0000 2022","0","Manfaat menyontek : 1. otot mata sehat 2. kreatifitas meningkat 3. Meningkatkn sosial teman 4. Nilai bagus 5. Melatih kecepatan gerak","1558243799645974528","","","in","","0","0","0","https://twitter.com/asihpriyati1/status/1558243799645974528","2191779301","asihpriyati1"
"1558231852288073730","Fri Aug 12 23:19:58 +0000 2022","0","Etika dalam bermedia sosial pun harus dijaga untuk membangun ekosistem digital yang sehat dan aman bagi kita semua. @lpdp_ri #LPDP #diriuntuknegeri #SDMUnggulIndonesiaMaju #AkuPastiMengabdi #PK192 #AcityaSyandana https://t.co/XaBC0uG5WV","1558231852288073730","https://pbs.twimg.com/media/FZ_zmvdaUAAr9YC.jpg","","in","","0","0","0","https://twitter.com/ayaniyk/status/1558231852288073730","1550634349577777152","ayaniyk"
"1558231766204223490","Fri Aug 12 23:19:38 +0000 2022","0","Etika dalam bermedia sosial pun harus dijaga untuk membangun ekosistem digital yang sehat dan aman bagi kita semua. @lpdp_ri #LPDP #diriuntuknegeri #SDMUnggulIndonesiaMaju #AkuPastiMengabdi #PK192 #AcityaSyandana https://t.co/l7TGspYNTc","1558231766204223490","https://pbs.twimg.com/media/FZ_zhjRaUAETte8.jpg","","in","","0","1","0","https://twitter.com/ayaniyk/status/1558231766204223490","1550634349577777152","ayaniyk"
"1558180875917205504","Fri Aug 12 19:57:25 +0000 2022","0","Terjadinya polemik yang terlalu intensif yang disebabkan oleh polarisasi dari beragam ranah seringkali menciptakan kerusakan terutama di sosial media. Ruang diskusi yang sehat menjadi urgensi bagi negara ini saat ini menurut al faqir walafwu minkum.","1558180875917205504","","","in","","0","0","0","https://twitter.com/Honkokyu/status/1558180875917205504","1536261370794373121","Honkokyu"
"1558145983329947648","Fri Aug 12 17:38:46 +0000 2022","0","Hari ini sampai lupa ngelihat sosial media fokus tiket di sambi kerja tak liatin di Instagram juga oppa @siwonchoi ga update ya udah pasti sibuk...semoga sehat selalu ya sayang..semangat aku butuh semangat kamu ya udah liatin foto kamu aja ..kangen banget akuLove you","1558145983329947648","","","in","Yogyakarta, Indonesia","0","0","0","https://twitter.com/vita_santi/status/1558145983329947648","507079100","vita_santi"
"1558083516746780673","Fri Aug 12 13:30:32 +0000 2022","0","Dikucilkan warga karena tidak ikut jalan sehat dan nonton campursarian RT adalah sebuah sanksi sosial yang sangat Ha ? Are you kidding me ? ","1558083516746780673","","","in","","0","1","0","https://twitter.com/punyaayum/status/1558083516746780673","283357381","punyaayum"
"1558082549272162304","Fri Aug 12 13:26:42 +0000 2022","0","Melekatnya media sosial pada kehidupan kita semakin krusial literasi digital. Etika dalam bermedia sosial harus dijaga untuk membangun ekosistem digital yang sehat dan aman bagi semua. @LPDP_RI #LPDP #diriuntuknegeri #SDMUnggulIndonesiaMaju #AkuPastiMengabdi #PK192 https://t.co/hd1yPGckYp","1558082549272162304","https://pbs.twimg.com/media/FZ9rzTvaMAEQTlW.jpg","","in","Jakarta","0","0","0","https://twitter.com/ridoriddle/status/1558082549272162304","71827840","ridoriddle"
"1558073260667207681","Fri Aug 12 12:49:47 +0000 2022","3","*Sosial Campaign PROAKTIF UNTIRTA 2022* FISIP!! Brotherhood Hallo Fisipmate Saya Ikhsan Hakiki dari jurusan Administrasi Publik ingin mengajak teman-teman hidup sehat dan bersih. Mari lestarikan lingkungan kita! #PEDULILINGKUNGAN #PROAKTIF2022 #BEMFISIPUNTIRTA #FISIPBROTHERHOOD https://t.co/BQWVDOBz86","1558073260667207681","https://pbs.twimg.com/media/FZ9jXWUaAAE4Ta3.jpg","","in","","0","0","0","https://twitter.com/ikhsnhqq/status/1558073260667207681","1558066810905567232","ikhsnhqq"
"1558060843191128064","Fri Aug 12 12:00:27 +0000 2022","6","Definisi dari sehat tidak hanya sebatas sehat secara fisik tapi juga secara mental spiritual dan sosial. Remaja yang sehat adalah aset penting untuk masa depan bangsa. Selamat Hari Remaja Internasional! #ProdiaWomen #RemajaSehat #KesehatanMental https://t.co/1ulOn8aSGf","1558060843191128064","https://pbs.twimg.com/media/FZ9YEhAakAA4MhV.jpg","","in","","0","0","3","https://twitter.com/prodia_women/status/1558060843191128064","1087304236017233920","prodia_women"
"1558055734142574594","Fri Aug 12 11:40:08 +0000 2022","0","Etika dalam bermedia sosial harus dijaga untuk membangun ekosistem digital yang sehat dan aman bagi kita semua. @LPDP_RI #LPDP #diriuntuknegeri #SDMUnggulIndonesiaMaju #AkuPastiMengabdi #PK192 #AcityaSyandana https://t.co/94FJniNDhe","1558055734142574594","https://pbs.twimg.com/media/FZ9TbeeUEAAME4a.jpg","","in","","0","0","0","https://twitter.com/ferina_nurlaily/status/1558055734142574594","1550496696643178496","ferina_nurlaily"
"1558055583600717825","Fri Aug 12 11:39:33 +0000 2022","1","Etika dalam bermedia sosial harus dijaga untuk membangun ekosistem digital yang sehat dan aman bagi kita semua. @LPDP_RI #LPDP #diriuntuknegeri #SDMUnggulIndonesiaMaju #AkuPastiMengabdi https://t.co/aLH4Fugd1i","1558055583600717825","https://pbs.twimg.com/media/FZ9TSsdVsAEcQNy.jpg","","in","","0","1","0","https://twitter.com/ferina_nurlaily/status/1558055583600717825","1550496696643178496","ferina_nurlaily"
"1558032753987571712","Fri Aug 12 10:08:50 +0000 2022","0","Etika dalam bermedia sosial pun harus dijaga untuk membangun ekosistem digital yang sehat dan aman bagi kita semua. Pelajari poin penting dalam bermedia sosial melalui konten ini. @LPDP_RI #LPDP #diriuntuknegeri #SDMUnggulIndonesiaMaju #AkuPastiMengabdi #PK192 #AcityaSyandana https://t.co/04VvWRQS9U","1558032753987571712","https://pbs.twimg.com/media/FZ8-WoQakAEPiUM.jpg","","in","West Papua, Indonesia","0","0","0","https://twitter.com/Adhelyne2/status/1558032753987571712","1411623439702454273","Adhelyne2"
"1558018089073389568","Fri Aug 12 09:10:33 +0000 2022","0","Semakin melekatnya media sosial pada kehidupan kita semakin krusial literasi digital bagi perlindungan para penggunanya. Etika dalam bermedia sosial pun harus dijaga untuk membangun ekosistem digital yang sehat dan aman bagi kita semua. https://t.co/dYzRKiOhUC","1558018089073389568","https://pbs.twimg.com/media/FZ8xLecaAAI5Ojs.jpg","","in","","0","1","0","https://twitter.com/sm_ludy/status/1558018089073389568","1550879832514646016","sm_ludy"
"1558017312468258816","Fri Aug 12 09:07:28 +0000 2022","0","Manfaat menyontek : 1. otot mata sehat 2. kreatifitas meningkat 3. Meningkatkn sosial teman 4. Nilai bagus 5. Melatih kecepatan gerak","1558017312468258816","","","in","","0","0","0","https://twitter.com/asihpriyati1/status/1558017312468258816","2191779301","asihpriyati1"
"1558014027137253377","Fri Aug 12 08:54:25 +0000 2022","0","Kunjungi Salah satu warga yang sedang kurang sehat di Rs. Harapan Bunda Banda Aceh #aceh #sosial https://t.co/a32VyiwbtI","1558014027137253377","","","in","Kuta Malaka, Indonesia","0","0","0","https://twitter.com/lamaracut/status/1558014027137253377","1550442738855751680","lamaracut"
"1557929151633530880","Fri Aug 12 03:17:09 +0000 2022","0","Sambut HUT Kemerdekaan Kecamatan Kota Timur Gelar Jalan Sehat dan Bakti Sosial https://t.co/wCMiySkJPE","1557929151633530880","","","in","Gorontalo","0","0","0","https://twitter.com/pojok6indonesia/status/1557929151633530880","991846687902580736","pojok6indonesia"
"1557790808954220544","Thu Aug 11 18:07:25 +0000 2022","0","Manfaat menyontek : 1. otot mata sehat 2. kreatifitas meningkat 3. Meningkatkn sosial teman 4. Nilai bagus 5. Melatih kecepatan gerak","1557790808954220544","","","in","","0","0","0","https://twitter.com/asihpriyati1/status/1557790808954220544","2191779301","asihpriyati1"
"1557715198047162368","Thu Aug 11 13:06:58 +0000 2022","0","OTAK CERDAS bukan penentu keberhasilan membangun KETUHANAN dan KEMANUSIAAN yang adil &amp; beradab PERSATUAN Indonesia KEADILAN sosial bagi seluruh rakyat Indonesia sebab KELUHURAN JIWA dibangun pakai AKAL SEHAT. Siapa punya AKAL SEHAT dia menjadi manusia LUHUR JIWA luhur budaya.","1557715198047162368","","","in","SAMPIT, KalTeng, INDONESIA+62","0","0","0","https://twitter.com/Budi_2232/status/1557715198047162368","1203075185420599296","Budi_2232"
"1557637880939413505","Thu Aug 11 07:59:44 +0000 2022","1","Topik Rumah Sehat Jadi Tren Perbincangan Alami di Media Massa dan Sosial https://t.co/Zfuu9wY2G4","1557637880939413505","","","in","","0","0","0","https://twitter.com/kba_news/status/1557637880939413505","1443801854756880385","kba_news"
"1557614067958681600","Thu Aug 11 06:25:07 +0000 2022","0","Mahasiswa Kukerta UNRI di Pulau Gadang Kampar Gelar Aksi Sosial Sabtu Sehat Sosialisasi Stunting dan Germas https://t.co/hI57FKa4sM","1557614067958681600","","","in","","0","0","0","https://twitter.com/HaluanRiau_/status/1557614067958681600","1231402485761245184","HaluanRiau_"
"1557564326352789504","Thu Aug 11 03:07:28 +0000 2022","0","Manfaat menyontek : 1. otot mata sehat 2. kreatifitas meningkat 3. Meningkatkn sosial teman 4. Nilai bagus 5. Melatih kecepatan gerak","1557564326352789504","","","in","","0","0","0","https://twitter.com/asihpriyati1/status/1557564326352789504","2191779301","asihpriyati1"
"1557556768791678977","Thu Aug 11 02:37:26 +0000 2022","0","Proses verifikasi oleh tim Forum Kota Tangerang Sehat (FKTS) dalam rangka penilaian kantor sehat se Kota Tangerang yang didampingi langsung oleh Kepala Dinas Sosial Mulyani SE MM Ak CA beserta jajarannya . Kamis 11 Agustus 2022 https://t.co/l8W23IsMws","1557556768791678977","https://pbs.twimg.com/media/FZ2NjbTVEAAKFKT.jpg","","in","","0","0","0","https://twitter.com/Kota_Tangerang/status/1557556768791678977","484490033","Kota_Tangerang"
"1557528963756351488","Thu Aug 11 00:46:57 +0000 2022","0","Beda dengan urusan uang pekerjaan status sosial maka sedikit yang mau memelihara kesehatan karena tidak punya motifnya. Kebangun tidur pagiii ga niat olahraga ga mikir memilih menu sehat. berapa kali seminggu anda olahraga? Trend topik: Bangun Pagiii Mowning Tidur Tari Jawa https://t.co/CEbuiQtNe4","1557528963756351488","https://pbs.twimg.com/media/FZ10VkfUUAEcQgA.jpg","","in","Jakarta, Indonesia","0","0","0","https://twitter.com/dr_Phaidon/status/1557528963756351488","16309564","dr_Phaidon"
"1557451066949926912","Wed Aug 10 19:37:25 +0000 2022","0","Manfaat menyontek : 1. otot mata sehat 2. kreatifitas meningkat 3. Meningkatkn sosial teman 4. Nilai bagus 5. Melatih kecepatan gerak","1557451066949926912","","","in","","0","0","0","https://twitter.com/asihpriyati1/status/1557451066949926912","2191779301","asihpriyati1"
"1557232494369337344","Wed Aug 10 05:08:53 +0000 2022","9","Halo teman-teman salam sehat dan sejahtera bagi semuanya perkenalkan saya Alfred mohon bantuanya untuk menyebarkan link ini di media sosial ya. Selain itu mohon do'a dan dukungannya segala bentuk bantuan dan donasi akan sangat berarti. Terimakasih https://t.co/rw5Mo3US2W","1557232494369337344","","","in","West Java, Indonesia","0","1","30","https://twitter.com/alkaskies/status/1557232494369337344","168056110","alkaskies"
"1557232169122025473","Wed Aug 10 05:07:35 +0000 2022","0","Jalin silahturahmi Babinsa Koramil Tunjungan gelar giat komunikasi sosial di dkh sumberjo Rt 03/03 tentang hidup bersih dan sehat dengan rutin membersihkan lingkungan rumah @Penramil 04tunjungan https://t.co/TB3Hqpk5rf","1557232169122025473","","","in","","0","0","0","https://twitter.com/04Tunjungan/status/1557232169122025473","1494162043569459203","04Tunjungan"
"1557224585979867136","Wed Aug 10 04:37:27 +0000 2022","0","Manfaat menyontek : 1. otot mata sehat 2. kreatifitas meningkat 3. Meningkatkn sosial teman 4. Nilai bagus 5. Melatih kecepatan gerak","1557224585979867136","","","in","","0","0","0","https://twitter.com/asihpriyati1/status/1557224585979867136","2191779301","asihpriyati1"
"1557217766549377025","Wed Aug 10 04:10:21 +0000 2022","2","Yuk Bestie jaga kesehatan mental kita. Mental yang sehat akan membuat pikiran menjadi positif sehingga tubuh akan berfungsi dengan baik secara emosional psikologis sosial dan akan mempengaruhi cara berfikir merasakan dan berperilaku. #WaronDrugs #speedupneverletup https://t.co/t3QXNKBRMi","1557217766549377025","https://pbs.twimg.com/media/FZxZTWxaQAA3kjN.jpg","","in","Kota Batam, Provinsi KEPRI","0","0","0","https://twitter.com/InfoBNNP_KEPRI/status/1557217766549377025","1214097975841943553","InfoBNNP_KEPRI"
"1557199306721218561","Wed Aug 10 02:57:00 +0000 2022","1","Warga Binaan Sosial Lansia Potensi maupun total care PSBI Bangun Daya 2 mengikuti kegiatan senam fisik peregangan otot dan juga berjemur agar para warga binaan dapat selalu aktif dan semangat untuk selalu hidup sehat. @DinsosDKI1 https://t.co/XzPwfoJvFz","1557199306721218561","https://pbs.twimg.com/media/FZxIf6aaUAA6PLH.jpg","","in","Jl. Bina Marga No.48, Cipayung","0","0","0","https://twitter.com/psbibangundaya2/status/1557199306721218561","2800166454","psbibangundaya2"
"1557111344989880320","Tue Aug 09 21:07:29 +0000 2022","0","Manfaat menyontek : 1. otot mata sehat 2. kreatifitas meningkat 3. Meningkatkn sosial teman 4. Nilai bagus 5. Melatih kecepatan gerak","1557111344989880320","","","in","","0","0","0","https://twitter.com/asihpriyati1/status/1557111344989880320","2191779301","asihpriyati1"
"1557109153214128131","Tue Aug 09 20:58:46 +0000 2022","0","Olahraga atau diet itu supaya sehat atau... supaya bisa pake baju di atas pusar terus mirror selfie dan diunggah ke story dan postingan di sosial media?","1557109153214128131","","","in","Bekasi","0","1","0","https://twitter.com/inimuyan/status/1557109153214128131","1250782030612193283","inimuyan"
"1557027789316182016","Tue Aug 09 15:35:27 +0000 2022","1","4 sehat 5 keadilan sosial bagi seluruh rakyat kaya","1557027789316182016","","","in","Alam Semesta","0","1","0","https://twitter.com/hisanusi/status/1557027789316182016","1254456435745927170","hisanusi"
"1556905001666359301","Tue Aug 09 07:27:32 +0000 2022","0","KODIM 0709/KBM-Guna mewujudkan wilayah desa binaan yang sehat Danramil 21/RWK Kapten Czi Saliyo melaksanakan Komunikasi sosial (Komsos) bersama dengan Kepala Puskesmas Rowokele dr.Sugito bertempat di Kantor Puskesmas Rowokele.Selasa (9/8/2022). https://t.co/C3wOX33ceM","1556905001666359301","https://pbs.twimg.com/media/FZs82P3aIAEBfco.jpg","","in","","0","0","0","https://twitter.com/Ramil21Rowokele/status/1556905001666359301","1502131997078351873","Ramil21Rowokele"
"1556884860840529921","Tue Aug 09 06:07:31 +0000 2022","0","Manfaat menyontek : 1. otot mata sehat 2. kreatifitas meningkat 3. Meningkatkn sosial teman 4. Nilai bagus 5. Melatih kecepatan gerak","1556884860840529921","","","in","","0","0","0","https://twitter.com/asihpriyati1/status/1556884860840529921","2191779301","asihpriyati1"
"1556845920196517889","Tue Aug 09 03:32:46 +0000 2022","0","Bakti Sosial Polwan #CerdasDenganPengetahuan Hari Polwan ke-74 Tahun 2022 Polwan Polres Sorong gelar kegiatan bakti sosial serta kegiatan bermanfaat lainnya seperti Goes To School Bakti Kesehatan Olah Raga Bersama Ziarah TMP Bakti Religi Lomba Suara Hati Anak dan lainnya https://t.co/1IJU59t9Z9","1556845920196517889","https://pbs.twimg.com/media/FZsHG_bacAAnsCI.jpg","","in","","0","0","0","https://twitter.com/sabahat_sehat/status/1556845920196517889","1520945743845937152","sabahat_sehat"
"1556834156084363264","Tue Aug 09 02:46:02 +0000 2022","1","Warga Binaan Sosial Lansia Potensi maupun total care PSBI Bangun Daya 2 mengikuti kegiatan senam fisik peregangan otot dan juga berjemur agar para warga binaan dapat selalu aktif dan semangat untuk selalu hidup sehat. @DinsosDKI1 https://t.co/bLMw7fSArC","1556834156084363264","https://pbs.twimg.com/media/FZr8ZG1aIAUdJMS.jpg","","in","Jl. Bina Marga No.48, Cipayung","0","0","0","https://twitter.com/psbibangundaya2/status/1556834156084363264","2800166454","psbibangundaya2"
"1556778081670819840","Mon Aug 08 23:03:12 +0000 2022","15","Selamat pagi semuanya semangat sehat tagar hari ini masih pak SB yah Monggo no wa catat #PolriPresisi lebih baik dan berkeadilan sosial bagi seluruh rakyat Indonesia. @newIding30 @Maria_Dzadina @WidzDj @_riverheaven &amp; ingat arahan pak presiden @jokowi #polrijujur https://t.co/iVlsiIWAol","1556778081670819840","https://pbs.twimg.com/ext_tw_video_thumb/1556778027182616576/pu/img/sf_4ZizB2d8zrTso.jpg","","in","","0","2","4","https://twitter.com/nadjwanur21/status/1556778081670819840","1554729491930697729","nadjwanur21"
"1556773346523713540","Mon Aug 08 22:44:23 +0000 2022","0","Senin 8 Agustus Kegiatan FKK Tatanan kehidupan sosial yang sehat dan Penanganan Bencana Acara dibuka oleh BpLurah dan Ketua FKK @ngemplaksimongan @kecsemarangbarat https://t.co/lEXZFPJnsy","1556773346523713540","","","in","Jl.Simongan No. 99A","0","0","0","https://twitter.com/kelsimongan/status/1556773346523713540","948789554810531840","kelsimongan"
"1556771595481645056","Mon Aug 08 22:37:26 +0000 2022","0","Manfaat menyontek : 1. otot mata sehat 2. kreatifitas meningkat 3. Meningkatkn sosial teman 4. Nilai bagus 5. Melatih kecepatan gerak","1556771595481645056","","","in","","0","0","0","https://twitter.com/asihpriyati1/status/1556771595481645056","2191779301","asihpriyati1"
"1556679529741299712","Mon Aug 08 16:31:36 +0000 2022","0","Sepertinya harus rehat sosial media dulu lagi deh ga sehat lama lama kaya gini","1556679529741299712","","","in","Kota Bandung, Jawa Barat","0","0","0","https://twitter.com/McMadamesia/status/1556679529741299712","62821522","McMadamesia"
"1556596183149137920","Mon Aug 08 11:00:24 +0000 2022","14","-Wang Ziyi- ️ 080822 © 王子异工作室 Weibo Pada Hari Kebugaran Nasional ke-14 di negara saya saya menerima sertifikat Duta Olahraga Kebugaran Nasional yang dikeluarkan oleh Pusat Manajemen Olahraga Sosial Kota Beijing. hidup sehat bersama Wang Ziyi selamat berolahraga! https://t.co/ihOtybZQ93","1556596183149137920","https://pbs.twimg.com/media/FZoj7asUsAI0Z3d.jpg","","in","Indonesia","1","1","4","https://twitter.com/NINES_ID/status/1556596183149137920","1461686918735794177","NINES_ID"
"1556545097629843457","Mon Aug 08 07:37:25 +0000 2022","0","Manfaat menyontek : 1. otot mata sehat 2. kreatifitas meningkat 3. Meningkatkn sosial teman 4. Nilai bagus 5. Melatih kecepatan gerak","1556545097629843457","","","in","","0","0","0","https://twitter.com/asihpriyati1/status/1556545097629843457","2191779301","asihpriyati1"
"1556520069735514118","Mon Aug 08 05:57:58 +0000 2022","0","Ni si ibuknya masih perlu dipertanyakan deh kompetensi sosial sama kepribadiannya. Kan ada tuh data siswa kan bisa dikomunikasikan sm wali murid. Hoooh makin kesini makin kesana aja deh kelakuan. Semoga adeknya sehat yaa dek tetap semangat belajarnya sayaang.","1556520069735514118","","","in","","0","1","0","https://twitter.com/mydaylsyljh/status/1556520069735514118","1489950521486360578","mydaylsyljh"
"1556475864560582656","Mon Aug 08 03:02:18 +0000 2022","3","Panjang umur dan sehat selalu buat orang orang yang mau meluangkan waktu jadi koordinator santunan dan kegiatan sosial lainnya. Lopyu kalian sak world ️","1556475864560582656","","","in","Bojonegoro 💕","0","0","0","https://twitter.com/ntulls_/status/1556475864560582656","340134318","ntulls_"
"1556442344353738753","Mon Aug 08 00:49:06 +0000 2022","0","3 Fakta Penting Tentang BPJS Kesehatan Jangan Sampai Salah ya Gaes | Video Edukasi JKN https://t.co/pfewFuqEPm Tetap sehat dan semangat! dan Terus dukung upaya edukasi publik dengan follow like comment dan share setiap konten media sosial BPJS Kesehatan ","1556442344353738753","","","in","","0","0","0","https://twitter.com/mpuspertiwi/status/1556442344353738753","188245982","mpuspertiwi"
"1556318612637757440","Sun Aug 07 16:37:26 +0000 2022","0","Manfaat menyontek : 1. otot mata sehat 2. kreatifitas meningkat 3. Meningkatkn sosial teman 4. Nilai bagus 5. Melatih kecepatan gerak","1556318612637757440","","","in","","0","0","0","https://twitter.com/asihpriyati1/status/1556318612637757440","2191779301","asihpriyati1"
"1556287208877080576","Sun Aug 07 14:32:39 +0000 2022","0","Emang paling bener gausah punya sosial media. Aman tentram sehat lahir batin.","1556287208877080576","","","in","","0","0","0","https://twitter.com/Arah_angin1/status/1556287208877080576","1412824932556316676","Arah_angin1"
"1556242322056044544","Sun Aug 07 11:34:17 +0000 2022","0","Kopka Isdi P Babinsa Desa Jaten anggota Koramil 04/Jaten Melaksanakan komunikasi sosial dengan mitra karib Bpk Yamto membahas soal keamanan dan ketertiban khusunya di wilayah dsn Getas sekaligus memberikan himbauan kepada agar senantiasa menjaga pola hidup sehat. https://t.co/ANf1Sy2y5H","1556242322056044544","https://pbs.twimg.com/media/FZjiI6EVsAAc-hG.jpg","","in","Jaten, Karanganyar","0","0","0","https://twitter.com/KoramilJaten/status/1556242322056044544","1328934093237743619","KoramilJaten"
"1556242259342897152","Sun Aug 07 11:34:02 +0000 2022","0","Kopka Isdi P Babinsa Desa Jaten anggota Koramil 04/Jaten Melaksanakan komunikasi sosial dengan mitra karib Bpk Yamto membahas soal keamanan dan ketertiban khusunya di wilayah dsn Getas sekaligus memberikan himbauan kepada agar senantiasa menjaga pola hidup sehat. https://t.co/ynDpADsWVD","1556242259342897152","https://pbs.twimg.com/media/FZjiE0vUcAEbAJM.jpg","","in","Jaten, Karanganyar","0","0","0","https://twitter.com/KoramilJaten/status/1556242259342897152","1328934093237743619","KoramilJaten"
"1556205384196534274","Sun Aug 07 09:07:31 +0000 2022","0","Manfaat menyontek : 1. otot mata sehat 2. kreatifitas meningkat 3. Meningkatkn sosial teman 4. Nilai bagus 5. Melatih kecepatan gerak","1556205384196534274","","","in","","0","0","0","https://twitter.com/asihpriyati1/status/1556205384196534274","2191779301","asihpriyati1"
"1556092112751452162","Sun Aug 07 01:37:25 +0000 2022","0","Manfaat menyontek : 1. otot mata sehat 2. kreatifitas meningkat 3. Meningkatkn sosial teman 4. Nilai bagus 5. Melatih kecepatan gerak","1556092112751452162","","","in","","0","0","0","https://twitter.com/asihpriyati1/status/1556092112751452162","2191779301","asihpriyati1"
"1555879823175589888","Sat Aug 06 11:33:51 +0000 2022","0","Pelayanan Polri Yang Humanis #WujudRasaAmanTertib Saat ini Polri dengan kata lain membawa misi besar pengarusutamaan (mainstream) hak asasi manusia dalam bentuk pelayanannya kepada masyarakat secara humanis secara menyeluruh tanpa membedakan status sosial dll kepada siapapun https://t.co/6V1b5Vsvys","1555879823175589888","https://pbs.twimg.com/media/FZeYcz8aUAI8y_g.jpg","","in","","0","0","0","https://twitter.com/sabahat_sehat/status/1555879823175589888","1520945743845937152","sabahat_sehat"
"1555865628892086272","Sat Aug 06 10:37:27 +0000 2022","0","Manfaat menyontek : 1. otot mata sehat 2. kreatifitas meningkat 3. Meningkatkn sosial teman 4. Nilai bagus 5. Melatih kecepatan gerak","1555865628892086272","","","in","","0","0","0","https://twitter.com/asihpriyati1/status/1555865628892086272","2191779301","asihpriyati1"
"1555841946291417088","Sat Aug 06 09:03:20 +0000 2022","0","Sesibuknya kamu se malesnya kamu dengan sosial media jangan lupa bikin story semoga kita semua dikasih panjang umur dan kesehatan sehat wal afiat untuk istiqamah beribadah.","1555841946291417088","","","in","福岡 うきは市","0","0","0","https://twitter.com/inumakitunamay0/status/1555841946291417088","1176063481709133824","inumakitunamay0"
"1555648025111851008","Fri Aug 05 20:12:46 +0000 2022","0","Berada pada lingkungan yang tak sehat lingkungan dengan banyaknya penyimpangan sosial kamu mungkin bisa menghasilkan setumpuk uang namun kawatirlah akan kesehatan mental profesor mu.","1555648025111851008","","","in","","0","1","0","https://twitter.com/Filiuslocunkw/status/1555648025111851008","1538224696311050240","Filiuslocunkw"
"1555639129626402816","Fri Aug 05 19:37:25 +0000 2022","0","Manfaat menyontek : 1. otot mata sehat 2. kreatifitas meningkat 3. Meningkatkn sosial teman 4. Nilai bagus 5. Melatih kecepatan gerak","1555639129626402816","","","in","","0","0","0","https://twitter.com/asihpriyati1/status/1555639129626402816","2191779301","asihpriyati1"
"1555568663402807296","Fri Aug 05 14:57:25 +0000 2022","0","Pelatihan bermain media sosial yang cermat &amp; sehat untuk Anak-anak dari SD Inpres 22 Maluku SD Moria Sorong SMPN 2 Ternate SMA Hikmah Yapis Jayapura Senin (1/8/2022). @PlateJohnny @kemkominfo https://t.co/VKe5egCRCe","1555568663402807296","https://pbs.twimg.com/media/FZZ9dGkaUAEheBu.jpg","","in","DKI Jakarta, Indonesia","0","0","0","https://twitter.com/sonyavz_/status/1555568663402807296","2502835254","sonyavz_"
"1555566922598879232","Fri Aug 05 14:50:30 +0000 2022","1","Pemuda pemuda perencana suatu kegiatan sosial Sehat selalu cah https://t.co/BImzmDC2J5","1555566922598879232","https://pbs.twimg.com/media/FZZ73OkakAAC9pZ.jpg","","in","Nganjuk, Indonesia","0","0","0","https://twitter.com/MHMDNVIAN/status/1555566922598879232","1055293706838847488","MHMDNVIAN"
"1555560368042561536","Fri Aug 05 14:24:27 +0000 2022","1","Kominfo memberikan pelatihan bermain media sosial yang cermat dan sehat untuk Anak-anak Maluku &amp; Papua @PlateJohnny @kemkominfo https://t.co/LwbeubGxa5","1555560368042561536","https://pbs.twimg.com/media/FZZ159HaMAAK18-.jpg","","in","Kota Tangerang, Banten","0","0","0","https://twitter.com/sydneyzw/status/1555560368042561536","2352745627","sydneyzw"
"1555525406136352768","Fri Aug 05 12:05:31 +0000 2022","1","Demi mewujudkan generasi muda yang #MakinCakapDigital Kementerian @kemkominfo memberikan pelatihan bermain media sosial yang cermat dan sehat untuk Anak-anak dari SD Inpres 22 Maluku SD Moria Sorong SMPN 2 Ternate SMA Hikmah Yapis Jayapura Senin (1/8/2022). @PlateJohnny https://t.co/mkAdE5g0NF","1555525406136352768","https://pbs.twimg.com/media/FZZWG8-acAA55uD.jpg","","in","","0","0","1","https://twitter.com/DS_yantie/status/1555525406136352768","1374686160748830724","DS_yantie"
"1555478141820235776","Fri Aug 05 08:57:43 +0000 2022","0","Pembangunan Rumah Sehat 76 KK Korban Banjir Sentani Sudah 90 Persen Rumah Sehat Bisa Diresmikan Tepat Di Momen Hari Kemerdekaan Indonesia Menteri Sosial Tri Rismaharini mengatakan perkembangan pembangunan rumah. #PDIPerjuangan #bangunlahjiwadanbadannya #49TahunPDIPerjuangan https://t.co/ifSkMDoHNf","1555478141820235776","https://pbs.twimg.com/media/FZYrID7VEAYO77X.jpg","","in","Bekasi, Jawa Barat","0","0","0","https://twitter.com/AhmadLauhil/status/1555478141820235776","1534581002835636224","AhmadLauhil"
"1555412641212166144","Fri Aug 05 04:37:26 +0000 2022","0","Manfaat menyontek : 1. otot mata sehat 2. kreatifitas meningkat 3. Meningkatkn sosial teman 4. Nilai bagus 5. Melatih kecepatan gerak","1555412641212166144","","","in","","0","0","0","https://twitter.com/asihpriyati1/status/1555412641212166144","2191779301","asihpriyati1"
"1555373272681684992","Fri Aug 05 02:01:00 +0000 2022","0","Wah selamat hari polwan yaaa semua ibu ibu polwan. semoga kalian selalu sehat dan profesional dalam menjalankan tugas. Btw suka bgt sama peringatan hari jadi yg diisi kegiatan sosial kaya gini #BersamaWujudkanKepedulian Berbagi Untuk Kebahagiaan https://t.co/sRVcoaczZ9","1555373272681684992","https://pbs.twimg.com/media/FZXH45RVQAEAJ5p.jpg","","in","","0","0","0","https://twitter.com/Kintani_kim/status/1555373272681684992","1463561545695186950","Kintani_kim"
"1555299407939059712","Thu Aug 04 21:07:29 +0000 2022","0","Manfaat menyontek : 1. otot mata sehat 2. kreatifitas meningkat 3. Meningkatkn sosial teman 4. Nilai bagus 5. Melatih kecepatan gerak","1555299407939059712","","","in","","0","0","0","https://twitter.com/asihpriyati1/status/1555299407939059712","2191779301","asihpriyati1"
"1555172655040704512","Thu Aug 04 12:43:49 +0000 2022","1","Kominfo Gelar Pelatihan Bermain Media Sosial yang Cermat dan Sehat bagi Anak-anak Maluku dan Papua Demi mewujudkan generasi muda yang #MakinCakapDigital @kemkominfo memberikan pelatihan bermain media sosial yang cermat dan sehat untuk Anak-anak https://t.co/pznEy7eHxr","1555172655040704512","https://pbs.twimg.com/media/FZUVSWUaMAAsFEr.jpg","","in","","0","1","0","https://twitter.com/aankjalaludin/status/1555172655040704512","1378243426676731905","aankjalaludin"
"1555144940014825478","Thu Aug 04 10:53:41 +0000 2022","0","Mau kuenya enak sehat berkualitas tapi nawarnya ga ngotak Mon maap bu kami jualan bukan bakti sosial","1555144940014825478","","","in","","0","0","0","https://twitter.com/monbebeaja/status/1555144940014825478","1131245190826455040","monbebeaja"
"1555138391947489280","Thu Aug 04 10:27:40 +0000 2022","1","Kalo sedari dini telah di ajarkan bagaimana cara bermedia sosial yg sehat dan bijak ke depan akan muncul para generasi yg bijak dan santun dalam bermedia sosial. @kemkominfo @PlateJohnny https://t.co/ipVEK9XAD7","1555138391947489280","https://pbs.twimg.com/media/FZT2BPPacAA7UYQ.jpg","","in","Sematang Borang, Indonesia","0","0","0","https://twitter.com/KimHui_/status/1555138391947489280","1442246515649433603","KimHui_"
"1555137520622800896","Thu Aug 04 10:24:12 +0000 2022","1","Mantap. Kominfo gelar pelatihan bermain media sosial yg cermat dan sehat bagi anak2 dan maluku dan Papua. @kemkominfo @PlateJohnny https://t.co/y6Nt5JbzUW","1555137520622800896","https://pbs.twimg.com/media/FZT1Q-baAAIW2HG.jpg","","in","Sumatera Utara, Indonesia","0","0","0","https://twitter.com/arinuzula/status/1555137520622800896","1371566356093489152","arinuzula"
"1555128052870684672","Thu Aug 04 09:46:35 +0000 2022","0","Demi mewujudkan generasi muda yang #MakinCakapDigital Kementerian Kominfo memberikan pelatihan bermain media sosial yang cermat dan sehat untuk Anak-anak dari SD Inpres 22 Maluku SD Moria Sorong SMPN 2 Ternate SMA Hikmah Yapis Jayapura. @PlateJohnny @kemkominfo","1555128052870684672","","","in","Kota Pekalongan, Jawa Tengah","0","0","0","https://twitter.com/Marbot_Udien/status/1555128052870684672","3827798354","Marbot_Udien"
"1555121245687095303","Thu Aug 04 09:19:32 +0000 2022","1"," Rumah Sehat untuk Jakarta hadir memberi pesan kuat sekaligus ikhtiar besar untuk menghadirkan kesejahteraan sosial untuk semua masyarakat. Dengan penjenamaan Rumah Sehat untuk Jakarta harapannya dapat mengubah pola pikir masyarakat agar tidak hanya be https://t.co/nORQIZwB27 https://t.co/lx77hSO4d8","1555121245687095303","https://pbs.twimg.com/media/FZTmiEKWYAEbUHJ.jpg","","in","DKI Jakarta, Indonesia","0","1","0","https://twitter.com/dinkesJKT/status/1555121245687095303","942558493604638720","dinkesJKT"
"1555117046752432128","Thu Aug 04 09:02:51 +0000 2022","1","Demi mewujudkan generasi muda yang #MakinCakapDigital @kemkominfo memberikan pelatihan bermain media sosial yang cermat dan sehat untuk Anak-anak dari SD Inpres 22 Maluku SD Moria Sorong SMPN 2 Ternate SMA Hikmah Yapis Jayapura Senin (1/8/2022). @kemkominfo @PlateJohnny https://t.co/noJ5EUYlA2","1555117046752432128","https://pbs.twimg.com/media/FZTitWAaUAAdSP_.jpg","","in","Central Java, Indonesia","0","0","0","https://twitter.com/Aryprasetyo85/status/1555117046752432128","435004096","Aryprasetyo85"
"1555072921264988160","Thu Aug 04 06:07:30 +0000 2022","0","Manfaat menyontek : 1. otot mata sehat 2. kreatifitas meningkat 3. Meningkatkn sosial teman 4. Nilai bagus 5. Melatih kecepatan gerak","1555072921264988160","","","in","","0","0","0","https://twitter.com/asihpriyati1/status/1555072921264988160","2191779301","asihpriyati1"
"1555053395693559808","Thu Aug 04 04:49:55 +0000 2022","73"," Rumah Sehat untuk Jakarta hadir memberi pesan kuat sekaligus ikhtiar besar untuk menghadirkan kesejahteraan sosial untuk semua masyarakat. #KotaKolaborasi #RumahSehat #DKIJakarta #RumahSehatUntukJakarta https://t.co/D4R0aMRyHI","1555053395693559808","https://pbs.twimg.com/media/FZSo0ofVQAA71SV.jpg","","in","Jakarta, Indonesia","0","13","13","https://twitter.com/DKIJakarta/status/1555053395693559808","166014938","DKIJakarta"
"1555023085354438658","Thu Aug 04 02:49:29 +0000 2022","0","siapapun anda berada di mana saja yg namanya terselip di hal. 394 buku anatomi sistem sosial tetap sehat ya! https://t.co/z7YsI3c2Px","1555023085354438658","https://pbs.twimg.com/media/FZSNP1WVUAEXANI.jpg","","in","Tohe, Indonesia","0","0","0","https://twitter.com/abdrcao/status/1555023085354438658","1380286944","abdrcao"
"1555013609931296768","Thu Aug 04 02:11:50 +0000 2022","0","Warga Binaan Sosial Lansia Potensi maupun total care PSBI Bangun Daya 2 mengikuti kegiatan senam fisik peregangan otot dan juga berjemur agar para warga binaan dapat selalu aktif dan semangat untuk selalu hidup sehat. @DinsosDKI1 https://t.co/nQ9pvZF0lg","1555013609931296768","https://pbs.twimg.com/media/FZSEn5AaUAEgVbv.jpg","","in","Jl. Bina Marga No.48, Cipayung","0","0","0","https://twitter.com/psbibangundaya2/status/1555013609931296768","2800166454","psbibangundaya2"
"1555007274808004608","Thu Aug 04 01:46:39 +0000 2022","0","Hari-hari masih begitu kelabu sedih dan terluka namun doa saya masih sama Kaswargan Jati mas Tri Fajar. Pamit undur diri dulu dari sosial media. Sehat selalu Keluarga Besar Brigata Curva Sud. No Justice No Peace!","1555007274808004608","","","in","jok legenda 2 warisan keluarga","0","0","1","https://twitter.com/ululabsrdab/status/1555007274808004608","269593518","ululabsrdab"
"1554953486730534912","Wed Aug 03 22:12:55 +0000 2022","8","Cari ibunya sampai ketemu Monggo pak @ganjarpranowo instruksi dinas sosial peran sekolah dlm membentuk akhlak @humas_wonogiri polres Wonogiri PPA anak @KPAI_official Jawa tengah. @WidzDj @Maria_Dzadina @newIding30 selamat pagi semangat sehat barokah cak @BuayaUbanan https://t.co/fsNOngomej","1554953486730534912","https://pbs.twimg.com/ext_tw_video_thumb/1554953240592400384/pu/img/WJwqC2D_ZT6WIhP-.jpg","","in","","1","1","2","https://twitter.com/nadjwanur21/status/1554953486730534912","1554729491930697729","nadjwanur21"
"1554847107399397376","Wed Aug 03 15:10:12 +0000 2022","0","Berhenti Sesaat dari Dunia Media Sosial agar Mental Lebih Sehat https://t.co/K9qHBRnLjJ","1554847107399397376","","","in","Indonesia","0","0","0","https://twitter.com/kompasiana/status/1554847107399397376","23786106","kompasiana"
"1554846423229038592","Wed Aug 03 15:07:29 +0000 2022","0","Manfaat menyontek : 1. otot mata sehat 2. kreatifitas meningkat 3. Meningkatkn sosial teman 4. Nilai bagus 5. Melatih kecepatan gerak","1554846423229038592","","","in","","0","0","0","https://twitter.com/asihpriyati1/status/1554846423229038592","2191779301","asihpriyati1"
"1554838211259539459","Wed Aug 03 14:34:51 +0000 2022","4","Terus bersihkan ruang digital dari unsur perjudian agar pengguna sosial media menggunakan ruang digital secara sehat dan bermanfaat @PlateJohnny @kemkominfo https://t.co/vHOTBA1PUF","1554838211259539459","https://pbs.twimg.com/media/FZPlHNFVUAMo9oH.jpg","","in","Banjarmasin, Indonesia","0","0","2","https://twitter.com/vita_AVP/status/1554838211259539459","1042822530279473152","vita_AVP"
"1554835464523173890","Wed Aug 03 14:23:56 +0000 2022","0","Sehat FISIK sehat MENTAL Sehat SPRITUAL dan Sehat SOSIAL Produktif secara sosial dan ekonomis (UU No.36 tahun 2009 tentang kesehatan) Selasa 3 Agustus 2022 @ Dinas Kesehatan Prov Banten.. https://t.co/0HbTRRYI2d","1554835464523173890","","","in","indonesia","0","0","0","https://twitter.com/EkaSatya10/status/1554835464523173890","825163789","EkaSatya10"
"1554789471488339968","Wed Aug 03 11:21:11 +0000 2022","0"," Pulau Giliyang memiliki oksigen tertinggi nomor dua di dunia sehingga kemungkinan orang bisa hidup lebih sehat dan panjang tutur Menteri Sosial Khofifah Indar P (2016). Sementara manusia diharuskan memakai masker dan menghirup kembali C02 karena minim sirkulasi (2020)","1554789471488339968","","","in","","0","0","0","https://twitter.com/Ghas_Toel/status/1554789471488339968","1127870258658721793","Ghas_Toel"
"1554709543695044608","Wed Aug 03 06:03:34 +0000 2022","0","Warga Binaan Sosial Lansia Potensi maupun total care PSBI Bangun Daya 2 mengikuti kegiatan senam fisik peregangan otot dan juga berjemur agar para warga binaan dapat selalu aktif dan semangat untuk selalu hidup sehat. @DinsosDKI1 https://t.co/SjfHphEVZf","1554709543695044608","https://pbs.twimg.com/media/FZNwEOtaMAA1akT.jpg","","in","Jl. Bina Marga No.48, Cipayung","0","0","0","https://twitter.com/psbibangundaya2/status/1554709543695044608","2800166454","psbibangundaya2"
"1554614007570477056","Tue Aug 02 23:43:57 +0000 2022","0","Sehat Otak kemampuan sosial","1554614007570477056","","","in","di jalan","0","0","0","https://twitter.com/KKAIxUP/status/1554614007570477056","926642911990579200","KKAIxUP"
"1554312708614672385","Tue Aug 02 03:46:42 +0000 2022","0","SMAN 8 YK proudly present AKSI SOSIAL PAKÇI 2022 Halo semua Aksi Sosial Pakci akan hadir sebentar lagi nih! Ada galang dana Jalan Sehat Bazar Medical Check-Up Donor Darah dan ditutup dengan Mini Konser dari NAMARA. Wa 081252484313 (fellice) #delayotaevents https://t.co/MimBtO00mO","1554312708614672385","https://pbs.twimg.com/media/FZIHK41aUAAAIlG.jpg","","in","Jogja","0","0","0","https://twitter.com/tedikusyairi/status/1554312708614672385","116186832","tedikusyairi"
"1554312578092138496","Tue Aug 02 03:46:11 +0000 2022","0","SMAN 8 YK proudly present AKSI SOSIAL PAKÇI 2022 Halo semua Aksi Sosial Pakci akan hadir sebentar lagi nih! Ada galang dana Jalan Sehat Bazar Medical Check-Up Donor Darah dan ditutup dengan Mini Konser dari NAMARA. Wa 081252484313 (fellice) #delayotaevents https://t.co/zXTGHjkls3","1554312578092138496","https://pbs.twimg.com/media/FZIHDGSaUAATwtA.jpg","","in","Pajangan, Bantul","0","0","0","https://twitter.com/SuarPemudaJogja/status/1554312578092138496","2356953470","SuarPemudaJogja"
"1554079887862169601","Mon Aug 01 12:21:33 +0000 2022","0","Sehat selalu panjang umur semoga selalu di permudah dalam segala urusan dan segala hal baik untuk manusia berhati luas berpikiran kritis dan berjiwa sosial tinggi. Yang mengerti semua orang punya penerimaan berbeda dan mental yang berbeda pula https://t.co/R6SJF3hWZ5","1554079887862169601","https://pbs.twimg.com/media/FZEza8QaQAI0CBU.jpg","","in","","0","1","0","https://twitter.com/annisafitriaini/status/1554079887862169601","1214022418756358144","annisafitriaini"
"1553940461798051841","Mon Aug 01 03:07:31 +0000 2022","0","Manfaat menyontek : 1. otot mata sehat 2. kreatifitas meningkat 3. Meningkatkn sosial teman 4. Nilai bagus 5. Melatih kecepatan gerak","1553940461798051841","","","in","","0","0","0","https://twitter.com/asihpriyati1/status/1553940461798051841","2191779301","asihpriyati1"
"1553923616042979328","Mon Aug 01 02:00:35 +0000 2022","1","Untuk #KebaikandanKebenaran Bangsa dan Negara menjadikan KeBhinekaan Tunggal Ika dalam #IndonesiaBerdaulat bersama-sama buka mata nalar akal sehat dengan #SpiritLaNyalla menuju Keadilan Sosial Bagi Seluruh Rakyat Indonesia.","1553923616042979328","","","in","SIRI'NA PESSE","0","1","2","https://twitter.com/patualanggaAsse/status/1553923616042979328","710763230445113344","patualanggaAsse"
